{"type":"FeatureCollection","features":[{"type":"Feature","geometry":{"type":"Point","coordinates":[-105.0241,42.9052]},"properties":{"api":"4900920653","name":"ARMOR FEDERAL 1H","op":null,"co":"Converse","trs":"T34N R68W S21","fm":null,"eur":88754,"perft":null,"sound":true}},{"type":"Feature","geometry":{"type":"Point","coordinates":[-104.9747,42.8385]},"properties":{"api":"4900920981","name":"LES FEDERAL 1H","op":null,"co":"Converse","trs":"T33N R68W S13","fm":null,"eur":134148,"perft":null,"sound":true}},{"type":"Feature","geometry":{"type":"Point","coordinates":[-105.227,43.0971]},"properties":{"api":"4900921284","name":"FEDERAL 1-14H","op":"MATRIX PRODUCTION COMPANY","co":"Converse","trs":"T36N R70W S14","fm":"TEAPOT","eur":137606,"perft":null,"sound":true}},{"type":"Feature","geometry":{"type":"Point","coordinates":[-105.1764,43.2166]},"properties":{"api":"4900922481","name":"MOHR 11-5H","op":null,"co":"Converse","trs":"T37N R69W S5","fm":null,"eur":175608,"perft":null,"sound":true}},{"type":"Feature","geometry":{"type":"Point","coordinates":[-105.9157,43.0764]},"properties":{"api":"4900922713","name":"SAND DUNES UNIT 33-24","op":null,"co":"Converse","trs":"T36N R76W S24","fm":null,"eur":3315375,"perft":null,"sound":true}},{"type":"Feature","geometry":{"type":"Point","coordinates":[-105.9516,43.0918]},"properties":{"api":"4900922741","name":"SAND TRAP 42-15","op":"WRC ENERGY LLC","co":"Converse","trs":"T36N R76W S15","fm":"FRONTIER","eur":2192155,"perft":null,"sound":true}},{"type":"Feature","geometry":{"type":"Point","coordinates":[-105.9258,43.0744]},"properties":{"api":"4900922763","name":"SAND DUNES UNIT 13-24","op":null,"co":"Converse","trs":"T36N R76W S24","fm":null,"eur":2535630,"perft":null,"sound":true}},{"type":"Feature","geometry":{"type":"Point","coordinates":[-105.9215,43.1101]},"properties":{"api":"4900922764","name":"SAND DUNES 21-12","op":"WRC ENERGY LLC","co":"Converse","trs":null,"fm":"FRONTIER","eur":null,"perft":null,"sound":false}},{"type":"Feature","geometry":{"type":"Point","coordinates":[-104.9009,43.2634]},"properties":{"api":"4900923003","name":"PEREGRINE 5H","op":"SUNSHINE VALLEY PETROLEUM","co":"Converse","trs":"T38N R67W S16","fm":"TURNER","eur":null,"perft":null,"sound":false}},{"type":"Feature","geometry":{"type":"Point","coordinates":[-105.917,43.2945]},"properties":{"api":"4900927900","name":"CROTALUS 3-1H","op":"SAGE BUTTE PRB OPERATING, LLC","co":"Converse","trs":"T38N R76W S1","fm":"FRONTIER","eur":null,"perft":null,"sound":false}},{"type":"Feature","geometry":{"type":"Point","coordinates":[-105.9108,43.2503]},"properties":{"api":"4900928082","name":"CROTALUS 5-19","op":"SAGE BUTTE PRB OPERATING, LLC","co":"Converse","trs":"T38N R75W S19","fm":"FRONTIER","eur":402698,"perft":null,"sound":true}},{"type":"Feature","geometry":{"type":"Point","coordinates":[-106.0262,43.4808]},"properties":{"api":"4900928128","name":"COPPERHEAD 5-32","op":"SAGE BUTTE PRB OPERATING, LLC","co":"Converse","trs":"T41N R76W S32","fm":"FRONTIER","eur":204517,"perft":null,"sound":true}},{"type":"Feature","geometry":{"type":"Point","coordinates":[-105.6018,43.2232]},"properties":{"api":"4900928130","name":"BLAYLOCK FEDERAL 13-35A","op":null,"co":"Converse","trs":"T38N R73W S34","fm":"SUSSEX","eur":null,"perft":null,"sound":false}},{"type":"Feature","geometry":{"type":"Point","coordinates":[-106.0174,43.4464]},"properties":{"api":"4900928132","name":"COPPERHEAD BORDER 4-07","op":"SAGE BUTTE PRB OPERATING, LLC","co":"Converse","trs":"T40N R76W S7","fm":"FRONTIER","eur":16488,"perft":null,"sound":true}},{"type":"Feature","geometry":{"type":"Point","coordinates":[-106.0349,43.4837]},"properties":{"api":"4900928134","name":"COPPERHEAD 9-31","op":"SAGE BUTTE PRB OPERATING, LLC","co":"Converse","trs":"T41N R76W S31","fm":null,"eur":null,"perft":null,"sound":false}},{"type":"Feature","geometry":{"type":"Point","coordinates":[-104.9414,43.0078]},"properties":{"api":"4900928163","name":"BRECKENRIDGE UNIT 43-18H","op":"1876 RESOURCES LLC","co":"Converse","trs":"T35N R67W S18","fm":"TEAPOT","eur":86075,"perft":null,"sound":true}},{"type":"Feature","geometry":{"type":"Point","coordinates":[-105.6341,43.2296]},"properties":{"api":"4900928195","name":"HR FEE 21-33H","op":"CONTINENTAL RESOURCES INC","co":"Converse","trs":"T38N R73W S33","fm":"SUSSEX","eur":205875,"perft":50287,"sound":true}},{"type":"Feature","geometry":{"type":"Point","coordinates":[-105.6085,43.2438]},"properties":{"api":"4900928203","name":"HR FEDERAL 31-27H","op":"CONTINENTAL RESOURCES INC","co":"Converse","trs":"T38N R73W S27","fm":"SUSSEX","eur":131782,"perft":34588,"sound":true}},{"type":"Feature","geometry":{"type":"Point","coordinates":[-104.9251,43.2774]},"properties":{"api":"4900928206","name":"LAKESIDE 1H","op":null,"co":"Converse","trs":"T38N R67W S8","fm":null,"eur":55187,"perft":null,"sound":true}},{"type":"Feature","geometry":{"type":"Point","coordinates":[-105.6143,43.2448]},"properties":{"api":"4900928220","name":"GH FEDERAL 24-22H","op":null,"co":"Converse","trs":"T38N R73W S22","fm":"SUSSEX","eur":null,"perft":null,"sound":false}},{"type":"Feature","geometry":{"type":"Point","coordinates":[-105.6428,43.2302]},"properties":{"api":"4900928223","name":"HR FEDERAL 44-29H","op":"CONTINENTAL RESOURCES INC","co":"Converse","trs":null,"fm":"SUSSEX","eur":270567,"perft":65735,"sound":true}},{"type":"Feature","geometry":{"type":"Point","coordinates":[-105.6253,42.9991]},"properties":{"api":"4900928224","name":"SDDU STATE 16-1H","op":"CONTINENTAL RESOURCES INC","co":"Converse","trs":"T35N R73W S16","fm":"NIOBRARA","eur":244659,"perft":55858,"sound":true}},{"type":"Feature","geometry":{"type":"Point","coordinates":[-105.6382,43.2439]},"properties":{"api":"4900928225","name":"HR FEDERAL 11-28H","op":"CONTINENTAL RESOURCES INC","co":"Converse","trs":"T38N R73W S28","fm":"SUSSEX","eur":243551,"perft":null,"sound":true}},{"type":"Feature","geometry":{"type":"Point","coordinates":[-105.6179,43.2009]},"properties":{"api":"4900928231","name":"BR FEDERAL 11-10H","op":"CONTINENTAL RESOURCES INC","co":"Converse","trs":"T37N R73W S10","fm":"SUSSEX","eur":null,"perft":null,"sound":false}},{"type":"Feature","geometry":{"type":"Point","coordinates":[-105.6229,43.2009]},"properties":{"api":"4900928232","name":"BR FEDERAL 44-4H","op":"CONTINENTAL RESOURCES INC","co":"Converse","trs":"T37N R73W S4","fm":null,"eur":397350,"perft":null,"sound":true}},{"type":"Feature","geometry":{"type":"Point","coordinates":[-105.5628,43.1439]},"properties":{"api":"4900928233","name":"DCR FEE 44-25H","op":"CONTINENTAL RESOURCES INC","co":"Converse","trs":"T37N R73W S25","fm":"SUSSEX","eur":412694,"perft":96695,"sound":true}},{"type":"Feature","geometry":{"type":"Point","coordinates":[-105.805,43.3874]},"properties":{"api":"4900928237","name":"SHL FEDERAL 31-1H","op":null,"co":"Converse","trs":"T39N R75W S1","fm":"SUSSEX","eur":321558,"perft":74625,"sound":true}},{"type":"Feature","geometry":{"type":"Point","coordinates":[-105.7198,43.1842]},"properties":{"api":"4900928240","name":"URSA MINOR 400D 15-15H","op":null,"co":"Converse","trs":null,"fm":null,"eur":307732,"perft":58482,"sound":true}},{"type":"Feature","geometry":{"type":"Point","coordinates":[-105.6439,43.245]},"properties":{"api":"4900928243","name":"HR FEDERAL 44-20H","op":"CONTINENTAL RESOURCES INC","co":"Converse","trs":"T38N R73W S20","fm":"SUSSEX","eur":279832,"perft":66342,"sound":true}},{"type":"Feature","geometry":{"type":"Point","coordinates":[-105.6225,43.245]},"properties":{"api":"4900928244","name":"GH FEDERAL 44-21H","op":"CONTINENTAL RESOURCES INC","co":"Converse","trs":"T38N R73W S21","fm":"SUSSEX","eur":204788,"perft":48957,"sound":true}},{"type":"Feature","geometry":{"type":"Point","coordinates":[-105.5638,43.1714]},"properties":{"api":"4900928245","name":"WM FEDERAL 41-24 37-73H","op":"CONTINENTAL RESOURCES INC","co":"Converse","trs":"T37N R73W S24","fm":"SUSSEX","eur":136421,"perft":35342,"sound":true}},{"type":"Feature","geometry":{"type":"Point","coordinates":[-105.6191,43.1857]},"properties":{"api":"4900928247","name":"DCR STATE 11-15H","op":"CONTINENTAL RESOURCES INC","co":"Converse","trs":null,"fm":"SUSSEX","eur":324356,"perft":77338,"sound":true}},{"type":"Feature","geometry":{"type":"Point","coordinates":[-105.6081,43.0018]},"properties":{"api":"4900928248","name":"SPILLMAN DRAW UNIT 35-73 15-1H","op":"CONTINENTAL RESOURCES INC","co":"Converse","trs":"T35N R73W S15","fm":"NIOBRARA","eur":98623,"perft":23753,"sound":true}},{"type":"Feature","geometry":{"type":"Point","coordinates":[-105.606,43.1581]},"properties":{"api":"4900928256","name":"DCR STATE 34-22H","op":"CONTINENTAL RESOURCES INC","co":"Converse","trs":"T37N R73W S22","fm":"SUSSEX","eur":349526,"perft":null,"sound":true}},{"type":"Feature","geometry":{"type":"Point","coordinates":[-105.6426,43.0058]},"properties":{"api":"4900928257","name":"SPILLMAN DRAW UNIT 35-73 17-1H","op":"CONTINENTAL RESOURCES INC","co":"Converse","trs":"T35N R73W S17","fm":"NIOBRARA","eur":80851,"perft":20077,"sound":true}},{"type":"Feature","geometry":{"type":"Point","coordinates":[-105.6281,43.2003]},"properties":{"api":"4900928258","name":"BR FEDERAL 31-9H","op":"CONTINENTAL RESOURCES INC","co":"Converse","trs":"T37N R73W S9","fm":"SUSSEX","eur":316485,"perft":null,"sound":true}},{"type":"Feature","geometry":{"type":"Point","coordinates":[-105.6459,43.2008]},"properties":{"api":"4900928268","name":"HR FEDERAL 34-5H","op":"CONTINENTAL RESOURCES INC","co":"Converse","trs":"T37N R73W S5","fm":"SUSSEX","eur":217123,"perft":null,"sound":true}},{"type":"Feature","geometry":{"type":"Point","coordinates":[-105.6491,43.2294]},"properties":{"api":"4900928269","name":"HR FEDERAL 31-32H","op":"CONTINENTAL RESOURCES INC","co":"Converse","trs":"T38N R73W S32","fm":"SUSSEX","eur":223819,"perft":null,"sound":true}},{"type":"Feature","geometry":{"type":"Point","coordinates":[-105.596,43.2449]},"properties":{"api":"4900928270","name":"GH FEDERAL 21-26H","op":"CONTINENTAL RESOURCES INC","co":"Converse","trs":"T38N R73W S23","fm":"SUSSEX","eur":null,"perft":null,"sound":false}},{"type":"Feature","geometry":{"type":"Point","coordinates":[-105.4584,42.8382]},"properties":{"api":"4900928272","name":"WAGONHOUND 33-72 14-1H","op":"CONTINENTAL RESOURCES INC","co":"Converse","trs":"T33N R72W S14","fm":"NIOBRARA","eur":40620,"perft":null,"sound":true}},{"type":"Feature","geometry":{"type":"Point","coordinates":[-105.6205,42.9508]},"properties":{"api":"4900928283","name":"GILBERT DITCH UNIT 34-73 4-2H","op":"1876 RESOURCES LLC","co":"Converse","trs":"T34N R73W S4","fm":"NIOBRARA","eur":213523,"perft":35334,"sound":true}},{"type":"Feature","geometry":{"type":"Point","coordinates":[-105.2676,43.0445]},"properties":{"api":"4900928287","name":"IRENE RANCH 33-1H","op":"MATRIX PRODUCTION COMPANY","co":"Converse","trs":"T36N R70W S33","fm":"PARKMAN","eur":null,"perft":null,"sound":false}},{"type":"Feature","geometry":{"type":"Point","coordinates":[-105.3543,43.0886]},"properties":{"api":"4900928288","name":"JOHNSON 1-14H","op":"ANADARKO E&P ONSHORE LLC","co":"Converse","trs":"T36N R71W S14","fm":"PARKMAN","eur":null,"perft":null,"sound":false}},{"type":"Feature","geometry":{"type":"Point","coordinates":[-105.2954,43.0499]},"properties":{"api":"4900928289","name":"IRENE RANCH 1-32H","op":"ANADARKO E&P ONSHORE LLC","co":"Converse","trs":"T36N R70W S32","fm":"PARKMAN","eur":null,"perft":null,"sound":false}},{"type":"Feature","geometry":{"type":"Point","coordinates":[-105.3336,43.0894]},"properties":{"api":"4900928297","name":"JOHNSON 13-1H","op":"MATRIX PRODUCTION COMPANY","co":"Converse","trs":"T36N R71W S13","fm":"NIOBRARA, NORTH SCOTT","eur":null,"perft":null,"sound":false}},{"type":"Feature","geometry":{"type":"Point","coordinates":[-105.3281,42.797]},"properties":{"api":"4900928299","name":"SIMS 33-71 25-1H","op":"CONTINENTAL RESOURCES INC","co":"Converse","trs":"T33N R71W S25","fm":"NIOBRARA","eur":161020,"perft":58510,"sound":true}},{"type":"Feature","geometry":{"type":"Point","coordinates":[-105.5798,43.2291]},"properties":{"api":"4900928304","name":"BRUSHY CREEK STATE 11-36 38-73H","op":"CONTINENTAL RESOURCES INC","co":"Converse","trs":null,"fm":"SUSSEX","eur":null,"perft":null,"sound":false}},{"type":"Feature","geometry":{"type":"Point","coordinates":[-105.8017,43.3882]},"properties":{"api":"4900928306","name":"MOORE STATE 44-36H","op":"CONTINENTAL RESOURCES INC","co":"Converse","trs":"T40N R75W S36","fm":"SUSSEX","eur":233714,"perft":null,"sound":true}},{"type":"Feature","geometry":{"type":"Point","coordinates":[-105.5644,43.202]},"properties":{"api":"4900928308","name":"BRUSHY CREEK FEE 44-1H 37-73","op":"CONTINENTAL RESOURCES INC","co":"Converse","trs":"T37N R73W S1","fm":"SUSSEX","eur":null,"perft":null,"sound":false}},{"type":"Feature","geometry":{"type":"Point","coordinates":[-105.631,43.1856]},"properties":{"api":"4900928309","name":"DCR STATE 21-16H","op":"CONTINENTAL RESOURCES INC","co":"Converse","trs":null,"fm":"SUSSEX","eur":188667,"perft":44602,"sound":true}},{"type":"Feature","geometry":{"type":"Point","coordinates":[-105.6305,43.1709]},"properties":{"api":"4900928310","name":"DCR STATE 21-21H","op":"CONTINENTAL RESOURCES INC","co":"Converse","trs":"T37N R73W S21","fm":"SUSSEX","eur":null,"perft":null,"sound":false}},{"type":"Feature","geometry":{"type":"Point","coordinates":[-105.3575,42.7967]},"properties":{"api":"4900928312","name":"IDARADO 33-71 27-1H","op":"CONTINENTAL RESOURCES INC","co":"Converse","trs":"T33N R71W S27","fm":"NIOBRARA","eur":160243,"perft":44352,"sound":true}},{"type":"Feature","geometry":{"type":"Point","coordinates":[-105.6582,43.1706]},"properties":{"api":"4900928313","name":"HORNBUCKLE FEE 11-20 37-73H","op":"CONTINENTAL RESOURCES INC","co":"Converse","trs":"T37N R73W S20","fm":"SUSSEX","eur":310075,"perft":null,"sound":true}},{"type":"Feature","geometry":{"type":"Point","coordinates":[-105.636,43.1442]},"properties":{"api":"4900928315","name":"DUCK CREEK STATE 14-28 37-73H","op":"CONTINENTAL RESOURCES INC","co":"Converse","trs":"T37N R73W S28","fm":"SUSSEX","eur":111403,"perft":null,"sound":true}},{"type":"Feature","geometry":{"type":"Point","coordinates":[-105.5672,43.1433]},"properties":{"api":"4900928316","name":"DUCK CREEK STATE 31-36 37-73H","op":"CONTINENTAL RESOURCES INC","co":"Converse","trs":"T37N R73W S36","fm":"SUSSEX","eur":null,"perft":null,"sound":false}},{"type":"Feature","geometry":{"type":"Point","coordinates":[-105.6725,43.258]},"properties":{"api":"4900928321","name":"RUSSELL FEE 21-19H","op":"CONTINENTAL RESOURCES INC","co":"Converse","trs":"T38N R73W S19","fm":"SUSSEX","eur":131570,"perft":30598,"sound":true}},{"type":"Feature","geometry":{"type":"Point","coordinates":[-105.5953,43.1426]},"properties":{"api":"4900928322","name":"DUCK CREEK STATE 11-35H","op":"CONTINENTAL RESOURCES INC","co":"Converse","trs":"T37N R73W S35","fm":"SUSSEX","eur":null,"perft":null,"sound":false}},{"type":"Feature","geometry":{"type":"Point","coordinates":[-105.3464,42.7966]},"properties":{"api":"4900928323","name":"SIMS 33-71 26-1H","op":"CONTINENTAL RESOURCES INC","co":"Converse","trs":"T33N R71W S26","fm":"NIOBRARA","eur":245577,"perft":70731,"sound":true}},{"type":"Feature","geometry":{"type":"Point","coordinates":[-105.6839,43.3168]},"properties":{"api":"4900928325","name":"GH FEDERAL 44-25H","op":"CONTINENTAL RESOURCES INC","co":"Converse","trs":"T39N R74W S25","fm":"SUSSEX","eur":269806,"perft":null,"sound":true}},{"type":"Feature","geometry":{"type":"Point","coordinates":[-105.5958,43.2449]},"properties":{"api":"4900928326","name":"HARDY FED 24-23 38-73H","op":"CONTINENTAL RESOURCES INC","co":"Converse","trs":"T38N R73W S23","fm":"SUSSEX","eur":193186,"perft":null,"sound":true}},{"type":"Feature","geometry":{"type":"Point","coordinates":[-105.5426,43.3631]},"properties":{"api":"4900928332","name":"DILTS 7-1H","op":"CENERGY RESOURCES LLC","co":"Converse","trs":"T39N R72W S7","fm":"NIOBRARA","eur":null,"perft":null,"sound":false}},{"type":"Feature","geometry":{"type":"Point","coordinates":[-105.4509,42.9277]},"properties":{"api":"4900928346","name":"SUNDQUIST FLATS UNIT 34-72 12-1H","op":"CONTINENTAL RESOURCES INC","co":"Converse","trs":"T34N R72W S12","fm":"NIOBRARA","eur":156699,"perft":28816,"sound":true}},{"type":"Feature","geometry":{"type":"Point","coordinates":[-105.4972,42.9118]},"properties":{"api":"4900928347","name":"SUNDQUIST FLATS UNIT 34-72 16-1H","op":"CONTINENTAL RESOURCES INC","co":"Converse","trs":"T34N R72W S16","fm":"NIOBRARA","eur":128279,"perft":26564,"sound":true}},{"type":"Feature","geometry":{"type":"Point","coordinates":[-105.5928,42.9244]},"properties":{"api":"4900928354","name":"GILBERT DITCH UNIT 34-73 14-1H","op":"1876 RESOURCES LLC","co":"Converse","trs":"T34N R73W S14","fm":"NIOBRARA","eur":null,"perft":null,"sound":false}},{"type":"Feature","geometry":{"type":"Point","coordinates":[-105.0678,42.7696]},"properties":{"api":"4900928408","name":"SHAWNEE FEE 3268-7-24H","op":"KERR-MCGEE OIL & GAS ONSHORE LP","co":"Converse","trs":"T32N R68W S7","fm":"NIOBRARA","eur":39630,"perft":13760,"sound":true}},{"type":"Feature","geometry":{"type":"Point","coordinates":[-105.5728,43.0519]},"properties":{"api":"4900928409","name":"SPILLMAN DRAW UNIT 36-73 36-1H","op":"CONTINENTAL RESOURCES INC","co":"Converse","trs":"T36N R73W S36","fm":"NIOBRARA","eur":112859,"perft":18115,"sound":true}},{"type":"Feature","geometry":{"type":"Point","coordinates":[-105.5989,43.0134]},"properties":{"api":"4900928411","name":"SPILLMAN DRAW UNIT 35-73 10-1H","op":"CONTINENTAL RESOURCES INC","co":"Converse","trs":"T35N R73W S10","fm":"NIOBRARA","eur":167160,"perft":34017,"sound":true}},{"type":"Feature","geometry":{"type":"Point","coordinates":[-105.386,42.8095]},"properties":{"api":"4900928412","name":"SIMS 33-71 28-1H","op":"CONTINENTAL RESOURCES INC","co":"Converse","trs":"T33N R71W S28","fm":"NIOBRARA","eur":134268,"perft":37442,"sound":true}},{"type":"Feature","geometry":{"type":"Point","coordinates":[-105.961,43.413]},"properties":{"api":"4900928416","name":"DISCOVERY 1-35NH","op":"SAGE BUTTE PRB OPERATING, LLC","co":"Converse","trs":"T40N R76W S35","fm":"NIOBRARA","eur":null,"perft":null,"sound":false}},{"type":"Feature","geometry":{"type":"Point","coordinates":[-105.7238,43.1869]},"properties":{"api":"4900928417","name":"DORADO 440 10-3H","op":"CONTINENTAL RESOURCES INC","co":"Converse","trs":"T37N R74W S10","fm":"FRONTIER","eur":771098,"perft":88724,"sound":true}},{"type":"Feature","geometry":{"type":"Point","coordinates":[-105.1697,42.9256]},"properties":{"api":"4900928420","name":"FEDERAL 34-69 17-1H","op":"CONTINENTAL RESOURCES INC","co":"Converse","trs":"T34N R69W S17","fm":"NIOBRARA","eur":163895,"perft":30773,"sound":true}},{"type":"Feature","geometry":{"type":"Point","coordinates":[-105.7917,43.1288]},"properties":{"api":"4900928421","name":"SCORPIO 419 31-30H","op":"CONTINENTAL RESOURCES INC","co":"Converse","trs":"T37N R74W S31","fm":"FRONTIER","eur":404826,"perft":49733,"sound":true}},{"type":"Feature","geometry":{"type":"Point","coordinates":[-105.7632,43.1288]},"properties":{"api":"4900928422","name":"TAURUS 440 32-29H","op":"CONTINENTAL RESOURCES INC","co":"Converse","trs":"T37N R74W S32","fm":"FRONTIER","eur":318780,"perft":36624,"sound":true}},{"type":"Feature","geometry":{"type":"Point","coordinates":[-105.0678,42.7696]},"properties":{"api":"4900928425","name":"SHAWNEE FEE 3268-6-21H","op":"KERR-MCGEE OIL & GAS ONSHORE LP","co":"Converse","trs":"T32N R68W S6","fm":"SUSSEX","eur":null,"perft":null,"sound":false}},{"type":"Feature","geometry":{"type":"Point","coordinates":[-105.1663,42.8641]},"properties":{"api":"4900928429","name":"YORK RANCH UNIT 33-69 5-1H","op":"CONTINENTAL RESOURCES INC","co":"Converse","trs":"T33N R69W S5","fm":"NIOBRARA","eur":null,"perft":null,"sound":false}},{"type":"Feature","geometry":{"type":"Point","coordinates":[-105.2612,42.9419]},"properties":{"api":"4900928433","name":"ROBINSON RANCH 4-34-70 1H","op":"CONTINENTAL RESOURCES INC","co":"Converse","trs":"T34N R70W S4","fm":"NIOBRARA","eur":131393,"perft":37876,"sound":true}},{"type":"Feature","geometry":{"type":"Point","coordinates":[-105.673,43.2302]},"properties":{"api":"4900928435","name":"BUFFUM FEDERAL 24-30 38-73H","op":"CONTINENTAL RESOURCES INC","co":"Converse","trs":"T38N R73W S30","fm":"SUSSEX","eur":189766,"perft":48658,"sound":true}},{"type":"Feature","geometry":{"type":"Point","coordinates":[-105.179,42.8234]},"properties":{"api":"4900928438","name":"YORK RANCH UNIT 33-69 19-1H","op":"CONTINENTAL RESOURCES INC","co":"Converse","trs":"T33N R69W S19","fm":"NIOBRARA","eur":291662,"perft":56988,"sound":true}},{"type":"Feature","geometry":{"type":"Point","coordinates":[-105.4432,42.8663]},"properties":{"api":"4900928447","name":"NORTHWEST FETTER U 33-72 1-2H","op":"CONTINENTAL RESOURCES INC","co":"Converse","trs":"T33N R72W S1","fm":"NIOBRARA","eur":144028,"perft":25009,"sound":true}},{"type":"Feature","geometry":{"type":"Point","coordinates":[-105.4447,43.277]},"properties":{"api":"4900928449","name":"COTTONWOOD DRAW UNIT 38-72 12-1H","op":"DEVON ENERGY PRODUCTION COMPANY LP","co":"Converse","trs":"T38N R72W S12","fm":"NIOBRARA","eur":null,"perft":null,"sound":false}},{"type":"Feature","geometry":{"type":"Point","coordinates":[-105.4091,42.9831]},"properties":{"api":"4900928464","name":"BOX CREEK 29-35-71 1H","op":"CONTINENTAL RESOURCES INC","co":"Converse","trs":"T35N R71W S29","fm":"NIOBRARA","eur":118367,"perft":32770,"sound":true}},{"type":"Feature","geometry":{"type":"Point","coordinates":[-105.6161,43.2603]},"properties":{"api":"4900928465","name":"HARDY FED 24-15 38-73H","op":"CONTINENTAL RESOURCES INC","co":"Converse","trs":"T38N R73W S15","fm":"SUSSEX","eur":79613,"perft":19074,"sound":true}},{"type":"Feature","geometry":{"type":"Point","coordinates":[-105.4269,42.9832]},"properties":{"api":"4900928471","name":"BOX CREEK 30-35-71 A 1H","op":"CONTINENTAL RESOURCES INC","co":"Converse","trs":"T35N R71W S30","fm":"NIOBRARA","eur":165940,"perft":48677,"sound":true}},{"type":"Feature","geometry":{"type":"Point","coordinates":[-105.6304,43.1709]},"properties":{"api":"4900928473","name":"DUCK CREEK STATE 24-21 37-73BH","op":"CONTINENTAL RESOURCES INC","co":"Converse","trs":"T37N R73W S21","fm":"SUSSEX","eur":128351,"perft":null,"sound":true}},{"type":"Feature","geometry":{"type":"Point","coordinates":[-105.6311,43.1857]},"properties":{"api":"4900928476","name":"DUCK CREEK STATE 24-16 37-73BH","op":"CONTINENTAL RESOURCES INC","co":"Converse","trs":"T37N R73W S16","fm":"SUSSEX","eur":200287,"perft":null,"sound":true}},{"type":"Feature","geometry":{"type":"Point","coordinates":[-105.6438,43.2598]},"properties":{"api":"4900928477","name":"MANNING FED 41-0817 38-73BH","op":"CONTINENTAL RESOURCES INC","co":"Converse","trs":"T38N R73W S17","fm":"SUSSEX","eur":592573,"perft":102895,"sound":true}},{"type":"Feature","geometry":{"type":"Point","coordinates":[-105.6727,43.2015]},"properties":{"api":"4900928483","name":"HENRY FED 24-6 37-73H","op":"CONTINENTAL RESOURCES INC","co":"Converse","trs":"T37N R73W S6","fm":"SUSSEX","eur":null,"perft":null,"sound":false}},{"type":"Feature","geometry":{"type":"Point","coordinates":[-105.9349,43.4739]},"properties":{"api":"4900928485","name":"MOONLIGHT STATE 1-36H","op":"SAGE BUTTE PRB OPERATING, LLC","co":"Converse","trs":"T41N R76W S36","fm":"NIOBRARA","eur":null,"perft":null,"sound":false}},{"type":"Feature","geometry":{"type":"Point","coordinates":[-105.6233,43.1443]},"properties":{"api":"4900928488","name":"DUCK CREEK STATE 44-28 37-73H","op":"CONTINENTAL RESOURCES INC","co":"Converse","trs":"T37N R73W S28","fm":"SUSSEX","eur":null,"perft":null,"sound":false}},{"type":"Feature","geometry":{"type":"Point","coordinates":[-105.6398,43.2298]},"properties":{"api":"4900928489","name":"HORNBUCKLE FEE 11-33 38-73H","op":"CONTINENTAL RESOURCES INC","co":"Converse","trs":"T38N R73W S33","fm":"SUSSEX","eur":173731,"perft":null,"sound":true}},{"type":"Feature","geometry":{"type":"Point","coordinates":[-105.2729,42.7657]},"properties":{"api":"4900928490","name":"SMITH CREEK UNIT 32-70 8-2H","op":"CONTINENTAL RESOURCES INC","co":"Converse","trs":"T32N R70W S8","fm":"NIOBRARA","eur":80133,"perft":19825,"sound":true}},{"type":"Feature","geometry":{"type":"Point","coordinates":[-105.4573,43.3463]},"properties":{"api":"4900928493","name":"ROBBINS UNIT 39-72 24-1H","op":"DEVON ENERGY PRODUCTION COMPANY LP","co":"Converse","trs":"T39N R72W S24","fm":"NIOBRARA","eur":92124,"perft":24243,"sound":true}},{"type":"Feature","geometry":{"type":"Point","coordinates":[-105.4833,43.3341]},"properties":{"api":"4900928501","name":"ROBBINS UNIT 39-72 22-1PH","op":"DEVON ENERGY PRODUCTION COMPANY LP","co":"Converse","trs":"T39N R72W S22","fm":"PARKMAN","eur":240705,"perft":null,"sound":true}},{"type":"Feature","geometry":{"type":"Point","coordinates":[-105.2932,42.896]},"properties":{"api":"4900928503","name":"CLAUSEN RANCH UNIT 34-70 29-1H","op":"CONTINENTAL RESOURCES INC","co":"Converse","trs":"T34N R70W S29","fm":"NIOBRARA","eur":238891,"perft":45826,"sound":true}},{"type":"Feature","geometry":{"type":"Point","coordinates":[-105.2835,42.8409]},"properties":{"api":"4900928504","name":"COMBS RANCH UNIT 33-70 8-1H","op":"CONTINENTAL RESOURCES INC","co":"Converse","trs":"T33N R70W S8","fm":"NIOBRARA","eur":190344,"perft":48458,"sound":true}},{"type":"Feature","geometry":{"type":"Point","coordinates":[-105.6286,43.2003]},"properties":{"api":"4900928511","name":"HORNBUCKLE FEDERAL 21-4 37-73BH","op":"CONTINENTAL RESOURCES INC","co":"Converse","trs":"T37N R73W S9","fm":"SUSSEX","eur":233313,"perft":null,"sound":true}},{"type":"Feature","geometry":{"type":"Point","coordinates":[-105.6309,43.1858]},"properties":{"api":"4900928512","name":"DUCK CREEK FED 21-9 37-73BH","op":"CONTINENTAL RESOURCES INC","co":"Converse","trs":"T37N R73W S16","fm":"SUSSEX","eur":178458,"perft":null,"sound":true}},{"type":"Feature","geometry":{"type":"Point","coordinates":[-105.5073,43.4345]},"properties":{"api":"4900928525","name":"MARYS DRAW 404-21H","op":"EOG RESOURCES INC","co":"Converse","trs":"T40N R72W S21","fm":"PARKMAN","eur":303767,"perft":69864,"sound":true}},{"type":"Feature","geometry":{"type":"Point","coordinates":[-105.4231,42.8482]},"properties":{"api":"4900928526","name":"NORTHWEST FETTER U 33-71 7-1H","op":"CONTINENTAL RESOURCES INC","co":"Converse","trs":"T33N R71W S7","fm":"NIOBRARA","eur":120003,"perft":21330,"sound":true}},{"type":"Feature","geometry":{"type":"Point","coordinates":[-105.4716,42.8219]},"properties":{"api":"4900928527","name":"STROCK FEDERAL 33-72 23-1H","op":"CONTINENTAL RESOURCES INC","co":"Converse","trs":"T33N R72W S23","fm":"NIOBRARA","eur":null,"perft":null,"sound":false}},{"type":"Feature","geometry":{"type":"Point","coordinates":[-105.6063,43.1581]},"properties":{"api":"4900928530","name":"DUCK CREEK STATE 21-22 37-73BH","op":"CONTINENTAL RESOURCES INC","co":"Converse","trs":"T37N R73W S22","fm":"SUSSEX","eur":224137,"perft":null,"sound":true}},{"type":"Feature","geometry":{"type":"Point","coordinates":[-105.5291,43.4516]},"properties":{"api":"4900928533","name":"MARYS DRAW 407-08H","op":"EOG RESOURCES INC","co":"Converse","trs":"T40N R72W S8","fm":"PARKMAN","eur":190468,"perft":35135,"sound":true}},{"type":"Feature","geometry":{"type":"Point","coordinates":[-105.7843,43.1861]},"properties":{"api":"4900928535","name":"CENTAUR 439 7-6H","op":"CONTINENTAL RESOURCES INC","co":"Converse","trs":"T37N R74W S7","fm":"FRONTIER","eur":269552,"perft":30898,"sound":true}},{"type":"Feature","geometry":{"type":"Point","coordinates":[-105.7736,43.1862]},"properties":{"api":"4900928536","name":"CRATER 409 8-5H","op":"CONTINENTAL RESOURCES INC","co":"Converse","trs":"T37N R74W S8","fm":"FRONTIER","eur":null,"perft":null,"sound":false}},{"type":"Feature","geometry":{"type":"Point","coordinates":[-105.7442,43.1287]},"properties":{"api":"4900928537","name":"VIRGO 437 33-28H","op":"CONTINENTAL RESOURCES INC","co":"Converse","trs":"T37N R74W S33","fm":"FRONTIER","eur":613384,"perft":77428,"sound":true}},{"type":"Feature","geometry":{"type":"Point","coordinates":[-105.6104,43.1859]},"properties":{"api":"4900928541","name":"DUCK CREEK STATE 31-15 37-73H","op":"CONTINENTAL RESOURCES INC","co":"Converse","trs":"T37N R73W S15","fm":"SUSSEX","eur":373186,"perft":null,"sound":true}},{"type":"Feature","geometry":{"type":"Point","coordinates":[-105.6729,43.2301]},"properties":{"api":"4900928548","name":"HENRY FED 24-31 38-73BH","op":"CONTINENTAL RESOURCES INC","co":"Converse","trs":"T38N R73W S30","fm":"SUSSEX","eur":142655,"perft":35522,"sound":true}},{"type":"Feature","geometry":{"type":"Point","coordinates":[-105.3238,42.9859]},"properties":{"api":"4900928555","name":"BOX CREEK 24-35-71 1H","op":"CONTINENTAL RESOURCES INC","co":"Converse","trs":"T35N R71W S24","fm":"NIOBRARA","eur":157060,"perft":41605,"sound":true}},{"type":"Feature","geometry":{"type":"Point","coordinates":[-105.179,42.8235]},"properties":{"api":"4900928559","name":"YORK RANCH UNIT 33-69 19-2H","op":"CONTINENTAL RESOURCES INC","co":"Converse","trs":"T33N R69W S19","fm":"NIOBRARA","eur":183693,"perft":38365,"sound":true}},{"type":"Feature","geometry":{"type":"Point","coordinates":[-105.7703,43.1845]},"properties":{"api":"4900928560","name":"LYNX 409 17-20H","op":"CONTINENTAL RESOURCES INC","co":"Converse","trs":"T37N R74W S17","fm":"FRONTIER","eur":124881,"perft":null,"sound":true}},{"type":"Feature","geometry":{"type":"Point","coordinates":[-105.2189,42.8044]},"properties":{"api":"4900928562","name":"YORK RANCH UNIT 26-33-70 A 1H","op":"CONTINENTAL RESOURCES INC","co":"Converse","trs":"T33N R70W S26","fm":"NIOBRARA","eur":57391,"perft":8708,"sound":true}},{"type":"Feature","geometry":{"type":"Point","coordinates":[-105.6726,43.258]},"properties":{"api":"4900928563","name":"RUSSELL FEE 31-18 38-73BH","op":"CONTINENTAL RESOURCES INC","co":"Converse","trs":"T38N R73W S19","fm":"SUSSEX","eur":225402,"perft":null,"sound":true}},{"type":"Feature","geometry":{"type":"Point","coordinates":[-105.2431,42.7651]},"properties":{"api":"4900928565","name":"SMITH CREEK UNIT 10-32-70 A 1H","op":"CONTINENTAL RESOURCES INC","co":"Converse","trs":"T32N R70W S10","fm":"NIOBRARA","eur":91512,"perft":23702,"sound":true}},{"type":"Feature","geometry":{"type":"Point","coordinates":[-105.5577,43.2005]},"properties":{"api":"4900928567","name":"EASTWOOD BCR DARTH V 11-7 37-72MH","op":null,"co":"Converse","trs":null,"fm":null,"eur":null,"perft":null,"sound":false}},{"type":"Feature","geometry":{"type":"Point","coordinates":[-105.2835,42.7974]},"properties":{"api":"4900928568","name":"COMBS RANCH UNIT 29-33-70 1H","op":"CONTINENTAL RESOURCES INC","co":"Converse","trs":"T33N R70W S29","fm":"NIOBRARA","eur":108639,"perft":17763,"sound":true}},{"type":"Feature","geometry":{"type":"Point","coordinates":[-105.32,42.9685]},"properties":{"api":"4900928570","name":"STATE OF WYOMING 36-35-71 ST A 1H","op":"CONTINENTAL RESOURCES INC","co":"Converse","trs":"T35N R71W S36","fm":"NIOBRARA","eur":82266,"perft":23305,"sound":true}},{"type":"Feature","geometry":{"type":"Point","coordinates":[-105.1321,43.1512]},"properties":{"api":"4900928571","name":"CROW UNIT 27-37-69 1H","op":"DEVON ENERGY PRODUCTION COMPANY LP","co":"Converse","trs":"T37N R69W S27","fm":"NIOBRARA","eur":213888,"perft":47796,"sound":true}},{"type":"Feature","geometry":{"type":"Point","coordinates":[-105.4895,43.4056]},"properties":{"api":"4900928574","name":"MARYS DRAW 400-34H","op":"EOG RESOURCES INC","co":"Converse","trs":"T40N R72W S34","fm":"PARKMAN","eur":245014,"perft":63409,"sound":true}},{"type":"Feature","geometry":{"type":"Point","coordinates":[-105.3439,43.1799]},"properties":{"api":"4900928582","name":"SHELDEN DRAW UNIT 14-37-71 1H","op":"DEVON ENERGY PRODUCTION COMPANY LP","co":"Converse","trs":"T37N R71W S14","fm":"NIOBRARA","eur":197892,"perft":null,"sound":true}},{"type":"Feature","geometry":{"type":"Point","coordinates":[-105.7752,43.3181]},"properties":{"api":"4900928583","name":"ALLEMAND FEE 14-29 39-74H","op":"CONTINENTAL RESOURCES INC","co":"Converse","trs":"T39N R74W S29","fm":"SUSSEX","eur":null,"perft":null,"sound":false}},{"type":"Feature","geometry":{"type":"Point","coordinates":[-105.3148,42.9103]},"properties":{"api":"4900928587","name":"CLAUSEN RANCH UNIT 19-34-70 A 1H","op":"CONTINENTAL RESOURCES INC","co":"Converse","trs":"T34N R70W S19","fm":"NIOBRARA","eur":199535,"perft":55090,"sound":true}},{"type":"Feature","geometry":{"type":"Point","coordinates":[-105.2246,42.7956]},"properties":{"api":"4900928592","name":"YORK RANCH UNIT 35-33-70 A 2H","op":"CONTINENTAL RESOURCES INC","co":"Converse","trs":"T33N R70W S35","fm":"NIOBRARA","eur":191566,"perft":41109,"sound":true}},{"type":"Feature","geometry":{"type":"Point","coordinates":[-105.7078,43.2435]},"properties":{"api":"4900928597","name":"TUESDAY DRAW 3874-26-35-3SH","op":"WRC ENERGY LLC","co":"Converse","trs":"T38N R74W S26","fm":"SHANNON","eur":479711,"perft":null,"sound":true}},{"type":"Feature","geometry":{"type":"Point","coordinates":[-105.6373,43.0796]},"properties":{"api":"4900928603","name":"HORNBECK DRAW UNIT 20-36-73 A 1H","op":"CONTINENTAL RESOURCES INC","co":"Converse","trs":"T36N R73W S20","fm":"NIOBRARA","eur":519177,"perft":null,"sound":true}},{"type":"Feature","geometry":{"type":"Point","coordinates":[-105.5291,43.4515]},"properties":{"api":"4900928610","name":"MARYS DRAW 207-0805H","op":"EOG RESOURCES INC","co":"Converse","trs":"T40N R72W S8","fm":"PARKMAN","eur":178910,"perft":null,"sound":true}},{"type":"Feature","geometry":{"type":"Point","coordinates":[-105.5291,43.4514]},"properties":{"api":"4900928612","name":"MARYS DRAW 406-0805H","op":"EOG RESOURCES INC","co":"Converse","trs":"T40N R72W S8","fm":"PARKMAN","eur":null,"perft":null,"sound":false}},{"type":"Feature","geometry":{"type":"Point","coordinates":[-105.5291,43.4514]},"properties":{"api":"4900928613","name":"MARYS DRAW 206-0805H","op":"EOG RESOURCES INC","co":"Converse","trs":"T40N R72W S8","fm":"PARKMAN","eur":112874,"perft":14534,"sound":true}},{"type":"Feature","geometry":{"type":"Point","coordinates":[-105.2089,43.1554]},"properties":{"api":"4900928614","name":"CROW UNIT 37-70 25-1TH","op":"DEVON ENERGY PRODUCTION COMPANY LP","co":"Converse","trs":"T37N R70W S25","fm":"TEAPOT SAND","eur":92300,"perft":20906,"sound":true}},{"type":"Feature","geometry":{"type":"Point","coordinates":[-105.7188,43.3219]},"properties":{"api":"4900928615","name":"HARDY 12-26H","op":"WRC ENERGY LLC","co":"Converse","trs":"T39N R74W S26","fm":"SUSSEX","eur":223343,"perft":53418,"sound":true}},{"type":"Feature","geometry":{"type":"Point","coordinates":[-105.499,43.4347]},"properties":{"api":"4900928620","name":"MARYS DRAW 426-22H","op":"EOG RESOURCES INC","co":"Converse","trs":"T40N R72W S22","fm":"PARKMAN","eur":200881,"perft":47670,"sound":true}},{"type":"Feature","geometry":{"type":"Point","coordinates":[-105.2387,42.8195]},"properties":{"api":"4900928621","name":"COMBS RANCH UNIT 22-33-70 A 1H","op":"CONTINENTAL RESOURCES INC","co":"Converse","trs":"T33N R70W S22","fm":"NIOBRARA","eur":188107,"perft":30990,"sound":true}},{"type":"Feature","geometry":{"type":"Point","coordinates":[-104.9318,42.8836]},"properties":{"api":"4900928623","name":"BARTON UNIT 32-34-67 USA A 1H","op":"CONTINENTAL RESOURCES INC","co":"Converse","trs":"T34N R67W S32","fm":"NIOBRARA","eur":657323,"perft":null,"sound":true}},{"type":"Feature","geometry":{"type":"Point","coordinates":[-105.177,42.7835]},"properties":{"api":"4900928624","name":"YORK RANCH UNIT 31-33-69 A 1H","op":"CONTINENTAL RESOURCES INC","co":"Converse","trs":"T33N R69W S31","fm":"NIOBRARA","eur":269082,"perft":44264,"sound":true}},{"type":"Feature","geometry":{"type":"Point","coordinates":[-105.6822,43.2882]},"properties":{"api":"4900928625","name":"FEDERAL 44-1-3874SXH","op":"WRC ENERGY LLC","co":"Converse","trs":"T38N R74W S1","fm":"SUSSEX","eur":182215,"perft":47600,"sound":true}},{"type":"Feature","geometry":{"type":"Point","coordinates":[-105.0945,42.8702]},"properties":{"api":"4900928627","name":"WYOMING 36-34-69 ST A 1H","op":"CONTINENTAL RESOURCES INC","co":"Converse","trs":"T34N R69W S36","fm":"NIOBRARA","eur":174102,"perft":46614,"sound":true}},{"type":"Feature","geometry":{"type":"Point","coordinates":[-105.4872,43.4361]},"properties":{"api":"4900928634","name":"MARYS DRAW 412-1527H","op":"EOG RESOURCES INC","co":"Converse","trs":"T40N R72W S15","fm":"PARKMAN","eur":681887,"perft":null,"sound":true}},{"type":"Feature","geometry":{"type":"Point","coordinates":[-105.1371,42.7674]},"properties":{"api":"4900928635","name":"SHAWNEE ST 3269-4-11N-H","op":"KERR-MCGEE OIL & GAS ONSHORE LP","co":"Converse","trs":"T32N R69W S4","fm":"NIOBRARA","eur":66850,"perft":22792,"sound":true}},{"type":"Feature","geometry":{"type":"Point","coordinates":[-105.4667,43.4343]},"properties":{"api":"4900928640","name":"MARYS DRAW 428-23H","op":"EOG RESOURCES INC","co":"Converse","trs":"T40N R72W S23","fm":"PARKMAN","eur":178423,"perft":null,"sound":true}},{"type":"Feature","geometry":{"type":"Point","coordinates":[-105.4666,43.4343]},"properties":{"api":"4900928641","name":"MARYS DRAW 210-23H","op":"EOG RESOURCES INC","co":"Converse","trs":"T40N R72W S23","fm":"MOWRY","eur":70954,"perft":20117,"sound":true}},{"type":"Feature","geometry":{"type":"Point","coordinates":[-105.4665,43.4343]},"properties":{"api":"4900928642","name":"MARYS DRAW 413-23H","op":"EOG RESOURCES INC","co":"Converse","trs":"T40N R72W S23","fm":"PARKMAN","eur":249299,"perft":91486,"sound":true}},{"type":"Feature","geometry":{"type":"Point","coordinates":[-105.2244,42.7956]},"properties":{"api":"4900928643","name":"YORK RANCH UNIT 35-33-70 A 1H","op":"CONTINENTAL RESOURCES INC","co":"Converse","trs":"T33N R70W S35","fm":"NIOBRARA","eur":142128,"perft":17310,"sound":true}},{"type":"Feature","geometry":{"type":"Point","coordinates":[-105.199,42.7841]},"properties":{"api":"4900928644","name":"YORK RANCH  36-33-70 ST A 3H","op":"CONTINENTAL RESOURCES INC","co":"Converse","trs":"T33N R70W S36","fm":"NIOBRARA","eur":78847,"perft":17170,"sound":true}},{"type":"Feature","geometry":{"type":"Point","coordinates":[-105.7474,43.3465]},"properties":{"api":"4900928661","name":"DILTS RANCH STATE 34-16 39-74H","op":"CONTINENTAL RESOURCES INC","co":"Converse","trs":"T39N R74W S16","fm":"SUSSEX","eur":null,"perft":null,"sound":false}},{"type":"Feature","geometry":{"type":"Point","coordinates":[-105.6739,43.1712]},"properties":{"api":"4900928662","name":"RAVENNA FEE 21-19 37-73H","op":"CONTINENTAL RESOURCES INC","co":"Converse","trs":"T37N R73W S19","fm":"SUSSEX","eur":372514,"perft":84566,"sound":true}},{"type":"Feature","geometry":{"type":"Point","coordinates":[-105.7134,43.1866]},"properties":{"api":"4900928669","name":"GEMINI 412 11-2H","op":"CONTINENTAL RESOURCES INC","co":"Converse","trs":"T37N R74W S11","fm":"FRONTIER","eur":416683,"perft":54065,"sound":true}},{"type":"Feature","geometry":{"type":"Point","coordinates":[-105.6591,43.1431]},"properties":{"api":"4900928679","name":"DUCK CREEK FED 14-29 37-73H","op":null,"co":"Converse","trs":null,"fm":null,"eur":null,"perft":null,"sound":false}},{"type":"Feature","geometry":{"type":"Point","coordinates":[-105.7514,43.1849]},"properties":{"api":"4900928682","name":"DANDY STATE 3774-16-21-1FH","op":"SAGE BUTTE PRB OPERATING, LLC","co":"Converse","trs":"T37N R74W S16","fm":"FRONTIER","eur":577520,"perft":null,"sound":true}},{"type":"Feature","geometry":{"type":"Point","coordinates":[-105.342,42.9829]},"properties":{"api":"4900928683","name":"GRAHAM 26-35-71 A 1H","op":"CONTINENTAL RESOURCES INC","co":"Converse","trs":"T35N R71W S26","fm":"NIOBRARA","eur":151432,"perft":38700,"sound":true}},{"type":"Feature","geometry":{"type":"Point","coordinates":[-105.3958,43.1881]},"properties":{"api":"4900928700","name":"SHELDEN DRAW UNIT 37-71 16-1PH","op":"DEVON ENERGY PRODUCTION COMPANY LP","co":"Converse","trs":"T37N R71W S16","fm":"PARKMAN","eur":305511,"perft":53533,"sound":true}},{"type":"Feature","geometry":{"type":"Point","coordinates":[-105.2586,42.8257]},"properties":{"api":"4900928705","name":"COMBS RANCH UNIT 16-33-70 ST A 1H","op":"CONTINENTAL RESOURCES INC","co":"Converse","trs":"T33N R70W S16","fm":"NIOBRARA","eur":73349,"perft":16289,"sound":true}},{"type":"Feature","geometry":{"type":"Point","coordinates":[-105.6896,43.229]},"properties":{"api":"4900928707","name":"HENRY STATE 31-36 38-74H","op":"CONTINENTAL RESOURCES INC","co":"Converse","trs":"T38N R74W S36","fm":"SUSSEX","eur":null,"perft":null,"sound":false}},{"type":"Feature","geometry":{"type":"Point","coordinates":[-105.6578,43.2008]},"properties":{"api":"4900928709","name":"HORNBUCKLE FEDERAL 11-8 37-73H","op":"CONTINENTAL RESOURCES INC","co":"Converse","trs":"T37N R73W S8","fm":"SUSSEX","eur":97508,"perft":24130,"sound":true}},{"type":"Feature","geometry":{"type":"Point","coordinates":[-105.3071,42.8489]},"properties":{"api":"4900928711","name":"COMBS RANCH UNIT 7-33-70 A 1H","op":"CONTINENTAL RESOURCES INC","co":"Converse","trs":"T33N R70W S7","fm":"NIOBRARA","eur":79547,"perft":14369,"sound":true}},{"type":"Feature","geometry":{"type":"Point","coordinates":[-105.6579,43.2007]},"properties":{"api":"4900928715","name":"HORNBUCKLE FEDERAL 44-7 37-73 BH","op":"CONTINENTAL RESOURCES INC","co":"Converse","trs":"T37N R73W S8","fm":"SUSSEX","eur":null,"perft":null,"sound":false}},{"type":"Feature","geometry":{"type":"Point","coordinates":[-105.3948,43.2913]},"properties":{"api":"4900928725","name":"COTTONWOOD DRAW UNIT 4-38-71 1H","op":"DEVON ENERGY PRODUCTION COMPANY LP","co":"Converse","trs":"T38N R71W S4","fm":"NIOBRARA","eur":284642,"perft":53726,"sound":true}},{"type":"Feature","geometry":{"type":"Point","coordinates":[-105.7407,43.322]},"properties":{"api":"4900928742","name":"HARDY 12-27-39-74SXH","op":"WRC ENERGY LLC","co":"Converse","trs":"T39N R74W S28","fm":"SUSSEX","eur":184573,"perft":null,"sound":true}},{"type":"Feature","geometry":{"type":"Point","coordinates":[-105.7024,43.3458]},"properties":{"api":"4900928743","name":"HARDY 16-14-39-74SXH","op":"WRC ENERGY LLC","co":"Converse","trs":"T39N R74W S14","fm":"SUSSEX","eur":181822,"perft":45581,"sound":true}},{"type":"Feature","geometry":{"type":"Point","coordinates":[-105.7183,43.3439]},"properties":{"api":"4900928744","name":"HARDY 4-23-39-74SXH","op":"WRC ENERGY LLC","co":"Converse","trs":"T39N R74W S23","fm":"SUSSEX","eur":214343,"perft":51389,"sound":true}},{"type":"Feature","geometry":{"type":"Point","coordinates":[-105.6728,43.258]},"properties":{"api":"4900928761","name":"RUSSELL FEE 14-19 38-73BH","op":"CONTINENTAL RESOURCES INC","co":"Converse","trs":"T38N R73W S19","fm":"SUSSEX","eur":null,"perft":null,"sound":false}},{"type":"Feature","geometry":{"type":"Point","coordinates":[-105.4438,42.9686]},"properties":{"api":"4900928763","name":"WYOMING 36-35-72 ST A 1H","op":"CONTINENTAL RESOURCES INC","co":"Converse","trs":"T35N R72W S36","fm":"NIOBRARA","eur":113448,"perft":30156,"sound":true}},{"type":"Feature","geometry":{"type":"Point","coordinates":[-105.4051,42.9687]},"properties":{"api":"4900928767","name":"BOX CREEK 32-35-71 A 1H","op":"CONTINENTAL RESOURCES INC","co":"Converse","trs":"T35N R71W S32","fm":"NIOBRARA","eur":134335,"perft":33030,"sound":true}},{"type":"Feature","geometry":{"type":"Point","coordinates":[-105.1648,42.9055]},"properties":{"api":"4900928772","name":"LINDEN  20-34-69 B 4H","op":"CONTINENTAL RESOURCES INC","co":"Converse","trs":"T34N R69W S20","fm":"NIOBRARA","eur":null,"perft":null,"sound":false}},{"type":"Feature","geometry":{"type":"Point","coordinates":[-105.344,42.811]},"properties":{"api":"4900928780","name":"WALLIS 23-33-71 A 3H","op":"CONTINENTAL RESOURCES INC","co":"Converse","trs":"T33N R71W S23","fm":"NIOBRARA","eur":57835,"perft":15320,"sound":true}},{"type":"Feature","geometry":{"type":"Point","coordinates":[-105.734,43.1701]},"properties":{"api":"4900928794","name":"BLACK JACK FED 3774-22-27-1FH","op":"SAGE BUTTE PRB OPERATING, LLC","co":"Converse","trs":"T37N R74W S22","fm":"FRONTIER","eur":579941,"perft":63569,"sound":true}},{"type":"Feature","geometry":{"type":"Point","coordinates":[-105.1891,42.9065]},"properties":{"api":"4900928801","name":"LINDEN UNIT 19-34-69 A 1H","op":"CONTINENTAL RESOURCES INC","co":"Converse","trs":"T34N R69W S19","fm":"NIOBRARA","eur":216197,"perft":39266,"sound":true}},{"type":"Feature","geometry":{"type":"Point","coordinates":[-105.0402,42.9182]},"properties":{"api":"4900928808","name":"TRINITY FEE 3468-17-31N-H","op":"ANADARKO E&P ONSHORE LLC","co":"Converse","trs":"T34N R68W S17","fm":"NIOBRARA","eur":141203,"perft":36705,"sound":true}},{"type":"Feature","geometry":{"type":"Point","coordinates":[-105.0406,42.9182]},"properties":{"api":"4900928810","name":"TRINITY FEE 3468-17-31F-H","op":"ANADARKO E&P ONSHORE LLC","co":"Converse","trs":"T34N R68W S17","fm":"FRONTIER","eur":31157,"perft":null,"sound":true}},{"type":"Feature","geometry":{"type":"Point","coordinates":[-105.1413,43.0013]},"properties":{"api":"4900928817","name":"TRINITY ST 3569-16-31H","op":"ANADARKO E&P ONSHORE LLC","co":"Converse","trs":"T35N R69W S16","fm":"NIOBRARA","eur":154226,"perft":40586,"sound":true}},{"type":"Feature","geometry":{"type":"Point","coordinates":[-105.8371,43.2904]},"properties":{"api":"4900928824","name":"ALLEMAND 12-2/1H","op":"WRC ENERGY LLC","co":"Converse","trs":"T38N R75W S2","fm":"FRONTIER","eur":28706,"perft":3128,"sound":true}},{"type":"Feature","geometry":{"type":"Point","coordinates":[-105.673,43.2856]},"properties":{"api":"4900928828","name":"HARDY FED 13-1807 38-73BH","op":"CONTINENTAL RESOURCES INC","co":"Converse","trs":"T38N R73W S7","fm":"SUSSEX","eur":255965,"perft":30541,"sound":true}},{"type":"Feature","geometry":{"type":"Point","coordinates":[-105.6774,43.3447]},"properties":{"api":"4900928829","name":"HARDY FEE 11-19 39-73H","op":null,"co":"Converse","trs":null,"fm":null,"eur":190991,"perft":44697,"sound":true}},{"type":"Feature","geometry":{"type":"Point","coordinates":[-105.3417,42.7982]},"properties":{"api":"4900928839","name":"SIMS 26-33-71 B 2H","op":"CONTINENTAL RESOURCES INC","co":"Converse","trs":"T33N R71W S26","fm":"NIOBRARA","eur":74339,"perft":19430,"sound":true}},{"type":"Feature","geometry":{"type":"Point","coordinates":[-105.3064,42.8492]},"properties":{"api":"4900928840","name":"COMBS RANCH 7-33-70 A 3H","op":"CONTINENTAL RESOURCES INC","co":"Converse","trs":"T33N R70W S7","fm":"NIOBRARA","eur":177563,"perft":28751,"sound":true}},{"type":"Feature","geometry":{"type":"Point","coordinates":[-105.5799,43.2292]},"properties":{"api":"4900928841","name":"BRUSHY CREEK STATE 24-36 38-73MBH","op":null,"co":"Converse","trs":null,"fm":null,"eur":346032,"perft":81746,"sound":true}},{"type":"Feature","geometry":{"type":"Point","coordinates":[-105.2424,42.8517]},"properties":{"api":"4900928842","name":"COMBS RANCH 10-33-70 A 2H","op":"CONTINENTAL RESOURCES INC","co":"Converse","trs":"T33N R70W S10","fm":"NIOBRARA","eur":98410,"perft":15806,"sound":true}},{"type":"Feature","geometry":{"type":"Point","coordinates":[-105.6581,43.1707]},"properties":{"api":"4900928847","name":"HORNBUCKLE FEDERAL 21-17 37-73BH","op":null,"co":"Converse","trs":null,"fm":null,"eur":201006,"perft":37362,"sound":true}},{"type":"Feature","geometry":{"type":"Point","coordinates":[-105.6581,43.1708]},"properties":{"api":"4900928848","name":"WAYNE FEDERAL 21-17 37-73NBH","op":"CONTINENTAL RESOURCES INC","co":"Converse","trs":"T37N R73W S20","fm":"SHANNON","eur":null,"perft":null,"sound":false}},{"type":"Feature","geometry":{"type":"Point","coordinates":[-104.992,42.872]},"properties":{"api":"4900928849","name":"BIRD 3468-26-N3H","op":null,"co":"Converse","trs":"T34N R68W S35","fm":"NIOBRARA","eur":155460,"perft":21794,"sound":true}},{"type":"Feature","geometry":{"type":"Point","coordinates":[-105.3575,42.7968]},"properties":{"api":"4900928851","name":"IDARADO 27-33-71 A 2H","op":"CONTINENTAL RESOURCES INC","co":"Converse","trs":"T33N R71W S27","fm":"NIOBRARA","eur":92546,"perft":23306,"sound":true}},{"type":"Feature","geometry":{"type":"Point","coordinates":[-105.9329,43.4447]},"properties":{"api":"4900928853","name":"FLASH STATE 4076-13-24-1FH","op":"SAGE BUTTE PRB OPERATING, LLC","co":"Converse","trs":"T40N R76W S13","fm":"FRONTIER","eur":361695,"perft":38413,"sound":true}},{"type":"Feature","geometry":{"type":"Point","coordinates":[-105.3114,42.9098]},"properties":{"api":"4900928857","name":"CLAUSEN  19-34-70 C SX 10H","op":"CONTINENTAL RESOURCES INC","co":"Converse","trs":"T34N R70W S19","fm":"SUSSEX","eur":298353,"perft":62679,"sound":true}},{"type":"Feature","geometry":{"type":"Point","coordinates":[-105.8534,43.3017]},"properties":{"api":"4900928860","name":"ALLEMAND 13-34/27SH","op":"WRC ENERGY LLC","co":"Converse","trs":"T39N R75W S34","fm":"SHANNON","eur":320394,"perft":34928,"sound":true}},{"type":"Feature","geometry":{"type":"Point","coordinates":[-105.2834,42.7974]},"properties":{"api":"4900928871","name":"COMBS RANCH 29-33-70 A 2H","op":"CONTINENTAL RESOURCES INC","co":"Converse","trs":"T33N R70W S29","fm":"NIOBRARA","eur":84522,"perft":16393,"sound":true}},{"type":"Feature","geometry":{"type":"Point","coordinates":[-105.2833,42.7974]},"properties":{"api":"4900928872","name":"COMBS RANCH 29-33-70 A 3H","op":"CONTINENTAL RESOURCES INC","co":"Converse","trs":"T33N R70W S29","fm":"NIOBRARA","eur":110083,"perft":19232,"sound":true}},{"type":"Feature","geometry":{"type":"Point","coordinates":[-105.283,42.7974]},"properties":{"api":"4900928874","name":"COMBS RANCH 29-33-70 A 5H","op":"CONTINENTAL RESOURCES INC","co":"Converse","trs":"T33N R70W S29","fm":"NIOBRARA","eur":45566,"perft":8375,"sound":true}},{"type":"Feature","geometry":{"type":"Point","coordinates":[-105.2829,42.7974]},"properties":{"api":"4900928875","name":"COMBS RANCH 29-33-70 A 6H","op":"CONTINENTAL RESOURCES INC","co":"Converse","trs":"T33N R70W S29","fm":"NIOBRARA","eur":33707,"perft":6923,"sound":true}},{"type":"Feature","geometry":{"type":"Point","coordinates":[-105.9813,43.447]},"properties":{"api":"4900928878","name":"LOCO FEDERAL 4076-9-4-1FH","op":"SAGE BUTTE PRB OPERATING, LLC","co":"Converse","trs":"T40N R76W S9","fm":"FRONTIER","eur":259295,"perft":30292,"sound":true}},{"type":"Feature","geometry":{"type":"Point","coordinates":[-105.0315,43.0593]},"properties":{"api":"4900928881","name":"MOORE LAND TRUST 36-68 33-2TH","op":"DEVON ENERGY PRODUCTION COMPANY LP","co":"Converse","trs":"T36N R68W S33","fm":"TEAPOT","eur":100764,"perft":null,"sound":true}},{"type":"Feature","geometry":{"type":"Point","coordinates":[-105.0322,43.0737]},"properties":{"api":"4900928885","name":"MOORE LAND TRUST 36-68 28-5TH","op":"DEVON ENERGY PRODUCTION COMPANY LP","co":"Converse","trs":"T36N R68W S28","fm":"TEAPOT SAND","eur":231870,"perft":null,"sound":true}},{"type":"Feature","geometry":{"type":"Point","coordinates":[-105.0288,43.1044]},"properties":{"api":"4900928888","name":"SKELETON SPRINGS UN 36-68 9-2TH","op":"DEVON ENERGY PRODUCTION COMPANY LP","co":"Converse","trs":"T36N R68W S9","fm":"TEAPOT SAND","eur":61702,"perft":null,"sound":true}},{"type":"Feature","geometry":{"type":"Point","coordinates":[-105.3146,42.8428]},"properties":{"api":"4900928892","name":"COMBS RANCH 7-33-70 B 4H","op":"CONTINENTAL RESOURCES INC","co":"Converse","trs":"T33N R70W S7","fm":"NIOBRARA","eur":214309,"perft":31977,"sound":true}},{"type":"Feature","geometry":{"type":"Point","coordinates":[-105.3146,42.8426]},"properties":{"api":"4900928893","name":"COMBS RANCH 7-33-70 B 6H","op":"CONTINENTAL RESOURCES INC","co":"Converse","trs":"T33N R70W S7","fm":"NIOBRARA","eur":173420,"perft":24312,"sound":true}},{"type":"Feature","geometry":{"type":"Point","coordinates":[-105.177,42.7837]},"properties":{"api":"4900928909","name":"YORK RANCH 31-33-69 A 3H","op":"CONTINENTAL RESOURCES INC","co":"Converse","trs":"T33N R69W S31","fm":"NIOBRARA","eur":178548,"perft":33618,"sound":true}},{"type":"Feature","geometry":{"type":"Point","coordinates":[-105.0795,42.8557]},"properties":{"api":"4900928915","name":"CRAWFORD 1-33-69 A 7H","op":"CONTINENTAL RESOURCES INC","co":"Converse","trs":"T33N R69W S1","fm":"NIOBRARA","eur":179641,"perft":45410,"sound":true}},{"type":"Feature","geometry":{"type":"Point","coordinates":[-105.199,42.7839]},"properties":{"api":"4900928916","name":"YORK RANCH 36-33-70 ST A 5H","op":"CONTINENTAL RESOURCES INC","co":"Converse","trs":"T33N R70W S36","fm":"NIOBRARA","eur":145190,"perft":35087,"sound":true}},{"type":"Feature","geometry":{"type":"Point","coordinates":[-105.199,42.7843]},"properties":{"api":"4900928917","name":"YORK RANCH 36-33-70 ST A 1H","op":"CONTINENTAL RESOURCES INC","co":"Converse","trs":"T33N R70W S36","fm":"NIOBRARA","eur":108657,"perft":26982,"sound":true}},{"type":"Feature","geometry":{"type":"Point","coordinates":[-105.5446,43.1432]},"properties":{"api":"4900928919","name":"MANNING FED 11-1930 37-72BH","op":"CONTINENTAL RESOURCES INC","co":"Converse","trs":"T37N R72W S31","fm":"SUSSEX","eur":null,"perft":null,"sound":false}},{"type":"Feature","geometry":{"type":"Point","coordinates":[-105.219,42.8044]},"properties":{"api":"4900928922","name":"YORK RANCH 26-33-70 A 3H","op":"CONTINENTAL RESOURCES INC","co":"Converse","trs":"T33N R70W S26","fm":"NIOBRARA","eur":107953,"perft":null,"sound":true}},{"type":"Feature","geometry":{"type":"Point","coordinates":[-105.2247,42.7956]},"properties":{"api":"4900928923","name":"YORK RANCH 35-33-70 A 3H","op":"CONTINENTAL RESOURCES INC","co":"Converse","trs":"T33N R70W S35","fm":"NIOBRARA","eur":119132,"perft":21082,"sound":true}},{"type":"Feature","geometry":{"type":"Point","coordinates":[-105.3071,42.8488]},"properties":{"api":"4900928925","name":"COMBS RANCH 7-33-70 USA  A4H","op":"CONTINENTAL RESOURCES INC","co":"Converse","trs":"T33N R70W S7","fm":"NIOBRARA","eur":160844,"perft":34288,"sound":true}},{"type":"Feature","geometry":{"type":"Point","coordinates":[-105.2192,42.8044]},"properties":{"api":"4900928927","name":"YORK RANCH 26-33-70 A 5H","op":"CONTINENTAL RESOURCES INC","co":"Converse","trs":"T33N R70W S26","fm":"NIOBRARA","eur":209496,"perft":31409,"sound":true}},{"type":"Feature","geometry":{"type":"Point","coordinates":[-105.2425,42.8517]},"properties":{"api":"4900928929","name":"COMBS RANCH UNIT 10-33-70 USA  A 3H","op":"CONTINENTAL RESOURCES INC","co":"Converse","trs":"T33N R70W S10","fm":"NIOBRARA","eur":31139,"perft":null,"sound":true}},{"type":"Feature","geometry":{"type":"Point","coordinates":[-105.2179,42.8826]},"properties":{"api":"4900928933","name":"CLAUSEN RANCH 35-34-70 A 1H","op":"CONTINENTAL RESOURCES INC","co":"Converse","trs":"T34N R70W S26","fm":"NIOBRARA","eur":70487,"perft":null,"sound":true}},{"type":"Feature","geometry":{"type":"Point","coordinates":[-105.218,42.8823]},"properties":{"api":"4900928934","name":"CLAUSEN RANCH 35-34-70 A 5H","op":"CONTINENTAL RESOURCES INC","co":"Converse","trs":"T34N R70W S35","fm":"NIOBRARA","eur":96981,"perft":null,"sound":true}},{"type":"Feature","geometry":{"type":"Point","coordinates":[-105.2179,42.8825]},"properties":{"api":"4900928935","name":"CLAUSEN RANCH 35-34-70 A 3H","op":"CONTINENTAL RESOURCES INC","co":"Converse","trs":"T34N R70W S35","fm":"NIOBRARA","eur":43255,"perft":null,"sound":true}},{"type":"Feature","geometry":{"type":"Point","coordinates":[-105.1144,42.8386]},"properties":{"api":"4900928943","name":"ROCHELLE 14-33-69 A 1H","op":"CONTINENTAL RESOURCES INC","co":"Converse","trs":"T33N R69W S14","fm":"NIOBRARA","eur":332029,"perft":null,"sound":true}},{"type":"Feature","geometry":{"type":"Point","coordinates":[-105.3267,42.8853]},"properties":{"api":"4900928944","name":"CLAUSEN RANCH 25-34-71 ST A 6H","op":"CONTINENTAL RESOURCES INC","co":"Converse","trs":"T34N R71W S25","fm":"NIOBRARA","eur":138911,"perft":null,"sound":true}},{"type":"Feature","geometry":{"type":"Point","coordinates":[-105.2583,42.8257]},"properties":{"api":"4900928945","name":"COMBS RANCH 16-33-70 USA  A 6H","op":"CONTINENTAL RESOURCES INC","co":"Converse","trs":"T33N R70W S16","fm":"NIOBRARA","eur":161264,"perft":null,"sound":true}},{"type":"Feature","geometry":{"type":"Point","coordinates":[-105.3267,42.8857]},"properties":{"api":"4900928946","name":"CLAUSEN RANCH 25-34-71 ST A 2H","op":"CONTINENTAL RESOURCES INC","co":"Converse","trs":"T34N R71W S25","fm":"NIOBRARA","eur":166438,"perft":null,"sound":true}},{"type":"Feature","geometry":{"type":"Point","coordinates":[-105.2585,42.8257]},"properties":{"api":"4900928948","name":"COMBS RANCH 16-33-70 USA  A 5H","op":"CONTINENTAL RESOURCES INC","co":"Converse","trs":"T33N R70W S16","fm":"NIOBRARA","eur":105781,"perft":null,"sound":true}},{"type":"Feature","geometry":{"type":"Point","coordinates":[-105.1326,42.8408]},"properties":{"api":"4900928950","name":"KRAUSE 10-33-69 A 2H","op":"CONTINENTAL RESOURCES INC","co":"Converse","trs":"T33N R69W S10","fm":"NIOBRARA","eur":142130,"perft":null,"sound":true}},{"type":"Feature","geometry":{"type":"Point","coordinates":[-105.2076,42.8509]},"properties":{"api":"4900928952","name":"YORK RANCH 12-33-70 A 5H","op":"CONTINENTAL RESOURCES INC","co":"Converse","trs":"T33N R70W S12","fm":"NIOBRARA","eur":138321,"perft":22292,"sound":true}},{"type":"Feature","geometry":{"type":"Point","coordinates":[-105.2076,42.851]},"properties":{"api":"4900928953","name":"YORK RANCH 12-33-70 A 3H","op":"CONTINENTAL RESOURCES INC","co":"Converse","trs":"T33N R70W S12","fm":"NIOBRARA","eur":58409,"perft":10782,"sound":true}},{"type":"Feature","geometry":{"type":"Point","coordinates":[-105.1486,42.859]},"properties":{"api":"4900928959","name":"YORK RANCH 4-33-69  A 6H","op":"CONTINENTAL RESOURCES INC","co":"Converse","trs":"T33N R69W S4","fm":"NIOBRARA","eur":105703,"perft":19022,"sound":true}},{"type":"Feature","geometry":{"type":"Point","coordinates":[-105.1486,42.8592]},"properties":{"api":"4900928960","name":"YORK RANCH 4-33-69 A  4H","op":"CONTINENTAL RESOURCES INC","co":"Converse","trs":"T33N R69W S4","fm":"NIOBRARA","eur":116970,"perft":29264,"sound":true}},{"type":"Feature","geometry":{"type":"Point","coordinates":[-105.179,42.8237]},"properties":{"api":"4900928961","name":"YORK RANCH 19-33-69 A 4H","op":"CONTINENTAL RESOURCES INC","co":"Converse","trs":"T33N R69W S19","fm":"NIOBRARA","eur":161848,"perft":28251,"sound":true}},{"type":"Feature","geometry":{"type":"Point","coordinates":[-105.179,42.8238]},"properties":{"api":"4900928962","name":"YORK RANCH 19-33-69 A 5H","op":"CONTINENTAL RESOURCES INC","co":"Converse","trs":"T33N R69W S19","fm":"NIOBRARA","eur":201323,"perft":33950,"sound":true}},{"type":"Feature","geometry":{"type":"Point","coordinates":[-105.3267,42.8854]},"properties":{"api":"4900928967","name":"CLAUSEN RANCH 25-34-71 USA A 5H","op":"CONTINENTAL RESOURCES INC","co":"Converse","trs":"T34N R71W S25","fm":"NIOBRARA","eur":110511,"perft":26610,"sound":true}},{"type":"Feature","geometry":{"type":"Point","coordinates":[-105.3267,42.8855]},"properties":{"api":"4900928968","name":"CLAUSEN RANCH 25-34-71 USA A 4H","op":"CONTINENTAL RESOURCES INC","co":"Converse","trs":"T34N R71W S25","fm":"NIOBRARA","eur":205579,"perft":null,"sound":true}},{"type":"Feature","geometry":{"type":"Point","coordinates":[-105.3314,42.9363]},"properties":{"api":"4900928969","name":"CLAUSEN 12-34-71 USA A SX 13H","op":"CONTINENTAL RESOURCES INC","co":"Converse","trs":"T34N R71W S12","fm":"SUSSEX","eur":190570,"perft":null,"sound":true}},{"type":"Feature","geometry":{"type":"Point","coordinates":[-105.2949,42.8312]},"properties":{"api":"4900928970","name":"COMBS RANCH 17-33-70 A 6H","op":"CONTINENTAL RESOURCES INC","co":"Converse","trs":"T33N R70W S17","fm":"NIOBRARA","eur":89800,"perft":18167,"sound":true}},{"type":"Feature","geometry":{"type":"Point","coordinates":[-105.2954,42.8312]},"properties":{"api":"4900928971","name":"COMBS RANCH 17-33-70 A 2H","op":"CONTINENTAL RESOURCES INC","co":"Converse","trs":"T33N R70W S17","fm":"NIOBRARA","eur":104169,"perft":null,"sound":true}},{"type":"Feature","geometry":{"type":"Point","coordinates":[-105.3267,42.8858]},"properties":{"api":"4900928973","name":"CLAUSEN RANCH 25-34-71 USA A 3H","op":"CONTINENTAL RESOURCES INC","co":"Converse","trs":"T34N R71W S25","fm":"NIOBRARA","eur":101921,"perft":null,"sound":true}},{"type":"Feature","geometry":{"type":"Point","coordinates":[-105.4114,42.9835]},"properties":{"api":"4900928978","name":"BOX CREEK 35-71 29-1SXH","op":"CONTINENTAL RESOURCES INC","co":"Converse","trs":"T35N R71W S29","fm":"SUSSEX","eur":42052,"perft":10676,"sound":true}},{"type":"Feature","geometry":{"type":"Point","coordinates":[-105.1144,42.8389]},"properties":{"api":"4900928979","name":"ROCHELLE 11-33-69 A 1H","op":"CONTINENTAL RESOURCES INC","co":"Converse","trs":"T33N R69W S14","fm":"NIOBRARA","eur":282224,"perft":null,"sound":true}},{"type":"Feature","geometry":{"type":"Point","coordinates":[-105.3148,42.9106]},"properties":{"api":"4900928980","name":"CLAUSEN RANCH 19-34-70 USA A SX 9H","op":"CONTINENTAL RESOURCES INC","co":"Converse","trs":"T34N R70W S19","fm":"SUSSEX","eur":213629,"perft":null,"sound":true}},{"type":"Feature","geometry":{"type":"Point","coordinates":[-105.3197,42.7953]},"properties":{"api":"4900928981","name":"SIMS 36-33-71 ST A 5H","op":"CONTINENTAL RESOURCES INC","co":"Converse","trs":"T33N R71W S36","fm":"NIOBRARA","eur":90562,"perft":23977,"sound":true}},{"type":"Feature","geometry":{"type":"Point","coordinates":[-105.3196,42.7953]},"properties":{"api":"4900928984","name":"SIMS 36-33-71 ST A  6H","op":"CONTINENTAL RESOURCES INC","co":"Converse","trs":"T33N R71W S36","fm":"NIOBRARA","eur":76386,"perft":19981,"sound":true}},{"type":"Feature","geometry":{"type":"Point","coordinates":[-105.2789,42.8024]},"properties":{"api":"4900928985","name":"COMBS RANCH 29-33-70 C 4H","op":"CONTINENTAL RESOURCES INC","co":"Converse","trs":"T33N R70W S29","fm":"NIOBRARA","eur":32911,"perft":null,"sound":true}},{"type":"Feature","geometry":{"type":"Point","coordinates":[-105.2789,42.8025]},"properties":{"api":"4900928986","name":"COMBS RANCH 29-33-70 C 2H","op":"CONTINENTAL RESOURCES INC","co":"Converse","trs":"T33N R70W S29","fm":"NIOBRARA","eur":87023,"perft":null,"sound":true}},{"type":"Feature","geometry":{"type":"Point","coordinates":[-105.2789,42.8026]},"properties":{"api":"4900928987","name":"COMBS RANCH 29-33-70 C 1H","op":"CONTINENTAL RESOURCES INC","co":"Converse","trs":"T33N R70W S29","fm":"NIOBRARA","eur":53879,"perft":null,"sound":true}},{"type":"Feature","geometry":{"type":"Point","coordinates":[-105.5097,43.4484]},"properties":{"api":"4900928988","name":"MARYS DRAW 419-16H","op":"EOG RESOURCES INC","co":"Converse","trs":"T40N R72W S16","fm":"PARKMAN","eur":403755,"perft":96361,"sound":true}},{"type":"Feature","geometry":{"type":"Point","coordinates":[-105.5143,43.4487]},"properties":{"api":"4900928990","name":"MARYS DRAW 434-16H","op":"EOG RESOURCES INC","co":"Converse","trs":"T40N R72W S16","fm":"PARKMAN","eur":100528,"perft":9719,"sound":true}},{"type":"Feature","geometry":{"type":"Point","coordinates":[-105.5093,43.4484]},"properties":{"api":"4900928991","name":"MARYS DRAW 436-16H","op":"EOG RESOURCES INC","co":"Converse","trs":"T40N R72W S16","fm":"PARKMAN","eur":141933,"perft":37175,"sound":true}},{"type":"Feature","geometry":{"type":"Point","coordinates":[-105.2421,42.8517]},"properties":{"api":"4900928992","name":"COMBS RANCH 10-33-70 USA  A  4H","op":"CONTINENTAL RESOURCES INC","co":"Converse","trs":"T33N R70W S10","fm":"NIOBRARA","eur":116451,"perft":null,"sound":true}},{"type":"Feature","geometry":{"type":"Point","coordinates":[-105.242,42.8517]},"properties":{"api":"4900928993","name":"COMBS RANCH 10-33-70 USA  A  5H","op":"CONTINENTAL RESOURCES INC","co":"Converse","trs":"T33N R70W S10","fm":"NIOBRARA","eur":88214,"perft":null,"sound":true}},{"type":"Feature","geometry":{"type":"Point","coordinates":[-105.1791,42.8239]},"properties":{"api":"4900928995","name":"YORK RANCH 19-33-69 USA  A  NB 7H","op":"CONTINENTAL RESOURCES INC","co":"Converse","trs":"T33N R69W S19","fm":"NIOBRARA","eur":337717,"perft":null,"sound":true}},{"type":"Feature","geometry":{"type":"Point","coordinates":[-104.9401,42.8414]},"properties":{"api":"4900928998","name":"TRINITY FEE 3367-7-31N-H","op":"ANADARKO E&P ONSHORE LLC","co":"Converse","trs":"T33N R67W S7","fm":"NIOBRARA","eur":238356,"perft":66822,"sound":true}},{"type":"Feature","geometry":{"type":"Point","coordinates":[-105.5141,43.4487]},"properties":{"api":"4900928999","name":"MARYS DRAW 432-1604H","op":"EOG RESOURCES INC","co":"Converse","trs":"T40N R72W S16","fm":"TURNER","eur":226007,"perft":null,"sound":true}},{"type":"Feature","geometry":{"type":"Point","coordinates":[-105.6461,43.2008]},"properties":{"api":"4900929013","name":"HORNBUCKLE FEDERAL 41-5 37-73BH","op":null,"co":"Converse","trs":null,"fm":null,"eur":74702,"perft":19403,"sound":true}},{"type":"Feature","geometry":{"type":"Point","coordinates":[-105.6458,43.2007]},"properties":{"api":"4900929014","name":"HORNBUCKLE FEDERAL 44-8 37-73BH","op":null,"co":"Converse","trs":null,"fm":null,"eur":154094,"perft":37320,"sound":true}},{"type":"Feature","geometry":{"type":"Point","coordinates":[-105.5486,43.49]},"properties":{"api":"4900929015","name":"ARBALEST 422-30H","op":"EOG RESOURCES INC","co":"Converse","trs":"T41N R72W S30","fm":"PARKMAN","eur":null,"perft":null,"sound":false}},{"type":"Feature","geometry":{"type":"Point","coordinates":[-105.3675,42.8273]},"properties":{"api":"4900929017","name":"NW FETTER 15-33-71 A 6H","op":"CONTINENTAL RESOURCES INC","co":"Converse","trs":"T33N R71W S15","fm":"NIOBRARA","eur":457053,"perft":null,"sound":true}},{"type":"Feature","geometry":{"type":"Point","coordinates":[-105.7894,43.3604]},"properties":{"api":"4900929019","name":"SPEARHEAD FED 14-7H","op":"SAGE BUTTE PRB OPERATING, LLC","co":"Converse","trs":"T39N R74W S7","fm":"SHANNON","eur":416361,"perft":null,"sound":true}},{"type":"Feature","geometry":{"type":"Point","coordinates":[-105.2685,42.8393]},"properties":{"api":"4900929023","name":"COMBS RANCH 16-33-70 ST B 6H","op":"CONTINENTAL RESOURCES INC","co":"Converse","trs":"T33N R70W S16","fm":"NIOBRARA","eur":62680,"perft":null,"sound":true}},{"type":"Feature","geometry":{"type":"Point","coordinates":[-105.4886,43.4741]},"properties":{"api":"4900929027","name":"MARYS DRAW 4-0310H","op":"EOG RESOURCES INC","co":"Converse","trs":"T40N R72W S3","fm":"PARKMAN","eur":267579,"perft":null,"sound":true}},{"type":"Feature","geometry":{"type":"Point","coordinates":[-105.3148,42.9104]},"properties":{"api":"4900929028","name":"CLAUSEN 19-34-70 A SX 8H","op":"CONTINENTAL RESOURCES INC","co":"Converse","trs":"T34N R70W S19","fm":"SUSSEX","eur":154087,"perft":null,"sound":true}},{"type":"Feature","geometry":{"type":"Point","coordinates":[-105.292,42.7806]},"properties":{"api":"4900929029","name":"SMITH CREEK 6-32-70 B  1H","op":"CONTINENTAL RESOURCES INC","co":"Converse","trs":"T32N R70W S6","fm":"NIOBRARA","eur":27556,"perft":6303,"sound":true}},{"type":"Feature","geometry":{"type":"Point","coordinates":[-105.5202,43.4882]},"properties":{"api":"4900929030","name":"ARBALEST 441-3321H","op":"EOG RESOURCES INC","co":"Converse","trs":"T41N R72W S33","fm":"FRONTIER/TURNER","eur":362036,"perft":null,"sound":true}},{"type":"Feature","geometry":{"type":"Point","coordinates":[-105.5203,43.4883]},"properties":{"api":"4900929031","name":"ARBALEST 85-3321H","op":"EOG RESOURCES INC","co":"Converse","trs":"T41N R72W S33","fm":"PARKMAN","eur":421282,"perft":null,"sound":true}},{"type":"Feature","geometry":{"type":"Point","coordinates":[-105.5206,43.4884]},"properties":{"api":"4900929032","name":"ARBALEST 277-3304H","op":"EOG RESOURCES INC","co":"Converse","trs":"T41N R72W S33","fm":"FRONTIER/TURNER","eur":105882,"perft":null,"sound":true}},{"type":"Feature","geometry":{"type":"Point","coordinates":[-105.5207,43.4885]},"properties":{"api":"4900929033","name":"ARBALEST 436-3304H","op":"EOG RESOURCES INC","co":"Converse","trs":"T41N R72W S33","fm":"PARKMAN","eur":null,"perft":null,"sound":false}},{"type":"Feature","geometry":{"type":"Point","coordinates":[-105.2119,43.1331]},"properties":{"api":"4900929036","name":"CROW UNIT 37-70 36-1TH","op":"DEVON ENERGY PRODUCTION COMPANY LP","co":"Converse","trs":"T37N R70W S36","fm":"TEAPOT SS","eur":null,"perft":null,"sound":false}},{"type":"Feature","geometry":{"type":"Point","coordinates":[-105.5341,43.4503]},"properties":{"api":"4900929039","name":"MARYS DRAW 28-0805H","op":"EOG RESOURCES INC","co":"Converse","trs":"T40N R72W S8","fm":"PARKMAN","eur":null,"perft":null,"sound":false}},{"type":"Feature","geometry":{"type":"Point","coordinates":[-105.2916,42.7806]},"properties":{"api":"4900929051","name":"SMITH CREEK 6-32-70  B 4H","op":"CONTINENTAL RESOURCES INC","co":"Converse","trs":"T32N R70W S6","fm":"NIOBRARA","eur":87405,"perft":17812,"sound":true}},{"type":"Feature","geometry":{"type":"Point","coordinates":[-105.2918,42.7806]},"properties":{"api":"4900929052","name":"SMITH CREEK 6-32-70  B 2H","op":"CONTINENTAL RESOURCES INC","co":"Converse","trs":"T32N R70W S6","fm":"NIOBRARA","eur":9544,"perft":null,"sound":true}},{"type":"Feature","geometry":{"type":"Point","coordinates":[-105.2917,42.7806]},"properties":{"api":"4900929053","name":"SMITH CREEK 6-32-70 B  3H","op":"CONTINENTAL RESOURCES INC","co":"Converse","trs":"T32N R70W S6","fm":"NIOBRARA","eur":36122,"perft":7541,"sound":true}},{"type":"Feature","geometry":{"type":"Point","coordinates":[-105.549,43.49]},"properties":{"api":"4900929057","name":"ARBALEST 68-3006H","op":null,"co":"Converse","trs":"T41N R72W S30","fm":"FRONTIER","eur":null,"perft":null,"sound":false}},{"type":"Feature","geometry":{"type":"Point","coordinates":[-105.2789,42.8025]},"properties":{"api":"4900929060","name":"COMBS RANCH 29-33-70 C  3H","op":"CONTINENTAL RESOURCES INC","co":"Converse","trs":"T33N R70W S29","fm":"NIOBRARA","eur":107667,"perft":null,"sound":true}},{"type":"Feature","geometry":{"type":"Point","coordinates":[-105.5089,43.4484]},"properties":{"api":"4900929061","name":"MARYS DRAW 437-16H","op":"EOG RESOURCES INC","co":"Converse","trs":"T40N R72W S16","fm":"PARKMAN","eur":115115,"perft":31870,"sound":true}},{"type":"Feature","geometry":{"type":"Point","coordinates":[-105.5145,43.4487]},"properties":{"api":"4900929062","name":"MARYS DRAW 435-16H","op":"EOG RESOURCES INC","co":"Converse","trs":"T40N R72W S16","fm":"PARKMAN","eur":228999,"perft":57178,"sound":true}},{"type":"Feature","geometry":{"type":"Point","coordinates":[-105.3001,42.7688]},"properties":{"api":"4900929064","name":"SMITH CREEK 6-32-70 A  5H","op":"CONTINENTAL RESOURCES INC","co":"Converse","trs":"T32N R70W S6","fm":"NIOBRARA","eur":34912,"perft":null,"sound":true}},{"type":"Feature","geometry":{"type":"Point","coordinates":[-105.3001,42.7687]},"properties":{"api":"4900929065","name":"SMITH CREEK 6-32-70 A 3H","op":"CONTINENTAL RESOURCES INC","co":"Converse","trs":"T32N R70W S6","fm":"NIOBRARA","eur":29963,"perft":null,"sound":true}},{"type":"Feature","geometry":{"type":"Point","coordinates":[-105.3001,42.7686]},"properties":{"api":"4900929066","name":"SMITH CREEK 6-32-70 A 1H","op":"CONTINENTAL RESOURCES INC","co":"Converse","trs":"T32N R70W S6","fm":"NIOBRARA","eur":92065,"perft":null,"sound":true}},{"type":"Feature","geometry":{"type":"Point","coordinates":[-105.5204,43.4883]},"properties":{"api":"4900929069","name":"ARBALEST 440-3321H","op":"EOG RESOURCES INC","co":"Converse","trs":"T41N R72W S33","fm":"FRONTIER/TURNER","eur":355532,"perft":null,"sound":true}},{"type":"Feature","geometry":{"type":"Point","coordinates":[-105.3244,42.8111]},"properties":{"api":"4900929070","name":"COMBS RANCH 24-33-71 A  3H","op":"CONTINENTAL RESOURCES INC","co":"Converse","trs":"T33N R71W S24","fm":"NIOBRARA","eur":74146,"perft":null,"sound":true}},{"type":"Feature","geometry":{"type":"Point","coordinates":[-105.5094,43.4884]},"properties":{"api":"4900929072","name":"ARBALEST 438-3321H","op":"EOG RESOURCES INC","co":"Converse","trs":"T41N R72W S33","fm":"PARKMAN","eur":229650,"perft":null,"sound":true}},{"type":"Feature","geometry":{"type":"Point","coordinates":[-105.3437,42.811]},"properties":{"api":"4900929080","name":"WALLIS 23-33-71 A 5H","op":"CONTINENTAL RESOURCES INC","co":"Converse","trs":"T33N R71W S23","fm":"NIOBRARA","eur":46361,"perft":null,"sound":true}},{"type":"Feature","geometry":{"type":"Point","coordinates":[-105.5484,43.49]},"properties":{"api":"4900929081","name":"ARBALEST 80-3019H","op":"EOG RESOURCES INC","co":"Converse","trs":"T41N R72W S30","fm":"FRONTIER","eur":306355,"perft":null,"sound":true}},{"type":"Feature","geometry":{"type":"Point","coordinates":[-105.5486,43.49]},"properties":{"api":"4900929083","name":"ARBALEST 424-30H","op":"EOG RESOURCES INC","co":"Converse","trs":"T41N R72W S30","fm":"PARKMAN","eur":136408,"perft":12403,"sound":true}},{"type":"Feature","geometry":{"type":"Point","coordinates":[-105.5483,43.49]},"properties":{"api":"4900929084","name":"ARBALEST 81-3006H","op":"EOG RESOURCES INC","co":"Converse","trs":"T41N R72W S30","fm":"FRONTIER","eur":173039,"perft":null,"sound":true}},{"type":"Feature","geometry":{"type":"Point","coordinates":[-105.4778,43.489]},"properties":{"api":"4900929088","name":"ARBALEST 60-3502H","op":"EOG RESOURCES INC","co":"Converse","trs":"T41N R72W S35","fm":"PARKMAN","eur":271339,"perft":33058,"sound":true}},{"type":"Feature","geometry":{"type":"Point","coordinates":[-104.9404,42.8412]},"properties":{"api":"4900929089","name":"TRINITY FEE 3367-7-31M-H","op":"ANADARKO E&P ONSHORE LLC","co":"Converse","trs":"T33N R67W S7","fm":"MOWRY","eur":null,"perft":null,"sound":false}},{"type":"Feature","geometry":{"type":"Point","coordinates":[-105.2831,42.7659]},"properties":{"api":"4900929091","name":"SMITH CREEK 8-32-70 B SX 9H","op":"CONTINENTAL RESOURCES INC","co":"Converse","trs":"T32N R70W S8","fm":"SUSSEX","eur":201946,"perft":null,"sound":true}},{"type":"Feature","geometry":{"type":"Point","coordinates":[-105.9329,43.4447]},"properties":{"api":"4900929095","name":"RAZOR STATE 4076-12-1-1FH","op":"SAGE BUTTE PRB OPERATING, LLC","co":"Converse","trs":"T40N R76W S13","fm":"FRONTIER","eur":316834,"perft":33295,"sound":true}},{"type":"Feature","geometry":{"type":"Point","coordinates":[-105.3322,42.7958]},"properties":{"api":"4900929096","name":"SIMS 36-33-71 ST B 1H","op":"CONTINENTAL RESOURCES INC","co":"Converse","trs":"T33N R71W S36","fm":"NIOBRARA","eur":126248,"perft":32563,"sound":true}},{"type":"Feature","geometry":{"type":"Point","coordinates":[-105.6493,43.2294]},"properties":{"api":"4900929100","name":"HORNBUCKLE FEDERAL 21-2029 38-73BH","op":"CONTINENTAL RESOURCES INC","co":"Converse","trs":"T38N R73W S32","fm":"SUSSEX","eur":431226,"perft":null,"sound":true}},{"type":"Feature","geometry":{"type":"Point","coordinates":[-105.6689,43.2734]},"properties":{"api":"4900929101","name":"MFT BOBA FETT FEE 44-18 38-73MBH","op":null,"co":"Converse","trs":null,"fm":null,"eur":null,"perft":null,"sound":false}},{"type":"Feature","geometry":{"type":"Point","coordinates":[-105.9644,43.4452]},"properties":{"api":"4900929102","name":"GOLDEN GRIZZLY FED 4076 15-22-1SH","op":"SAGE BUTTE PRB OPERATING, LLC","co":"Converse","trs":"T40N R76W S15","fm":"SHANNON","eur":708252,"perft":null,"sound":true}},{"type":"Feature","geometry":{"type":"Point","coordinates":[-105.5204,43.4884]},"properties":{"api":"4900929103","name":"ARBALEST 245-3304H","op":"EOG RESOURCES INC","co":"Converse","trs":"T41N R72W S33","fm":"PARKMAN","eur":278096,"perft":null,"sound":true}},{"type":"Feature","geometry":{"type":"Point","coordinates":[-105.3442,42.811]},"properties":{"api":"4900929104","name":"WALLIS 23-33-71 A 2H","op":"CONTINENTAL RESOURCES INC","co":"Converse","trs":"T33N R71W S23","fm":"NIOBRARA","eur":42662,"perft":null,"sound":true}},{"type":"Feature","geometry":{"type":"Point","coordinates":[-105.3441,42.811]},"properties":{"api":"4900929105","name":"WALLIS 23-33-71 A 4H","op":"CONTINENTAL RESOURCES INC","co":"Converse","trs":"T33N R71W S23","fm":"NIOBRARA","eur":40337,"perft":null,"sound":true}},{"type":"Feature","geometry":{"type":"Point","coordinates":[-105.3278,42.7967]},"properties":{"api":"4900929106","name":"SIMS 36-33-71 ST 3H","op":"CONTINENTAL RESOURCES INC","co":"Converse","trs":"T33N R71W S25","fm":"NIOBRARA","eur":25402,"perft":null,"sound":true}},{"type":"Feature","geometry":{"type":"Point","coordinates":[-105.3278,42.7967]},"properties":{"api":"4900929107","name":"SIMS 36-33-71 ST 4H","op":"CONTINENTAL RESOURCES INC","co":"Converse","trs":"T33N R71W S25","fm":"NIOBRARA","eur":28710,"perft":null,"sound":true}},{"type":"Feature","geometry":{"type":"Point","coordinates":[-105.3034,42.8313]},"properties":{"api":"4900929111","name":"COMBS RANCH 18-33-70 A 2H","op":"CONTINENTAL RESOURCES INC","co":"Converse","trs":"T33N R70W S18","fm":"NIOBRARA","eur":133705,"perft":27093,"sound":true}},{"type":"Feature","geometry":{"type":"Point","coordinates":[-105.3246,42.8113]},"properties":{"api":"4900929114","name":"COMBS 24-33-71 A 2H","op":"CONTINENTAL RESOURCES INC","co":"Converse","trs":"T33N R71W S24","fm":"NIOBRARA","eur":57963,"perft":null,"sound":true}},{"type":"Feature","geometry":{"type":"Point","coordinates":[-105.4969,43.4741]},"properties":{"api":"4900929117","name":"MARYS DRAW 26-0310H","op":"EOG RESOURCES INC","co":"Converse","trs":"T40N R72W S3","fm":"PARKMAN","eur":341859,"perft":null,"sound":true}},{"type":"Feature","geometry":{"type":"Point","coordinates":[-105.053,43.0468]},"properties":{"api":"4900929123","name":"WERNER FED 32-293668-3XTPH","op":"DEVON ENERGY PRODUCTION COMPANY LP","co":"Converse","trs":"T36N R68W S32","fm":"TEAPOT","eur":277070,"perft":null,"sound":true}},{"type":"Feature","geometry":{"type":"Point","coordinates":[-105.4561,43.4057]},"properties":{"api":"4900929133","name":"ROBBINS UNIT 40-72 36-1PH","op":"DEVON ENERGY PRODUCTION COMPANY LP","co":"Converse","trs":"T40N R72W S36","fm":"PARKMAN","eur":189792,"perft":43791,"sound":true}},{"type":"Feature","geometry":{"type":"Point","coordinates":[-105.7248,43.1864]},"properties":{"api":"4900929134","name":"DORADO 344 10-3H","op":"CONTINENTAL RESOURCES INC","co":"Converse","trs":"T37N R74W S10","fm":"NIOBRARA","eur":766568,"perft":null,"sound":true}},{"type":"Feature","geometry":{"type":"Point","coordinates":[-105.7251,43.1864]},"properties":{"api":"4900929135","name":"DORADO 408 10-3H","op":"CONTINENTAL RESOURCES INC","co":"Converse","trs":"T37N R74W S10","fm":"FRONTIER","eur":727287,"perft":null,"sound":true}},{"type":"Feature","geometry":{"type":"Point","coordinates":[-105.0534,42.8831]},"properties":{"api":"4900929145","name":"RANKIN 32-34-68 A 1H","op":"CONTINENTAL RESOURCES INC","co":"Converse","trs":"T34N R68W S32","fm":"NIOBRARA","eur":108728,"perft":24694,"sound":true}},{"type":"Feature","geometry":{"type":"Point","coordinates":[-105.3847,43.1967]},"properties":{"api":"4900929154","name":"SHELDEN DRAW UNIT 37-71 9-1PH","op":"DEVON ENERGY PRODUCTION COMPANY LP","co":"Converse","trs":"T37N R71W S9","fm":"PARKMAN","eur":352347,"perft":null,"sound":true}},{"type":"Feature","geometry":{"type":"Point","coordinates":[-105.3958,43.43]},"properties":{"api":"4900929155","name":"BLADE 200-2116H","op":"EOG RESOURCES INC","co":"Converse","trs":"T40N R71W S21","fm":"MOWRY","eur":147134,"perft":24384,"sound":true}},{"type":"Feature","geometry":{"type":"Point","coordinates":[-105.4215,43.1755]},"properties":{"api":"4900929156","name":"SHELDEN DRAW UNIT 37-71 18-1PH","op":"DEVON ENERGY PRODUCTION COMPANY LP","co":"Converse","trs":"T37N R71W S18","fm":"PARKMAN","eur":557511,"perft":null,"sound":true}},{"type":"Feature","geometry":{"type":"Point","coordinates":[-105.168,42.8349]},"properties":{"api":"4900929163","name":"YORK RANCH 17-33-69 A 5H","op":"CONTINENTAL RESOURCES INC","co":"Converse","trs":"T33N R69W S17","fm":"NIOBRARA","eur":101307,"perft":null,"sound":true}},{"type":"Feature","geometry":{"type":"Point","coordinates":[-105.1684,42.8349]},"properties":{"api":"4900929165","name":"YORK RANCH 17-33-69 A 2H","op":"CONTINENTAL RESOURCES INC","co":"Converse","trs":"T33N R69W S17","fm":"NIOBRARA","eur":null,"perft":null,"sound":false}},{"type":"Feature","geometry":{"type":"Point","coordinates":[-105.1683,42.8349]},"properties":{"api":"4900929166","name":"YORK RANCH 17-33-69 A 3H","op":"CONTINENTAL RESOURCES INC","co":"Converse","trs":"T33N R69W S17","fm":"NIOBRARA","eur":52481,"perft":null,"sound":true}},{"type":"Feature","geometry":{"type":"Point","coordinates":[-105.1681,42.8349]},"properties":{"api":"4900929167","name":"YORK RANCH 17-33-69 A 4H","op":"CONTINENTAL RESOURCES INC","co":"Converse","trs":"T33N R69W S17","fm":"NIOBRARA","eur":325543,"perft":null,"sound":true}},{"type":"Feature","geometry":{"type":"Point","coordinates":[-105.5206,43.4885]},"properties":{"api":"4900929173","name":"ARBALEST 439-3304H","op":"EOG RESOURCES INC","co":"Converse","trs":"T41N R72W S33","fm":"FRONTIER/TURNER","eur":165108,"perft":null,"sound":true}},{"type":"Feature","geometry":{"type":"Point","coordinates":[-105.5341,43.4503]},"properties":{"api":"4900929174","name":"MARYS DRAW 405-08H","op":"EOG RESOURCES INC","co":"Converse","trs":"T40N R72W S8","fm":"PARKMAN","eur":235422,"perft":null,"sound":true}},{"type":"Feature","geometry":{"type":"Point","coordinates":[-105.2317,42.8463]},"properties":{"api":"4900929175","name":"COMBS RANCH 11-33-70 B 2H","op":"CONTINENTAL RESOURCES INC","co":"Converse","trs":"T33N R70W S11","fm":"NIOBRARA","eur":146401,"perft":null,"sound":true}},{"type":"Feature","geometry":{"type":"Point","coordinates":[-105.2313,42.8463]},"properties":{"api":"4900929176","name":"COMBS RANCH 11-33-70 B 5H","op":"CONTINENTAL RESOURCES INC","co":"Converse","trs":"T33N R70W S11","fm":"NIOBRARA","eur":166350,"perft":null,"sound":true}},{"type":"Feature","geometry":{"type":"Point","coordinates":[-105.1651,42.9055]},"properties":{"api":"4900929177","name":"LINDEN 20-34-69 B 2H","op":"CONTINENTAL RESOURCES INC","co":"Converse","trs":"T34N R69W S20","fm":"NIOBRARA","eur":null,"perft":null,"sound":false}},{"type":"Feature","geometry":{"type":"Point","coordinates":[-105.1646,42.9055]},"properties":{"api":"4900929178","name":"LINDEN 20-34-69 B 6H","op":"CONTINENTAL RESOURCES INC","co":"Converse","trs":"T34N R69W S20","fm":"NIOBRARA","eur":null,"perft":null,"sound":false}},{"type":"Feature","geometry":{"type":"Point","coordinates":[-105.9717,43.4461]},"properties":{"api":"4900929179","name":"WIBAUX GOLD FEDERAL 4076 10-3-1SH","op":"SAGE BUTTE PRB OPERATING, LLC","co":"Converse","trs":"T40N R76W S10","fm":"SHANNON","eur":669040,"perft":null,"sound":true}},{"type":"Feature","geometry":{"type":"Point","coordinates":[-105.8096,43.3884]},"properties":{"api":"4900929190","name":"SPEARHEAD STATE 24-36 40-75H","op":"CONTINENTAL RESOURCES INC","co":"Converse","trs":"T40N R75W S36","fm":"SUSSEX","eur":169374,"perft":34245,"sound":true}},{"type":"Feature","geometry":{"type":"Point","coordinates":[-105.0652,43.074]},"properties":{"api":"4900929193","name":"MOORE LAND TRUST 36-68 19-1TH","op":"DEVON ENERGY PRODUCTION COMPANY LP","co":"Converse","trs":"T36N R68W S30","fm":"TEAPOT SAND","eur":244694,"perft":62726,"sound":true}},{"type":"Feature","geometry":{"type":"Point","coordinates":[-105.2703,42.8025]},"properties":{"api":"4900929195","name":"COMBS RANCH 28-33-70 A 2H","op":"CONTINENTAL RESOURCES INC","co":"Converse","trs":"T33N R70W S28","fm":"NIOBRARA","eur":70715,"perft":null,"sound":true}},{"type":"Feature","geometry":{"type":"Point","coordinates":[-105.27,42.8025]},"properties":{"api":"4900929196","name":"COMBS RANCH 28-33-70 A 4H","op":"CONTINENTAL RESOURCES INC","co":"Converse","trs":"T33N R70W S28","fm":"NIOBRARA","eur":165162,"perft":null,"sound":true}},{"type":"Feature","geometry":{"type":"Point","coordinates":[-105.2698,42.8025]},"properties":{"api":"4900929197","name":"COMBS RANCH 28-33-70 A 6H","op":"CONTINENTAL RESOURCES INC","co":"Converse","trs":"T33N R70W S28","fm":"NIOBRARA","eur":169990,"perft":null,"sound":true}},{"type":"Feature","geometry":{"type":"Point","coordinates":[-105.3561,43.4073]},"properties":{"api":"4900929198","name":"PRCC 264071-2TH","op":"DEVON ENERGY PRODUCTION COMPANY LP","co":"Converse","trs":"T40N R71W S26","fm":"TURNER","eur":161753,"perft":null,"sound":true}},{"type":"Feature","geometry":{"type":"Point","coordinates":[-105.3563,43.4074]},"properties":{"api":"4900929199","name":"PRCC 264071-1TH","op":"DEVON ENERGY PRODUCTION COMPANY LP","co":"Converse","trs":"T40N R71W S26","fm":"TURNER","eur":139040,"perft":null,"sound":true}},{"type":"Feature","geometry":{"type":"Point","coordinates":[-105.2833,42.7659]},"properties":{"api":"4900929200","name":"SMITH CREEK 8-32-70 B SX 7H","op":"CONTINENTAL RESOURCES INC","co":"Converse","trs":"T32N R70W S8","fm":"SUSSEX","eur":91968,"perft":null,"sound":true}},{"type":"Feature","geometry":{"type":"Point","coordinates":[-105.0173,43.1044]},"properties":{"api":"4900929209","name":"SKELETON SPRING UNIT 36-68 10-1TH","op":"DEVON ENERGY PRODUCTION COMPANY LP","co":"Converse","trs":"T36N R68W S10","fm":"TEAPOT SAND","eur":110060,"perft":null,"sound":true}},{"type":"Feature","geometry":{"type":"Point","coordinates":[-105.4886,43.4741]},"properties":{"api":"4900929212","name":"MARYS DRAW 209-0310H","op":"EOG RESOURCES INC","co":"Converse","trs":"T40N R72W S3","fm":"PARKMAN","eur":210673,"perft":null,"sound":true}},{"type":"Feature","geometry":{"type":"Point","coordinates":[-105.3533,42.8115]},"properties":{"api":"4900929221","name":"WALLIS 23-33-71 B 3H","op":"CONTINENTAL RESOURCES INC","co":"Converse","trs":"T33N R71W S23","fm":"NIOBRARA","eur":106108,"perft":null,"sound":true}},{"type":"Feature","geometry":{"type":"Point","coordinates":[-105.1821,43.1615]},"properties":{"api":"4900929222","name":"CROW UNIT 37-69 19-1NH","op":"DEVON ENERGY PRODUCTION COMPANY LP","co":"Converse","trs":"T37N R69W S19","fm":"NIOBRARA","eur":102617,"perft":28106,"sound":true}},{"type":"Feature","geometry":{"type":"Point","coordinates":[-105.6729,43.2856]},"properties":{"api":"4900929224","name":"HARDY FED 34-7 38-73BH","op":"CONTINENTAL RESOURCES INC","co":"Converse","trs":"T38N R73W S7","fm":"SUSSEX","eur":153958,"perft":39537,"sound":true}},{"type":"Feature","geometry":{"type":"Point","coordinates":[-105.3784,43.1023]},"properties":{"api":"4900929225","name":"HERRON 36-71 9-1PH","op":"MATRIX PRODUCTION COMPANY","co":"Converse","trs":"T36N R71W S9","fm":"PARKMAN","eur":233383,"perft":54465,"sound":true}},{"type":"Feature","geometry":{"type":"Point","coordinates":[-104.9944,42.7987]},"properties":{"api":"4900929229","name":"SHAWNEE FEE 3368-26-11N-H","op":"KERR-MCGEE OIL & GAS ONSHORE LP","co":"Converse","trs":"T33N R68W S26","fm":"NIOBRARA","eur":329269,"perft":null,"sound":true}},{"type":"Feature","geometry":{"type":"Point","coordinates":[-104.9363,42.9903]},"properties":{"api":"4900929231","name":"BRECKENRIDGE UNIT 14-20-2H","op":"T K RESOURCES LLC","co":"Converse","trs":"T35N R67W S20","fm":"TEAPOT","eur":145127,"perft":null,"sound":true}},{"type":"Feature","geometry":{"type":"Point","coordinates":[-104.9363,42.9904]},"properties":{"api":"4900929232","name":"BRECKENRIDGE UNIT 14-20-1H","op":"T K RESOURCES LLC","co":"Converse","trs":"T35N R67W S20","fm":"TEAPOT","eur":217208,"perft":null,"sound":true}},{"type":"Feature","geometry":{"type":"Point","coordinates":[-105.4534,43.2465]},"properties":{"api":"4900929236","name":"COTTONWOOD DRAW UNIT 38-72 24-1PH","op":"DEVON ENERGY PRODUCTION COMPANY LP","co":"Converse","trs":"T38N R72W S24","fm":"PARKMAN","eur":35778,"perft":9001,"sound":true}},{"type":"Feature","geometry":{"type":"Point","coordinates":[-105.4696,43.489]},"properties":{"api":"4900929242","name":"ARBALEST 61-3502H","op":"EOG RESOURCES INC","co":"Converse","trs":"T41N R72W S35","fm":"PARKMAN","eur":null,"perft":null,"sound":false}},{"type":"Feature","geometry":{"type":"Point","coordinates":[-104.9131,42.9707]},"properties":{"api":"4900929243","name":"BU 11-33-1H","op":"ROCKIES RESOURCES HOLDINGS LLC","co":"Converse","trs":"T35N R67W S33","fm":"TEAPOT","eur":325104,"perft":31860,"sound":true}},{"type":"Feature","geometry":{"type":"Point","coordinates":[-105.0327,42.8259]},"properties":{"api":"4900929244","name":"WYOMING 16-33-68 ST A 2H","op":"CONTINENTAL RESOURCES INC","co":"Converse","trs":"T33N R68W S16","fm":"NIOBRARA","eur":286638,"perft":null,"sound":true}},{"type":"Feature","geometry":{"type":"Point","coordinates":[-105.4656,43.3326]},"properties":{"api":"4900929247","name":"ROBBINS UNIT 39-72 26-3PH","op":"DEVON ENERGY PRODUCTION COMPANY LP","co":"Converse","trs":"T39N R72W S26","fm":"PARKMAN","eur":239704,"perft":58350,"sound":true}},{"type":"Feature","geometry":{"type":"Point","coordinates":[-105.4655,43.3321]},"properties":{"api":"4900929249","name":"ROBBINS UNIT 39-72 26-1PH","op":"DEVON ENERGY PRODUCTION COMPANY LP","co":"Converse","trs":"T39N R72W S26","fm":null,"eur":238092,"perft":null,"sound":true}},{"type":"Feature","geometry":{"type":"Point","coordinates":[-105.4657,43.3326]},"properties":{"api":"4900929250","name":"ROBBINS UNIT 39-72 26-4PH","op":"DEVON ENERGY PRODUCTION COMPANY LP","co":"Converse","trs":"T39N R72W S26","fm":"PARKMAN","eur":240331,"perft":55021,"sound":true}},{"type":"Feature","geometry":{"type":"Point","coordinates":[-105.9664,43.3878]},"properties":{"api":"4900929251","name":"SLURRY BOMBER FED 4076-34-27-1SH","op":"SAGE BUTTE PRB OPERATING, LLC","co":"Converse","trs":"T40N R76W S34","fm":"SHANNON","eur":800158,"perft":null,"sound":true}},{"type":"Feature","geometry":{"type":"Point","coordinates":[-105.4491,43.4887]},"properties":{"api":"4900929255","name":"ARBALEST 62-3601H","op":"EOG RESOURCES INC","co":"Converse","trs":"T41N R72W S36","fm":"FRONTIER","eur":231917,"perft":null,"sound":true}},{"type":"Feature","geometry":{"type":"Point","coordinates":[-105.5093,43.4886]},"properties":{"api":"4900929260","name":"ARBALEST 413-3304H","op":"EOG RESOURCES INC","co":"Converse","trs":"T41N R72W S33","fm":"FRONTIER/TURNER","eur":null,"perft":null,"sound":false}},{"type":"Feature","geometry":{"type":"Point","coordinates":[-105.5092,43.4888]},"properties":{"api":"4900929261","name":"ARBALEST 244-3321H","op":"EOG RESOURCES INC","co":"Converse","trs":"T41N R72W S33","fm":"FRONTIER/TURNER","eur":385429,"perft":null,"sound":true}},{"type":"Feature","geometry":{"type":"Point","coordinates":[-105.2789,42.8023]},"properties":{"api":"4900929269","name":"COMBS 29-33-70 C SX 7H","op":"CONTINENTAL RESOURCES INC","co":"Converse","trs":"T33N R70W S29","fm":"SUSSEX","eur":490708,"perft":102316,"sound":true}},{"type":"Feature","geometry":{"type":"Point","coordinates":[-105.3689,43.4063]},"properties":{"api":"4900929271","name":"BLADE 13-34H","op":"EOG RESOURCES INC","co":"Converse","trs":"T40N R71W S34","fm":"TURNER","eur":145011,"perft":null,"sound":true}},{"type":"Feature","geometry":{"type":"Point","coordinates":[-105.369,43.4063]},"properties":{"api":"4900929272","name":"BLADE 212-34H","op":"EOG RESOURCES INC","co":"Converse","trs":"T40N R71W S34","fm":"TURNER","eur":null,"perft":null,"sound":false}},{"type":"Feature","geometry":{"type":"Point","coordinates":[-105.3145,42.8421]},"properties":{"api":"4900929273","name":"COMBS RANCH 7-33-70 USA B 5H","op":"CONTINENTAL RESOURCES INC","co":"Converse","trs":"T33N R70W S7","fm":"NIOBRARA","eur":69395,"perft":7610,"sound":true}},{"type":"Feature","geometry":{"type":"Point","coordinates":[-105.3147,42.842]},"properties":{"api":"4900929275","name":"COMBS RANCH 7-33-70 USA B 1H","op":"CONTINENTAL RESOURCES INC","co":"Converse","trs":"T33N R70W S7","fm":"NIOBRARA","eur":185318,"perft":19440,"sound":true}},{"type":"Feature","geometry":{"type":"Point","coordinates":[-105.3956,43.43]},"properties":{"api":"4900929286","name":"BLADE 3-2116H","op":"EOG RESOURCES INC","co":"Converse","trs":"T40N R71W S21","fm":"TURNER","eur":null,"perft":null,"sound":false}},{"type":"Feature","geometry":{"type":"Point","coordinates":[-105.4958,43.4741]},"properties":{"api":"4900929287","name":"MARYS DRAW 423-0310H","op":"EOG RESOURCES INC","co":"Converse","trs":"T40N R72W S3","fm":"PARKMAN","eur":231830,"perft":null,"sound":true}},{"type":"Feature","geometry":{"type":"Point","coordinates":[-105.3954,43.43]},"properties":{"api":"4900929290","name":"BLADE 202-2116H","op":"EOG RESOURCES INC","co":"Converse","trs":"T40N R71W S21","fm":"TURNER","eur":348796,"perft":null,"sound":true}},{"type":"Feature","geometry":{"type":"Point","coordinates":[-105.7537,43.1297]},"properties":{"api":"4900929295","name":"VIRGO 408 33-28H","op":"CONTINENTAL RESOURCES INC","co":"Converse","trs":"T37N R74W S33","fm":"FRONTIER","eur":659574,"perft":null,"sound":true}},{"type":"Feature","geometry":{"type":"Point","coordinates":[-105.0658,43.0024]},"properties":{"api":"4900929303","name":"MOORE 3-18-1H","op":"MATRIX PRODUCTION COMPANY","co":"Converse","trs":"T35N R68W S18","fm":"TEAPOT","eur":373687,"perft":null,"sound":true}},{"type":"Feature","geometry":{"type":"Point","coordinates":[-105.1966,43.1606]},"properties":{"api":"4900929304","name":"CROW UNIT 37-69 30-1TH","op":"DEVON ENERGY PRODUCTION COMPANY LP","co":"Converse","trs":"T37N R69W S30","fm":"TEAPOT SAND","eur":34757,"perft":null,"sound":true}},{"type":"Feature","geometry":{"type":"Point","coordinates":[-105.4555,43.4057]},"properties":{"api":"4900929305","name":"ROBBINS 40-72 36-2PH","op":"DEVON ENERGY PRODUCTION COMPANY LP","co":"Converse","trs":"T40N R72W S36","fm":"PARKMAN","eur":198097,"perft":44869,"sound":true}},{"type":"Feature","geometry":{"type":"Point","coordinates":[-105.1943,42.8196]},"properties":{"api":"4900929306","name":"YORK RANCH 19-33-69 B 2H","op":"CONTINENTAL RESOURCES INC","co":"Converse","trs":"T33N R69W S19","fm":"NIOBRARA","eur":247081,"perft":null,"sound":true}},{"type":"Feature","geometry":{"type":"Point","coordinates":[-105.194,42.8196]},"properties":{"api":"4900929307","name":"YORK RANCH 19-33-69 B 4H","op":"CONTINENTAL RESOURCES INC","co":"Converse","trs":"T33N R69W S19","fm":"NIOBRARA","eur":69264,"perft":12156,"sound":true}},{"type":"Feature","geometry":{"type":"Point","coordinates":[-105.1938,42.8196]},"properties":{"api":"4900929308","name":"YORK RANCH 19-33-69 B 6H","op":"CONTINENTAL RESOURCES INC","co":"Converse","trs":"T33N R69W S19","fm":"NIOBRARA","eur":147542,"perft":23419,"sound":true}},{"type":"Feature","geometry":{"type":"Point","coordinates":[-105.4663,43.4343]},"properties":{"api":"4900929309","name":"MARYS DRAW 431-23H","op":"EOG RESOURCES INC","co":"Converse","trs":"T40N R72W S23","fm":"PARKMAN","eur":144249,"perft":null,"sound":true}},{"type":"Feature","geometry":{"type":"Point","coordinates":[-105.5095,43.4484]},"properties":{"api":"4900929315","name":"MARYS DRAW 433-1621H","op":"EOG RESOURCES INC","co":"Converse","trs":"T40N R72W S16","fm":"TURNER","eur":null,"perft":null,"sound":false}},{"type":"Feature","geometry":{"type":"Point","coordinates":[-105.5092,43.4484]},"properties":{"api":"4900929317","name":"MARYS DRAW 36-1621H","op":"EOG RESOURCES INC","co":"Converse","trs":"T40N R72W S16","fm":"TURNER","eur":null,"perft":null,"sound":false}},{"type":"Feature","geometry":{"type":"Point","coordinates":[-105.1427,43.189]},"properties":{"api":"4900929318","name":"CROW UNIT 37-69 16-1TH","op":"DEVON ENERGY PRODUCTION COMPANY LP","co":"Converse","trs":"T37N R69W S16","fm":"TEAPOT SAND","eur":185769,"perft":42268,"sound":true}},{"type":"Feature","geometry":{"type":"Point","coordinates":[-105.8734,43.3591]},"properties":{"api":"4900929319","name":"DYNAMITE STATE 3975-16-21-1FH","op":"SAGE BUTTE PRB OPERATING, LLC","co":"Converse","trs":"T39N R75W S16","fm":"FRONTIER","eur":186204,"perft":null,"sound":true}},{"type":"Feature","geometry":{"type":"Point","coordinates":[-105.3771,42.798]},"properties":{"api":"4900929323","name":"MVL 33-33-71 B 7H","op":"CONTINENTAL RESOURCES INC","co":"Converse","trs":"T33N R71W S28","fm":"NIOBRARA","eur":112445,"perft":null,"sound":true}},{"type":"Feature","geometry":{"type":"Point","coordinates":[-105.1827,43.1626]},"properties":{"api":"4900929346","name":"CROW UNIT 37-69 19-1TH","op":"DEVON ENERGY PRODUCTION COMPANY LP","co":"Converse","trs":"T37N R69W S19","fm":"TEAPOT","eur":45890,"perft":8578,"sound":true}},{"type":"Feature","geometry":{"type":"Point","coordinates":[-105.3764,43.4073]},"properties":{"api":"4900929354","name":"PRCC FED 274071-1TH","op":"DEVON ENERGY PRODUCTION COMPANY LP","co":"Converse","trs":"T40N R71W S27","fm":"TURNER","eur":240271,"perft":null,"sound":true}},{"type":"Feature","geometry":{"type":"Point","coordinates":[-105.3758,43.4074]},"properties":{"api":"4900929357","name":"PRCC FED 274071-2TH","op":"DEVON ENERGY PRODUCTION COMPANY LP","co":"Converse","trs":"T40N R71W S27","fm":"TURNER","eur":null,"perft":null,"sound":false}},{"type":"Feature","geometry":{"type":"Point","coordinates":[-105.3772,42.798]},"properties":{"api":"4900929364","name":"MVL 28-33-71 B 7H","op":"CONTINENTAL RESOURCES INC","co":"Converse","trs":"T33N R71W S28","fm":"NIOBRARA","eur":null,"perft":null,"sound":false}},{"type":"Feature","geometry":{"type":"Point","coordinates":[-104.9544,42.841]},"properties":{"api":"4900929365","name":"TRINITY FEE 3367-7-11N-H","op":"ANADARKO E&P ONSHORE LLC","co":"Converse","trs":"T33N R67W S7","fm":"NIOBRARA","eur":236604,"perft":null,"sound":true}},{"type":"Feature","geometry":{"type":"Point","coordinates":[-104.9542,42.841]},"properties":{"api":"4900929366","name":"TRINITY FEE 3367-7-E21N-H","op":"ANADARKO E&P ONSHORE LLC","co":"Converse","trs":"T33N R67W S7","fm":"NIOBRARA","eur":144720,"perft":null,"sound":true}},{"type":"Feature","geometry":{"type":"Point","coordinates":[-104.9543,42.841]},"properties":{"api":"4900929367","name":"TRINITY FEE 3367-7-W21N-H","op":"ANADARKO E&P ONSHORE LLC","co":"Converse","trs":"T33N R67W S7","fm":"NIOBRARA","eur":108901,"perft":null,"sound":true}},{"type":"Feature","geometry":{"type":"Point","coordinates":[-105.8931,43.416]},"properties":{"api":"4900929368","name":"CHICO FED 4075-29-32-1FH","op":"SAGE BUTTE PRB OPERATING, LLC","co":"Converse","trs":"T40N R75W S29","fm":"FRONTIER","eur":89467,"perft":9495,"sound":true}},{"type":"Feature","geometry":{"type":"Point","coordinates":[-105.9135,43.4446]},"properties":{"api":"4900929370","name":"GOOD MEDICINE FED 4075-18-19-1SH","op":"SAGE BUTTE PRB OPERATING, LLC","co":"Converse","trs":"T40N R75W S18","fm":"SHANNON","eur":141827,"perft":null,"sound":true}},{"type":"Feature","geometry":{"type":"Point","coordinates":[-105.9133,43.4446]},"properties":{"api":"4900929371","name":"PAINT FEDERAL 4075-18-19-1FH","op":"SAGE BUTTE PRB OPERATING, LLC","co":"Converse","trs":"T40N R75W S18","fm":"FRONTIER","eur":230273,"perft":null,"sound":true}},{"type":"Feature","geometry":{"type":"Point","coordinates":[-105.1248,43.1506]},"properties":{"api":"4900929385","name":"CROW UNIT 37-69 27-1TH","op":"DEVON ENERGY PRODUCTION COMPANY LP","co":"Converse","trs":"T37N R69W S27","fm":"TEAPOT","eur":284938,"perft":53864,"sound":true}},{"type":"Feature","geometry":{"type":"Point","coordinates":[-105.3771,42.7978]},"properties":{"api":"4900929398","name":"MVL 33-33-71 B 6H","op":"CONTINENTAL RESOURCES INC","co":"Converse","trs":"T33N R71W S28","fm":"NIOBRARA","eur":51650,"perft":null,"sound":true}},{"type":"Feature","geometry":{"type":"Point","coordinates":[-105.2926,42.799]},"properties":{"api":"4900929411","name":"COMBS RANCH 29-33-70 B 7H","op":"CONTINENTAL RESOURCES INC","co":"Converse","trs":"T33N R70W S29","fm":"NIOBRARA","eur":36631,"perft":null,"sound":true}},{"type":"Feature","geometry":{"type":"Point","coordinates":[-105.8107,43.1848]},"properties":{"api":"4900929417","name":"ORION 409 13-24H","op":"CONTINENTAL RESOURCES INC","co":"Converse","trs":"T37N R75W S13","fm":"FRONTIER","eur":999781,"perft":null,"sound":true}},{"type":"Feature","geometry":{"type":"Point","coordinates":[-105.377,42.7977]},"properties":{"api":"4900929418","name":"MVL 33-33-71 B 5H","op":"CONTINENTAL RESOURCES INC","co":"Converse","trs":"T33N R71W S28","fm":"NIOBRARA","eur":115570,"perft":null,"sound":true}},{"type":"Feature","geometry":{"type":"Point","coordinates":[-105.377,42.7978]},"properties":{"api":"4900929419","name":"MVL 28-33-71 B 6H","op":"CONTINENTAL RESOURCES INC","co":"Converse","trs":"T33N R71W S28","fm":"NIOBRARA","eur":83297,"perft":null,"sound":true}},{"type":"Feature","geometry":{"type":"Point","coordinates":[-105.4839,43.3928]},"properties":{"api":"4900929429","name":"MARYS DRAW 468-34H","op":"EOG RESOURCES INC","co":"Converse","trs":"T40N R72W S34","fm":"PARKMAN","eur":82614,"perft":null,"sound":true}},{"type":"Feature","geometry":{"type":"Point","coordinates":[-105.4829,43.3928]},"properties":{"api":"4900929430","name":"MARYS DRAW 467-34H","op":"EOG RESOURCES INC","co":"Converse","trs":"T40N R72W S34","fm":"PARKMAN","eur":127400,"perft":null,"sound":true}},{"type":"Feature","geometry":{"type":"Point","coordinates":[-105.1732,43.1614]},"properties":{"api":"4900929434","name":"CROW UNIT 37-69 20-1TH","op":"DEVON ENERGY PRODUCTION COMPANY LP","co":"Converse","trs":"T37N R69W S20","fm":"TEAPOT SAND","eur":181866,"perft":35576,"sound":true}},{"type":"Feature","geometry":{"type":"Point","coordinates":[-105.1732,43.1621]},"properties":{"api":"4900929435","name":"CROW UNIT 37-69 20-4TH","op":"DEVON ENERGY PRODUCTION COMPANY LP","co":"Converse","trs":"T37N R69W S20","fm":"TEAPOT SAND","eur":119757,"perft":31001,"sound":true}},{"type":"Feature","geometry":{"type":"Point","coordinates":[-105.1732,43.1621]},"properties":{"api":"4900929436","name":"CROW UNIT 37-69 20-3TH","op":"DEVON ENERGY PRODUCTION COMPANY LP","co":"Converse","trs":"T37N R69W S20","fm":"TEAPOT SAND","eur":70231,"perft":18218,"sound":true}},{"type":"Feature","geometry":{"type":"Point","coordinates":[-105.5199,43.4342]},"properties":{"api":"4900929438","name":"CONDOR FEDERAL 2H","op":"EOG RESOURCES INC","co":"Converse","trs":"T40N R72W S21","fm":"PARKMAN","eur":306783,"perft":null,"sound":true}},{"type":"Feature","geometry":{"type":"Point","coordinates":[-105.2927,42.799]},"properties":{"api":"4900929439","name":"COMBS RANCH 29-33-70 B 3H","op":"CONTINENTAL RESOURCES INC","co":"Converse","trs":"T33N R70W S29","fm":"NIOBRARA","eur":95762,"perft":null,"sound":true}},{"type":"Feature","geometry":{"type":"Point","coordinates":[-105.2925,42.799]},"properties":{"api":"4900929441","name":"COMBS RANCH 29-33-70 B 5H","op":"CONTINENTAL RESOURCES INC","co":"Converse","trs":"T33N R70W S29","fm":"NIOBRARA","eur":31396,"perft":null,"sound":true}},{"type":"Feature","geometry":{"type":"Point","coordinates":[-105.4945,43.3923]},"properties":{"api":"4900929442","name":"MARYS DRAW 270-34H","op":"EOG RESOURCES INC","co":"Converse","trs":"T40N R72W S34","fm":"FRONTIER/TURNER","eur":133398,"perft":null,"sound":true}},{"type":"Feature","geometry":{"type":"Point","coordinates":[-105.2924,42.799]},"properties":{"api":"4900929443","name":"COMBS 29-33-70 B SX 11H","op":"CONTINENTAL RESOURCES INC","co":"Converse","trs":"T33N R70W S29","fm":"SUSSEX","eur":119802,"perft":null,"sound":true}},{"type":"Feature","geometry":{"type":"Point","coordinates":[-105.0502,42.9021]},"properties":{"api":"4900929445","name":"TRINITY FEE 3468-20-21N-H","op":"ANADARKO E&P ONSHORE LLC","co":"Converse","trs":"T34N R68W S20","fm":"NIOBRARA","eur":133064,"perft":null,"sound":true}},{"type":"Feature","geometry":{"type":"Point","coordinates":[-105.0502,42.902]},"properties":{"api":"4900929446","name":"TRINITY FEE 3468-20-21T-H","op":"ANADARKO E&P ONSHORE LLC","co":"Converse","trs":"T34N R68W S20","fm":"TURNER","eur":216320,"perft":null,"sound":true}},{"type":"Feature","geometry":{"type":"Point","coordinates":[-105.4988,43.4344]},"properties":{"api":"4900929447","name":"MARYS DRAW 462-2227H","op":"EOG RESOURCES INC","co":"Converse","trs":"T40N R72W S22","fm":"PARKMAN","eur":315540,"perft":null,"sound":true}},{"type":"Feature","geometry":{"type":"Point","coordinates":[-105.056,42.8685]},"properties":{"api":"4900929448","name":"RANKIN 5-33-68 A TR 1H","op":"CONTINENTAL RESOURCES INC","co":"Converse","trs":"T33N R68W S5","fm":"TURNER","eur":240112,"perft":null,"sound":true}},{"type":"Feature","geometry":{"type":"Point","coordinates":[-105.4459,43.4365]},"properties":{"api":"4900929452","name":"MARYS DRAW 415-13H","op":"EOG RESOURCES INC","co":"Converse","trs":"T40N R72W S13","fm":"PARKMAN","eur":87414,"perft":22865,"sound":true}},{"type":"Feature","geometry":{"type":"Point","coordinates":[-105.4988,43.4347]},"properties":{"api":"4900929458","name":"MARYS DRAW 478-22H","op":"EOG RESOURCES INC","co":"Converse","trs":"T40N R72W S22","fm":"PARKMAN","eur":131562,"perft":null,"sound":true}},{"type":"Feature","geometry":{"type":"Point","coordinates":[-105.4984,43.4347]},"properties":{"api":"4900929460","name":"MARYS DRAW 266-22H","op":"EOG RESOURCES INC","co":"Converse","trs":"T40N R72W S22","fm":"TURNER","eur":315987,"perft":null,"sound":true}},{"type":"Feature","geometry":{"type":"Point","coordinates":[-105.499,43.4344]},"properties":{"api":"4900929461","name":"MARYS DRAW 461-2227H","op":"EOG RESOURCES INC","co":"Converse","trs":"T40N R72W S22","fm":"TURNER","eur":250961,"perft":null,"sound":true}},{"type":"Feature","geometry":{"type":"Point","coordinates":[-105.4992,43.4344]},"properties":{"api":"4900929462","name":"MARYS DRAW 267-2227H","op":"EOG RESOURCES INC","co":"Converse","trs":"T40N R72W S22","fm":"TURNER","eur":323454,"perft":null,"sound":true}},{"type":"Feature","geometry":{"type":"Point","coordinates":[-105.4873,43.4361]},"properties":{"api":"4900929463","name":"MARYS DRAW 411-15H","op":"EOG RESOURCES INC","co":"Converse","trs":"T40N R72W S15","fm":"PARKMAN","eur":139723,"perft":null,"sound":true}},{"type":"Feature","geometry":{"type":"Point","coordinates":[-105.5205,43.4884]},"properties":{"api":"4900929464","name":"ARBALEST 54-33H","op":"EOG RESOURCES INC","co":"Converse","trs":"T41N R72W S33","fm":"PARKMAN","eur":87799,"perft":null,"sound":true}},{"type":"Feature","geometry":{"type":"Point","coordinates":[-105.073,43.0898]},"properties":{"api":"4900929468","name":"MOORE LAND TRUST 36-68 18-3TH","op":"DEVON ENERGY PRODUCTION COMPANY LP","co":"Converse","trs":"T36N R68W S18","fm":"TEAPOT SAND","eur":205102,"perft":null,"sound":true}},{"type":"Feature","geometry":{"type":"Point","coordinates":[-105.5357,43.3921]},"properties":{"api":"4900929469","name":"MARYS DRAW 268-3229H","op":"EOG RESOURCES INC","co":"Converse","trs":"T40N R72W S32","fm":"TURNER","eur":314042,"perft":null,"sound":true}},{"type":"Feature","geometry":{"type":"Point","coordinates":[-105.5359,43.3921]},"properties":{"api":"4900929471","name":"MARYS DRAW 463-3230H","op":"EOG RESOURCES INC","co":"Converse","trs":"T40N R72W S32","fm":"TURNER","eur":334878,"perft":null,"sound":true}},{"type":"Feature","geometry":{"type":"Point","coordinates":[-105.5356,43.3921]},"properties":{"api":"4900929472","name":"MARYS DRAW 464-3229H","op":"EOG RESOURCES INC","co":"Converse","trs":"T40N R72W S32","fm":"TURNER","eur":439664,"perft":null,"sound":true}},{"type":"Feature","geometry":{"type":"Point","coordinates":[-105.3424,42.9829]},"properties":{"api":"4900929480","name":"GRAHAM 26-35-71 A SX 10H","op":"CONTINENTAL RESOURCES INC","co":"Converse","trs":"T35N R71W S26","fm":"SUSSEX","eur":365186,"perft":82342,"sound":true}},{"type":"Feature","geometry":{"type":"Point","coordinates":[-105.4886,43.474]},"properties":{"api":"4900929488","name":"MARYS DRAW 455-0310H","op":"EOG RESOURCES INC","co":"Converse","trs":"T40N R72W S3","fm":"LEWIS","eur":468748,"perft":null,"sound":true}},{"type":"Feature","geometry":{"type":"Point","coordinates":[-105.7304,43.2859]},"properties":{"api":"4900929495","name":"PAINT ROCK CREEK 3874-10-1NH","op":"WRC ENERGY LLC","co":"Converse","trs":"T38N R74W S10","fm":null,"eur":null,"perft":null,"sound":false}},{"type":"Feature","geometry":{"type":"Point","coordinates":[-105.1439,43.0896]},"properties":{"api":"4900929497","name":"WERNER STATE 36-69 16-4TH","op":"DEVON ENERGY PRODUCTION COMPANY LP","co":"Converse","trs":"T36N R69W S16","fm":"TEAPOT SAND","eur":116576,"perft":null,"sound":true}},{"type":"Feature","geometry":{"type":"Point","coordinates":[-105.1441,43.0896]},"properties":{"api":"4900929498","name":"WERNER STATE 36-69 16-3TH","op":"DEVON ENERGY PRODUCTION COMPANY LP","co":"Converse","trs":"T36N R69W S16","fm":"TEAPOT SAND","eur":143699,"perft":null,"sound":true}},{"type":"Feature","geometry":{"type":"Point","coordinates":[-105.993,43.4461]},"properties":{"api":"4900929503","name":"GAMBLER FED 4076-16-21-1FH","op":"SAGE BUTTE PRB OPERATING, LLC","co":"Converse","trs":"T40N R76W S9","fm":"FRONTIER","eur":null,"perft":null,"sound":false}},{"type":"Feature","geometry":{"type":"Point","coordinates":[-105.0658,43.0025]},"properties":{"api":"4900929513","name":"MOORE 3-18-2H","op":"MATRIX PRODUCTION COMPANY","co":"Converse","trs":"T35N R68W S18","fm":"TEAPOT","eur":275101,"perft":null,"sound":true}},{"type":"Feature","geometry":{"type":"Point","coordinates":[-105.0268,43.0162]},"properties":{"api":"4900929515","name":"STATE 3-16-2H","op":"MATRIX PRODUCTION COMPANY","co":"Converse","trs":"T35N R68W S16","fm":"TEAPOT","eur":174150,"perft":null,"sound":true}},{"type":"Feature","geometry":{"type":"Point","coordinates":[-105.0267,43.0163]},"properties":{"api":"4900929516","name":"STATE 3-16H","op":"MATRIX PRODUCTION COMPANY","co":"Converse","trs":"T35N R68W S16","fm":"TEAPOT","eur":null,"perft":null,"sound":false}},{"type":"Feature","geometry":{"type":"Point","coordinates":[-105.7866,43.1846]},"properties":{"api":"4900929519","name":"LEO 434 18-19H","op":"CONTINENTAL RESOURCES INC","co":"Converse","trs":"T37N R74W S18","fm":"FRONTIER","eur":492005,"perft":null,"sound":true}},{"type":"Feature","geometry":{"type":"Point","coordinates":[-105.2927,42.799]},"properties":{"api":"4900929521","name":"COMBS 29-33-70 USA B SX 13H","op":"CONTINENTAL RESOURCES INC","co":"Converse","trs":"T33N R70W S29","fm":"SUSSEX","eur":230103,"perft":25968,"sound":true}},{"type":"Feature","geometry":{"type":"Point","coordinates":[-105.9788,42.9957]},"properties":{"api":"4900929527","name":"BFU 21-35-76 ST A SN 3H","op":"SOUTHWESTERN PRODUCTION CORPORATION","co":"Converse","trs":"T35N R76W S21","fm":"SHANNON","eur":null,"perft":null,"sound":false}},{"type":"Feature","geometry":{"type":"Point","coordinates":[-104.9421,42.9735]},"properties":{"api":"4900929531","name":"BRECKENRIDGE UNIT 44-30-35-67 1H","op":null,"co":"Converse","trs":null,"fm":null,"eur":156854,"perft":null,"sound":true}},{"type":"Feature","geometry":{"type":"Point","coordinates":[-105.3856,43.1965]},"properties":{"api":"4900929534","name":"SHELDEN DRAW UNIT 37-71 9-2PH","op":"DEVON ENERGY PRODUCTION COMPANY LP","co":"Converse","trs":"T37N R71W S9","fm":"PARKMAN","eur":175992,"perft":31149,"sound":true}},{"type":"Feature","geometry":{"type":"Point","coordinates":[-105.8228,43.4164]},"properties":{"api":"4900929541","name":"RUSTY FEDERAL 4075-23-14-1UH","op":null,"co":"Converse","trs":null,"fm":null,"eur":662468,"perft":null,"sound":true}},{"type":"Feature","geometry":{"type":"Point","coordinates":[-105.8225,43.4164]},"properties":{"api":"4900929542","name":"Spruce 26E14-5NH","op":"SAGE BUTTE PRB OPERATING, LLC","co":"Converse","trs":"T40N R75W S26","fm":null,"eur":null,"perft":null,"sound":false}},{"type":"Feature","geometry":{"type":"Point","coordinates":[-105.2143,43.1913]},"properties":{"api":"4900929543","name":"BARBE TRUST 37-70 12-1TH","op":"DEVON ENERGY PRODUCTION COMPANY LP","co":"Converse","trs":"T37N R70W S12","fm":null,"eur":null,"perft":null,"sound":false}},{"type":"Feature","geometry":{"type":"Point","coordinates":[-105.3831,43.2623]},"properties":{"api":"4900929544","name":"DILTS RANCH STATE 38-71 16-1PH","op":"DEVON ENERGY PRODUCTION COMPANY LP","co":"Converse","trs":"T38N R71W S16","fm":"PARKMAN","eur":187296,"perft":null,"sound":true}},{"type":"Feature","geometry":{"type":"Point","coordinates":[-105.2643,42.8209]},"properties":{"api":"4900929558","name":"COMBS RANCH 21-33-70 USA A 3H","op":"CONTINENTAL RESOURCES INC","co":"Converse","trs":"T33N R70W S21","fm":"NIOBRARA","eur":99615,"perft":null,"sound":true}},{"type":"Feature","geometry":{"type":"Point","coordinates":[-105.2644,42.821]},"properties":{"api":"4900929559","name":"COMBS RANCH 21-33-70 USA A 2H","op":"CONTINENTAL RESOURCES INC","co":"Converse","trs":"T33N R70W S21","fm":"NIOBRARA","eur":249453,"perft":null,"sound":true}},{"type":"Feature","geometry":{"type":"Point","coordinates":[-105.9606,43.3589]},"properties":{"api":"4900929560","name":"BUTTERMILK STATE 3976-15-22-1FH","op":"SAGE BUTTE PRB OPERATING, LLC","co":"Converse","trs":"T39N R76W S10","fm":"FRONTIER","eur":273861,"perft":null,"sound":true}},{"type":"Feature","geometry":{"type":"Point","coordinates":[-105.834,43.3598]},"properties":{"api":"4900929561","name":"ASPEN 11W23-1FH","op":"SAGE BUTTE PRB OPERATING, LLC","co":"Converse","trs":"T39N R75W S11","fm":"FRONTIER","eur":231665,"perft":null,"sound":true}},{"type":"Feature","geometry":{"type":"Point","coordinates":[-105.2641,42.8209]},"properties":{"api":"4900929562","name":"COMBS RANCH 21-33-70 USA  A 4H","op":"CONTINENTAL RESOURCES INC","co":"Converse","trs":"T33N R70W S21","fm":"NIOBRARA","eur":100527,"perft":null,"sound":true}},{"type":"Feature","geometry":{"type":"Point","coordinates":[-105.4144,43.1881]},"properties":{"api":"4900929563","name":"SHELDEN DRAW UNIT 37-71 17 B-2PH","op":"DEVON ENERGY PRODUCTION COMPANY LP","co":"Converse","trs":"T37N R71W S17","fm":"PARKMAN","eur":364990,"perft":null,"sound":true}},{"type":"Feature","geometry":{"type":"Point","coordinates":[-105.4144,43.1882]},"properties":{"api":"4900929564","name":"SHELDEN DRAW UNIT 37-71 17 B-1PH","op":"DEVON ENERGY PRODUCTION COMPANY LP","co":"Converse","trs":"T37N R71W S17","fm":"PARKMAN","eur":416630,"perft":null,"sound":true}},{"type":"Feature","geometry":{"type":"Point","coordinates":[-105.8157,43.2996]},"properties":{"api":"4900929570","name":"DOME PEAK 3975-25-36-1SH","op":"WRC ENERGY LLC","co":"Converse","trs":"T38N R75W S1","fm":null,"eur":null,"perft":null,"sound":false}},{"type":"Feature","geometry":{"type":"Point","coordinates":[-105.8031,43.1287]},"properties":{"api":"4900929573","name":"PHOENIX  447 36-25H","op":"CONTINENTAL RESOURCES INC","co":"Converse","trs":"T37N R75W S36","fm":"FRONTIER","eur":null,"perft":null,"sound":false}},{"type":"Feature","geometry":{"type":"Point","coordinates":[-105.8033,43.1287]},"properties":{"api":"4900929574","name":"PHOENIX 244 36-25H","op":"CONTINENTAL RESOURCES INC","co":"Converse","trs":"T37N R75W S36","fm":"SHANNON","eur":273447,"perft":null,"sound":true}},{"type":"Feature","geometry":{"type":"Point","coordinates":[-105.4492,43.4887]},"properties":{"api":"4900929579","name":"ARBALEST 463-3601H","op":"EOG RESOURCES INC","co":"Converse","trs":"T41N R72W S36","fm":"FRONTIER","eur":null,"perft":null,"sound":false}},{"type":"Feature","geometry":{"type":"Point","coordinates":[-105.8113,43.2148]},"properties":{"api":"4900929593","name":"ARIES 326 1-12H","op":"CONTINENTAL RESOURCES INC","co":"Converse","trs":"T38N R75W S36","fm":"NIOBRARA","eur":563152,"perft":60711,"sound":true}},{"type":"Feature","geometry":{"type":"Point","coordinates":[-105.8118,43.2145]},"properties":{"api":"4900929594","name":"ARIES 409 1-12H","op":"CONTINENTAL RESOURCES INC","co":"Converse","trs":"T38N R75W S36","fm":"FRONTIER","eur":437394,"perft":null,"sound":true}},{"type":"Feature","geometry":{"type":"Point","coordinates":[-105.2421,42.8517]},"properties":{"api":"4900929595","name":"COMBS RANCH 10-33-70 A 8H","op":"CONTINENTAL RESOURCES INC","co":"Converse","trs":"T33N R70W S10","fm":"NIOBRARA","eur":48918,"perft":null,"sound":true}},{"type":"Feature","geometry":{"type":"Point","coordinates":[-105.0358,43.088]},"properties":{"api":"4900929596","name":"MLT FED 213668-1TPH","op":"DEVON ENERGY PRODUCTION COMPANY LP","co":"Converse","trs":"T36N R68W S21","fm":"TEAPOT","eur":204163,"perft":46254,"sound":true}},{"type":"Feature","geometry":{"type":"Point","coordinates":[-105.3631,43.1589]},"properties":{"api":"4900929597","name":"SHELDEN DRAW UNIT 37-71 27-1PH","op":"DEVON ENERGY PRODUCTION COMPANY LP","co":"Converse","trs":"T37N R71W S27","fm":"PARKMAN","eur":176113,"perft":null,"sound":true}},{"type":"Feature","geometry":{"type":"Point","coordinates":[-105.3636,43.1589]},"properties":{"api":"4900929598","name":"SHELDEN DRAW UNIT 37-71 27-2PH","op":"DEVON ENERGY PRODUCTION COMPANY LP","co":"Converse","trs":"T37N R71W S27","fm":"PARKMAN","eur":null,"perft":null,"sound":false}},{"type":"Feature","geometry":{"type":"Point","coordinates":[-105.3636,43.1589]},"properties":{"api":"4900929599","name":"SHELDEN DRAW UNIT 37-71 27-3PH","op":"DEVON ENERGY PRODUCTION COMPANY LP","co":"Converse","trs":"T37N R71W S27","fm":"PARKMAN","eur":127644,"perft":null,"sound":true}},{"type":"Feature","geometry":{"type":"Point","coordinates":[-105.3636,43.1588]},"properties":{"api":"4900929600","name":"SHELDEN DRAW UNIT 37-71 27-4PH","op":"DEVON ENERGY PRODUCTION COMPANY LP","co":"Converse","trs":"T37N R71W S27","fm":"PARKMAN","eur":86388,"perft":null,"sound":true}},{"type":"Feature","geometry":{"type":"Point","coordinates":[-105.4939,43.0109]},"properties":{"api":"4900929601","name":"BOWMAN DRAW UNIT 15-35-72 1H","op":"CONTINENTAL RESOURCES INC","co":"Converse","trs":"T35N R72W S15","fm":"NIOBRARA","eur":650283,"perft":108128,"sound":true}},{"type":"Feature","geometry":{"type":"Point","coordinates":[-105.242,42.8517]},"properties":{"api":"4900929603","name":"COMBS RANCH 10-33-70 A 10H","op":"CONTINENTAL RESOURCES INC","co":"Converse","trs":"T33N R70W S10","fm":"NIOBRARA","eur":null,"perft":null,"sound":false}},{"type":"Feature","geometry":{"type":"Point","coordinates":[-105.0474,43.1167]},"properties":{"api":"4900929606","name":"MOORE LAND TRUST 36-68 8-2TH","op":"DEVON ENERGY PRODUCTION COMPANY LP","co":"Converse","trs":"T36N R68W S8","fm":"TEAPOT","eur":160452,"perft":null,"sound":true}},{"type":"Feature","geometry":{"type":"Point","coordinates":[-104.9137,43.0001]},"properties":{"api":"4900929610","name":"BRECKENRIDGE UNIT 11-21-35-67 1H","op":null,"co":"Converse","trs":null,"fm":null,"eur":186728,"perft":null,"sound":true}},{"type":"Feature","geometry":{"type":"Point","coordinates":[-105.874,43.4169]},"properties":{"api":"4900929614","name":"SPRUCE 21W33-2NH","op":"SAGE BUTTE PRB OPERATING, LLC","co":"Converse","trs":"T40N R75W S21","fm":"NIOBRARA","eur":null,"perft":null,"sound":false}},{"type":"Feature","geometry":{"type":"Point","coordinates":[-105.0727,43.1408]},"properties":{"api":"4900929630","name":"SPLIT HILL UNIT 37-68 31-1TH","op":"DEVON ENERGY PRODUCTION COMPANY LP","co":"Converse","trs":"T37N R68W S31","fm":"TEAPOT SAND","eur":416880,"perft":null,"sound":true}},{"type":"Feature","geometry":{"type":"Point","coordinates":[-105.9517,43.3583]},"properties":{"api":"4900929632","name":"STEAMBOAT FED 3976-14-23-1FH","op":"SAGE BUTTE PRB OPERATING, LLC","co":"Converse","trs":"T39N R76W S14","fm":"FRONTIER","eur":159762,"perft":null,"sound":true}},{"type":"Feature","geometry":{"type":"Point","coordinates":[-105.9521,43.3582]},"properties":{"api":"4900929633","name":"POWDER HOUND FED 3976-14-23-1SH","op":"SAGE BUTTE PRB OPERATING, LLC","co":"Converse","trs":"T39N R76W S14","fm":"SHANNON","eur":136815,"perft":null,"sound":true}},{"type":"Feature","geometry":{"type":"Point","coordinates":[-105.831,43.157]},"properties":{"api":"4900929634","name":"TITAN 426 26-35H","op":"CONTINENTAL RESOURCES INC","co":"Converse","trs":"T37N R75W S23","fm":"FRONTIER","eur":null,"perft":null,"sound":false}},{"type":"Feature","geometry":{"type":"Point","coordinates":[-105.8314,43.157]},"properties":{"api":"4900929635","name":"TITAN 409 26-35H","op":"CONTINENTAL RESOURCES INC","co":"Converse","trs":"T37N R75W S23","fm":"FRONTIER","eur":242120,"perft":41107,"sound":true}},{"type":"Feature","geometry":{"type":"Point","coordinates":[-105.0929,43.1449]},"properties":{"api":"4900929644","name":"SPLIT HILL UNIT 37-69 36-3TH","op":"DEVON ENERGY PRODUCTION COMPANY LP","co":"Converse","trs":"T37N R69W S36","fm":"TEAPOT SAND","eur":137980,"perft":35470,"sound":true}},{"type":"Feature","geometry":{"type":"Point","coordinates":[-105.0928,43.1445]},"properties":{"api":"4900929645","name":"SPLIT HILL UNIT 37-69 36-2TH","op":"DEVON ENERGY PRODUCTION COMPANY LP","co":"Converse","trs":"T37N R69W S36","fm":"TEAPOT SAND","eur":null,"perft":null,"sound":false}},{"type":"Feature","geometry":{"type":"Point","coordinates":[-105.0485,43.1167]},"properties":{"api":"4900929646","name":"MOORE LAND TRUST 36-68 8-3TH","op":"DEVON ENERGY PRODUCTION COMPANY LP","co":"Converse","trs":"T36N R68W S8","fm":"TEAPOT","eur":158998,"perft":null,"sound":true}},{"type":"Feature","geometry":{"type":"Point","coordinates":[-105.032,43.0593]},"properties":{"api":"4900929647","name":"MOORE LAND TRUST 36-68 33-3TH","op":"DEVON ENERGY PRODUCTION COMPANY LP","co":"Converse","trs":"T36N R68W S33","fm":"TEAPOT","eur":183505,"perft":null,"sound":true}},{"type":"Feature","geometry":{"type":"Point","coordinates":[-105.1247,43.15]},"properties":{"api":"4900929648","name":"CROW UNIT 37-69 27-2TH","op":"DEVON ENERGY PRODUCTION COMPANY LP","co":"Converse","trs":"T37N R69W S27","fm":"TEAPOT SAND","eur":276857,"perft":null,"sound":true}},{"type":"Feature","geometry":{"type":"Point","coordinates":[-105.0347,43.0879]},"properties":{"api":"4900929651","name":"MLT FED 213668-2TPH","op":"DEVON ENERGY PRODUCTION COMPANY LP","co":"Converse","trs":"T36N R68W S21","fm":"TEAPOT","eur":183460,"perft":null,"sound":true}},{"type":"Feature","geometry":{"type":"Point","coordinates":[-105.8549,43.4168]},"properties":{"api":"4900929652","name":"GNEISS FED 4075-27-34-1SH","op":"SAGE BUTTE PRB OPERATING, LLC","co":"Converse","trs":"T40N R75W S22","fm":"SHANNON","eur":534839,"perft":null,"sound":true}},{"type":"Feature","geometry":{"type":"Point","coordinates":[-105.4348,43.3636]},"properties":{"api":"4900929655","name":"ROBBINS UNIT 39-71 7 B-2PH","op":"DEVON ENERGY PRODUCTION COMPANY LP","co":"Converse","trs":"T39N R71W S7","fm":"PARKMAN","eur":230854,"perft":null,"sound":true}},{"type":"Feature","geometry":{"type":"Point","coordinates":[-105.4349,43.3636]},"properties":{"api":"4900929656","name":"ROBBINS UNIT 39-71 7 B-1PH","op":"DEVON ENERGY PRODUCTION COMPANY LP","co":"Converse","trs":"T39N R71W S7","fm":"PARKMAN","eur":170909,"perft":null,"sound":true}},{"type":"Feature","geometry":{"type":"Point","coordinates":[-105.4969,43.4741]},"properties":{"api":"4900929667","name":"MARYS DRAW 453-0310H","op":"EOG RESOURCES INC","co":"Converse","trs":"T40N R72W S3","fm":"FRONTIER/TURNER","eur":205225,"perft":null,"sound":true}},{"type":"Feature","geometry":{"type":"Point","coordinates":[-105.3565,43.4075]},"properties":{"api":"4900929680","name":"PRCC 264071-1PH","op":"DEVON ENERGY PRODUCTION COMPANY LP","co":"Converse","trs":"T40N R71W S26","fm":"PARKMAN","eur":null,"perft":null,"sound":false}},{"type":"Feature","geometry":{"type":"Point","coordinates":[-106.001,43.4454]},"properties":{"api":"4900929683","name":"PHANTOM FED 4076-17-20-1FH","op":"SAGE BUTTE PRB OPERATING, LLC","co":"Converse","trs":"T40N R76W S17","fm":"FRONTIER","eur":181158,"perft":null,"sound":true}},{"type":"Feature","geometry":{"type":"Point","coordinates":[-105.3826,43.2623]},"properties":{"api":"4900929704","name":"DILTS RANCH STATE 38-71 16-2PH","op":"DEVON ENERGY PRODUCTION COMPANY LP","co":"Converse","trs":"T38N R71W S16","fm":"PARKMAN","eur":null,"perft":null,"sound":false}},{"type":"Feature","geometry":{"type":"Point","coordinates":[-105.053,43.0472]},"properties":{"api":"4900929707","name":"WERNER FED 32-293668-2XTPH","op":"DEVON ENERGY PRODUCTION COMPANY LP","co":"Converse","trs":"T36N R68W S32","fm":"TEAPOT","eur":345167,"perft":null,"sound":true}},{"type":"Feature","geometry":{"type":"Point","coordinates":[-105.4038,43.1439]},"properties":{"api":"4900929708","name":"BONER BROS 37-71 32-3PH","op":"DEVON ENERGY PRODUCTION COMPANY LP","co":"Converse","trs":"T37N R71W S32","fm":"PARKMAN","eur":226110,"perft":66250,"sound":true}},{"type":"Feature","geometry":{"type":"Point","coordinates":[-105.4037,43.144]},"properties":{"api":"4900929709","name":"BONER BROS 37-71 32-4PH","op":"DEVON ENERGY PRODUCTION COMPANY LP","co":"Converse","trs":"T37N R71W S32","fm":"PARKMAN","eur":252902,"perft":70037,"sound":true}},{"type":"Feature","geometry":{"type":"Point","coordinates":[-105.7271,43.2444]},"properties":{"api":"4900929723","name":"PATTERSON 3874-22-27-34-FH","op":"WRC ENERGY LLC","co":"Converse","trs":"T38N R74W S22","fm":"FRONTIER","eur":1184692,"perft":117250,"sound":true}},{"type":"Feature","geometry":{"type":"Point","coordinates":[-105.8648,43.1445]},"properties":{"api":"4900929742","name":"PANDORA 440 28-21H","op":"CONTINENTAL RESOURCES INC","co":"Converse","trs":"T37N R75W S28","fm":"FRONTIER","eur":327641,"perft":null,"sound":true}},{"type":"Feature","geometry":{"type":"Point","coordinates":[-105.426,43.3188]},"properties":{"api":"4900929763","name":"CWDU T-55 FED 31-063871-3XPH","op":"DEVON ENERGY PRODUCTION COMPANY LP","co":"Converse","trs":"T39N R71W S31","fm":"PARKMAN","eur":392886,"perft":null,"sound":true}},{"type":"Feature","geometry":{"type":"Point","coordinates":[-105.8516,43.3599]},"properties":{"api":"4900929768","name":"ASPEN 10W22-2FH","op":"SAGE BUTTE PRB OPERATING, LLC","co":"Converse","trs":"T39N R75W S10","fm":"FRONTIER","eur":229740,"perft":null,"sound":true}},{"type":"Feature","geometry":{"type":"Point","coordinates":[-105.853,43.4465]},"properties":{"api":"4900929773","name":"OGALALLA FED 4075-1003 1SH","op":"CONTINENTAL RESOURCES INC","co":"Converse","trs":"T40N R75W S10","fm":"SHANNON","eur":513614,"perft":53776,"sound":true}},{"type":"Feature","geometry":{"type":"Point","coordinates":[-105.8101,43.3884]},"properties":{"api":"4900929778","name":"SPEARHEAD FED 3975-0112 1SH","op":"CONTINENTAL RESOURCES INC","co":"Converse","trs":"T40N R75W S36","fm":"SHANNON","eur":null,"perft":null,"sound":false}},{"type":"Feature","geometry":{"type":"Point","coordinates":[-105.4264,43.2033]},"properties":{"api":"4900929781","name":"SHELDEN DRAW 37-71 6-1PH","op":"DEVON ENERGY PRODUCTION COMPANY LP","co":"Converse","trs":"T37N R71W S6","fm":"PARKMAN","eur":216648,"perft":null,"sound":true}},{"type":"Feature","geometry":{"type":"Point","coordinates":[-105.4253,43.2033]},"properties":{"api":"4900929782","name":"SHELDEN DRAW UNIT 37-71 6-2PH","op":"DEVON ENERGY PRODUCTION COMPANY LP","co":"Converse","trs":"T37N R71W S6","fm":"PARKMAN","eur":216782,"perft":null,"sound":true}},{"type":"Feature","geometry":{"type":"Point","coordinates":[-105.0731,43.0898]},"properties":{"api":"4900929791","name":"MOORE LAND TRUST 36-68 18-4TH","op":"DEVON ENERGY PRODUCTION COMPANY LP","co":"Converse","trs":"T36N R68W S18","fm":"TEAPOT SAND","eur":245088,"perft":null,"sound":true}},{"type":"Feature","geometry":{"type":"Point","coordinates":[-105.4661,43.3321]},"properties":{"api":"4900929808","name":"ROBBINS UNIT 39-72 26-5H","op":"DEVON ENERGY PRODUCTION COMPANY LP","co":"Converse","trs":"T39N R72W S26","fm":"FRONTIER","eur":null,"perft":null,"sound":false}},{"type":"Feature","geometry":{"type":"Point","coordinates":[-105.8624,43.2439]},"properties":{"api":"4900929836","name":"MAGNOLIA FED 3875-28-33-1FH","op":"SAGE BUTTE PRB OPERATING, LLC","co":"Converse","trs":"T38N R75W S21","fm":"FRONTIER","eur":null,"perft":null,"sound":false}},{"type":"Feature","geometry":{"type":"Point","coordinates":[-105.2875,42.8026]},"properties":{"api":"4900929839","name":"COMBS 29-33-70 D SX 11H","op":"CONTINENTAL RESOURCES INC","co":"Converse","trs":"T33N R70W S29","fm":"SUSSEX","eur":225791,"perft":32785,"sound":true}},{"type":"Feature","geometry":{"type":"Point","coordinates":[-105.2876,42.8026]},"properties":{"api":"4900929840","name":"COMBS 29-33-70 ST D SX 16H","op":"CONTINENTAL RESOURCES INC","co":"Converse","trs":"T33N R70W S29","fm":"SUSSEX","eur":199816,"perft":30731,"sound":true}},{"type":"Feature","geometry":{"type":"Point","coordinates":[-105.2876,42.8025]},"properties":{"api":"4900929841","name":"COMBS 29-33-70 D SX 12H","op":"CONTINENTAL RESOURCES INC","co":"Converse","trs":"T33N R70W S29","fm":"SUSSEX","eur":252432,"perft":38063,"sound":true}},{"type":"Feature","geometry":{"type":"Point","coordinates":[-105.2875,42.8025]},"properties":{"api":"4900929842","name":"COMBS 29-33-70 D SX 14H","op":"CONTINENTAL RESOURCES INC","co":"Converse","trs":"T33N R70W S29","fm":"SUSSEX","eur":446254,"perft":65568,"sound":true}},{"type":"Feature","geometry":{"type":"Point","coordinates":[-105.0937,43.0442]},"properties":{"api":"4900929862","name":"MARILYN STATE 36-69 36-2TH","op":"DEVON ENERGY PRODUCTION COMPANY LP","co":"Converse","trs":"T35N R69W S1","fm":"TEAPOT","eur":323343,"perft":68087,"sound":true}},{"type":"Feature","geometry":{"type":"Point","coordinates":[-105.3853,43.2885]},"properties":{"api":"4900929876","name":"COTTONWOOD DRAW UNIT 38-71 9-1PH","op":"DEVON ENERGY PRODUCTION COMPANY LP","co":"Converse","trs":"T38N R71W S9","fm":"PARKMAN","eur":425257,"perft":67405,"sound":true}},{"type":"Feature","geometry":{"type":"Point","coordinates":[-105.3838,43.1708]},"properties":{"api":"4900929877","name":"SHELDEN DRAW UNIT 37-71 21-1PH","op":"DEVON ENERGY PRODUCTION COMPANY LP","co":"Converse","trs":"T37N R71W S21","fm":"PARKMAN","eur":213506,"perft":null,"sound":true}},{"type":"Feature","geometry":{"type":"Point","coordinates":[-105.3853,43.2889]},"properties":{"api":"4900929878","name":"COTTONWOOD DRAW UNIT 38-71 9-2PH","op":"DEVON ENERGY PRODUCTION COMPANY LP","co":"Converse","trs":"T38N R71W S9","fm":"PARKMAN","eur":181532,"perft":40803,"sound":true}},{"type":"Feature","geometry":{"type":"Point","coordinates":[-105.8338,43.3599]},"properties":{"api":"4900929880","name":"SAWTOOTH FED 3975-11-2-1SH","op":"SAGE BUTTE PRB OPERATING, LLC","co":"Converse","trs":"T39N R75W S11","fm":"SHANNON","eur":162941,"perft":null,"sound":true}},{"type":"Feature","geometry":{"type":"Point","coordinates":[-105.2766,43.0884]},"properties":{"api":"4900929885","name":"JOHNSON 2-17PH","op":"MATRIX PRODUCTION COMPANY","co":"Converse","trs":"T36N R70W S17","fm":"PARKMAN","eur":null,"perft":null,"sound":false}},{"type":"Feature","geometry":{"type":"Point","coordinates":[-105.8941,43.4731]},"properties":{"api":"4900929892","name":"SPRUCE 05W08-1SH","op":"SAGE BUTTE PRB OPERATING, LLC","co":"Converse","trs":"T40N R75W S5","fm":"SHANNON","eur":162171,"perft":null,"sound":true}},{"type":"Feature","geometry":{"type":"Point","coordinates":[-105.4225,43.1759]},"properties":{"api":"4900929919","name":"SHELDEN DRAW UNIT 37-71 18-3PH","op":"DEVON ENERGY PRODUCTION COMPANY LP","co":"Converse","trs":"T37N R71W S18","fm":"PARKMAN","eur":296861,"perft":null,"sound":true}},{"type":"Feature","geometry":{"type":"Point","coordinates":[-105.422,43.1757]},"properties":{"api":"4900929920","name":"SHELDEN DRAW UNIT 37-71 18-2PH","op":"DEVON ENERGY PRODUCTION COMPANY LP","co":"Converse","trs":"T37N R71W S18","fm":"PARKMAN","eur":395351,"perft":null,"sound":true}},{"type":"Feature","geometry":{"type":"Point","coordinates":[-105.8241,43.3865]},"properties":{"api":"4900929921","name":"SPEARHEAD FED 41-2635 40-75BH","op":"CONTINENTAL RESOURCES INC","co":"Converse","trs":"T39N R75W S2","fm":"SUSSEX","eur":638160,"perft":null,"sound":true}},{"type":"Feature","geometry":{"type":"Point","coordinates":[-105.2648,42.8021]},"properties":{"api":"4900929925","name":"COMBS 28-33-70 USAB SX 11H","op":"CONTINENTAL RESOURCES INC","co":"Converse","trs":"T33N R70W S28","fm":"SUSSEX","eur":235002,"perft":null,"sound":true}},{"type":"Feature","geometry":{"type":"Point","coordinates":[-105.2829,42.8406]},"properties":{"api":"4900929927","name":"COMBS 8-33-70 A SX 12H","op":"CONTINENTAL RESOURCES INC","co":"Converse","trs":"T33N R70W S8","fm":"SUSSEX","eur":44651,"perft":null,"sound":true}},{"type":"Feature","geometry":{"type":"Point","coordinates":[-105.2828,42.8405]},"properties":{"api":"4900929929","name":"COMBS 8-33-70 USA  A SX11H","op":null,"co":"Converse","trs":null,"fm":null,"eur":103467,"perft":null,"sound":true}},{"type":"Feature","geometry":{"type":"Point","coordinates":[-105.2827,42.8405]},"properties":{"api":"4900929936","name":"COMBS 8-33-70 USA A SX 13H","op":"CONTINENTAL RESOURCES INC","co":"Converse","trs":"T33N R70W S8","fm":"SUSSEX","eur":108622,"perft":null,"sound":true}},{"type":"Feature","geometry":{"type":"Point","coordinates":[-105.776,43.1279]},"properties":{"api":"4900929942","name":"TAURUS 406 32-29H","op":"CONTINENTAL RESOURCES INC","co":"Converse","trs":"T36N R74W S6","fm":"FRONTIER","eur":529531,"perft":null,"sound":true}},{"type":"Feature","geometry":{"type":"Point","coordinates":[-105.961,43.3588]},"properties":{"api":"4900929943","name":"BISCUIT STATE 3976-15-22-2FH","op":"SAGE BUTTE PRB OPERATING, LLC","co":"Converse","trs":"T39N R76W S10","fm":"FRONTIER","eur":139763,"perft":null,"sound":true}},{"type":"Feature","geometry":{"type":"Point","coordinates":[-105.9554,43.3237]},"properties":{"api":"4900929944","name":"PADDYS IRISH FED 3976-26-25-1FH","op":"SAGE BUTTE PRB OPERATING, LLC","co":"Converse","trs":"T39N R76W S26","fm":"FRONTIER","eur":240580,"perft":25173,"sound":true}},{"type":"Feature","geometry":{"type":"Point","coordinates":[-105.024,42.975]},"properties":{"api":"4900929947","name":"AMASA 28-35-68 USA B TP 1H","op":"CONTINENTAL RESOURCES INC","co":"Converse","trs":"T35N R68W S28","fm":"TEAPOT","eur":190060,"perft":null,"sound":true}},{"type":"Feature","geometry":{"type":"Point","coordinates":[-105.9257,43.3579]},"properties":{"api":"4900929949","name":"CHARGER FED 3976-12-1-1FH","op":"SAGE BUTTE PRB OPERATING, LLC","co":"Converse","trs":"T39N R76W S13","fm":"FRONTIER","eur":70493,"perft":null,"sound":true}},{"type":"Feature","geometry":{"type":"Point","coordinates":[-105.3234,43.4057]},"properties":{"api":"4900929972","name":"STATE PRCC 364071-4TH","op":"DEVON ENERGY PRODUCTION COMPANY LP","co":"Converse","trs":"T40N R71W S36","fm":"TURNER","eur":172934,"perft":null,"sound":true}},{"type":"Feature","geometry":{"type":"Point","coordinates":[-105.3958,43.1874]},"properties":{"api":"4900929979","name":"SDU TILLARD FED 09-043771-1XPH","op":"DEVON ENERGY PRODUCTION COMPANY LP","co":"Converse","trs":"T37N R71W S16","fm":"PARKMAN","eur":484588,"perft":null,"sound":true}},{"type":"Feature","geometry":{"type":"Point","coordinates":[-105.3958,43.1877]},"properties":{"api":"4900929980","name":"SDU TILLARD FED 09-043771-2XTH","op":"DEVON ENERGY PRODUCTION COMPANY LP","co":"Converse","trs":"T37N R71W S16","fm":"TURNER","eur":593113,"perft":null,"sound":true}},{"type":"Feature","geometry":{"type":"Point","coordinates":[-105.4193,43.3932]},"properties":{"api":"4900929993","name":"BLADE 23-32H","op":"EOG RESOURCES INC","co":"Converse","trs":"T40N R71W S32","fm":"TURNER","eur":null,"perft":null,"sound":false}},{"type":"Feature","geometry":{"type":"Point","coordinates":[-105.2781,42.8377]},"properties":{"api":"4900929995","name":"COMBS  17-33-70 ST C SX 18H","op":"CONTINENTAL RESOURCES INC","co":"Converse","trs":"T33N R70W S17","fm":"SUSSEX","eur":99402,"perft":null,"sound":true}},{"type":"Feature","geometry":{"type":"Point","coordinates":[-105.2782,42.8378]},"properties":{"api":"4900929996","name":"COMBS 17-33-70 ST C SX 12H","op":"CONTINENTAL RESOURCES INC","co":"Converse","trs":"T33N R70W S17","fm":"SUSSEX","eur":126701,"perft":null,"sound":true}},{"type":"Feature","geometry":{"type":"Point","coordinates":[-105.2779,42.8376]},"properties":{"api":"4900929998","name":"COMBS RANCH 17-33-70 ST C 4H","op":"CONTINENTAL RESOURCES INC","co":"Converse","trs":"T33N R70W S17","fm":"NIOBRARA","eur":144535,"perft":null,"sound":true}},{"type":"Feature","geometry":{"type":"Point","coordinates":[-105.0834,43.1177]},"properties":{"api":"4900930002","name":"DOWNS FED 12-133669-3XTPH","op":"DEVON ENERGY PRODUCTION COMPANY LP","co":"Converse","trs":"T36N R69W S1","fm":"TEAPOT","eur":666794,"perft":null,"sound":true}},{"type":"Feature","geometry":{"type":"Point","coordinates":[-105.8056,43.2144]},"properties":{"api":"4900930004","name":"ARIES 447-1-12H","op":"CONTINENTAL RESOURCES INC","co":"Converse","trs":"T38N R75W S36","fm":"FRONTIER","eur":null,"perft":null,"sound":false}},{"type":"Feature","geometry":{"type":"Point","coordinates":[-105.8058,43.2142]},"properties":{"api":"4900930005","name":"ARIES 434 1-12H","op":"CONTINENTAL RESOURCES INC","co":"Converse","trs":"T38N R75W S36","fm":"FRONTIER","eur":330300,"perft":null,"sound":true}},{"type":"Feature","geometry":{"type":"Point","coordinates":[-105.8055,43.2147]},"properties":{"api":"4900930006","name":"ANDROMEDA 447 3625H","op":"CONTINENTAL RESOURCES INC","co":"Converse","trs":"T38N R75W S36","fm":"FRONTIER","eur":343787,"perft":null,"sound":true}},{"type":"Feature","geometry":{"type":"Point","coordinates":[-105.4272,43.3926]},"properties":{"api":"4900930008","name":"BLADE 21-3130H","op":"EOG RESOURCES INC","co":"Converse","trs":"T40N R71W S31","fm":"FRONTIER/TURNER","eur":null,"perft":null,"sound":false}},{"type":"Feature","geometry":{"type":"Point","coordinates":[-105.4276,43.3926]},"properties":{"api":"4900930009","name":"BLADE 22-3130H","op":"EOG RESOURCES INC","co":"Converse","trs":"T40N R71W S31","fm":"FRONTIER","eur":229303,"perft":null,"sound":true}},{"type":"Feature","geometry":{"type":"Point","coordinates":[-105.4279,43.3926]},"properties":{"api":"4900930012","name":"BLADE 415-3130H","op":"EOG RESOURCES INC","co":"Converse","trs":"T40N R71W S31","fm":"PARKMAN","eur":null,"perft":null,"sound":false}},{"type":"Feature","geometry":{"type":"Point","coordinates":[-105.4278,43.3926]},"properties":{"api":"4900930013","name":"BLADE 416-3130H","op":"EOG RESOURCES INC","co":"Converse","trs":"T40N R71W S31","fm":"PARKMAN","eur":438339,"perft":null,"sound":true}},{"type":"Feature","geometry":{"type":"Point","coordinates":[-105.8286,43.1848]},"properties":{"api":"4900930016","name":"EROS 419 11-2H","op":"CONTINENTAL RESOURCES INC","co":"Converse","trs":"T37N R75W S14","fm":"FRONTIER","eur":null,"perft":null,"sound":false}},{"type":"Feature","geometry":{"type":"Point","coordinates":[-105.8282,43.1848]},"properties":{"api":"4900930017","name":"LEDA  409 14-23H","op":"CONTINENTAL RESOURCES INC","co":"Converse","trs":"T37N R75W S14","fm":"FRONTIER","eur":352328,"perft":39735,"sound":true}},{"type":"Feature","geometry":{"type":"Point","coordinates":[-105.828,43.1845]},"properties":{"api":"4900930020","name":"LEDA 426 14-23H","op":"CONTINENTAL RESOURCES INC","co":"Converse","trs":"T37N R75W S14","fm":"FRONTIER","eur":427955,"perft":49044,"sound":true}},{"type":"Feature","geometry":{"type":"Point","coordinates":[-104.9447,43.2033]},"properties":{"api":"4900930059","name":"SPLIT HILL UNIT 37-67 7-1FH","op":"DEVON ENERGY PRODUCTION COMPANY LP","co":"Converse","trs":"T37N R67W S7","fm":"FRONTIER","eur":77715,"perft":null,"sound":true}},{"type":"Feature","geometry":{"type":"Point","coordinates":[-105.0163,43.1473]},"properties":{"api":"4900930065","name":"SPLIT HILL UNIT 37-68 27-1TH","op":"DEVON ENERGY PRODUCTION COMPANY LP","co":"Converse","trs":"T37N R68W S27","fm":"TEAPOT","eur":158861,"perft":35295,"sound":true}},{"type":"Feature","geometry":{"type":"Point","coordinates":[-105.4189,43.3933]},"properties":{"api":"4900930071","name":"BLADE 229-32H","op":"EOG RESOURCES INC","co":"Converse","trs":"T40N R71W S32","fm":"TURNER","eur":279892,"perft":null,"sound":true}},{"type":"Feature","geometry":{"type":"Point","coordinates":[-105.4191,43.3932]},"properties":{"api":"4900930073","name":"BLADE 417-32H","op":"EOG RESOURCES INC","co":"Converse","trs":"T40N R71W S32","fm":"TURNER","eur":125704,"perft":null,"sound":true}},{"type":"Feature","geometry":{"type":"Point","coordinates":[-105.2916,42.8961]},"properties":{"api":"4900930079","name":"CLAUSEN 29-34-70 USA A TR 21H","op":"CONTINENTAL RESOURCES INC","co":"Converse","trs":"T34N R70W S29","fm":"TURNER","eur":626696,"perft":null,"sound":true}},{"type":"Feature","geometry":{"type":"Point","coordinates":[-105.2916,42.8961]},"properties":{"api":"4900930080","name":"CLAUSEN 29-34-70 USA A TR20H","op":"CONTINENTAL RESOURCES INC","co":"Converse","trs":"T34N R70W S29","fm":"TURNER","eur":195299,"perft":null,"sound":true}},{"type":"Feature","geometry":{"type":"Point","coordinates":[-105.269,42.8398]},"properties":{"api":"4900930085","name":"COMBS 16-33-70 USA B SX 13H","op":"CONTINENTAL RESOURCES INC","co":"Converse","trs":"T33N R70W S16","fm":"SUSSEX","eur":130782,"perft":null,"sound":true}},{"type":"Feature","geometry":{"type":"Point","coordinates":[-105.2693,42.8398]},"properties":{"api":"4900930086","name":"COMBS 16-33-70 USA B SX 15H","op":"CONTINENTAL RESOURCES INC","co":"Converse","trs":"T33N R70W S16","fm":"SUSSEX","eur":157649,"perft":null,"sound":true}},{"type":"Feature","geometry":{"type":"Point","coordinates":[-105.8017,43.0705]},"properties":{"api":"4900930100","name":"SMITH 3675-24-25-36-2FH","op":"WRC ENERGY LLC","co":"Converse","trs":"T36N R75W S24","fm":"FRONTIER","eur":33855,"perft":null,"sound":true}},{"type":"Feature","geometry":{"type":"Point","coordinates":[-105.4568,43.305]},"properties":{"api":"4900930129","name":"STATE 14-36 PH","op":"LOIL OIL LLC","co":"Converse","trs":"T39N R72W S36","fm":"PARKMAN","eur":220108,"perft":null,"sound":true}},{"type":"Feature","geometry":{"type":"Point","coordinates":[-105.4503,43.3182]},"properties":{"api":"4900930130","name":"T-55 FED 36-013872-CXPH","op":"DEVON ENERGY PRODUCTION COMPANY LP","co":"Converse","trs":"T39N R72W S36","fm":"PARKMAN","eur":727825,"perft":null,"sound":true}},{"type":"Feature","geometry":{"type":"Point","coordinates":[-105.4503,43.3183]},"properties":{"api":"4900930132","name":"T-55 FED 36-013872-4XPH","op":"DEVON ENERGY PRODUCTION COMPANY LP","co":"Converse","trs":"T39N R72W S36","fm":"PARKMAN","eur":448947,"perft":null,"sound":true}},{"type":"Feature","geometry":{"type":"Point","coordinates":[-105.3831,42.9341]},"properties":{"api":"4900930136","name":"SUNDQUIST 9-34-71 USA  A  PK 15H","op":"CONTINENTAL RESOURCES INC","co":"Converse","trs":"T34N R71W S9","fm":"PARKMAN","eur":303978,"perft":null,"sound":true}},{"type":"Feature","geometry":{"type":"Point","coordinates":[-105.3832,42.9341]},"properties":{"api":"4900930138","name":"SUNDQUIST 9-34-71 USA A TR 13H","op":"CONTINENTAL RESOURCES INC","co":"Converse","trs":"T34N R71W S9","fm":"TURNER","eur":796779,"perft":null,"sound":true}},{"type":"Feature","geometry":{"type":"Point","coordinates":[-105.3834,42.9342]},"properties":{"api":"4900930140","name":"SFU 9-34-71 A TR 20H","op":"CONTINENTAL RESOURCES INC","co":"Converse","trs":"T34N R71W S9","fm":"TURNER","eur":158898,"perft":null,"sound":true}},{"type":"Feature","geometry":{"type":"Point","coordinates":[-105.871,43.2723]},"properties":{"api":"4900930170","name":"JUNIPER  09W21-1NH","op":null,"co":"Converse","trs":"T38N R75W S9","fm":"NIOBRARA","eur":898356,"perft":92834,"sound":true}},{"type":"Feature","geometry":{"type":"Point","coordinates":[-105.9257,43.3578]},"properties":{"api":"4900930182","name":"THOR FED 3976-13-24-1FH","op":"SAGE BUTTE PRB OPERATING, LLC","co":"Converse","trs":"T39N R76W S13","fm":"FRONTIER","eur":103171,"perft":null,"sound":true}},{"type":"Feature","geometry":{"type":"Point","coordinates":[-105.4648,43.3322]},"properties":{"api":"4900930200","name":"ROBBINS UNIT 39-72 26-2FH","op":"DEVON ENERGY PRODUCTION COMPANY LP","co":"Converse","trs":"T39N R72W S26","fm":"FRONTIER","eur":175193,"perft":null,"sound":true}},{"type":"Feature","geometry":{"type":"Point","coordinates":[-105.2919,42.8351]},"properties":{"api":"4900930211","name":"COMBS  17-33-70 USA B MW40H","op":"CONTINENTAL RESOURCES INC","co":"Converse","trs":"T33N R70W S17","fm":"MOWRY","eur":0,"perft":null,"sound":true}},{"type":"Feature","geometry":{"type":"Point","coordinates":[-105.4649,43.3326]},"properties":{"api":"4900930233","name":"ROBBINS UNIT 39-72 26-3FH","op":"DEVON ENERGY PRODUCTION COMPANY LP","co":"Converse","trs":"T39N R72W S26","fm":"FRONTIER","eur":170699,"perft":null,"sound":true}},{"type":"Feature","geometry":{"type":"Point","coordinates":[-105.8456,43.0576]},"properties":{"api":"4900930266","name":"PACIFIC POWER 3675-27-34-3-1FH","op":null,"co":"Converse","trs":null,"fm":null,"eur":45882,"perft":null,"sound":true}},{"type":"Feature","geometry":{"type":"Point","coordinates":[-105.0097,43.0036]},"properties":{"api":"4900930287","name":"MOORE 35-68-22-CTH","op":"ANADARKO E&P ONSHORE LLC","co":"Converse","trs":"T35N R68W S15","fm":"TEAPOT","eur":null,"perft":null,"sound":false}},{"type":"Feature","geometry":{"type":"Point","coordinates":[-105.4648,43.3326]},"properties":{"api":"4900930292","name":"ROBBINS UNIT 39-72 26-4FH","op":"DEVON ENERGY PRODUCTION COMPANY LP","co":"Converse","trs":"T39N R72W S26","fm":"FRONTIER","eur":318449,"perft":null,"sound":true}},{"type":"Feature","geometry":{"type":"Point","coordinates":[-105.9346,43.3003]},"properties":{"api":"4900930295","name":"CANNON FED 3876-1-12-1FH","op":"SAGE BUTTE PRB OPERATING, LLC","co":"Converse","trs":"T38N R76W S1","fm":"FRONTIER","eur":268479,"perft":null,"sound":true}},{"type":"Feature","geometry":{"type":"Point","coordinates":[-105.3058,42.9358]},"properties":{"api":"4900930304","name":"CLAUSEN RANCH 7-34-70 USA A NB 2H","op":"CONTINENTAL RESOURCES INC","co":"Converse","trs":"T34N R70W S7","fm":"NIOBRARA","eur":241443,"perft":null,"sound":true}},{"type":"Feature","geometry":{"type":"Point","coordinates":[-105.3059,42.9357]},"properties":{"api":"4900930306","name":"CLAUSEN 7-34-70 USA A TR 23H","op":"CONTINENTAL RESOURCES INC","co":"Converse","trs":"T34N R70W S7","fm":"TURNER","eur":104562,"perft":null,"sound":true}},{"type":"Feature","geometry":{"type":"Point","coordinates":[-105.306,42.9355]},"properties":{"api":"4900930307","name":"CLAUSEN 7-34-70 USA A SX 12H","op":"CONTINENTAL RESOURCES INC","co":"Converse","trs":"T34N R70W S7","fm":"SUSSEX","eur":172390,"perft":null,"sound":true}},{"type":"Feature","geometry":{"type":"Point","coordinates":[-105.3057,42.9358]},"properties":{"api":"4900930308","name":"CLAUSEN 7-34-70 USA A NB 1H","op":"CONTINENTAL RESOURCES INC","co":"Converse","trs":"T34N R70W S7","fm":"NIOBRARA","eur":411258,"perft":57551,"sound":true}},{"type":"Feature","geometry":{"type":"Point","coordinates":[-105.8628,43.2439]},"properties":{"api":"4900930310","name":"SORREL STATE 3875-21-16-1FH","op":"SAGE BUTTE PRB OPERATING, LLC","co":"Converse","trs":"T38N R75W S21","fm":"FRONTIER","eur":57699,"perft":null,"sound":true}},{"type":"Feature","geometry":{"type":"Point","coordinates":[-105.9813,43.4471]},"properties":{"api":"4900930316","name":"GOLDEN SPIKE FED 4076-9-4-1SH","op":"SAGE BUTTE PRB OPERATING, LLC","co":"Converse","trs":"T40N R76W S9","fm":"SHANNON","eur":308814,"perft":null,"sound":true}},{"type":"Feature","geometry":{"type":"Point","coordinates":[-105.1532,43.0011]},"properties":{"api":"4900930323","name":"TRINITY ST 3569-16-T1H","op":"ANADARKO E&P ONSHORE LLC","co":"Converse","trs":"T35N R69W S16","fm":"TURNER","eur":null,"perft":null,"sound":false}},{"type":"Feature","geometry":{"type":"Point","coordinates":[-105.3845,43.1588]},"properties":{"api":"4900930325","name":"SDU BONER BROS FED 21-173771-4XPH","op":"DEVON ENERGY PRODUCTION COMPANY LP","co":"Converse","trs":"T37N R71W S28","fm":"PARKMAN","eur":632088,"perft":null,"sound":true}},{"type":"Feature","geometry":{"type":"Point","coordinates":[-105.3844,43.1587]},"properties":{"api":"4900930326","name":"SDU BONER BROS FED 28-333771-4XPH","op":"DEVON ENERGY PRODUCTION COMPANY LP","co":"Converse","trs":"T37N R71W S28","fm":"PARKMAN","eur":262174,"perft":null,"sound":true}},{"type":"Feature","geometry":{"type":"Point","coordinates":[-105.3843,43.1586]},"properties":{"api":"4900930327","name":"SDU BONER BROS FED 22-153771-1XPH","op":"DEVON ENERGY PRODUCTION COMPANY LP","co":"Converse","trs":"T37N R71W S28","fm":"PARKMAN","eur":427375,"perft":null,"sound":true}},{"type":"Feature","geometry":{"type":"Point","coordinates":[-105.3842,43.1583]},"properties":{"api":"4900930328","name":"SDU BONER BROS FED 27-343771-2XPH","op":"DEVON ENERGY PRODUCTION COMPANY LP","co":"Converse","trs":"T37N R71W S28","fm":"PARKMAN","eur":394239,"perft":null,"sound":true}},{"type":"Feature","geometry":{"type":"Point","coordinates":[-105.4047,43.0126]},"properties":{"api":"4900930346","name":"THEO FEE 3571-17-8-2W  NH","op":"ANSCHUTZ EXPLORATION CORPORATION","co":"Converse","trs":"T35N R71W S17","fm":"NIOBRARA","eur":127140,"perft":null,"sound":true}},{"type":"Feature","geometry":{"type":"Point","coordinates":[-105.4045,43.0124]},"properties":{"api":"4900930347","name":"THEO FED 3571-17-5-1 FH","op":null,"co":"Converse","trs":null,"fm":null,"eur":1024272,"perft":null,"sound":true}},{"type":"Feature","geometry":{"type":"Point","coordinates":[-105.5362,43.3921]},"properties":{"api":"4900930385","name":"MARYS DRAW 479-3208XH","op":"EOG RESOURCES INC","co":"Converse","trs":"T40N R72W S32","fm":"NIOBRARA","eur":453570,"perft":null,"sound":true}},{"type":"Feature","geometry":{"type":"Point","coordinates":[-105.0649,43.0734]},"properties":{"api":"4900930431","name":"MOORE LAND TRUST 36-68 19-2TH","op":"DEVON ENERGY PRODUCTION COMPANY LP","co":"Converse","trs":"T36N R68W S30","fm":"TEAPOT","eur":212645,"perft":null,"sound":true}},{"type":"Feature","geometry":{"type":"Point","coordinates":[-105.8635,43.0853]},"properties":{"api":"4900930476","name":"STATE 3675-16-9-2.2FH","op":"WRC ENERGY LLC","co":"Converse","trs":"T36N R75W S16","fm":"FRONTIER","eur":433240,"perft":null,"sound":true}},{"type":"Feature","geometry":{"type":"Point","coordinates":[-105.382,43.2627]},"properties":{"api":"4900930491","name":"DILTS RANCH STATE 38-71 16-2FH","op":"DEVON ENERGY PRODUCTION COMPANY LP","co":"Converse","trs":"T38N R71W S16","fm":"FRONTIER","eur":193614,"perft":null,"sound":true}},{"type":"Feature","geometry":{"type":"Point","coordinates":[-105.382,43.2623]},"properties":{"api":"4900930492","name":"DILTS RANCH STATE 38-71 16-1FH","op":"DEVON ENERGY PRODUCTION COMPANY LP","co":"Converse","trs":"T38N R71W S16","fm":"FRONTIER","eur":277181,"perft":null,"sound":true}},{"type":"Feature","geometry":{"type":"Point","coordinates":[-105.6226,43.4592]},"properties":{"api":"4900930503","name":"KATARA 602-0916H","op":"EOG RESOURCES INC","co":"Converse","trs":"T40N R73W S9","fm":"NIOBRARA","eur":323148,"perft":null,"sound":true}},{"type":"Feature","geometry":{"type":"Point","coordinates":[-105.3313,42.9363]},"properties":{"api":"4900930520","name":"CLAUSEN 12-34-71 USA ASX17H","op":"CONTINENTAL RESOURCES INC","co":"Converse","trs":"T34N R71W S12","fm":"SUSSEX","eur":390118,"perft":null,"sound":true}},{"type":"Feature","geometry":{"type":"Point","coordinates":[-105.3847,43.289]},"properties":{"api":"4900930573","name":"COTTONWOOD DRAW UNIT 38-71 9-2FH","op":"DEVON ENERGY PRODUCTION COMPANY LP","co":"Converse","trs":"T38N R71W S9","fm":"FRONTIER","eur":297291,"perft":null,"sound":true}},{"type":"Feature","geometry":{"type":"Point","coordinates":[-105.3141,42.8913]},"properties":{"api":"4900930635","name":"CLAUSEN 30-34-70 USAA TR 22H","op":"CONTINENTAL RESOURCES INC","co":"Converse","trs":"T34N R70W S30","fm":null,"eur":null,"perft":null,"sound":false}},{"type":"Feature","geometry":{"type":"Point","coordinates":[-105.3143,42.8913]},"properties":{"api":"4900930637","name":"CLAUSEN 30-34-70 USA A TR 20H","op":"CONTINENTAL RESOURCES INC","co":"Converse","trs":"T34N R70W S30","fm":"TURNER","eur":172000,"perft":null,"sound":true}},{"type":"Feature","geometry":{"type":"Point","coordinates":[-105.3142,42.8913]},"properties":{"api":"4900930638","name":"CLAUSEN 30-34-70 USA A TR 21H","op":"CONTINENTAL RESOURCES INC","co":"Converse","trs":"T34N R70W S30","fm":"TURNER","eur":null,"perft":null,"sound":false}},{"type":"Feature","geometry":{"type":"Point","coordinates":[-105.3099,42.925]},"properties":{"api":"4900930654","name":"CLAUSEN 18-34-70 USA A SX10H","op":"CONTINENTAL RESOURCES INC","co":"Converse","trs":"T34N R70W S18","fm":"SUSSEX","eur":71064,"perft":null,"sound":true}},{"type":"Feature","geometry":{"type":"Point","coordinates":[-105.0911,42.9593]},"properties":{"api":"4900930664","name":"TRINITY ST 3569-36-T2H","op":"ANADARKO E&P ONSHORE LLC","co":"Converse","trs":"T35N R69W S36","fm":"TURNER","eur":540490,"perft":null,"sound":true}},{"type":"Feature","geometry":{"type":"Point","coordinates":[-105.378,43.435]},"properties":{"api":"4900930779","name":"BLADE 425-22H","op":"EOG RESOURCES INC","co":"Converse","trs":"T40N R71W S22","fm":"TURNER","eur":null,"perft":null,"sound":false}},{"type":"Feature","geometry":{"type":"Point","coordinates":[-105.3893,42.9833]},"properties":{"api":"4900930799","name":"BOOMER FEE 3571-28-33-14 TH","op":"ANSCHUTZ EXPLORATION CORPORATION","co":"Converse","trs":"T35N R71W S28","fm":"TURNER","eur":null,"perft":null,"sound":false}},{"type":"Feature","geometry":{"type":"Point","coordinates":[-105.3818,42.9872]},"properties":{"api":"4900930800","name":"Rex State 3571-21-16-1E NH","op":"ANSCHUTZ EXPLORATION CORPORATION","co":"Converse","trs":"T35N R71W S21","fm":null,"eur":null,"perft":null,"sound":false}},{"type":"Feature","geometry":{"type":"Point","coordinates":[-105.3821,42.987]},"properties":{"api":"4900930801","name":"REX STATE 3571-21-16-1 TH","op":"ANSCHUTZ EXPLORATION CORPORATION","co":"Converse","trs":"T35N R71W S21","fm":"TURNER","eur":558765,"perft":66448,"sound":true}},{"type":"Feature","geometry":{"type":"Point","coordinates":[-105.848,43.1861]},"properties":{"api":"4900930832","name":"DIANA 419 10-3H","op":"CONTINENTAL RESOURCES INC","co":"Converse","trs":"T37N R75W S10","fm":"FRONTIER","eur":458473,"perft":null,"sound":true}},{"type":"Feature","geometry":{"type":"Point","coordinates":[-105.8477,43.1861]},"properties":{"api":"4900930833","name":"DIANA 437 10-3H","op":"CONTINENTAL RESOURCES INC","co":"Converse","trs":"T37N R75W S10","fm":"FRONTIER","eur":398973,"perft":42785,"sound":true}},{"type":"Feature","geometry":{"type":"Point","coordinates":[-105.8482,43.186]},"properties":{"api":"4900930834","name":"JUNO 426 15-22H","op":"CONTINENTAL RESOURCES INC","co":"Converse","trs":"T37N R75W S10","fm":"FRONTIER","eur":478488,"perft":49247,"sound":true}},{"type":"Feature","geometry":{"type":"Point","coordinates":[-105.3821,43.0439]},"properties":{"api":"4900930839","name":"Abbey Fed 3671-33-9-16 TH","op":"ANSCHUTZ EXPLORATION CORPORATION","co":"Converse","trs":"T36N R71W S33","fm":"TURNER","eur":668692,"perft":66227,"sound":true}},{"type":"Feature","geometry":{"type":"Point","coordinates":[-105.4225,43.0131]},"properties":{"api":"4900930861","name":"Argos Fee 3571-18-6-2W NH","op":"ANSCHUTZ EXPLORATION CORPORATION","co":"Converse","trs":"T35N R71W S18","fm":"NIOBRARA","eur":492370,"perft":48281,"sound":true}},{"type":"Feature","geometry":{"type":"Point","coordinates":[-105.4213,43.013]},"properties":{"api":"4900930862","name":"ARGOS FEE 3571-18-6-1 TH","op":"ANSCHUTZ EXPLORATION CORPORATION","co":"Converse","trs":"T35N R71W S18","fm":"TURNER","eur":null,"perft":null,"sound":false}},{"type":"Feature","geometry":{"type":"Point","coordinates":[-105.3805,43.1004]},"properties":{"api":"4900930865","name":"REMI STATE 3671-16-21-9 FH","op":null,"co":"Converse","trs":null,"fm":null,"eur":null,"perft":null,"sound":false}},{"type":"Feature","geometry":{"type":"Point","coordinates":[-105.4043,43.4337]},"properties":{"api":"4900930870","name":"BLADE 34-2029H","op":"EOG RESOURCES INC","co":"Converse","trs":"T40N R71W S20","fm":"TUNER","eur":303032,"perft":null,"sound":true}},{"type":"Feature","geometry":{"type":"Point","coordinates":[-105.4041,43.4337]},"properties":{"api":"4900930871","name":"BLADE 437-2029H","op":"EOG RESOURCES INC","co":"Converse","trs":"T40N R71W S20","fm":"TURNER","eur":237777,"perft":null,"sound":true}},{"type":"Feature","geometry":{"type":"Point","coordinates":[-105.5292,43.4512]},"properties":{"api":"4900930875","name":"MARYS DRAW 51-0805H","op":"EOG RESOURCES INC","co":"Converse","trs":"T40N R72W S8","fm":"TURNER","eur":157224,"perft":null,"sound":true}},{"type":"Feature","geometry":{"type":"Point","coordinates":[-105.529,43.4516]},"properties":{"api":"4900930877","name":"MARYS DRAW 52-0805H","op":"EOG RESOURCES INC","co":"Converse","trs":"T40N R72W S8","fm":"TURNER","eur":null,"perft":null,"sound":false}},{"type":"Feature","geometry":{"type":"Point","coordinates":[-105.5146,43.4487]},"properties":{"api":"4900930878","name":"MARYS DRAW 27-16H","op":"EOG RESOURCES INC","co":"Converse","trs":"T40N R72W S16","fm":"TURNER","eur":114125,"perft":null,"sound":true}},{"type":"Feature","geometry":{"type":"Point","coordinates":[-105.3948,43.43]},"properties":{"api":"4900930879","name":"BLADE 434-2128H","op":"EOG RESOURCES INC","co":"Converse","trs":"T40N R71W S21","fm":"TURNER","eur":264876,"perft":null,"sound":true}},{"type":"Feature","geometry":{"type":"Point","coordinates":[-105.395,43.43]},"properties":{"api":"4900930881","name":"BLADE 32-2128H","op":"EOG RESOURCES INC","co":"Converse","trs":"T40N R71W S21","fm":"TURNER","eur":285945,"perft":null,"sound":true}},{"type":"Feature","geometry":{"type":"Point","coordinates":[-105.3851,43.3785]},"properties":{"api":"4900930882","name":"PRCC FED 04-334071-4XTLH","op":"DEVON ENERGY PRODUCTION COMPANY LP","co":"Converse","trs":"T39N R71W S4","fm":"TURNER","eur":383560,"perft":null,"sound":true}},{"type":"Feature","geometry":{"type":"Point","coordinates":[-105.3852,43.3786]},"properties":{"api":"4900930889","name":"PRCC FED 04-334071-4XTUH","op":"DEVON ENERGY PRODUCTION COMPANY LP","co":"Converse","trs":"T39N R71W S4","fm":"TURNER","eur":478168,"perft":null,"sound":true}},{"type":"Feature","geometry":{"type":"Point","coordinates":[-105.4765,43.4371]},"properties":{"api":"4900930894","name":"MARYS DRAW 490-1426H","op":"EOG RESOURCES INC","co":"Converse","trs":"T40N R72W S14","fm":"PARKMAN","eur":479327,"perft":null,"sound":true}},{"type":"Feature","geometry":{"type":"Point","coordinates":[-105.4661,43.4343]},"properties":{"api":"4900930895","name":"MARYS DRAW 50-2326H","op":"EOG RESOURCES INC","co":"Converse","trs":"T40N R72W S23","fm":"TURNER","eur":370544,"perft":null,"sound":true}},{"type":"Feature","geometry":{"type":"Point","coordinates":[-105.4766,43.4371]},"properties":{"api":"4900930896","name":"MARYS DRAW 54-1411H","op":"EOG RESOURCES INC","co":"Converse","trs":"T40N R72W S14","fm":"PARKMAN","eur":307849,"perft":null,"sound":true}},{"type":"Feature","geometry":{"type":"Point","coordinates":[-105.466,43.4343]},"properties":{"api":"4900930916","name":"MARYS DRAW 49-2326H","op":"EOG RESOURCES INC","co":"Converse","trs":"T40N R72W S23","fm":"TURNER","eur":450086,"perft":null,"sound":true}},{"type":"Feature","geometry":{"type":"Point","coordinates":[-105.3778,43.4354]},"properties":{"api":"4900930926","name":"BLADE 39-2210H","op":"EOG RESOURCES INC","co":"Converse","trs":"T40N R71W S22","fm":"TURNER","eur":296084,"perft":null,"sound":true}},{"type":"Feature","geometry":{"type":"Point","coordinates":[-105.3781,43.4354]},"properties":{"api":"4900930928","name":"BLADE 426-22H","op":"EOG RESOURCES INC","co":"Converse","trs":"T40N R71W S22","fm":"TURNER","eur":null,"perft":null,"sound":false}},{"type":"Feature","geometry":{"type":"Point","coordinates":[-105.3776,43.4354]},"properties":{"api":"4900930929","name":"BLADE 447-2210H","op":null,"co":"Converse","trs":null,"fm":null,"eur":370771,"perft":null,"sound":true}},{"type":"Feature","geometry":{"type":"Point","coordinates":[-105.4455,43.4365]},"properties":{"api":"4900930934","name":"MARYS DRAW 491-1312H","op":"EOG RESOURCES INC","co":"Converse","trs":"T40N R72W S13","fm":"TURNER","eur":650522,"perft":null,"sound":true}},{"type":"Feature","geometry":{"type":"Point","coordinates":[-105.4378,43.436]},"properties":{"api":"4900930940","name":"BLADE 41-1830H","op":"EOG RESOURCES INC","co":"Converse","trs":"T40N R71W S18","fm":"TURNER","eur":null,"perft":null,"sound":false}},{"type":"Feature","geometry":{"type":"Point","coordinates":[-105.4375,43.4359]},"properties":{"api":"4900930941","name":"BLADE 42-18H","op":"EOG RESOURCES INC","co":"Converse","trs":"T40N R71W S18","fm":"TURNER","eur":114766,"perft":null,"sound":true}},{"type":"Feature","geometry":{"type":"Point","coordinates":[-105.4371,43.4359]},"properties":{"api":"4900930942","name":"BLADE 43-1807H","op":"EOG RESOURCES INC","co":"Converse","trs":"T40N R71W S18","fm":"TURNER","eur":427893,"perft":null,"sound":true}},{"type":"Feature","geometry":{"type":"Point","coordinates":[-105.4376,43.4359]},"properties":{"api":"4900930943","name":"BLADE 450-1830H","op":"EOG RESOURCES INC","co":"Converse","trs":"T40N R71W S18","fm":"LANCE","eur":null,"perft":null,"sound":false}},{"type":"Feature","geometry":{"type":"Point","coordinates":[-105.8326,43.4478]},"properties":{"api":"4900930977","name":"OGALALLA FED 4075-1102 1SH","op":null,"co":"Converse","trs":"T40N R75W S11","fm":"SHANNON","eur":584682,"perft":60183,"sound":true}},{"type":"Feature","geometry":{"type":"Point","coordinates":[-105.4879,43.4361]},"properties":{"api":"4900930978","name":"MARYS DRAW 494-1527H","op":"EOG RESOURCES INC","co":"Converse","trs":"T40N R72W S15","fm":"TURNER","eur":272446,"perft":null,"sound":true}},{"type":"Feature","geometry":{"type":"Point","coordinates":[-105.4093,43.1008]},"properties":{"api":"4900931027","name":"TOUGHY FEE 3671-17-20-14W NH","op":"ANSCHUTZ EXPLORATION CORPORATION","co":"Converse","trs":"T36N R71W S17","fm":"NIOBRARA","eur":438627,"perft":42860,"sound":true}},{"type":"Feature","geometry":{"type":"Point","coordinates":[-105.1487,43.0145]},"properties":{"api":"4900931123","name":"WOODY FED 3569-4-T1H","op":"ANADARKO E&P ONSHORE LLC","co":"Converse","trs":"T35N R69W S16","fm":"TURNER","eur":1079080,"perft":105958,"sound":true}},{"type":"Feature","geometry":{"type":"Point","coordinates":[-105.1488,43.0145]},"properties":{"api":"4900931124","name":"WOODY FED 3569-4-N8H","op":"ANADARKO E&P ONSHORE LLC","co":"Converse","trs":"T35N R69W S16","fm":"NIOBRARA","eur":611223,"perft":58715,"sound":true}},{"type":"Feature","geometry":{"type":"Point","coordinates":[-105.4877,43.4361]},"properties":{"api":"4900931126","name":"MARYS DRAW 493-1526H","op":"EOG RESOURCES INC","co":"Converse","trs":"T40N R72W S15","fm":"TURNER","eur":243340,"perft":null,"sound":true}},{"type":"Feature","geometry":{"type":"Point","coordinates":[-105.8102,43.3884]},"properties":{"api":"4900931145","name":"SPEARHEAD FED 4075-3625 1SH","op":"CONTINENTAL RESOURCES INC","co":"Converse","trs":"T40N R75W S36","fm":"SHANNON","eur":null,"perft":null,"sound":false}},{"type":"Feature","geometry":{"type":"Point","coordinates":[-105.3892,43.1007]},"properties":{"api":"4900931202","name":"KALI FED 3671-16-21-14W NH","op":"ANSCHUTZ EXPLORATION CORPORATION","co":"Converse","trs":"T36N R71W S16","fm":"NIOBRARA","eur":572881,"perft":56292,"sound":true}},{"type":"Feature","geometry":{"type":"Point","coordinates":[-105.8324,43.3869]},"properties":{"api":"4900931205","name":"SPEARHEAD FED 11-2635 40-75SBH","op":"CONTINENTAL RESOURCES INC","co":"Converse","trs":"T39N R75W S2","fm":"SHANNON","eur":712835,"perft":null,"sound":true}},{"type":"Feature","geometry":{"type":"Point","coordinates":[-105.8161,43.4158]},"properties":{"api":"4900931218","name":"Mystical Federal 4075-25-24-13-1SH","op":"WRC ENERGY LLC","co":"Converse","trs":"T40N R75W S25","fm":"SHANNON","eur":1103212,"perft":109067,"sound":true}},{"type":"Feature","geometry":{"type":"Point","coordinates":[-105.4102,43.0127]},"properties":{"api":"4900931380","name":"Chloe Fed 3571-17-20-14W NH","op":"ANSCHUTZ EXPLORATION CORPORATION","co":"Converse","trs":"T35N R71W S17","fm":"NIOBRARA","eur":464541,"perft":44680,"sound":true}},{"type":"Feature","geometry":{"type":"Point","coordinates":[-105.4101,43.0127]},"properties":{"api":"4900931381","name":"Chloe Fed 3571-17-5-3W NH","op":"ANSCHUTZ EXPLORATION CORPORATION","co":"Converse","trs":"T35N R71W S17","fm":"NIOBRARA","eur":590037,"perft":57717,"sound":true}},{"type":"Feature","geometry":{"type":"Point","coordinates":[-105.4098,43.0123]},"properties":{"api":"4900931382","name":"CHLOE FED 3571-17-20-13 TH","op":"ANSCHUTZ EXPLORATION CORPORATION","co":"Converse","trs":"T35N R71W S17","fm":"TURNER","eur":null,"perft":null,"sound":false}},{"type":"Feature","geometry":{"type":"Point","coordinates":[-105.4099,43.0123]},"properties":{"api":"4900931383","name":"CHLOE FED 3571-17-5-3 TH","op":"ANSCHUTZ EXPLORATION CORPORATION","co":"Converse","trs":"T35N R71W S17","fm":"TURNER","eur":839867,"perft":85431,"sound":true}},{"type":"Feature","geometry":{"type":"Point","coordinates":[-105.43,43.012]},"properties":{"api":"4900931384","name":"SAM FED 3571-18-19-13 TH","op":"ANSCHUTZ EXPLORATION CORPORATION","co":"Converse","trs":"T35N R71W S18","fm":"TURNER","eur":608422,"perft":65135,"sound":true}},{"type":"Feature","geometry":{"type":"Point","coordinates":[-105.4298,43.0114]},"properties":{"api":"4900931385","name":"Sam Fed 3571-18-19-14W NH","op":"ANSCHUTZ EXPLORATION CORPORATION","co":"Converse","trs":"T35N R71W S18","fm":"NIOBRARA","eur":430318,"perft":42105,"sound":true}},{"type":"Feature","geometry":{"type":"Point","coordinates":[-105.7303,43.2858]},"properties":{"api":"4900931397","name":"Penrose Peak 3974-34-3--2FH","op":"WRC ENERGY LLC","co":"Converse","trs":"T38N R74W S10","fm":null,"eur":null,"perft":null,"sound":false}},{"type":"Feature","geometry":{"type":"Point","coordinates":[-105.3606,42.982]},"properties":{"api":"4900931413","name":"MEATLOAF FED 3571-27-15-1E NH","op":"ANSCHUTZ EXPLORATION CORPORATION","co":"Converse","trs":"T35N R71W S27","fm":"NIOBRARA","eur":996489,"perft":null,"sound":true}},{"type":"Feature","geometry":{"type":"Point","coordinates":[-105.4304,43.0727]},"properties":{"api":"4900931443","name":"DOLLY FED 3671-19-31-13 TH","op":"ANSCHUTZ EXPLORATION CORPORATION","co":"Converse","trs":"T36N R71W S19","fm":"TURNER","eur":52485,"perft":5251,"sound":true}},{"type":"Feature","geometry":{"type":"Point","coordinates":[-105.4303,43.0727]},"properties":{"api":"4900931444","name":"DOLLY FED 3671-19-31-14W NH","op":"ANSCHUTZ EXPLORATION CORPORATION","co":"Converse","trs":"T36N R71W S19","fm":"NIOBRARA","eur":428315,"perft":41930,"sound":true}},{"type":"Feature","geometry":{"type":"Point","coordinates":[-105.4116,43.0739]},"properties":{"api":"4900931451","name":"Captain Fed 3671-20-32-13 TH","op":"ANSCHUTZ EXPLORATION CORPORATION","co":"Converse","trs":"T36N R71W S20","fm":"TURNER","eur":null,"perft":null,"sound":false}},{"type":"Feature","geometry":{"type":"Point","coordinates":[-105.4115,43.0739]},"properties":{"api":"4900931452","name":"Captain Fed 3671-20-32-14W NH","op":"ANSCHUTZ EXPLORATION CORPORATION","co":"Converse","trs":"T36N R71W S20","fm":"NIOBRARA","eur":822529,"perft":79548,"sound":true}},{"type":"Feature","geometry":{"type":"Point","coordinates":[-105.2983,42.8418]},"properties":{"api":"4900931459","name":"COMBS 7-33-70 USA C SX 13H","op":"CONTINENTAL RESOURCES INC","co":"Converse","trs":"T33N R70W S7","fm":"SUSSEX","eur":37393,"perft":null,"sound":true}},{"type":"Feature","geometry":{"type":"Point","coordinates":[-105.2982,42.8418]},"properties":{"api":"4900931460","name":"COMBS 7-33-70 USA C SX 14H","op":"CONTINENTAL RESOURCES INC","co":"Converse","trs":"T33N R70W S7","fm":"SUSSEX","eur":95725,"perft":null,"sound":true}},{"type":"Feature","geometry":{"type":"Point","coordinates":[-105.2981,42.8418]},"properties":{"api":"4900931461","name":"COMBS 7-33-70 USA C SX 15H","op":"CONTINENTAL RESOURCES INC","co":"Converse","trs":"T33N R70W S7","fm":"SUSSEX","eur":79819,"perft":null,"sound":true}},{"type":"Feature","geometry":{"type":"Point","coordinates":[-105.298,42.8418]},"properties":{"api":"4900931462","name":"COMBS 7-33-70 USA C SX 16H","op":"CONTINENTAL RESOURCES INC","co":"Converse","trs":"T33N R70W S7","fm":"SUSSEX","eur":185214,"perft":null,"sound":true}},{"type":"Feature","geometry":{"type":"Point","coordinates":[-105.2983,42.8418]},"properties":{"api":"4900931463","name":"COMBS 7-33-70 USA C SX 12H","op":"CONTINENTAL RESOURCES INC","co":"Converse","trs":"T33N R70W S7","fm":"SUSSEX","eur":null,"perft":null,"sound":false}},{"type":"Feature","geometry":{"type":"Point","coordinates":[-105.8767,43.0841]},"properties":{"api":"4900931506","name":"TILLARD 3675-20-29-3F2H ST1H","op":"WRC ENERGY LLC","co":"Converse","trs":"T36N R75W S20","fm":"FRONTIER","eur":null,"perft":null,"sound":false}},{"type":"Feature","geometry":{"type":"Point","coordinates":[-104.9919,42.8719]},"properties":{"api":"4900931565","name":"BIRD 3468-26-T2H","op":null,"co":"Converse","trs":null,"fm":null,"eur":null,"perft":null,"sound":false}},{"type":"Feature","geometry":{"type":"Point","coordinates":[-105.0845,43.0037]},"properties":{"api":"4900931584","name":"EH FED UNIVERSE E 3569-25-N3H","op":"ANADARKO E&P ONSHORE LLC","co":"Converse","trs":"T35N R69W S13","fm":"NIOBRARA","eur":455048,"perft":44209,"sound":true}},{"type":"Feature","geometry":{"type":"Point","coordinates":[-105.0846,43.0036]},"properties":{"api":"4900931587","name":"EH FED UNIVERSE E 3569-25-N2H","op":"ANADARKO E&P ONSHORE LLC","co":"Converse","trs":"T35N R69W S13","fm":"NIOBRARA","eur":462681,"perft":44527,"sound":true}},{"type":"Feature","geometry":{"type":"Point","coordinates":[-105.0845,43.0037]},"properties":{"api":"4900931588","name":"EH FED UNIVERSE E 3569-25-N4H","op":"ANADARKO E&P ONSHORE LLC","co":"Converse","trs":"T35N R69W S13","fm":"NIOBRARA","eur":583518,"perft":59084,"sound":true}},{"type":"Feature","geometry":{"type":"Point","coordinates":[-105.0846,43.0036]},"properties":{"api":"4900931597","name":"EH FED UNIVERSE E 3569-25-N1H","op":"ANADARKO E&P ONSHORE LLC","co":"Converse","trs":"T35N R69W S13","fm":"NIOBRARA","eur":635065,"perft":64454,"sound":true}},{"type":"Feature","geometry":{"type":"Point","coordinates":[-105.3694,43.1026]},"properties":{"api":"4900931604","name":"COWBOY FED 3671-10-3-4 TH","op":"ANSCHUTZ EXPLORATION CORPORATION","co":"Converse","trs":"T36N R71W S10","fm":"TURNER","eur":442655,"perft":45086,"sound":true}},{"type":"Feature","geometry":{"type":"Point","coordinates":[-105.3691,43.1026]},"properties":{"api":"4900931605","name":"COWBOY FED 3671-10-3-3W NH","op":"ANSCHUTZ EXPLORATION CORPORATION","co":"Converse","trs":"T36N R71W S10","fm":"NIOBRARA","eur":640069,"perft":63329,"sound":true}},{"type":"Feature","geometry":{"type":"Point","coordinates":[-105.3695,43.1026]},"properties":{"api":"4900931606","name":"COWBOY FED 3671-10-22-13 PH","op":"ANSCHUTZ EXPLORATION CORPORATION","co":"Converse","trs":"T36N R71W S10","fm":"PARKMAN","eur":399144,"perft":38846,"sound":true}},{"type":"Feature","geometry":{"type":"Point","coordinates":[-105.3696,43.1029]},"properties":{"api":"4900931607","name":"COWBOY FED 3671-10-22-14W NH","op":"ANSCHUTZ EXPLORATION CORPORATION","co":"Converse","trs":"T36N R71W S10","fm":"NIOBRARA","eur":608034,"perft":null,"sound":true}},{"type":"Feature","geometry":{"type":"Point","coordinates":[-105.3639,43.1008]},"properties":{"api":"4900931610","name":"ROPER FED 3671-15-22-16 TH","op":"ANSCHUTZ EXPLORATION CORPORATION","co":"Converse","trs":"T36N R71W S15","fm":"TUNRER","eur":1022266,"perft":98323,"sound":true}},{"type":"Feature","geometry":{"type":"Point","coordinates":[-105.1924,42.9852]},"properties":{"api":"4900931636","name":"EH FED GALAXY W 3569-31-N1XH","op":"ANADARKO E&P ONSHORE LLC","co":"Converse","trs":"T35N R69W S30","fm":"NIOBRARA","eur":916277,"perft":null,"sound":true}},{"type":"Feature","geometry":{"type":"Point","coordinates":[-105.1924,42.9851]},"properties":{"api":"4900931637","name":"EH FED GALAXY W 3569-31-T2XH","op":"ANADARKO E&P ONSHORE LLC","co":"Converse","trs":"T35N R69W S30","fm":"TURNER","eur":541757,"perft":null,"sound":true}},{"type":"Feature","geometry":{"type":"Point","coordinates":[-105.1807,42.9854]},"properties":{"api":"4900931638","name":"EH FED GALAXY E 3569-31-T3XH","op":"ANADARKO E&P ONSHORE LLC","co":"Converse","trs":"T35N R69W S30","fm":"TURNER","eur":null,"perft":null,"sound":false}},{"type":"Feature","geometry":{"type":"Point","coordinates":[-105.1807,42.9853]},"properties":{"api":"4900931639","name":"EH FED GALAXY E 3569-31-T4XH","op":"ANADARKO E&P ONSHORE LLC","co":"Converse","trs":"T35N R69W S30","fm":"TURNER","eur":null,"perft":null,"sound":false}},{"type":"Feature","geometry":{"type":"Point","coordinates":[-105.9659,43.3879]},"properties":{"api":"4900931680","name":"HOOPER FED 3976-3-10-1FH","op":"SAGE BUTTE PRB OPERATING, LLC","co":"Converse","trs":"T40N R76W S34","fm":"FRONTIER","eur":225387,"perft":null,"sound":true}},{"type":"Feature","geometry":{"type":"Point","coordinates":[-105.35,42.985]},"properties":{"api":"4900931751","name":"GRAHAM 23-35-71 A TR 15H","op":"CONTINENTAL RESOURCES INC","co":"Converse","trs":"T35N R71W S23","fm":"TURNER","eur":456923,"perft":null,"sound":true}},{"type":"Feature","geometry":{"type":"Point","coordinates":[-105.0904,42.9384]},"properties":{"api":"4900931756","name":"EH FED CONTINUUM W 3469-13-T2XH","op":"ANADARKO E&P ONSHORE LLC","co":"Converse","trs":"T34N R69W S12","fm":"TURNER","eur":420603,"perft":54716,"sound":true}},{"type":"Feature","geometry":{"type":"Point","coordinates":[-105.0906,42.9385]},"properties":{"api":"4900931761","name":"EH FED CONTINUUM W 3469-13-N2XH","op":"ANADARKO E&P ONSHORE LLC","co":"Converse","trs":"T34N R69W S12","fm":"NIOBRARA","eur":447398,"perft":57580,"sound":true}},{"type":"Feature","geometry":{"type":"Point","coordinates":[-105.0907,42.9385]},"properties":{"api":"4900931762","name":"EH FED CONTINUUM W 3469-13-T1XH","op":"ANADARKO E&P ONSHORE LLC","co":"Converse","trs":"T34N R69W S12","fm":"TURNER","eur":307591,"perft":39735,"sound":true}},{"type":"Feature","geometry":{"type":"Point","coordinates":[-105.0903,42.9384]},"properties":{"api":"4900931776","name":"EH FED CONTINUUM W 3469-13-N4XH","op":"ANADARKO E&P ONSHORE LLC","co":"Converse","trs":"T34N R69W S12","fm":"NIOBRARA","eur":383087,"perft":49208,"sound":true}},{"type":"Feature","geometry":{"type":"Point","coordinates":[-105.4506,43.0282]},"properties":{"api":"4900931907","name":"AXEL FED 3572-1-36-12EX NH","op":"ANSCHUTZ EXPLORATION CORPORATION","co":"Converse","trs":"T35N R72W S1","fm":"NIOBRARA","eur":267319,"perft":34852,"sound":true}},{"type":"Feature","geometry":{"type":"Point","coordinates":[-105.4507,43.0281]},"properties":{"api":"4900931908","name":"AXEL FED 3572-1-36-11W NH","op":"ANSCHUTZ EXPLORATION CORPORATION","co":"Converse","trs":"T35N R72W S1","fm":"NIOBRARA","eur":275064,"perft":36322,"sound":true}},{"type":"Feature","geometry":{"type":"Point","coordinates":[-105.4214,43.099]},"properties":{"api":"4900931910","name":"Jack Fed 3671-18-6-1E NH","op":"ANSCHUTZ EXPLORATION CORPORATION","co":"Converse","trs":"T36N R71W S18","fm":"NIOBRARA","eur":706565,"perft":70172,"sound":true}},{"type":"Feature","geometry":{"type":"Point","coordinates":[-105.3514,43.0439]},"properties":{"api":"4900931915","name":"LUCY FED 3671-35-26-3 TH","op":"ANSCHUTZ EXPLORATION CORPORATION","co":"Converse","trs":"T36N R71W S35","fm":"TURNER","eur":1428710,"perft":139727,"sound":true}},{"type":"Feature","geometry":{"type":"Point","coordinates":[-105.3507,43.0439]},"properties":{"api":"4900931916","name":"LUCY FED 3671-35-26-3E NH","op":"ANSCHUTZ EXPLORATION CORPORATION","co":"Converse","trs":"T36N R71W S35","fm":"NIOBRARA","eur":599410,"perft":59119,"sound":true}},{"type":"Feature","geometry":{"type":"Point","coordinates":[-105.3125,42.9848]},"properties":{"api":"4900931920","name":"BB 19-35-70 USA A  SX 14H","op":"CONTINENTAL RESOURCES INC","co":"Converse","trs":"T35N R70W S19","fm":"SUSSEX","eur":369450,"perft":null,"sound":true}},{"type":"Feature","geometry":{"type":"Point","coordinates":[-105.3126,42.9847]},"properties":{"api":"4900931921","name":"BB 19-35-70 USA A TR 18H","op":"CONTINENTAL RESOURCES INC","co":"Converse","trs":"T35N R70W S19","fm":"TURNER","eur":343429,"perft":null,"sound":true}},{"type":"Feature","geometry":{"type":"Point","coordinates":[-105.3127,42.9847]},"properties":{"api":"4900931922","name":"BB 19-35-70 USA A TR 17H","op":"CONTINENTAL RESOURCES INC","co":"Converse","trs":"T35N R70W S19","fm":"TURNER","eur":325713,"perft":null,"sound":true}},{"type":"Feature","geometry":{"type":"Point","coordinates":[-105.3887,43.1008]},"properties":{"api":"4900931955","name":"Kali Fed 3671-16-4-2W NH","op":"ANSCHUTZ EXPLORATION CORPORATION","co":"Converse","trs":"T36N R71W S16","fm":"NIOBRARA","eur":558463,"perft":54115,"sound":true}},{"type":"Feature","geometry":{"type":"Point","coordinates":[-105.3888,43.1008]},"properties":{"api":"4900931957","name":"Kali Fed 3671-16-4-3W NH","op":"ANSCHUTZ EXPLORATION CORPORATION","co":"Converse","trs":"T36N R71W S16","fm":"NIOBRARA","eur":549103,"perft":53634,"sound":true}},{"type":"Feature","geometry":{"type":"Point","coordinates":[-105.3405,43.1035]},"properties":{"api":"4900931969","name":"BUCKY FED 3671-11-2-1 TH","op":"ANSCHUTZ EXPLORATION CORPORATION","co":"Converse","trs":"T36N R71W S11","fm":"TURNER","eur":573810,"perft":76641,"sound":true}},{"type":"Feature","geometry":{"type":"Point","coordinates":[-105.3419,43.0439]},"properties":{"api":"4900931971","name":"HARLEY FED 3671-35-26-1E NH","op":"ANSCHUTZ EXPLORATION CORPORATION","co":"Converse","trs":"T36N R71W S35","fm":"NIOBRARA","eur":504725,"perft":48327,"sound":true}},{"type":"Feature","geometry":{"type":"Point","coordinates":[-105.342,43.0439]},"properties":{"api":"4900931972","name":"HARLEY FED 3671-35-26-1 TH","op":"ANSCHUTZ EXPLORATION CORPORATION","co":"Converse","trs":"T36N R71W S35","fm":"TURNER","eur":1174738,"perft":119214,"sound":true}},{"type":"Feature","geometry":{"type":"Point","coordinates":[-105.321,43.1026]},"properties":{"api":"4900931973","name":"RITCHIE FED 3671-12-1-2X TH","op":"ANSCHUTZ EXPLORATION CORPORATION","co":"Converse","trs":"T36N R71W S12","fm":"TURNER","eur":652624,"perft":62952,"sound":true}},{"type":"Feature","geometry":{"type":"Point","coordinates":[-105.3206,43.1028]},"properties":{"api":"4900931974","name":"RITCHIE FED 3671-12-1-1E NH","op":"ANSCHUTZ EXPLORATION CORPORATION","co":"Converse","trs":"T36N R71W S12","fm":"NIOBRARA","eur":516563,"perft":54866,"sound":true}},{"type":"Feature","geometry":{"type":"Point","coordinates":[-105.348,42.983]},"properties":{"api":"4900932011","name":"VIKING FED 3571-26-35-13TH","op":"ANSCHUTZ EXPLORATION CORPORATION","co":"Converse","trs":"T35N R71W S26","fm":"TURNER","eur":118485,"perft":null,"sound":true}},{"type":"Feature","geometry":{"type":"Point","coordinates":[-105.3479,42.983]},"properties":{"api":"4900932012","name":"VIKING FED 3571-26-35-14TH","op":"ANSCHUTZ EXPLORATION CORPORATION","co":"Converse","trs":"T35N R71W S26","fm":"TURNER","eur":126174,"perft":null,"sound":true}},{"type":"Feature","geometry":{"type":"Point","coordinates":[-105.3483,43.0293]},"properties":{"api":"4900932015","name":"BB 2-35-71  USA A TR 20H","op":"CONTINENTAL RESOURCES INC","co":"Converse","trs":"T35N R71W S2","fm":"TURNER","eur":386248,"perft":null,"sound":true}},{"type":"Feature","geometry":{"type":"Point","coordinates":[-105.1083,42.8557]},"properties":{"api":"4900932028","name":"WCR 2-33-69 USA A TR 3H","op":"CONTINENTAL RESOURCES INC","co":"Converse","trs":"T33N R69W S2","fm":"TURNER","eur":164383,"perft":null,"sound":true}},{"type":"Feature","geometry":{"type":"Point","coordinates":[-105.1083,42.8557]},"properties":{"api":"4900932030","name":"WCR 2-33-69 USA A TR 1H","op":"CONTINENTAL RESOURCES INC","co":"Converse","trs":"T33N R69W S2","fm":"TURNER","eur":316968,"perft":null,"sound":true}},{"type":"Feature","geometry":{"type":"Point","coordinates":[-105.8436,43.2423]},"properties":{"api":"4900932056","name":"JUNIPER 27E15-5FH","op":"SAGE BUTTE PRB OPERATING, LLC","co":"Converse","trs":"T38N R75W S27","fm":"FRONTIER","eur":null,"perft":null,"sound":false}},{"type":"Feature","geometry":{"type":"Point","coordinates":[-105.2687,43.0807]},"properties":{"api":"4900932068","name":"RIDE FED 3670-28-P1H","op":"ANADARKO E&P ONSHORE LLC","co":"Converse","trs":"T36N R70W S21","fm":"PARKMAN","eur":null,"perft":null,"sound":false}},{"type":"Feature","geometry":{"type":"Point","coordinates":[-105.0877,42.883]},"properties":{"api":"4900932123","name":"WYOMING 36-34-69   B TR 1H","op":"CONTINENTAL RESOURCES INC","co":"Converse","trs":"T34N R69W S36","fm":"TURNER","eur":434797,"perft":null,"sound":true}},{"type":"Feature","geometry":{"type":"Point","coordinates":[-105.2819,43.0405]},"properties":{"api":"4900932260","name":"DORA FED 3570-8-T4XH","op":"ANADARKO E&P ONSHORE LLC","co":"Converse","trs":"T35N R70W S5","fm":"TURNER","eur":1458469,"perft":138822,"sound":true}},{"type":"Feature","geometry":{"type":"Point","coordinates":[-105.4835,43.3928]},"properties":{"api":"4900932299","name":"MARYS DRAW 56-34H","op":"EOG RESOURCES INC","co":"Converse","trs":"T40N R72W S34","fm":"FRONTIER/TURNER","eur":54016,"perft":null,"sound":true}},{"type":"Feature","geometry":{"type":"Point","coordinates":[-105.2294,43.0259]},"properties":{"api":"4900932366","name":"WELSHPOOL FED 3570-14-T2H","op":"ANADARKO E&P ONSHORE LLC","co":"Converse","trs":"T35N R70W S11","fm":null,"eur":null,"perft":null,"sound":false}},{"type":"Feature","geometry":{"type":"Point","coordinates":[-105.1267,42.9141]},"properties":{"api":"4900932488","name":"LEBAR 15-34-69 A TR 22H","op":"CONTINENTAL RESOURCES INC","co":"Converse","trs":"T34N R69W S15","fm":"TURNER","eur":473156,"perft":null,"sound":true}},{"type":"Feature","geometry":{"type":"Point","coordinates":[-105.0245,42.8779]},"properties":{"api":"4900932533","name":"TRINITY 3468-21-N8H","op":"ANADARKO E&P ONSHORE LLC","co":"Converse","trs":"T34N R68W S33","fm":"NIOBRARA","eur":546188,"perft":42216,"sound":true}},{"type":"Feature","geometry":{"type":"Point","coordinates":[-105.0244,42.8778]},"properties":{"api":"4900932534","name":"TRINITY FED 3368-4-N6XH","op":"ANADARKO E&P ONSHORE LLC","co":"Converse","trs":"T34N R68W S33","fm":"NIOBRARA","eur":500329,"perft":62824,"sound":true}},{"type":"Feature","geometry":{"type":"Point","coordinates":[-105.0246,42.878]},"properties":{"api":"4900932548","name":"TRINITY  3468-21-T4H","op":"ANADARKO E&P ONSHORE LLC","co":"Converse","trs":"T34N R68W S33","fm":"TURNER","eur":694680,"perft":61673,"sound":true}},{"type":"Feature","geometry":{"type":"Point","coordinates":[-105.0244,42.8778]},"properties":{"api":"4900932549","name":"TRINITY FED 3368-4-T4XH","op":"ANADARKO E&P ONSHORE LLC","co":"Converse","trs":"T34N R68W S33","fm":"TURNER","eur":265468,"perft":34360,"sound":true}},{"type":"Feature","geometry":{"type":"Point","coordinates":[-105.3878,43.0447]},"properties":{"api":"4900932697","name":"KRAMER FED 3671-33-28-4 TH","op":"ANSCHUTZ EXPLORATION CORPORATION","co":"Converse","trs":"T36N R71W S33","fm":"TURNER","eur":485370,"perft":48300,"sound":true}},{"type":"Feature","geometry":{"type":"Point","coordinates":[-105.5555,43.4328]},"properties":{"api":"4900932810","name":"MARYS DRAW 150-1807H","op":"EOG RESOURCES INC","co":"Converse","trs":"T40N R72W S18","fm":"PARKMAN","eur":306465,"perft":null,"sound":true}},{"type":"Feature","geometry":{"type":"Point","coordinates":[-105.5553,43.4328]},"properties":{"api":"4900932811","name":"MARYS DRAW 149-1807H","op":"EOG RESOURCES INC","co":"Converse","trs":"T40N R72W S18","fm":"PARKMAN","eur":407311,"perft":null,"sound":true}},{"type":"Feature","geometry":{"type":"Point","coordinates":[-105.5649,43.4171]},"properties":{"api":"4900932812","name":"CINEREOUS FED COM 2NH","op":"EOG RESOURCES INC","co":"Converse","trs":"T40N R73W S25","fm":"NIOBRARA","eur":211731,"perft":null,"sound":true}},{"type":"Feature","geometry":{"type":"Point","coordinates":[-105.5433,43.4346]},"properties":{"api":"4900932849","name":"NYMAG FEDERAL COM 2PH","op":"EOG RESOURCES INC","co":"Converse","trs":"T40N R72W S18","fm":"PARKMAN","eur":451271,"perft":null,"sound":true}},{"type":"Feature","geometry":{"type":"Point","coordinates":[-105.2645,42.9539]},"properties":{"api":"4900932856","name":"RRC 4-34-70 USA D TR 22H","op":"CONTINENTAL RESOURCES INC","co":"Converse","trs":"T34N R70W S4","fm":"TURNER","eur":246834,"perft":null,"sound":true}},{"type":"Feature","geometry":{"type":"Point","coordinates":[-105.2732,42.9243]},"properties":{"api":"4900932858","name":"RRC 16-34-70 USAC TR 21H","op":"CONTINENTAL RESOURCES INC","co":"Converse","trs":"T34N R70W S16","fm":"TURNER","eur":263168,"perft":null,"sound":true}},{"type":"Feature","geometry":{"type":"Point","coordinates":[-105.9586,43.2756]},"properties":{"api":"4900932863","name":"KATY FED 3876-10-15-22-1FH","op":"SAGE BUTTE PRB OPERATING, LLC","co":"Converse","trs":"T38N R76W S10","fm":"FRONTIER","eur":78804,"perft":null,"sound":true}},{"type":"Feature","geometry":{"type":"Point","coordinates":[-105.2771,43.2749]},"properties":{"api":"4900932896","name":"CONLEY DRAW 09-043870-1XNH","op":null,"co":"Converse","trs":null,"fm":null,"eur":502667,"perft":null,"sound":true}},{"type":"Feature","geometry":{"type":"Point","coordinates":[-105.0007,42.7828]},"properties":{"api":"4900932903","name":"SHAWNEE FED 3368-27-N3XH","op":"KERR-MCGEE OIL & GAS ONSHORE LP","co":"Converse","trs":"T33N R68W S34","fm":"NIOBRARA","eur":521957,"perft":null,"sound":true}},{"type":"Feature","geometry":{"type":"Point","coordinates":[-105.4093,43.1008]},"properties":{"api":"4900932997","name":"TOUGHY FEE 3671-17-20-13W NH","op":"ANSCHUTZ EXPLORATION CORPORATION","co":"Converse","trs":"T36N R71W S17","fm":"NIOBRARA","eur":516214,"perft":49655,"sound":true}},{"type":"Feature","geometry":{"type":"Point","coordinates":[-105.4225,43.0131]},"properties":{"api":"4900933028","name":"Argos Fee 3571-18-6-1W NH","op":"ANSCHUTZ EXPLORATION CORPORATION","co":"Converse","trs":"T35N R71W S18","fm":"NIOBRARA","eur":461559,"perft":45366,"sound":true}},{"type":"Feature","geometry":{"type":"Point","coordinates":[-105.4293,43.0113]},"properties":{"api":"4900933031","name":"SAM FED 3571-18-6-4E NH","op":"ANSCHUTZ EXPLORATION CORPORATION","co":"Converse","trs":"T35N R71W S18","fm":null,"eur":652701,"perft":null,"sound":true}},{"type":"Feature","geometry":{"type":"Point","coordinates":[-105.4218,43.4329]},"properties":{"api":"4900933159","name":"BLADE 438-1929H","op":"EOG RESOURCES INC","co":"Converse","trs":"T40N R71W S19","fm":"TURNER","eur":282506,"perft":null,"sound":true}},{"type":"Feature","geometry":{"type":"Point","coordinates":[-105.422,43.433]},"properties":{"api":"4900933184","name":"BLADE 452-19H","op":"EOG RESOURCES INC","co":"Converse","trs":"T40N R71W S19","fm":"TURNER","eur":271018,"perft":null,"sound":true}},{"type":"Feature","geometry":{"type":"Point","coordinates":[-105.4222,43.433]},"properties":{"api":"4900933185","name":"BLADE 451-1930H","op":"EOG RESOURCES INC","co":"Converse","trs":"T40N R71W S19","fm":"TURNER","eur":224567,"perft":null,"sound":true}},{"type":"Feature","geometry":{"type":"Point","coordinates":[-105.39,42.984]},"properties":{"api":"4900933212","name":"BOOMER FED 3571-28-16-3 TH","op":"ANSCHUTZ EXPLORATION CORPORATION","co":"Converse","trs":"T35N R71W S28","fm":"TURNER","eur":null,"perft":null,"sound":false}},{"type":"Feature","geometry":{"type":"Point","coordinates":[-105.3824,42.9861]},"properties":{"api":"4900933348","name":"REX FED 3571-21-33-16TH","op":"ANSCHUTZ EXPLORATION CORPORATION","co":"Converse","trs":"T35N R71W S21","fm":"TURNER","eur":172887,"perft":null,"sound":true}},{"type":"Feature","geometry":{"type":"Point","coordinates":[-105.4225,43.0132]},"properties":{"api":"4900933465","name":"Argos Fed 3571-18-19-15W NH","op":"ANSCHUTZ EXPLORATION CORPORATION","co":"Converse","trs":"T35N R71W S18","fm":"NIOBRARA","eur":586029,"perft":62099,"sound":true}},{"type":"Feature","geometry":{"type":"Point","coordinates":[-105.4299,43.0115]},"properties":{"api":"4900933466","name":"Sam Fed 3571-18-19-13W NH","op":"ANSCHUTZ EXPLORATION CORPORATION","co":"Converse","trs":"T35N R71W S18","fm":"NIOBRARA","eur":635634,"perft":62268,"sound":true}},{"type":"Feature","geometry":{"type":"Point","coordinates":[-105.8076,43.4723]},"properties":{"api":"4900933488","name":"LOST TWIN LAKES 4174-30-31-1NH","op":"WRC ENERGY LLC","co":"Converse","trs":"T40N R75W S1","fm":null,"eur":null,"perft":null,"sound":false}},{"type":"Feature","geometry":{"type":"Point","coordinates":[-105.4299,43.012]},"properties":{"api":"4900933545","name":"SAM FED 3571-18-6-4 TH","op":"ANSCHUTZ EXPLORATION CORPORATION","co":"Converse","trs":"T35N R71W S18","fm":"TURNER","eur":648698,"perft":null,"sound":true}},{"type":"Feature","geometry":{"type":"Point","coordinates":[-105.1424,43.1887]},"properties":{"api":"4900933547","name":"CU DOWNS FED 15-223769-2XTPH","op":"DEVON ENERGY PRODUCTION COMPANY LP","co":"Converse","trs":"T37N R69W S16","fm":"TEAPOT","eur":502409,"perft":null,"sound":true}},{"type":"Feature","geometry":{"type":"Point","coordinates":[-105.0731,43.0902]},"properties":{"api":"4900933548","name":"MLT FED 19-303668-1XTPH","op":"DEVON ENERGY PRODUCTION COMPANY LP","co":"Converse","trs":"T36N R68W S18","fm":"TEAPOT","eur":672837,"perft":null,"sound":true}},{"type":"Feature","geometry":{"type":"Point","coordinates":[-105.1428,43.1887]},"properties":{"api":"4900933550","name":"CU DOWNS FED 09-043769-CXTPH","op":"DEVON ENERGY PRODUCTION COMPANY LP","co":"Converse","trs":"T37N R69W S16","fm":"TEAPOT","eur":59978,"perft":null,"sound":true}},{"type":"Feature","geometry":{"type":"Point","coordinates":[-105.044,43.0756]},"properties":{"api":"4900933553","name":"MLT FED 20-173668-2XTPH","op":"DEVON ENERGY PRODUCTION COMPANY LP","co":"Converse","trs":"T36N R68W S20","fm":"TEAPOT","eur":null,"perft":null,"sound":false}},{"type":"Feature","geometry":{"type":"Point","coordinates":[-105.0595,43.1168]},"properties":{"api":"4900933556","name":"DOWNS FED 07-183668-4XTPH","op":"DEVON ENERGY PRODUCTION COMPANY LP","co":"Converse","trs":"T36N R68W S7","fm":"TEAPOT","eur":646343,"perft":null,"sound":true}},{"type":"Feature","geometry":{"type":"Point","coordinates":[-105.4103,43.0127]},"properties":{"api":"4900933560","name":"Chloe Fed 3571-17-20-13W NH","op":"ANSCHUTZ EXPLORATION CORPORATION","co":"Converse","trs":"T35N R71W S17","fm":"NIOBRARA","eur":529795,"perft":50908,"sound":true}},{"type":"Feature","geometry":{"type":"Point","coordinates":[-105.3949,43.43]},"properties":{"api":"4900933658","name":"BLADE 453-2128H","op":"EOG RESOURCES INC","co":"Converse","trs":"T40N R71W S21","fm":"TUNER","eur":278360,"perft":null,"sound":true}},{"type":"Feature","geometry":{"type":"Point","coordinates":[-105.4642,43.3179]},"properties":{"api":"4900933673","name":"T-55 FED 35-023872-4XTH","op":"DEVON ENERGY PRODUCTION COMPANY LP","co":"Converse","trs":"T39N R72W S35","fm":"TURNER","eur":433184,"perft":null,"sound":true}},{"type":"Feature","geometry":{"type":"Point","coordinates":[-105.4761,43.3171]},"properties":{"api":"4900933674","name":"RU T-55 FED 26-233972-1XTH","op":"DEVON ENERGY PRODUCTION COMPANY LP","co":"Converse","trs":"T39N R72W S35","fm":null,"eur":529623,"perft":null,"sound":true}},{"type":"Feature","geometry":{"type":"Point","coordinates":[-105.4749,43.3171]},"properties":{"api":"4900933675","name":"T-55 FED 35-023872-1XTH","op":"DEVON ENERGY PRODUCTION COMPANY LP","co":"Converse","trs":"T39N R72W S35","fm":"TURNER","eur":473287,"perft":null,"sound":true}},{"type":"Feature","geometry":{"type":"Point","coordinates":[-105.4749,43.3172]},"properties":{"api":"4900933676","name":"T-55 FED 35-023872-2XTH","op":"DEVON ENERGY PRODUCTION COMPANY LP","co":"Converse","trs":"T39N R72W S35","fm":"TURNER","eur":211462,"perft":null,"sound":true}},{"type":"Feature","geometry":{"type":"Point","coordinates":[-105.4041,43.1443]},"properties":{"api":"4900933696","name":"SDU BONER BROS FED 29-203771-4XPH","op":"DEVON ENERGY PRODUCTION COMPANY LP","co":"Converse","trs":"T37N R71W S32","fm":"PARKMAN","eur":677136,"perft":null,"sound":true}},{"type":"Feature","geometry":{"type":"Point","coordinates":[-105.9195,43.1003]},"properties":{"api":"4900933782","name":"TILLARD 3676-12-13-2F2H","op":"WRC ENERGY LLC","co":"Converse","trs":"T36N R76W S12","fm":"FRONTIER","eur":217601,"perft":null,"sound":true}},{"type":"Feature","geometry":{"type":"Point","coordinates":[-105.8088,43.2866]},"properties":{"api":"4900933805","name":"BUW Allemand 3875-12-13-2N2H","op":"WRC ENERGY LLC","co":"Converse","trs":"T38N R75W S12","fm":"NIOBRARA","eur":791650,"perft":86538,"sound":true}},{"type":"Feature","geometry":{"type":"Point","coordinates":[-105.3809,43.1009]},"properties":{"api":"4900933865","name":"REMI FED 3671-16-21-15W NH","op":"ANSCHUTZ EXPLORATION CORPORATION","co":"Converse","trs":"T36N R71W S16","fm":"NIOBRARA","eur":674791,"perft":65667,"sound":true}},{"type":"Feature","geometry":{"type":"Point","coordinates":[-105.9554,43.1043]},"properties":{"api":"4900933872","name":"SAND SPRINGS 3-34FH","op":"WRC ENERGY LLC","co":"Converse","trs":"T36N R76W S10","fm":"FRONTIER","eur":310135,"perft":null,"sound":true}},{"type":"Feature","geometry":{"type":"Point","coordinates":[-105.574,43.3826]},"properties":{"api":"4900933883","name":"CATAPULT 117-0136H","op":"EOG RESOURCES INC","co":"Converse","trs":"T39N R73W S1","fm":"FRONTIER-TURNER","eur":null,"perft":null,"sound":false}},{"type":"Feature","geometry":{"type":"Point","coordinates":[-105.5742,43.3826]},"properties":{"api":"4900933884","name":"CATAPULT 116-0136H","op":"EOG RESOURCES INC","co":"Converse","trs":"T39N R73W S1","fm":null,"eur":null,"perft":null,"sound":false}},{"type":"Feature","geometry":{"type":"Point","coordinates":[-105.0803,42.9601]},"properties":{"api":"4900933885","name":"EH FED RADLER 3469-12-T4XH","op":"ANADARKO E&P ONSHORE LLC","co":"Converse","trs":"T35N R69W S36","fm":"TURNER","eur":356200,"perft":null,"sound":true}},{"type":"Feature","geometry":{"type":"Point","coordinates":[-105.2904,42.9351]},"properties":{"api":"4900933978","name":"CLAUSEN 8-34-70 A SX 14H","op":"CONTINENTAL RESOURCES INC","co":"Converse","trs":"T34N R70W S8","fm":"SUSSEX","eur":101675,"perft":null,"sound":true}},{"type":"Feature","geometry":{"type":"Point","coordinates":[-104.9774,42.9296]},"properties":{"api":"4900933981","name":"NETZ 3468-12-1-2 TXH","op":"1876 RESOURCES LLC","co":"Converse","trs":"T34N R68W S12","fm":"TEAPOT","eur":327100,"perft":null,"sound":true}},{"type":"Feature","geometry":{"type":"Point","coordinates":[-104.9864,42.9304]},"properties":{"api":"4900933990","name":"NETZ 3468-11-2-2NXH","op":"1876 RESOURCES LLC","co":"Converse","trs":"T34N R68W S11","fm":"NIOBRARA","eur":570776,"perft":56112,"sound":true}},{"type":"Feature","geometry":{"type":"Point","coordinates":[-105.8531,43.3017]},"properties":{"api":"4900934003","name":"Allemand 3975-34-27-1NH","op":"WRC ENERGY LLC","co":"Converse","trs":"T39N R75W S34","fm":null,"eur":null,"perft":null,"sound":false}},{"type":"Feature","geometry":{"type":"Point","coordinates":[-105.5761,43.3517]},"properties":{"api":"4900934056","name":"CATAPULT 297-1324H","op":"EOG RESOURCES INC","co":"Converse","trs":"T39N R73W S13","fm":"TURNER/FRONTIER","eur":913751,"perft":null,"sound":true}},{"type":"Feature","geometry":{"type":"Point","coordinates":[-105.5763,43.3517]},"properties":{"api":"4900934058","name":"CATAPULT 697-1324H","op":"EOG RESOURCES INC","co":"Converse","trs":"T39N R73W S13","fm":"TURNER/FRONTIER","eur":308289,"perft":null,"sound":true}},{"type":"Feature","geometry":{"type":"Point","coordinates":[-105.4004,43.0434]},"properties":{"api":"4900934074","name":"TRIGGER FED 3671-32-29-X2 TH","op":"ANSCHUTZ EXPLORATION CORPORATION","co":"Converse","trs":"T36N R71W S32","fm":"TURNER","eur":335574,"perft":32529,"sound":true}},{"type":"Feature","geometry":{"type":"Point","coordinates":[-105.4117,43.0739]},"properties":{"api":"4900934076","name":"Captain Fed 3671-20-32-13W NH","op":"ANSCHUTZ EXPLORATION CORPORATION","co":"Converse","trs":"T36N R71W S20","fm":"NIOBRARA","eur":null,"perft":null,"sound":false}},{"type":"Feature","geometry":{"type":"Point","coordinates":[-105.4004,43.0434]},"properties":{"api":"4900934079","name":"TRIGGER FED 3671-32-29-X2W NH","op":"ANSCHUTZ EXPLORATION CORPORATION","co":"Converse","trs":null,"fm":"NIOBRARA","eur":553521,"perft":54496,"sound":true}},{"type":"Feature","geometry":{"type":"Point","coordinates":[-105.4003,43.0435]},"properties":{"api":"4900934081","name":"TRIGGER FED 3671-32-29-X1E NH","op":"ANSCHUTZ EXPLORATION CORPORATION","co":"Converse","trs":"T36N R71W S32","fm":"NIOBRARA","eur":543273,"perft":52541,"sound":true}},{"type":"Feature","geometry":{"type":"Point","coordinates":[-105.4699,42.9564]},"properties":{"api":"4900934137","name":"BB 35-35-72 USA A TR21H","op":"CONTINENTAL RESOURCES INC","co":"Converse","trs":"T35N R72W S35","fm":"TURNER","eur":454803,"perft":null,"sound":true}},{"type":"Feature","geometry":{"type":"Point","coordinates":[-105.3421,43.0439]},"properties":{"api":"4900934160","name":"HARLEY FED 3671-35-26-2E NH","op":"ANSCHUTZ EXPLORATION CORPORATION","co":"Converse","trs":"T36N R71W S35","fm":"NIOBRARA","eur":470587,"perft":45915,"sound":true}},{"type":"Feature","geometry":{"type":"Point","coordinates":[-105.3515,43.0439]},"properties":{"api":"4900934162","name":"LUCY FED 3671-35-26-4E NH","op":"ANSCHUTZ EXPLORATION CORPORATION","co":"Converse","trs":"T36N R71W S35","fm":"TURNER","eur":712019,"perft":69635,"sound":true}},{"type":"Feature","geometry":{"type":"Point","coordinates":[-105.3642,43.1001]},"properties":{"api":"4900934179","name":"ROPER FED 3671-15-3-1E NH","op":"ANSCHUTZ EXPLORATION CORPORATION","co":"Converse","trs":"T36N R71W S15","fm":"NIOBRARA","eur":581477,"perft":56558,"sound":true}},{"type":"Feature","geometry":{"type":"Point","coordinates":[-105.3642,43.1002]},"properties":{"api":"4900934180","name":"ROPER FED 3671-15-3-2E NH","op":"ANSCHUTZ EXPLORATION CORPORATION","co":"Converse","trs":"T36N R71W S15","fm":"NIOBRARA","eur":84066,"perft":8282,"sound":true}},{"type":"Feature","geometry":{"type":"Point","coordinates":[-105.4304,43.0727]},"properties":{"api":"4900934191","name":"DOLLY FED 3671-19-31-13W NH","op":"ANSCHUTZ EXPLORATION CORPORATION","co":"Converse","trs":"T36N R71W S19","fm":"NIOBRARA","eur":421698,"perft":41736,"sound":true}},{"type":"Feature","geometry":{"type":"Point","coordinates":[-105.4235,43.0711]},"properties":{"api":"4900934193","name":"REBA FED 3671-30-31-15 TH","op":"ANSCHUTZ EXPLORATION CORPORATION","co":"Converse","trs":"T36N R71W S30","fm":"TURNER","eur":112390,"perft":10884,"sound":true}},{"type":"Feature","geometry":{"type":"Point","coordinates":[-105.4236,43.0711]},"properties":{"api":"4900934194","name":"REBA FED 3671-30-31-15W NH","op":"ANSCHUTZ EXPLORATION CORPORATION","co":"Converse","trs":"T36N R71W S30","fm":"NIOBRARA","eur":725078,"perft":70280,"sound":true}},{"type":"Feature","geometry":{"type":"Point","coordinates":[-105.4234,43.0711]},"properties":{"api":"4900934195","name":"REBA FED 3671-30-31-16W NH","op":"ANSCHUTZ EXPLORATION CORPORATION","co":"Converse","trs":"T36N R71W S30","fm":"NIOBRARA","eur":589507,"perft":59016,"sound":true}},{"type":"Feature","geometry":{"type":"Point","coordinates":[-105.3485,43.0293]},"properties":{"api":"4900934199","name":"BB 2-35-71 USA A TR 18H","op":"CONTINENTAL RESOURCES INC","co":"Converse","trs":"T35N R71W S2","fm":"TURNER","eur":341318,"perft":null,"sound":true}},{"type":"Feature","geometry":{"type":"Point","coordinates":[-105.3484,43.0293]},"properties":{"api":"4900934201","name":"BB 2-35-71 USA A TR 19H","op":"CONTINENTAL RESOURCES INC","co":"Converse","trs":"T35N R71W S2","fm":"TURNER","eur":425891,"perft":null,"sound":true}},{"type":"Feature","geometry":{"type":"Point","coordinates":[-105.3217,42.9343]},"properties":{"api":"4900934202","name":"CLAUSEN 12-34-71 USA B TR 8H","op":"CONTINENTAL RESOURCES INC","co":"Converse","trs":"T34N R71W S12","fm":"TURNER","eur":314469,"perft":null,"sound":true}},{"type":"Feature","geometry":{"type":"Point","coordinates":[-105.3487,43.0293]},"properties":{"api":"4900934205","name":"BB 2-35-71 USA A TR 16H","op":"CONTINENTAL RESOURCES INC","co":"Converse","trs":"T35N R71W S2","fm":"TURNER","eur":850750,"perft":null,"sound":true}},{"type":"Feature","geometry":{"type":"Point","coordinates":[-105.3486,43.0293]},"properties":{"api":"4900934206","name":"BB 2-35-71 A TR 15H","op":"CONTINENTAL RESOURCES INC","co":"Converse","trs":"T35N R71W S2","fm":"TURNER","eur":581936,"perft":null,"sound":true}},{"type":"Feature","geometry":{"type":"Point","coordinates":[-105.3289,43.1035]},"properties":{"api":"4900934258","name":"RAGS FED 3671-12-24-14 TH","op":"ANSCHUTZ EXPLORATION CORPORATION","co":"Converse","trs":"T36N R71W S12","fm":"TURNER","eur":1263868,"perft":131325,"sound":true}},{"type":"Feature","geometry":{"type":"Point","coordinates":[-105.329,43.1034]},"properties":{"api":"4900934259","name":"RAGS FED 3671-12-1-4W NH","op":"ANSCHUTZ EXPLORATION CORPORATION","co":"Converse","trs":"T36N R71W S12","fm":"NIOBRARA","eur":436793,"perft":43183,"sound":true}},{"type":"Feature","geometry":{"type":"Point","coordinates":[-105.3289,43.1034]},"properties":{"api":"4900934260","name":"RAGS FED 3671-12-1-3W NH","op":"ANSCHUTZ EXPLORATION CORPORATION","co":"Converse","trs":"T36N R71W S12","fm":"NIOBRARA","eur":464942,"perft":45920,"sound":true}},{"type":"Feature","geometry":{"type":"Point","coordinates":[-105.3253,43.1021]},"properties":{"api":"4900934262","name":"RITCHIE FED 3671-12-24-16 TH","op":"ANSCHUTZ EXPLORATION CORPORATION","co":"Converse","trs":"T36N R71W S12","fm":"TURNER","eur":1595866,"perft":174259,"sound":true}},{"type":"Feature","geometry":{"type":"Point","coordinates":[-105.364,43.101]},"properties":{"api":"4900934264","name":"RITCHIE FED 3671-12-1-1W NH","op":"ANSCHUTZ EXPLORATION CORPORATION","co":"Converse","trs":"T36N R71W S12","fm":"NIOBRARA","eur":332927,"perft":null,"sound":true}},{"type":"Feature","geometry":{"type":"Point","coordinates":[-105.3211,43.1028]},"properties":{"api":"4900934265","name":"RITCHIE FED 3671-12-1-3 TH","op":"ANSCHUTZ EXPLORATION CORPORATION","co":"Converse","trs":"T36N R71W S12","fm":"TURNER","eur":467667,"perft":46198,"sound":true}},{"type":"Feature","geometry":{"type":"Point","coordinates":[-105.7452,43.3151]},"properties":{"api":"4900934267","name":"Lake Angeline 3974-27-22-1FH","op":"WRC ENERGY LLC","co":"Converse","trs":"T39N R74W S33","fm":null,"eur":null,"perft":null,"sound":false}},{"type":"Feature","geometry":{"type":"Point","coordinates":[-105.3182,43.042]},"properties":{"api":"4900934279","name":"BB 1-35-71 USA A TR 18H","op":"CONTINENTAL RESOURCES INC","co":"Converse","trs":"T35N R71W S1","fm":"TURNER","eur":400861,"perft":null,"sound":true}},{"type":"Feature","geometry":{"type":"Point","coordinates":[-105.3888,43.1008]},"properties":{"api":"4900934282","name":"KALI FED 3671-16-4-4W NH","op":"ANSCHUTZ EXPLORATION CORPORATION","co":"Converse","trs":"T36N R71W S16","fm":"NIOBRARA","eur":636700,"perft":62859,"sound":true}},{"type":"Feature","geometry":{"type":"Point","coordinates":[-105.3893,43.1006]},"properties":{"api":"4900934283","name":"KALI FED 3671-16-21-13W NH","op":"ANSCHUTZ EXPLORATION CORPORATION","co":"Converse","trs":"T36N R71W S16","fm":"NIOBRARA","eur":673554,"perft":65938,"sound":true}},{"type":"Feature","geometry":{"type":"Point","coordinates":[-105.3416,43.1034]},"properties":{"api":"4900934286","name":"BUCKY FED 3671-11-2-2E NH","op":"ANSCHUTZ EXPLORATION CORPORATION","co":"Converse","trs":"T36N R71W S11","fm":"NIOBRARA","eur":462108,"perft":45972,"sound":true}},{"type":"Feature","geometry":{"type":"Point","coordinates":[-105.3416,43.1034]},"properties":{"api":"4900934287","name":"BUCKY FED 3671-11-2-1E NH","op":"ANSCHUTZ EXPLORATION CORPORATION","co":"Converse","trs":"T36N R71W S11","fm":"NIOBRARA","eur":548434,"perft":55425,"sound":true}},{"type":"Feature","geometry":{"type":"Point","coordinates":[-105.3485,43.1039]},"properties":{"api":"4900934290","name":"BOB FED 3671-11-2-4W NH","op":"ANSCHUTZ EXPLORATION CORPORATION","co":"Converse","trs":"T36N R71W S11","fm":"NIOBRARA","eur":369453,"perft":35936,"sound":true}},{"type":"Feature","geometry":{"type":"Point","coordinates":[-105.3484,43.1038]},"properties":{"api":"4900934291","name":"BOB FED 3671-11-2-3W NH","op":"ANSCHUTZ EXPLORATION CORPORATION","co":"Converse","trs":"T36N R71W S11","fm":"NIOBRARA","eur":424214,"perft":41334,"sound":true}},{"type":"Feature","geometry":{"type":"Point","coordinates":[-105.3485,43.1039]},"properties":{"api":"4900934292","name":"BOB FED 3671-11-2-4 TH","op":"ANSCHUTZ EXPLORATION CORPORATION","co":"Converse","trs":"T36N R71W S11","fm":"TURNER","eur":269754,"perft":26261,"sound":true}},{"type":"Feature","geometry":{"type":"Point","coordinates":[-105.3475,43.1036]},"properties":{"api":"4900934294","name":"BOB FED 3671-11-23-14 TH","op":"ANSCHUTZ EXPLORATION CORPORATION","co":"Converse","trs":"T36N R71W S11","fm":"TURNER","eur":895403,"perft":90729,"sound":true}},{"type":"Feature","geometry":{"type":"Point","coordinates":[-105.3401,43.1035]},"properties":{"api":"4900934300","name":"BUCKY FED 3671-11-23-16 TH","op":"ANSCHUTZ EXPLORATION CORPORATION","co":"Converse","trs":"T36N R71W S11","fm":"TURNER","eur":791275,"perft":80726,"sound":true}},{"type":"Feature","geometry":{"type":"Point","coordinates":[-104.9319,43.017]},"properties":{"api":"4900934305","name":"LOST SPRINGS 3567-8-20-2 NXH","op":"1876 RESOURCES LLC","co":"Converse","trs":"T35N R67W S8","fm":"NIOBRARA","eur":478824,"perft":46565,"sound":true}},{"type":"Feature","geometry":{"type":"Point","coordinates":[-104.9317,43.0171]},"properties":{"api":"4900934306","name":"LOST SPRINGS 3567-8-5-3NXH","op":"1876 RESOURCES LLC","co":"Converse","trs":"T35N R67W S8","fm":"NIOBRARA","eur":505210,"perft":50637,"sound":true}},{"type":"Feature","geometry":{"type":"Point","coordinates":[-104.932,43.0169]},"properties":{"api":"4900934309","name":"LOST SPRINGS 3567-8-5-1NXH","op":"1876 RESOURCES LLC","co":"Converse","trs":"T35N R67W S8","fm":"NIOBRARA","eur":514553,"perft":50790,"sound":true}},{"type":"Feature","geometry":{"type":"Point","coordinates":[-104.9318,43.017]},"properties":{"api":"4900934310","name":"LOST SPRINGS 3567-8-20-4NXH","op":"1876 RESOURCES LLC","co":"Converse","trs":null,"fm":"NIOBRARA","eur":652231,"perft":61653,"sound":true}},{"type":"Feature","geometry":{"type":"Point","coordinates":[-105.2075,42.8959]},"properties":{"api":"4900934313","name":"CLAUSEN 25-34-70 A NB 4H","op":"CONTINENTAL RESOURCES INC","co":"Converse","trs":"T34N R70W S25","fm":"NIOBRARA","eur":158082,"perft":18386,"sound":true}},{"type":"Feature","geometry":{"type":"Point","coordinates":[-105.2819,42.9325]},"properties":{"api":"4900934317","name":"CLAUSEN 8-34-70 USA ST B TR 8H","op":"CONTINENTAL RESOURCES INC","co":"Converse","trs":"T34N R70W S8","fm":"TURNER","eur":285900,"perft":null,"sound":true}},{"type":"Feature","geometry":{"type":"Point","coordinates":[-105.3878,43.0453]},"properties":{"api":"4900934319","name":"KRAMER FED 3671-33-28-3E NH","op":"ANSCHUTZ EXPLORATION CORPORATION","co":"Converse","trs":"T36N R71W S33","fm":"NIOBRARA","eur":587153,"perft":null,"sound":true}},{"type":"Feature","geometry":{"type":"Point","coordinates":[-105.3878,43.0453]},"properties":{"api":"4900934321","name":"KRAMER FED 3671-33-28-3W NH","op":"ANSCHUTZ EXPLORATION CORPORATION","co":"Converse","trs":"T36N R71W S33","fm":"NIOBRARA","eur":657834,"perft":null,"sound":true}},{"type":"Feature","geometry":{"type":"Point","coordinates":[-105.4312,43.1017]},"properties":{"api":"4900934330","name":"DENVER FED 3671-7-19-13W NH","op":"ANSCHUTZ EXPLORATION CORPORATION","co":"Converse","trs":"T36N R71W S7","fm":"NIOBRARA","eur":512518,"perft":50699,"sound":true}},{"type":"Feature","geometry":{"type":"Point","coordinates":[-105.4311,43.1017]},"properties":{"api":"4900934331","name":"DENVER FED 3671-7-19-14W NH","op":"ANSCHUTZ EXPLORATION CORPORATION","co":"Converse","trs":"T36N R71W S7","fm":"NIOBRARA","eur":487132,"perft":47679,"sound":true}},{"type":"Feature","geometry":{"type":"Point","coordinates":[-105.4506,43.0283]},"properties":{"api":"4900934339","name":"AXEL FED 3572-1-36-12W NH","op":"ANSCHUTZ EXPLORATION CORPORATION","co":"Converse","trs":"T35N R72W S1","fm":"NIOBRARA","eur":423707,"perft":55416,"sound":true}},{"type":"Feature","geometry":{"type":"Point","coordinates":[-105.3927,43.1624]},"properties":{"api":"4900934353","name":"SDU BONER BROS FED 2128-333771-2XPH","op":"DEVON ENERGY PRODUCTION COMPANY LP","co":"Converse","trs":"T37N R71W S21","fm":"PARKMAN","eur":482163,"perft":null,"sound":true}},{"type":"Feature","geometry":{"type":"Point","coordinates":[-105.3721,43.0147]},"properties":{"api":"4900934354","name":"YOGI FED 3571-10-3-3 TH","op":"ANSCHUTZ EXPLORATION CORPORATION","co":"Converse","trs":"T35N R71W S10","fm":"TURNER","eur":null,"perft":null,"sound":false}},{"type":"Feature","geometry":{"type":"Point","coordinates":[-105.383,43.0442]},"properties":{"api":"4900934367","name":"Abbey Fed 3671-33-9-16E NH","op":"ANSCHUTZ EXPLORATION CORPORATION","co":"Converse","trs":"T36N R71W S33","fm":"NIOBRARA","eur":546991,"perft":53590,"sound":true}},{"type":"Feature","geometry":{"type":"Point","coordinates":[-105.388,43.0443]},"properties":{"api":"4900934369","name":"KRAMER FED 3671-33-9-14W NH","op":"ANSCHUTZ EXPLORATION CORPORATION","co":"Converse","trs":"T36N R71W S33","fm":"NIOBRARA","eur":390804,"perft":38303,"sound":true}},{"type":"Feature","geometry":{"type":"Point","coordinates":[-105.3693,43.1026]},"properties":{"api":"4900934380","name":"COWBOY FED 3671-10-3-2 TH","op":"ANSCHUTZ EXPLORATION CORPORATION","co":"Converse","trs":"T36N R71W S10","fm":"TURNER","eur":245490,"perft":23943,"sound":true}},{"type":"Feature","geometry":{"type":"Point","coordinates":[-105.3693,43.1026]},"properties":{"api":"4900934382","name":"COWBOY FED 3671-10-3-3 PH","op":"ANSCHUTZ EXPLORATION CORPORATION","co":"Converse","trs":"T36N R71W S10","fm":"PARKMAN","eur":419048,"perft":40716,"sound":true}},{"type":"Feature","geometry":{"type":"Point","coordinates":[-105.3692,43.1026]},"properties":{"api":"4900934383","name":"COWBOY FED 3671-10-3-4W NH","op":"ANSCHUTZ EXPLORATION CORPORATION","co":"Converse","trs":"T36N R71W S10","fm":"NIOBRARA","eur":517310,"perft":50612,"sound":true}},{"type":"Feature","geometry":{"type":"Point","coordinates":[-105.3901,42.9844]},"properties":{"api":"4900934401","name":"Boomer Fed 3571-21-16-3E NH","op":"ANSCHUTZ EXPLORATION CORPORATION","co":"Converse","trs":"T35N R71W S21","fm":null,"eur":null,"perft":null,"sound":false}},{"type":"Feature","geometry":{"type":"Point","coordinates":[-105.2817,42.9324]},"properties":{"api":"4900934405","name":"CLAUSEN 8-34-70 USA B TR 23H","op":"CONTINENTAL RESOURCES INC","co":"Converse","trs":"T34N R70W S8","fm":"TURNER","eur":311201,"perft":null,"sound":true}},{"type":"Feature","geometry":{"type":"Point","coordinates":[-105.3701,42.9353]},"properties":{"api":"4900934412","name":"CLAUSEN 10-34-71 USA  B TR 20H","op":"CONTINENTAL RESOURCES INC","co":"Converse","trs":"T34N R71W S10","fm":"TURNER","eur":150567,"perft":null,"sound":true}},{"type":"Feature","geometry":{"type":"Point","coordinates":[-105.4531,43.3184]},"properties":{"api":"4900934419","name":"MADSEN STATE FED 21-36-1 FH","op":null,"co":"Converse","trs":null,"fm":null,"eur":524356,"perft":null,"sound":true}},{"type":"Feature","geometry":{"type":"Point","coordinates":[-105.3607,42.982]},"properties":{"api":"4900934424","name":"MEATLOAF FED 3571-27-15-1W NH","op":null,"co":"Converse","trs":null,"fm":null,"eur":null,"perft":null,"sound":false}},{"type":"Feature","geometry":{"type":"Point","coordinates":[-104.9353,42.9862]},"properties":{"api":"4900934469","name":"LOST SPRINGS 3567-29-32-1 NXH","op":"1876 RESOURCES LLC","co":"Converse","trs":"T35N R67W S29","fm":"NIOBRARA","eur":462712,"perft":null,"sound":true}},{"type":"Feature","geometry":{"type":"Point","coordinates":[-104.9354,42.9862]},"properties":{"api":"4900934473","name":"LOST SPRINGS 3567-29-32-2NXH","op":"1876 RESOURCES LLC","co":"Converse","trs":"T35N R67W S29","fm":"NIOBRARA","eur":446327,"perft":42170,"sound":true}},{"type":"Feature","geometry":{"type":"Point","coordinates":[-105.4293,43.0114]},"properties":{"api":"4900934491","name":"SAM FED 3571-18-6-4W NH","op":"ANSCHUTZ EXPLORATION CORPORATION","co":"Converse","trs":"T35N R71W S18","fm":"NIOBRARA","eur":681443,"perft":null,"sound":true}},{"type":"Feature","geometry":{"type":"Point","coordinates":[-105.1663,42.8636]},"properties":{"api":"4900934499","name":"YORK RANCH 5-33-69 A TR 10H","op":"CONTINENTAL RESOURCES INC","co":"Converse","trs":"T33N R69W S5","fm":"TURNER","eur":247418,"perft":null,"sound":true}},{"type":"Feature","geometry":{"type":"Point","coordinates":[-105.1663,42.8635]},"properties":{"api":"4900934500","name":"YORK RANCH 5-33-69 A TR 12H","op":"CONTINENTAL RESOURCES INC","co":"Converse","trs":"T33N R69W S5","fm":"TURNER","eur":143971,"perft":null,"sound":true}},{"type":"Feature","geometry":{"type":"Point","coordinates":[-105.2828,42.9542]},"properties":{"api":"4900934517","name":"RRC 5-34-70 USA B TR 23H","op":"CONTINENTAL RESOURCES INC","co":"Converse","trs":"T34N R70W S5","fm":"TURNER","eur":601922,"perft":null,"sound":true}},{"type":"Feature","geometry":{"type":"Point","coordinates":[-105.2829,42.9543]},"properties":{"api":"4900934518","name":"RRC 5-34-70 USA B TR 21H","op":"CONTINENTAL RESOURCES INC","co":"Converse","trs":"T34N R70W S5","fm":"TURNER","eur":314398,"perft":null,"sound":true}},{"type":"Feature","geometry":{"type":"Point","coordinates":[-105.3697,43.1029]},"properties":{"api":"4900934537","name":"COWBOY FED 3671-10-22-13E NH","op":"ANSCHUTZ EXPLORATION CORPORATION","co":"Converse","trs":"T36N R71W S10","fm":"NIOBRARA","eur":400255,"perft":null,"sound":true}},{"type":"Feature","geometry":{"type":"Point","coordinates":[-105.3698,43.1029]},"properties":{"api":"4900934538","name":"COWBOY FED 3671-10-22-13W NH","op":"ANSCHUTZ EXPLORATION CORPORATION","co":"Converse","trs":"T36N R71W S10","fm":"NIOBRARA","eur":544376,"perft":null,"sound":true}},{"type":"Feature","geometry":{"type":"Point","coordinates":[-105.2136,42.9689]},"properties":{"api":"4900934551","name":"BRIDGER STATE 3570-36-T1H","op":"ANADARKO E&P ONSHORE LLC","co":"Converse","trs":"T35N R70W S36","fm":"TURNER","eur":411030,"perft":null,"sound":true}},{"type":"Feature","geometry":{"type":"Point","coordinates":[-105.3289,42.9832]},"properties":{"api":"4900934618","name":"BB 25-35-71 USA A TR 22H","op":"CONTINENTAL RESOURCES INC","co":"Converse","trs":"T35N R71W S25","fm":"TURNER","eur":325262,"perft":null,"sound":true}},{"type":"Feature","geometry":{"type":"Point","coordinates":[-105.3289,42.9831]},"properties":{"api":"4900934619","name":"BB 25-35-71 USA A TR 23H","op":"CONTINENTAL RESOURCES INC","co":"Converse","trs":"T35N R71W S25","fm":"TURNER","eur":357634,"perft":null,"sound":true}},{"type":"Feature","geometry":{"type":"Point","coordinates":[-105.3289,42.9831]},"properties":{"api":"4900934620","name":"BB 25-35-71 USA A TR 21H","op":"CONTINENTAL RESOURCES INC","co":"Converse","trs":"T35N R71W S25","fm":"TURNER","eur":451826,"perft":41532,"sound":true}},{"type":"Feature","geometry":{"type":"Point","coordinates":[-105.3289,42.9833]},"properties":{"api":"4900934621","name":"BB 25-35-71 USA A TR 20H","op":"CONTINENTAL RESOURCES INC","co":"Converse","trs":"T35N R71W S25","fm":"TURNER","eur":277340,"perft":null,"sound":true}},{"type":"Feature","geometry":{"type":"Point","coordinates":[-105.2693,42.9839]},"properties":{"api":"4900934633","name":"ELLA  FED 3570-33-T2H","op":"ANADARKO E&P ONSHORE LLC","co":"Converse","trs":"T35N R70W S28","fm":"TURNER","eur":473442,"perft":51528,"sound":true}},{"type":"Feature","geometry":{"type":"Point","coordinates":[-105.2695,42.9838]},"properties":{"api":"4900934634","name":"ELLA FED 3570-16-T2H","op":"ANADARKO E&P ONSHORE LLC","co":"Converse","trs":"T35N R70W S28","fm":"TURNER","eur":1001272,"perft":100914,"sound":true}},{"type":"Feature","geometry":{"type":"Point","coordinates":[-105.1546,43.2036]},"properties":{"api":"4900934636","name":"CU REPP FED 09-213769-1XTPH","op":"DEVON ENERGY PRODUCTION COMPANY LP","co":"Converse","trs":"T37N R69W S9","fm":"TEAPOT","eur":439834,"perft":null,"sound":true}},{"type":"Feature","geometry":{"type":"Point","coordinates":[-105.8158,43.2997]},"properties":{"api":"4900934667","name":"GRANITE LAKE 3975-26-35-1NH","op":"WRC ENERGY LLC","co":"Converse","trs":"T38N R75W S1","fm":null,"eur":null,"perft":null,"sound":false}},{"type":"Feature","geometry":{"type":"Point","coordinates":[-105.4855,43.3176]},"properties":{"api":"4900934690","name":"T-55 FED 34-033872-1XTH","op":"DEVON ENERGY PRODUCTION COMPANY LP","co":"Converse","trs":"T39N R72W S34","fm":"TURNER","eur":91510,"perft":18853,"sound":true}},{"type":"Feature","geometry":{"type":"Point","coordinates":[-105.4853,43.3175]},"properties":{"api":"4900934691","name":"T-55 FED 34-033872-3XTH","op":"DEVON ENERGY PRODUCTION COMPANY LP","co":"Converse","trs":"T39N R72W S34","fm":"TURNER","eur":555900,"perft":55590,"sound":true}},{"type":"Feature","geometry":{"type":"Point","coordinates":[-105.534,43.0266]},"properties":{"api":"4900934696","name":"SPILLMAN DRAW UNIT 35-72 8-1NH","op":"CONTINENTAL RESOURCES INC","co":"Converse","trs":"T35N R72W S8","fm":"NIOBRARA","eur":756666,"perft":null,"sound":true}},{"type":"Feature","geometry":{"type":"Point","coordinates":[-105.535,43.0265]},"properties":{"api":"4900934697","name":"SPILLMAN DRAW UNIT 35-72 8-5NH","op":"CONTINENTAL RESOURCES INC","co":"Converse","trs":"T35N R72W S8","fm":"NIOBRARA","eur":845737,"perft":null,"sound":true}},{"type":"Feature","geometry":{"type":"Point","coordinates":[-105.3028,42.9844]},"properties":{"api":"4900934723","name":"BB 19-35-70 USA B SX 13H","op":"CONTINENTAL RESOURCES INC","co":"Converse","trs":"T35N R70W S19","fm":"SUSSEX","eur":786365,"perft":74094,"sound":true}},{"type":"Feature","geometry":{"type":"Point","coordinates":[-105.3027,42.9843]},"properties":{"api":"4900934724","name":"BB 19-35-70 USA B SX 14H","op":"CONTINENTAL RESOURCES INC","co":"Converse","trs":"T35N R70W S19","fm":"SUSSEX","eur":360829,"perft":34995,"sound":true}},{"type":"Feature","geometry":{"type":"Point","coordinates":[-105.3028,42.9846]},"properties":{"api":"4900934725","name":"BB 19-35-70 USA B TR 20H","op":"CONTINENTAL RESOURCES INC","co":"Converse","trs":"T35N R70W S19","fm":"TURNER","eur":350293,"perft":null,"sound":true}},{"type":"Feature","geometry":{"type":"Point","coordinates":[-105.3025,42.9844]},"properties":{"api":"4900934726","name":"BB 19-35-70 USA B TR 21H","op":"CONTINENTAL RESOURCES INC","co":"Converse","trs":"T35N R70W S19","fm":"TURNER","eur":658295,"perft":null,"sound":true}},{"type":"Feature","geometry":{"type":"Point","coordinates":[-105.4276,42.9846]},"properties":{"api":"4900934727","name":"BB 19-35-71 USA TR 22H","op":"CONTINENTAL RESOURCES INC","co":"Converse","trs":"T35N R71W S19","fm":"TURNER","eur":179628,"perft":null,"sound":true}},{"type":"Feature","geometry":{"type":"Point","coordinates":[-105.4276,42.9847]},"properties":{"api":"4900934728","name":"BB 19-35-71 USA A TR 20H","op":"CONTINENTAL RESOURCES INC","co":"Converse","trs":"T35N R71W S19","fm":"TURNER","eur":231449,"perft":null,"sound":true}},{"type":"Feature","geometry":{"type":"Point","coordinates":[-105.405,42.9821]},"properties":{"api":"4900934729","name":"BB 29-35-71 USA B TR 20H","op":"CONTINENTAL RESOURCES INC","co":"Converse","trs":"T35N R71W S29","fm":"TURNER","eur":276066,"perft":null,"sound":true}},{"type":"Feature","geometry":{"type":"Point","coordinates":[-105.405,42.9821]},"properties":{"api":"4900934730","name":"BB 29-35-71 USA B TR 22H","op":"CONTINENTAL RESOURCES INC","co":"Converse","trs":"T35N R71W S29","fm":"TURNER","eur":369648,"perft":null,"sound":true}},{"type":"Feature","geometry":{"type":"Point","coordinates":[-105.1017,43.1303]},"properties":{"api":"4900934796","name":"DOWNS FED 02-113669-3XTPH","op":"DEVON ENERGY PRODUCTION COMPANY LP","co":"Converse","trs":"T36N R69W S2","fm":"TEAPOT","eur":574759,"perft":null,"sound":true}},{"type":"Feature","geometry":{"type":"Point","coordinates":[-105.1161,43.1289]},"properties":{"api":"4900934799","name":"CU DOWNS FED 35-263769-3XTPH","op":"DEVON ENERGY PRODUCTION COMPANY LP","co":"Converse","trs":"T36N R69W S2","fm":"TEAPOT","eur":713817,"perft":null,"sound":true}},{"type":"Feature","geometry":{"type":"Point","coordinates":[-105.3485,42.9275]},"properties":{"api":"4900934863","name":"CLAUSEN 11-34-71 USAA TR 20H","op":"CONTINENTAL RESOURCES INC","co":"Converse","trs":"T34N R71W S11","fm":"TURNER","eur":407128,"perft":null,"sound":true}},{"type":"Feature","geometry":{"type":"Point","coordinates":[-105.3485,42.9275]},"properties":{"api":"4900934864","name":"CLAUSEN 11-34-71 USAA TR 21H","op":"CONTINENTAL RESOURCES INC","co":"Converse","trs":"T34N R71W S11","fm":"TURNER","eur":580080,"perft":null,"sound":true}},{"type":"Feature","geometry":{"type":"Point","coordinates":[-105.2637,42.8954]},"properties":{"api":"4900934866","name":"CLAUSEN 28-34-70 USAA TR 21H","op":"CONTINENTAL RESOURCES INC","co":"Converse","trs":"T34N R70W S28","fm":"TURNER","eur":764191,"perft":null,"sound":true}},{"type":"Feature","geometry":{"type":"Point","coordinates":[-105.2693,42.8894]},"properties":{"api":"4900934871","name":"CLAUSEN 28-34-70 USA B TR 20H","op":"CONTINENTAL RESOURCES INC","co":"Converse","trs":"T34N R70W S28","fm":"TURNER","eur":588477,"perft":null,"sound":true}},{"type":"Feature","geometry":{"type":"Point","coordinates":[-105.7074,43.2437]},"properties":{"api":"4900934902","name":"TUESDAY DRAW 3874-26-23-14-3FH","op":"WRC ENERGY LLC","co":"Converse","trs":"T38N R74W S26","fm":"FRONTIER","eur":1059479,"perft":null,"sound":true}},{"type":"Feature","geometry":{"type":"Point","coordinates":[-105.1191,43.1301]},"properties":{"api":"4900934912","name":"DOWNS FED 03-103669-3XTPH","op":"DEVON ENERGY PRODUCTION COMPANY LP","co":"Converse","trs":"T36N R69W S3","fm":"TEAPOT","eur":765113,"perft":null,"sound":true}},{"type":"Feature","geometry":{"type":"Point","coordinates":[-105.1162,43.1289]},"properties":{"api":"4900934915","name":"CU DOWNS FED 35-263769-1XTPH","op":"DEVON ENERGY PRODUCTION COMPANY LP","co":"Converse","trs":"T36N R69W S2","fm":"TEAPOT","eur":487794,"perft":null,"sound":true}},{"type":"Feature","geometry":{"type":"Point","coordinates":[-105.1898,42.9061]},"properties":{"api":"4900934988","name":"LINDEN 19-34-69 USA A TR 20H","op":"CONTINENTAL RESOURCES INC","co":"Converse","trs":"T34N R69W S19","fm":"TURNER","eur":432928,"perft":null,"sound":true}},{"type":"Feature","geometry":{"type":"Point","coordinates":[-105.1899,42.9059]},"properties":{"api":"4900934991","name":"LINDEN 19-34-69 USA A TR 24H","op":"CONTINENTAL RESOURCES INC","co":"Converse","trs":"T34N R69W S19","fm":"TURNER","eur":347692,"perft":null,"sound":true}},{"type":"Feature","geometry":{"type":"Point","coordinates":[-105.1826,42.9057]},"properties":{"api":"4900935011","name":"LINDEN 19-34-69 B TR 25H","op":"CONTINENTAL RESOURCES INC","co":"Converse","trs":"T34N R69W S19","fm":"TURNER","eur":106635,"perft":null,"sound":true}},{"type":"Feature","geometry":{"type":"Point","coordinates":[-105.1825,42.9057]},"properties":{"api":"4900935012","name":"LINDEN 19-34-69 B TR 23H","op":"CONTINENTAL RESOURCES INC","co":"Converse","trs":"T34N R69W S19","fm":"TURNER","eur":117820,"perft":null,"sound":true}},{"type":"Feature","geometry":{"type":"Point","coordinates":[-105.4743,43.3484]},"properties":{"api":"4900935015","name":"RU JFW FED 14-113972-CXTH","op":"DEVON ENERGY PRODUCTION COMPANY LP","co":"Converse","trs":"T39N R72W S14","fm":"TURNER","eur":267461,"perft":null,"sound":true}},{"type":"Feature","geometry":{"type":"Point","coordinates":[-105.4742,43.3483]},"properties":{"api":"4900935016","name":"RU JFW FED 14-113972-4XTH","op":"DEVON ENERGY PRODUCTION COMPANY LP","co":"Converse","trs":"T39N R72W S14","fm":"TURNER","eur":444975,"perft":null,"sound":true}},{"type":"Feature","geometry":{"type":"Point","coordinates":[-105.4291,42.938]},"properties":{"api":"4900935019","name":"SFU 7-34-71 USA A TR 20H","op":"CONTINENTAL RESOURCES INC","co":"Converse","trs":"T34N R71W S7","fm":"TURNER","eur":453897,"perft":null,"sound":true}},{"type":"Feature","geometry":{"type":"Point","coordinates":[-105.429,42.938]},"properties":{"api":"4900935020","name":"SFU 7-34-71 USA A TR 21H","op":"CONTINENTAL RESOURCES INC","co":"Converse","trs":"T34N R71W S7","fm":"TURNER","eur":139731,"perft":null,"sound":true}},{"type":"Feature","geometry":{"type":"Point","coordinates":[-105.439,42.9341]},"properties":{"api":"4900935074","name":"SFU 12-34-72  USA C TR 21H","op":"CONTINENTAL RESOURCES INC","co":"Converse","trs":"T34N R72W S12","fm":"TURNER","eur":171290,"perft":null,"sound":true}},{"type":"Feature","geometry":{"type":"Point","coordinates":[-105.9493,42.9662]},"properties":{"api":"4900935095","name":"BFU FEDERAL 41-34H","op":"SOUTHWESTERN PRODUCTION CORPORATION","co":"Converse","trs":"T35N R76W S34","fm":"SHANNON","eur":null,"perft":null,"sound":false}},{"type":"Feature","geometry":{"type":"Point","coordinates":[-105.9405,43.2711]},"properties":{"api":"4900935096","name":"RAIDER FED 3876-11-2-1FH","op":"SAGE BUTTE PRB OPERATING, LLC","co":"Converse","trs":"T38N R76W S14","fm":"FRONTIER","eur":null,"perft":null,"sound":false}},{"type":"Feature","geometry":{"type":"Point","coordinates":[-105.9403,43.2711]},"properties":{"api":"4900935098","name":"PINON 14E23-5FH","op":"SAGE BUTTE PRB OPERATING, LLC","co":"Converse","trs":"T38N R76W S14","fm":"FRONTIER","eur":158872,"perft":null,"sound":true}},{"type":"Feature","geometry":{"type":"Point","coordinates":[-105.9402,43.2711]},"properties":{"api":"4900935100","name":"PINON 14E23-7FH","op":"SAGE BUTTE PRB OPERATING, LLC","co":"Converse","trs":"T38N R76W S14","fm":"FRONTIER","eur":357021,"perft":null,"sound":true}},{"type":"Feature","geometry":{"type":"Point","coordinates":[-105.4389,42.9341]},"properties":{"api":"4900935101","name":"SFU 12-34-72 USA C TR 22H","op":"CONTINENTAL RESOURCES INC","co":"Converse","trs":"T34N R72W S12","fm":"TURNER","eur":213915,"perft":null,"sound":true}},{"type":"Feature","geometry":{"type":"Point","coordinates":[-105.7271,43.2446]},"properties":{"api":"4900935120","name":"PATTERSON 3874-22-15-NH","op":"WRC ENERGY LLC","co":"Converse","trs":"T38N R74W S22","fm":"NIOBRARA","eur":1266105,"perft":125369,"sound":true}},{"type":"Feature","geometry":{"type":"Point","coordinates":[-105.4476,42.9324]},"properties":{"api":"4900935123","name":"SFU 12-34-72 USA B TR 21H","op":"CONTINENTAL RESOURCES INC","co":"Converse","trs":"T34N R72W S12","fm":"TURNER","eur":null,"perft":null,"sound":false}},{"type":"Feature","geometry":{"type":"Point","coordinates":[-105.4475,42.9324]},"properties":{"api":"4900935124","name":"SFU 12-34-72 USA B TR 22H","op":"CONTINENTAL RESOURCES INC","co":"Converse","trs":"T34N R72W S12","fm":"TURNER","eur":424657,"perft":null,"sound":true}},{"type":"Feature","geometry":{"type":"Point","coordinates":[-105.4446,42.9686]},"properties":{"api":"4900935125","name":"WYOMING 36-35-72 ST A TR 22H","op":"CONTINENTAL RESOURCES INC","co":"Converse","trs":"T35N R72W S36","fm":"TURNER","eur":119637,"perft":null,"sound":true}},{"type":"Feature","geometry":{"type":"Point","coordinates":[-105.4446,42.9685]},"properties":{"api":"4900935126","name":"WYOMING 36-35-72 USA A TR 21H","op":"CONTINENTAL RESOURCES INC","co":"Converse","trs":"T35N R72W S36","fm":"TURNER","eur":477432,"perft":null,"sound":true}},{"type":"Feature","geometry":{"type":"Point","coordinates":[-105.4446,42.9684]},"properties":{"api":"4900935127","name":"WYOMING 36-35-72 ST A TR 20H","op":"CONTINENTAL RESOURCES INC","co":"Converse","trs":"T35N R72W S36","fm":"TURNER","eur":82523,"perft":null,"sound":true}},{"type":"Feature","geometry":{"type":"Point","coordinates":[-105.4446,42.9687]},"properties":{"api":"4900935128","name":"WYOMING 36-35-72 USA A TR 23H","op":"CONTINENTAL RESOURCES INC","co":"Converse","trs":"T35N R72W S36","fm":"TURNER","eur":257338,"perft":null,"sound":true}},{"type":"Feature","geometry":{"type":"Point","coordinates":[-105.3824,43.0439]},"properties":{"api":"4900935141","name":"Abbey Fed 3671-33-28-2 TH","op":"ANSCHUTZ EXPLORATION CORPORATION","co":"Converse","trs":"T36N R71W S33","fm":"TURNER","eur":584039,"perft":58067,"sound":true}},{"type":"Feature","geometry":{"type":"Point","coordinates":[-105.3824,43.0439]},"properties":{"api":"4900935146","name":"Abbey Fed 3671-33-28-1E NH","op":"ANSCHUTZ EXPLORATION CORPORATION","co":"Converse","trs":"T36N R71W S33","fm":"NIOBRARA","eur":463911,"perft":45719,"sound":true}},{"type":"Feature","geometry":{"type":"Point","coordinates":[-105.7302,43.2858]},"properties":{"api":"4900935176","name":"Penrose Peak 3974-34-3-1NH","op":"WRC ENERGY LLC","co":"Converse","trs":"T38N R74W S10","fm":null,"eur":null,"perft":null,"sound":false}},{"type":"Feature","geometry":{"type":"Point","coordinates":[-105.4183,42.9359]},"properties":{"api":"4900935190","name":"SFU 7-34-71 B TR  21H","op":"CONTINENTAL RESOURCES INC","co":"Converse","trs":"T34N R71W S7","fm":"TURNER","eur":186459,"perft":null,"sound":true}},{"type":"Feature","geometry":{"type":"Point","coordinates":[-105.4184,42.9359]},"properties":{"api":"4900935191","name":"SFU 7-34-71 USA B TR 20H","op":"CONTINENTAL RESOURCES INC","co":"Converse","trs":"T34N R71W S7","fm":"TURNER","eur":70081,"perft":null,"sound":true}},{"type":"Feature","geometry":{"type":"Point","coordinates":[-105.4212,43.0992]},"properties":{"api":"4900935205","name":"JACK FED 3671-18-19-16E NH","op":null,"co":"Converse","trs":null,"fm":null,"eur":498101,"perft":48614,"sound":true}},{"type":"Feature","geometry":{"type":"Point","coordinates":[-105.4212,43.0992]},"properties":{"api":"4900935208","name":"JACK FED 3671-18-19-15E NH","op":"ANSCHUTZ EXPLORATION CORPORATION","co":"Converse","trs":"T36N R71W S18","fm":"NIOBRARA","eur":496656,"perft":49286,"sound":true}},{"type":"Feature","geometry":{"type":"Point","coordinates":[-105.5069,43.3905]},"properties":{"api":"4900935213","name":"RU DILTS FED 04-093972-4XTH","op":"DEVON ENERGY PRODUCTION COMPANY LP","co":"Converse","trs":"T39N R72W S4","fm":"TURNER","eur":237318,"perft":null,"sound":true}},{"type":"Feature","geometry":{"type":"Point","coordinates":[-105.0932,43.0904]},"properties":{"api":"4900935214","name":"WERNER FED 13-123669-1XTPH","op":"DEVON ENERGY PRODUCTION COMPANY LP","co":"Converse","trs":"T36N R69W S13","fm":"TEAPOT","eur":585217,"perft":null,"sound":true}},{"type":"Feature","geometry":{"type":"Point","coordinates":[-105.4136,43.1878]},"properties":{"api":"4900935217","name":"SDU TILLARD 17-203771-1XNH","op":"DEVON ENERGY PRODUCTION COMPANY LP","co":"Converse","trs":"T37N R71W S17","fm":null,"eur":802463,"perft":null,"sound":true}},{"type":"Feature","geometry":{"type":"Point","coordinates":[-105.1561,42.9593]},"properties":{"api":"4900935218","name":"BULLSBROOK W FED 3469-9-T1H","op":"ANADARKO E&P ONSHORE LLC","co":"Converse","trs":"T35N R69W S33","fm":"TURNER","eur":513942,"perft":50605,"sound":true}},{"type":"Feature","geometry":{"type":"Point","coordinates":[-105.156,42.9593]},"properties":{"api":"4900935227","name":"BULLSBROOK W FED 3469-9-T2H","op":"ANADARKO E&P ONSHORE LLC","co":"Converse","trs":"T34N R69W S33","fm":"TURNER","eur":312250,"perft":30571,"sound":true}},{"type":"Feature","geometry":{"type":"Point","coordinates":[-105.3735,42.9837]},"properties":{"api":"4900935275","name":"SANTANA FED 3571-27-15-3 TH","op":"ANSCHUTZ EXPLORATION CORPORATION","co":"Converse","trs":"T35N R71W S27","fm":"TURNER","eur":645517,"perft":65085,"sound":true}},{"type":"Feature","geometry":{"type":"Point","coordinates":[-105.3722,42.9835]},"properties":{"api":"4900935276","name":"SANTANA FED 3571-27-15-4E NH","op":"ANSCHUTZ EXPLORATION CORPORATION","co":"Converse","trs":"T35N R71W S27","fm":"NIOBRARA","eur":454501,"perft":44550,"sound":true}},{"type":"Feature","geometry":{"type":"Point","coordinates":[-105.3722,42.9835]},"properties":{"api":"4900935278","name":"SANTANA FED 3571-27-15-3W NH","op":"ANSCHUTZ EXPLORATION CORPORATION","co":"Converse","trs":"T35N R71W S27","fm":"NIOBRARA","eur":435025,"perft":42645,"sound":true}},{"type":"Feature","geometry":{"type":"Point","coordinates":[-105.388,43.0444]},"properties":{"api":"4900935281","name":"KRAMER FED 3671-33-9-13E NH","op":"ANSCHUTZ EXPLORATION CORPORATION","co":"Converse","trs":"T36N R71W S33","fm":"NIOBRARA","eur":650092,"perft":63916,"sound":true}},{"type":"Feature","geometry":{"type":"Point","coordinates":[-105.373,43.0411]},"properties":{"api":"4900935327","name":"JUMBO FED 3571-3-27-4E NH","op":"ANSCHUTZ EXPLORATION CORPORATION","co":"Converse","trs":"T35N R71W S3","fm":"NIOBRARA","eur":444822,"perft":44995,"sound":true}},{"type":"Feature","geometry":{"type":"Point","coordinates":[-105.3645,43.0401]},"properties":{"api":"4900935333","name":"OAKLEY FED 3571-3-27-1E NH","op":"ANSCHUTZ EXPLORATION CORPORATION","co":"Converse","trs":"T35N R71W S3","fm":"NIOBRARA","eur":496681,"perft":49089,"sound":true}},{"type":"Feature","geometry":{"type":"Point","coordinates":[-104.9674,42.93]},"properties":{"api":"4900935376","name":"NETZ 3468-12-1-2 NXH","op":null,"co":"Converse","trs":null,"fm":null,"eur":520456,"perft":null,"sound":true}},{"type":"Feature","geometry":{"type":"Point","coordinates":[-105.2818,43.0406]},"properties":{"api":"4900935388","name":"DORA FED 3570-5-M5H","op":"ANADARKO E&P ONSHORE LLC","co":"Converse","trs":"T35N R70W S5","fm":"MOWRY","eur":228543,"perft":52708,"sound":true}},{"type":"Feature","geometry":{"type":"Point","coordinates":[-105.4103,43.0128]},"properties":{"api":"4900935390","name":"Chloe Fed 3571-17-5-4W NH","op":"ANSCHUTZ EXPLORATION CORPORATION","co":"Converse","trs":"T35N R71W S17","fm":"NIOBRARA","eur":452703,"perft":44089,"sound":true}},{"type":"Feature","geometry":{"type":"Point","coordinates":[-105.0462,42.8845]},"properties":{"api":"4900935442","name":"RANKIN 32-34-68 B TR 20H","op":"CONTINENTAL RESOURCES INC","co":"Converse","trs":"T34N R68W S32","fm":"TURNER","eur":130946,"perft":null,"sound":true}},{"type":"Feature","geometry":{"type":"Point","coordinates":[-105.0462,42.8844]},"properties":{"api":"4900935443","name":"RANKIN 32-34-68 USA B TR 22H","op":"CONTINENTAL RESOURCES INC","co":"Converse","trs":"T34N R68W S32","fm":"TURNER","eur":236719,"perft":null,"sound":true}},{"type":"Feature","geometry":{"type":"Point","coordinates":[-105.3678,42.8939]},"properties":{"api":"4900935444","name":"NW FETTER 27-34-71 USA A TR 21H","op":"CONTINENTAL RESOURCES INC","co":"Converse","trs":"T34N R71W S27","fm":"TURNER","eur":430089,"perft":null,"sound":true}},{"type":"Feature","geometry":{"type":"Point","coordinates":[-105.368,42.8938]},"properties":{"api":"4900935445","name":"NWFU 27-34-71  USA A TR 20H","op":"CONTINENTAL RESOURCES INC","co":"Converse","trs":"T34N R71W S27","fm":"TURNER","eur":185863,"perft":null,"sound":true}},{"type":"Feature","geometry":{"type":"Point","coordinates":[-105.3677,42.894]},"properties":{"api":"4900935446","name":"NWFU 27-34-71 USA A TR 23H","op":"CONTINENTAL RESOURCES INC","co":"Converse","trs":"T34N R71W S27","fm":"TURNER","eur":15409,"perft":null,"sound":true}},{"type":"Feature","geometry":{"type":"Point","coordinates":[-104.9882,42.8707]},"properties":{"api":"4900935468","name":"BIRD 3468-26-N4H","op":null,"co":"Converse","trs":null,"fm":null,"eur":166840,"perft":null,"sound":true}},{"type":"Feature","geometry":{"type":"Point","coordinates":[-104.9882,42.8707]},"properties":{"api":"4900935469","name":"BIRD 3468-26-N5H","op":null,"co":"Converse","trs":"T34N R68W S35","fm":null,"eur":213600,"perft":27214,"sound":true}},{"type":"Feature","geometry":{"type":"Point","coordinates":[-104.9882,42.8708]},"properties":{"api":"4900935470","name":"BIRD 3468-26-N6H","op":null,"co":"Converse","trs":null,"fm":null,"eur":187673,"perft":null,"sound":true}},{"type":"Feature","geometry":{"type":"Point","coordinates":[-105.0657,42.8713]},"properties":{"api":"4900935477","name":"RANKIN 31-34-68 A TR 20H","op":"CONTINENTAL RESOURCES INC","co":"Converse","trs":"T34N R68W S31","fm":"TURNER","eur":327427,"perft":null,"sound":true}},{"type":"Feature","geometry":{"type":"Point","coordinates":[-105.0657,42.8713]},"properties":{"api":"4900935481","name":"RANKIN 31-34-68 A TR 22H","op":"CONTINENTAL RESOURCES INC","co":"Converse","trs":"T34N R68W S31","fm":"TURNER","eur":159492,"perft":null,"sound":true}},{"type":"Feature","geometry":{"type":"Point","coordinates":[-105.7124,43.1266]},"properties":{"api":"4900935523","name":"DUCK CREEK 3674-2-11-1NH","op":"WRC ENERGY LLC","co":"Converse","trs":"T37N R74W S35","fm":"NIOBRARA","eur":673047,"perft":66089,"sound":true}},{"type":"Feature","geometry":{"type":"Point","coordinates":[-105.853,43.4466]},"properties":{"api":"4900935560","name":"OGALALLA FED 4075-1003 2SH","op":"CONTINENTAL RESOURCES INC","co":"Converse","trs":"T40N R75W S10","fm":"SHANNON","eur":194258,"perft":20231,"sound":true}},{"type":"Feature","geometry":{"type":"Point","coordinates":[-105.4959,43.3472]},"properties":{"api":"4900935600","name":"RU DILTS FED 22-273972-1XTH","op":"DEVON ENERGY PRODUCTION COMPANY LP","co":"Converse","trs":"T39N R72W S22","fm":"TURNER","eur":307098,"perft":null,"sound":true}},{"type":"Feature","geometry":{"type":"Point","coordinates":[-105.4957,43.3472]},"properties":{"api":"4900935601","name":"RU DILTS FED 22-273972-3XTH","op":"DEVON ENERGY PRODUCTION COMPANY LP","co":"Converse","trs":"T39N R72W S22","fm":"TURNER","eur":351295,"perft":null,"sound":true}},{"type":"Feature","geometry":{"type":"Point","coordinates":[-105.4855,43.3486]},"properties":{"api":"4900935603","name":"DILTS FED 15-033972-3XPH","op":"DEVON ENERGY PRODUCTION COMPANY LP","co":"Converse","trs":"T39N R72W S15","fm":"PARKMAN","eur":575882,"perft":38665,"sound":true}},{"type":"Feature","geometry":{"type":"Point","coordinates":[-105.4866,43.3739]},"properties":{"api":"4900935649","name":"RU JFW FED 10-153972-1XTH","op":"DEVON ENERGY PRODUCTION COMPANY LP","co":"Converse","trs":"T39N R72W S10","fm":"TURNER","eur":307501,"perft":null,"sound":true}},{"type":"Feature","geometry":{"type":"Point","coordinates":[-105.4862,43.3739]},"properties":{"api":"4900935650","name":"RU JFW FED 10-153972-3XTH","op":"DEVON ENERGY PRODUCTION COMPANY LP","co":"Converse","trs":"T39N R72W S10","fm":"TURNER","eur":384647,"perft":null,"sound":true}},{"type":"Feature","geometry":{"type":"Point","coordinates":[-105.4864,43.3739]},"properties":{"api":"4900935653","name":"RU JFW FED 10-033972-1XTH","op":"DEVON ENERGY PRODUCTION COMPANY LP","co":"Converse","trs":"T39N R72W S10","fm":"TURNER","eur":174118,"perft":null,"sound":true}},{"type":"Feature","geometry":{"type":"Point","coordinates":[-105.4861,43.3739]},"properties":{"api":"4900935654","name":"RU JFW FED 10-033972-3XTH","op":"DEVON ENERGY PRODUCTION COMPANY LP","co":"Converse","trs":"T39N R72W S10","fm":"TURNER","eur":159427,"perft":null,"sound":true}},{"type":"Feature","geometry":{"type":"Point","coordinates":[-105.5162,43.3484]},"properties":{"api":"4900935656","name":"RU STATE FED 16-093972-2XTH","op":"DEVON ENERGY PRODUCTION COMPANY LP","co":"Converse","trs":"T39N R72W S16","fm":"TURNER","eur":690893,"perft":null,"sound":true}},{"type":"Feature","geometry":{"type":"Point","coordinates":[-105.8076,43.4723]},"properties":{"api":"4900935666","name":"Darton Peak 4075-12-1-3NH","op":"WRC ENERGY LLC","co":"Converse","trs":"T40N R75W S1","fm":null,"eur":null,"perft":null,"sound":false}},{"type":"Feature","geometry":{"type":"Point","coordinates":[-105.3605,42.9822]},"properties":{"api":"4900935682","name":"Meatloaf Fed 3571-27-34-15E NH","op":"ANSCHUTZ EXPLORATION CORPORATION","co":"Converse","trs":"T35N R71W S27","fm":"NIOBRARA","eur":665258,"perft":69726,"sound":true}},{"type":"Feature","geometry":{"type":"Point","coordinates":[-105.5072,43.3472]},"properties":{"api":"4900935873","name":"RU STATE FED 16-093972-4XTH","op":"DEVON ENERGY PRODUCTION COMPANY LP","co":"Converse","trs":"T39N R72W S21","fm":"TURNER","eur":309180,"perft":null,"sound":true}},{"type":"Feature","geometry":{"type":"Point","coordinates":[-104.9865,42.9304]},"properties":{"api":"4900935932","name":"NETZ 3468-11-2-2TXH","op":"1876 RESOURCES LLC","co":"Converse","trs":"T34N R68W S11","fm":"TEAPOT","eur":404926,"perft":39792,"sound":true}},{"type":"Feature","geometry":{"type":"Point","coordinates":[-105.2077,42.8961]},"properties":{"api":"4900935978","name":"LEBAR 25-34-70 USAA TR 21H","op":"CONTINENTAL RESOURCES INC","co":"Converse","trs":"T34N R70W S25","fm":"TURNER","eur":316949,"perft":null,"sound":true}},{"type":"Feature","geometry":{"type":"Point","coordinates":[-105.2077,42.896]},"properties":{"api":"4900935980","name":"LEBAR 25-34-70 USAA NB 23H","op":"CONTINENTAL RESOURCES INC","co":"Converse","trs":"T34N R70W S25","fm":"NIOBRARA","eur":535148,"perft":null,"sound":true}},{"type":"Feature","geometry":{"type":"Point","coordinates":[-105.1188,43.13]},"properties":{"api":"4900936046","name":"CU DOWNS FED 34-213769-CXTPH","op":"DEVON ENERGY PRODUCTION COMPANY LP","co":"Converse","trs":"T36N R69W S3","fm":"TEAPOT","eur":732808,"perft":null,"sound":true}},{"type":"Feature","geometry":{"type":"Point","coordinates":[-105.5662,43.2178]},"properties":{"api":"4900936058","name":"BRUSHY CREEK FED 3873-3625-3TH","op":"CONTINENTAL RESOURCES INC","co":"Converse","trs":"T38N R73W S36","fm":"TURNER","eur":399797,"perft":42164,"sound":true}},{"type":"Feature","geometry":{"type":"Point","coordinates":[-105.5777,43.2164]},"properties":{"api":"4900936060","name":"BRUSHY CREEK FED 3873-3625 1FH","op":"CONTINENTAL RESOURCES INC","co":"Converse","trs":"T38N R73W S36","fm":"FRONTIER","eur":380386,"perft":38653,"sound":true}},{"type":"Feature","geometry":{"type":"Point","coordinates":[-105.6049,43.2459]},"properties":{"api":"4900936067","name":"Cascade Fed 3873-2734-3FH","op":"CONTINENTAL RESOURCES INC","co":"Converse","trs":"T38N R73W S22","fm":"FRONTIER","eur":131022,"perft":13011,"sound":true}},{"type":"Feature","geometry":{"type":"Point","coordinates":[-105.6162,43.2162]},"properties":{"api":"4900936069","name":"Cascade Fed 3873-3427 1FH","op":"CONTINENTAL RESOURCES INC","co":"Converse","trs":"T38N R73W S34","fm":"FRONTIER","eur":32655,"perft":3295,"sound":true}},{"type":"Feature","geometry":{"type":"Point","coordinates":[-105.597,43.1569]},"properties":{"api":"4900936124","name":"DUCK CREEK FED  3773-2635 4NH","op":"CONTINENTAL RESOURCES INC","co":"Converse","trs":"T37N R73W S26","fm":"NIOBRARA","eur":469856,"perft":47822,"sound":true}},{"type":"Feature","geometry":{"type":"Point","coordinates":[-105.5937,43.1873]},"properties":{"api":"4900936131","name":"BOSCO STATE 3773-1423 1NH","op":"CONTINENTAL RESOURCES INC","co":"Converse","trs":"T37N R73W S11","fm":"NIOBRARA","eur":null,"perft":null,"sound":false}},{"type":"Feature","geometry":{"type":"Point","coordinates":[-105.5937,43.1873]},"properties":{"api":"4900936132","name":"BOSCO STATE 3773-1423 2NH","op":"CONTINENTAL RESOURCES INC","co":"Converse","trs":"T37N R73W S11","fm":"NIOBRARA","eur":405110,"perft":39396,"sound":true}},{"type":"Feature","geometry":{"type":"Point","coordinates":[-105.5827,43.1884]},"properties":{"api":"4900936133","name":"BOSCO STATE 3773-1423 3NH","op":"CONTINENTAL RESOURCES INC","co":"Converse","trs":"T37N R73W S11","fm":"NIOBRARA","eur":400937,"perft":38922,"sound":true}},{"type":"Feature","geometry":{"type":"Point","coordinates":[-105.5827,43.1883]},"properties":{"api":"4900936134","name":"BOSCO STATE 3773-1423 4NH","op":"CONTINENTAL RESOURCES INC","co":"Converse","trs":"T37N R73W S11","fm":"NIOBRARA","eur":null,"perft":null,"sound":false}},{"type":"Feature","geometry":{"type":"Point","coordinates":[-105.2716,43.1034]},"properties":{"api":"4900936181","name":"POWELL 3670-4-T2XH","op":"ANADARKO E&P ONSHORE LLC","co":"Converse","trs":"T36N R70W S9","fm":"TURNER","eur":559822,"perft":null,"sound":true}},{"type":"Feature","geometry":{"type":"Point","coordinates":[-105.7207,43.0413]},"properties":{"api":"4900936230","name":"HORNBECK DRAW UNIT 36-74 34-1MH","op":"CONTINENTAL RESOURCES INC","co":"Converse","trs":"T36N R74W S34","fm":"MUDDY","eur":442936,"perft":null,"sound":true}},{"type":"Feature","geometry":{"type":"Point","coordinates":[-105.4685,43.0117]},"properties":{"api":"4900936232","name":"BOWMAN DRAW UNIT 35-72 14-1TRH","op":"CONTINENTAL RESOURCES INC","co":"Converse","trs":"T35N R72W S14","fm":"TURNER","eur":null,"perft":null,"sound":false}},{"type":"Feature","geometry":{"type":"Point","coordinates":[-105.5907,43.2451]},"properties":{"api":"4900936279","name":"HARDY FED 3873-2635 2NH","op":"CONTINENTAL RESOURCES INC","co":"Converse","trs":"T38N R73W S23","fm":"NIOBRARA","eur":459666,"perft":44771,"sound":true}},{"type":"Feature","geometry":{"type":"Point","coordinates":[-105.5864,43.2156]},"properties":{"api":"4900936301","name":"BRUSHY CREEK FED 3773-0211 1TH","op":"CONTINENTAL RESOURCES INC","co":"Converse","trs":"T38N R73W S35","fm":"FRONTIER","eur":259077,"perft":26310,"sound":true}},{"type":"Feature","geometry":{"type":"Point","coordinates":[-105.5863,43.2157]},"properties":{"api":"4900936302","name":"BRUSHY CREEK FED 3773-0211 3TH","op":"CONTINENTAL RESOURCES INC","co":"Converse","trs":"T38N R73W S35","fm":"FRONTIER","eur":null,"perft":null,"sound":false}},{"type":"Feature","geometry":{"type":"Point","coordinates":[-105.306,42.9355]},"properties":{"api":"4900936305","name":"CLAUSEN 7-34-70 USA A SX 14H","op":"CONTINENTAL RESOURCES INC","co":"Converse","trs":"T34N R70W S7","fm":"TURNER","eur":352803,"perft":null,"sound":true}},{"type":"Feature","geometry":{"type":"Point","coordinates":[-105.3699,42.9353]},"properties":{"api":"4900936306","name":"CLAUSEN 10-34-71 USAB TR 22H","op":"CONTINENTAL RESOURCES INC","co":"Converse","trs":"T34N R71W S10","fm":"TURNER","eur":150144,"perft":null,"sound":true}},{"type":"Feature","geometry":{"type":"Point","coordinates":[-105.4469,43.3612]},"properties":{"api":"4900936308","name":"RU JFW FED 13-243972-3XTLH","op":"DEVON ENERGY PRODUCTION COMPANY LP","co":"Converse","trs":"T39N R72W S13","fm":"TURNER","eur":407148,"perft":null,"sound":true}},{"type":"Feature","geometry":{"type":"Point","coordinates":[-105.4459,43.3616]},"properties":{"api":"4900936309","name":"RU JFW FED 13-243972-4XTUH","op":"DEVON ENERGY PRODUCTION COMPANY LP","co":"Converse","trs":"T39N R72W S13","fm":"TURNER","eur":369692,"perft":null,"sound":true}},{"type":"Feature","geometry":{"type":"Point","coordinates":[-105.5776,43.2164]},"properties":{"api":"4900936333","name":"BRUSHY CREEK FED 3773-0112 1FH","op":"CONTINENTAL RESOURCES INC","co":"Converse","trs":"T38N R73W S36","fm":"FRONTIER","eur":167632,"perft":17335,"sound":true}},{"type":"Feature","geometry":{"type":"Point","coordinates":[-105.5662,43.2178]},"properties":{"api":"4900936339","name":"BRUSHY CREEK FEE 3773-0112 3TH","op":"CONTINENTAL RESOURCES INC","co":"Converse","trs":"T38N R73W S36","fm":"FRONTIER/TURNER","eur":152298,"perft":15606,"sound":true}},{"type":"Feature","geometry":{"type":"Point","coordinates":[-105.4977,43.1573]},"properties":{"api":"4900936416","name":"PDU WJ RANCH FED 22-153772-1XNH","op":"DEVON ENERGY PRODUCTION COMPANY LP","co":"Converse","trs":"T37N R72W S27","fm":"NIOBRARA","eur":513226,"perft":null,"sound":true}},{"type":"Feature","geometry":{"type":"Point","coordinates":[-105.8667,43.1696]},"properties":{"api":"4900936496","name":"ICARUS 434 16-9H","op":"CONTINENTAL RESOURCES INC","co":"Converse","trs":"T37N R75W S21","fm":"FRONTIER","eur":435083,"perft":null,"sound":true}},{"type":"Feature","geometry":{"type":"Point","coordinates":[-105.5094,43.3221]},"properties":{"api":"4900936531","name":"DILTS FED 28-043872-3XTLH","op":"DEVON ENERGY PRODUCTION COMPANY LP","co":"Converse","trs":"T39N R72W S28","fm":"TURNER","eur":350397,"perft":29445,"sound":true}},{"type":"Feature","geometry":{"type":"Point","coordinates":[-105.5096,43.322]},"properties":{"api":"4900936532","name":"DILTS FED 28-043872-1XTLH","op":"DEVON ENERGY PRODUCTION COMPANY LP","co":"Converse","trs":"T39N R72W S28","fm":"TURNER","eur":354931,"perft":33633,"sound":true}},{"type":"Feature","geometry":{"type":"Point","coordinates":[-105.8649,43.1445]},"properties":{"api":"4900936585","name":"ATHENA 444 33-4H","op":"CONTINENTAL RESOURCES INC","co":"Converse","trs":"T37N R75W S28","fm":"FRONTIER","eur":448000,"perft":48427,"sound":true}},{"type":"Feature","geometry":{"type":"Point","coordinates":[-105.8661,43.1696]},"properties":{"api":"4900936587","name":"PANDORA 421 21-28H","op":"CONTINENTAL RESOURCES INC","co":"Converse","trs":"T37N R75W S21","fm":"FRONTIER","eur":246674,"perft":26334,"sound":true}},{"type":"Feature","geometry":{"type":"Point","coordinates":[-105.5437,42.9021]},"properties":{"api":"4900936736","name":"SFU 19-34-72 A TR 23H","op":"CONTINENTAL RESOURCES INC","co":"Converse","trs":"T34N R72W S19","fm":"TURNER","eur":517895,"perft":null,"sound":true}},{"type":"Feature","geometry":{"type":"Point","coordinates":[-105.1506,42.9068]},"properties":{"api":"4900936854","name":"LINDEN 21-34-69 USAB TR 21H","op":"CONTINENTAL RESOURCES INC","co":"Converse","trs":"T34N R69W S21","fm":"TURNER","eur":173812,"perft":null,"sound":true}},{"type":"Feature","geometry":{"type":"Point","coordinates":[-105.1504,42.9068]},"properties":{"api":"4900936855","name":"LINDEN 21-34-69 USAB TR 22H","op":"CONTINENTAL RESOURCES INC","co":"Converse","trs":"T34N R69W S21","fm":"TURNER","eur":122383,"perft":null,"sound":true}},{"type":"Feature","geometry":{"type":"Point","coordinates":[-105.4714,42.8833]},"properties":{"api":"4900937165","name":"NWFU 26-34-72 C TR 20H","op":"CONTINENTAL RESOURCES INC","co":"Converse","trs":"T34N R72W S26","fm":"TURNER","eur":516085,"perft":null,"sound":true}},{"type":"Feature","geometry":{"type":"Point","coordinates":[-105.3018,43.3046]},"properties":{"api":"4900937206","name":"CETUS 387006 29ATH","op":null,"co":"Converse","trs":"T38N R70W S6","fm":"TURNER","eur":497998,"perft":48671,"sound":true}},{"type":"Feature","geometry":{"type":"Point","coordinates":[-105.6059,43.1852]},"properties":{"api":"4900937297","name":"JENNY STATE 3773-1522 4MH","op":"CONTINENTAL RESOURCES INC","co":"Converse","trs":"T37N R73W S15","fm":"MOWRY","eur":528108,"perft":52371,"sound":true}},{"type":"Feature","geometry":{"type":"Point","coordinates":[-105.923,43.3016]},"properties":{"api":"4900937305","name":"MAPLE 36E12-7FH","op":"SAGE BUTTE PRB OPERATING, LLC","co":"Converse","trs":"T39N R76W S36","fm":"FRONTIER","eur":357388,"perft":36431,"sound":true}},{"type":"Feature","geometry":{"type":"Point","coordinates":[-105.9232,43.3016]},"properties":{"api":"4900937315","name":"MAPLE 36E12-5FH","op":"SAGE BUTTE PRB OPERATING, LLC","co":"Converse","trs":"T39N R76W S36","fm":"FRONTIER","eur":null,"perft":null,"sound":false}},{"type":"Feature","geometry":{"type":"Point","coordinates":[-105.7455,43.3151]},"properties":{"api":"4900937333","name":"BIGHORN PEAK 3974-21-28-1NH","op":"WRC ENERGY LLC","co":"Converse","trs":"T39N R74W S33","fm":null,"eur":null,"perft":null,"sound":false}},{"type":"Feature","geometry":{"type":"Point","coordinates":[-105.2076,42.8506]},"properties":{"api":"4900937445","name":"YORK 12-33-70 USAA TR 20H","op":"CONTINENTAL RESOURCES INC","co":"Converse","trs":"T33N R70W S12","fm":"TURNER","eur":207504,"perft":null,"sound":true}},{"type":"Feature","geometry":{"type":"Point","coordinates":[-105.4035,43.393]},"properties":{"api":"4900937533","name":"PRCC FED 05-083971-CXTLH","op":"DEVON ENERGY PRODUCTION COMPANY LP","co":"Converse","trs":"T40N R71W S32","fm":"TURNER","eur":null,"perft":null,"sound":false}},{"type":"Feature","geometry":{"type":"Point","coordinates":[-105.4034,43.3931]},"properties":{"api":"4900937538","name":"PRCC FED 05-083971-4XTUH","op":"DEVON ENERGY PRODUCTION COMPANY LP","co":"Converse","trs":"T40N R71W S32","fm":"TURNER","eur":347588,"perft":50273,"sound":true}},{"type":"Feature","geometry":{"type":"Point","coordinates":[-105.4467,43.218]},"properties":{"api":"4900937587","name":"TILLARD FED 36-253872-4XNH","op":"DEVON ENERGY PRODUCTION COMPANY LP","co":"Converse","trs":"T38N R72W S36","fm":"NIOBRARA","eur":656098,"perft":71338,"sound":true}},{"type":"Feature","geometry":{"type":"Point","coordinates":[-105.6539,43.1301]},"properties":{"api":"4900937722","name":"DUCK CREEK FED 3773-3229 1NH","op":"CONTINENTAL RESOURCES INC","co":"Converse","trs":"T37N R73W S32","fm":"NIOBRARA","eur":null,"perft":null,"sound":false}},{"type":"Feature","geometry":{"type":"Point","coordinates":[-105.558,43.2598]},"properties":{"api":"4900937826","name":"REYNOLDS FED 3872-1930 1TH","op":"CONTINENTAL RESOURCES INC","co":"Converse","trs":"T38N R72W S18","fm":"FRONTIER","eur":670493,"perft":67190,"sound":true}},{"type":"Feature","geometry":{"type":"Point","coordinates":[-105.4941,43.3923]},"properties":{"api":"4900937830","name":"MARYS DRAW 273-3427H","op":"EOG RESOURCES INC","co":"Converse","trs":"T40N R72W S34","fm":"PARKMAN","eur":334874,"perft":null,"sound":true}},{"type":"Feature","geometry":{"type":"Point","coordinates":[-105.4943,43.3923]},"properties":{"api":"4900937831","name":"MARYS DRAW 499-3428H","op":"EOG RESOURCES INC","co":"Converse","trs":"T40N R72W S34","fm":"PARKMAN","eur":368195,"perft":null,"sound":true}},{"type":"Feature","geometry":{"type":"Point","coordinates":[-105.3155,43.3048]},"properties":{"api":"4900937848","name":"JFW FED 31-303970-1XTLH","op":"EOG RESOURCES INC","co":"Converse","trs":"T39N R70W S31","fm":"TURNER","eur":668101,"perft":68990,"sound":true}},{"type":"Feature","geometry":{"type":"Point","coordinates":[-105.4768,43.4057]},"properties":{"api":"4900937999","name":"RU DILTS FED 35-023972-CXTUH","op":"DEVON ENERGY PRODUCTION COMPANY LP","co":"Converse","trs":"T40N R72W S35","fm":"TURNER","eur":179070,"perft":null,"sound":true}},{"type":"Feature","geometry":{"type":"Point","coordinates":[-105.4766,43.4057]},"properties":{"api":"4900938003","name":"RU DILTS FED 35-023972-4XTLH","op":"DEVON ENERGY PRODUCTION COMPANY LP","co":"Converse","trs":"T40N R72W S35","fm":"TURNER","eur":375252,"perft":null,"sound":true}},{"type":"Feature","geometry":{"type":"Point","coordinates":[-105.1791,42.8239]},"properties":{"api":"4900938052","name":"YORK 19-33-69 USA A TR20H","op":"CONTINENTAL RESOURCES INC","co":"Converse","trs":"T33N R69W S19","fm":"TURNER","eur":118157,"perft":null,"sound":true}},{"type":"Feature","geometry":{"type":"Point","coordinates":[-105.609,43.3317]},"properties":{"api":"4900938135","name":"CATAPULT 22-2215H","op":"EOG RESOURCES INC","co":"Converse","trs":"T39N R73W S22","fm":"TURNER","eur":167807,"perft":null,"sound":true}},{"type":"Feature","geometry":{"type":"Point","coordinates":[-105.6098,43.3317]},"properties":{"api":"4900938140","name":"CATAPULT 18-2215H","op":"EOG RESOURCES INC","co":"Converse","trs":"T39N R73W S22","fm":"TURNER","eur":206670,"perft":null,"sound":true}},{"type":"Feature","geometry":{"type":"Point","coordinates":[-105.6067,43.4732]},"properties":{"api":"4900938192","name":"KATARA 831-0327H","op":"EOG RESOURCES INC","co":"Converse","trs":"T40N R73W S3","fm":"NIOBRARA","eur":414225,"perft":null,"sound":true}},{"type":"Feature","geometry":{"type":"Point","coordinates":[-105.6064,43.4732]},"properties":{"api":"4900938194","name":"KATARA 827-0327H","op":"EOG RESOURCES INC","co":"Converse","trs":"T40N R73W S3","fm":"NIOBRARA","eur":336704,"perft":null,"sound":true}},{"type":"Feature","geometry":{"type":"Point","coordinates":[-105.4343,43.3634]},"properties":{"api":"4900938405","name":"RU JFW FED 07-063971-1XTLH","op":"DEVON ENERGY PRODUCTION COMPANY LP","co":"Converse","trs":"T39N R71W S7","fm":"TURNER","eur":292613,"perft":null,"sound":true}},{"type":"Feature","geometry":{"type":"Point","coordinates":[-105.4259,43.3629]},"properties":{"api":"4900938406","name":"JFW Fed  18-193971-1XPH","op":null,"co":"Converse","trs":null,"fm":null,"eur":null,"perft":null,"sound":false}},{"type":"Feature","geometry":{"type":"Point","coordinates":[-105.4343,43.3631]},"properties":{"api":"4900938408","name":"RU JFW FED 18-193971-CXTUH","op":"DEVON ENERGY PRODUCTION COMPANY LP","co":"Converse","trs":"T39N R71W S7","fm":"TURNER","eur":318558,"perft":44572,"sound":true}},{"type":"Feature","geometry":{"type":"Point","coordinates":[-105.4259,43.3627]},"properties":{"api":"4900938415","name":"JFW FED 07-063971-3XPH","op":null,"co":"Converse","trs":null,"fm":null,"eur":null,"perft":null,"sound":false}},{"type":"Feature","geometry":{"type":"Point","coordinates":[-105.4464,43.3642]},"properties":{"api":"4900938422","name":"RU JFW FED 12-013972-1XTUH","op":"DEVON ENERGY PRODUCTION COMPANY LP","co":"Converse","trs":"T39N R72W S12","fm":"TURNER","eur":229659,"perft":null,"sound":true}},{"type":"Feature","geometry":{"type":"Point","coordinates":[-105.4467,43.3642]},"properties":{"api":"4900938423","name":"RU JFW FED 12-013972-CXTLH","op":"DEVON ENERGY PRODUCTION COMPANY LP","co":"Converse","trs":"T39N R72W S12","fm":"TURNER","eur":295258,"perft":null,"sound":true}},{"type":"Feature","geometry":{"type":"Point","coordinates":[-105.4466,43.3642]},"properties":{"api":"4900938424","name":"RU JFW FED 12-013972-4XTUH","op":"DEVON ENERGY PRODUCTION COMPANY LP","co":"Converse","trs":"T39N R72W S12","fm":"TURNER","eur":229732,"perft":null,"sound":true}},{"type":"Feature","geometry":{"type":"Point","coordinates":[-105.5161,43.3923]},"properties":{"api":"4900938429","name":"MARYS DRAW 60-3328H","op":"EOG RESOURCES INC","co":"Converse","trs":"T40N R72W S33","fm":"FRONTIER/TURNER","eur":334091,"perft":null,"sound":true}},{"type":"Feature","geometry":{"type":"Point","coordinates":[-105.5158,43.3923]},"properties":{"api":"4900938430","name":"MARYS DRAW 61-3328H","op":"EOG RESOURCES INC","co":"Converse","trs":"T40N R72W S33","fm":"FRONTIER","eur":423163,"perft":null,"sound":true}},{"type":"Feature","geometry":{"type":"Point","coordinates":[-105.516,43.3923]},"properties":{"api":"4900938431","name":"MARYS DRAW 496-3328H","op":"EOG RESOURCES INC","co":"Converse","trs":"T40N R72W S33","fm":"PARKMAN","eur":290028,"perft":null,"sound":true}},{"type":"Feature","geometry":{"type":"Point","coordinates":[-105.456,43.3613]},"properties":{"api":"4900938450","name":"RU JFW FED 12-013972-1XPH","op":"DEVON ENERGY PRODUCTION COMPANY LP","co":"Converse","trs":"T39N R72W S13","fm":"PARKMAN","eur":499334,"perft":null,"sound":true}},{"type":"Feature","geometry":{"type":"Point","coordinates":[-105.4561,43.3612]},"properties":{"api":"4900938451","name":"RU JFW FED 13-243972-1XPH","op":"DEVON ENERGY PRODUCTION COMPANY LP","co":"Converse","trs":"T39N R72W S13","fm":"PARKMAN","eur":522103,"perft":null,"sound":true}},{"type":"Feature","geometry":{"type":"Point","coordinates":[-105.4564,43.361]},"properties":{"api":"4900938452","name":"RU JFW FED 13-243972-3XPH","op":"DEVON ENERGY PRODUCTION COMPANY LP","co":"Converse","trs":"T39N R72W S13","fm":"PARKMAN","eur":702258,"perft":64814,"sound":true}},{"type":"Feature","geometry":{"type":"Point","coordinates":[-105.4565,43.3611]},"properties":{"api":"4900938453","name":"RU JFW FED 12-013972-3XPH","op":null,"co":"Converse","trs":"T39N R72W S13","fm":"PARKMAN","eur":547087,"perft":51010,"sound":true}},{"type":"Feature","geometry":{"type":"Point","coordinates":[-105.4256,43.361]},"properties":{"api":"4900938466","name":"RU JFW FED 07-063971-CXTUH","op":"DEVON ENERGY PRODUCTION COMPANY LP","co":"Converse","trs":"T39N R71W S18","fm":"TURNER","eur":241354,"perft":null,"sound":true}},{"type":"Feature","geometry":{"type":"Point","coordinates":[-105.4254,43.361]},"properties":{"api":"4900938467","name":"RU JFW FED  07-063971-4XTLH","op":"DEVON ENERGY PRODUCTION COMPANY LP","co":"Converse","trs":"T39N R71W S18","fm":"TURNER","eur":332279,"perft":null,"sound":true}},{"type":"Feature","geometry":{"type":"Point","coordinates":[-105.4253,43.361]},"properties":{"api":"4900938468","name":"RU JFW FED 183971-4TLH","op":"DEVON ENERGY PRODUCTION COMPANY LP","co":"Converse","trs":"T39N R71W S18","fm":"TURNER","eur":null,"perft":null,"sound":false}},{"type":"Feature","geometry":{"type":"Point","coordinates":[-105.6156,43.4156]},"properties":{"api":"4900938476","name":"CORVUS 2734-09H","op":"EOG RESOURCES INC","co":"Converse","trs":"T40N R73W S27","fm":"MOWRY","eur":317438,"perft":30988,"sound":true}},{"type":"Feature","geometry":{"type":"Point","coordinates":[-105.5429,43.3917]},"properties":{"api":"4900938487","name":"MARYS DRAW 30-3130H","op":"EOG RESOURCES INC","co":"Converse","trs":"T40N R72W S31","fm":"TURNER","eur":530954,"perft":null,"sound":true}},{"type":"Feature","geometry":{"type":"Point","coordinates":[-105.8162,43.4158]},"properties":{"api":"4900938502","name":"MYSTICAL FEDERAL 4075-25-24-13-1NH","op":"WRC ENERGY LLC","co":"Converse","trs":"T40N R75W S25","fm":"NIOBRARA","eur":926812,"perft":92092,"sound":true}},{"type":"Feature","geometry":{"type":"Point","coordinates":[-105.4359,43.393]},"properties":{"api":"4900938659","name":"BLADE 19-3130H","op":"EOG RESOURCES INC","co":"Converse","trs":"T40N R71W S31","fm":"TURNER","eur":215605,"perft":null,"sound":true}},{"type":"Feature","geometry":{"type":"Point","coordinates":[-105.4358,43.393]},"properties":{"api":"4900938660","name":"BLADE 413-3130H","op":"EOG RESOURCES INC","co":"Converse","trs":"T40N R71W S31","fm":"PARKMAN","eur":260894,"perft":null,"sound":true}},{"type":"Feature","geometry":{"type":"Point","coordinates":[-105.3392,43.4892]},"properties":{"api":"4900938722","name":"MIDGE FED 4171-36-24-4 TH","op":"ANSCHUTZ EXPLORATION CORPORATION","co":"Converse","trs":"T41N R71W S36","fm":"TURNER","eur":181146,"perft":18215,"sound":true}},{"type":"Feature","geometry":{"type":"Point","coordinates":[-105.5936,43.3588]},"properties":{"api":"4900938776","name":"CATAPULT 364-1402H","op":"EOG RESOURCES INC","co":"Converse","trs":"T39N R73W S14","fm":"TURNER","eur":481100,"perft":null,"sound":true}},{"type":"Feature","geometry":{"type":"Point","coordinates":[-105.5929,43.3588]},"properties":{"api":"4900938778","name":"CATAPULT 368-1402H","op":"EOG RESOURCES INC","co":"Converse","trs":"T39N R73W S14","fm":"FRONTIER/TURNER","eur":474956,"perft":null,"sound":true}},{"type":"Feature","geometry":{"type":"Point","coordinates":[-105.8095,43.3884]},"properties":{"api":"4900938781","name":"SPEARHEAD FED 3975-0112 3SH","op":"CONTINENTAL RESOURCES INC","co":"Converse","trs":"T40N R75W S36","fm":"SHANNON","eur":null,"perft":null,"sound":false}},{"type":"Feature","geometry":{"type":"Point","coordinates":[-105.494,42.9389]},"properties":{"api":"4900938922","name":"SFU 10-34-72 USA BTR 23H","op":"CONTINENTAL RESOURCES INC","co":"Converse","trs":"T34N R72W S10","fm":"TURNER","eur":48211,"perft":null,"sound":true}},{"type":"Feature","geometry":{"type":"Point","coordinates":[-105.4941,42.9389]},"properties":{"api":"4900938923","name":"SFU 10-34-72 USA BTR 22H","op":"CONTINENTAL RESOURCES INC","co":"Converse","trs":"T34N R72W S10","fm":"TURNER","eur":159103,"perft":null,"sound":true}},{"type":"Feature","geometry":{"type":"Point","coordinates":[-104.9505,42.9831]},"properties":{"api":"4900938964","name":"BU 22-30-35-67-4H","op":"ROCKIES RESOURCES HOLDINGS LLC","co":"Converse","trs":"T35N R67W S30","fm":"TEAPOT","eur":553652,"perft":54120,"sound":true}},{"type":"Feature","geometry":{"type":"Point","coordinates":[-104.9508,42.9832]},"properties":{"api":"4900938967","name":"BU 22-30-35-67-1H","op":"ROCKIES RESOURCES HOLDINGS LLC","co":"Converse","trs":"T35N R67W S30","fm":"TEAPOT","eur":331893,"perft":32577,"sound":true}},{"type":"Feature","geometry":{"type":"Point","coordinates":[-105.7865,43.3868]},"properties":{"api":"4900938984","name":"SHEEPHERDER LAKE 3974-6-7-1NH","op":"WRC ENERGY LLC","co":"Converse","trs":"T39N R74W S6","fm":"NIOBRARA","eur":1231727,"perft":122804,"sound":true}},{"type":"Feature","geometry":{"type":"Point","coordinates":[-105.4276,42.9845]},"properties":{"api":"4900939172","name":"BB 19-35-71 USA  A TR 18H","op":"CONTINENTAL RESOURCES INC","co":"Converse","trs":"T35N R71W S19","fm":"TURNER","eur":null,"perft":null,"sound":false}},{"type":"Feature","geometry":{"type":"Point","coordinates":[-105.1393,42.9278]},"properties":{"api":"4900939257","name":"LEBAR 9-34-69 USA B TR 23H","op":"CONTINENTAL RESOURCES INC","co":"Converse","trs":"T34N R69W S9","fm":"TURNER","eur":318402,"perft":null,"sound":true}},{"type":"Feature","geometry":{"type":"Point","coordinates":[-105.8659,43.4178]},"properties":{"api":"4900939302","name":"OGALALLA FED 31-2116 40-75MH","op":"CONTINENTAL RESOURCES INC","co":"Converse","trs":"T40N R75W S21","fm":"MOWRY","eur":null,"perft":null,"sound":false}},{"type":"Feature","geometry":{"type":"Point","coordinates":[-105.461,42.9338]},"properties":{"api":"4900939553","name":"SFU 11-34-72 USAB TR 20H","op":"CONTINENTAL RESOURCES INC","co":"Converse","trs":"T34N R72W S11","fm":"TURNER","eur":213475,"perft":null,"sound":true}},{"type":"Feature","geometry":{"type":"Point","coordinates":[-105.4608,42.9336]},"properties":{"api":"4900939554","name":"SFU 11-34-72 USAB TR 21H","op":"CONTINENTAL RESOURCES INC","co":"Converse","trs":"T34N R72W S11","fm":"TURNER","eur":144915,"perft":null,"sound":true}},{"type":"Feature","geometry":{"type":"Point","coordinates":[-105.4609,42.9337]},"properties":{"api":"4900939555","name":"SFU 11-34-72 USAB TR 22H","op":"CONTINENTAL RESOURCES INC","co":"Converse","trs":"T34N R72W S11","fm":"TURNER","eur":163119,"perft":null,"sound":true}},{"type":"Feature","geometry":{"type":"Point","coordinates":[-105.4607,42.9336]},"properties":{"api":"4900939556","name":"SFU 11-34-72 USAB TR 23H","op":"CONTINENTAL RESOURCES INC","co":"Converse","trs":"T34N R72W S11","fm":"TURNER","eur":null,"perft":null,"sound":false}},{"type":"Feature","geometry":{"type":"Point","coordinates":[-105.5427,43.3917]},"properties":{"api":"4900939781","name":"MARYS DRAW 272-3130H","op":"EOG RESOURCES INC","co":"Converse","trs":"T40N R72W S31","fm":"MOWRY","eur":243590,"perft":null,"sound":true}},{"type":"Feature","geometry":{"type":"Point","coordinates":[-105.4939,42.9079]},"properties":{"api":"4900939880","name":"SFU 22-34-72  USA A TR 70H","op":"CONTINENTAL RESOURCES INC","co":"Converse","trs":"T34N R72W S22","fm":"TURNER","eur":225005,"perft":null,"sound":true}},{"type":"Feature","geometry":{"type":"Point","coordinates":[-105.4938,42.9079]},"properties":{"api":"4900939883","name":"SFU22-34-72 USA A TR 22H","op":"CONTINENTAL RESOURCES INC","co":"Converse","trs":"T34N R72W S22","fm":"TURNER","eur":49219,"perft":null,"sound":true}},{"type":"Feature","geometry":{"type":"Point","coordinates":[-105.5009,42.9088]},"properties":{"api":"4900940077","name":"SFU 21-34-72 USA B NB 1H","op":"CONTINENTAL RESOURCES INC","co":"Converse","trs":"T34N R72W S21","fm":"NIOBRARA","eur":882423,"perft":null,"sound":true}},{"type":"Feature","geometry":{"type":"Point","coordinates":[-105.501,42.9089]},"properties":{"api":"4900940079","name":"SFU 21-34-72 USAB TR 20H","op":"CONTINENTAL RESOURCES INC","co":"Converse","trs":"T34N R72W S21","fm":"TURNER","eur":327045,"perft":null,"sound":true}},{"type":"Feature","geometry":{"type":"Point","coordinates":[-105.1277,42.9351]},"properties":{"api":"4900940160","name":"EH FED SPACE C 3469-3-T3XH","op":"ANADARKO E&P ONSHORE LLC","co":"Converse","trs":"T34N R69W S10","fm":"TURNER","eur":385049,"perft":47373,"sound":true}},{"type":"Feature","geometry":{"type":"Point","coordinates":[-105.1277,42.9351]},"properties":{"api":"4900940186","name":"EH SPACE C 3469-15-T3XH","op":"ANADARKO E&P ONSHORE LLC","co":"Converse","trs":"T34N R69W S10","fm":"TURNER","eur":189591,"perft":25876,"sound":true}},{"type":"Feature","geometry":{"type":"Point","coordinates":[-105.4741,43.3482]},"properties":{"api":"4900940342","name":"RU JFW FED 14-113972-3XPH","op":"DEVON ENERGY PRODUCTION COMPANY LP","co":"Converse","trs":"T39N R72W S14","fm":"PARKMAN","eur":531120,"perft":null,"sound":true}},{"type":"Feature","geometry":{"type":"Point","coordinates":[-105.4745,43.3485]},"properties":{"api":"4900940385","name":"RU JFW FED 14-113972-1XTH","op":"DEVON ENERGY PRODUCTION COMPANY LP","co":"Converse","trs":"T39N R72W S14","fm":"TURNER","eur":253927,"perft":null,"sound":true}},{"type":"Feature","geometry":{"type":"Point","coordinates":[-105.616,43.2449]},"properties":{"api":"4900940394","name":"HARDY FED 3873-2215 1NH","op":"CONTINENTAL RESOURCES INC","co":"Converse","trs":"T38N R73W S22","fm":"NIOBRARA","eur":551921,"perft":56631,"sound":true}},{"type":"Feature","geometry":{"type":"Point","coordinates":[-105.7796,43.4147]},"properties":{"api":"4900940436","name":"STATE 4074-1918-008NH","op":"WRC ENERGY LLC","co":"Converse","trs":"T40N R74W S30","fm":"NIOBRARA","eur":384793,"perft":null,"sound":true}},{"type":"Feature","geometry":{"type":"Point","coordinates":[-105.1489,43.0145]},"properties":{"api":"4900940497","name":"WOODY FED 3569-4-N5H","op":"ANADARKO E&P ONSHORE LLC","co":"Converse","trs":"T35N R69W S16","fm":"NIOBRARA","eur":418252,"perft":40032,"sound":true}},{"type":"Feature","geometry":{"type":"Point","coordinates":[-105.1489,43.0145]},"properties":{"api":"4900940498","name":"WOODY FED 3569-4-N3H","op":"ANADARKO E&P ONSHORE LLC","co":"Converse","trs":"T35N R69W S16","fm":"NIOBRARA","eur":515612,"perft":49535,"sound":true}},{"type":"Feature","geometry":{"type":"Point","coordinates":[-105.149,43.0145]},"properties":{"api":"4900940499","name":"WOODY FED 3569-4-N1H","op":"ANADARKO E&P ONSHORE LLC","co":"Converse","trs":"T35N R69W S16","fm":"NIOBRARA","eur":514947,"perft":49869,"sound":true}},{"type":"Feature","geometry":{"type":"Point","coordinates":[-105.4149,43.2474]},"properties":{"api":"4900940541","name":"SDU TILLARD FED 29-323871-1XPH","op":"DEVON ENERGY PRODUCTION COMPANY LP","co":"Converse","trs":"T38N R71W S20","fm":"PARKMAN","eur":587079,"perft":null,"sound":true}},{"type":"Feature","geometry":{"type":"Point","coordinates":[-105.342,42.84]},"properties":{"api":"4900940554","name":"COMBS 11-33-71  USA A TR 21H","op":"CONTINENTAL RESOURCES INC","co":"Converse","trs":"T33N R71W S11","fm":"TURNER","eur":134863,"perft":null,"sound":true}},{"type":"Feature","geometry":{"type":"Point","coordinates":[-105.342,42.84]},"properties":{"api":"4900940555","name":"COMBS 11-33-71 USA A TR 23H","op":"CONTINENTAL RESOURCES INC","co":"Converse","trs":"T33N R71W S11","fm":"TURNER","eur":80853,"perft":null,"sound":true}},{"type":"Feature","geometry":{"type":"Point","coordinates":[-105.1919,43.0157]},"properties":{"api":"4900940605","name":"NITRO FED 3569-19-N3H","op":"ANADARKO E&P ONSHORE LLC","co":"Converse","trs":"T35N R69W S7","fm":"NIOBRARA","eur":477393,"perft":46616,"sound":true}},{"type":"Feature","geometry":{"type":"Point","coordinates":[-105.192,43.0157]},"properties":{"api":"4900940608","name":"NITRO FED 3569-6-N3H","op":"ANADARKO E&P ONSHORE LLC","co":"Converse","trs":"T35N R69W S7","fm":"NIOBRARA","eur":476751,"perft":46390,"sound":true}},{"type":"Feature","geometry":{"type":"Point","coordinates":[-105.1918,43.0157]},"properties":{"api":"4900940609","name":"NITRO FED 3569-6-N5H","op":"ANADARKO E&P ONSHORE LLC","co":"Converse","trs":"T35N R69W S7","fm":"NIOBRARA","eur":275987,"perft":26466,"sound":true}},{"type":"Feature","geometry":{"type":"Point","coordinates":[-105.1917,43.0157]},"properties":{"api":"4900940610","name":"NITRO FED 3569-19-N5H","op":"ANADARKO E&P ONSHORE LLC","co":"Converse","trs":"T35N R69W S7","fm":"NIOBRARA","eur":null,"perft":null,"sound":false}},{"type":"Feature","geometry":{"type":"Point","coordinates":[-105.1921,43.0157]},"properties":{"api":"4900940611","name":"NITRO FED 3569-19-N1H","op":"ANADARKO E&P ONSHORE LLC","co":"Converse","trs":"T35N R69W S7","fm":"NIOBRARA","eur":621016,"perft":61426,"sound":true}},{"type":"Feature","geometry":{"type":"Point","coordinates":[-105.1917,43.0157]},"properties":{"api":"4900940612","name":"NITRO FED 3569-6-T4H","op":"ANADARKO E&P ONSHORE LLC","co":"Converse","trs":"T35N R69W S7","fm":"TURNER","eur":403834,"perft":39576,"sound":true}},{"type":"Feature","geometry":{"type":"Point","coordinates":[-105.192,43.0157]},"properties":{"api":"4900940613","name":"NITRO FED 3569-19-T1H","op":"ANADARKO E&P ONSHORE LLC","co":"Converse","trs":"T35N R69W S7","fm":"TURNER","eur":529498,"perft":52550,"sound":true}},{"type":"Feature","geometry":{"type":"Point","coordinates":[-105.1916,43.0157]},"properties":{"api":"4900940614","name":"NITRO FED 3569-6-N8H","op":"ANADARKO E&P ONSHORE LLC","co":"Converse","trs":"T35N R69W S7","fm":"NIOBRARA","eur":360134,"perft":33374,"sound":true}},{"type":"Feature","geometry":{"type":"Point","coordinates":[-105.6786,43.4186]},"properties":{"api":"4900940825","name":"KATARA 1018-1918H","op":"EOG RESOURCES INC","co":"Converse","trs":"T40N R73W S19","fm":"NIOBRARA","eur":443238,"perft":null,"sound":true}},{"type":"Feature","geometry":{"type":"Point","coordinates":[-105.5478,43.2313]},"properties":{"api":"4900940957","name":"REYNOLDS FED 3872-3106 6NH","op":"CONTINENTAL RESOURCES INC","co":"Converse","trs":"T38N R72W S30","fm":"NIOBRARA","eur":570904,"perft":57784,"sound":true}},{"type":"Feature","geometry":{"type":"Point","coordinates":[-105.7907,43.3291]},"properties":{"api":"4900941030","name":"ALLEMAND FED 31-1918 39-74FH","op":"CONTINENTAL RESOURCES INC","co":"Converse","trs":"T39N R74W S30","fm":"FRONTIER","eur":89948,"perft":null,"sound":true}},{"type":"Feature","geometry":{"type":"Point","coordinates":[-105.7907,43.329]},"properties":{"api":"4900941031","name":"ALLEMAND FED 34-3031 39-74 NH","op":"CONTINENTAL RESOURCES INC","co":"Converse","trs":"T39N R74W S30","fm":"NIOBRARA","eur":null,"perft":null,"sound":false}},{"type":"Feature","geometry":{"type":"Point","coordinates":[-105.4802,42.934]},"properties":{"api":"4900941034","name":"SFU 10-34-72 USA C TR 22H","op":"CONTINENTAL RESOURCES INC","co":"Converse","trs":"T34N R72W S10","fm":"TURNER","eur":130752,"perft":null,"sound":true}},{"type":"Feature","geometry":{"type":"Point","coordinates":[-105.4801,42.934]},"properties":{"api":"4900941057","name":"SFU 10-34-72 USAC TR 23H","op":"CONTINENTAL RESOURCES INC","co":"Converse","trs":"T34N R72W S10","fm":"TURNER","eur":126862,"perft":null,"sound":true}},{"type":"Feature","geometry":{"type":"Point","coordinates":[-105.0061,42.8319]},"properties":{"api":"4900941308","name":"Table 15-33-68 USA A TR 22H","op":"CONTINENTAL RESOURCES INC","co":"Converse","trs":"T33N R68W S15","fm":"TURNER","eur":1132199,"perft":null,"sound":true}},{"type":"Feature","geometry":{"type":"Point","coordinates":[-105.502,42.9372]},"properties":{"api":"4900941317","name":"SFU 9-34-72 USA D TR 23H","op":"CONTINENTAL RESOURCES INC","co":"Converse","trs":"T34N R72W S9","fm":"TURNER","eur":null,"perft":null,"sound":false}},{"type":"Feature","geometry":{"type":"Point","coordinates":[-105.5019,42.9371]},"properties":{"api":"4900941318","name":"SFU 9-34-72 USA D TR 22H","op":"CONTINENTAL RESOURCES INC","co":"Converse","trs":"T34N R72W S9","fm":"TURNER","eur":187208,"perft":null,"sound":true}},{"type":"Feature","geometry":{"type":"Point","coordinates":[-105.3898,42.9832]},"properties":{"api":"4900941482","name":"BOOMER FED 3571-28-33-13 TH","op":"ANSCHUTZ EXPLORATION CORPORATION","co":"Converse","trs":"T35N R71W S28","fm":"TURNER","eur":220925,"perft":null,"sound":true}},{"type":"Feature","geometry":{"type":"Point","coordinates":[-105.8507,43.4155]},"properties":{"api":"4900941521","name":"OGALALLA FED 21-2215 40-75SH","op":"CONTINENTAL RESOURCES INC","co":"Converse","trs":"T40N R75W S27","fm":"SHANNON","eur":831435,"perft":null,"sound":true}},{"type":"Feature","geometry":{"type":"Point","coordinates":[-105.3336,43.159]},"properties":{"api":"4900941530","name":"SDU Tillard  25-363771-1XTH","op":"DEVON ENERGY PRODUCTION COMPANY LP","co":"Converse","trs":"T37N R71W S25","fm":"TURNER","eur":null,"perft":null,"sound":false}},{"type":"Feature","geometry":{"type":"Point","coordinates":[-105.3338,43.159]},"properties":{"api":"4900941531","name":"SDU Tillard 25-363771-1XNH","op":"DEVON ENERGY PRODUCTION COMPANY LP","co":"Converse","trs":"T37N R71W S25","fm":"NIOBRARA","eur":609370,"perft":null,"sound":true}},{"type":"Feature","geometry":{"type":"Point","coordinates":[-105.7788,43.3293]},"properties":{"api":"4900941582","name":"ALLEMAND FED 21-2017 39-74FH","op":"CONTINENTAL RESOURCES INC","co":"Converse","trs":"T39N R74W S29","fm":"FRONTIER","eur":203422,"perft":null,"sound":true}},{"type":"Feature","geometry":{"type":"Point","coordinates":[-105.1019,43.1303]},"properties":{"api":"4900941586","name":"DOWNS FED 02-113669-1XTPH","op":"DEVON ENERGY PRODUCTION COMPANY LP","co":"Converse","trs":"T36N R69W S2","fm":"TEAPOT","eur":419295,"perft":null,"sound":true}},{"type":"Feature","geometry":{"type":"Point","coordinates":[-105.4254,43.3188]},"properties":{"api":"4900941626","name":"RU T-55 Fed 303971-1TLH","op":"DEVON ENERGY PRODUCTION COMPANY LP","co":"Converse","trs":"T39N R71W S31","fm":"TURNER","eur":339474,"perft":68498,"sound":true}},{"type":"Feature","geometry":{"type":"Point","coordinates":[-105.0351,43.0879]},"properties":{"api":"4900941633","name":"SSU MLT 16-093668-2XNH","op":"DEVON ENERGY PRODUCTION COMPANY LP","co":"Converse","trs":"T36N R68W S21","fm":"NIOBRARA","eur":750385,"perft":null,"sound":true}},{"type":"Feature","geometry":{"type":"Point","coordinates":[-105.4443,43.3903]},"properties":{"api":"4900941634","name":"RU PRCC FED 36-254072-4XTUH","op":"DEVON ENERGY PRODUCTION COMPANY LP","co":"Converse","trs":"T39N R72W S1","fm":"TURNER","eur":376911,"perft":null,"sound":true}},{"type":"Feature","geometry":{"type":"Point","coordinates":[-105.4445,43.3903]},"properties":{"api":"4900941635","name":"RU PRCC FED 36-254072-2XTLH","op":"DEVON ENERGY PRODUCTION COMPANY LP","co":"Converse","trs":"T39N R72W S1","fm":"TURNER","eur":469403,"perft":null,"sound":true}},{"type":"Feature","geometry":{"type":"Point","coordinates":[-105.4796,43.4887]},"properties":{"api":"4900941661","name":"ARBALEST 479-3502H","op":"EOG RESOURCES INC","co":"Converse","trs":"T41N R72W S35","fm":"FRONTIER/TURNER","eur":300316,"perft":null,"sound":true}},{"type":"Feature","geometry":{"type":"Point","coordinates":[-105.4798,43.4887]},"properties":{"api":"4900941670","name":"ARBALEST 478-3502H","op":"EOG RESOURCES INC","co":"Converse","trs":"T41N R72W S35","fm":"PARKMAN","eur":340335,"perft":null,"sound":true}},{"type":"Feature","geometry":{"type":"Point","coordinates":[-105.4761,43.489]},"properties":{"api":"4900941672","name":"WILLOW 2614-22H","op":"EOG RESOURCES INC","co":"Converse","trs":"T41N R72W S35","fm":"PARKMAN","eur":626072,"perft":40890,"sound":true}},{"type":"Feature","geometry":{"type":"Point","coordinates":[-105.4763,43.489]},"properties":{"api":"4900941674","name":"WILLOW 2614-21H","op":"EOG RESOURCES INC","co":"Converse","trs":"T41N R72W S35","fm":"PARKMAN","eur":648811,"perft":42786,"sound":true}},{"type":"Feature","geometry":{"type":"Point","coordinates":[-105.4794,43.4887]},"properties":{"api":"4900941676","name":"ARBALEST 480-3502H","op":"EOG RESOURCES INC","co":"Converse","trs":"T41N R72W S35","fm":"FRONTIER/TURNER","eur":407524,"perft":null,"sound":true}},{"type":"Feature","geometry":{"type":"Point","coordinates":[-105.093,42.9554]},"properties":{"api":"4900942021","name":"EH FED FUSION W 3469-12-N4XH","op":"ANADARKO E&P ONSHORE LLC","co":"Converse","trs":"T34N R69W S1","fm":"NIOBRARA","eur":465187,"perft":60540,"sound":true}},{"type":"Feature","geometry":{"type":"Point","coordinates":[-105.0931,42.9555]},"properties":{"api":"4900942023","name":"EH FUSION W 3469-12-N2XH","op":"ANADARKO E&P ONSHORE LLC","co":"Converse","trs":"T34N R69W S1","fm":"NIOBRARA","eur":509602,"perft":68421,"sound":true}},{"type":"Feature","geometry":{"type":"Point","coordinates":[-105.0929,42.9553]},"properties":{"api":"4900942025","name":"EH FUSION W 3469-12-T1XH","op":"ANADARKO E&P ONSHORE LLC","co":"Converse","trs":"T34N R69W S1","fm":"TURNER","eur":386060,"perft":null,"sound":true}},{"type":"Feature","geometry":{"type":"Point","coordinates":[-105.0928,42.9552]},"properties":{"api":"4900942029","name":"EH FED FUSION W 3469-12-T2XH","op":"ANADARKO E&P ONSHORE LLC","co":"Converse","trs":"T34N R69W S1","fm":"TURNER","eur":300484,"perft":null,"sound":true}},{"type":"Feature","geometry":{"type":"Point","coordinates":[-105.4224,43.1872]},"properties":{"api":"4900942810","name":"SDU TILLARD  18-193771-5XNH","op":"DEVON ENERGY PRODUCTION COMPANY LP","co":"Converse","trs":"T37N R71W S18","fm":"NIOBRARA","eur":568159,"perft":null,"sound":true}},{"type":"Feature","geometry":{"type":"Point","coordinates":[-105.436,43.1896]},"properties":{"api":"4900942811","name":"SDU TILLARD FED 18-193771-3XNH","op":"DEVON ENERGY PRODUCTION COMPANY LP","co":"Converse","trs":"T37N R71W S7","fm":"NIOBRARA","eur":null,"perft":null,"sound":false}},{"type":"Feature","geometry":{"type":"Point","coordinates":[-105.4364,43.1896]},"properties":{"api":"4900942812","name":"SDU TILLARD FED  18-193771-1XNH","op":"DEVON ENERGY PRODUCTION COMPANY LP","co":"Converse","trs":"T37N R71W S7","fm":"NIOBRARA","eur":618889,"perft":null,"sound":true}},{"type":"Feature","geometry":{"type":"Point","coordinates":[-105.3441,43.1585]},"properties":{"api":"4900942813","name":"SDU TILLARD FED 26-353771-5XNH","op":"DEVON ENERGY PRODUCTION COMPANY LP","co":"Converse","trs":"T37N R71W S26","fm":"NIOBRARA","eur":488746,"perft":50779,"sound":true}},{"type":"Feature","geometry":{"type":"Point","coordinates":[-105.3439,43.1585]},"properties":{"api":"4900942814","name":"SDU TILLARD FED 26-353771-7XNH","op":"DEVON ENERGY PRODUCTION COMPANY LP","co":"Converse","trs":"T37N R71W S26","fm":"NIOBRARA","eur":313123,"perft":32112,"sound":true}},{"type":"Feature","geometry":{"type":"Point","coordinates":[-105.5477,43.2311]},"properties":{"api":"4900943070","name":"REYNOLDS FED 3872-3106 3FH","op":"CONTINENTAL RESOURCES INC","co":"Converse","trs":"T38N R72W S30","fm":"FRONTIER","eur":408192,"perft":null,"sound":true}},{"type":"Feature","geometry":{"type":"Point","coordinates":[-105.5581,43.2004]},"properties":{"api":"4900943078","name":"BRUSHY CREEK FED 3772-0631 1FH","op":"CONTINENTAL RESOURCES INC","co":"Converse","trs":"T37N R72W S7","fm":"FRONTIER","eur":null,"perft":null,"sound":false}},{"type":"Feature","geometry":{"type":"Point","coordinates":[-105.6377,43.0409]},"properties":{"api":"4900943236","name":"SPILLMAN DRAW UNIT 35-73 5-1NH","op":"CONTINENTAL RESOURCES INC","co":"Converse","trs":"T35N R73W S5","fm":"NIOBRARA","eur":923176,"perft":null,"sound":true}},{"type":"Feature","geometry":{"type":"Point","coordinates":[-105.0495,42.9853]},"properties":{"api":"4900943330","name":"AMASA 29-35-68 A TR 20H","op":"CONTINENTAL RESOURCES INC","co":"Converse","trs":"T35N R68W S29","fm":"TURNER","eur":383387,"perft":43796,"sound":true}},{"type":"Feature","geometry":{"type":"Point","coordinates":[-105.2841,43.2036]},"properties":{"api":"4900943332","name":"BLUM FED 3770-17-N6H","op":"ANADARKO E&P ONSHORE LLC","co":"Converse","trs":"T37N R70W S5","fm":"NIOBRARA","eur":493666,"perft":65569,"sound":true}},{"type":"Feature","geometry":{"type":"Point","coordinates":[-105.1447,43.0577]},"properties":{"api":"4900943491","name":"WAGYL WAGYL FED 3669-21-T4XH","op":"ANADARKO E&P ONSHORE LLC","co":"Converse","trs":"T36N R69W S33","fm":"TURNER","eur":670147,"perft":92256,"sound":true}},{"type":"Feature","geometry":{"type":"Point","coordinates":[-105.1448,43.0577]},"properties":{"api":"4900943493","name":"WAGYL WAGYL FED 3669-21-N7XH","op":"ANADARKO E&P ONSHORE LLC","co":"Converse","trs":"T36N R69W S33","fm":"NIOBRARA","eur":684431,"perft":92154,"sound":true}},{"type":"Feature","geometry":{"type":"Point","coordinates":[-105.6432,43.273]},"properties":{"api":"4900943505","name":"GRANT 3873-1720-5TXH","op":"ACME HOLDINGS LLC","co":"Converse","trs":"T38N R73W S17","fm":"TURNER","eur":80696,"perft":null,"sound":true}},{"type":"Feature","geometry":{"type":"Point","coordinates":[-105.2687,43.0808]},"properties":{"api":"4900943527","name":"RIDE FED 3670-28-T1XH","op":"ANADARKO E&P ONSHORE LLC","co":"Converse","trs":"T36N R70W S21","fm":"TURNER","eur":1614848,"perft":212984,"sound":true}},{"type":"Feature","geometry":{"type":"Point","coordinates":[-105.2687,43.0808]},"properties":{"api":"4900943532","name":"RIDE FED 3670-28-N1XH","op":"ANADARKO E&P ONSHORE LLC","co":"Converse","trs":"T36N R70W S21","fm":"NIOBRARA","eur":384808,"perft":49538,"sound":true}},{"type":"Feature","geometry":{"type":"Point","coordinates":[-105.5509,43.2021]},"properties":{"api":"4900943803","name":"SKUNK CREEK FED 3772-0718 1FH","op":"CONTINENTAL RESOURCES INC","co":"Converse","trs":"T37N R72W S6","fm":"FRONTIER","eur":54021,"perft":5375,"sound":true}},{"type":"Feature","geometry":{"type":"Point","coordinates":[-105.4135,43.1881]},"properties":{"api":"4900943868","name":"SDU TILLARD FED 083771-1PH","op":"DEVON ENERGY PRODUCTION COMPANY LP","co":"Converse","trs":"T37N R71W S17","fm":"PARKMAN","eur":468460,"perft":null,"sound":true}},{"type":"Feature","geometry":{"type":"Point","coordinates":[-105.4135,43.1882]},"properties":{"api":"4900943869","name":"SDU TILLARD FED 083771-2PH","op":"DEVON ENERGY PRODUCTION COMPANY LP","co":"Converse","trs":"T37N R71W S17","fm":"PARKMAN","eur":241013,"perft":null,"sound":true}},{"type":"Feature","geometry":{"type":"Point","coordinates":[-105.8583,43.4486]},"properties":{"api":"4900944138","name":"OGALALLA 4075-1003-001NXH","op":"TITAN EXPLORATION LLC","co":"Converse","trs":"T40N R75W S10","fm":"NIOBRARA","eur":598846,"perft":null,"sound":true}},{"type":"Feature","geometry":{"type":"Point","coordinates":[-105.3333,43.159]},"properties":{"api":"4900944185","name":"SDU TILLARD FED 25-363771-4XTH","op":"DEVON ENERGY PRODUCTION COMPANY LP","co":"Converse","trs":"T37N R71W S25","fm":"TURNER","eur":462201,"perft":null,"sound":true}},{"type":"Feature","geometry":{"type":"Point","coordinates":[-105.3335,43.159]},"properties":{"api":"4900944186","name":"SDU TILLARD 25-363771-CXTH","op":"DEVON ENERGY PRODUCTION COMPANY LP","co":"Converse","trs":"T37N R71W S25","fm":"TURNER","eur":null,"perft":null,"sound":false}},{"type":"Feature","geometry":{"type":"Point","coordinates":[-105.6165,42.954]},"properties":{"api":"4900944197","name":"WIL E COYOTE FED 2833 35-73 N-DH","op":"1876 RESOURCES LLC","co":"Converse","trs":"T34N R73W S4","fm":"NIOBRARA","eur":654893,"perft":null,"sound":true}},{"type":"Feature","geometry":{"type":"Point","coordinates":[-105.861,43.4177]},"properties":{"api":"4900944381","name":"OGALALLA 4075-2116-004NH","op":"WRC ENERGY LLC","co":"Converse","trs":"T40N R75W S21","fm":"NIOBRARA","eur":555691,"perft":null,"sound":true}},{"type":"Feature","geometry":{"type":"Point","coordinates":[-105.1263,42.7976]},"properties":{"api":"4900944816","name":"COLE 27-33-69 USA A NB 1H","op":"CONTINENTAL RESOURCES INC","co":"Converse","trs":"T33N R69W S27","fm":"NIOBRARA","eur":441201,"perft":null,"sound":true}},{"type":"Feature","geometry":{"type":"Point","coordinates":[-105.6162,43.2161]},"properties":{"api":"4900944888","name":"CITRA FED 3773-0315 1FH","op":"CONTINENTAL RESOURCES INC","co":"Converse","trs":"T38N R73W S34","fm":"FRONTIER-TURNER","eur":507714,"perft":50254,"sound":true}},{"type":"Feature","geometry":{"type":"Point","coordinates":[-105.368,42.8937]},"properties":{"api":"4900944897","name":"NWFU 27-34-71 USA A NB 4H","op":"CONTINENTAL RESOURCES INC","co":"Converse","trs":"T34N R71W S27","fm":"NIOBRARA","eur":756219,"perft":75667,"sound":true}},{"type":"Feature","geometry":{"type":"Point","coordinates":[-105.4202,42.8921]},"properties":{"api":"4900944940","name":"NWFU 30-34-71 USA B  TR 21H","op":"CONTINENTAL RESOURCES INC","co":"Converse","trs":"T34N R71W S30","fm":"TURNER","eur":153814,"perft":26497,"sound":true}},{"type":"Feature","geometry":{"type":"Point","coordinates":[-105.4202,42.8923]},"properties":{"api":"4900944942","name":"NWFU 30-34-71 B TR 23H","op":"CONTINENTAL RESOURCES INC","co":"Converse","trs":"T34N R71W S30","fm":"TURNER","eur":424038,"perft":77042,"sound":true}},{"type":"Feature","geometry":{"type":"Point","coordinates":[-105.5712,42.9698]},"properties":{"api":"4900945038","name":"Tuffy 41 MXH","op":"1876 RESOURCES LLC","co":"Converse","trs":"T35N R73W S25","fm":null,"eur":null,"perft":null,"sound":false}},{"type":"Feature","geometry":{"type":"Point","coordinates":[-105.5583,42.9715]},"properties":{"api":"4900945041","name":"Tuffy 23 NXH","op":"1876 RESOURCES LLC","co":"Converse","trs":"T35N R73W S25","fm":null,"eur":null,"perft":null,"sound":false}},{"type":"Feature","geometry":{"type":"Point","coordinates":[-105.5584,42.9715]},"properties":{"api":"4900945042","name":"Tuffy 22 NXH","op":"1876 RESOURCES LLC","co":"Converse","trs":"T35N R73W S25","fm":null,"eur":null,"perft":null,"sound":false}},{"type":"Feature","geometry":{"type":"Point","coordinates":[-105.5712,42.9698]},"properties":{"api":"4900945043","name":"Tuffy 21 NXH","op":"1876 RESOURCES LLC","co":"Converse","trs":"T35N R73W S25","fm":null,"eur":null,"perft":null,"sound":false}},{"type":"Feature","geometry":{"type":"Point","coordinates":[-105.5585,42.9715]},"properties":{"api":"4900945044","name":"Tuffy 42 MXH","op":"1876 RESOURCES LLC","co":"Converse","trs":"T35N R73W S25","fm":null,"eur":null,"perft":null,"sound":false}},{"type":"Feature","geometry":{"type":"Point","coordinates":[-105.5581,42.9716]},"properties":{"api":"4900945045","name":"Tuffy 43 MXH","op":"1876 RESOURCES LLC","co":"Converse","trs":"T35N R73W S25","fm":null,"eur":null,"perft":null,"sound":false}},{"type":"Feature","geometry":{"type":"Point","coordinates":[-105.1262,42.7977]},"properties":{"api":"4900945164","name":"COLE 27-33-69 USA A A NB 3H","op":"CONTINENTAL RESOURCES INC","co":"Converse","trs":"T33N R69W S27","fm":"NIOBRARA","eur":368658,"perft":null,"sound":true}},{"type":"Feature","geometry":{"type":"Point","coordinates":[-105.5716,42.9699]},"properties":{"api":"4900945348","name":"BUSTER FEDERAL 3502 35-73 N-DH","op":"1876 RESOURCES LLC","co":"Converse","trs":"T35N R73W S25","fm":"NIOBRARA","eur":1130423,"perft":106123,"sound":true}},{"type":"Feature","geometry":{"type":"Point","coordinates":[-105.1528,43.1568]},"properties":{"api":"4900945448","name":"CU DOWNS FED 28-163769-2XNH","op":"DEVON ENERGY PRODUCTION COMPANY LP","co":"Converse","trs":"T37N R69W S28","fm":"NIOBRARA","eur":543543,"perft":47801,"sound":true}},{"type":"Feature","geometry":{"type":"Point","coordinates":[-105.4254,43.3186]},"properties":{"api":"4900945449","name":"RU T-55 FED  30-193971-CXTUH","op":"DEVON ENERGY PRODUCTION COMPANY LP","co":"Converse","trs":"T39N R71W S31","fm":"TURNER","eur":268811,"perft":35937,"sound":true}},{"type":"Feature","geometry":{"type":"Point","coordinates":[-105.4254,43.3185]},"properties":{"api":"4900945450","name":"RU T-55 FED 30-193971-4XTLH","op":"DEVON ENERGY PRODUCTION COMPANY LP","co":"Converse","trs":"T39N R71W S31","fm":"TURNER","eur":599703,"perft":107358,"sound":true}},{"type":"Feature","geometry":{"type":"Point","coordinates":[-105.5772,42.9064]},"properties":{"api":"4900945490","name":"Shultz Federal 1114 34-73 M-DH","op":"1876 RESOURCES LLC","co":"Converse","trs":"T34N R73W S23","fm":"MOWRY","eur":1107530,"perft":109972,"sound":true}},{"type":"Feature","geometry":{"type":"Point","coordinates":[-105.577,42.9064]},"properties":{"api":"4900945637","name":"SHULTZ FED 1114 34-73 N-DH","op":"1876 RESOURCES LLC","co":"Converse","trs":"T34N R73W S23","fm":"NIOBRARA","eur":835567,"perft":84120,"sound":true}},{"type":"Feature","geometry":{"type":"Point","coordinates":[-105.577,42.9064]},"properties":{"api":"4900945641","name":"JOHN PEANUT 1213 34-73 N-AH","op":"1876 RESOURCES LLC","co":"Converse","trs":"T34N R73W S23","fm":"NIOBRARA","eur":null,"perft":null,"sound":false}},{"type":"Feature","geometry":{"type":"Point","coordinates":[-105.5966,42.8953]},"properties":{"api":"4900945657","name":"LUCAS FED 1522 34-73 N-DH","op":"1876 RESOURCES LLC","co":"Converse","trs":"T34N R73W S27","fm":"NIOBRARA","eur":738535,"perft":null,"sound":true}},{"type":"Feature","geometry":{"type":"Point","coordinates":[-105.4625,42.8882]},"properties":{"api":"4900945665","name":"NWFU 26-34-72 B TR 23H","op":"CONTINENTAL RESOURCES INC","co":"Converse","trs":"T34N R72W S26","fm":"TURNER","eur":311850,"perft":null,"sound":true}},{"type":"Feature","geometry":{"type":"Point","coordinates":[-105.4626,42.8881]},"properties":{"api":"4900945666","name":"NWFU 26-34-72 USA B TR 22H","op":"CONTINENTAL RESOURCES INC","co":"Converse","trs":"T34N R72W S26","fm":"TURNER","eur":269365,"perft":null,"sound":true}},{"type":"Feature","geometry":{"type":"Point","coordinates":[-105.4627,42.8881]},"properties":{"api":"4900945667","name":"NWFU 26-34-72 USA B TR 21H","op":"CONTINENTAL RESOURCES INC","co":"Converse","trs":"T34N R72W S26","fm":"TURNER","eur":134818,"perft":null,"sound":true}},{"type":"Feature","geometry":{"type":"Point","coordinates":[-105.4363,43.2892]},"properties":{"api":"4900945669","name":"CWDU T-55 FED 06-313971-1XPH","op":"DEVON ENERGY PRODUCTION COMPANY LP","co":"Converse","trs":"T38N R71W S7","fm":"PARKMAN","eur":728204,"perft":null,"sound":true}},{"type":"Feature","geometry":{"type":"Point","coordinates":[-105.4361,43.2892]},"properties":{"api":"4900945670","name":"CWDU T-55 FED  06-313971-1XTUH","op":"DEVON ENERGY PRODUCTION COMPANY LP","co":"Converse","trs":"T38N R71W S7","fm":"TURNER","eur":592123,"perft":null,"sound":true}},{"type":"Feature","geometry":{"type":"Point","coordinates":[-105.4359,43.2892]},"properties":{"api":"4900945671","name":"CWDU T-55 FED 06-313971-CXTLH","op":"DEVON ENERGY PRODUCTION COMPANY LP","co":"Converse","trs":"T38N R71W S7","fm":"TURNER","eur":322867,"perft":null,"sound":true}},{"type":"Feature","geometry":{"type":"Point","coordinates":[-105.4357,43.2892]},"properties":{"api":"4900945672","name":"CWDU T-55 FED 06-313971-4XTUH","op":"DEVON ENERGY PRODUCTION COMPANY LP","co":"Converse","trs":"T38N R71W S7","fm":"TURNER","eur":744282,"perft":null,"sound":true}},{"type":"Feature","geometry":{"type":"Point","coordinates":[-105.8076,43.4724]},"properties":{"api":"4900945768","name":"Darton Peak 4075-12-1-3SH","op":"WRC ENERGY LLC","co":"Converse","trs":"T40N R75W S1","fm":null,"eur":null,"perft":null,"sound":false}},{"type":"Feature","geometry":{"type":"Point","coordinates":[-105.8506,43.4155]},"properties":{"api":"4900945917","name":"OGALALLA FED 4075-2215 2SH","op":"CONTINENTAL RESOURCES INC","co":"Converse","trs":"T40N R75W S27","fm":"SHANNON","eur":388059,"perft":null,"sound":true}},{"type":"Feature","geometry":{"type":"Point","coordinates":[-105.7128,43.1868]},"properties":{"api":"4900946002","name":"GEMINI 426 11-2H","op":"CONTINENTAL RESOURCES INC","co":"Converse","trs":"T37N R74W S11","fm":"FRONTIER","eur":125281,"perft":17437,"sound":true}},{"type":"Feature","geometry":{"type":"Point","coordinates":[-105.5111,43.1025]},"properties":{"api":"4900946165","name":"DUKE UNIT 36-72 9-1NH","op":"CONTINENTAL RESOURCES INC","co":"Converse","trs":"T36N R72W S9","fm":"NIOBRARA","eur":null,"perft":null,"sound":false}},{"type":"Feature","geometry":{"type":"Point","coordinates":[-105.7644,43.3575]},"properties":{"api":"4900946183","name":"BOHLANDER FED 3974-1720 2FH","op":"CONTINENTAL RESOURCES INC","co":"Converse","trs":"T39N R74W S17","fm":"FRONTIER","eur":292081,"perft":null,"sound":true}},{"type":"Feature","geometry":{"type":"Point","coordinates":[-105.5503,43.0419]},"properties":{"api":"4900946336","name":"SPILLMAN DRAW UNIT 36-72 31-1NH","op":"CONTINENTAL RESOURCES INC","co":"Converse","trs":"T36N R72W S31","fm":"NIOBRARA","eur":null,"perft":null,"sound":false}},{"type":"Feature","geometry":{"type":"Point","coordinates":[-105.6561,43.0425]},"properties":{"api":"4900946338","name":"HORNBECK DRAW UNIT 36-73 31-1MH","op":"CONTINENTAL RESOURCES INC","co":"Converse","trs":"T36N R73W S31","fm":"MUDDY","eur":408439,"perft":76116,"sound":true}},{"type":"Feature","geometry":{"type":"Point","coordinates":[-105.306,42.9357]},"properties":{"api":"4900946380","name":"CLAUSEN 7-34-70  USA A TR 22H","op":"CONTINENTAL RESOURCES INC","co":"Converse","trs":"T34N R70W S7","fm":"TURNER","eur":null,"perft":null,"sound":false}},{"type":"Feature","geometry":{"type":"Point","coordinates":[-105.8322,43.3873]},"properties":{"api":"4900946535","name":"SPEARHEAD FED 4075-3526 2SH","op":"CONTINENTAL RESOURCES INC","co":"Converse","trs":"T39N R75W S2","fm":"SHANNON","eur":null,"perft":null,"sound":false}},{"type":"Feature","geometry":{"type":"Point","coordinates":[-105.77,43.1845]},"properties":{"api":"4900946538","name":"LYNX 330 17-20H","op":"CONTINENTAL RESOURCES INC","co":"Converse","trs":"T37N R74W S17","fm":"NIOBRARA","eur":569531,"perft":null,"sound":true}},{"type":"Feature","geometry":{"type":"Point","coordinates":[-105.7926,43.1861]},"properties":{"api":"4900946568","name":"CENTAUR 330 7-6H","op":"CONTINENTAL RESOURCES INC","co":"Converse","trs":"T37N R74W S7","fm":null,"eur":null,"perft":null,"sound":false}},{"type":"Feature","geometry":{"type":"Point","coordinates":[-105.8058,43.214]},"properties":{"api":"4900946586","name":"Aries 347 1-12H","op":"CONTINENTAL RESOURCES INC","co":"Converse","trs":"T37N R75W S1","fm":"NIOBRARA","eur":368056,"perft":37271,"sound":true}},{"type":"Feature","geometry":{"type":"Point","coordinates":[-105.8116,43.2149]},"properties":{"api":"4900946597","name":"ANDROMEDA 319 36-25H","op":"CONTINENTAL RESOURCES INC","co":"Converse","trs":"T38N R75W S36","fm":"NIOBRARA","eur":884973,"perft":95322,"sound":true}},{"type":"Feature","geometry":{"type":"Point","coordinates":[-105.8054,43.2148]},"properties":{"api":"4900946599","name":"ANDROMEDA 349 36-25H","op":"CONTINENTAL RESOURCES INC","co":"Converse","trs":"T38N R75W S36","fm":"NIOBRARA","eur":568813,"perft":56424,"sound":true}},{"type":"Feature","geometry":{"type":"Point","coordinates":[-105.8115,43.2149]},"properties":{"api":"4900946601","name":"ANDROMEDA 426 36-25H","op":"CONTINENTAL RESOURCES INC","co":"Converse","trs":"T38N R75W S36","fm":"FRONTIER","eur":null,"perft":null,"sound":false}},{"type":"Feature","geometry":{"type":"Point","coordinates":[-105.7842,43.1274]},"properties":{"api":"4900946619","name":"SCORPIO 441 31-30H","op":"CONTINENTAL RESOURCES INC","co":"Converse","trs":"T36N R74W S6","fm":"FRONTIER","eur":539979,"perft":null,"sound":true}},{"type":"Feature","geometry":{"type":"Point","coordinates":[-105.7927,43.1858]},"properties":{"api":"4900946648","name":"LEO 409 18-19H","op":"CONTINENTAL RESOURCES INC","co":"Converse","trs":"T37N R74W S7","fm":"FRONTIER","eur":395489,"perft":47461,"sound":true}},{"type":"Feature","geometry":{"type":"Point","coordinates":[-105.8336,43.3599]},"properties":{"api":"4900946667","name":"ASPEN 11W02-3SH","op":"SAGE BUTTE PRB OPERATING, LLC","co":"Converse","trs":"T39N R75W S11","fm":"SHANNON","eur":null,"perft":null,"sound":false}},{"type":"Feature","geometry":{"type":"Point","coordinates":[-105.8504,43.4155]},"properties":{"api":"4900946700","name":"OGALALLA FED 4075-2215 1SXH","op":"CONTINENTAL RESOURCES INC","co":"Converse","trs":"T40N R75W S27","fm":"SUSSEX","eur":594309,"perft":59676,"sound":true}},{"type":"Feature","geometry":{"type":"Point","coordinates":[-105.4153,43.2474]},"properties":{"api":"4900946701","name":"SDU TILLARD FED 29-323871-3XPH","op":"DEVON ENERGY PRODUCTION COMPANY LP","co":"Converse","trs":"T38N R71W S20","fm":"PARKMAN","eur":909517,"perft":null,"sound":true}},{"type":"Feature","geometry":{"type":"Point","coordinates":[-105.5913,43.2451]},"properties":{"api":"4900946704","name":"HARDY FED 3873-2314 3TH","op":"CONTINENTAL RESOURCES INC","co":"Converse","trs":"T38N R73W S23","fm":"TURNER","eur":null,"perft":null,"sound":false}},{"type":"Feature","geometry":{"type":"Point","coordinates":[-105.812,43.1571]},"properties":{"api":"4900946780","name":"PHOENIX 409 25-36H","op":"CONTINENTAL RESOURCES INC","co":"Converse","trs":"T37N R75W S24","fm":"FRONTIER","eur":300766,"perft":30731,"sound":true}},{"type":"Feature","geometry":{"type":"Point","coordinates":[-105.8115,43.1571]},"properties":{"api":"4900946781","name":"PHOENIX 426 25-36H","op":"CONTINENTAL RESOURCES INC","co":"Converse","trs":"T37N R75W S24","fm":"FRONTIER","eur":230515,"perft":26088,"sound":true}},{"type":"Feature","geometry":{"type":"Point","coordinates":[-105.5907,43.2451]},"properties":{"api":"4900946868","name":"HARDY FED 3873-2635 1TH","op":"CONTINENTAL RESOURCES INC","co":"Converse","trs":"T38N R73W S23","fm":"FRONTIER","eur":166031,"perft":16414,"sound":true}},{"type":"Feature","geometry":{"type":"Point","coordinates":[-105.5907,43.245]},"properties":{"api":"4900946869","name":"HARDY FED 3873-2635 3TH","op":"CONTINENTAL RESOURCES INC","co":"Converse","trs":"T38N R73W S23","fm":"FRONTIER","eur":266783,"perft":26375,"sound":true}},{"type":"Feature","geometry":{"type":"Point","coordinates":[-105.422,43.2484]},"properties":{"api":"4900947036","name":"CWDU TILLARD FED 19-073871-3XPH","op":"DEVON ENERGY PRODUCTION COMPANY LP","co":"Converse","trs":"T38N R71W S19","fm":"PARKMAN","eur":1151059,"perft":null,"sound":true}},{"type":"Feature","geometry":{"type":"Point","coordinates":[-105.289,43.2767]},"properties":{"api":"4900947037","name":"CWDU STEINLE FED  08-053870-5XNH","op":"DEVON ENERGY PRODUCTION COMPANY LP","co":"Converse","trs":"T38N R70W S8","fm":"NIOBRARA","eur":188112,"perft":19536,"sound":true}},{"type":"Feature","geometry":{"type":"Point","coordinates":[-105.2894,43.2767]},"properties":{"api":"4900947038","name":"CWDU STEINLE FED 08-053870-1XNH","op":"DEVON ENERGY PRODUCTION COMPANY LP","co":"Converse","trs":"T38N R70W S8","fm":"NIOBRARA","eur":273695,"perft":29468,"sound":true}},{"type":"Feature","geometry":{"type":"Point","coordinates":[-105.2892,43.2767]},"properties":{"api":"4900947039","name":"CWDU STEINLE FED 08-053870-3XNH","op":"DEVON ENERGY PRODUCTION COMPANY LP","co":"Converse","trs":"T38N R70W S8","fm":"NIOBRARA","eur":226661,"perft":23221,"sound":true}},{"type":"Feature","geometry":{"type":"Point","coordinates":[-105.3419,42.8399]},"properties":{"api":"4900947040","name":"COMBS 11-33-71 USA A NB 6H","op":"CONTINENTAL RESOURCES INC","co":"Converse","trs":"T33N R71W S11","fm":"NIOBRARA","eur":143935,"perft":null,"sound":true}},{"type":"Feature","geometry":{"type":"Point","coordinates":[-105.3419,42.8398]},"properties":{"api":"4900947041","name":"COMBS 11-33-71 USA A NB 4H","op":"CONTINENTAL RESOURCES INC","co":"Converse","trs":"T33N R71W S11","fm":"NIOBRARA","eur":186839,"perft":null,"sound":true}},{"type":"Feature","geometry":{"type":"Point","coordinates":[-105.4222,43.2484]},"properties":{"api":"4900947042","name":"SDU TILLARD FED 30-313871-4XPH","op":"DEVON ENERGY PRODUCTION COMPANY LP","co":"Converse","trs":"T38N R71W S19","fm":"PARKMAN","eur":925353,"perft":null,"sound":true}},{"type":"Feature","geometry":{"type":"Point","coordinates":[-105.2851,43.2768]},"properties":{"api":"4900947079","name":"CWDU STEINLE FED 08-053870-4XTLH","op":"DEVON ENERGY PRODUCTION COMPANY LP","co":"Converse","trs":"T38N R70W S8","fm":"TURNER","eur":245014,"perft":23867,"sound":true}},{"type":"Feature","geometry":{"type":"Point","coordinates":[-105.2853,43.2767]},"properties":{"api":"4900947080","name":"CWDU STEINLE FED 08-053870-CXTUH","op":"DEVON ENERGY PRODUCTION COMPANY LP","co":"Converse","trs":"T38N R70W S8","fm":"TURNER","eur":300568,"perft":30636,"sound":true}},{"type":"Feature","geometry":{"type":"Point","coordinates":[-105.3402,43.489]},"properties":{"api":"4900947215","name":"MIDGE FED 4171-36-23-1E NH","op":"ANSCHUTZ EXPLORATION CORPORATION","co":"Converse","trs":"T41N R71W S36","fm":"NIOBRARA","eur":558379,"perft":55318,"sound":true}},{"type":"Feature","geometry":{"type":"Point","coordinates":[-105.7131,43.1865]},"properties":{"api":"4900947359","name":"PISCES 319 14-23H","op":"CONTINENTAL RESOURCES INC","co":"Converse","trs":"T37N R74W S11","fm":"NIOBRARA","eur":620342,"perft":64498,"sound":true}},{"type":"Feature","geometry":{"type":"Point","coordinates":[-105.8826,43.1976]},"properties":{"api":"4900947473","name":"BACCHUS 447 5-32H","op":"CONTINENTAL RESOURCES INC","co":"Converse","trs":"T37N R75W S8","fm":"FRONTIER","eur":286465,"perft":null,"sound":true}},{"type":"Feature","geometry":{"type":"Point","coordinates":[-105.1324,43.1879]},"properties":{"api":"4900947500","name":"CU DOWNS FED 15-043769-4XTPH","op":"DEVON ENERGY PRODUCTION COMPANY LP","co":"Converse","trs":"T37N R69W S15","fm":"TEAPOT","eur":371833,"perft":null,"sound":true}},{"type":"Feature","geometry":{"type":"Point","coordinates":[-105.1324,43.1878]},"properties":{"api":"4900947501","name":"CU DOWNS FED  15-233769-4XTPH","op":"DEVON ENERGY PRODUCTION COMPANY LP","co":"Converse","trs":"T37N R69W S15","fm":"TEAPOT","eur":316550,"perft":null,"sound":true}},{"type":"Feature","geometry":{"type":"Point","coordinates":[-105.3401,43.489]},"properties":{"api":"4900947760","name":"MIDGE FED 4171-36-24-3E NH","op":"ANSCHUTZ EXPLORATION CORPORATION","co":"Converse","trs":"T41N R71W S36","fm":"NIOBRARA","eur":408097,"perft":40084,"sound":true}},{"type":"Feature","geometry":{"type":"Point","coordinates":[-105.4438,43.4464]},"properties":{"api":"4900947889","name":"TOPAZ 1324-02H","op":"EOG RESOURCES INC","co":"Converse","trs":"T40N R72W S13","fm":"PARKMAN","eur":null,"perft":null,"sound":false}},{"type":"Feature","geometry":{"type":"Point","coordinates":[-105.4057,43.2912]},"properties":{"api":"4900947976","name":"CWDU DILTS FED 05-323971-3XPH","op":"DEVON ENERGY PRODUCTION COMPANY LP","co":"Converse","trs":"T38N R71W S5","fm":"PARKMAN","eur":null,"perft":null,"sound":false}},{"type":"Feature","geometry":{"type":"Point","coordinates":[-105.406,43.2911]},"properties":{"api":"4900947977","name":"CWDU DILTS FED 05-323971-1XPH","op":"DEVON ENERGY PRODUCTION COMPANY LP","co":"Converse","trs":"T38N R71W S5","fm":"PARKMAN","eur":339260,"perft":36061,"sound":true}},{"type":"Feature","geometry":{"type":"Point","coordinates":[-105.4059,43.2912]},"properties":{"api":"4900947978","name":"CWDU DILTS FED 08-173871-3XPH","op":"DEVON ENERGY PRODUCTION COMPANY LP","co":"Converse","trs":"T38N R71W S5","fm":"PARKMAN","eur":null,"perft":null,"sound":false}},{"type":"Feature","geometry":{"type":"Point","coordinates":[-105.4062,43.2911]},"properties":{"api":"4900947979","name":"CWDU DILTS FED 08-173871-1XPH","op":"DEVON ENERGY PRODUCTION COMPANY LP","co":"Converse","trs":"T38N R71W S5","fm":"PARKMAN","eur":null,"perft":null,"sound":false}},{"type":"Feature","geometry":{"type":"Point","coordinates":[-105.0162,43.0881]},"properties":{"api":"4900948051","name":"SSU RANKIN FED 16-093668-5XNH","op":"DEVON ENERGY PRODUCTION COMPANY LP","co":"Converse","trs":"T36N R68W S22","fm":"NIOBRARA","eur":706059,"perft":70039,"sound":true}},{"type":"Feature","geometry":{"type":"Point","coordinates":[-105.016,43.0881]},"properties":{"api":"4900948052","name":"RANKIN FED 21-283668-4XTPH","op":"DEVON ENERGY PRODUCTION COMPANY LP","co":"Converse","trs":"T36N R68W S22","fm":"TEAPOT","eur":318119,"perft":33472,"sound":true}},{"type":"Feature","geometry":{"type":"Point","coordinates":[-105.4749,43.3488]},"properties":{"api":"4900948106","name":"RU JFW FED 14-113972-1XPH","op":"DEVON ENERGY PRODUCTION COMPANY LP","co":"Converse","trs":"T39N R72W S14","fm":"PARKMAN","eur":392219,"perft":39383,"sound":true}},{"type":"Feature","geometry":{"type":"Point","coordinates":[-105.4351,43.2456]},"properties":{"api":"4900948107","name":"CWDU TILLARD FED 19-073871-1XPH","op":"DEVON ENERGY PRODUCTION COMPANY LP","co":"Converse","trs":"T38N R71W S30","fm":"PARKMAN","eur":790472,"perft":56531,"sound":true}},{"type":"Feature","geometry":{"type":"Point","coordinates":[-105.4751,43.3487]},"properties":{"api":"4900948144","name":"RU JFW FED 23-263972-1XPH","op":"DEVON ENERGY PRODUCTION COMPANY LP","co":"Converse","trs":"T39N R72W S14","fm":"PARKMAN","eur":702133,"perft":70715,"sound":true}},{"type":"Feature","geometry":{"type":"Point","coordinates":[-105.466,43.3782]},"properties":{"api":"4900948162","name":"RU JFW FED 02-354072-3XPH","op":"DEVON ENERGY PRODUCTION COMPANY LP","co":"Converse","trs":"T39N R72W S2","fm":"PARKMAN","eur":655683,"perft":69487,"sound":true}},{"type":"Feature","geometry":{"type":"Point","coordinates":[-105.0158,43.0881]},"properties":{"api":"4900948179","name":"RANKIN FED 22-273668-2XTPH","op":"DEVON ENERGY PRODUCTION COMPANY LP","co":"Converse","trs":"T36N R68W S22","fm":"TEAPOT","eur":312010,"perft":32923,"sound":true}},{"type":"Feature","geometry":{"type":"Point","coordinates":[-104.9311,42.8834]},"properties":{"api":"4900948180","name":"BARTON 32-34-67 USA A 2H","op":"CONTINENTAL RESOURCES INC","co":"Converse","trs":"T34N R67W S32","fm":"NIOBRARA","eur":667216,"perft":75588,"sound":true}},{"type":"Feature","geometry":{"type":"Point","coordinates":[-104.931,42.8834]},"properties":{"api":"4900948181","name":"BARTON 32-34-67 USA A 4H","op":"CONTINENTAL RESOURCES INC","co":"Converse","trs":"T34N R67W S32","fm":"NIOBRARA","eur":null,"perft":null,"sound":false}},{"type":"Feature","geometry":{"type":"Point","coordinates":[-105.4437,43.4464]},"properties":{"api":"4900948221","name":"TOPAZ 1324-03H","op":"EOG RESOURCES INC","co":"Converse","trs":"T40N R72W S13","fm":"PARKMAN","eur":null,"perft":null,"sound":false}},{"type":"Feature","geometry":{"type":"Point","coordinates":[-105.8731,43.3591]},"properties":{"api":"4900948241","name":"ASPEN 16W21-1NH","op":"SAGE BUTTE PRB OPERATING, LLC","co":"Converse","trs":"T39N R75W S16","fm":"NIOBRARA","eur":495967,"perft":49267,"sound":true}},{"type":"Feature","geometry":{"type":"Point","coordinates":[-105.0811,43.1187]},"properties":{"api":"4900948271","name":"SHU DOWNS FED 01-253769-5XNH","op":"DEVON ENERGY PRODUCTION COMPANY LP","co":"Converse","trs":"T36N R69W S1","fm":"NIOBRARA","eur":1206715,"perft":83998,"sound":true}},{"type":"Feature","geometry":{"type":"Point","coordinates":[-105.0813,43.1187]},"properties":{"api":"4900948272","name":"SHU DOWNS FED 01-253769-1XNH","op":"DEVON ENERGY PRODUCTION COMPANY LP","co":"Converse","trs":"T36N R69W S1","fm":"NIOBRARA","eur":1181030,"perft":80738,"sound":true}},{"type":"Feature","geometry":{"type":"Point","coordinates":[-105.5285,43.3012]},"properties":{"api":"4900948273","name":"HARDY FED 32-293972-3XTLH","op":null,"co":"Converse","trs":null,"fm":null,"eur":202237,"perft":null,"sound":true}},{"type":"Feature","geometry":{"type":"Point","coordinates":[-105.5285,43.3013]},"properties":{"api":"4900948274","name":"HARDY FED 32-293972-1XTLH","op":null,"co":"Converse","trs":null,"fm":null,"eur":207874,"perft":null,"sound":true}},{"type":"Feature","geometry":{"type":"Point","coordinates":[-105.9889,42.9976]},"properties":{"api":"4900948284","name":"BFU 44-17D","op":"SOUTHWESTERN PRODUCTION CORPORATION","co":"Converse","trs":"T35N R76W S17","fm":"SHANNON","eur":65170,"perft":null,"sound":true}},{"type":"Feature","geometry":{"type":"Point","coordinates":[-105.5477,43.302]},"properties":{"api":"4900948302","name":"HARDY FED 31-303972-3XTH","op":"DEVON ENERGY PRODUCTION COMPANY LP","co":"Converse","trs":"T38N R72W S6","fm":"TURNER","eur":78915,"perft":7780,"sound":true}},{"type":"Feature","geometry":{"type":"Point","coordinates":[-105.5479,43.302]},"properties":{"api":"4900948314","name":"HARDY FED 31-303972-1XTH","op":"DEVON ENERGY PRODUCTION COMPANY LP","co":"Converse","trs":"T38N R72W S6","fm":"TURNER","eur":null,"perft":null,"sound":false}},{"type":"Feature","geometry":{"type":"Point","coordinates":[-105.8086,43.3587]},"properties":{"api":"4900948318","name":"ASPEN 13W24-6NH","op":"SAGE BUTTE PRB OPERATING, LLC","co":"Converse","trs":"T39N R75W S13","fm":"NIOBRARA","eur":326143,"perft":40151,"sound":true}},{"type":"Feature","geometry":{"type":"Point","coordinates":[-105.8085,43.3587]},"properties":{"api":"4900948319","name":"ASPEN 13W24-8NH","op":"SAGE BUTTE PRB OPERATING, LLC","co":"Converse","trs":"T39N R75W S13","fm":"NIOBRARA","eur":307622,"perft":32681,"sound":true}},{"type":"Feature","geometry":{"type":"Point","coordinates":[-105.873,43.3591]},"properties":{"api":"4900948326","name":"ASPEN  16W21-4NH","op":"SAGE BUTTE PRB OPERATING, LLC","co":"Converse","trs":"T39N R75W S16","fm":"NIOBRARA","eur":433819,"perft":44371,"sound":true}},{"type":"Feature","geometry":{"type":"Point","coordinates":[-105.345,43.2162]},"properties":{"api":"4900948348","name":"Shelden TILLARD FED 02-113771-5XNH","op":"DEVON ENERGY PRODUCTION COMPANY LP","co":"Converse","trs":"T37N R71W S2","fm":null,"eur":null,"perft":null,"sound":false}},{"type":"Feature","geometry":{"type":"Point","coordinates":[-105.3453,43.2164]},"properties":{"api":"4900948350","name":"SDU TILLARD FED 02-113771-1XNH","op":"DEVON ENERGY PRODUCTION COMPANY LP","co":"Converse","trs":"T37N R71W S2","fm":null,"eur":null,"perft":null,"sound":false}},{"type":"Feature","geometry":{"type":"Point","coordinates":[-105.3452,43.2163]},"properties":{"api":"4900948351","name":"SDU TILLARD FED 02-113771-3XNH","op":"DEVON ENERGY PRODUCTION COMPANY LP","co":"Converse","trs":"T37N R71W S2","fm":null,"eur":null,"perft":null,"sound":false}},{"type":"Feature","geometry":{"type":"Point","coordinates":[-105.3973,43.2893]},"properties":{"api":"4900948354","name":"CWDU DILTS FED 04-283971-1XPH","op":"DEVON ENERGY PRODUCTION COMPANY LP","co":"Converse","trs":"T38N R71W S9","fm":"PARKMAN","eur":464934,"perft":43452,"sound":true}},{"type":"Feature","geometry":{"type":"Point","coordinates":[-105.8998,43.359]},"properties":{"api":"4900948356","name":"ASPEN 18E06-8NH","op":"SAGE BUTTE PRB OPERATING, LLC","co":"Converse","trs":"T39N R75W S18","fm":"NIOBRARA","eur":409411,"perft":43150,"sound":true}},{"type":"Feature","geometry":{"type":"Point","coordinates":[-105.8997,43.359]},"properties":{"api":"4900948358","name":"ASPEN 18E19-8NH","op":"SAGE BUTTE PRB OPERATING, LLC","co":"Converse","trs":"T39N R75W S18","fm":"NIOBRARA","eur":464316,"perft":47887,"sound":true}},{"type":"Feature","geometry":{"type":"Point","coordinates":[-105.8548,43.1872]},"properties":{"api":"4900948381","name":"JUNO 409 15-22H","op":"CONTINENTAL RESOURCES INC","co":"Converse","trs":"T37N R75W S10","fm":"FRONTIER","eur":251283,"perft":25765,"sound":true}},{"type":"Feature","geometry":{"type":"Point","coordinates":[-105.3974,43.2892]},"properties":{"api":"4900948393","name":"CWDU DILTS FED 09-163871-1XPH","op":"DEVON ENERGY PRODUCTION COMPANY LP","co":"Converse","trs":"T38N R71W S9","fm":"PARKMAN","eur":645106,"perft":66294,"sound":true}},{"type":"Feature","geometry":{"type":"Point","coordinates":[-105.4681,43.4653]},"properties":{"api":"4900948405","name":"PERIDOT 1114-01H","op":"EOG RESOURCES INC","co":"Converse","trs":"T40N R72W S2","fm":"TURNER","eur":349684,"perft":35325,"sound":true}},{"type":"Feature","geometry":{"type":"Point","coordinates":[-105.468,43.4653]},"properties":{"api":"4900948406","name":"PERIDOT 1114-02H","op":"EOG RESOURCES INC","co":"Converse","trs":"T40N R72W S2","fm":"TURNER","eur":510136,"perft":54883,"sound":true}},{"type":"Feature","geometry":{"type":"Point","coordinates":[-105.4678,43.4653]},"properties":{"api":"4900948407","name":"PERIDOT 1114-03H","op":"EOG RESOURCES INC","co":"Converse","trs":"T40N R72W S2","fm":"TURNER","eur":527145,"perft":52562,"sound":true}},{"type":"Feature","geometry":{"type":"Point","coordinates":[-104.9506,42.9263]},"properties":{"api":"4900948414","name":"Emerald Fed 3467-1819 3NH","op":"CONTINENTAL RESOURCES INC","co":"Converse","trs":"T34N R67W S18","fm":"NIOBRARA","eur":814013,"perft":77034,"sound":true}},{"type":"Feature","geometry":{"type":"Point","coordinates":[-104.9506,42.9264]},"properties":{"api":"4900948416","name":"Emerald Fed 3467-1819 2NH","op":"CONTINENTAL RESOURCES INC","co":"Converse","trs":"T34N R67W S18","fm":"NIOBRARA","eur":650057,"perft":61239,"sound":true}},{"type":"Feature","geometry":{"type":"Point","coordinates":[-104.9506,42.9268]},"properties":{"api":"4900948417","name":"SAPPHIRE FED 3467-0706 2NH","op":"CONTINENTAL RESOURCES INC","co":"Converse","trs":"T34N R67W S18","fm":"NIOBRARA","eur":528454,"perft":51880,"sound":true}},{"type":"Feature","geometry":{"type":"Point","coordinates":[-104.9506,42.9269]},"properties":{"api":"4900948418","name":"SAPPHIRE FED 3467-0706 1NH","op":"CONTINENTAL RESOURCES INC","co":"Converse","trs":"T34N R67W S18","fm":"NIOBRARA","eur":436966,"perft":42937,"sound":true}},{"type":"Feature","geometry":{"type":"Point","coordinates":[-104.9506,42.9265]},"properties":{"api":"4900948419","name":"Emerald Fed 3467-1819 1NH","op":"CONTINENTAL RESOURCES INC","co":"Converse","trs":"T34N R67W S18","fm":"NIOBRARA","eur":753776,"perft":72485,"sound":true}},{"type":"Feature","geometry":{"type":"Point","coordinates":[-105.444,43.4464]},"properties":{"api":"4900948427","name":"EMERALD 1301-04H","op":"EOG RESOURCES INC","co":"Converse","trs":"T40N R72W S13","fm":"PARKMAN","eur":277557,"perft":28786,"sound":true}},{"type":"Feature","geometry":{"type":"Point","coordinates":[-105.863,43.2437]},"properties":{"api":"4900948444","name":"JUNIPER 21E33-6NH","op":"SAGE BUTTE PRB OPERATING, LLC","co":"Converse","trs":"T38N R75W S21","fm":"NIOBRARA","eur":698226,"perft":70742,"sound":true}},{"type":"Feature","geometry":{"type":"Point","coordinates":[-105.8629,43.2437]},"properties":{"api":"4900948445","name":"JUNIPER 21E33-8NH","op":"SAGE BUTTE PRB OPERATING, LLC","co":"Converse","trs":"T38N R75W S21","fm":"NIOBRARA","eur":447777,"perft":45294,"sound":true}},{"type":"Feature","geometry":{"type":"Point","coordinates":[-105.8518,43.3599]},"properties":{"api":"4900948449","name":"ASPEN 10W03-4NH","op":"SAGE BUTTE PRB OPERATING, LLC","co":"Converse","trs":"T39N R75W S10","fm":"NIOBRARA","eur":null,"perft":null,"sound":false}},{"type":"Feature","geometry":{"type":"Point","coordinates":[-105.1554,43.0868]},"properties":{"api":"4900948497","name":"CHIP FED 1H","op":"PRIMA EXPLORATION INC","co":"Converse","trs":"T36N R69W S21","fm":"TEAPOT","eur":95344,"perft":23334,"sound":true}},{"type":"Feature","geometry":{"type":"Point","coordinates":[-105.3099,42.9249]},"properties":{"api":"4900948549","name":"JEWEL FED  3471-1201 3PH","op":"CONTINENTAL RESOURCES INC","co":"Converse","trs":"T34N R70W S18","fm":"PARKMAN","eur":null,"perft":null,"sound":false}},{"type":"Feature","geometry":{"type":"Point","coordinates":[-105.5717,43.2719]},"properties":{"api":"4900948558","name":"HARDY FED 3873-1324 1TH","op":"CONTINENTAL RESOURCES INC","co":"Converse","trs":"T38N R73W S13","fm":"FRONTIER","eur":null,"perft":null,"sound":false}},{"type":"Feature","geometry":{"type":"Point","coordinates":[-105.5715,43.2718]},"properties":{"api":"4900948559","name":"HARDY FED 3873-1324 3TH","op":"CONTINENTAL RESOURCES INC","co":"Converse","trs":"T38N R73W S13","fm":"FRONTIER","eur":543042,"perft":71802,"sound":true}},{"type":"Feature","geometry":{"type":"Point","coordinates":[-105.5715,43.2717]},"properties":{"api":"4900948560","name":"CAT FED 3873-1201 1TH","op":"CONTINENTAL RESOURCES INC","co":"Converse","trs":"T38N R73W S13","fm":"TURNER","eur":341645,"perft":33937,"sound":true}},{"type":"Feature","geometry":{"type":"Point","coordinates":[-105.5716,43.2716]},"properties":{"api":"4900948561","name":"CAT FED 3873-1201 3TH","op":"CONTINENTAL RESOURCES INC","co":"Converse","trs":"T38N R73W S13","fm":"TURNER","eur":340465,"perft":33699,"sound":true}},{"type":"Feature","geometry":{"type":"Point","coordinates":[-105.593,43.3015]},"properties":{"api":"4900948562","name":"HARDY FED 3873-0211 1FH","op":"CONTINENTAL RESOURCES INC","co":"Converse","trs":"T38N R73W S2","fm":"FRONTIER","eur":null,"perft":null,"sound":false}},{"type":"Feature","geometry":{"type":"Point","coordinates":[-105.5929,43.3015]},"properties":{"api":"4900948563","name":"HARDY FED 3873-0211 3FH","op":"CONTINENTAL RESOURCES INC","co":"Converse","trs":"T38N R73W S2","fm":"FRONTIER","eur":null,"perft":null,"sound":false}},{"type":"Feature","geometry":{"type":"Point","coordinates":[-105.547,43.2599]},"properties":{"api":"4900948568","name":"REYNOLDS FED 3872-1930 3TH","op":"CONTINENTAL RESOURCES INC","co":"Converse","trs":"T38N R72W S18","fm":"FRONTIER-TURNER","eur":464274,"perft":45437,"sound":true}},{"type":"Feature","geometry":{"type":"Point","coordinates":[-105.8813,42.8324]},"properties":{"api":"4900948569","name":"SGBU  227 RDP 3","op":"BIG MUDDY OPERATING LLC","co":"Converse","trs":"T33N R75W S17","fm":"UPPER MUDDY","eur":1901,"perft":null,"sound":true}},{"type":"Feature","geometry":{"type":"Point","coordinates":[-105.5247,43.2602]},"properties":{"api":"4900948595","name":"PHELPS FED 3872-2029 3FH","op":"CONTINENTAL RESOURCES INC","co":"Converse","trs":"T38N R72W S17","fm":"FRONTIER","eur":307467,"perft":30188,"sound":true}},{"type":"Feature","geometry":{"type":"Point","coordinates":[-105.3667,43.1869]},"properties":{"api":"4900948596","name":"SDU TILLARD FED 10-033771-3XPH","op":"DEVON ENERGY PRODUCTION COMPANY LP","co":"Converse","trs":"T37N R71W S15","fm":"PARKMAN","eur":367830,"perft":35267,"sound":true}},{"type":"Feature","geometry":{"type":"Point","coordinates":[-105.3667,43.187]},"properties":{"api":"4900948597","name":"SDU TILLARD FED 10-033771-1XPH","op":"DEVON ENERGY PRODUCTION COMPANY LP","co":"Converse","trs":"T37N R71W S15","fm":"PARKMAN","eur":359446,"perft":34759,"sound":true}},{"type":"Feature","geometry":{"type":"Point","coordinates":[-105.5359,43.2608]},"properties":{"api":"4900948598","name":"PHELPS FED 3872-2029 1FH","op":"CONTINENTAL RESOURCES INC","co":"Converse","trs":"T38N R72W S17","fm":"FRONTIER-TURNER","eur":344932,"perft":33910,"sound":true}},{"type":"Feature","geometry":{"type":"Point","coordinates":[-105.3634,43.2485]},"properties":{"api":"4900948602","name":"INOT 1-22-15TH","op":"PEAK POWDER RIVER RESOURCES LLC","co":"Converse","trs":"T38N R71W S22","fm":"FRONTIER-TURNER","eur":630352,"perft":68242,"sound":true}},{"type":"Feature","geometry":{"type":"Point","coordinates":[-105.3162,43.2793]},"properties":{"api":"4900948610","name":"CWDU JRJ FED 07-063870-1XNH","op":"DEVON ENERGY PRODUCTION COMPANY LP","co":"Converse","trs":"T38N R70W S7","fm":"NIOBRARA","eur":499449,"perft":49667,"sound":true}},{"type":"Feature","geometry":{"type":"Point","coordinates":[-105.4505,43.0727]},"properties":{"api":"4900948622","name":"MOKI FED 3672-24-36-6W NH","op":"ANSCHUTZ EXPLORATION CORPORATION","co":"Converse","trs":"T36N R72W S24","fm":"NIOBRARA","eur":344873,"perft":47069,"sound":true}},{"type":"Feature","geometry":{"type":"Point","coordinates":[-105.4506,43.0727]},"properties":{"api":"4900948623","name":"MOKI FED 3672-24-36-5W NH","op":"ANSCHUTZ EXPLORATION CORPORATION","co":"Converse","trs":"T36N R72W S24","fm":"NIOBRARA","eur":412216,"perft":55161,"sound":true}},{"type":"Feature","geometry":{"type":"Point","coordinates":[-105.4507,43.0726]},"properties":{"api":"4900948624","name":"MOKI FED 3672-24-36-5 TH","op":"ANSCHUTZ EXPLORATION CORPORATION","co":"Converse","trs":"T36N R72W S24","fm":null,"eur":null,"perft":null,"sound":false}},{"type":"Feature","geometry":{"type":"Point","coordinates":[-105.4402,43.0741]},"properties":{"api":"4900948625","name":"CLEO FED 3672-24-36-8W NH","op":"ANSCHUTZ EXPLORATION CORPORATION","co":"Converse","trs":"T36N R72W S24","fm":"NIOBRARA","eur":298692,"perft":40206,"sound":true}},{"type":"Feature","geometry":{"type":"Point","coordinates":[-105.4403,43.0741]},"properties":{"api":"4900948627","name":"CLEO FED 3672-24-36-7 TH","op":"ANSCHUTZ EXPLORATION CORPORATION","co":"Converse","trs":"T36N R72W S24","fm":null,"eur":null,"perft":null,"sound":false}},{"type":"Feature","geometry":{"type":"Point","coordinates":[-105.0849,43.0034]},"properties":{"api":"4900948628","name":"EH FED UNIVERSE E 3569-25-T1XH","op":"ANADARKO E&P ONSHORE LLC","co":"Converse","trs":"T35N R69W S13","fm":"TURNER","eur":808045,"perft":76490,"sound":true}},{"type":"Feature","geometry":{"type":"Point","coordinates":[-105.8368,43.4188]},"properties":{"api":"4900948629","name":"SPRUCE 23W14-1NH","op":"SAGE BUTTE PRB OPERATING, LLC","co":"Converse","trs":"T40N R75W S23","fm":"NIOBRARA","eur":512389,"perft":52905,"sound":true}},{"type":"Feature","geometry":{"type":"Point","coordinates":[-105.3205,43.0453]},"properties":{"api":"4900948641","name":"Kai Fed 3671-36-25-1 TH","op":"ANSCHUTZ EXPLORATION CORPORATION","co":"Converse","trs":"T36N R71W S36","fm":"TURNER","eur":1215870,"perft":120514,"sound":true}},{"type":"Feature","geometry":{"type":"Point","coordinates":[-105.3204,43.0453]},"properties":{"api":"4900948642","name":"Kai Fed 3671-36-25-1E NH","op":"ANSCHUTZ EXPLORATION CORPORATION","co":"Converse","trs":"T36N R71W S36","fm":"NIOBRARA","eur":646218,"perft":63679,"sound":true}},{"type":"Feature","geometry":{"type":"Point","coordinates":[-105.3206,43.0452]},"properties":{"api":"4900948643","name":"Kai Fed 3671-36-25-2E NH","op":"ANSCHUTZ EXPLORATION CORPORATION","co":"Converse","trs":"T36N R71W S36","fm":"NIOBRARA","eur":337114,"perft":33109,"sound":true}},{"type":"Feature","geometry":{"type":"Point","coordinates":[-105.3327,43.0447]},"properties":{"api":"4900948644","name":"KYRA FED  3671-36-25-3 TH","op":"ANSCHUTZ EXPLORATION CORPORATION","co":"Converse","trs":"T36N R71W S36","fm":"TURNER","eur":976103,"perft":95192,"sound":true}},{"type":"Feature","geometry":{"type":"Point","coordinates":[-105.3325,43.0447]},"properties":{"api":"4900948645","name":"KYRA FED 3671-36-25-3E NH","op":"ANSCHUTZ EXPLORATION CORPORATION","co":"Converse","trs":"T36N R71W S36","fm":"NIOBRARA","eur":286003,"perft":28004,"sound":true}},{"type":"Feature","geometry":{"type":"Point","coordinates":[-105.3335,43.0434]},"properties":{"api":"4900948646","name":"KYRA FED 3671-36-25-4E NH","op":"ANSCHUTZ EXPLORATION CORPORATION","co":"Converse","trs":"T36N R71W S36","fm":"NIOBRARA","eur":304128,"perft":29541,"sound":true}},{"type":"Feature","geometry":{"type":"Point","coordinates":[-105.8365,43.4188]},"properties":{"api":"4900948647","name":"SPRUCE 23W14-3NH","op":"SAGE BUTTE PRB OPERATING, LLC","co":"Converse","trs":"T40N R75W S23","fm":"NIOBRARA","eur":370790,"perft":37967,"sound":true}},{"type":"Feature","geometry":{"type":"Point","coordinates":[-105.3727,43.0411]},"properties":{"api":"4900948648","name":"JUMBO FED 3571-3-27-3E NH","op":"ANSCHUTZ EXPLORATION CORPORATION","co":"Converse","trs":"T35N R71W S3","fm":"NIOBRARA","eur":455225,"perft":46150,"sound":true}},{"type":"Feature","geometry":{"type":"Point","coordinates":[-105.3728,43.0411]},"properties":{"api":"4900948649","name":"JUMBO FED 3571-3-27-4 TH","op":"ANSCHUTZ EXPLORATION CORPORATION","co":"Converse","trs":"T35N R71W S3","fm":"TURNER","eur":705008,"perft":71314,"sound":true}},{"type":"Feature","geometry":{"type":"Point","coordinates":[-105.3646,43.0401]},"properties":{"api":"4900948652","name":"OAKLEY FED 3571-3-27-2 TH","op":"ANSCHUTZ EXPLORATION CORPORATION","co":"Converse","trs":"T35N R71W S3","fm":"TURNER","eur":null,"perft":null,"sound":false}},{"type":"Feature","geometry":{"type":"Point","coordinates":[-105.3648,43.0401]},"properties":{"api":"4900948653","name":"OAKLEY FED 3571-3-27-2E NH","op":"ANSCHUTZ EXPLORATION CORPORATION","co":"Converse","trs":"T35N R71W S3","fm":"NIOBRARA","eur":472385,"perft":45979,"sound":true}},{"type":"Feature","geometry":{"type":"Point","coordinates":[-105.2484,42.9685]},"properties":{"api":"4900948664","name":"LUND 3470-3-T2H","op":"ANADARKO E&P ONSHORE LLC","co":"Converse","trs":"T35N R70W S34","fm":"TURNER","eur":336696,"perft":34512,"sound":true}},{"type":"Feature","geometry":{"type":"Point","coordinates":[-105.2486,42.9685]},"properties":{"api":"4900948667","name":"LUND 3470-3-N2H","op":"ANADARKO E&P ONSHORE LLC","co":"Converse","trs":"T35N R70W S34","fm":"NIOBRARA","eur":325418,"perft":31773,"sound":true}},{"type":"Feature","geometry":{"type":"Point","coordinates":[-105.2487,42.9685]},"properties":{"api":"4900948674","name":"LUND 3470-3-N1H","op":"ANADARKO E&P ONSHORE LLC","co":"Converse","trs":"T35N R70W S34","fm":"NIOBRARA","eur":371930,"perft":36268,"sound":true}},{"type":"Feature","geometry":{"type":"Point","coordinates":[-105.2483,42.9685]},"properties":{"api":"4900948675","name":"LUND 3470-3-T1H","op":"ANADARKO E&P ONSHORE LLC","co":"Converse","trs":"T35N R70W S34","fm":"TURNER","eur":325125,"perft":32102,"sound":true}},{"type":"Feature","geometry":{"type":"Point","coordinates":[-105.2484,42.9685]},"properties":{"api":"4900948680","name":"LUND 3470-3-N4H","op":"ANADARKO E&P ONSHORE LLC","co":"Converse","trs":"T35N R70W S34","fm":"NIOBRARA","eur":330114,"perft":34560,"sound":true}},{"type":"Feature","geometry":{"type":"Point","coordinates":[-105.2485,42.9685]},"properties":{"api":"4900948681","name":"LUND 3470-3-N3H","op":"ANADARKO E&P ONSHORE LLC","co":"Converse","trs":"T35N R70W S34","fm":"NIOBRARA","eur":299309,"perft":30344,"sound":true}},{"type":"Feature","geometry":{"type":"Point","coordinates":[-105.0651,43.1171]},"properties":{"api":"4900948691","name":"SHU DOWNS FED 05-293768-1XNH","op":"DEVON ENERGY PRODUCTION COMPANY LP","co":"Converse","trs":"T36N R68W S7","fm":"NIOBRARA","eur":773256,"perft":51585,"sound":true}},{"type":"Feature","geometry":{"type":"Point","coordinates":[-105.8932,43.416]},"properties":{"api":"4900948692","name":"SPRUCE 29W17-2NH","op":"SAGE BUTTE PRB OPERATING, LLC","co":"Converse","trs":"T40N R75W S29","fm":"NIOBRARA","eur":null,"perft":null,"sound":false}},{"type":"Feature","geometry":{"type":"Point","coordinates":[-105.8367,43.4187]},"properties":{"api":"4900948694","name":"SPRUCE 23W14-1SUH","op":"SAGE BUTTE PRB OPERATING, LLC","co":"Converse","trs":"T40N R75W S23","fm":"SUSSEX","eur":709482,"perft":76659,"sound":true}},{"type":"Feature","geometry":{"type":"Point","coordinates":[-105.0653,43.1173]},"properties":{"api":"4900948695","name":"SHU DOWNS FED 06-303768-3XNH","op":"DEVON ENERGY PRODUCTION COMPANY LP","co":"Converse","trs":"T36N R68W S7","fm":"NIOBRARA","eur":900391,"perft":60845,"sound":true}},{"type":"Feature","geometry":{"type":"Point","coordinates":[-105.0652,43.1172]},"properties":{"api":"4900948696","name":"SHU DOWNS FED 06-303768-5XNH","op":"DEVON ENERGY PRODUCTION COMPANY LP","co":"Converse","trs":"T36N R68W S7","fm":"NIOBRARA","eur":651296,"perft":43974,"sound":true}},{"type":"Feature","geometry":{"type":"Point","coordinates":[-104.9869,43.0618]},"properties":{"api":"4900948697","name":"SSU MLT FED 26-143668-1XNH","op":"DEVON ENERGY PRODUCTION COMPANY LP","co":"Converse","trs":"T36N R68W S26","fm":"NIOBRARA","eur":685121,"perft":51774,"sound":true}},{"type":"Feature","geometry":{"type":"Point","coordinates":[-104.9867,43.0618]},"properties":{"api":"4900948698","name":"SSU MLT FED 26-143668-3XNH","op":"DEVON ENERGY PRODUCTION COMPANY LP","co":"Converse","trs":"T36N R68W S26","fm":"NIOBRARA","eur":896861,"perft":61964,"sound":true}},{"type":"Feature","geometry":{"type":"Point","coordinates":[-104.9865,43.0619]},"properties":{"api":"4900948699","name":"SSU MLT FED 26-143668-5XNH","op":"DEVON ENERGY PRODUCTION COMPANY LP","co":"Converse","trs":"T36N R68W S26","fm":"NIOBRARA","eur":867488,"perft":63998,"sound":true}},{"type":"Feature","geometry":{"type":"Point","coordinates":[-105.4506,43.0282]},"properties":{"api":"4900948706","name":"AXEL FED 3572-1-36-10 TH","op":"ANSCHUTZ EXPLORATION CORPORATION","co":"Converse","trs":"T35N R72W S1","fm":"TURNER","eur":null,"perft":null,"sound":false}},{"type":"Feature","geometry":{"type":"Point","coordinates":[-105.4507,43.0281]},"properties":{"api":"4900948707","name":"AXEL FED 3572-1-36-10W NH","op":"ANSCHUTZ EXPLORATION CORPORATION","co":"Converse","trs":"T35N R72W S1","fm":"NIOBRARA","eur":449049,"perft":59296,"sound":true}},{"type":"Feature","geometry":{"type":"Point","coordinates":[-104.9342,42.9586]},"properties":{"api":"4900948708","name":"BU 24-32-35-67-3H","op":"ROCKIES RESOURCES HOLDINGS LLC","co":"Converse","trs":"T34N R67W S5","fm":"TEAPOT","eur":715266,"perft":71341,"sound":true}},{"type":"Feature","geometry":{"type":"Point","coordinates":[-104.9345,42.9582]},"properties":{"api":"4900948709","name":"BU 24-32-35-67-1H","op":"ROCKIES RESOURCES HOLDINGS LLC","co":"Converse","trs":"T34N R67W S5","fm":"TEAPOT","eur":329577,"perft":32817,"sound":true}},{"type":"Feature","geometry":{"type":"Point","coordinates":[-105.3682,42.8937]},"properties":{"api":"4900948717","name":"NWFU 27-34-71  USA A NB 2H","op":"CONTINENTAL RESOURCES INC","co":"Converse","trs":"T34N R71W S27","fm":"NIOBRARA","eur":181518,"perft":18961,"sound":true}},{"type":"Feature","geometry":{"type":"Point","coordinates":[-105.316,43.2792]},"properties":{"api":"4900948718","name":"CWDU JRJ FED 07-063870-3XNH","op":"DEVON ENERGY PRODUCTION COMPANY LP","co":"Converse","trs":"T38N R70W S7","fm":"NIOBRARA","eur":440803,"perft":43331,"sound":true}},{"type":"Feature","geometry":{"type":"Point","coordinates":[-105.6006,43.0449]},"properties":{"api":"4900948722","name":"SPILLMAN DRAW UNIT 36-73 34-1NH","op":"CONTINENTAL RESOURCES INC","co":"Converse","trs":"T36N R73W S34","fm":"NIOBRARA","eur":null,"perft":null,"sound":false}},{"type":"Feature","geometry":{"type":"Point","coordinates":[-105.5578,43.2598]},"properties":{"api":"4900948724","name":"REYNOLDS FED 3872-1930 1MDH","op":"CONTINENTAL RESOURCES INC","co":"Converse","trs":"T38N R72W S18","fm":"MUDDY","eur":463121,"perft":47992,"sound":true}},{"type":"Feature","geometry":{"type":"Point","coordinates":[-105.3839,43.2336]},"properties":{"api":"4900948731","name":"SDU DILTS FED 333871-2PH","op":"DEVON ENERGY PRODUCTION COMPANY LP","co":"Converse","trs":"T38N R71W S28","fm":"PARKMAN","eur":252748,"perft":48391,"sound":true}},{"type":"Feature","geometry":{"type":"Point","coordinates":[-105.3837,43.2336]},"properties":{"api":"4900948732","name":"SDU DILTS FED 333871-4PH","op":"DEVON ENERGY PRODUCTION COMPANY LP","co":"Converse","trs":"T38N R71W S28","fm":"PARKMAN","eur":318689,"perft":63572,"sound":true}},{"type":"Feature","geometry":{"type":"Point","coordinates":[-105.2075,42.896]},"properties":{"api":"4900948741","name":"CLAUSEN 25-34-70 A NB 2H","op":"CONTINENTAL RESOURCES INC","co":"Converse","trs":"T34N R70W S25","fm":"NIOBRARA","eur":287605,"perft":32461,"sound":true}},{"type":"Feature","geometry":{"type":"Point","coordinates":[-105.3732,43.2743]},"properties":{"api":"4900948746","name":"CWDU DILTS FED 10-033871-1XPH","op":"DEVON ENERGY PRODUCTION COMPANY LP","co":"Converse","trs":"T38N R71W S15","fm":"PARKMAN","eur":813165,"perft":82505,"sound":true}},{"type":"Feature","geometry":{"type":"Point","coordinates":[-105.3732,43.2741]},"properties":{"api":"4900948747","name":"CWDU DILTS FED 10-033871-3XPH","op":"DEVON ENERGY PRODUCTION COMPANY LP","co":"Converse","trs":"T38N R71W S15","fm":"PARKMAN","eur":715468,"perft":72526,"sound":true}},{"type":"Feature","geometry":{"type":"Point","coordinates":[-105.8503,43.4155]},"properties":{"api":"4900948750","name":"OGALALLA FED 4075-2215 3SXH","op":"CONTINENTAL RESOURCES INC","co":"Converse","trs":"T40N R75W S27","fm":"SUSSEX","eur":353075,"perft":35460,"sound":true}},{"type":"Feature","geometry":{"type":"Point","coordinates":[-105.8919,43.3294]},"properties":{"api":"4900948751","name":"ASPEN 29W32-1NH","op":"SAGE BUTTE PRB OPERATING, LLC","co":"Converse","trs":"T39N R75W S29","fm":"NIOBRARA","eur":329700,"perft":38620,"sound":true}},{"type":"Feature","geometry":{"type":"Point","coordinates":[-105.8434,43.3581]},"properties":{"api":"4900948769","name":"ASPEN 15E22-5NH","op":"SAGE BUTTE PRB OPERATING, LLC","co":"Converse","trs":"T39N R75W S15","fm":"NIOBRARA","eur":411614,"perft":42796,"sound":true}},{"type":"Feature","geometry":{"type":"Point","coordinates":[-105.8433,43.3581]},"properties":{"api":"4900948770","name":"ASPEN 15E22-7NH","op":"SAGE BUTTE PRB OPERATING, LLC","co":"Converse","trs":"T39N R75W S15","fm":"NIOBRARA","eur":387541,"perft":40002,"sound":true}},{"type":"Feature","geometry":{"type":"Point","coordinates":[-104.9135,42.9998]},"properties":{"api":"4900948774","name":"Landcolt 16-9-35-67-1H","op":"ROCKIES RESOURCES HOLDINGS LLC","co":"Converse","trs":"T35N R67W S21","fm":"TEAPOT","eur":386784,"perft":37957,"sound":true}},{"type":"Feature","geometry":{"type":"Point","coordinates":[-104.913,42.9706]},"properties":{"api":"4900948775","name":"Bronc 33-4-35-67-1H","op":"ROCKIES RESOURCES HOLDINGS LLC","co":"Converse","trs":"T35N R67W S33","fm":"TEAPOT","eur":273432,"perft":27754,"sound":true}},{"type":"Feature","geometry":{"type":"Point","coordinates":[-104.9136,42.9999]},"properties":{"api":"4900948776","name":"Lily 17-8-35-67-1H","op":"ROCKIES RESOURCES HOLDINGS LLC","co":"Converse","trs":"T35N R67W S21","fm":"TEAPOT","eur":329768,"perft":31803,"sound":true}},{"type":"Feature","geometry":{"type":"Point","coordinates":[-104.9465,43.0176]},"properties":{"api":"4900948779","name":"Sheila 7-6-35-67-1H","op":"ROCKIES RESOURCES HOLDINGS LLC","co":"Converse","trs":"T35N R67W S7","fm":"TEAPOT","eur":null,"perft":null,"sound":false}},{"type":"Feature","geometry":{"type":"Point","coordinates":[-105.2098,42.998]},"properties":{"api":"4900948781","name":"HUCKLEBERRY 3570-12-N1H","op":"ANADARKO E&P ONSHORE LLC","co":"Converse","trs":"T35N R70W S24","fm":"NIOBRARA","eur":null,"perft":null,"sound":false}},{"type":"Feature","geometry":{"type":"Point","coordinates":[-105.2097,42.998]},"properties":{"api":"4900948782","name":"HUCKLEBERRY 3570-12-N3H","op":"ANADARKO E&P ONSHORE LLC","co":"Converse","trs":"T35N R70W S24","fm":"NIOBRARA","eur":null,"perft":null,"sound":false}},{"type":"Feature","geometry":{"type":"Point","coordinates":[-105.2093,42.998]},"properties":{"api":"4900948783","name":"HUCKLEBERRY FED 3570-12-N5H","op":"ANADARKO E&P ONSHORE LLC","co":"Converse","trs":"T35N R70W S24","fm":"NIOBRARA","eur":422491,"perft":40632,"sound":true}},{"type":"Feature","geometry":{"type":"Point","coordinates":[-105.2092,42.998]},"properties":{"api":"4900948784","name":"HUCKLEBERRY FED 3570-12-N8H","op":"ANADARKO E&P ONSHORE LLC","co":"Converse","trs":"T35N R70W S24","fm":"NIOBRARA","eur":392314,"perft":38379,"sound":true}},{"type":"Feature","geometry":{"type":"Point","coordinates":[-105.2096,42.998]},"properties":{"api":"4900948785","name":"HUCKLEBERRY 3570-12-T1H","op":"ANADARKO E&P ONSHORE LLC","co":"Converse","trs":"T35N R70W S24","fm":"TURNER","eur":774518,"perft":74145,"sound":true}},{"type":"Feature","geometry":{"type":"Point","coordinates":[-105.2095,42.998]},"properties":{"api":"4900948787","name":"HUCKLEBERRY FED 3570-25-N1H","op":"ANADARKO E&P ONSHORE LLC","co":"Converse","trs":"T35N R70W S24","fm":"NIOBRARA","eur":340490,"perft":36142,"sound":true}},{"type":"Feature","geometry":{"type":"Point","coordinates":[-105.2094,42.998]},"properties":{"api":"4900948788","name":"HUCKLEBERRY 3570-25-N3H","op":"ANADARKO E&P ONSHORE LLC","co":"Converse","trs":"T35N R70W S24","fm":"NIOBRARA","eur":341433,"perft":34353,"sound":true}},{"type":"Feature","geometry":{"type":"Point","coordinates":[-105.209,42.998]},"properties":{"api":"4900948789","name":"HUCKLEBERRY FED 3570-25-N5H","op":"ANADARKO E&P ONSHORE LLC","co":"Converse","trs":"T35N R70W S24","fm":"NIOBRARA","eur":333583,"perft":33590,"sound":true}},{"type":"Feature","geometry":{"type":"Point","coordinates":[-105.209,42.998]},"properties":{"api":"4900948790","name":"HUCKLEBERRY FED 3570-25-N8H","op":"ANADARKO E&P ONSHORE LLC","co":"Converse","trs":"T35N R70W S24","fm":"NIOBRARA","eur":456575,"perft":44815,"sound":true}},{"type":"Feature","geometry":{"type":"Point","coordinates":[-105.2091,42.998]},"properties":{"api":"4900948792","name":"HUCKLEBERRY  3570-25-T4H","op":"ANADARKO E&P ONSHORE LLC","co":"Converse","trs":"T35N R70W S24","fm":"TURNER","eur":694579,"perft":69653,"sound":true}},{"type":"Feature","geometry":{"type":"Point","coordinates":[-105.5508,43.2021]},"properties":{"api":"4900948793","name":"SKUNK CREEK FED 3772-0718 3FH","op":"CONTINENTAL RESOURCES INC","co":"Converse","trs":"T37N R72W S6","fm":"FRONTIER","eur":149003,"perft":14692,"sound":true}},{"type":"Feature","geometry":{"type":"Point","coordinates":[-105.606,43.1852]},"properties":{"api":"4900948796","name":"CITRA FED 3773-1003 3FH","op":"CONTINENTAL RESOURCES INC","co":"Converse","trs":"T37N R73W S15","fm":"FRONTIER-TURNER","eur":407471,"perft":38682,"sound":true}},{"type":"Feature","geometry":{"type":"Point","coordinates":[-105.3831,43.0442]},"properties":{"api":"4900948798","name":"ABBEY FED 3671-33-9-15 SXH","op":"ANSCHUTZ EXPLORATION CORPORATION","co":"Converse","trs":"T36N R71W S33","fm":"SUSSEX","eur":528441,"perft":51803,"sound":true}},{"type":"Feature","geometry":{"type":"Point","coordinates":[-105.3832,43.0442]},"properties":{"api":"4900948799","name":"ABBEY FED 3671-33-9-14E NH","op":"ANSCHUTZ EXPLORATION CORPORATION","co":"Converse","trs":"T36N R71W S33","fm":"NIOBRARA","eur":471995,"perft":46269,"sound":true}},{"type":"Feature","geometry":{"type":"Point","coordinates":[-105.383,43.0442]},"properties":{"api":"4900948800","name":"ABBEY FED 3671-33-9-15E NH","op":"ANSCHUTZ EXPLORATION CORPORATION","co":"Converse","trs":"T36N R71W S33","fm":"NIOBRARA","eur":462303,"perft":45449,"sound":true}},{"type":"Feature","geometry":{"type":"Point","coordinates":[-105.8519,43.3599]},"properties":{"api":"4900948811","name":"ASPEN 10W03-2NH","op":"SAGE BUTTE PRB OPERATING, LLC","co":"Converse","trs":"T39N R75W S10","fm":"NIOBRARA","eur":null,"perft":null,"sound":false}},{"type":"Feature","geometry":{"type":"Point","coordinates":[-105.6781,43.2743]},"properties":{"api":"4900948816","name":"RUSSELL FEDERAL 3873-0706 3NH","op":"CONTINENTAL RESOURCES INC","co":"Converse","trs":"T38N R73W S7","fm":"NIOBRARA","eur":369193,"perft":36146,"sound":true}},{"type":"Feature","geometry":{"type":"Point","coordinates":[-105.364,43.04]},"properties":{"api":"4900948818","name":"OAKLEY FED 3571-3-10-16E NH","op":"ANSCHUTZ EXPLORATION CORPORATION","co":"Converse","trs":"T35N R71W S3","fm":"NIOBRARA","eur":651768,"perft":63144,"sound":true}},{"type":"Feature","geometry":{"type":"Point","coordinates":[-105.3642,43.04]},"properties":{"api":"4900948819","name":"OAKLEY FED 3571-3-10-15 PH","op":"ANSCHUTZ EXPLORATION CORPORATION","co":"Converse","trs":"T35N R71W S3","fm":"PARKMAN","eur":302703,"perft":32778,"sound":true}},{"type":"Feature","geometry":{"type":"Point","coordinates":[-105.3643,43.04]},"properties":{"api":"4900948820","name":"OAKLEY FED 3571-3-10-15E NH","op":"ANSCHUTZ EXPLORATION CORPORATION","co":"Converse","trs":"T35N R71W S3","fm":"NIOBRARA","eur":434701,"perft":42024,"sound":true}},{"type":"Feature","geometry":{"type":"Point","coordinates":[-105.3641,43.04]},"properties":{"api":"4900948821","name":"OAKLEY FED 3571-3-27-2 PH","op":"ANSCHUTZ EXPLORATION CORPORATION","co":"Converse","trs":"T35N R71W S3","fm":"PARKMAN","eur":307993,"perft":29249,"sound":true}},{"type":"Feature","geometry":{"type":"Point","coordinates":[-105.3643,43.04]},"properties":{"api":"4900948822","name":"OAKLEY FED 3571-3-27-3 PH","op":"ANSCHUTZ EXPLORATION CORPORATION","co":"Converse","trs":"T35N R71W S3","fm":"PARKMAN","eur":340267,"perft":33330,"sound":true}},{"type":"Feature","geometry":{"type":"Point","coordinates":[-105.3724,43.041]},"properties":{"api":"4900948823","name":"JUMBO FED 3571-3-10-14E NH","op":"ANSCHUTZ EXPLORATION CORPORATION","co":"Converse","trs":"T35N R71W S3","fm":"NIOBRARA","eur":449976,"perft":44055,"sound":true}},{"type":"Feature","geometry":{"type":"Point","coordinates":[-105.3724,43.041]},"properties":{"api":"4900948824","name":"JUMBO FED 3571-3-10-13E NH","op":"ANSCHUTZ EXPLORATION CORPORATION","co":"Converse","trs":"T35N R71W S3","fm":"NIOBRARA","eur":543662,"perft":53337,"sound":true}},{"type":"Feature","geometry":{"type":"Point","coordinates":[-105.8532,43.246]},"properties":{"api":"4900948825","name":"JUNIPER 22W15-4NH","op":"SAGE BUTTE PRB OPERATING, LLC","co":"Converse","trs":"T38N R75W S22","fm":"NIOBRARA","eur":438868,"perft":59799,"sound":true}},{"type":"Feature","geometry":{"type":"Point","coordinates":[-105.8533,43.246]},"properties":{"api":"4900948826","name":"JUNIPER 22W15-2NH","op":"SAGE BUTTE PRB OPERATING, LLC","co":"Converse","trs":"T38N R75W S22","fm":"NIOBRARA","eur":616626,"perft":63257,"sound":true}},{"type":"Feature","geometry":{"type":"Point","coordinates":[-105.4452,43.3906]},"properties":{"api":"4900948829","name":"RU PRCC FED 36-254072-3XPH","op":"DEVON ENERGY PRODUCTION COMPANY LP","co":"Converse","trs":"T39N R72W S1","fm":"PARKMAN","eur":655984,"perft":64789,"sound":true}},{"type":"Feature","geometry":{"type":"Point","coordinates":[-105.8918,43.3294]},"properties":{"api":"4900948846","name":"ASPEN 29W32-3NH","op":"SAGE BUTTE PRB OPERATING, LLC","co":"Converse","trs":"T39N R75W S29","fm":"NIOBRARA","eur":315100,"perft":33740,"sound":true}},{"type":"Feature","geometry":{"type":"Point","coordinates":[-105.7448,43.1286]},"properties":{"api":"4900948859","name":"VELA 319 4-9H","op":"CONTINENTAL RESOURCES INC","co":"Converse","trs":"T37N R74W S33","fm":"NIOBRARA","eur":null,"perft":null,"sound":false}},{"type":"Feature","geometry":{"type":"Point","coordinates":[-105.1491,43.0145]},"properties":{"api":"4900948865","name":"WOODY FED 3569-4-M3H","op":"ANADARKO E&P ONSHORE LLC","co":"Converse","trs":"T35N R69W S16","fm":"MOWRY","eur":346802,"perft":35624,"sound":true}},{"type":"Feature","geometry":{"type":"Point","coordinates":[-105.6782,43.2743]},"properties":{"api":"4900948873","name":"RUSSELL FEDERAL 3873-0706 1NH","op":"CONTINENTAL RESOURCES INC","co":"Converse","trs":"T38N R73W S7","fm":"NIOBRARA","eur":708627,"perft":69161,"sound":true}},{"type":"Feature","geometry":{"type":"Point","coordinates":[-104.9463,43.0176]},"properties":{"api":"4900948878","name":"Sheila 7-6-35-67-2H","op":"ROCKIES RESOURCES HOLDINGS LLC","co":"Converse","trs":"T35N R67W S7","fm":"TEAPOT","eur":380544,"perft":38630,"sound":true}},{"type":"Feature","geometry":{"type":"Point","coordinates":[-105.6646,43.13]},"properties":{"api":"4900948881","name":"NEWCASTLE FED 3673-0607 3NH","op":"CONTINENTAL RESOURCES INC","co":"Converse","trs":"T37N R73W S31","fm":"NIOBARARA","eur":691242,"perft":66332,"sound":true}},{"type":"Feature","geometry":{"type":"Point","coordinates":[-105.6646,43.1301]},"properties":{"api":"4900948882","name":"NEWCASTLE FED 3673-0607 4NH","op":"CONTINENTAL RESOURCES INC","co":"Converse","trs":"T37N R73W S31","fm":"NIOBRARA","eur":null,"perft":null,"sound":false}},{"type":"Feature","geometry":{"type":"Point","coordinates":[-105.6771,43.1285]},"properties":{"api":"4900948884","name":"BIRDSHOT FED 3773-3130 1MH","op":"CONTINENTAL RESOURCES INC","co":"Converse","trs":"T36N R74W S1","fm":"MOWRY","eur":952523,"perft":94272,"sound":true}},{"type":"Feature","geometry":{"type":"Point","coordinates":[-105.677,43.1285]},"properties":{"api":"4900948885","name":"BIRDSHOT FED 3773-3130 1NH","op":"CONTINENTAL RESOURCES INC","co":"Converse","trs":"T36N R74W S1","fm":"NIOBRARA","eur":712117,"perft":69631,"sound":true}},{"type":"Feature","geometry":{"type":"Point","coordinates":[-105.6767,43.1285]},"properties":{"api":"4900948886","name":"NEWCASTLE FED  3673-0607 1NHR","op":"CONTINENTAL RESOURCES INC","co":"Converse","trs":"T36N R74W S1","fm":"NIOBRARA","eur":783346,"perft":75307,"sound":true}},{"type":"Feature","geometry":{"type":"Point","coordinates":[-105.6646,43.1299]},"properties":{"api":"4900948887","name":"BIRDSHOT FED 3773-3130 2NH","op":"CONTINENTAL RESOURCES INC","co":"Converse","trs":"T37N R73W S31","fm":"NIOBRARA","eur":585328,"perft":57167,"sound":true}},{"type":"Feature","geometry":{"type":"Point","coordinates":[-105.6646,43.13]},"properties":{"api":"4900948888","name":"BIRDSHOT FED 3773-3130 3NH","op":"CONTINENTAL RESOURCES INC","co":"Converse","trs":"T37N R73W S31","fm":"NIOBRARA","eur":526933,"perft":51448,"sound":true}},{"type":"Feature","geometry":{"type":"Point","coordinates":[-105.1654,43.0155]},"properties":{"api":"4900948889","name":"WILLIAM FED 3569-5-T1H","op":"ANADARKO E&P ONSHORE LLC","co":"Converse","trs":"T35N R69W S8","fm":"TURNER","eur":413578,"perft":41441,"sound":true}},{"type":"Feature","geometry":{"type":"Point","coordinates":[-105.1654,43.0157]},"properties":{"api":"4900948890","name":"WILLIAM FED 3569-5-N1H","op":"ANADARKO E&P ONSHORE LLC","co":"Converse","trs":"T35N R69W S8","fm":"NIOBRARA","eur":415943,"perft":40608,"sound":true}},{"type":"Feature","geometry":{"type":"Point","coordinates":[-105.1654,43.0156]},"properties":{"api":"4900948891","name":"WILLIAM FED 3569-5-N3H","op":"ANADARKO E&P ONSHORE LLC","co":"Converse","trs":"T35N R69W S8","fm":"NIOBRARA","eur":396632,"perft":38745,"sound":true}},{"type":"Feature","geometry":{"type":"Point","coordinates":[-105.1654,43.0153]},"properties":{"api":"4900948892","name":"WILLIAM FED 3569-5-N5H","op":"ANADARKO E&P ONSHORE LLC","co":"Converse","trs":"T35N R69W S17","fm":"NIOBRARA","eur":403485,"perft":39075,"sound":true}},{"type":"Feature","geometry":{"type":"Point","coordinates":[-105.1654,43.0153]},"properties":{"api":"4900948893","name":"WILLIAM FED 3569-5-N8H","op":"ANADARKO E&P ONSHORE LLC","co":"Converse","trs":"T35N R69W S17","fm":"NIOBRARA","eur":446710,"perft":42887,"sound":true}},{"type":"Feature","geometry":{"type":"Point","coordinates":[-105.1654,43.0154]},"properties":{"api":"4900948894","name":"WILLIAM FED 3569-20-T1H","op":"ANADARKO E&P ONSHORE LLC","co":"Converse","trs":"T35N R69W S17","fm":"TURNER","eur":570751,"perft":55515,"sound":true}},{"type":"Feature","geometry":{"type":"Point","coordinates":[-105.1654,43.0155]},"properties":{"api":"4900948895","name":"WILLIAM FED 3569-20-N1H","op":"ANADARKO E&P ONSHORE LLC","co":"Converse","trs":"T35N R69W S8","fm":"NIOBRARA","eur":715870,"perft":69086,"sound":true}},{"type":"Feature","geometry":{"type":"Point","coordinates":[-105.1654,43.0154]},"properties":{"api":"4900948896","name":"WILLIAM FED 3569-20-N3H","op":"ANADARKO E&P ONSHORE LLC","co":"Converse","trs":"T35N R69W S17","fm":"NIOBRARA","eur":459278,"perft":43749,"sound":true}},{"type":"Feature","geometry":{"type":"Point","coordinates":[-105.1654,43.0152]},"properties":{"api":"4900948897","name":"WILLIAM FED 3569-20-N5H","op":"ANADARKO E&P ONSHORE LLC","co":"Converse","trs":"T35N R69W S17","fm":"NIOBRARA","eur":479724,"perft":47829,"sound":true}},{"type":"Feature","geometry":{"type":"Point","coordinates":[-105.1654,43.0152]},"properties":{"api":"4900948902","name":"WILLIAM FED 3569-20-N8H","op":"ANADARKO E&P ONSHORE LLC","co":"Converse","trs":"T35N R69W S17","fm":"NIOBRARA","eur":429201,"perft":41285,"sound":true}},{"type":"Feature","geometry":{"type":"Point","coordinates":[-105.6952,43.0406]},"properties":{"api":"4900948906","name":"Cowgirl Fed 3574-0214 3NH","op":"CONTINENTAL RESOURCES INC","co":"Converse","trs":"T35N R74W S2","fm":"NIOBRARA","eur":1098938,"perft":70799,"sound":true}},{"type":"Feature","geometry":{"type":"Point","coordinates":[-105.7642,43.3578]},"properties":{"api":"4900948934","name":"Solitude Fed 3974-1720 1SXH","op":"CONTINENTAL RESOURCES INC","co":"Converse","trs":"T39N R74W S17","fm":"SUSSEX","eur":null,"perft":null,"sound":false}},{"type":"Feature","geometry":{"type":"Point","coordinates":[-105.7643,43.3577]},"properties":{"api":"4900948935","name":"Solitude Fed 3974-1720 3SXH","op":"CONTINENTAL RESOURCES INC","co":"Converse","trs":"T39N R74W S17","fm":"SUSSEX","eur":null,"perft":null,"sound":false}},{"type":"Feature","geometry":{"type":"Point","coordinates":[-105.7643,43.3576]},"properties":{"api":"4900948936","name":"Solitude Fed 3974-1720 4MH","op":"CONTINENTAL RESOURCES INC","co":"Converse","trs":"T39N R74W S17","fm":"MOWRY","eur":63945,"perft":6246,"sound":true}},{"type":"Feature","geometry":{"type":"Point","coordinates":[-105.3363,42.9317]},"properties":{"api":"4900948937","name":"ECHINUS FED 3471-1125 1TH","op":"CONTINENTAL RESOURCES INC","co":"Converse","trs":"T34N R71W S11","fm":"TURNER","eur":null,"perft":null,"sound":false}},{"type":"Feature","geometry":{"type":"Point","coordinates":[-105.3363,42.9321]},"properties":{"api":"4900948938","name":"ECHINUS FED 3471-1224 1NH","op":"CONTINENTAL RESOURCES INC","co":"Converse","trs":"T34N R71W S11","fm":"NIOBRARA","eur":301982,"perft":32668,"sound":true}},{"type":"Feature","geometry":{"type":"Point","coordinates":[-105.3363,42.9322]},"properties":{"api":"4900948939","name":"ECHINUS FED 3471-1224 2NH","op":"CONTINENTAL RESOURCES INC","co":"Converse","trs":"T34N R71W S11","fm":"NIOBRARA","eur":515763,"perft":43433,"sound":true}},{"type":"Feature","geometry":{"type":"Point","coordinates":[-105.3363,42.9316]},"properties":{"api":"4900948940","name":"ECHINUS FED 3471-1225 3SXH","op":"CONTINENTAL RESOURCES INC","co":"Converse","trs":"T34N R71W S11","fm":"SUSSEX","eur":151972,"perft":17890,"sound":true}},{"type":"Feature","geometry":{"type":"Point","coordinates":[-105.3363,42.9319]},"properties":{"api":"4900948942","name":"SAWMILL FEDERAL 3471-1102 1SXH","op":"CONTINENTAL RESOURCES INC","co":"Converse","trs":"T34N R71W S11","fm":"SUSSEX","eur":389972,"perft":41076,"sound":true}},{"type":"Feature","geometry":{"type":"Point","coordinates":[-105.3363,42.9318]},"properties":{"api":"4900948943","name":"SAWMILL FEDERAL 3471-1102 1TH","op":"CONTINENTAL RESOURCES INC","co":"Converse","trs":"T34N R71W S11","fm":"TURNER","eur":385676,"perft":36988,"sound":true}},{"type":"Feature","geometry":{"type":"Point","coordinates":[-105.4878,42.8793]},"properties":{"api":"4900948949","name":"WAXWING FED 3472-3403 1NH","op":"CONTINENTAL RESOURCES INC","co":"Converse","trs":"T34N R72W S34","fm":"NIOBRARA","eur":466341,"perft":49322,"sound":true}},{"type":"Feature","geometry":{"type":"Point","coordinates":[-105.4877,42.8792]},"properties":{"api":"4900948950","name":"WAXWING FED 3472-3403 2NH","op":"CONTINENTAL RESOURCES INC","co":"Converse","trs":"T34N R72W S34","fm":"NIOBRARA","eur":733296,"perft":78545,"sound":true}},{"type":"Feature","geometry":{"type":"Point","coordinates":[-105.0497,42.985]},"properties":{"api":"4900948974","name":"Prawn Fed 3568-2932 3TH","op":"CONTINENTAL RESOURCES INC","co":"Converse","trs":"T35N R68W S29","fm":"TURNER","eur":198173,"perft":20572,"sound":true}},{"type":"Feature","geometry":{"type":"Point","coordinates":[-105.3196,43.4883]},"properties":{"api":"4900948976","name":"PIPPIN FED 4170-31-35-4S NH","op":"ANSCHUTZ EXPLORATION CORPORATION","co":"Converse","trs":"T41N R70W S31","fm":"NIOBRARA","eur":434028,"perft":42258,"sound":true}},{"type":"Feature","geometry":{"type":"Point","coordinates":[-105.3196,43.4882]},"properties":{"api":"4900948977","name":"PIPPIN FED 4170-31-35-5 TH","op":"ANSCHUTZ EXPLORATION CORPORATION","co":"Converse","trs":"T41N R70W S31","fm":"TURNER","eur":131720,"perft":15163,"sound":true}},{"type":"Feature","geometry":{"type":"Point","coordinates":[-105.3196,43.4883]},"properties":{"api":"4900948978","name":"PIPPIN FED 4170-31-35-5N NH","op":"ANSCHUTZ EXPLORATION CORPORATION","co":"Converse","trs":"T41N R70W S31","fm":"NIOBRARA","eur":554447,"perft":54331,"sound":true}},{"type":"Feature","geometry":{"type":"Point","coordinates":[-105.7778,43.2235]},"properties":{"api":"4900948985","name":"PATTERSON 3H","op":"MDS ENERGY DEVELOPMENT LLC","co":"Converse","trs":"T38N R74W S32","fm":"NIOBRARA","eur":494641,"perft":84568,"sound":true}},{"type":"Feature","geometry":{"type":"Point","coordinates":[-105.778,43.2235]},"properties":{"api":"4900948986","name":"PATTERSON 2H","op":"MDS ENERGY DEVELOPMENT LLC","co":"Converse","trs":"T38N R74W S32","fm":"FRONTIER","eur":69091,"perft":9371,"sound":true}},{"type":"Feature","geometry":{"type":"Point","coordinates":[-105.7776,43.2235]},"properties":{"api":"4900948987","name":"PATTERSON 4H","op":"MDS ENERGY DEVELOPMENT LLC","co":"Converse","trs":"T38N R74W S32","fm":"SHANNON","eur":516107,"perft":69697,"sound":true}},{"type":"Feature","geometry":{"type":"Point","coordinates":[-105.4625,43.0258]},"properties":{"api":"4900948988","name":"Brownie Fed  3572-1123 3NH","op":"CONTINENTAL RESOURCES INC","co":"Converse","trs":"T35N R72W S11","fm":"NIOBRARA","eur":1561299,"perft":101946,"sound":true}},{"type":"Feature","geometry":{"type":"Point","coordinates":[-105.5505,43.0419]},"properties":{"api":"4900948991","name":"TROLL FED 3572-0618 2NH","op":"CONTINENTAL RESOURCES INC","co":"Converse","trs":"T36N R72W S31","fm":"NIOBRARA","eur":1080929,"perft":72313,"sound":true}},{"type":"Feature","geometry":{"type":"Point","coordinates":[-105.3136,42.8913]},"properties":{"api":"4900948994","name":"COMET FED 3470-3031 1SXH","op":"CONTINENTAL RESOURCES INC","co":"Converse","trs":"T34N R70W S30","fm":"SUSSEX","eur":169147,"perft":17447,"sound":true}},{"type":"Feature","geometry":{"type":"Point","coordinates":[-105.3135,42.8913]},"properties":{"api":"4900948995","name":"BIJOU FED 3471-2536 3SXH","op":"CONTINENTAL RESOURCES INC","co":"Converse","trs":"T34N R70W S30","fm":"SUSSEX","eur":108253,"perft":12832,"sound":true}},{"type":"Feature","geometry":{"type":"Point","coordinates":[-105.3137,42.8913]},"properties":{"api":"4900948997","name":"COMET FED 3470-3031 3SXH","op":"CONTINENTAL RESOURCES INC","co":"Converse","trs":"T34N R70W S30","fm":"SUSSEX","eur":327301,"perft":29583,"sound":true}},{"type":"Feature","geometry":{"type":"Point","coordinates":[-105.0478,43.1167]},"properties":{"api":"4900948998","name":"SHU Moore Fed  05-293768-3XNH","op":"DEVON ENERGY PRODUCTION COMPANY LP","co":"Converse","trs":"T36N R68W S8","fm":"NIOBRARA","eur":816652,"perft":52501,"sound":true}},{"type":"Feature","geometry":{"type":"Point","coordinates":[-105.0476,43.1167]},"properties":{"api":"4900948999","name":"SHU MOORE FED 05-293768-5XNH","op":"DEVON ENERGY PRODUCTION COMPANY LP","co":"Converse","trs":"T36N R68W S8","fm":"NIOBRARA","eur":1016958,"perft":65165,"sound":true}},{"type":"Feature","geometry":{"type":"Point","coordinates":[-105.3298,43.2772]},"properties":{"api":"4900949000","name":"CWDU JRJ  12-013871-1XNH","op":"DEVON ENERGY PRODUCTION COMPANY LP","co":"Converse","trs":"T38N R71W S12","fm":"NIOBRARA","eur":374324,"perft":38314,"sound":true}},{"type":"Feature","geometry":{"type":"Point","coordinates":[-105.0163,43.1309]},"properties":{"api":"4900949009","name":"SHU IBERLIN FED 34-223768-3XNH","op":"DEVON ENERGY PRODUCTION COMPANY LP","co":"Converse","trs":"T36N R68W S3","fm":"NIOBRARA","eur":1050839,"perft":71495,"sound":true}},{"type":"Feature","geometry":{"type":"Point","coordinates":[-105.0165,43.1309]},"properties":{"api":"4900949010","name":"SHU IBERLIN FED 34-223768-1XNH","op":"DEVON ENERGY PRODUCTION COMPANY LP","co":"Converse","trs":"T36N R68W S3","fm":"NIOBRARA","eur":1085610,"perft":73007,"sound":true}},{"type":"Feature","geometry":{"type":"Point","coordinates":[-105.3296,43.2773]},"properties":{"api":"4900949017","name":"CWDU JRJ  12-013871-3XNH","op":"DEVON ENERGY PRODUCTION COMPANY LP","co":"Converse","trs":"T38N R71W S12","fm":"NIOBRARA","eur":332259,"perft":34285,"sound":true}},{"type":"Feature","geometry":{"type":"Point","coordinates":[-105.3294,43.2773]},"properties":{"api":"4900949018","name":"CWDU JRJ FED 12-013871-4XTH","op":"DEVON ENERGY PRODUCTION COMPANY LP","co":"Converse","trs":"T38N R71W S12","fm":"TURNER","eur":null,"perft":null,"sound":false}},{"type":"Feature","geometry":{"type":"Point","coordinates":[-105.3292,43.2773]},"properties":{"api":"4900949019","name":"CWDU JRJ FED 12-013871-5XNH","op":"DEVON ENERGY PRODUCTION COMPANY LP","co":"Converse","trs":"T38N R71W S12","fm":"NIOBRARA","eur":235231,"perft":23742,"sound":true}},{"type":"Feature","geometry":{"type":"Point","coordinates":[-105.3486,43.2777]},"properties":{"api":"4900949028","name":"CWDU Stoddard Fed 11-023871-1XPH","op":"DEVON ENERGY PRODUCTION COMPANY LP","co":"Converse","trs":"T38N R71W S11","fm":"PARKMAN","eur":211229,"perft":25757,"sound":true}},{"type":"Feature","geometry":{"type":"Point","coordinates":[-105.4005,43.1013]},"properties":{"api":"4900949030","name":"TINY FED 3671-17-20-16E NH","op":"ANSCHUTZ EXPLORATION CORPORATION","co":"Converse","trs":"T36N R71W S17","fm":"NIOBRARA","eur":537582,"perft":52340,"sound":true}},{"type":"Feature","geometry":{"type":"Point","coordinates":[-105.4006,43.1012]},"properties":{"api":"4900949031","name":"TINY FED 3671-17-20-15E NH","op":"ANSCHUTZ EXPLORATION CORPORATION","co":"Converse","trs":"T36N R71W S17","fm":"NIOBRARA","eur":510879,"perft":49595,"sound":true}},{"type":"Feature","geometry":{"type":"Point","coordinates":[-105.41,43.1301]},"properties":{"api":"4900949038","name":"Toughy Fed 3671-17-5-3W NH","op":"ANSCHUTZ EXPLORATION CORPORATION","co":"Converse","trs":"T36N R71W S17","fm":"NIOBRARA","eur":503636,"perft":2425,"sound":true}},{"type":"Feature","geometry":{"type":"Point","coordinates":[-105.409,43.1011]},"properties":{"api":"4900949041","name":"Toughy Fed 3671-17-5-4WX NH","op":"ANSCHUTZ EXPLORATION CORPORATION","co":"Converse","trs":"T36N R71W S17","fm":"NIOBRARA","eur":614264,"perft":60151,"sound":true}},{"type":"Feature","geometry":{"type":"Point","coordinates":[-105.4215,43.099]},"properties":{"api":"4900949043","name":"JACK FED 3671-18-6-2W NH","op":"ANSCHUTZ EXPLORATION CORPORATION","co":"Converse","trs":"T36N R71W S18","fm":"NIOBRARA","eur":505721,"perft":50275,"sound":true}},{"type":"Feature","geometry":{"type":"Point","coordinates":[-105.4211,43.0992]},"properties":{"api":"4900949045","name":"JACK FED 3671-18-19-15 MH","op":"ANSCHUTZ EXPLORATION CORPORATION","co":"Converse","trs":"T36N R71W S18","fm":"MOWRY","eur":484464,"perft":48495,"sound":true}},{"type":"Feature","geometry":{"type":"Point","coordinates":[-105.3809,43.1009]},"properties":{"api":"4900949048","name":"REMI FED 3671-16-21-16 PH","op":"ANSCHUTZ EXPLORATION CORPORATION","co":"Converse","trs":"T36N R71W S16","fm":"PARKMAN","eur":301693,"perft":29563,"sound":true}},{"type":"Feature","geometry":{"type":"Point","coordinates":[-105.4417,43.1897]},"properties":{"api":"4900949057","name":"SDU Tillard Fed 07-063771-1XNH","op":"DEVON ENERGY PRODUCTION COMPANY LP","co":"Converse","trs":"T37N R72W S12","fm":"NIOBRARA","eur":506850,"perft":51431,"sound":true}},{"type":"Feature","geometry":{"type":"Point","coordinates":[-105.4417,43.1895]},"properties":{"api":"4900949058","name":"SDU Tillard Fed 07-063771-2XNH","op":"DEVON ENERGY PRODUCTION COMPANY LP","co":"Converse","trs":"T37N R72W S12","fm":"NIOBRARA","eur":513717,"perft":52212,"sound":true}},{"type":"Feature","geometry":{"type":"Point","coordinates":[-105.4417,43.1898]},"properties":{"api":"4900949059","name":"PDU TILLARD FED 12-013772-3XNH","op":"DEVON ENERGY PRODUCTION COMPANY LP","co":"Converse","trs":"T37N R72W S12","fm":"NIOBRARA","eur":533796,"perft":54709,"sound":true}},{"type":"Feature","geometry":{"type":"Point","coordinates":[-105.4417,43.1899]},"properties":{"api":"4900949060","name":"PDU TILLARD FED 12-013772-4XNH","op":"DEVON ENERGY PRODUCTION COMPANY LP","co":"Converse","trs":"T37N R72W S12","fm":"NIOBRARA","eur":414783,"perft":42312,"sound":true}},{"type":"Feature","geometry":{"type":"Point","coordinates":[-105.2441,43.0283]},"properties":{"api":"4900949067","name":"QUEENS PARK FED 3570-15-T2H","op":"ANADARKO E&P ONSHORE LLC","co":"Converse","trs":"T35N R70W S3","fm":"TURNER","eur":null,"perft":null,"sound":false}},{"type":"Feature","geometry":{"type":"Point","coordinates":[-105.2443,43.0283]},"properties":{"api":"4900949069","name":"QUEENS PARK FED 3670-34-N5H","op":"ANADARKO E&P ONSHORE LLC","co":"Converse","trs":"T35N R70W S3","fm":null,"eur":null,"perft":null,"sound":false}},{"type":"Feature","geometry":{"type":"Point","coordinates":[-105.2444,43.0283]},"properties":{"api":"4900949070","name":"QUEENS PARK FED 3670-34-N1H","op":"ANADARKO E&P ONSHORE LLC","co":"Converse","trs":"T35N R70W S3","fm":"NIOBRARA","eur":647878,"perft":58717,"sound":true}},{"type":"Feature","geometry":{"type":"Point","coordinates":[-105.2442,43.0283]},"properties":{"api":"4900949071","name":"QUEENS PARK FED 3670-34-T1H","op":"ANADARKO E&P ONSHORE LLC","co":"Converse","trs":"T35N R70W S3","fm":"TURNER","eur":371716,"perft":33842,"sound":true}},{"type":"Feature","geometry":{"type":"Point","coordinates":[-105.2431,43.0282]},"properties":{"api":"4900949072","name":"QUEENS PARK FED 3570-15-N8H","op":"ANADARKO E&P ONSHORE LLC","co":"Converse","trs":"T35N R70W S3","fm":null,"eur":null,"perft":null,"sound":false}},{"type":"Feature","geometry":{"type":"Point","coordinates":[-105.2433,43.0283]},"properties":{"api":"4900949073","name":"QUEENS PARK FED 3570-15-N4H","op":"ANADARKO E&P ONSHORE LLC","co":"Converse","trs":"T35N R70W S3","fm":null,"eur":null,"perft":null,"sound":false}},{"type":"Feature","geometry":{"type":"Point","coordinates":[-105.2432,43.0282]},"properties":{"api":"4900949074","name":"QUEENS PARK FED 3570-15-N6H","op":"ANADARKO E&P ONSHORE LLC","co":"Converse","trs":"T35N R70W S3","fm":null,"eur":null,"perft":null,"sound":false}},{"type":"Feature","geometry":{"type":"Point","coordinates":[-105.3894,43.1006]},"properties":{"api":"4900949090","name":"KALI FED 3671-16-4-4 PH","op":"ANSCHUTZ EXPLORATION CORPORATION","co":"Converse","trs":"T36N R71W S16","fm":"PARKMAN","eur":null,"perft":null,"sound":false}},{"type":"Feature","geometry":{"type":"Point","coordinates":[-105.2294,43.0259]},"properties":{"api":"4900949095","name":"WELSHPOOL FED 3670-36-T3H","op":"ANADARKO E&P ONSHORE LLC","co":"Converse","trs":"T35N R70W S11","fm":null,"eur":null,"perft":null,"sound":false}},{"type":"Feature","geometry":{"type":"Point","coordinates":[-104.971,43.0588]},"properties":{"api":"4900949103","name":"MOORE FED 25-133668-5XNH","op":"DEVON ENERGY PRODUCTION COMPANY LP","co":"Converse","trs":"T36N R68W S36","fm":null,"eur":null,"perft":null,"sound":false}},{"type":"Feature","geometry":{"type":"Point","coordinates":[-104.9711,43.059]},"properties":{"api":"4900949104","name":"MOORE FED 25-133668-3XNH","op":"DEVON ENERGY PRODUCTION COMPANY LP","co":"Converse","trs":"T36N R68W S36","fm":null,"eur":null,"perft":null,"sound":false}},{"type":"Feature","geometry":{"type":"Point","coordinates":[-104.9711,43.0591]},"properties":{"api":"4900949105","name":"Moore Fed 25-133668-1XNH","op":"DEVON ENERGY PRODUCTION COMPANY LP","co":"Converse","trs":"T36N R68W S36","fm":null,"eur":null,"perft":null,"sound":false}},{"type":"Feature","geometry":{"type":"Point","coordinates":[-105.4311,43.1017]},"properties":{"api":"4900949115","name":"DENVER FED 3671-7-19-13 SXH","op":"ANSCHUTZ EXPLORATION CORPORATION","co":"Converse","trs":"T36N R71W S7","fm":"SUSSEX","eur":340582,"perft":35130,"sound":true}},{"type":"Feature","geometry":{"type":"Point","coordinates":[-105.5678,43.1014]},"properties":{"api":"4900949116","name":"BONER BROS FED 12-013673-5XNH","op":"DEVON ENERGY PRODUCTION COMPANY LP","co":"Converse","trs":"T36N R73W S12","fm":"NIOBRARA","eur":774444,"perft":75526,"sound":true}},{"type":"Feature","geometry":{"type":"Point","coordinates":[-105.4213,43.0991]},"properties":{"api":"4900949117","name":"JACK FED 3671-18-19-15 SX2H","op":"ANSCHUTZ EXPLORATION CORPORATION","co":"Converse","trs":"T36N R71W S18","fm":"SUSSEX","eur":570134,"perft":57479,"sound":true}},{"type":"Feature","geometry":{"type":"Point","coordinates":[-105.3818,42.9872]},"properties":{"api":"4900949122","name":"Rex Fed 3571-21-33-16 SXH","op":"ANSCHUTZ EXPLORATION CORPORATION","co":"Converse","trs":"T35N R71W S21","fm":null,"eur":null,"perft":null,"sound":false}},{"type":"Feature","geometry":{"type":"Point","coordinates":[-105.3817,42.9871]},"properties":{"api":"4900949123","name":"Rex State 3571-21-16-3SXH","op":"ANSCHUTZ EXPLORATION CORPORATION","co":"Converse","trs":"T35N R71W S21","fm":null,"eur":null,"perft":null,"sound":false}},{"type":"Feature","geometry":{"type":"Point","coordinates":[-105.3901,42.9844]},"properties":{"api":"4900949126","name":"Boomer Fed 3571-21-16-4W NH","op":"ANSCHUTZ EXPLORATION CORPORATION","co":"Converse","trs":"T35N R71W S21","fm":null,"eur":null,"perft":null,"sound":false}},{"type":"Feature","geometry":{"type":"Point","coordinates":[-105.3507,43.0439]},"properties":{"api":"4900949131","name":"Lucy Fed 3671-35-26-1 SXH","op":"ANSCHUTZ EXPLORATION CORPORATION","co":"Converse","trs":"T36N R71W S35","fm":"SUSSEX","eur":409765,"perft":39876,"sound":true}},{"type":"Feature","geometry":{"type":"Point","coordinates":[-105.3507,43.0439]},"properties":{"api":"4900949132","name":"LUCY FED 3671-35-26-3 PH","op":"ANSCHUTZ EXPLORATION CORPORATION","co":"Converse","trs":"T36N R71W S35","fm":"PARKMAN","eur":null,"perft":null,"sound":false}},{"type":"Feature","geometry":{"type":"Point","coordinates":[-105.3507,43.0441]},"properties":{"api":"4900949133","name":"LUCY FED 3671-35-26-3 SXH","op":"ANSCHUTZ EXPLORATION CORPORATION","co":"Converse","trs":"T36N R71W S35","fm":"SUSSEX","eur":1345854,"perft":131034,"sound":true}},{"type":"Feature","geometry":{"type":"Point","coordinates":[-105.3507,43.044]},"properties":{"api":"4900949134","name":"LUCY FED 3671-35-26-1 PH","op":"ANSCHUTZ EXPLORATION CORPORATION","co":"Converse","trs":"T36N R71W S35","fm":"PARKMAN","eur":479091,"perft":46691,"sound":true}},{"type":"Feature","geometry":{"type":"Point","coordinates":[-104.9158,42.9273]},"properties":{"api":"4900949137","name":"OPAL FED 3467-1628 1NH","op":"CONTINENTAL RESOURCES INC","co":"Converse","trs":"T34N R67W S16","fm":"NIOBRARA","eur":1012699,"perft":62920,"sound":true}},{"type":"Feature","geometry":{"type":"Point","coordinates":[-104.9159,42.9273]},"properties":{"api":"4900949138","name":"PEARL FED 3467-1729 4NH","op":"CONTINENTAL RESOURCES INC","co":"Converse","trs":"T34N R67W S16","fm":"NIOBRARA","eur":938017,"perft":58795,"sound":true}},{"type":"Feature","geometry":{"type":"Point","coordinates":[-104.9157,42.9272]},"properties":{"api":"4900949139","name":"OPAL FED 3467-1628 2NH","op":"CONTINENTAL RESOURCES INC","co":"Converse","trs":"T34N R67W S16","fm":"NIOBRARA","eur":923647,"perft":57677,"sound":true}},{"type":"Feature","geometry":{"type":"Point","coordinates":[-105.5507,43.0421]},"properties":{"api":"4900949145","name":"Gorlock Fed 3573-0113 3NH","op":"CONTINENTAL RESOURCES INC","co":"Converse","trs":"T36N R72W S31","fm":"NIOBRARA","eur":1117258,"perft":71601,"sound":true}},{"type":"Feature","geometry":{"type":"Point","coordinates":[-105.3485,43.2778]},"properties":{"api":"4900949148","name":"CWDU STODDARD FED 11-023871-3XPH","op":"DEVON ENERGY PRODUCTION COMPANY LP","co":"Converse","trs":"T38N R71W S11","fm":"PARKMAN","eur":363394,"perft":39324,"sound":true}},{"type":"Feature","geometry":{"type":"Point","coordinates":[-105.4026,42.9842]},"properties":{"api":"4900949178","name":"Tucker Fed 3571-20-17-2W NH","op":"ANSCHUTZ EXPLORATION CORPORATION","co":"Converse","trs":"T35N R71W S20","fm":null,"eur":null,"perft":null,"sound":false}},{"type":"Feature","geometry":{"type":"Point","coordinates":[-104.9351,42.9863]},"properties":{"api":"4900949189","name":"Lost Springs 3567-29-32-3NXH","op":"1876 RESOURCES LLC","co":"Converse","trs":"T35N R67W S29","fm":"NIOBRARA","eur":673715,"perft":64341,"sound":true}},{"type":"Feature","geometry":{"type":"Point","coordinates":[-105.4026,42.9841]},"properties":{"api":"4900949213","name":"Tucker Fed 3571-20-17-1W NH","op":"ANSCHUTZ EXPLORATION CORPORATION","co":"Converse","trs":"T35N R71W S20","fm":null,"eur":null,"perft":null,"sound":false}},{"type":"Feature","geometry":{"type":"Point","coordinates":[-105.6404,43.1298]},"properties":{"api":"4900949216","name":"Tupelo Fed 3673-0517 3NH","op":"CONTINENTAL RESOURCES INC","co":"Converse","trs":"T37N R73W S32","fm":null,"eur":null,"perft":null,"sound":false}},{"type":"Feature","geometry":{"type":"Point","coordinates":[-105.6407,43.1298]},"properties":{"api":"4900949220","name":"Duck Creek Fed 3773-3229 3NH","op":"CONTINENTAL RESOURCES INC","co":"Converse","trs":"T37N R73W S32","fm":null,"eur":null,"perft":null,"sound":false}},{"type":"Feature","geometry":{"type":"Point","coordinates":[-104.9129,42.9705]},"properties":{"api":"4900949221","name":"Bronc 33-4-35-67-2H","op":"ROCKIES RESOURCES HOLDINGS LLC","co":"Converse","trs":"T35N R67W S33","fm":"TEAPOT","eur":323925,"perft":31882,"sound":true}},{"type":"Feature","geometry":{"type":"Point","coordinates":[-104.9127,42.9704]},"properties":{"api":"4900949222","name":"BU 11-33-2H","op":"ROCKIES RESOURCES HOLDINGS LLC","co":"Converse","trs":"T35N R67W S33","fm":"TEAPOT","eur":327677,"perft":31333,"sound":true}},{"type":"Feature","geometry":{"type":"Point","coordinates":[-105.7447,43.2594]},"properties":{"api":"4900949223","name":"Rebel Fed 3874-16-9-1NH","op":"WRC ENERGY LLC","co":"Converse","trs":"T38N R74W S16","fm":"NIOBRARA","eur":818089,"perft":109914,"sound":true}},{"type":"Feature","geometry":{"type":"Point","coordinates":[-105.7445,43.2594]},"properties":{"api":"4900949224","name":"Manning 3874-28-21-1NH","op":"WRC ENERGY LLC","co":"Converse","trs":"T38N R74W S16","fm":"NIOBRARA","eur":1134411,"perft":111743,"sound":true}},{"type":"Feature","geometry":{"type":"Point","coordinates":[-105.329,43.1756]},"properties":{"api":"4900949236","name":"SDU Tillard Fed 13-013771-2XNH","op":"DEVON ENERGY PRODUCTION COMPANY LP","co":"Converse","trs":"T37N R71W S13","fm":"NIOBRARA","eur":758769,"perft":48139,"sound":true}},{"type":"Feature","geometry":{"type":"Point","coordinates":[-105.3285,43.1754]},"properties":{"api":"4900949237","name":"SDU Tillard Fed 13-013771-5XNH","op":"DEVON ENERGY PRODUCTION COMPANY LP","co":"Converse","trs":"T37N R71W S13","fm":"NIOBRARA","eur":null,"perft":null,"sound":false}},{"type":"Feature","geometry":{"type":"Point","coordinates":[-105.3289,43.1755]},"properties":{"api":"4900949239","name":"SDU Tillard Fed  13-013771-3XNH","op":"DEVON ENERGY PRODUCTION COMPANY LP","co":"Converse","trs":"T37N R71W S13","fm":"NIOBRARA","eur":1001819,"perft":64463,"sound":true}},{"type":"Feature","geometry":{"type":"Point","coordinates":[-105.654,43.1297]},"properties":{"api":"4900949241","name":"Duck Creek Fed 3773-3229 2NH","op":"CONTINENTAL RESOURCES INC","co":"Converse","trs":"T37N R73W S32","fm":null,"eur":null,"perft":null,"sound":false}},{"type":"Feature","geometry":{"type":"Point","coordinates":[-105.654,43.1298]},"properties":{"api":"4900949243","name":"Tupelo Fed 3673-0517 1NH","op":"CONTINENTAL RESOURCES INC","co":"Converse","trs":"T37N R73W S32","fm":null,"eur":null,"perft":null,"sound":false}},{"type":"Feature","geometry":{"type":"Point","coordinates":[-105.3606,42.9821]},"properties":{"api":"4900949258","name":"Meatloaf Fed 3571-27-34-14 SXH","op":"ANSCHUTZ EXPLORATION CORPORATION","co":"Converse","trs":"T35N R71W S27","fm":"SUSSEX","eur":224746,"perft":23945,"sound":true}},{"type":"Feature","geometry":{"type":"Point","coordinates":[-105.3648,43.014]},"properties":{"api":"4900949264","name":"Pedro Fed 3571-10-22-16 PH","op":"ANSCHUTZ EXPLORATION CORPORATION","co":"Converse","trs":"T35N R71W S10","fm":"PARKMAN","eur":407087,"perft":40770,"sound":true}},{"type":"Feature","geometry":{"type":"Point","coordinates":[-105.3648,43.014]},"properties":{"api":"4900949265","name":"Pedro Fed 3571-10-22-16 SXH","op":"ANSCHUTZ EXPLORATION CORPORATION","co":"Converse","trs":"T35N R71W S10","fm":"SUSSEX","eur":667679,"perft":65025,"sound":true}},{"type":"Feature","geometry":{"type":"Point","coordinates":[-105.3644,43.1006]},"properties":{"api":"4900949266","name":"Roper Fed 3671-15-3-1 PH","op":"ANSCHUTZ EXPLORATION CORPORATION","co":"Converse","trs":"T36N R71W S15","fm":null,"eur":null,"perft":null,"sound":false}},{"type":"Feature","geometry":{"type":"Point","coordinates":[-105.3645,43.1006]},"properties":{"api":"4900949267","name":"Roper Fed 3671-15-22-15 SXH","op":"ANSCHUTZ EXPLORATION CORPORATION","co":"Converse","trs":"T36N R71W S15","fm":"SUSSEX","eur":120795,"perft":11654,"sound":true}},{"type":"Feature","geometry":{"type":"Point","coordinates":[-105.3727,43.0147]},"properties":{"api":"4900949270","name":"Yogi Fed 3571-10-22-14 SXH","op":"ANSCHUTZ EXPLORATION CORPORATION","co":"Converse","trs":"T35N R71W S10","fm":"SUSSEX","eur":294877,"perft":28816,"sound":true}},{"type":"Feature","geometry":{"type":"Point","coordinates":[-105.3725,43.0146]},"properties":{"api":"4900949271","name":"Yogi Fed 3571-10-3-3 SXH","op":"ANSCHUTZ EXPLORATION CORPORATION","co":"Converse","trs":"T35N R71W S10","fm":"SUSSEX","eur":171075,"perft":16702,"sound":true}},{"type":"Feature","geometry":{"type":"Point","coordinates":[-105.3648,43.0139]},"properties":{"api":"4900949272","name":"Pedro Fed 3571-10-3-1 SXH","op":"ANSCHUTZ EXPLORATION CORPORATION","co":"Converse","trs":"T35N R71W S10","fm":"SUSSEX","eur":953645,"perft":100904,"sound":true}},{"type":"Feature","geometry":{"type":"Point","coordinates":[-105.3645,43.1006]},"properties":{"api":"4900949273","name":"Roper Fed 3671-15-22-15 PH","op":"ANSCHUTZ EXPLORATION CORPORATION","co":"Converse","trs":"T36N R71W S15","fm":"PARKMAN","eur":473228,"perft":49709,"sound":true}},{"type":"Feature","geometry":{"type":"Point","coordinates":[-105.4119,42.8917]},"properties":{"api":"4900949282","name":"BlueBird 3471-3031 R4NH","op":"CONTINENTAL RESOURCES INC","co":"Converse","trs":"T34N R71W S29","fm":"NIOBRARA","eur":302066,"perft":30264,"sound":true}},{"type":"Feature","geometry":{"type":"Point","coordinates":[-105.4118,42.8917]},"properties":{"api":"4900949283","name":"Sparrow Fed 3471-2905 R1NH","op":"CONTINENTAL RESOURCES INC","co":"Converse","trs":"T34N R71W S29","fm":"NIOBRARA","eur":280941,"perft":27202,"sound":true}},{"type":"Feature","geometry":{"type":"Point","coordinates":[-105.4117,42.8918]},"properties":{"api":"4900949284","name":"Sparrow Fed 3471-2905 R2NH","op":"CONTINENTAL RESOURCES INC","co":"Converse","trs":"T34N R71W S29","fm":"NIOBRARA","eur":340141,"perft":37166,"sound":true}},{"type":"Feature","geometry":{"type":"Point","coordinates":[-105.3327,43.0018]},"properties":{"api":"4900949291","name":"Ariel Fed 3571-1301 1NH","op":"CONTINENTAL RESOURCES INC","co":"Converse","trs":"T35N R71W S13","fm":null,"eur":null,"perft":null,"sound":false}},{"type":"Feature","geometry":{"type":"Point","coordinates":[-105.3327,43.0019]},"properties":{"api":"4900949292","name":"Ariel Fed 3571-1301 1PH","op":"CONTINENTAL RESOURCES INC","co":"Converse","trs":"T35N R71W S13","fm":null,"eur":null,"perft":null,"sound":false}},{"type":"Feature","geometry":{"type":"Point","coordinates":[-105.3327,43.002]},"properties":{"api":"4900949293","name":"Ariel Fed 3571-1301 2NH","op":"CONTINENTAL RESOURCES INC","co":"Converse","trs":"T35N R71W S13","fm":null,"eur":null,"perft":null,"sound":false}},{"type":"Feature","geometry":{"type":"Point","coordinates":[-105.324,42.9981]},"properties":{"api":"4900949294","name":"Ariel Fed 3571-1301 3NH","op":"CONTINENTAL RESOURCES INC","co":"Converse","trs":"T35N R71W S24","fm":null,"eur":null,"perft":null,"sound":false}},{"type":"Feature","geometry":{"type":"Point","coordinates":[-105.3327,43.0017]},"properties":{"api":"4900949296","name":"Bruce Fed 3571-2436 1SXH","op":"CONTINENTAL RESOURCES INC","co":"Converse","trs":"T35N R71W S13","fm":null,"eur":null,"perft":null,"sound":false}},{"type":"Feature","geometry":{"type":"Point","coordinates":[-105.3327,43.0019]},"properties":{"api":"4900949297","name":"Bruce Fed 3571-2436 3SXH","op":"CONTINENTAL RESOURCES INC","co":"Converse","trs":"T35N R71W S24","fm":null,"eur":null,"perft":null,"sound":false}},{"type":"Feature","geometry":{"type":"Point","coordinates":[-105.3328,43.0015]},"properties":{"api":"4900949298","name":"Bruce Fed 3571-2436 1NH","op":"CONTINENTAL RESOURCES INC","co":"Converse","trs":"T35N R71W S13","fm":null,"eur":null,"perft":null,"sound":false}},{"type":"Feature","geometry":{"type":"Point","coordinates":[-105.258,43.2564]},"properties":{"api":"4900949304","name":"CDU Seebaum Fed 15-033870-3XNH","op":"DEVON ENERGY PRODUCTION COMPANY LP","co":"Converse","trs":"T38N R70W S22","fm":"NIOBRARA","eur":null,"perft":null,"sound":false}},{"type":"Feature","geometry":{"type":"Point","coordinates":[-105.2579,43.2563]},"properties":{"api":"4900949305","name":"CDU Seebaum Fed 16-043870-5XNH","op":"DEVON ENERGY PRODUCTION COMPANY LP","co":"Converse","trs":"T38N R70W S22","fm":"NIOBRARA","eur":null,"perft":null,"sound":false}},{"type":"Feature","geometry":{"type":"Point","coordinates":[-105.258,43.2565]},"properties":{"api":"4900949317","name":"CDU Seebaum Fed 15-033870-1XNH","op":"DEVON ENERGY PRODUCTION COMPANY LP","co":"Converse","trs":"T38N R70W S22","fm":"NIOBRARA","eur":null,"perft":null,"sound":false}},{"type":"Feature","geometry":{"type":"Point","coordinates":[-105.3321,43.0447]},"properties":{"api":"4900949330","name":"Kyra Fed 3671-36-25-4 MH","op":"ANSCHUTZ EXPLORATION CORPORATION","co":"Converse","trs":"T36N R71W S36","fm":null,"eur":null,"perft":null,"sound":false}},{"type":"Feature","geometry":{"type":"Point","coordinates":[-105.3201,43.0454]},"properties":{"api":"4900949331","name":"Kai Fed 3671-36-25-1 MH","op":"ANSCHUTZ EXPLORATION CORPORATION","co":"Converse","trs":"T36N R71W S36","fm":null,"eur":null,"perft":null,"sound":false}},{"type":"Feature","geometry":{"type":"Point","coordinates":[-105.3201,43.0455]},"properties":{"api":"4900949332","name":"Kai Fed 3671-36-25-2 MH","op":"ANSCHUTZ EXPLORATION CORPORATION","co":"Converse","trs":"T36N R71W S36","fm":null,"eur":null,"perft":null,"sound":false}},{"type":"Feature","geometry":{"type":"Point","coordinates":[-105.3321,43.0448]},"properties":{"api":"4900949333","name":"Kyra Fed 3671-36-25-3 MH","op":"ANSCHUTZ EXPLORATION CORPORATION","co":"Converse","trs":"T36N R71W S36","fm":null,"eur":null,"perft":null,"sound":false}},{"type":"Feature","geometry":{"type":"Point","coordinates":[-105.7724,43.2736]},"properties":{"api":"4900949335","name":"Cloud Peak 3874-8-5-1NH","op":"WRC ENERGY LLC","co":"Converse","trs":"T38N R74W S8","fm":"NIOBRARA","eur":860144,"perft":85366,"sound":true}},{"type":"Feature","geometry":{"type":"Point","coordinates":[-105.4104,43.0128]},"properties":{"api":"4900949341","name":"Chloe Fed 3571-17-5-4 SXH","op":"ANSCHUTZ EXPLORATION CORPORATION","co":"Converse","trs":"T35N R71W S17","fm":"SUSSEX","eur":400651,"perft":40899,"sound":true}},{"type":"Feature","geometry":{"type":"Point","coordinates":[-105.4225,43.0133]},"properties":{"api":"4900949342","name":"Argos Fed 3571-18-19-16WX NH","op":"ANSCHUTZ EXPLORATION CORPORATION","co":"Converse","trs":"T35N R71W S18","fm":"NIOBRARA","eur":451706,"perft":44013,"sound":true}},{"type":"Feature","geometry":{"type":"Point","coordinates":[-105.3886,43.1009]},"properties":{"api":"4900949376","name":"Kali Fed 3671-16-4-1W NH","op":"ANSCHUTZ EXPLORATION CORPORATION","co":"Converse","trs":"T36N R71W S16","fm":"NIOBRARA","eur":639978,"perft":61043,"sound":true}},{"type":"Feature","geometry":{"type":"Point","coordinates":[-105.4013,43.1013]},"properties":{"api":"4900949377","name":"Tiny Fed 3671-17-5-1E NH","op":"ANSCHUTZ EXPLORATION CORPORATION","co":"Converse","trs":"T36N R71W S17","fm":"NIOBRARA","eur":591640,"perft":58164,"sound":true}},{"type":"Feature","geometry":{"type":"Point","coordinates":[-105.4012,43.1012]},"properties":{"api":"4900949378","name":"Tiny Fed 3671-17-5-2E NH","op":"ANSCHUTZ EXPLORATION CORPORATION","co":"Converse","trs":"T36N R71W S17","fm":"NIOBRARA","eur":585853,"perft":58850,"sound":true}},{"type":"Feature","geometry":{"type":"Point","coordinates":[-105.4624,43.0258]},"properties":{"api":"4900949388","name":"Blondie Fed 3572-1213 1NH","op":"CONTINENTAL RESOURCES INC","co":"Converse","trs":"T35N R72W S11","fm":"NIOBRARA","eur":708770,"perft":69850,"sound":true}},{"type":"Feature","geometry":{"type":"Point","coordinates":[-105.4627,43.0258]},"properties":{"api":"4900949389","name":"Brownie Fed 3572-1123 2NH","op":"CONTINENTAL RESOURCES INC","co":"Converse","trs":"T35N R72W S11","fm":"NIOBRARA","eur":1521572,"perft":99527,"sound":true}},{"type":"Feature","geometry":{"type":"Point","coordinates":[-105.3648,43.0139]},"properties":{"api":"4900949395","name":"Pedro Fed 3571-10-22-16 MH","op":"ANSCHUTZ EXPLORATION CORPORATION","co":"Converse","trs":"T35N R71W S10","fm":"MOWRY","eur":691576,"perft":68223,"sound":true}},{"type":"Feature","geometry":{"type":"Point","coordinates":[-105.7882,43.2421]},"properties":{"api":"4900949400","name":"Seven Brothers Lakes 3874-31-30-1NH","op":"WRC ENERGY LLC","co":"Converse","trs":"T38N R74W S30","fm":"NIOBRARA","eur":614003,"perft":60511,"sound":true}},{"type":"Feature","geometry":{"type":"Point","coordinates":[-105.7725,43.2736]},"properties":{"api":"4900949401","name":"Misty Moon Lake 3874-17-20-1NH","op":"WRC ENERGY LLC","co":"Converse","trs":"T38N R74W S8","fm":"NIOBRARA","eur":1102395,"perft":107268,"sound":true}},{"type":"Feature","geometry":{"type":"Point","coordinates":[-104.9704,42.9605]},"properties":{"api":"4900949411","name":"CW 3568-36-25-1NXH","op":"1876 RESOURCES LLC","co":"Converse","trs":"T35N R68W S36","fm":"NIOBRARA","eur":668684,"perft":62076,"sound":true}},{"type":"Feature","geometry":{"type":"Point","coordinates":[-104.9702,42.9609]},"properties":{"api":"4900949412","name":"CW 3568-36-25-3TXH","op":"1876 RESOURCES LLC","co":"Converse","trs":"T35N R68W S36","fm":"TEAPOT","eur":272220,"perft":26010,"sound":true}},{"type":"Feature","geometry":{"type":"Point","coordinates":[-104.9704,42.9606]},"properties":{"api":"4900949413","name":"CW 3568-36-25-1TXH","op":"1876 RESOURCES LLC","co":"Converse","trs":"T35N R68W S36","fm":"TEAPOT","eur":254518,"perft":24066,"sound":true}},{"type":"Feature","geometry":{"type":"Point","coordinates":[-104.9703,42.9607]},"properties":{"api":"4900949414","name":"CW 3568-36-25-2NXH","op":"1876 RESOURCES LLC","co":"Converse","trs":"T35N R68W S36","fm":"NIOBRARA","eur":435989,"perft":41717,"sound":true}},{"type":"Feature","geometry":{"type":"Point","coordinates":[-104.9703,42.9608]},"properties":{"api":"4900949415","name":"CW 3568-36-25-2TXH","op":"1876 RESOURCES LLC","co":"Converse","trs":"T35N R68W S36","fm":"TEAPOT","eur":144971,"perft":13995,"sound":true}},{"type":"Feature","geometry":{"type":"Point","coordinates":[-104.9703,42.9607]},"properties":{"api":"4900949416","name":"CW 3568-36-25-3NXH","op":"1876 RESOURCES LLC","co":"Converse","trs":"T35N R68W S36","fm":"NIOBRARA","eur":335381,"perft":31727,"sound":true}},{"type":"Feature","geometry":{"type":"Point","coordinates":[-104.9702,42.9609]},"properties":{"api":"4900949417","name":"CW 3568-36-25-4NXH","op":"1876 RESOURCES LLC","co":"Converse","trs":"T35N R68W S36","fm":"NIOBRARA","eur":851290,"perft":81839,"sound":true}},{"type":"Feature","geometry":{"type":"Point","coordinates":[-105.0481,43.1167]},"properties":{"api":"4900949418","name":"SHU Moore Fed 05-323768-1XTPH","op":"DEVON ENERGY PRODUCTION COMPANY LP","co":"Converse","trs":"T36N R68W S8","fm":"TEAPOT","eur":386901,"perft":38752,"sound":true}},{"type":"Feature","geometry":{"type":"Point","coordinates":[-105.7851,43.4744]},"properties":{"api":"4900949422","name":"ANTELOPE BUTTE 4174-32-29-1NH","op":"WRC ENERGY LLC","co":"Converse","trs":"T41N R74W S32","fm":null,"eur":null,"perft":null,"sound":false}},{"type":"Feature","geometry":{"type":"Point","coordinates":[-105.0501,42.985]},"properties":{"api":"4900949423","name":"Prawn Fed 3568-2932 1NH","op":"CONTINENTAL RESOURCES INC","co":"Converse","trs":"T35N R68W S29","fm":"NIOBRARA","eur":718782,"perft":73398,"sound":true}},{"type":"Feature","geometry":{"type":"Point","coordinates":[-105.05,42.985]},"properties":{"api":"4900949424","name":"Prawn 3568-2932 2NH","op":"CONTINENTAL RESOURCES INC","co":"Converse","trs":"T35N R68W S29","fm":"NIOBRARA","eur":617437,"perft":62148,"sound":true}},{"type":"Feature","geometry":{"type":"Point","coordinates":[-105.0499,42.985]},"properties":{"api":"4900949425","name":"Prawn Fed 3568-2932 3NH","op":"CONTINENTAL RESOURCES INC","co":"Converse","trs":"T35N R68W S29","fm":"NIOBRARA","eur":null,"perft":null,"sound":false}},{"type":"Feature","geometry":{"type":"Point","coordinates":[-105.7867,43.3866]},"properties":{"api":"4900949432","name":"TEEPEE POLE FLATS 4074-32-29-1SH","op":"WRC ENERGY LLC","co":"Converse","trs":"T39N R74W S6","fm":"SHANNON","eur":null,"perft":null,"sound":false}},{"type":"Feature","geometry":{"type":"Point","coordinates":[-105.7866,43.3867]},"properties":{"api":"4900949433","name":"BOMBER MOUNTAIN 3974-8-5-2SH","op":"WRC ENERGY LLC","co":"Converse","trs":"T39N R74W S6","fm":"SHANNON","eur":null,"perft":null,"sound":false}},{"type":"Feature","geometry":{"type":"Point","coordinates":[-105.7866,43.3867]},"properties":{"api":"4900949434","name":"MATHER PEAKS 4074-30-31-1SXH","op":"WRC ENERGY LLC","co":"Converse","trs":"T39N R74W S6","fm":"SUSSEX","eur":2254008,"perft":225604,"sound":true}},{"type":"Feature","geometry":{"type":"Point","coordinates":[-105.7851,43.4746]},"properties":{"api":"4900949435","name":"BALD MOUNTAIN 4074-6-7-1FH","op":"WRC ENERGY LLC","co":"Converse","trs":"T41N R74W S32","fm":null,"eur":null,"perft":null,"sound":false}},{"type":"Feature","geometry":{"type":"Point","coordinates":[-105.7851,43.4745]},"properties":{"api":"4900949437","name":"LAKE SOLITUDE 4074-5-8-3N2H","op":"WRC ENERGY LLC","co":"Converse","trs":"T41N R74W S32","fm":null,"eur":null,"perft":null,"sound":false}},{"type":"Feature","geometry":{"type":"Point","coordinates":[-105.0478,43.1167]},"properties":{"api":"4900949442","name":"SHU Moore Fed 05-323768-3XTPH","op":"DEVON ENERGY PRODUCTION COMPANY LP","co":"Converse","trs":"T36N R68W S8","fm":"TEAPOT","eur":322813,"perft":32803,"sound":true}},{"type":"Feature","geometry":{"type":"Point","coordinates":[-104.9769,43.0188]},"properties":{"api":"4900949458","name":"Stimson 3568-0211-1TH","op":"ROCKIES RESOURCES HOLDINGS LLC","co":"Converse","trs":"T35N R68W S12","fm":"TEAPOT","eur":null,"perft":null,"sound":false}},{"type":"Feature","geometry":{"type":"Point","coordinates":[-104.9769,43.0189]},"properties":{"api":"4900949459","name":"Glacier 3568-0211-1TH","op":"ROCKIES RESOURCES HOLDINGS LLC","co":"Converse","trs":"T35N R68W S12","fm":"TEAPOT","eur":null,"perft":null,"sound":false}},{"type":"Feature","geometry":{"type":"Point","coordinates":[-104.9769,43.0191]},"properties":{"api":"4900949460","name":"Castle 3568-1324-1TH","op":"ROCKIES RESOURCES HOLDINGS LLC","co":"Converse","trs":"T35N R68W S12","fm":"TEAPOT","eur":455445,"perft":44030,"sound":true}},{"type":"Feature","geometry":{"type":"Point","coordinates":[-105.0719,43.0163]},"properties":{"api":"4900949461","name":"Ajax 3568-0607-1TH","op":"ROCKIES RESOURCES HOLDINGS LLC","co":"Converse","trs":"T35N R68W S18","fm":"TEAPOT","eur":335033,"perft":32853,"sound":true}},{"type":"Feature","geometry":{"type":"Point","coordinates":[-105.0718,43.0162]},"properties":{"api":"4900949462","name":"Carter 3568-0607-1TH","op":"ROCKIES RESOURCES HOLDINGS LLC","co":"Converse","trs":"T35N R68W S18","fm":"TEAPOT","eur":344372,"perft":38040,"sound":true}},{"type":"Feature","geometry":{"type":"Point","coordinates":[-105.3899,42.9844]},"properties":{"api":"4900949502","name":"Boomer Fed 3571-21-16-2E NH","op":"ANSCHUTZ EXPLORATION CORPORATION","co":"Converse","trs":"T35N R71W S21","fm":null,"eur":null,"perft":null,"sound":false}},{"type":"Feature","geometry":{"type":"Point","coordinates":[-105.8075,43.4726]},"properties":{"api":"4900949512","name":"Darton Peak 4075-12-1-1FH","op":"WRC ENERGY LLC","co":"Converse","trs":"T40N R75W S1","fm":null,"eur":null,"perft":null,"sound":false}},{"type":"Feature","geometry":{"type":"Point","coordinates":[-105.3646,43.1006]},"properties":{"api":"4900949518","name":"Roper Fed 3671-15-22-13 SXH","op":"ANSCHUTZ EXPLORATION CORPORATION","co":"Converse","trs":"T36N R71W S15","fm":"SUSSEX","eur":1201145,"perft":null,"sound":true}},{"type":"Feature","geometry":{"type":"Point","coordinates":[-105.2577,43.2556]},"properties":{"api":"4900949540","name":"CDU Seebaum Fed 22-273870-3XNH","op":"DEVON ENERGY PRODUCTION COMPANY LP","co":"Converse","trs":"T38N R70W S22","fm":null,"eur":null,"perft":null,"sound":false}},{"type":"Feature","geometry":{"type":"Point","coordinates":[-105.4491,43.1864]},"properties":{"api":"4900949549","name":"PDU Tillard 13-253772-5XNH","op":"DEVON ENERGY PRODUCTION COMPANY LP","co":"Converse","trs":"T37N R72W S13","fm":null,"eur":null,"perft":null,"sound":false}},{"type":"Feature","geometry":{"type":"Point","coordinates":[-105.4491,43.1862]},"properties":{"api":"4900949550","name":"PDU Tillard Fed 13-253772-1XNH","op":"DEVON ENERGY PRODUCTION COMPANY LP","co":"Converse","trs":"T37N R72W S13","fm":null,"eur":null,"perft":null,"sound":false}},{"type":"Feature","geometry":{"type":"Point","coordinates":[-105.4491,43.1863]},"properties":{"api":"4900949551","name":"PDU Tillard Fed 13-253772-3XNH","op":"DEVON ENERGY PRODUCTION COMPANY LP","co":"Converse","trs":"T37N R72W S13","fm":null,"eur":null,"perft":null,"sound":false}},{"type":"Feature","geometry":{"type":"Point","coordinates":[-105.8713,43.2722]},"properties":{"api":"4900949552","name":"Juniper 09W21-5NH","op":"SAGE BUTTE PRB OPERATING, LLC","co":"Converse","trs":"T38N R75W S9","fm":null,"eur":null,"perft":null,"sound":false}},{"type":"Feature","geometry":{"type":"Point","coordinates":[-105.8075,43.4725]},"properties":{"api":"4900949553","name":"HABANARO 4175-36-25-1NH","op":"WRC ENERGY LLC","co":"Converse","trs":"T40N R75W S1","fm":null,"eur":null,"perft":null,"sound":false}},{"type":"Feature","geometry":{"type":"Point","coordinates":[-105.3603,42.9823]},"properties":{"api":"4900949558","name":"Meatloaf Fed 3571-27-34-16X SXH","op":"ANSCHUTZ EXPLORATION CORPORATION","co":"Converse","trs":"T35N R71W S27","fm":"SUSSEX","eur":141460,"perft":15007,"sound":true}},{"type":"Feature","geometry":{"type":"Point","coordinates":[-105.8855,43.4163]},"properties":{"api":"4900949563","name":"Spruce 29E32-6NH","op":"SAGE BUTTE PRB OPERATING, LLC","co":"Converse","trs":"T40N R75W S29","fm":"NIOBRARA","eur":390501,"perft":39730,"sound":true}},{"type":"Feature","geometry":{"type":"Point","coordinates":[-105.8855,43.4163]},"properties":{"api":"4900949564","name":"Spruce 29E32-8NH","op":"SAGE BUTTE PRB OPERATING, LLC","co":"Converse","trs":"T40N R75W S29","fm":"NIOBRARA","eur":372017,"perft":37205,"sound":true}},{"type":"Feature","geometry":{"type":"Point","coordinates":[-105.7451,43.3152]},"properties":{"api":"4900949574","name":"Lily Lake 3974-33-4-1NH","op":"WRC ENERGY LLC","co":"Converse","trs":"T39N R74W S33","fm":null,"eur":null,"perft":null,"sound":false}},{"type":"Feature","geometry":{"type":"Point","coordinates":[-105.7457,43.3152]},"properties":{"api":"4900949576","name":"Lily Lake 3974-33-4-1SH","op":"WRC ENERGY LLC","co":"Converse","trs":"T39N R74W S33","fm":null,"eur":null,"perft":null,"sound":false}},{"type":"Feature","geometry":{"type":"Point","coordinates":[-105.8224,43.4164]},"properties":{"api":"4900949645","name":"Spruce 26E14-8NH","op":"SAGE BUTTE PRB OPERATING, LLC","co":"Converse","trs":"T40N R75W S26","fm":null,"eur":null,"perft":null,"sound":false}},{"type":"Feature","geometry":{"type":"Point","coordinates":[-105.2124,43.1765]},"properties":{"api":"4900949718","name":"KSS Fed 13-363770-3XNH","op":"DEVON ENERGY PRODUCTION COMPANY LP","co":"Converse","trs":"T37N R70W S13","fm":null,"eur":null,"perft":null,"sound":false}},{"type":"Feature","geometry":{"type":"Point","coordinates":[-105.2124,43.1767]},"properties":{"api":"4900949719","name":"KSS Fed 13-363770-1XNH","op":"DEVON ENERGY PRODUCTION COMPANY LP","co":"Converse","trs":"T37N R70W S13","fm":null,"eur":null,"perft":null,"sound":false}},{"type":"Feature","geometry":{"type":"Point","coordinates":[-105.2124,43.1766]},"properties":{"api":"4900949720","name":"KSS Fed 13-363770-5XNH","op":"DEVON ENERGY PRODUCTION COMPANY LP","co":"Converse","trs":"T37N R70W S13","fm":null,"eur":null,"perft":null,"sound":false}},{"type":"Feature","geometry":{"type":"Point","coordinates":[-105.8531,43.3018]},"properties":{"api":"4900949755","name":"Soldier Park 3875 3-10-1NH","op":"WRC ENERGY LLC","co":"Converse","trs":"T39N R75W S34","fm":null,"eur":null,"perft":null,"sound":false}},{"type":"Feature","geometry":{"type":"Point","coordinates":[-105.823,43.1832]},"properties":{"api":"4900949788","name":"Leda 347 14-23H","op":"CONTINENTAL RESOURCES INC","co":"Converse","trs":"T37N R75W S14","fm":null,"eur":null,"perft":null,"sound":false}},{"type":"Feature","geometry":{"type":"Point","coordinates":[-104.9549,42.9853]},"properties":{"api":"4900949811","name":"Billings 21NXH","op":"1876 RESOURCES LLC","co":"Converse","trs":"T35N R67W S30","fm":null,"eur":null,"perft":null,"sound":false}},{"type":"Feature","geometry":{"type":"Point","coordinates":[-104.9548,42.9853]},"properties":{"api":"4900949812","name":"Billings 22NXH","op":"1876 RESOURCES LLC","co":"Converse","trs":"T35N R67W S30","fm":null,"eur":null,"perft":null,"sound":false}},{"type":"Feature","geometry":{"type":"Point","coordinates":[-104.9547,42.9852]},"properties":{"api":"4900949813","name":"Billings 23NXH","op":"1876 RESOURCES LLC","co":"Converse","trs":"T35N R67W S30","fm":null,"eur":null,"perft":null,"sound":false}},{"type":"Feature","geometry":{"type":"Point","coordinates":[-104.9546,42.9852]},"properties":{"api":"4900949816","name":"Dillon 23NXH","op":"1876 RESOURCES LLC","co":"Converse","trs":"T35N R67W S30","fm":null,"eur":null,"perft":null,"sound":false}},{"type":"Feature","geometry":{"type":"Point","coordinates":[-105.2578,43.2559]},"properties":{"api":"4900949861","name":"CDU Seebaum Fed 22-343870-1XNH","op":"DEVON ENERGY PRODUCTION COMPANY LP","co":"Converse","trs":"T38N R70W S22","fm":null,"eur":null,"perft":null,"sound":false}},{"type":"Feature","geometry":{"type":"Point","coordinates":[-105.2578,43.2557]},"properties":{"api":"4900949864","name":"CDU Seebaum Fed 22-343870-2XNH","op":"DEVON ENERGY PRODUCTION COMPANY LP","co":"Converse","trs":"T38N R70W S22","fm":null,"eur":null,"perft":null,"sound":false}},{"type":"Feature","geometry":{"type":"Point","coordinates":[-104.9675,43.1439]},"properties":{"api":"4900949953","name":"Steamboat Fed 36-123668-4XNH","op":"DEVON ENERGY PRODUCTION COMPANY LP","co":"Converse","trs":"T37N R68W S36","fm":null,"eur":null,"perft":null,"sound":false}},{"type":"Feature","geometry":{"type":"Point","coordinates":[-104.9676,43.1439]},"properties":{"api":"4900949954","name":"STEAMBOAT FED 36-123668-3XNH","op":"DEVON ENERGY PRODUCTION COMPANY LP","co":"Converse","trs":"T37N R68W S36","fm":null,"eur":null,"perft":null,"sound":false}},{"type":"Feature","geometry":{"type":"Point","coordinates":[-104.9678,43.1439]},"properties":{"api":"4900949955","name":"STEAMBOAT FED 36-123668-1XNH","op":"DEVON ENERGY PRODUCTION COMPANY LP","co":"Converse","trs":"T37N R68W S36","fm":null,"eur":null,"perft":null,"sound":false}},{"type":"Feature","geometry":{"type":"Point","coordinates":[-104.9682,43.1438]},"properties":{"api":"4900949974","name":"SHU Steamboat Fed 25-243768-1XNH","op":"DEVON ENERGY PRODUCTION COMPANY LP","co":"Converse","trs":"T37N R68W S36","fm":null,"eur":null,"perft":null,"sound":false}},{"type":"Feature","geometry":{"type":"Point","coordinates":[-105.8961,43.2811]},"properties":{"api":"4900950246","name":"Crazy Woman Canyon 3875-17-8-1NH","op":"WRC ENERGY LLC","co":"Converse","trs":"T38N R75W S8","fm":null,"eur":null,"perft":null,"sound":false}},{"type":"Feature","geometry":{"type":"Point","coordinates":[-105.8961,43.281]},"properties":{"api":"4900950247","name":"Dullknife Reservoir 3875-5-8-1NH","op":"WRC ENERGY LLC","co":"Converse","trs":"T38N R75W S8","fm":null,"eur":null,"perft":null,"sound":false}},{"type":"Feature","geometry":{"type":"Point","coordinates":[-105.305,44.0751]},"properties":{"api":"4900526450","name":"BOOS UNIT 5-A H","op":null,"co":"Campbell","trs":"T47N R70W S6","fm":null,"eur":null,"perft":null,"sound":false}},{"type":"Feature","geometry":{"type":"Point","coordinates":[-105.2455,44.2319]},"properties":{"api":"4900529041","name":"SEPCO W-102943 11-14","op":null,"co":"Campbell","trs":"T49N R70W S14","fm":null,"eur":857523,"perft":null,"sound":true}},{"type":"Feature","geometry":{"type":"Point","coordinates":[-105.3761,44.1757]},"properties":{"api":"4900529637","name":"WOLFF FEE 34-34","op":null,"co":"Campbell","trs":"T49N R71W S34","fm":null,"eur":810219,"perft":null,"sound":true}},{"type":"Feature","geometry":{"type":"Point","coordinates":[-105.8731,44.0104]},"properties":{"api":"4900530685","name":"FEDERAL 41-33H","op":null,"co":"Campbell","trs":"T47N R75W S33","fm":null,"eur":197601,"perft":null,"sound":true}},{"type":"Feature","geometry":{"type":"Point","coordinates":[-105.087,44.453]},"properties":{"api":"4900530771","name":"HILDA STATE 41-36","op":null,"co":"Campbell","trs":"T52N R69W S36","fm":null,"eur":263107,"perft":null,"sound":true}},{"type":"Feature","geometry":{"type":"Point","coordinates":[-105.1122,44.6236]},"properties":{"api":"4900530851","name":"HOWARD 32-35","op":null,"co":"Campbell","trs":"T54N R69W S35","fm":null,"eur":null,"perft":null,"sound":false}},{"type":"Feature","geometry":{"type":"Point","coordinates":[-105.3815,44.2458]},"properties":{"api":"4900530871","name":"PICKREL 10-3","op":null,"co":"Campbell","trs":"T49N R71W S10","fm":null,"eur":null,"perft":null,"sound":false}},{"type":"Feature","geometry":{"type":"Point","coordinates":[-105.0885,44.3104]},"properties":{"api":"4900530934","name":"ANDERSON 44-13","op":null,"co":"Campbell","trs":"T50N R69W S13","fm":null,"eur":null,"perft":null,"sound":false}},{"type":"Feature","geometry":{"type":"Point","coordinates":[-105.1158,44.6336]},"properties":{"api":"4900530996","name":"FEDERAL 33-26","op":null,"co":"Campbell","trs":"T54N R69W S26","fm":null,"eur":null,"perft":null,"sound":false}},{"type":"Feature","geometry":{"type":"Point","coordinates":[-105.2399,44.3223]},"properties":{"api":"4900530999","name":"PLAINS FEDERAL 21D-14","op":null,"co":"Campbell","trs":"T50N R70W S14","fm":null,"eur":214562,"perft":null,"sound":true}},{"type":"Feature","geometry":{"type":"Point","coordinates":[-105.188,44.5417]},"properties":{"api":"4900531032","name":"PINON 44-30","op":null,"co":"Campbell","trs":"T53N R69W S30","fm":null,"eur":159372,"perft":null,"sound":true}},{"type":"Feature","geometry":{"type":"Point","coordinates":[-105.2437,44.5764]},"properties":{"api":"4900531224","name":"SAGEBRUSH 1","op":null,"co":"Campbell","trs":"T53N R70W S14","fm":null,"eur":316171,"perft":null,"sound":true}},{"type":"Feature","geometry":{"type":"Point","coordinates":[-105.7395,43.9457]},"properties":{"api":"4900531293","name":"HOUSE CREEK NORTH UN 33-22","op":null,"co":"Campbell","trs":"T46N R74W S22","fm":null,"eur":null,"perft":null,"sound":false}},{"type":"Feature","geometry":{"type":"Point","coordinates":[-105.2181,44.3263]},"properties":{"api":"4900531508","name":"ROZET MUDDY SAND UN 23-12H","op":"BARN OWLS LLC","co":"Campbell","trs":"T50N R70W S12","fm":"MUDDY","eur":52191,"perft":null,"sound":true}},{"type":"Feature","geometry":{"type":"Point","coordinates":[-105.2465,44.5735]},"properties":{"api":"4900531516","name":"SAGEBRUSH FEDERAL 2","op":null,"co":"Campbell","trs":"T53N R70W S14","fm":"MINNELUSA","eur":193025,"perft":null,"sound":true}},{"type":"Feature","geometry":{"type":"Point","coordinates":[-105.0938,44.4953]},"properties":{"api":"4900531636","name":"FEDERAL 21-13","op":null,"co":"Campbell","trs":"T52N R69W S13","fm":"MINNELUSA","eur":383278,"perft":null,"sound":true}},{"type":"Feature","geometry":{"type":"Point","coordinates":[-105.8878,44.0134]},"properties":{"api":"4900531690","name":"TRIANGLE U EAST UNIT 14-28H","op":null,"co":"Campbell","trs":null,"fm":"SUSSEX","eur":null,"perft":null,"sound":false}},{"type":"Feature","geometry":{"type":"Point","coordinates":[-105.2025,44.2659]},"properties":{"api":"4900531782","name":"HALVERSON UNIT 14-31","op":"TR OPERATING LLC","co":"Campbell","trs":null,"fm":"MINNELUSA","eur":null,"perft":null,"sound":false}},{"type":"Feature","geometry":{"type":"Point","coordinates":[-105.5676,44.7653]},"properties":{"api":"4900531909","name":"TREND 7-1","op":null,"co":"Campbell","trs":"T55N R72W S7","fm":"MINNELUSA","eur":410824,"perft":null,"sound":true}},{"type":"Feature","geometry":{"type":"Point","coordinates":[-105.344,44.6132]},"properties":{"api":"4900532322","name":"BOOTHILL 36-1","op":null,"co":"Campbell","trs":null,"fm":"MINNELUSA","eur":386641,"perft":null,"sound":true}},{"type":"Feature","geometry":{"type":"Point","coordinates":[-105.8467,44.8414]},"properties":{"api":"4900532489","name":"BREW 11-1","op":"THE TERMO COMPANY","co":"Campbell","trs":"T56N R75W S11","fm":"MUDDY","eur":140523,"perft":null,"sound":true}},{"type":"Feature","geometry":{"type":"Point","coordinates":[-105.0911,44.4944]},"properties":{"api":"4900533087","name":"JN FEDERAL 31-13","op":"RED TIGER OIL & GAS LLC","co":"Campbell","trs":"T52N R69W S13","fm":"MINNELUSA","eur":null,"perft":null,"sound":false}},{"type":"Feature","geometry":{"type":"Point","coordinates":[-105.138,44.0691]},"properties":{"api":"4900534531","name":"BISHOP 10-5 H","op":null,"co":"Campbell","trs":"T47N R69W S10","fm":"MOWRY","eur":null,"perft":null,"sound":false}},{"type":"Feature","geometry":{"type":"Point","coordinates":[-105.7315,43.6397]},"properties":{"api":"4900535842","name":"IBERLIN RANCH 33-3H","op":"BALLARD PETROLEUM HOLDINGS LLC","co":"Campbell","trs":"T42N R74W S3","fm":"FRONTIER","eur":282094,"perft":null,"sound":true}},{"type":"Feature","geometry":{"type":"Point","coordinates":[-105.1958,44.412]},"properties":{"api":"4900536095","name":"EAST KUEHNE RANCH 24-7","op":"P O & G OPERATING LLC","co":"Campbell","trs":"T51N R69W S7","fm":"MINNELUSA","eur":261335,"perft":null,"sound":true}},{"type":"Feature","geometry":{"type":"Point","coordinates":[-105.1926,44.2617]},"properties":{"api":"4900537851","name":"DUVALL 31-6","op":null,"co":"Campbell","trs":"T49N R69W S6","fm":"MINNELUSA 'B'","eur":null,"perft":null,"sound":false}},{"type":"Feature","geometry":{"type":"Point","coordinates":[-105.1314,44.8842]},"properties":{"api":"4900538634","name":"NW-32 5","op":null,"co":"Campbell","trs":"T57N R69W S34","fm":"MINNELUSA","eur":277704,"perft":null,"sound":true}},{"type":"Feature","geometry":{"type":"Point","coordinates":[-105.1598,44.5981]},"properties":{"api":"4900539222","name":"SPRING HOLE UNIT 31-9","op":null,"co":"Campbell","trs":"T53N R69W S9","fm":"MINNELUSA B SAND","eur":526067,"perft":null,"sound":true}},{"type":"Feature","geometry":{"type":"Point","coordinates":[-105.8399,44.8626]},"properties":{"api":"4900541868","name":"S A CREEK UNIT 1","op":null,"co":"Campbell","trs":"T56N R75W S1","fm":"MINNELUSA C","eur":678134,"perft":null,"sound":true}},{"type":"Feature","geometry":{"type":"Point","coordinates":[-105.1428,44.0482]},"properties":{"api":"4900541904","name":"S&W STATE 16-47-69 H","op":null,"co":"Campbell","trs":"T47N R69W S16","fm":"MOWRY","eur":null,"perft":null,"sound":false}},{"type":"Feature","geometry":{"type":"Point","coordinates":[-105.1392,44.0688]},"properties":{"api":"4900543307","name":"TURNER 10-5H","op":null,"co":"Campbell","trs":"T47N R69W S10","fm":"TURNER","eur":null,"perft":null,"sound":false}},{"type":"Feature","geometry":{"type":"Point","coordinates":[-105.1134,44.5107]},"properties":{"api":"4900543837","name":"OHC FEDERAL 31-11","op":null,"co":"Campbell","trs":"T52N R69W S11","fm":"MINNELUSA B","eur":245980,"perft":null,"sound":true}},{"type":"Feature","geometry":{"type":"Point","coordinates":[-105.9328,43.8539]},"properties":{"api":"4900545267","name":"HARTZOG DRAW UNIT 5748H","op":null,"co":"Campbell","trs":"T45N R76W S24","fm":"SHANNON","eur":null,"perft":null,"sound":false}},{"type":"Feature","geometry":{"type":"Point","coordinates":[-105.668,43.68]},"properties":{"api":"4900545589","name":"STARLIGHT  FEDERAL COM 29H","op":"EOG RESOURCES INC","co":"Campbell","trs":"T43N R73W S19","fm":"PARKMAN","eur":null,"perft":null,"sound":false}},{"type":"Feature","geometry":{"type":"Point","coordinates":[-105.523,44.723]},"properties":{"api":"4900546642","name":"TREND FEE 28 1","op":null,"co":"Campbell","trs":"T55N R72W S28","fm":"MINNELUSA","eur":402376,"perft":null,"sound":true}},{"type":"Feature","geometry":{"type":"Point","coordinates":[-105.1726,44.5038]},"properties":{"api":"4900548358","name":"WEST GIBBS UNIT 33-8","op":null,"co":"Campbell","trs":"T52N R69W S8","fm":"MINNELUSA","eur":817734,"perft":null,"sound":true}},{"type":"Feature","geometry":{"type":"Point","coordinates":[-105.5194,44.7182]},"properties":{"api":"4900549402","name":"TREND FEDERAL 28 4","op":null,"co":"Campbell","trs":"T55N R72W S28","fm":"MUDDY","eur":209406,"perft":null,"sound":true}},{"type":"Feature","geometry":{"type":"Point","coordinates":[-105.7686,43.8688]},"properties":{"api":"4900551900","name":"SLPU STATE 14-16H","op":null,"co":"Campbell","trs":"T45N R74W S16","fm":null,"eur":null,"perft":null,"sound":false}},{"type":"Feature","geometry":{"type":"Point","coordinates":[-105.7679,43.8616]},"properties":{"api":"4900553903","name":"SLPU FED 12-21H","op":null,"co":"Campbell","trs":"T45N R74W S21","fm":"PARKMAN","eur":null,"perft":null,"sound":false}},{"type":"Feature","geometry":{"type":"Point","coordinates":[-105.768,43.8542]},"properties":{"api":"4900553904","name":"SLPU FED 14-21H","op":"CITATION OIL & GAS CORPORATION","co":"Campbell","trs":"T45N R74W S21","fm":"PARKMAN","eur":null,"perft":null,"sound":false}},{"type":"Feature","geometry":{"type":"Point","coordinates":[-105.7678,43.8916]},"properties":{"api":"4900553905","name":"SLPU 12-9IH","op":null,"co":"Campbell","trs":"T45N R74W S9","fm":"PARKMAN","eur":null,"perft":null,"sound":false}},{"type":"Feature","geometry":{"type":"Point","coordinates":[-105.2367,44.6062]},"properties":{"api":"4900554793","name":"STRAGG DRAW 32-2","op":null,"co":"Campbell","trs":"T53N R70W S2","fm":"MINNELUSA B","eur":420518,"perft":null,"sound":true}},{"type":"Feature","geometry":{"type":"Point","coordinates":[-105.7878,43.8833]},"properties":{"api":"4900555366","name":"SLPU FED 14-08H","op":null,"co":"Campbell","trs":"T45N R74W S8","fm":"PARKMAN","eur":384135,"perft":null,"sound":true}},{"type":"Feature","geometry":{"type":"Point","coordinates":[-105.7476,43.8247]},"properties":{"api":"4900555368","name":"SLPU FED 14-34H","op":null,"co":"Campbell","trs":"T45N R74W S34","fm":"PARKMAN","eur":243757,"perft":null,"sound":true}},{"type":"Feature","geometry":{"type":"Point","coordinates":[-105.7485,43.8394]},"properties":{"api":"4900555369","name":"SLPU FED 14-27H","op":null,"co":"Campbell","trs":"T45N R74W S27","fm":"PARKMAN","eur":null,"perft":null,"sound":false}},{"type":"Feature","geometry":{"type":"Point","coordinates":[-105.7686,43.8394]},"properties":{"api":"4900555372","name":"SLPU FED 14-28H","op":null,"co":"Campbell","trs":"T45N R74W S28","fm":"PARKMAN","eur":174439,"perft":null,"sound":true}},{"type":"Feature","geometry":{"type":"Point","coordinates":[-105.7484,43.8703]},"properties":{"api":"4900555488","name":"SLPU 14-15H","op":null,"co":"Campbell","trs":"T45N R74W S15","fm":"PARKMAN","eur":null,"perft":null,"sound":false}},{"type":"Feature","geometry":{"type":"Point","coordinates":[-105.7486,43.8617]},"properties":{"api":"4900555492","name":"SLPU FED 12-22H","op":null,"co":"Campbell","trs":"T45N R74W S22","fm":"PARKMAN","eur":null,"perft":null,"sound":false}},{"type":"Feature","geometry":{"type":"Point","coordinates":[-105.7485,43.8542]},"properties":{"api":"4900555495","name":"SLPU FED 14-22H","op":null,"co":"Campbell","trs":"T45N R74W S22","fm":"PARKMAN","eur":null,"perft":null,"sound":false}},{"type":"Feature","geometry":{"type":"Point","coordinates":[-105.8289,44.0074]},"properties":{"api":"4900555498","name":"STATE 12-36H","op":null,"co":"Campbell","trs":"T47N R75W S36","fm":"PARKMAN","eur":null,"perft":null,"sound":false}},{"type":"Feature","geometry":{"type":"Point","coordinates":[-105.8462,44.8439]},"properties":{"api":"4900555921","name":"WEST RECLUSE FED 11-1","op":"THE TERMO COMPANY","co":"Campbell","trs":null,"fm":null,"eur":60801,"perft":null,"sound":true}},{"type":"Feature","geometry":{"type":"Point","coordinates":[-105.7668,43.8984]},"properties":{"api":"4900556127","name":"SLPU 14-4H","op":null,"co":"Campbell","trs":"T45N R74W S4","fm":"PARKMAN","eur":null,"perft":null,"sound":false}},{"type":"Feature","geometry":{"type":"Point","coordinates":[-105.789,43.8989]},"properties":{"api":"4900556442","name":"SLPU 14-5H","op":null,"co":"Campbell","trs":"T45N R74W S5","fm":"PARKMAN","eur":null,"perft":null,"sound":false}},{"type":"Feature","geometry":{"type":"Point","coordinates":[-105.8289,43.9561]},"properties":{"api":"4900556443","name":"NWHCU 14-13H","op":null,"co":"Campbell","trs":"T46N R75W S13","fm":"SUSSEX","eur":93740,"perft":null,"sound":true}},{"type":"Feature","geometry":{"type":"Point","coordinates":[-105.7486,43.8327]},"properties":{"api":"4900556445","name":"SLPU FED 12-34H","op":null,"co":"Campbell","trs":"T45N R74W S34","fm":"PARKMAN","eur":null,"perft":null,"sound":false}},{"type":"Feature","geometry":{"type":"Point","coordinates":[-105.7686,43.8469]},"properties":{"api":"4900556448","name":"SLPU FED 12-28H","op":null,"co":"Campbell","trs":"T45N R74W S28","fm":"PARKMAN","eur":203407,"perft":null,"sound":true}},{"type":"Feature","geometry":{"type":"Point","coordinates":[-105.2716,43.8824]},"properties":{"api":"4900556507","name":"CHU 16-3H","op":"EMEP II OPERATING LLC","co":"Campbell","trs":"T45N R70W S16","fm":"MUDDY","eur":null,"perft":null,"sound":false}},{"type":"Feature","geometry":{"type":"Point","coordinates":[-105.8088,43.912]},"properties":{"api":"4900556627","name":"SLPU FED  14-31H","op":null,"co":"Campbell","trs":"T46N R74W S31","fm":"PARKMAN","eur":null,"perft":null,"sound":false}},{"type":"Feature","geometry":{"type":"Point","coordinates":[-105.8089,43.9489]},"properties":{"api":"4900556628","name":"SLPU FED 12-19H","op":null,"co":"Campbell","trs":"T46N R74W S19","fm":"PARKMAN","eur":null,"perft":null,"sound":false}},{"type":"Feature","geometry":{"type":"Point","coordinates":[-105.8093,43.9414]},"properties":{"api":"4900556631","name":"SLPU FED 14-19H","op":null,"co":"Campbell","trs":"T46N R74W S19","fm":"PARKMAN","eur":null,"perft":null,"sound":false}},{"type":"Feature","geometry":{"type":"Point","coordinates":[-105.7686,43.9045]},"properties":{"api":"4900556632","name":"SLPU FED 12-4H","op":null,"co":"Campbell","trs":"T45N R74W S4","fm":"PARKMAN","eur":null,"perft":null,"sound":false}},{"type":"Feature","geometry":{"type":"Point","coordinates":[-105.8485,44.8418]},"properties":{"api":"4900556658","name":"WEST RECLUSE 14-1","op":"THE TERMO COMPANY","co":"Campbell","trs":"T56N R75W S11","fm":"MUDDY","eur":null,"perft":null,"sound":false}},{"type":"Feature","geometry":{"type":"Point","coordinates":[-105.8093,43.9192]},"properties":{"api":"4900556669","name":"SLPU FED 12-31H","op":null,"co":"Campbell","trs":"T46N R74W S31","fm":"PARKMAN","eur":null,"perft":null,"sound":false}},{"type":"Feature","geometry":{"type":"Point","coordinates":[-105.3803,43.9553]},"properties":{"api":"4900557057","name":"GRADY 22-1H","op":null,"co":"Campbell","trs":"T46N R71W S22","fm":"MUDDY","eur":null,"perft":null,"sound":false}},{"type":"Feature","geometry":{"type":"Point","coordinates":[-105.8089,43.9046]},"properties":{"api":"4900557124","name":"SLPU FED 12-6H","op":null,"co":"Campbell","trs":"T45N R74W S6","fm":"PARKMAN","eur":null,"perft":null,"sound":false}},{"type":"Feature","geometry":{"type":"Point","coordinates":[-105.8286,43.9419]},"properties":{"api":"4900557127","name":"SLPU FED 14-24H","op":null,"co":"Campbell","trs":"T46N R75W S24","fm":"PARKMAN","eur":272105,"perft":69344,"sound":true}},{"type":"Feature","geometry":{"type":"Point","coordinates":[-105.8285,43.9709]},"properties":{"api":"4900557129","name":"SLPU FED 14-12H","op":null,"co":"Campbell","trs":"T46N R75W S12","fm":"PARKMAN","eur":null,"perft":null,"sound":false}},{"type":"Feature","geometry":{"type":"Point","coordinates":[-105.8089,43.9348]},"properties":{"api":"4900557130","name":"SLPU FED 12-30H","op":null,"co":"Campbell","trs":"T46N R74W S30","fm":"PARKMAN","eur":null,"perft":null,"sound":false}},{"type":"Feature","geometry":{"type":"Point","coordinates":[-105.8087,43.9266]},"properties":{"api":"4900557132","name":"SLPU FED 14-30H","op":null,"co":"Campbell","trs":"T46N R74W S30","fm":"PARKMAN","eur":null,"perft":null,"sound":false}},{"type":"Feature","geometry":{"type":"Point","coordinates":[-105.8284,43.9638]},"properties":{"api":"4900557133","name":"SLPU FED 12-13H","op":null,"co":"Campbell","trs":"T46N R75W S13","fm":"PARKMAN","eur":185065,"perft":null,"sound":true}},{"type":"Feature","geometry":{"type":"Point","coordinates":[-105.8076,43.8976]},"properties":{"api":"4900557216","name":"SLPU FED 14-6H","op":null,"co":"Campbell","trs":"T45N R74W S6","fm":"PARKMAN","eur":null,"perft":null,"sound":false}},{"type":"Feature","geometry":{"type":"Point","coordinates":[-105.9401,43.7335]},"properties":{"api":"4900557548","name":"PBSU 1-H","op":null,"co":"Campbell","trs":null,"fm":"SHANNON","eur":null,"perft":null,"sound":false}},{"type":"Feature","geometry":{"type":"Point","coordinates":[-105.5397,44.7478]},"properties":{"api":"4900557550","name":"TREND FEDERAL 17-2","op":"IMPACT ENERGY OPERATING LLC","co":"Campbell","trs":"T55N R72W S17","fm":"MINNLUSA","eur":null,"perft":null,"sound":false}},{"type":"Feature","geometry":{"type":"Point","coordinates":[-105.8092,43.9639]},"properties":{"api":"4900557748","name":"SLPU FED 12-18H","op":null,"co":"Campbell","trs":"T46N R74W S18","fm":"PARKMAN","eur":45946,"perft":null,"sound":true}},{"type":"Feature","geometry":{"type":"Point","coordinates":[-105.8092,43.9561]},"properties":{"api":"4900557749","name":"SLPU FED 14-18H","op":null,"co":"Campbell","trs":"T46N R74W S18","fm":"PARKMAN","eur":140529,"perft":null,"sound":true}},{"type":"Feature","geometry":{"type":"Point","coordinates":[-105.8111,43.9598]},"properties":{"api":"4900557825","name":"SLPU FED 43-13H","op":null,"co":"Campbell","trs":"T46N R75W S13","fm":"PARKMAN","eur":135171,"perft":null,"sound":true}},{"type":"Feature","geometry":{"type":"Point","coordinates":[-105.5716,44.7478]},"properties":{"api":"4900557964","name":"TREND FEDERAL 13-18","op":null,"co":"Campbell","trs":"T55N R72W S18","fm":"MINNELUSA C SAND","eur":240646,"perft":null,"sound":true}},{"type":"Feature","geometry":{"type":"Point","coordinates":[-105.7509,43.836]},"properties":{"api":"4900557978","name":"SLPU FED  41-33H","op":null,"co":"Campbell","trs":"T45N R74W S33","fm":"PARKMAN","eur":75056,"perft":null,"sound":true}},{"type":"Feature","geometry":{"type":"Point","coordinates":[-105.7432,43.8114]},"properties":{"api":"4900558009","name":"SLPU FED 14-3H","op":null,"co":"Campbell","trs":"T44N R74W S3","fm":"PARKMAN","eur":131217,"perft":null,"sound":true}},{"type":"Feature","geometry":{"type":"Point","coordinates":[-105.7434,43.7975]},"properties":{"api":"4900558423","name":"SLPU 14-10H","op":"CITATION OIL & GAS CORPORATION","co":"Campbell","trs":"T44N R74W S10","fm":"PARKMAN","eur":null,"perft":null,"sound":false}},{"type":"Feature","geometry":{"type":"Point","coordinates":[-105.8309,43.9597]},"properties":{"api":"4900558429","name":"SLPU FED 43-14H","op":null,"co":"Campbell","trs":"T46N R75W S14","fm":"PARKMAN","eur":null,"perft":null,"sound":false}},{"type":"Feature","geometry":{"type":"Point","coordinates":[-105.7434,43.8177]},"properties":{"api":"4900558431","name":"SLPU FED 12-3H","op":null,"co":"Campbell","trs":"T44N R74W S3","fm":"PARKMAN","eur":106431,"perft":null,"sound":true}},{"type":"Feature","geometry":{"type":"Point","coordinates":[-105.7432,43.8042]},"properties":{"api":"4900558432","name":"SLPU FED 12-10H","op":null,"co":"Campbell","trs":"T44N R74W S10","fm":"PARKMAN","eur":null,"perft":null,"sound":false}},{"type":"Feature","geometry":{"type":"Point","coordinates":[-105.5644,44.7463]},"properties":{"api":"4900558858","name":"TREND FEDERAL 23-18","op":null,"co":"Campbell","trs":"T55N R72W S18","fm":"MINNELUSA \"C\"SAND","eur":177497,"perft":null,"sound":true}},{"type":"Feature","geometry":{"type":"Point","coordinates":[-105.1556,43.8713]},"properties":{"api":"4900559517","name":"BACON CREEK FEDERAL 45-69-16-21-1TH","op":"CENTURY OIL AND GAS LLC","co":"Campbell","trs":"T45N R69W S16","fm":"TURNER","eur":null,"perft":null,"sound":false}},{"type":"Feature","geometry":{"type":"Point","coordinates":[-105.4372,43.5062]},"properties":{"api":"4900559607","name":"CROSSBOW 03-19H","op":"EOG RESOURCES INC","co":"Campbell","trs":"T41N R71W S19","fm":"NIOBRARA","eur":null,"perft":null,"sound":false}},{"type":"Feature","geometry":{"type":"Point","coordinates":[-105.1317,44.8865]},"properties":{"api":"4900560717","name":"NW 32-6","op":"D90 ENERGY LLC","co":"Campbell","trs":"T57N R69W S34","fm":"MINNELUSA","eur":175726,"perft":null,"sound":true}},{"type":"Feature","geometry":{"type":"Point","coordinates":[-105.1742,43.7078]},"properties":{"api":"4900560860","name":"KEELINE UNIT 17-21H","op":"WELLSTAR CORPORATION","co":"Campbell","trs":"T43N R69W S17","fm":"MOWRY","eur":29059,"perft":null,"sound":true}},{"type":"Feature","geometry":{"type":"Point","coordinates":[-105.7099,44.0956]},"properties":{"api":"4900560879","name":"STATE 12-36- PH","op":"BALLARD PETROLEUM HOLDINGS LLC","co":"Campbell","trs":"T48N R74W S36","fm":null,"eur":318540,"perft":null,"sound":true}},{"type":"Feature","geometry":{"type":"Point","coordinates":[-105.4647,43.5052]},"properties":{"api":"4900560886","name":"ARBALEST 09-23H","op":"EOG RESOURCES INC","co":"Campbell","trs":"T41N R72W S23","fm":"TURNER","eur":175623,"perft":42961,"sound":true}},{"type":"Feature","geometry":{"type":"Point","coordinates":[-105.466,43.5634]},"properties":{"api":"4900560889","name":"BOLT 1-3526H","op":"EOG RESOURCES INC","co":"Campbell","trs":"T42N R72W S35","fm":"MOWRY","eur":214848,"perft":27282,"sound":true}},{"type":"Feature","geometry":{"type":"Point","coordinates":[-105.5825,43.7455]},"properties":{"api":"4900560990","name":"ROCKY BUTTE 3643-1PH","op":null,"co":"Campbell","trs":"T44N R73W S36","fm":"PARKMAN","eur":51557,"perft":null,"sound":true}},{"type":"Feature","geometry":{"type":"Point","coordinates":[-105.5825,43.7457]},"properties":{"api":"4900561015","name":"STATE WRIGHT 3643-1MH","op":"DEVON ENERGY PRODUCTION COMPANY LP","co":"Campbell","trs":"T44N R73W S36","fm":"MOWRY","eur":40280,"perft":14902,"sound":true}},{"type":"Feature","geometry":{"type":"Point","coordinates":[-105.4121,43.7811]},"properties":{"api":"4900561022","name":"MILLS 44-71-20A-1H","op":"EMEP II OPERATING LLC","co":"Campbell","trs":"T44N R71W S20","fm":"TURNER","eur":129611,"perft":34361,"sound":true}},{"type":"Feature","geometry":{"type":"Point","coordinates":[-105.8337,44.1767]},"properties":{"api":"4900561044","name":"BARLOW RANCH 3695-2PH","op":null,"co":"Campbell","trs":"T49N R75W S36","fm":"PARKMAN","eur":null,"perft":null,"sound":false}},{"type":"Feature","geometry":{"type":"Point","coordinates":[-105.8338,44.1769]},"properties":{"api":"4900561045","name":"BARLOW RANCH 3695-1PH","op":null,"co":"Campbell","trs":"T49N R75W S36","fm":"PARKMAN","eur":null,"perft":null,"sound":false}},{"type":"Feature","geometry":{"type":"Point","coordinates":[-105.7045,43.7374]},"properties":{"api":"4900561049","name":"K-BAR STATE 27H","op":"EOG RESOURCES INC","co":"Campbell","trs":"T44N R74W S36","fm":"TURNER","eur":593404,"perft":134803,"sound":true}},{"type":"Feature","geometry":{"type":"Point","coordinates":[-105.4456,43.5646]},"properties":{"api":"4900561050","name":"ARCHERY STATE 1-H","op":"EOG RESOURCES INC","co":"Campbell","trs":null,"fm":null,"eur":null,"perft":null,"sound":false}},{"type":"Feature","geometry":{"type":"Point","coordinates":[-105.3942,43.7538]},"properties":{"api":"4900561051","name":"CHITTENDEN 44-71-28C-1H","op":"EMEP II OPERATING LLC","co":"Campbell","trs":"T44N R71W S28","fm":null,"eur":141443,"perft":38321,"sound":true}},{"type":"Feature","geometry":{"type":"Point","coordinates":[-105.3934,43.7538]},"properties":{"api":"4900561052","name":"STUART 44-71-33A-1H","op":"EMEP II OPERATING LLC","co":"Campbell","trs":"T44N R71W S28","fm":"TURNER","eur":196994,"perft":53473,"sound":true}},{"type":"Feature","geometry":{"type":"Point","coordinates":[-105.5826,43.7371]},"properties":{"api":"4900561085","name":"ROCKY BUTTE 3643-2PH","op":null,"co":"Campbell","trs":"T44N R73W S36","fm":"PARKMAN","eur":92865,"perft":null,"sound":true}},{"type":"Feature","geometry":{"type":"Point","coordinates":[-105.9426,43.561]},"properties":{"api":"4900561086","name":"COTTONWOOD 3626-2SH","op":"DEVON ENERGY PRODUCTION COMPANY LP","co":"Campbell","trs":"T41N R76W S1","fm":"SHANNON","eur":109249,"perft":27721,"sound":true}},{"type":"Feature","geometry":{"type":"Point","coordinates":[-105.6342,43.7949]},"properties":{"api":"4900561117","name":"PRONGHORN 1643-3NH","op":"DEVON ENERGY PRODUCTION COMPANY LP","co":"Campbell","trs":"T44N R73W S16","fm":"NIOBRARA","eur":14157,"perft":4564,"sound":true}},{"type":"Feature","geometry":{"type":"Point","coordinates":[-105.6744,43.7222]},"properties":{"api":"4900561153","name":"GROVES 49H","op":"EOG RESOURCES INC","co":"Campbell","trs":"T43N R73W S6","fm":"TURNER","eur":589373,"perft":125239,"sound":true}},{"type":"Feature","geometry":{"type":"Point","coordinates":[-105.69,44.0893]},"properties":{"api":"4900561160","name":"HEILAND TRUST 14-31PH","op":"BALLARD PETROLEUM HOLDINGS LLC","co":"Campbell","trs":"T48N R73W S31","fm":"PARKMAN","eur":578382,"perft":162103,"sound":true}},{"type":"Feature","geometry":{"type":"Point","coordinates":[-105.5832,43.7662]},"properties":{"api":"4900561192","name":"ROCKY BUTTE 2443-2PH","op":null,"co":"Campbell","trs":"T44N R73W S24","fm":"PARKMAN","eur":87148,"perft":19229,"sound":true}},{"type":"Feature","geometry":{"type":"Point","coordinates":[-105.5824,43.7584]},"properties":{"api":"4900561195","name":"ROCKY BUTTE 2543-1PH","op":null,"co":"Campbell","trs":"T44N R73W S25","fm":"PARKMAN","eur":72366,"perft":17007,"sound":true}},{"type":"Feature","geometry":{"type":"Point","coordinates":[-105.5846,43.7728]},"properties":{"api":"4900561196","name":"ROCKY BUTTE 2343-2PH","op":null,"co":"Campbell","trs":"T44N R73W S23","fm":"PARKMAN","eur":21993,"perft":5379,"sound":true}},{"type":"Feature","geometry":{"type":"Point","coordinates":[-105.8685,43.5173]},"properties":{"api":"4900561199","name":"COTTONWOOD 1615-4SH","op":"CONTANGO RESOURCES LLC","co":"Campbell","trs":"T41N R75W S16","fm":"SHANNON","eur":null,"perft":null,"sound":false}},{"type":"Feature","geometry":{"type":"Point","coordinates":[-105.5351,43.7956]},"properties":{"api":"4900561202","name":"WATERBUCK 1742-3NH","op":"DEVON ENERGY PRODUCTION COMPANY LP","co":"Campbell","trs":"T44N R72W S17","fm":"NIOBRARA","eur":null,"perft":null,"sound":false}},{"type":"Feature","geometry":{"type":"Point","coordinates":[-105.4973,43.5328]},"properties":{"api":"4900561206","name":"ARBALEST 23-15H","op":"EOG RESOURCES INC","co":"Campbell","trs":"T41N R72W S15","fm":"TURNER","eur":null,"perft":null,"sound":false}},{"type":"Feature","geometry":{"type":"Point","coordinates":[-105.4102,43.7675]},"properties":{"api":"4900561211","name":"STUART 44-71-29A-1H","op":"EMEP II OPERATING LLC","co":"Campbell","trs":"T44N R71W S20","fm":"TURNER","eur":157501,"perft":47670,"sound":true}},{"type":"Feature","geometry":{"type":"Point","coordinates":[-105.3939,43.7807]},"properties":{"api":"4900561212","name":"STATE 44-71-16C-1H","op":"EMEP II OPERATING LLC","co":"Campbell","trs":"T44N R71W S21","fm":"TURNER","eur":178757,"perft":38826,"sound":true}},{"type":"Feature","geometry":{"type":"Point","coordinates":[-105.4412,43.7377]},"properties":{"api":"4900561213","name":"STUART 43-71-6B-1H","op":"EMEP II OPERATING LLC","co":"Campbell","trs":"T43N R71W S6","fm":"NIOBRARA","eur":35166,"perft":8844,"sound":true}},{"type":"Feature","geometry":{"type":"Point","coordinates":[-105.5822,43.6504]},"properties":{"api":"4900561226","name":"MUSTANG STATE 19H","op":"EOG RESOURCES INC","co":"Campbell","trs":"T43N R73W S36","fm":"TURNER","eur":383925,"perft":93755,"sound":true}},{"type":"Feature","geometry":{"type":"Point","coordinates":[-105.936,43.6507]},"properties":{"api":"4900561231","name":"TCR STATE 34-36 43-76H","op":"ANSCHUTZ EXPLORATION CORPORATION","co":"Campbell","trs":"T43N R76W S36","fm":"SHANNON","eur":233983,"perft":null,"sound":true}},{"type":"Feature","geometry":{"type":"Point","coordinates":[-105.4517,43.7219]},"properties":{"api":"4900561268","name":"ANDERSON 43-72-12A-1H","op":"EMEP II OPERATING LLC","co":"Campbell","trs":"T43N R72W S12","fm":"TURNER","eur":135798,"perft":38722,"sound":true}},{"type":"Feature","geometry":{"type":"Point","coordinates":[-105.4418,43.7221]},"properties":{"api":"4900561269","name":"LEADBETTER 43-71-7B-1H","op":"EMEP II OPERATING LLC","co":"Campbell","trs":"T43N R71W S7","fm":"TURNER","eur":112787,"perft":31637,"sound":true}},{"type":"Feature","geometry":{"type":"Point","coordinates":[-105.4418,43.7226]},"properties":{"api":"4900561270","name":"STUART 43-72-1D-1H","op":"EMEP II OPERATING LLC","co":"Campbell","trs":"T43N R71W S7","fm":"TURNER","eur":108920,"perft":null,"sound":true}},{"type":"Feature","geometry":{"type":"Point","coordinates":[-105.6528,43.677]},"properties":{"api":"4900561271","name":"DRAKE FEDERAL 31-29 TH","op":"BALLARD PETROLEUM HOLDINGS LLC","co":"Campbell","trs":"T43N R73W S29","fm":"TURNER","eur":320131,"perft":91597,"sound":true}},{"type":"Feature","geometry":{"type":"Point","coordinates":[-105.5974,43.6772]},"properties":{"api":"4900561318","name":"SHAMROCK COM 1H","op":"EOG RESOURCES INC","co":"Campbell","trs":"T43N R73W S26","fm":"TURNER","eur":390989,"perft":96137,"sound":true}},{"type":"Feature","geometry":{"type":"Point","coordinates":[-105.5624,43.8084]},"properties":{"api":"4900561319","name":"FLOCCHINI 44-72-7B-8-1PH","op":"EMEP II OPERATING LLC","co":"Campbell","trs":"T44N R72W S7","fm":"TURNER","eur":null,"perft":null,"sound":false}},{"type":"Feature","geometry":{"type":"Point","coordinates":[-105.4549,43.5489]},"properties":{"api":"4900561329","name":"ARBALEST 32-01H","op":"EOG RESOURCES INC","co":"Campbell","trs":"T41N R72W S1","fm":"TURNER","eur":87572,"perft":null,"sound":true}},{"type":"Feature","geometry":{"type":"Point","coordinates":[-105.4974,43.5053]},"properties":{"api":"4900561330","name":"ARBALEST 26-2234H","op":"EOG RESOURCES INC","co":"Campbell","trs":"T41N R72W S22","fm":"MOWRY","eur":169984,"perft":null,"sound":true}},{"type":"Feature","geometry":{"type":"Point","coordinates":[-105.5494,43.5345]},"properties":{"api":"4900561331","name":"ARBALEST 37-07H","op":"EOG RESOURCES INC","co":"Campbell","trs":"T41N R72W S7","fm":"PARKMAN","eur":168637,"perft":35949,"sound":true}},{"type":"Feature","geometry":{"type":"Point","coordinates":[-105.3911,43.7807]},"properties":{"api":"4900561343","name":"DOROUGH 44-71-21A-1H","op":"EMEP II OPERATING LLC","co":"Campbell","trs":"T44N R71W S21","fm":"TURNER","eur":123125,"perft":32599,"sound":true}},{"type":"Feature","geometry":{"type":"Point","coordinates":[-105.4895,43.505]},"properties":{"api":"4900561345","name":"ARBALEST 46-22H","op":"EOG RESOURCES INC","co":"Campbell","trs":"T41N R72W S22","fm":"TURNER","eur":128984,"perft":29604,"sound":true}},{"type":"Feature","geometry":{"type":"Point","coordinates":[-105.497,43.561]},"properties":{"api":"4900561348","name":"MAPLE 0310-03H","op":"EOG RESOURCES INC","co":"Campbell","trs":"T41N R72W S3","fm":"NIOBRARA-TURNER","eur":388904,"perft":36912,"sound":true}},{"type":"Feature","geometry":{"type":"Point","coordinates":[-105.6944,43.7375]},"properties":{"api":"4900561351","name":"K-BAR STATE 28H","op":"EOG RESOURCES INC","co":"Campbell","trs":"T44N R74W S36","fm":"TURNER","eur":580634,"perft":133787,"sound":true}},{"type":"Feature","geometry":{"type":"Point","coordinates":[-105.8445,43.5608]},"properties":{"api":"4900561354","name":"PONDEROSA 215-1NH","op":"DEVON ENERGY PRODUCTION COMPANY LP","co":"Campbell","trs":"T41N R75W S2","fm":"NIOBRARA","eur":28980,"perft":7580,"sound":true}},{"type":"Feature","geometry":{"type":"Point","coordinates":[-105.4663,43.7809]},"properties":{"api":"4900561399","name":"WATERBUCK 2342-4TH","op":"DEVON ENERGY PRODUCTION COMPANY LP","co":"Campbell","trs":"T44N R72W S23","fm":"TURNER","eur":237513,"perft":78673,"sound":true}},{"type":"Feature","geometry":{"type":"Point","coordinates":[-105.8575,43.5463]},"properties":{"api":"4900561400","name":"COTTONWOOD 1015-2SH","op":"CONTANGO RESOURCES LLC","co":"Campbell","trs":"T41N R75W S10","fm":"SHANNON","eur":118442,"perft":null,"sound":true}},{"type":"Feature","geometry":{"type":"Point","coordinates":[-105.5293,43.5337]},"properties":{"api":"4900561403","name":"ARBALEST 38-08H","op":"EOG RESOURCES INC","co":"Campbell","trs":"T41N R72W S8","fm":"PARKMAN","eur":155074,"perft":38290,"sound":true}},{"type":"Feature","geometry":{"type":"Point","coordinates":[-105.4238,43.7826]},"properties":{"api":"4900561406","name":"USA 44-71-18D-1H","op":"EMEP II OPERATING LLC","co":"Campbell","trs":"T44N R71W S18","fm":"TURNER","eur":215615,"perft":54039,"sound":true}},{"type":"Feature","geometry":{"type":"Point","coordinates":[-105.4235,43.7675]},"properties":{"api":"4900561408","name":"USA 44-71-19D-1H","op":"EMEP II OPERATING LLC","co":"Campbell","trs":"T44N R71W S19","fm":"TURNER","eur":218738,"perft":60964,"sound":true}},{"type":"Feature","geometry":{"type":"Point","coordinates":[-105.5347,43.5604]},"properties":{"api":"4900561442","name":"JUNIPER 0508-04H","op":"EOG RESOURCES INC","co":"Campbell","trs":"T41N R72W S5","fm":"PARKMAN","eur":369334,"perft":40413,"sound":true}},{"type":"Feature","geometry":{"type":"Point","coordinates":[-105.535,43.5604]},"properties":{"api":"4900561443","name":"JUNIPER 0508-02H","op":"EOG RESOURCES INC","co":"Campbell","trs":"T41N R72W S5","fm":"FRONTIER-TURNER","eur":259904,"perft":27107,"sound":true}},{"type":"Feature","geometry":{"type":"Point","coordinates":[-105.5212,43.5319]},"properties":{"api":"4900561447","name":"ARBALEST 248-16H","op":"EOG RESOURCES INC","co":"Campbell","trs":"T41N R72W S16","fm":"MOWRY","eur":72780,"perft":null,"sound":true}},{"type":"Feature","geometry":{"type":"Point","coordinates":[-105.7043,43.7513]},"properties":{"api":"4900561448","name":"LUDINGTON COM 15H","op":"EOG RESOURCES INC","co":"Campbell","trs":"T44N R74W S25","fm":"TURNER","eur":452296,"perft":97059,"sound":true}},{"type":"Feature","geometry":{"type":"Point","coordinates":[-105.7164,43.7652]},"properties":{"api":"4900561450","name":"MOORE 81H","op":"EOG RESOURCES INC","co":"Campbell","trs":"T44N R74W S26","fm":"TURNER","eur":374600,"perft":79080,"sound":true}},{"type":"Feature","geometry":{"type":"Point","coordinates":[-105.3965,43.533]},"properties":{"api":"4900561452","name":"HEDGEHOG STATE 16-2H","op":"CENERGY RESOURCES LLC","co":"Campbell","trs":"T41N R71W S16","fm":"TURNER","eur":93694,"perft":26150,"sound":true}},{"type":"Feature","geometry":{"type":"Point","coordinates":[-105.6559,43.7087]},"properties":{"api":"4900561456","name":"THIELEN 2H","op":"EOG RESOURCES INC","co":"Campbell","trs":"T43N R73W S8","fm":"TURNER","eur":461116,"perft":null,"sound":true}},{"type":"Feature","geometry":{"type":"Point","coordinates":[-105.5989,43.8529]},"properties":{"api":"4900561483","name":"ORYX 2653-3MH","op":"DEVON ENERGY PRODUCTION COMPANY LP","co":"Campbell","trs":"T45N R73W S26","fm":"MOWRY","eur":53291,"perft":13650,"sound":true}},{"type":"Feature","geometry":{"type":"Point","coordinates":[-105.6656,43.6495]},"properties":{"api":"4900561484","name":"LEAVITT TRUST 44-31 T H","op":"BALLARD PETROLEUM HOLDINGS LLC","co":"Campbell","trs":"T43N R73W S31","fm":"TURNER","eur":337573,"perft":112788,"sound":true}},{"type":"Feature","geometry":{"type":"Point","coordinates":[-105.5542,43.6341]},"properties":{"api":"4900561485","name":"LEAVITT FED TRUST 21-7 T H","op":"BALLARD PETROLEUM HOLDINGS LLC","co":"Campbell","trs":"T42N R72W S7","fm":"TURNER","eur":433584,"perft":158242,"sound":true}},{"type":"Feature","geometry":{"type":"Point","coordinates":[-105.6255,43.6643]},"properties":{"api":"4900561486","name":"GROVES TRUST 44-28 T H","op":"BALLARD PETROLEUM HOLDINGS LLC","co":"Campbell","trs":"T43N R73W S28","fm":"TURNER","eur":557183,"perft":149780,"sound":true}},{"type":"Feature","geometry":{"type":"Point","coordinates":[-105.6036,43.6349]},"properties":{"api":"4900561487","name":"LEAVITT 14-2 T H","op":"BALLARD PETROLEUM HOLDINGS LLC","co":"Campbell","trs":"T42N R73W S2","fm":"TURNER","eur":526487,"perft":null,"sound":true}},{"type":"Feature","geometry":{"type":"Point","coordinates":[-105.6636,43.648]},"properties":{"api":"4900561498","name":"LEAVITT TRUST 11-5 TH","op":"BALLARD PETROLEUM HOLDINGS LLC","co":"Campbell","trs":"T42N R73W S5","fm":"TURNER","eur":366945,"perft":null,"sound":true}},{"type":"Feature","geometry":{"type":"Point","coordinates":[-105.9405,43.6797]},"properties":{"api":"4900561499","name":"TRUE FED 24-24 24-13H","op":"TRUE OIL LLC","co":"Campbell","trs":"T43N R76W S24","fm":"SHANNON","eur":311608,"perft":53296,"sound":true}},{"type":"Feature","geometry":{"type":"Point","coordinates":[-105.657,43.7211]},"properties":{"api":"4900561501","name":"GROVES COM 51H","op":"EOG RESOURCES INC","co":"Campbell","trs":"T43N R73W S8","fm":"TURNER","eur":406537,"perft":92311,"sound":true}},{"type":"Feature","geometry":{"type":"Point","coordinates":[-105.7264,43.765]},"properties":{"api":"4900561502","name":"MOORE 82H","op":"EOG RESOURCES INC","co":"Campbell","trs":"T44N R74W S27","fm":"TURNER","eur":171711,"perft":null,"sound":true}},{"type":"Feature","geometry":{"type":"Point","coordinates":[-105.7143,43.7378]},"properties":{"api":"4900561503","name":"MCCULLOUGH COM. 10H","op":"EOG RESOURCES INC","co":"Campbell","trs":"T44N R74W S35","fm":"TURNER","eur":468599,"perft":109384,"sound":true}},{"type":"Feature","geometry":{"type":"Point","coordinates":[-105.947,43.6781]},"properties":{"api":"4900561505","name":"TRUE FED 11-25H","op":"TRUE OIL LLC","co":"Campbell","trs":"T43N R76W S25","fm":"SHANNON","eur":266159,"perft":53575,"sound":true}},{"type":"Feature","geometry":{"type":"Point","coordinates":[-105.6975,43.7358]},"properties":{"api":"4900561548","name":"MOORE 80H","op":"EOG RESOURCES INC","co":"Campbell","trs":"T43N R74W S1","fm":"TURNER","eur":null,"perft":null,"sound":false}},{"type":"Feature","geometry":{"type":"Point","coordinates":[-105.6876,43.7358]},"properties":{"api":"4900561549","name":"MOORE 79H","op":"EOG RESOURCES INC","co":"Campbell","trs":"T43N R74W S1","fm":"TURNER","eur":466845,"perft":null,"sound":true}},{"type":"Feature","geometry":{"type":"Point","coordinates":[-106.0018,43.7077]},"properties":{"api":"4900561558","name":"TCR ILLINOIS STATE 21-16 43-76H","op":"ANSCHUTZ EXPLORATION CORPORATION","co":"Campbell","trs":"T43N R76W S16","fm":"SHANNON","eur":226963,"perft":50246,"sound":true}},{"type":"Feature","geometry":{"type":"Point","coordinates":[-105.7733,43.9124]},"properties":{"api":"4900561563","name":"SLPU 44-32H","op":null,"co":"Campbell","trs":null,"fm":null,"eur":null,"perft":null,"sound":false}},{"type":"Feature","geometry":{"type":"Point","coordinates":[-105.7345,43.7374]},"properties":{"api":"4900561565","name":"MOORE 84H","op":"EOG RESOURCES INC","co":"Campbell","trs":"T44N R74W S34","fm":"TURNER","eur":444779,"perft":102201,"sound":true}},{"type":"Feature","geometry":{"type":"Point","coordinates":[-105.7709,43.9046]},"properties":{"api":"4900561566","name":"SLPU 42-05H","op":null,"co":"Campbell","trs":null,"fm":null,"eur":null,"perft":null,"sound":false}},{"type":"Feature","geometry":{"type":"Point","coordinates":[-105.6739,43.6937]},"properties":{"api":"4900561567","name":"GROVES COM 52H","op":"EOG RESOURCES INC","co":"Campbell","trs":"T43N R73W S18","fm":"TURNER","eur":429713,"perft":99956,"sound":true}},{"type":"Feature","geometry":{"type":"Point","coordinates":[-105.8563,43.7353]},"properties":{"api":"4900561573","name":"PUMPKIN BUTTES 1-3H","op":"PEAK POWDER RIVER RESOURCES LLC","co":"Campbell","trs":"T43N R75W S3","fm":"SHANNON","eur":134148,"perft":30571,"sound":true}},{"type":"Feature","geometry":{"type":"Point","coordinates":[-105.9361,43.6506]},"properties":{"api":"4900561575","name":"TCR STATE 31-36 43-76BH","op":"ANSCHUTZ EXPLORATION CORPORATION","co":"Campbell","trs":"T43N R76W S36","fm":"SHANNON","eur":131745,"perft":31822,"sound":true}},{"type":"Feature","geometry":{"type":"Point","coordinates":[-105.8567,43.7519]},"properties":{"api":"4900561576","name":"PUMPKIN BUTTES 1-27H","op":"PEAK POWDER RIVER RESOURCES LLC","co":"Campbell","trs":"T44N R75W S27","fm":"SHANNON","eur":157768,"perft":35694,"sound":true}},{"type":"Feature","geometry":{"type":"Point","coordinates":[-105.8492,43.7379]},"properties":{"api":"4900561577","name":"LUKES 1-34H","op":"PEAK POWDER RIVER RESOURCES LLC","co":"Campbell","trs":"T44N R75W S34","fm":"SHANNON","eur":143686,"perft":null,"sound":true}},{"type":"Feature","geometry":{"type":"Point","coordinates":[-105.6896,44.0733]},"properties":{"api":"4900561578","name":"ROHDE 14-6 PH","op":"BALLARD PETROLEUM HOLDINGS LLC","co":"Campbell","trs":"T47N R73W S6","fm":"PARKMAN","eur":301558,"perft":null,"sound":true}},{"type":"Feature","geometry":{"type":"Point","coordinates":[-105.7894,43.6931]},"properties":{"api":"4900561580","name":"SPOMER 1-18H","op":null,"co":"Campbell","trs":null,"fm":null,"eur":283084,"perft":120002,"sound":true}},{"type":"Feature","geometry":{"type":"Point","coordinates":[-105.9842,43.781]},"properties":{"api":"4900561583","name":"LANCER FEDERAL 11H","op":"LOIL OIL LLC","co":"Campbell","trs":"T44N R76W S22","fm":"SHANNON","eur":80805,"perft":18508,"sound":true}},{"type":"Feature","geometry":{"type":"Point","coordinates":[-105.5128,43.7806]},"properties":{"api":"4900561584","name":"FULLER RANCH 214472-3TH","op":"DEVON ENERGY PRODUCTION COMPANY LP","co":"Campbell","trs":"T44N R72W S21","fm":"TURNER","eur":37443,"perft":9985,"sound":true}},{"type":"Feature","geometry":{"type":"Point","coordinates":[-105.6648,43.7795]},"properties":{"api":"4900561585","name":"LITTLE BUFFALO FED 194473-4TH","op":"DEVON ENERGY PRODUCTION COMPANY LP","co":"Campbell","trs":"T44N R73W S19","fm":"TURNER","eur":185115,"perft":46048,"sound":true}},{"type":"Feature","geometry":{"type":"Point","coordinates":[-105.4778,43.767]},"properties":{"api":"4900561587","name":"DURHAM RANCHES 264472-2TH","op":"DEVON ENERGY PRODUCTION COMPANY LP","co":"Campbell","trs":"T44N R72W S26","fm":"TURNER","eur":210091,"perft":52470,"sound":true}},{"type":"Feature","geometry":{"type":"Point","coordinates":[-105.7274,43.7359]},"properties":{"api":"4900561590","name":"MOORE COM 83H","op":"EOG RESOURCES INC","co":"Campbell","trs":"T43N R74W S3","fm":"TURNER","eur":450487,"perft":100961,"sound":true}},{"type":"Feature","geometry":{"type":"Point","coordinates":[-105.7564,43.6204]},"properties":{"api":"4900561593","name":"IBERLIN 1-9H","op":"PEAK POWDER RIVER RESOURCES LLC","co":"Campbell","trs":"T42N R74W S9","fm":"SHANNON","eur":303837,"perft":79104,"sound":true}},{"type":"Feature","geometry":{"type":"Point","coordinates":[-105.7583,43.6341]},"properties":{"api":"4900561594","name":"IBERLIN 1-4H","op":null,"co":"Campbell","trs":null,"fm":null,"eur":243773,"perft":55924,"sound":true}},{"type":"Feature","geometry":{"type":"Point","coordinates":[-105.7746,43.6196]},"properties":{"api":"4900561597","name":"IBERLIN FED 1-8-5H","op":"PEAK POWDER RIVER RESOURCES LLC","co":"Campbell","trs":"T42N R74W S8","fm":"SHANNON","eur":501944,"perft":null,"sound":true}},{"type":"Feature","geometry":{"type":"Point","coordinates":[-105.7662,43.8772]},"properties":{"api":"4900561598","name":"SLPU 12-16H","op":null,"co":"Campbell","trs":null,"fm":null,"eur":302572,"perft":99106,"sound":true}},{"type":"Feature","geometry":{"type":"Point","coordinates":[-105.7095,44.0734]},"properties":{"api":"4900561607","name":"HAYDEN 14-1 PH","op":"BALLARD PETROLEUM HOLDINGS LLC","co":"Campbell","trs":"T47N R74W S1","fm":"PARKMAN","eur":366877,"perft":105122,"sound":true}},{"type":"Feature","geometry":{"type":"Point","coordinates":[-105.5325,43.6218]},"properties":{"api":"4900561610","name":"SARGENT COM 4H","op":"EOG RESOURCES INC","co":"Campbell","trs":"T42N R72W S8","fm":"TURNER","eur":107665,"perft":24129,"sound":true}},{"type":"Feature","geometry":{"type":"Point","coordinates":[-105.7173,43.7061]},"properties":{"api":"4900561612","name":"LANG COM 8H","op":"EOG RESOURCES INC","co":"Campbell","trs":"T43N R74W S14","fm":"TURNER","eur":246568,"perft":56474,"sound":true}},{"type":"Feature","geometry":{"type":"Point","coordinates":[-105.6774,43.7212]},"properties":{"api":"4900561613","name":"STARLIGHT FEDERAL  COM 28H","op":"EOG RESOURCES INC","co":"Campbell","trs":"T43N R73W S7","fm":"TURNER","eur":557540,"perft":129751,"sound":true}},{"type":"Feature","geometry":{"type":"Point","coordinates":[-105.7565,43.6783]},"properties":{"api":"4900561614","name":"ROUSH 1-21H","op":"PEAK POWDER RIVER RESOURCES LLC","co":"Campbell","trs":"T43N R74W S21","fm":"SHANNON","eur":157698,"perft":54775,"sound":true}},{"type":"Feature","geometry":{"type":"Point","coordinates":[-105.8018,44.2298]},"properties":{"api":"4900561615","name":"BARLOW RANCH FED 074974-3PH","op":"DEVON ENERGY PRODUCTION COMPANY LP","co":"Campbell","trs":"T49N R74W S7","fm":"PARKMAN","eur":null,"perft":null,"sound":false}},{"type":"Feature","geometry":{"type":"Point","coordinates":[-105.5589,43.7659]},"properties":{"api":"4900561619","name":"CARLTON 304472-1PH","op":"DEVON ENERGY PRODUCTION COMPANY LP","co":"Campbell","trs":"T44N R72W S30","fm":"PARKMAN","eur":null,"perft":null,"sound":false}},{"type":"Feature","geometry":{"type":"Point","coordinates":[-105.478,43.767]},"properties":{"api":"4900561623","name":"DURHAM RANCHES 264472-1NH","op":"DEVON ENERGY PRODUCTION COMPANY LP","co":"Campbell","trs":"T44N R72W S26","fm":"NIOBRARA","eur":69558,"perft":20220,"sound":true}},{"type":"Feature","geometry":{"type":"Point","coordinates":[-105.9824,43.6935]},"properties":{"api":"4900561624","name":"TCR KENTUCKY FEE 24-22 43-76BH","op":null,"co":"Campbell","trs":null,"fm":null,"eur":365894,"perft":null,"sound":true}},{"type":"Feature","geometry":{"type":"Point","coordinates":[-105.6055,43.7211]},"properties":{"api":"4900561625","name":"BONITA FEDERAL COM 11H","op":"EOG RESOURCES INC","co":"Campbell","trs":"T43N R73W S10","fm":"TURNER","eur":328751,"perft":70836,"sound":true}},{"type":"Feature","geometry":{"type":"Point","coordinates":[-105.7679,43.8841]},"properties":{"api":"4900561639","name":"SLPU 14-09H","op":null,"co":"Campbell","trs":null,"fm":null,"eur":null,"perft":null,"sound":false}},{"type":"Feature","geometry":{"type":"Point","coordinates":[-105.7423,43.6925]},"properties":{"api":"4900561643","name":"ROUSH 1-15TH","op":"PEAK POWDER RIVER RESOURCES LLC","co":"Campbell","trs":"T43N R74W S15","fm":"TURNER","eur":261557,"perft":62679,"sound":true}},{"type":"Feature","geometry":{"type":"Point","coordinates":[-105.9595,43.6779]},"properties":{"api":"4900561646","name":"TCR SOUTH CAROLINA  44-26/35 43-76BH","op":"ANSCHUTZ EXPLORATION CORPORATION","co":"Campbell","trs":"T43N R76W S26","fm":"SHANNON","eur":208897,"perft":21494,"sound":true}},{"type":"Feature","geometry":{"type":"Point","coordinates":[-105.9304,43.5604]},"properties":{"api":"4900561648","name":"STATE IBERLIN RANCH 3626-4MH","op":"DEVON ENERGY PRODUCTION COMPANY LP","co":"Campbell","trs":"T41N R76W S1","fm":"MOWRY","eur":111538,"perft":26595,"sound":true}},{"type":"Feature","geometry":{"type":"Point","coordinates":[-105.9597,43.678]},"properties":{"api":"4900561652","name":"TCR NORTH CAROLINA  FED 11-23 14 43-76BH","op":"ANSCHUTZ EXPLORATION CORPORATION","co":"Campbell","trs":"T43N R76W S26","fm":null,"eur":406721,"perft":null,"sound":true}},{"type":"Feature","geometry":{"type":"Point","coordinates":[-105.9841,43.6646]},"properties":{"api":"4900561653","name":"TCR KANSAS FEDERAL 14-34 43-76BH","op":"ANSCHUTZ EXPLORATION CORPORATION","co":"Campbell","trs":"T43N R76W S27","fm":"SHANNON","eur":null,"perft":null,"sound":false}},{"type":"Feature","geometry":{"type":"Point","coordinates":[-105.9979,43.679]},"properties":{"api":"4900561655","name":"TCR MISSOURI FEDERAL 44-28/33 43-76BH","op":"ANSCHUTZ EXPLORATION CORPORATION","co":"Campbell","trs":"T43N R76W S21","fm":"SHANNON","eur":444554,"perft":46453,"sound":true}},{"type":"Feature","geometry":{"type":"Point","coordinates":[-105.9979,43.6791]},"properties":{"api":"4900561656","name":"TCR IOWA FEDERAL 34-21 43-76H","op":"ANSCHUTZ EXPLORATION CORPORATION","co":"Campbell","trs":"T43N R76W S21","fm":"SHANNON","eur":253755,"perft":59192,"sound":true}},{"type":"Feature","geometry":{"type":"Point","coordinates":[-105.8088,43.6198]},"properties":{"api":"4900561666","name":"IBERLIN 1-12TH","op":"PEAK POWDER RIVER RESOURCES LLC","co":"Campbell","trs":"T42N R75W S12","fm":"TURNER","eur":645097,"perft":null,"sound":true}},{"type":"Feature","geometry":{"type":"Point","coordinates":[-105.7741,43.6785]},"properties":{"api":"4900561667","name":"ATWOOD-LAUR 1-20H","op":"PEAK POWDER RIVER RESOURCES LLC","co":"Campbell","trs":"T43N R74W S20","fm":"SHANNON","eur":240093,"perft":64925,"sound":true}},{"type":"Feature","geometry":{"type":"Point","coordinates":[-105.9708,43.6645]},"properties":{"api":"4900561672","name":"TCR TENNESSEE FED   41-27/22 43-76BH","op":"ANSCHUTZ EXPLORATION CORPORATION","co":"Campbell","trs":"T43N R76W S27","fm":"SHANNON","eur":529171,"perft":54695,"sound":true}},{"type":"Feature","geometry":{"type":"Point","coordinates":[-105.769,43.6767]},"properties":{"api":"4900561683","name":"ATWOOD-LAUR 1-29H","op":"PEAK POWDER RIVER RESOURCES LLC","co":"Campbell","trs":"T43N R74W S29","fm":"SHANNON","eur":276349,"perft":71059,"sound":true}},{"type":"Feature","geometry":{"type":"Point","coordinates":[-105.7431,43.6205]},"properties":{"api":"4900561688","name":"IBERLIN 1-10TH","op":"PEAK POWDER RIVER RESOURCES LLC","co":"Campbell","trs":"T42N R74W S10","fm":"TURNER","eur":295614,"perft":76327,"sound":true}},{"type":"Feature","geometry":{"type":"Point","coordinates":[-105.7727,43.8689]},"properties":{"api":"4900561689","name":"SLPU 44-17H","op":null,"co":"Campbell","trs":"T45N R74W S17","fm":"PARKMAN","eur":null,"perft":null,"sound":false}},{"type":"Feature","geometry":{"type":"Point","coordinates":[-105.7707,43.8766]},"properties":{"api":"4900561690","name":"SLPU 42-17H","op":null,"co":"Campbell","trs":null,"fm":null,"eur":323569,"perft":108544,"sound":true}},{"type":"Feature","geometry":{"type":"Point","coordinates":[-105.7534,43.6494]},"properties":{"api":"4900561691","name":"ROUSH 1-33H","op":"PEAK POWDER RIVER RESOURCES LLC","co":"Campbell","trs":"T43N R74W S33","fm":"SHANNON","eur":259450,"perft":60804,"sound":true}},{"type":"Feature","geometry":{"type":"Point","coordinates":[-105.7449,43.6497]},"properties":{"api":"4900561695","name":"HODGES 1-34TH","op":"PEAK POWDER RIVER RESOURCES LLC","co":"Campbell","trs":"T43N R74W S34","fm":"TURNER","eur":118122,"perft":null,"sound":true}},{"type":"Feature","geometry":{"type":"Point","coordinates":[-105.6435,43.6423]},"properties":{"api":"4900561697","name":"LEAVITT TRUST 12-4 T H","op":"BALLARD PETROLEUM HOLDINGS LLC","co":"Campbell","trs":"T42N R73W S4","fm":"TURNER","eur":382125,"perft":null,"sound":true}},{"type":"Feature","geometry":{"type":"Point","coordinates":[-105.4605,43.7522]},"properties":{"api":"4900561699","name":"STATE ARK-LAND 364472-1TH","op":"DEVON ENERGY PRODUCTION COMPANY LP","co":"Campbell","trs":"T44N R72W S36","fm":"TURNER","eur":120497,"perft":28800,"sound":true}},{"type":"Feature","geometry":{"type":"Point","coordinates":[-105.5571,43.5607]},"properties":{"api":"4900561702","name":"ARBALEST 66-0607H","op":"EOG RESOURCES INC","co":"Campbell","trs":"T41N R72W S6","fm":"TURNER","eur":851795,"perft":null,"sound":true}},{"type":"Feature","geometry":{"type":"Point","coordinates":[-105.5572,43.5607]},"properties":{"api":"4900561703","name":"ARBALEST 73-06H","op":"EOG RESOURCES INC","co":"Campbell","trs":"T41N R72W S6","fm":"TURNER","eur":246504,"perft":null,"sound":true}},{"type":"Feature","geometry":{"type":"Point","coordinates":[-105.5355,43.5604]},"properties":{"api":"4900561704","name":"YUKON 3229-02H","op":"EOG RESOURCES INC","co":"Campbell","trs":"T41N R72W S5","fm":"FRONTIER-TURNER","eur":421020,"perft":42743,"sound":true}},{"type":"Feature","geometry":{"type":"Point","coordinates":[-105.4981,43.7809]},"properties":{"api":"4900561708","name":"DURHAM RANCHES 224472-1TH","op":"DEVON ENERGY PRODUCTION COMPANY LP","co":"Campbell","trs":"T44N R72W S22","fm":"TURNER","eur":102778,"perft":24576,"sound":true}},{"type":"Feature","geometry":{"type":"Point","coordinates":[-105.5231,43.5766]},"properties":{"api":"4900561713","name":"BOLT 15-33H","op":"EOG RESOURCES INC","co":"Campbell","trs":"T42N R72W S33","fm":"PARKMAN","eur":255779,"perft":60325,"sound":true}},{"type":"Feature","geometry":{"type":"Point","coordinates":[-105.6647,43.7661]},"properties":{"api":"4900561714","name":"LITTLE BUFFALO FED 294473-1TH","op":"DEVON ENERGY PRODUCTION COMPANY LP","co":"Campbell","trs":"T44N R73W S20","fm":"TURNER","eur":258607,"perft":67787,"sound":true}},{"type":"Feature","geometry":{"type":"Point","coordinates":[-105.5231,43.5767]},"properties":{"api":"4900561715","name":"BOLT 211-33H","op":"EOG RESOURCES INC","co":"Campbell","trs":"T42N R72W S33","fm":"PARKMAN","eur":140290,"perft":31086,"sound":true}},{"type":"Feature","geometry":{"type":"Point","coordinates":[-105.9245,43.6493]},"properties":{"api":"4900561717","name":"T-CHAIR 1-31H","op":"PEAK POWDER RIVER RESOURCES LLC","co":"Campbell","trs":"T43N R75W S31","fm":"SHANNON","eur":388048,"perft":41120,"sound":true}},{"type":"Feature","geometry":{"type":"Point","coordinates":[-105.6943,43.7514]},"properties":{"api":"4900561718","name":"LUDINGTON COM 14H","op":"EOG RESOURCES INC","co":"Campbell","trs":"T44N R74W S25","fm":"TURNER","eur":440657,"perft":null,"sound":true}},{"type":"Feature","geometry":{"type":"Point","coordinates":[-105.5722,43.65]},"properties":{"api":"4900561719","name":"MUSTANG STATE 20H","op":"EOG RESOURCES INC","co":"Campbell","trs":"T43N R73W S36","fm":"TURNER","eur":303122,"perft":null,"sound":true}},{"type":"Feature","geometry":{"type":"Point","coordinates":[-105.6702,43.6775]},"properties":{"api":"4900561723","name":"DRAKE TRUST 31-30 T H","op":"BALLARD PETROLEUM HOLDINGS LLC","co":"Campbell","trs":"T43N R73W S30","fm":"TURNER","eur":399362,"perft":null,"sound":true}},{"type":"Feature","geometry":{"type":"Point","coordinates":[-105.7527,43.6181]},"properties":{"api":"4900561724","name":"WILD BILL STATE 4274-16-15 TH","op":null,"co":"Campbell","trs":null,"fm":null,"eur":42462,"perft":null,"sound":true}},{"type":"Feature","geometry":{"type":"Point","coordinates":[-105.9944,43.5748]},"properties":{"api":"4900561725","name":"IBERLIN RANCH FED 3326-3FH","op":"DEVON ENERGY PRODUCTION COMPANY LP","co":"Campbell","trs":"T42N R76W S33","fm":"FRONTIER","eur":38224,"perft":9616,"sound":true}},{"type":"Feature","geometry":{"type":"Point","coordinates":[-105.6158,43.6925]},"properties":{"api":"4900561729","name":"CRAZY BUFFALO 2H","op":"EOG RESOURCES INC","co":"Campbell","trs":"T43N R73W S22","fm":"TURNER","eur":333402,"perft":71042,"sound":true}},{"type":"Feature","geometry":{"type":"Point","coordinates":[-105.5498,43.5608]},"properties":{"api":"4900561732","name":"ARBALEST 264-0607H","op":"EOG RESOURCES INC","co":"Campbell","trs":"T41N R72W S6","fm":"TURNER/FRONTIER","eur":499116,"perft":null,"sound":true}},{"type":"Feature","geometry":{"type":"Point","coordinates":[-105.5499,43.5608]},"properties":{"api":"4900561733","name":"ARBALEST 271-06H","op":"EOG RESOURCES INC","co":"Campbell","trs":"T41N R72W S6","fm":"TURNER","eur":174847,"perft":null,"sound":true}},{"type":"Feature","geometry":{"type":"Point","coordinates":[-105.5573,43.5607]},"properties":{"api":"4900561735","name":"ARBALEST 272-06H","op":"EOG RESOURCES INC","co":"Campbell","trs":"T41N R72W S6","fm":"TURNER","eur":195650,"perft":null,"sound":true}},{"type":"Feature","geometry":{"type":"Point","coordinates":[-105.6432,43.6503]},"properties":{"api":"4900561737","name":"GROVES TRUST 14-33 T H","op":"BALLARD PETROLEUM HOLDINGS LLC","co":"Campbell","trs":"T43N R73W S33","fm":"TURNER","eur":276346,"perft":null,"sound":true}},{"type":"Feature","geometry":{"type":"Point","coordinates":[-105.9969,44.4028]},"properties":{"api":"4900561742","name":"HAYDEN TRUST 44-9 M H","op":"BALLARD PETROLEUM HOLDINGS LLC","co":"Campbell","trs":"T51N R76W S9","fm":"MUDDY","eur":null,"perft":null,"sound":false}},{"type":"Feature","geometry":{"type":"Point","coordinates":[-106.0018,43.7078]},"properties":{"api":"4900561745","name":"TCR SPRINGFIELD ST 24-16 43-76BH","op":null,"co":"Campbell","trs":null,"fm":null,"eur":159182,"perft":34870,"sound":true}},{"type":"Feature","geometry":{"type":"Point","coordinates":[-105.9943,43.5749]},"properties":{"api":"4900561746","name":"IBERLIN RANCH FED 2826-4FH","op":"DEVON ENERGY PRODUCTION COMPANY LP","co":"Campbell","trs":"T42N R76W S33","fm":"FRONTIER","eur":125866,"perft":31078,"sound":true}},{"type":"Feature","geometry":{"type":"Point","coordinates":[-105.9865,43.5611]},"properties":{"api":"4900561747","name":"IBERLIN RANCH FED 0316-2FH","op":"DEVON ENERGY PRODUCTION COMPANY LP","co":"Campbell","trs":"T42N R76W S34","fm":null,"eur":125664,"perft":28723,"sound":true}},{"type":"Feature","geometry":{"type":"Point","coordinates":[-105.9863,43.5612]},"properties":{"api":"4900561748","name":"IBERLIN RANCH FED 3426-2FH","op":"DEVON ENERGY PRODUCTION COMPANY LP","co":"Campbell","trs":"T42N R76W S34","fm":"FRONTIER","eur":57419,"perft":14914,"sound":true}},{"type":"Feature","geometry":{"type":"Point","coordinates":[-105.5187,43.7226]},"properties":{"api":"4900561749","name":"COSNER 094372-2TH","op":"DEVON ENERGY PRODUCTION COMPANY LP","co":"Campbell","trs":"T43N R72W S9","fm":"TURNER","eur":153575,"perft":39827,"sound":true}},{"type":"Feature","geometry":{"type":"Point","coordinates":[-105.6775,43.7359]},"properties":{"api":"4900561752","name":"GROVES 54H","op":"EOG RESOURCES INC","co":"Campbell","trs":"T43N R73W S6","fm":"TURNER","eur":520852,"perft":115565,"sound":true}},{"type":"Feature","geometry":{"type":"Point","coordinates":[-105.609,43.6784]},"properties":{"api":"4900561753","name":"SKYLINE FED 44-22-22T1H","op":"TRUE OIL LLC","co":"Campbell","trs":"T43N R73W S22","fm":"TURNER","eur":388992,"perft":89096,"sound":true}},{"type":"Feature","geometry":{"type":"Point","coordinates":[-105.4487,43.7521]},"properties":{"api":"4900561758","name":"STATE ARK-LAND 364472-3TH","op":"DEVON ENERGY PRODUCTION COMPANY LP","co":"Campbell","trs":"T44N R72W S36","fm":"TURNER","eur":187319,"perft":null,"sound":true}},{"type":"Feature","geometry":{"type":"Point","coordinates":[-105.656,43.6507]},"properties":{"api":"4900561759","name":"LEAVITT TRUST 24-32 T H","op":"BALLARD PETROLEUM HOLDINGS LLC","co":"Campbell","trs":"T43N R73W S32","fm":"TURNER","eur":181497,"perft":74171,"sound":true}},{"type":"Feature","geometry":{"type":"Point","coordinates":[-105.8846,43.6926]},"properties":{"api":"4900561760","name":"R2 11-21XH","op":null,"co":"Campbell","trs":"T43N R75W S21","fm":"SHANNON","eur":138750,"perft":31145,"sound":true}},{"type":"Feature","geometry":{"type":"Point","coordinates":[-105.3225,43.7954]},"properties":{"api":"4900561761","name":"CASTLE 13-41 TH","op":null,"co":"Campbell","trs":null,"fm":null,"eur":153591,"perft":32213,"sound":true}},{"type":"Feature","geometry":{"type":"Point","coordinates":[-105.6654,43.7504]},"properties":{"api":"4900561763","name":"LITTLE BUFFALO RANCH 304473-3TH","op":"DEVON ENERGY PRODUCTION COMPANY LP","co":"Campbell","trs":"T44N R73W S31","fm":"TURNER","eur":324794,"perft":66447,"sound":true}},{"type":"Feature","geometry":{"type":"Point","coordinates":[-105.5991,43.6784]},"properties":{"api":"4900561767","name":"SKYLINE FED 14-23 23T1H","op":"TRUE OIL LLC","co":"Campbell","trs":"T43N R73W S23","fm":"TURNER","eur":450569,"perft":101229,"sound":true}},{"type":"Feature","geometry":{"type":"Point","coordinates":[-105.5432,43.9989]},"properties":{"api":"4900561768","name":"DAVIS FAMILY 054672-1PH","op":"DEVON ENERGY PRODUCTION COMPANY LP","co":"Campbell","trs":"T46N R72W S5","fm":"PARKMAN","eur":null,"perft":null,"sound":false}},{"type":"Feature","geometry":{"type":"Point","coordinates":[-105.609,43.7373]},"properties":{"api":"4900561769","name":"LITTLE BUFFALO RANCH 344473-4TH","op":"DEVON ENERGY PRODUCTION COMPANY LP","co":"Campbell","trs":"T44N R73W S34","fm":"TURNER","eur":254987,"perft":75776,"sound":true}},{"type":"Feature","geometry":{"type":"Point","coordinates":[-105.5184,43.7078]},"properties":{"api":"4900561770","name":"STATE COSNER 164372-1PH","op":"DEVON ENERGY PRODUCTION COMPANY LP","co":"Campbell","trs":"T43N R72W S16","fm":"PARKMAN","eur":507759,"perft":126845,"sound":true}},{"type":"Feature","geometry":{"type":"Point","coordinates":[-105.648,44.051]},"properties":{"api":"4900561775","name":"STATE 12-16 PH","op":"BALLARD PETROLEUM HOLDINGS LLC","co":"Campbell","trs":"T47N R73W S16","fm":"PARKMAN","eur":263076,"perft":76833,"sound":true}},{"type":"Feature","geometry":{"type":"Point","coordinates":[-105.6876,43.6626]},"properties":{"api":"4900561782","name":"STATE 41-36 TH","op":"BALLARD PETROLEUM HOLDINGS LLC","co":"Campbell","trs":"T43N R74W S36","fm":"TURNER","eur":271950,"perft":88238,"sound":true}},{"type":"Feature","geometry":{"type":"Point","coordinates":[-105.6898,43.6639]},"properties":{"api":"4900561788","name":"ROUSH 44-25 TH","op":"BALLARD PETROLEUM HOLDINGS LLC","co":"Campbell","trs":"T43N R74W S25","fm":"TURNER","eur":337404,"perft":110083,"sound":true}},{"type":"Feature","geometry":{"type":"Point","coordinates":[-105.549,43.7525]},"properties":{"api":"4900561789","name":"CARLTON 304472-3PH","op":"DEVON ENERGY PRODUCTION COMPANY LP","co":"Campbell","trs":"T44N R72W S30","fm":"PARKMAN","eur":null,"perft":null,"sound":false}},{"type":"Feature","geometry":{"type":"Point","coordinates":[-105.6774,43.7802]},"properties":{"api":"4900561797","name":"LITTLE BUFFALO RANCH 194473-2TH","op":"DEVON ENERGY PRODUCTION COMPANY LP","co":"Campbell","trs":"T44N R73W S19","fm":"TURNER","eur":235278,"perft":62046,"sound":true}},{"type":"Feature","geometry":{"type":"Point","coordinates":[-105.684,43.7659]},"properties":{"api":"4900561801","name":"LITTLE BUFFALO RANCH FED 304473-2TH","op":"DEVON ENERGY PRODUCTION COMPANY LP","co":"Campbell","trs":"T44N R73W S30","fm":"TURNER","eur":388874,"perft":89561,"sound":true}},{"type":"Feature","geometry":{"type":"Point","coordinates":[-105.6073,43.5339]},"properties":{"api":"4900561805","name":"BALLISTA 3-1023H","op":"EOG RESOURCES INC","co":"Campbell","trs":"T41N R73W S10","fm":"NIOBRARA","eur":354608,"perft":null,"sound":true}},{"type":"Feature","geometry":{"type":"Point","coordinates":[-105.6071,43.5339]},"properties":{"api":"4900561806","name":"BALLISTA 202-1003H","op":"EOG RESOURCES INC","co":"Campbell","trs":"T41N R73W S10","fm":"NIOBRARA","eur":482791,"perft":53973,"sound":true}},{"type":"Feature","geometry":{"type":"Point","coordinates":[-105.6226,43.5336]},"properties":{"api":"4900561808","name":"BALLISTA 2-1004H","op":"EOG RESOURCES INC","co":"Campbell","trs":"T41N R73W S10","fm":"NIOBRARA","eur":648675,"perft":null,"sound":true}},{"type":"Feature","geometry":{"type":"Point","coordinates":[-105.5816,43.577]},"properties":{"api":"4900561816","name":"FLATBOW 201-25H","op":"EOG RESOURCES INC","co":"Campbell","trs":"T42N R73W S25","fm":"TURNER","eur":294401,"perft":null,"sound":true}},{"type":"Feature","geometry":{"type":"Point","coordinates":[-105.6506,43.736]},"properties":{"api":"4900561818","name":"WILLARD COM 11H","op":"EOG RESOURCES INC","co":"Campbell","trs":"T43N R73W S5","fm":"TURNER","eur":412301,"perft":95906,"sound":true}},{"type":"Feature","geometry":{"type":"Point","coordinates":[-105.5661,43.5771]},"properties":{"api":"4900561826","name":"FLATBOW 200-25H","op":"EOG RESOURCES INC","co":"Campbell","trs":"T42N R73W S25","fm":"PARKMAN","eur":405964,"perft":null,"sound":true}},{"type":"Feature","geometry":{"type":"Point","coordinates":[-105.5498,43.6643]},"properties":{"api":"4900561830","name":"PORSCHE COM 1H","op":"EOG RESOURCES INC","co":"Campbell","trs":"T43N R72W S31","fm":"TURNER","eur":105015,"perft":23689,"sound":true}},{"type":"Feature","geometry":{"type":"Point","coordinates":[-105.9597,43.678]},"properties":{"api":"4900561832","name":"TCR COLUMBIA FEDERAL 14-26/35 43-76BH","op":"ANSCHUTZ EXPLORATION CORPORATION","co":"Campbell","trs":"T43N R76W S26","fm":"SHANNON","eur":362319,"perft":38139,"sound":true}},{"type":"Feature","geometry":{"type":"Point","coordinates":[-105.971,43.6645]},"properties":{"api":"4900561834","name":"TCR TOPEKA FEDERAL 44-34 43-76BH","op":"ANSCHUTZ EXPLORATION CORPORATION","co":"Campbell","trs":"T43N R76W S27","fm":"SHANNON","eur":92891,"perft":18694,"sound":true}},{"type":"Feature","geometry":{"type":"Point","coordinates":[-105.9596,43.6779]},"properties":{"api":"4900561835","name":"TCR RALEIGH FEDERAL 41-23 43-76BH","op":"ANSCHUTZ EXPLORATION CORPORATION","co":"Campbell","trs":"T43N R76W S26","fm":"SHANNON","eur":null,"perft":null,"sound":false}},{"type":"Feature","geometry":{"type":"Point","coordinates":[-105.9841,43.6647]},"properties":{"api":"4900561839","name":"TCR NASHVILLE FED 14-27 43-76 H","op":"ANSCHUTZ EXPLORATION CORPORATION","co":"Campbell","trs":"T43N R76W S27","fm":"SHANNON","eur":279511,"perft":64211,"sound":true}},{"type":"Feature","geometry":{"type":"Point","coordinates":[-105.9979,43.6791]},"properties":{"api":"4900561840","name":"TCR JEFFERSON CITY   FED 14-28/33 43-76BH","op":"ANSCHUTZ EXPLORATION CORPORATION","co":"Campbell","trs":"T43N R76W S21","fm":"SHANNON","eur":291730,"perft":30234,"sound":true}},{"type":"Feature","geometry":{"type":"Point","coordinates":[-105.9978,43.6792]},"properties":{"api":"4900561841","name":"TCR DES MOINES FED 41-21 43-76BH","op":"ANSCHUTZ EXPLORATION CORPORATION","co":"Campbell","trs":"T43N R76W S21","fm":"SHANNON","eur":300751,"perft":73211,"sound":true}},{"type":"Feature","geometry":{"type":"Point","coordinates":[-105.5074,43.5193]},"properties":{"api":"4900561842","name":"ARBALEST 434-16H","op":"EOG RESOURCES INC","co":"Campbell","trs":"T41N R72W S16","fm":"PARKMAN","eur":170395,"perft":49119,"sound":true}},{"type":"Feature","geometry":{"type":"Point","coordinates":[-105.5285,43.6497]},"properties":{"api":"4900561846","name":"BOLT 404-05H","op":"EOG RESOURCES INC","co":"Campbell","trs":"T42N R72W S5","fm":"PARKMAN","eur":422497,"perft":106262,"sound":true}},{"type":"Feature","geometry":{"type":"Point","coordinates":[-105.5858,43.6627]},"properties":{"api":"4900561847","name":"GAELIC 1H","op":"EOG RESOURCES INC","co":"Campbell","trs":"T43N R73W S35","fm":"TURNER","eur":337965,"perft":null,"sound":true}},{"type":"Feature","geometry":{"type":"Point","coordinates":[-105.7733,43.9364]},"properties":{"api":"4900561848","name":"SLPU 42-29H","op":null,"co":"Campbell","trs":"T46N R74W S29","fm":"PARKMAN","eur":null,"perft":null,"sound":false}},{"type":"Feature","geometry":{"type":"Point","coordinates":[-105.773,43.9196]},"properties":{"api":"4900561849","name":"SLPU 42-32H","op":null,"co":"Campbell","trs":"T46N R74W S32","fm":"PARKMAN","eur":null,"perft":null,"sound":false}},{"type":"Feature","geometry":{"type":"Point","coordinates":[-105.7715,43.9271]},"properties":{"api":"4900561850","name":"SLPU 44-29H","op":null,"co":"Campbell","trs":"T46N R74W S29","fm":"PARKMAN","eur":null,"perft":null,"sound":false}},{"type":"Feature","geometry":{"type":"Point","coordinates":[-105.3663,43.767]},"properties":{"api":"4900561851","name":"USA 44-71-27A-34-1H","op":"EMEP II OPERATING LLC","co":"Campbell","trs":"T44N R71W S22","fm":"TURNER","eur":190640,"perft":null,"sound":true}},{"type":"Feature","geometry":{"type":"Point","coordinates":[-105.3658,43.7667]},"properties":{"api":"4900561852","name":"NAPIER 44-71-22D-15-1H","op":"EMEP II OPERATING LLC","co":"Campbell","trs":"T44N R71W S27","fm":"TURNER","eur":235121,"perft":null,"sound":true}},{"type":"Feature","geometry":{"type":"Point","coordinates":[-105.6012,43.5336]},"properties":{"api":"4900561856","name":"BALLISTA 204-1102H","op":"EOG RESOURCES INC","co":"Campbell","trs":"T41N R73W S11","fm":"MOWRY","eur":329353,"perft":null,"sound":true}},{"type":"Feature","geometry":{"type":"Point","coordinates":[-105.6893,44.1027]},"properties":{"api":"4900561876","name":"GEIS FED 14-30 PH","op":"BALLARD PETROLEUM HOLDINGS LLC","co":"Campbell","trs":"T48N R73W S30","fm":"PARKMAN","eur":270241,"perft":null,"sound":true}},{"type":"Feature","geometry":{"type":"Point","coordinates":[-105.5488,43.5045]},"properties":{"api":"4900561878","name":"ARBALEST 443-19H","op":"EOG RESOURCES INC","co":"Campbell","trs":"T41N R72W S19","fm":"PARKMAN","eur":110301,"perft":25729,"sound":true}},{"type":"Feature","geometry":{"type":"Point","coordinates":[-105.5058,43.7082]},"properties":{"api":"4900561885","name":"STATE COSNER 164372-4TH","op":"DEVON ENERGY PRODUCTION COMPANY LP","co":"Campbell","trs":"T43N R72W S16","fm":"TURNER","eur":114838,"perft":28475,"sound":true}},{"type":"Feature","geometry":{"type":"Point","coordinates":[-105.5715,43.6639]},"properties":{"api":"4900561887","name":"FOLKLORE COM 1H","op":"EOG RESOURCES INC","co":"Campbell","trs":"T43N R73W S25","fm":"TURNER","eur":285060,"perft":null,"sound":true}},{"type":"Feature","geometry":{"type":"Point","coordinates":[-105.6062,43.6617]},"properties":{"api":"4900561894","name":"LEAVITT TRUST FED 41-34 TH","op":"BALLARD PETROLEUM HOLDINGS LLC","co":"Campbell","trs":"T43N R73W S34","fm":"TURNER","eur":361453,"perft":null,"sound":true}},{"type":"Feature","geometry":{"type":"Point","coordinates":[-105.7173,43.6497]},"properties":{"api":"4900561895","name":"ATWOOD-LAUR 1-35TH","op":"PEAK POWDER RIVER RESOURCES LLC","co":"Campbell","trs":"T43N R74W S35","fm":"TURNER","eur":276431,"perft":81184,"sound":true}},{"type":"Feature","geometry":{"type":"Point","coordinates":[-105.6083,44.0935]},"properties":{"api":"4900561900","name":"GDU 13-35PH","op":"BALLARD PETROLEUM HOLDINGS LLC","co":"Campbell","trs":"T48N R73W S35","fm":"PARKMAN","eur":195585,"perft":51990,"sound":true}},{"type":"Feature","geometry":{"type":"Point","coordinates":[-105.7563,43.6204]},"properties":{"api":"4900561906","name":"IBERLIN 1-9TH","op":"PEAK POWDER RIVER RESOURCES LLC","co":"Campbell","trs":"T42N R74W S9","fm":"TURNER","eur":172454,"perft":45157,"sound":true}},{"type":"Feature","geometry":{"type":"Point","coordinates":[-105.724,43.7656]},"properties":{"api":"4900561908","name":"LONE MOOSE FED COM 13H","op":"EOG RESOURCES INC","co":"Campbell","trs":"T44N R74W S26","fm":"TURNER","eur":null,"perft":null,"sound":false}},{"type":"Feature","geometry":{"type":"Point","coordinates":[-105.5188,43.7371]},"properties":{"api":"4900561910","name":"COSNER FED 044372-1PH","op":"DEVON ENERGY PRODUCTION COMPANY LP","co":"Campbell","trs":"T43N R72W S4","fm":"PARKMAN","eur":475670,"perft":null,"sound":true}},{"type":"Feature","geometry":{"type":"Point","coordinates":[-105.5186,43.7372]},"properties":{"api":"4900561911","name":"COSNER FED 044372-2TH","op":"DEVON ENERGY PRODUCTION COMPANY LP","co":"Campbell","trs":"T43N R72W S4","fm":"TURNER","eur":80948,"perft":20895,"sound":true}},{"type":"Feature","geometry":{"type":"Point","coordinates":[-105.5082,43.7233]},"properties":{"api":"4900561912","name":"COSNER FED 044372-3PH","op":"DEVON ENERGY PRODUCTION COMPANY LP","co":"Campbell","trs":"T43N R72W S4","fm":"PARKMAN","eur":291415,"perft":69583,"sound":true}},{"type":"Feature","geometry":{"type":"Point","coordinates":[-105.508,43.7233]},"properties":{"api":"4900561913","name":"COSNER FED 044372-4TH","op":"DEVON ENERGY PRODUCTION COMPANY LP","co":"Campbell","trs":"T43N R72W S4","fm":"TURNER","eur":174689,"perft":40335,"sound":true}},{"type":"Feature","geometry":{"type":"Point","coordinates":[-105.5083,43.7233]},"properties":{"api":"4900561914","name":"COSNER FED 094372-3PH","op":"DEVON ENERGY PRODUCTION COMPANY LP","co":"Campbell","trs":"T43N R72W S9","fm":"PARKMAN","eur":395606,"perft":90095,"sound":true}},{"type":"Feature","geometry":{"type":"Point","coordinates":[-105.5078,43.7233]},"properties":{"api":"4900561915","name":"COSNER FED 094372-4TH","op":"DEVON ENERGY PRODUCTION COMPANY LP","co":"Campbell","trs":"T43N R72W S9","fm":"TURNER","eur":241956,"perft":null,"sound":true}},{"type":"Feature","geometry":{"type":"Point","coordinates":[-105.4965,43.7373]},"properties":{"api":"4900561919","name":"COSNER FED 03-104372-2XPH","op":"DEVON ENERGY PRODUCTION COMPANY LP","co":"Campbell","trs":"T43N R72W S3","fm":"PARKMAN","eur":306928,"perft":null,"sound":true}},{"type":"Feature","geometry":{"type":"Point","coordinates":[-105.5452,44.7952]},"properties":{"api":"4900561922","name":"FEDERAL 22-32","op":null,"co":"Campbell","trs":null,"fm":null,"eur":null,"perft":null,"sound":false}},{"type":"Feature","geometry":{"type":"Point","coordinates":[-105.6029,43.7078]},"properties":{"api":"4900561923","name":"MONTE FED COM 59H","op":"EOG RESOURCES INC","co":"Campbell","trs":"T43N R73W S11","fm":"TURNER","eur":241405,"perft":54285,"sound":true}},{"type":"Feature","geometry":{"type":"Point","coordinates":[-105.6054,43.7356]},"properties":{"api":"4900561925","name":"EDRA COM 9H","op":"EOG RESOURCES INC","co":"Campbell","trs":"T43N R73W S3","fm":"TURNER","eur":null,"perft":null,"sound":false}},{"type":"Feature","geometry":{"type":"Point","coordinates":[-106.0006,43.5466]},"properties":{"api":"4900561926","name":"IBERLIN RANCH FED 044176-1XFH","op":"DEVON ENERGY PRODUCTION COMPANY LP","co":"Campbell","trs":"T41N R76W S4","fm":"FRONTIER","eur":319087,"perft":36580,"sound":true}},{"type":"Feature","geometry":{"type":"Point","coordinates":[-105.8088,43.6781]},"properties":{"api":"4900561928","name":"ATWOOD LAUR 1-24H","op":"PEAK POWDER RIVER RESOURCES LLC","co":"Campbell","trs":"T43N R75W S24","fm":"SHANNON","eur":106462,"perft":26365,"sound":true}},{"type":"Feature","geometry":{"type":"Point","coordinates":[-105.5818,43.5317]},"properties":{"api":"4900561930","name":"BALLISTA 14-13H","op":"EOG RESOURCES INC","co":"Campbell","trs":"T41N R73W S13","fm":"NIOBRARA","eur":229594,"perft":null,"sound":true}},{"type":"Feature","geometry":{"type":"Point","coordinates":[-105.5817,43.5317]},"properties":{"api":"4900561931","name":"BALLISTA 213-1301H","op":"EOG RESOURCES INC","co":"Campbell","trs":"T41N R73W S13","fm":"NIOBRARA","eur":452058,"perft":null,"sound":true}},{"type":"Feature","geometry":{"type":"Point","coordinates":[-105.7903,43.5915]},"properties":{"api":"4900561932","name":"IBERLIN 1-19H","op":"PEAK POWDER RIVER RESOURCES LLC","co":"Campbell","trs":"T42N R74W S19","fm":"SHANNON","eur":100872,"perft":25250,"sound":true}},{"type":"Feature","geometry":{"type":"Point","coordinates":[-105.7902,43.5915]},"properties":{"api":"4900561934","name":"IBERLIN 1-19TH","op":"PEAK POWDER RIVER RESOURCES LLC","co":"Campbell","trs":"T42N R74W S19","fm":null,"eur":518483,"perft":128656,"sound":true}},{"type":"Feature","geometry":{"type":"Point","coordinates":[-105.5144,43.593]},"properties":{"api":"4900561944","name":"STODDARD FED 2-21TH","op":"PEAK POWDER RIVER RESOURCES LLC","co":"Campbell","trs":"T42N R72W S21","fm":"TURNER","eur":114795,"perft":null,"sound":true}},{"type":"Feature","geometry":{"type":"Point","coordinates":[-105.5151,43.5931]},"properties":{"api":"4900561945","name":"STODDARD FED 2-21PH","op":"PEAK POWDER RIVER RESOURCES LLC","co":"Campbell","trs":"T42N R72W S21","fm":"PARKMAN","eur":171505,"perft":40316,"sound":true}},{"type":"Feature","geometry":{"type":"Point","coordinates":[-105.515,43.593]},"properties":{"api":"4900561946","name":"STODDARD FED 4-21PH","op":"PEAK POWDER RIVER RESOURCES LLC","co":"Campbell","trs":"T42N R72W S21","fm":"PARKMAN","eur":141227,"perft":null,"sound":true}},{"type":"Feature","geometry":{"type":"Point","coordinates":[-105.5068,43.5926]},"properties":{"api":"4900561947","name":"STODDARD FED 1-21PH","op":"PEAK POWDER RIVER RESOURCES LLC","co":"Campbell","trs":"T42N R72W S21","fm":"PARKMAN","eur":458499,"perft":114510,"sound":true}},{"type":"Feature","geometry":{"type":"Point","coordinates":[-105.5064,43.5927]},"properties":{"api":"4900561949","name":"STODDARD FED 1-21TH","op":"PEAK POWDER RIVER RESOURCES LLC","co":"Campbell","trs":"T42N R72W S21","fm":"TURNER","eur":213378,"perft":null,"sound":true}},{"type":"Feature","geometry":{"type":"Point","coordinates":[-105.5074,43.5926]},"properties":{"api":"4900561950","name":"STODDARD FED 1-21MH","op":"PEAK POWDER RIVER RESOURCES LLC","co":"Campbell","trs":"T42N R72W S21","fm":"MOWRY","eur":112461,"perft":28186,"sound":true}},{"type":"Feature","geometry":{"type":"Point","coordinates":[-105.5647,43.999]},"properties":{"api":"4900561982","name":"DAVIS FAMILY 314772-1PH","op":"DEVON ENERGY PRODUCTION COMPANY LP","co":"Campbell","trs":"T47N R72W S31","fm":"PARKMAN","eur":117778,"perft":29131,"sound":true}},{"type":"Feature","geometry":{"type":"Point","coordinates":[-105.7507,43.6356]},"properties":{"api":"4900561983","name":"IBERLIN 2-4H","op":"PEAK POWDER RIVER RESOURCES LLC","co":"Campbell","trs":"T42N R74W S4","fm":"SHANNON","eur":152659,"perft":39973,"sound":true}},{"type":"Feature","geometry":{"type":"Point","coordinates":[-105.7507,43.6354]},"properties":{"api":"4900561984","name":"IBERLIN 2-4TH","op":"PEAK POWDER RIVER RESOURCES LLC","co":"Campbell","trs":"T42N R74W S4","fm":"TURNER","eur":109577,"perft":27251,"sound":true}},{"type":"Feature","geometry":{"type":"Point","coordinates":[-105.5593,43.6485]},"properties":{"api":"4900561985","name":"BOLT 408-06H","op":"EOG RESOURCES INC","co":"Campbell","trs":"T42N R72W S6","fm":"PARKMAN","eur":221533,"perft":null,"sound":true}},{"type":"Feature","geometry":{"type":"Point","coordinates":[-105.5592,43.6485]},"properties":{"api":"4900561988","name":"BOLT 409-06H","op":"EOG RESOURCES INC","co":"Campbell","trs":"T42N R72W S6","fm":"PARKMAN","eur":192827,"perft":null,"sound":true}},{"type":"Feature","geometry":{"type":"Point","coordinates":[-105.626,43.6789]},"properties":{"api":"4900561997","name":"THIELEN 1-21TH","op":"PEAK POWDER RIVER RESOURCES LLC","co":"Campbell","trs":"T43N R73W S21","fm":"TURNER","eur":345417,"perft":null,"sound":true}},{"type":"Feature","geometry":{"type":"Point","coordinates":[-105.6358,43.6789]},"properties":{"api":"4900561998","name":"THIELEN 2-21TH","op":"PEAK POWDER RIVER RESOURCES LLC","co":"Campbell","trs":null,"fm":"TURNER","eur":562343,"perft":null,"sound":true}},{"type":"Feature","geometry":{"type":"Point","coordinates":[-105.6358,43.679]},"properties":{"api":"4900562001","name":"THIELEN 2-21PH","op":"PEAK POWDER RIVER RESOURCES LLC","co":"Campbell","trs":"T43N R73W S21","fm":"PARKMAN","eur":363799,"perft":null,"sound":true}},{"type":"Feature","geometry":{"type":"Point","coordinates":[-105.4667,43.8695]},"properties":{"api":"4900562002","name":"DURHAM RANCHES 144572-4PH","op":"DEVON ENERGY PRODUCTION COMPANY LP","co":"Campbell","trs":"T45N R72W S14","fm":"PARKMAN","eur":211518,"perft":54403,"sound":true}},{"type":"Feature","geometry":{"type":"Point","coordinates":[-105.494,43.6057]},"properties":{"api":"4900562006","name":"STODDARD FED 2-15-10PH","op":"PEAK POWDER RIVER RESOURCES LLC","co":"Campbell","trs":"T42N R72W S22","fm":"PARKMAN","eur":510300,"perft":54287,"sound":true}},{"type":"Feature","geometry":{"type":"Point","coordinates":[-105.4941,43.6058]},"properties":{"api":"4900562007","name":"STODDARD FED 1-15-10PH","op":"PEAK POWDER RIVER RESOURCES LLC","co":"Campbell","trs":"T42N R72W S22","fm":"PARKMAN","eur":398561,"perft":null,"sound":true}},{"type":"Feature","geometry":{"type":"Point","coordinates":[-105.4938,43.6056]},"properties":{"api":"4900562008","name":"STODDARD FED 1-15-10TH","op":"PEAK POWDER RIVER RESOURCES LLC","co":"Campbell","trs":"T42N R72W S22","fm":"TURNER-FRONTIER","eur":148143,"perft":17410,"sound":true}},{"type":"Feature","geometry":{"type":"Point","coordinates":[-105.3724,43.8256]},"properties":{"api":"4900562015","name":"CASTLE 3-21TH","op":"EMEP II OPERATING LLC","co":"Campbell","trs":"T45N R71W S34","fm":"TURNER","eur":366706,"perft":88512,"sound":true}},{"type":"Feature","geometry":{"type":"Point","coordinates":[-105.5293,43.6497]},"properties":{"api":"4900562016","name":"BOLT 405-05H","op":"EOG RESOURCES INC","co":"Campbell","trs":"T42N R72W S5","fm":"PARKMAN","eur":null,"perft":null,"sound":false}},{"type":"Feature","geometry":{"type":"Point","coordinates":[-105.7284,44.0279]},"properties":{"api":"4900562021","name":"THRONE RANCH 23-144774-1XPH","op":"DEVON ENERGY PRODUCTION COMPANY LP","co":"Campbell","trs":"T47N R74W S26","fm":"PARKMAN","eur":null,"perft":null,"sound":false}},{"type":"Feature","geometry":{"type":"Point","coordinates":[-105.5204,43.6216]},"properties":{"api":"4900562023","name":"BOLT 406-0904H","op":"EOG RESOURCES INC","co":"Campbell","trs":"T42N R72W S9","fm":"PARKMAN","eur":null,"perft":null,"sound":false}},{"type":"Feature","geometry":{"type":"Point","coordinates":[-105.5226,43.6249]},"properties":{"api":"4900562024","name":"BOLT 407-0904H","op":"EOG RESOURCES INC","co":"Campbell","trs":"T42N R72W S9","fm":"PARKMAN","eur":358388,"perft":null,"sound":true}},{"type":"Feature","geometry":{"type":"Point","coordinates":[-105.5092,43.7081]},"properties":{"api":"4900562029","name":"STATE COSNER 164372-3PH","op":"DEVON ENERGY PRODUCTION COMPANY LP","co":"Campbell","trs":"T43N R72W S16","fm":"PARKMAN","eur":496338,"perft":123961,"sound":true}},{"type":"Feature","geometry":{"type":"Point","coordinates":[-105.6709,43.7511]},"properties":{"api":"4900562030","name":"LITTLE BUFFALO RANCH 314473-3TH","op":"DEVON ENERGY PRODUCTION COMPANY LP","co":"Campbell","trs":"T44N R73W S31","fm":"TURNER","eur":576047,"perft":null,"sound":true}},{"type":"Feature","geometry":{"type":"Point","coordinates":[-105.5545,43.6797]},"properties":{"api":"4900562034","name":"T-COSNER FED 2-19PH","op":"EOG RESOURCES INC","co":"Campbell","trs":"T43N R72W S19","fm":"PARKMAN","eur":193753,"perft":41712,"sound":true}},{"type":"Feature","geometry":{"type":"Point","coordinates":[-105.5547,43.6799]},"properties":{"api":"4900562038","name":"T-COSNER FED 2-19TH","op":"EOG RESOURCES INC","co":"Campbell","trs":"T43N R72W S19","fm":"TURNER","eur":null,"perft":null,"sound":false}},{"type":"Feature","geometry":{"type":"Point","coordinates":[-105.727,43.721]},"properties":{"api":"4900562043","name":"LAURENT COM 6H","op":"EOG RESOURCES INC","co":"Campbell","trs":"T43N R74W S10","fm":"TURNER","eur":365240,"perft":80931,"sound":true}},{"type":"Feature","geometry":{"type":"Point","coordinates":[-105.3225,43.7955]},"properties":{"api":"4900562044","name":"GRAND 7-14TH","op":null,"co":"Campbell","trs":null,"fm":null,"eur":189008,"perft":38979,"sound":true}},{"type":"Feature","geometry":{"type":"Point","coordinates":[-105.5061,43.6512]},"properties":{"api":"4900562049","name":"TUIT DRAW FEDERAL 44-33TH","op":"DEVON ENERGY PRODUCTION COMPANY LP","co":"Campbell","trs":"T43N R72W S33","fm":"TURNER","eur":59536,"perft":null,"sound":true}},{"type":"Feature","geometry":{"type":"Point","coordinates":[-105.4044,43.5929]},"properties":{"api":"4900562053","name":"BRIDLE BIT 1-20TH","op":"PEAK POWDER RIVER RESOURCES LLC","co":"Campbell","trs":"T42N R71W S20","fm":"TURNER","eur":106390,"perft":27691,"sound":true}},{"type":"Feature","geometry":{"type":"Point","coordinates":[-105.4449,43.6374]},"properties":{"api":"4900562060","name":"TLE RANCH 1-1TH","op":"PEAK POWDER RIVER RESOURCES LLC","co":"Campbell","trs":"T42N R72W S1","fm":"TURNER","eur":null,"perft":null,"sound":false}},{"type":"Feature","geometry":{"type":"Point","coordinates":[-105.8664,43.7829]},"properties":{"api":"4900562066","name":"HARTZOG DRAW UNIT 4168H","op":"DENBURY ONSHORE LLC","co":"Campbell","trs":"T44N R75W S16","fm":"SHANNON","eur":300135,"perft":null,"sound":true}},{"type":"Feature","geometry":{"type":"Point","coordinates":[-105.7347,43.6064]},"properties":{"api":"4900562067","name":"SUCHAN FED 2-15TH","op":"PEAK POWDER RIVER RESOURCES LLC","co":"Campbell","trs":"T42N R74W S15","fm":"TURNER","eur":179700,"perft":45830,"sound":true}},{"type":"Feature","geometry":{"type":"Point","coordinates":[-105.7347,43.6065]},"properties":{"api":"4900562068","name":"SUCHAN FED 2-15-10MH","op":"PEAK POWDER RIVER RESOURCES LLC","co":"Campbell","trs":"T42N R74W S15","fm":"MOWRY","eur":196976,"perft":23630,"sound":true}},{"type":"Feature","geometry":{"type":"Point","coordinates":[-105.7439,43.6062]},"properties":{"api":"4900562070","name":"SUCHAN FED 1-15TH","op":"PEAK POWDER RIVER RESOURCES LLC","co":"Campbell","trs":"T42N R74W S15","fm":"TURNER","eur":243729,"perft":null,"sound":true}},{"type":"Feature","geometry":{"type":"Point","coordinates":[-105.7436,43.6063]},"properties":{"api":"4900562071","name":"SUCHAN FED 1-15MH","op":"PEAK POWDER RIVER RESOURCES LLC","co":"Campbell","trs":"T42N R74W S15","fm":"MOWRY","eur":84940,"perft":null,"sound":true}},{"type":"Feature","geometry":{"type":"Point","coordinates":[-105.7438,43.6063]},"properties":{"api":"4900562072","name":"SUCHAN FED 1-15H","op":"PEAK POWDER RIVER RESOURCES LLC","co":"Campbell","trs":"T42N R74W S15","fm":"SHANNON","eur":182058,"perft":null,"sound":true}},{"type":"Feature","geometry":{"type":"Point","coordinates":[-105.8064,43.7373]},"properties":{"api":"4900562073","name":"HARTZOG DRAW UNIT 4368H","op":"DENBURY ONSHORE LLC","co":"Campbell","trs":"T44N R75W S36","fm":"SHANNON","eur":140298,"perft":null,"sound":true}},{"type":"Feature","geometry":{"type":"Point","coordinates":[-105.5885,43.6057]},"properties":{"api":"4900562074","name":"DILTS 44-14 TH","op":"BALLARD PETROLEUM HOLDINGS LLC","co":"Campbell","trs":"T42N R73W S14","fm":"TURNER","eur":472493,"perft":151149,"sound":true}},{"type":"Feature","geometry":{"type":"Point","coordinates":[-105.7468,43.5904]},"properties":{"api":"4900562079","name":"BIGHORN FEDERAL COM 14FH","op":"EOG RESOURCES INC","co":"Campbell","trs":"T42N R74W S28","fm":"FRONTIER","eur":283707,"perft":60337,"sound":true}},{"type":"Feature","geometry":{"type":"Point","coordinates":[-105.7281,43.6336]},"properties":{"api":"4900562080","name":"ROUSH 2-10TH","op":"PEAK POWDER RIVER RESOURCES LLC","co":"Campbell","trs":"T42N R74W S10","fm":"TURNER","eur":89737,"perft":22627,"sound":true}},{"type":"Feature","geometry":{"type":"Point","coordinates":[-105.5226,43.9415]},"properties":{"api":"4900562083","name":"FLYING BUFFALO 214672-1PH","op":"DEVON ENERGY PRODUCTION COMPANY LP","co":"Campbell","trs":"T46N R72W S28","fm":"PARKMAN","eur":null,"perft":null,"sound":false}},{"type":"Feature","geometry":{"type":"Point","coordinates":[-105.7087,44.102]},"properties":{"api":"4900562085","name":"HJ GEER FEDERAL 14-25PH","op":"BALLARD PETROLEUM HOLDINGS LLC","co":"Campbell","trs":"T48N R74W S25","fm":"PARKMAN","eur":null,"perft":null,"sound":false}},{"type":"Feature","geometry":{"type":"Point","coordinates":[-105.6554,43.6774]},"properties":{"api":"4900562094","name":"BUCKIN BRONC FED COM 3H","op":"EOG RESOURCES INC","co":"Campbell","trs":"T43N R73W S29","fm":"TURNER","eur":631657,"perft":129757,"sound":true}},{"type":"Feature","geometry":{"type":"Point","coordinates":[-105.7067,43.6347]},"properties":{"api":"4900562100","name":"ROUSH FED 1-2TH","op":"PEAK POWDER RIVER RESOURCES LLC","co":"Campbell","trs":"T42N R74W S2","fm":"TURNER","eur":160903,"perft":39102,"sound":true}},{"type":"Feature","geometry":{"type":"Point","coordinates":[-105.7062,43.6349]},"properties":{"api":"4900562103","name":"ROUSH FED 1-2MH","op":"PEAK POWDER RIVER RESOURCES LLC","co":"Campbell","trs":"T42N R74W S2","fm":"MOWRY","eur":492823,"perft":123608,"sound":true}},{"type":"Feature","geometry":{"type":"Point","coordinates":[-105.6887,43.6474]},"properties":{"api":"4900562108","name":"ROUSH FED 1-1TH","op":"PEAK POWDER RIVER RESOURCES LLC","co":"Campbell","trs":"T42N R74W S1","fm":"TURNER","eur":246947,"perft":60011,"sound":true}},{"type":"Feature","geometry":{"type":"Point","coordinates":[-105.5428,43.6217]},"properties":{"api":"4900562112","name":"CORPORAL FEDERAL COM 1H","op":"EOG RESOURCES INC","co":"Campbell","trs":"T42N R72W S8","fm":"TURNER","eur":140908,"perft":31154,"sound":true}},{"type":"Feature","geometry":{"type":"Point","coordinates":[-105.5332,43.5048]},"properties":{"api":"4900562115","name":"ARBALEST 78-2032H","op":"EOG RESOURCES INC","co":"Campbell","trs":"T41N R72W S20","fm":"PARKMAN","eur":171721,"perft":null,"sound":true}},{"type":"Feature","geometry":{"type":"Point","coordinates":[-105.533,43.5048]},"properties":{"api":"4900562116","name":"ARBALEST 419-2032H","op":"EOG RESOURCES INC","co":"Campbell","trs":"T41N R72W S20","fm":"PARKMAN","eur":214514,"perft":null,"sound":true}},{"type":"Feature","geometry":{"type":"Point","coordinates":[-105.6584,43.7802]},"properties":{"api":"4900562117","name":"MARQUISS FED 204473-2TH","op":"DEVON ENERGY PRODUCTION COMPANY LP","co":"Campbell","trs":"T44N R73W S20","fm":"TURNER","eur":294151,"perft":70931,"sound":true}},{"type":"Feature","geometry":{"type":"Point","coordinates":[-105.6527,43.7516]},"properties":{"api":"4900562118","name":"LITTLE BUFFALO RANCH 294473-3TH","op":"DEVON ENERGY PRODUCTION COMPANY LP","co":"Campbell","trs":"T44N R73W S29","fm":"TURNER","eur":353306,"perft":null,"sound":true}},{"type":"Feature","geometry":{"type":"Point","coordinates":[-105.6036,43.6348]},"properties":{"api":"4900562121","name":"LEAVITT TRUST 14-2PH","op":"BALLARD PETROLEUM HOLDINGS LLC","co":"Campbell","trs":"T42N R73W S2","fm":"PARKMAN","eur":252891,"perft":98554,"sound":true}},{"type":"Feature","geometry":{"type":"Point","coordinates":[-105.7059,43.7665]},"properties":{"api":"4900562122","name":"MCCULLOUGH 11TH","op":"EOG RESOURCES INC","co":"Campbell","trs":"T44N R74W S23","fm":"TURNER","eur":365494,"perft":70287,"sound":true}},{"type":"Feature","geometry":{"type":"Point","coordinates":[-105.687,43.7217]},"properties":{"api":"4900562123","name":"SUNRISE FEDERAL 36H","op":"EOG RESOURCES INC","co":"Campbell","trs":"T43N R74W S12","fm":"TURNER","eur":575412,"perft":120153,"sound":true}},{"type":"Feature","geometry":{"type":"Point","coordinates":[-105.4363,43.5928]},"properties":{"api":"4900562129","name":"BRIDLE BIT FED 2-19-18TH","op":"PEAK POWDER RIVER RESOURCES LLC","co":"Campbell","trs":"T42N R71W S19","fm":"TURNER/1ST FRONTIER","eur":204266,"perft":null,"sound":true}},{"type":"Feature","geometry":{"type":"Point","coordinates":[-106.0011,43.5312]},"properties":{"api":"4900562135","name":"TRIGGER FED 4176-16-21-1FH","op":"SAGE BUTTE PRB OPERATING, LLC","co":"Campbell","trs":"T41N R76W S16","fm":"FRONTIER","eur":315650,"perft":null,"sound":true}},{"type":"Feature","geometry":{"type":"Point","coordinates":[-105.6363,43.736]},"properties":{"api":"4900562136","name":"ROCKY BUTTE FED COM 29H","op":"EOG RESOURCES INC","co":"Campbell","trs":"T43N R73W S4","fm":"TURNER","eur":440290,"perft":92654,"sound":true}},{"type":"Feature","geometry":{"type":"Point","coordinates":[-105.6643,43.7223]},"properties":{"api":"4900562137","name":"CHIME COM 1H","op":"EOG RESOURCES INC","co":"Campbell","trs":"T43N R73W S5","fm":"TURNER","eur":316251,"perft":67923,"sound":true}},{"type":"Feature","geometry":{"type":"Point","coordinates":[-105.5496,43.6642]},"properties":{"api":"4900562140","name":"PORSCHE COM 6H","op":"EOG RESOURCES INC","co":"Campbell","trs":"T43N R72W S31","fm":"PARKMAN","eur":481814,"perft":109703,"sound":true}},{"type":"Feature","geometry":{"type":"Point","coordinates":[-105.5186,43.6931]},"properties":{"api":"4900562144","name":"COSNER FED 21-284372-1XPH","op":"DEVON ENERGY PRODUCTION COMPANY LP","co":"Campbell","trs":"T43N R72W S21","fm":"TURNER","eur":468703,"perft":null,"sound":true}},{"type":"Feature","geometry":{"type":"Point","coordinates":[-105.5182,43.6931]},"properties":{"api":"4900562145","name":"COSNER FED 21-284372-2XPH","op":"DEVON ENERGY PRODUCTION COMPANY LP","co":"Campbell","trs":"T43N R72W S21","fm":"PARKMAN","eur":386660,"perft":null,"sound":true}},{"type":"Feature","geometry":{"type":"Point","coordinates":[-105.5184,43.6931]},"properties":{"api":"4900562146","name":"COSNER FED 21-284372-2XTH","op":"DEVON ENERGY PRODUCTION COMPANY LP","co":"Campbell","trs":"T43N R72W S21","fm":"TURNER","eur":183082,"perft":null,"sound":true}},{"type":"Feature","geometry":{"type":"Point","coordinates":[-105.528,43.6944]},"properties":{"api":"4900562151","name":"T COSNER FED 174372-4PH","op":"DEVON ENERGY PRODUCTION COMPANY LP","co":"Campbell","trs":"T43N R72W S17","fm":"PARKMAN","eur":178047,"perft":null,"sound":true}},{"type":"Feature","geometry":{"type":"Point","coordinates":[-105.5283,43.6945]},"properties":{"api":"4900562152","name":"T COSNER FED 174372-3PH","op":"DEVON ENERGY PRODUCTION COMPANY LP","co":"Campbell","trs":"T43N R72W S17","fm":"PARKMAN","eur":212248,"perft":null,"sound":true}},{"type":"Feature","geometry":{"type":"Point","coordinates":[-105.5385,43.6942]},"properties":{"api":"4900562153","name":"T COSNER FED 174372-2TH","op":"DEVON ENERGY PRODUCTION COMPANY LP","co":"Campbell","trs":"T43N R72W S17","fm":"TURNER","eur":86953,"perft":null,"sound":true}},{"type":"Feature","geometry":{"type":"Point","coordinates":[-105.5383,43.6942]},"properties":{"api":"4900562154","name":"T COSNER FED 174372-2PH","op":"DEVON ENERGY PRODUCTION COMPANY LP","co":"Campbell","trs":"T43N R72W S17","fm":"PARKMAN","eur":242362,"perft":null,"sound":true}},{"type":"Feature","geometry":{"type":"Point","coordinates":[-105.5387,43.6943]},"properties":{"api":"4900562155","name":"T COSNER FED 174372-1PH","op":"DEVON ENERGY PRODUCTION COMPANY LP","co":"Campbell","trs":"T43N R72W S17","fm":"PARKMAN","eur":258663,"perft":null,"sound":true}},{"type":"Feature","geometry":{"type":"Point","coordinates":[-105.5191,43.6943]},"properties":{"api":"4900562156","name":"STATE COSNER 164372-2TH","op":"DEVON ENERGY PRODUCTION COMPANY LP","co":"Campbell","trs":"T43N R72W S16","fm":"TURNER","eur":106999,"perft":null,"sound":true}},{"type":"Feature","geometry":{"type":"Point","coordinates":[-105.4886,43.7063]},"properties":{"api":"4900562170","name":"COSNER FED 10-034372-4XPH","op":"DEVON ENERGY PRODUCTION COMPANY LP","co":"Campbell","trs":"T43N R72W S15","fm":"PARKMAN","eur":223275,"perft":null,"sound":true}},{"type":"Feature","geometry":{"type":"Point","coordinates":[-105.7719,43.896]},"properties":{"api":"4900562177","name":"SLPU FEE 41-08H","op":null,"co":"Campbell","trs":"T45N R74W S8","fm":"PARKMAN","eur":106416,"perft":37776,"sound":true}},{"type":"Feature","geometry":{"type":"Point","coordinates":[-105.5486,43.7216]},"properties":{"api":"4900562197","name":"WRIGHT FED 07-184372-4XPH","op":"DEVON ENERGY PRODUCTION COMPANY LP","co":"Campbell","trs":"T43N R72W S7","fm":"PARKMAN","eur":492307,"perft":null,"sound":true}},{"type":"Feature","geometry":{"type":"Point","coordinates":[-105.549,43.7214]},"properties":{"api":"4900562198","name":"WRIGHT FED 07-184372-3XPH","op":"DEVON ENERGY PRODUCTION COMPANY LP","co":"Campbell","trs":"T43N R72W S7","fm":"PARKMAN","eur":406091,"perft":null,"sound":true}},{"type":"Feature","geometry":{"type":"Point","coordinates":[-105.5385,43.7371]},"properties":{"api":"4900562199","name":"WRIGHT FED 05-084372-2XTH","op":"DEVON ENERGY PRODUCTION COMPANY LP","co":"Campbell","trs":"T43N R72W S5","fm":"TURNER","eur":410760,"perft":null,"sound":true}},{"type":"Feature","geometry":{"type":"Point","coordinates":[-105.5387,43.7371]},"properties":{"api":"4900562201","name":"WRIGHT FED 05-084372-1XPH","op":"DEVON ENERGY PRODUCTION COMPANY LP","co":"Campbell","trs":"T43N R72W S5","fm":"PARKMAN","eur":839969,"perft":null,"sound":true}},{"type":"Feature","geometry":{"type":"Point","coordinates":[-105.6132,43.6928]},"properties":{"api":"4900562202","name":"BUNN FEDERAL 25H","op":"EOG RESOURCES INC","co":"Campbell","trs":"T43N R73W S15","fm":"TURNER","eur":352988,"perft":77682,"sound":true}},{"type":"Feature","geometry":{"type":"Point","coordinates":[-105.4682,43.7678]},"properties":{"api":"4900562203","name":"MCGEE FED 264472-4TH","op":"DEVON ENERGY PRODUCTION COMPANY LP","co":"Campbell","trs":"T44N R72W S23","fm":"TURNER","eur":478035,"perft":null,"sound":true}},{"type":"Feature","geometry":{"type":"Point","coordinates":[-105.5297,43.7379]},"properties":{"api":"4900562204","name":"WRIGHT FED 05-084372-3XPH","op":"DEVON ENERGY PRODUCTION COMPANY LP","co":"Campbell","trs":"T43N R72W S5","fm":"PARKMAN","eur":418179,"perft":null,"sound":true}},{"type":"Feature","geometry":{"type":"Point","coordinates":[-105.5295,43.7379]},"properties":{"api":"4900562206","name":"WRIGHT FED 05-084372-4XTH","op":"DEVON ENERGY PRODUCTION COMPANY LP","co":"Campbell","trs":"T43N R72W S5","fm":"TURNER","eur":328976,"perft":null,"sound":true}},{"type":"Feature","geometry":{"type":"Point","coordinates":[-105.4878,43.6803]},"properties":{"api":"4900562207","name":"COSNER FED 22-154372-4XPH","op":"DEVON ENERGY PRODUCTION COMPANY LP","co":"Campbell","trs":"T43N R72W S22","fm":"PARKMAN","eur":188992,"perft":null,"sound":true}},{"type":"Feature","geometry":{"type":"Point","coordinates":[-105.4976,43.6805]},"properties":{"api":"4900562210","name":"COSNER FED 22-154372-2XPH","op":"DEVON ENERGY PRODUCTION COMPANY LP","co":"Campbell","trs":"T43N R72W S22","fm":"PARKMAN","eur":343587,"perft":38411,"sound":true}},{"type":"Feature","geometry":{"type":"Point","coordinates":[-105.7136,43.722]},"properties":{"api":"4900562214","name":"COUSINS FEDERAL COM 22H","op":"EOG RESOURCES INC","co":"Campbell","trs":"T43N R74W S2","fm":"TURNER","eur":589152,"perft":126346,"sound":true}},{"type":"Feature","geometry":{"type":"Point","coordinates":[-105.8355,43.7729]},"properties":{"api":"4900562219","name":"HARTZOG DRAW UNIT 4235H","op":"DENBURY ONSHORE LLC","co":"Campbell","trs":"T44N R75W S23","fm":"SHANNON","eur":null,"perft":null,"sound":false}},{"type":"Feature","geometry":{"type":"Point","coordinates":[-105.5208,43.9712]},"properties":{"api":"4900562220","name":"DAVIS FAMILY FED 09-044672-1XPH","op":"DEVON ENERGY PRODUCTION COMPANY LP","co":"Campbell","trs":"T46N R72W S9","fm":"PARKMAN","eur":411320,"perft":null,"sound":true}},{"type":"Feature","geometry":{"type":"Point","coordinates":[-105.4415,43.8398]},"properties":{"api":"4900562222","name":"BEAVER TRUST 30-194571-2XPH","op":"DEVON ENERGY PRODUCTION COMPANY LP","co":"Campbell","trs":"T45N R71W S30","fm":"PARKMAN","eur":533342,"perft":null,"sound":true}},{"type":"Feature","geometry":{"type":"Point","coordinates":[-105.7075,43.892]},"properties":{"api":"4900562227","name":"HCNU FEE 12-13H","op":"CITATION OIL & GAS CORPORATION","co":"Campbell","trs":"T45N R74W S12","fm":"SUSSEX","eur":null,"perft":null,"sound":false}},{"type":"Feature","geometry":{"type":"Point","coordinates":[-105.5297,43.6497]},"properties":{"api":"4900562232","name":"BOLT 429-05H","op":"EOG RESOURCES INC","co":"Campbell","trs":"T42N R72W S5","fm":"PARKMAN","eur":201737,"perft":null,"sound":true}},{"type":"Feature","geometry":{"type":"Point","coordinates":[-105.6029,43.6932]},"properties":{"api":"4900562242","name":"BUNN FEDERAL 24H","op":"EOG RESOURCES INC","co":"Campbell","trs":"T43N R73W S14","fm":"TURNER","eur":null,"perft":null,"sound":false}},{"type":"Feature","geometry":{"type":"Point","coordinates":[-105.5244,43.957]},"properties":{"api":"4900562251","name":"STATE FLYING BUFFALO 164672-1PH","op":"DEVON ENERGY PRODUCTION COMPANY LP","co":"Campbell","trs":"T46N R72W S16","fm":"PARKMAN","eur":null,"perft":null,"sound":false}},{"type":"Feature","geometry":{"type":"Point","coordinates":[-105.6967,43.7082]},"properties":{"api":"4900562252","name":"PASTRY FEDERAL COM 1H","op":"EOG RESOURCES INC","co":"Campbell","trs":"T43N R74W S12","fm":"TURNER","eur":413085,"perft":null,"sound":true}},{"type":"Feature","geometry":{"type":"Point","coordinates":[-105.5594,43.6636]},"properties":{"api":"4900562261","name":"PORSCHE COM 2H","op":"EOG RESOURCES INC","co":"Campbell","trs":"T43N R72W S31","fm":"TURNER","eur":154199,"perft":35661,"sound":true}},{"type":"Feature","geometry":{"type":"Point","coordinates":[-105.5595,43.6636]},"properties":{"api":"4900562265","name":"PORSCHE COM 5H","op":"EOG RESOURCES INC","co":"Campbell","trs":"T43N R72W S31","fm":"PARKMAN","eur":432395,"perft":102658,"sound":true}},{"type":"Feature","geometry":{"type":"Point","coordinates":[-105.9552,43.8711]},"properties":{"api":"4900562266","name":"HARTZOG DRAW UNIT 5144H","op":"DENBURY ONSHORE LLC","co":"Campbell","trs":"T45N R76W S14","fm":"SHANNON","eur":null,"perft":null,"sound":false}},{"type":"Feature","geometry":{"type":"Point","coordinates":[-105.5692,43.6775]},"properties":{"api":"4900562268","name":"TED COM 3H","op":"EOG RESOURCES INC","co":"Campbell","trs":"T43N R73W S25","fm":"TURNER","eur":null,"perft":null,"sound":false}},{"type":"Feature","geometry":{"type":"Point","coordinates":[-105.6432,43.6943]},"properties":{"api":"4900562270","name":"AMPOLEX STATE 19TH","op":"EOG RESOURCES INC","co":"Campbell","trs":"T43N R73W S16","fm":"TURNER","eur":null,"perft":null,"sound":false}},{"type":"Feature","geometry":{"type":"Point","coordinates":[-105.6543,43.7374]},"properties":{"api":"4900562271","name":"ROCKY BUTTE FED COM 30H","op":"EOG RESOURCES INC","co":"Campbell","trs":"T44N R73W S32","fm":"TURNER","eur":356638,"perft":82612,"sound":true}},{"type":"Feature","geometry":{"type":"Point","coordinates":[-105.6538,43.7074]},"properties":{"api":"4900562272","name":"GROVES COM 53H","op":"EOG RESOURCES INC","co":"Campbell","trs":"T43N R73W S8","fm":"TURNER","eur":null,"perft":null,"sound":false}},{"type":"Feature","geometry":{"type":"Point","coordinates":[-105.6437,43.7375]},"properties":{"api":"4900562276","name":"TOOTS  1H","op":"EOG RESOURCES INC","co":"Campbell","trs":"T44N R73W S33","fm":"TURNER","eur":308949,"perft":70504,"sound":true}},{"type":"Feature","geometry":{"type":"Point","coordinates":[-105.7813,43.6343]},"properties":{"api":"4900562303","name":"IBERLIN 1-5TH","op":"PEAK POWDER RIVER RESOURCES LLC","co":"Campbell","trs":"T42N R74W S5","fm":"TURNER","eur":373853,"perft":null,"sound":true}},{"type":"Feature","geometry":{"type":"Point","coordinates":[-105.7986,43.6791]},"properties":{"api":"4900562307","name":"ATWOOD LAUR FED 2-19TH","op":"PEAK POWDER RIVER RESOURCES LLC","co":"Campbell","trs":"T43N R74W S19","fm":"TURNER","eur":221315,"perft":null,"sound":true}},{"type":"Feature","geometry":{"type":"Point","coordinates":[-105.7984,43.6791]},"properties":{"api":"4900562309","name":"ATWOOD LAUR FED 2-19H","op":"PEAK POWDER RIVER RESOURCES LLC","co":"Campbell","trs":"T43N R74W S19","fm":"SHANNON","eur":281055,"perft":null,"sound":true}},{"type":"Feature","geometry":{"type":"Point","coordinates":[-105.9677,43.91]},"properties":{"api":"4900562313","name":"HARTZOG DRAW UNIT 6357H","op":"DENBURY ONSHORE LLC","co":"Campbell","trs":"T46N R76W S35","fm":"SHANNON","eur":410105,"perft":null,"sound":true}},{"type":"Feature","geometry":{"type":"Point","coordinates":[-105.583,43.6477]},"properties":{"api":"4900562315","name":"JUSTIN COM 1TH","op":"EOG RESOURCES INC","co":"Campbell","trs":"T42N R73W S1","fm":"TURNER","eur":215286,"perft":44823,"sound":true}},{"type":"Feature","geometry":{"type":"Point","coordinates":[-105.7596,43.6343]},"properties":{"api":"4900562326","name":"IBERLIN 1-4MH","op":"PEAK POWDER RIVER RESOURCES LLC","co":"Campbell","trs":"T42N R74W S4","fm":"MOWRY","eur":191182,"perft":47784,"sound":true}},{"type":"Feature","geometry":{"type":"Point","coordinates":[-105.7596,43.6342]},"properties":{"api":"4900562327","name":"IBERLIN 1-4TH","op":"PEAK POWDER RIVER RESOURCES LLC","co":"Campbell","trs":"T42N R74W S4","fm":"TURNER","eur":217959,"perft":52256,"sound":true}},{"type":"Feature","geometry":{"type":"Point","coordinates":[-105.5548,43.5774]},"properties":{"api":"4900562329","name":"DILTS FED 24-30TH","op":"BALLARD PETROLEUM HOLDINGS LLC","co":"Campbell","trs":"T42N R72W S30","fm":"TURNER","eur":234834,"perft":null,"sound":true}},{"type":"Feature","geometry":{"type":"Point","coordinates":[-105.7252,43.7358]},"properties":{"api":"4900562342","name":"FOURMILE FEDERAL COM 20H","op":"EOG RESOURCES INC","co":"Campbell","trs":"T43N R74W S2","fm":"TURNER","eur":550693,"perft":110205,"sound":true}},{"type":"Feature","geometry":{"type":"Point","coordinates":[-105.5183,43.6072]},"properties":{"api":"4900562346","name":"STATE 24-16 TH","op":"BALLARD PETROLEUM HOLDINGS LLC","co":"Campbell","trs":"T42N R72W S16","fm":"TURNER","eur":162517,"perft":null,"sound":true}},{"type":"Feature","geometry":{"type":"Point","coordinates":[-105.5657,43.6047]},"properties":{"api":"4900562347","name":"DILTS 41-24 TH","op":"BALLARD PETROLEUM HOLDINGS LLC","co":"Campbell","trs":"T42N R73W S24","fm":"TURNER","eur":305838,"perft":null,"sound":true}},{"type":"Feature","geometry":{"type":"Point","coordinates":[-105.412,43.6203]},"properties":{"api":"4900562351","name":"DILTS FED 08-054271-4XPH","op":"DEVON ENERGY PRODUCTION COMPANY LP","co":"Campbell","trs":"T42N R71W S17","fm":"PARKMAN","eur":193502,"perft":null,"sound":true}},{"type":"Feature","geometry":{"type":"Point","coordinates":[-105.7527,43.618]},"properties":{"api":"4900562352","name":"WILD BILL STATE 4274-16-16 TH","op":null,"co":"Campbell","trs":null,"fm":null,"eur":65547,"perft":null,"sound":true}},{"type":"Feature","geometry":{"type":"Point","coordinates":[-105.5452,43.6783]},"properties":{"api":"4900562353","name":"BEHEMOTH FEDERAL COM 1PH","op":"EOG RESOURCES INC","co":"Campbell","trs":"T43N R72W S30","fm":"PARKMAN","eur":383828,"perft":null,"sound":true}},{"type":"Feature","geometry":{"type":"Point","coordinates":[-106.0186,43.6648]},"properties":{"api":"4900562355","name":"TRUE FED 34-29 29H","op":"TRUE OIL LLC","co":"Campbell","trs":"T43N R76W S29","fm":"SHANNON","eur":217978,"perft":52741,"sound":true}},{"type":"Feature","geometry":{"type":"Point","coordinates":[-105.7043,43.708]},"properties":{"api":"4900562362","name":"SUNRISE FEDERAL 37H","op":"EOG RESOURCES INC","co":"Campbell","trs":"T43N R74W S12","fm":"TURNER","eur":438425,"perft":95393,"sound":true}},{"type":"Feature","geometry":{"type":"Point","coordinates":[-105.5008,43.6059]},"properties":{"api":"4900562364","name":"BOLT 38-22H","op":"BALLARD PETROLEUM HOLDINGS LLC","co":"Campbell","trs":"T42N R72W S22","fm":"TURNER","eur":159448,"perft":null,"sound":true}},{"type":"Feature","geometry":{"type":"Point","coordinates":[-105.7248,43.7072]},"properties":{"api":"4900562367","name":"TRIDENT 2-11H","op":"EOG RESOURCES INC","co":"Campbell","trs":"T43N R74W S11","fm":"TURNER","eur":479913,"perft":null,"sound":true}},{"type":"Feature","geometry":{"type":"Point","coordinates":[-105.6562,43.6936]},"properties":{"api":"4900562369","name":"NATASHA FEDERAL COM 4H","op":"EOG RESOURCES INC","co":"Campbell","trs":"T43N R73W S17","fm":"TURNER","eur":null,"perft":null,"sound":false}},{"type":"Feature","geometry":{"type":"Point","coordinates":[-105.8983,43.8028]},"properties":{"api":"4900562371","name":"HARTZOG DRAW UNIT 4087H","op":"DENBURY ONSHORE LLC","co":"Campbell","trs":"T44N R75W S8","fm":"SHANNON","eur":391675,"perft":null,"sound":true}},{"type":"Feature","geometry":{"type":"Point","coordinates":[-105.997,44.4028]},"properties":{"api":"4900562373","name":"HAYDEN STATE 41-16NH","op":"BALLARD PETROLEUM HOLDINGS LLC","co":"Campbell","trs":"T51N R76W S9","fm":"NIOBRARA","eur":9718,"perft":null,"sound":true}},{"type":"Feature","geometry":{"type":"Point","coordinates":[-105.6842,43.6929]},"properties":{"api":"4900562374","name":"STRANGLER FED COM 1H","op":"EOG RESOURCES INC","co":"Campbell","trs":"T43N R73W S18","fm":"TURNER","eur":554364,"perft":116268,"sound":true}},{"type":"Feature","geometry":{"type":"Point","coordinates":[-105.7065,43.6776]},"properties":{"api":"4900562376","name":"LAUR COM 1TH","op":"EOG RESOURCES INC","co":"Campbell","trs":"T43N R74W S26","fm":"TURNER","eur":274748,"perft":56060,"sound":true}},{"type":"Feature","geometry":{"type":"Point","coordinates":[-105.6161,43.7511]},"properties":{"api":"4900562377","name":"ROCKY BUTTE FED COM 31TH","op":"EOG RESOURCES INC","co":"Campbell","trs":"T44N R73W S34","fm":"TURNER","eur":244945,"perft":52530,"sound":true}},{"type":"Feature","geometry":{"type":"Point","coordinates":[-105.6734,43.7077]},"properties":{"api":"4900562378","name":"STARLIGHT FED COM 30H","op":"EOG RESOURCES INC","co":"Campbell","trs":"T43N R73W S7","fm":"TURNER","eur":575983,"perft":130224,"sound":true}},{"type":"Feature","geometry":{"type":"Point","coordinates":[-105.7727,43.8835]},"properties":{"api":"4900562380","name":"SLPU FED 44-08H","op":null,"co":"Campbell","trs":null,"fm":"PARKMAN","eur":179530,"perft":null,"sound":true}},{"type":"Feature","geometry":{"type":"Point","coordinates":[-105.7764,43.8898]},"properties":{"api":"4900562381","name":"SLPU FED 32-08H","op":null,"co":"Campbell","trs":null,"fm":"PARKMAN","eur":null,"perft":null,"sound":false}},{"type":"Feature","geometry":{"type":"Point","coordinates":[-105.9958,44.0567]},"properties":{"api":"4900562384","name":"ZYSK FEDERAL 1-A","op":"BERENERGY CORPORATION","co":"Campbell","trs":"T47N R76W S9","fm":"FERGUSON","eur":null,"perft":null,"sound":false}},{"type":"Feature","geometry":{"type":"Point","coordinates":[-105.783,44.2287]},"properties":{"api":"4900562390","name":"BARLOW RANCH FED 174974-3PH","op":"DEVON ENERGY PRODUCTION COMPANY LP","co":"Campbell","trs":"T49N R74W S17","fm":"PARKMAN","eur":392204,"perft":null,"sound":true}},{"type":"Feature","geometry":{"type":"Point","coordinates":[-105.783,44.2289]},"properties":{"api":"4900562391","name":"BARLOW RANCH FED 08-054974-3XPH","op":"DEVON ENERGY PRODUCTION COMPANY LP","co":"Campbell","trs":"T49N R74W S17","fm":"PARKMAN","eur":372155,"perft":null,"sound":true}},{"type":"Feature","geometry":{"type":"Point","coordinates":[-105.6917,44.0915]},"properties":{"api":"4900562397","name":"STATE 43-36 PH","op":"BALLARD PETROLEUM HOLDINGS LLC","co":"Campbell","trs":"T48N R74W S36","fm":"PARKMAN","eur":351819,"perft":null,"sound":true}},{"type":"Feature","geometry":{"type":"Point","coordinates":[-105.5293,43.7379]},"properties":{"api":"4900562402","name":"WRIGHT FED 05-084372-4XPH","op":"DEVON ENERGY PRODUCTION COMPANY LP","co":"Campbell","trs":"T43N R72W S5","fm":"PARKMAN","eur":null,"perft":null,"sound":false}},{"type":"Feature","geometry":{"type":"Point","coordinates":[-105.4466,43.8983]},"properties":{"api":"4900562406","name":"DURHAM RANCHES FED 12-134572-4XPH","op":"DEVON ENERGY PRODUCTION COMPANY LP","co":"Campbell","trs":"T45N R72W S1","fm":"PARKMAN","eur":271878,"perft":null,"sound":true}},{"type":"Feature","geometry":{"type":"Point","coordinates":[-105.4496,43.8693]},"properties":{"api":"4900562411","name":"DURHAM RANCHES 24-254572-4XPH","op":"DEVON ENERGY PRODUCTION COMPANY LP","co":"Campbell","trs":"T45N R72W S13","fm":"PARKMAN","eur":400051,"perft":null,"sound":true}},{"type":"Feature","geometry":{"type":"Point","coordinates":[-105.5384,43.7372]},"properties":{"api":"4900562413","name":"WRIGHT FED 05-084372-2XPH","op":"DEVON ENERGY PRODUCTION COMPANY LP","co":"Campbell","trs":"T43N R72W S5","fm":"PARKMAN","eur":370659,"perft":38744,"sound":true}},{"type":"Feature","geometry":{"type":"Point","coordinates":[-105.477,43.6358]},"properties":{"api":"4900562424","name":"BRIDLE BIT FED 2-11-14NH","op":"PEAK POWDER RIVER RESOURCES LLC","co":"Campbell","trs":"T42N R72W S11","fm":"NIOBRARA","eur":402085,"perft":null,"sound":true}},{"type":"Feature","geometry":{"type":"Point","coordinates":[-105.4771,43.6358]},"properties":{"api":"4900562425","name":"BRIDLE BIT FED 2-11-14PH","op":"PEAK POWDER RIVER RESOURCES LLC","co":"Campbell","trs":"T42N R72W S11","fm":"PARKMAN","eur":464064,"perft":null,"sound":true}},{"type":"Feature","geometry":{"type":"Point","coordinates":[-105.4772,43.6359]},"properties":{"api":"4900562426","name":"BRIDLE BIT FED 2-11-14TH","op":"PEAK POWDER RIVER RESOURCES LLC","co":"Campbell","trs":"T42N R72W S11","fm":"TURNER","eur":175786,"perft":null,"sound":true}},{"type":"Feature","geometry":{"type":"Point","coordinates":[-105.4512,43.635]},"properties":{"api":"4900562429","name":"BRIDLE BIT 1-12PH","op":"PEAK POWDER RIVER RESOURCES LLC","co":"Campbell","trs":"T42N R72W S12","fm":"PARKMAN","eur":231184,"perft":53330,"sound":true}},{"type":"Feature","geometry":{"type":"Point","coordinates":[-105.4516,43.635]},"properties":{"api":"4900562430","name":"BRIDLE BIT  1-12TH","op":"PEAK POWDER RIVER RESOURCES LLC","co":"Campbell","trs":"T42N R72W S12","fm":"TURNER","eur":52285,"perft":12472,"sound":true}},{"type":"Feature","geometry":{"type":"Point","coordinates":[-105.709,44.0802]},"properties":{"api":"4900562438","name":"ROHDE RD 12-1PH","op":"BALLARD PETROLEUM HOLDINGS LLC","co":"Campbell","trs":"T47N R74W S1","fm":"PARKMAN","eur":263348,"perft":null,"sound":true}},{"type":"Feature","geometry":{"type":"Point","coordinates":[-105.3747,43.8255]},"properties":{"api":"4900562448","name":"CHIMNEY CONE 34-34TH","op":"EMEP II OPERATING LLC","co":"Campbell","trs":"T45N R71W S34","fm":"TURNER","eur":225154,"perft":null,"sound":true}},{"type":"Feature","geometry":{"type":"Point","coordinates":[-105.6467,43.6422]},"properties":{"api":"4900562449","name":"RENO 42-5 TH","op":"BALLARD PETROLEUM HOLDINGS LLC","co":"Campbell","trs":"T42N R73W S5","fm":"TURNER","eur":240190,"perft":null,"sound":true}},{"type":"Feature","geometry":{"type":"Point","coordinates":[-105.5144,43.7221]},"properties":{"api":"4900562450","name":"COSNER 094372-2PH","op":"DEVON ENERGY PRODUCTION COMPANY LP","co":"Campbell","trs":"T43N R72W S9","fm":"PARKMAN","eur":257968,"perft":null,"sound":true}},{"type":"Feature","geometry":{"type":"Point","coordinates":[-105.7171,43.7357]},"properties":{"api":"4900562453","name":"COUSINS FEDERAL COM 23TH","op":"EOG RESOURCES INC","co":"Campbell","trs":"T43N R74W S2","fm":"TURNER","eur":419506,"perft":100432,"sound":true}},{"type":"Feature","geometry":{"type":"Point","coordinates":[-105.6292,44.0465]},"properties":{"api":"4900562454","name":"DAVIS STATE 43-16PH","op":"BALLARD PETROLEUM HOLDINGS LLC","co":"Campbell","trs":"T47N R73W S15","fm":"PARKMAN","eur":193164,"perft":null,"sound":true}},{"type":"Feature","geometry":{"type":"Point","coordinates":[-105.6289,44.0465]},"properties":{"api":"4900562455","name":"DAVIS 13-15PH","op":"BALLARD PETROLEUM HOLDINGS LLC","co":"Campbell","trs":"T47N R73W S15","fm":"PARKMAN","eur":87147,"perft":null,"sound":true}},{"type":"Feature","geometry":{"type":"Point","coordinates":[-105.8044,43.6332]},"properties":{"api":"4900562460","name":"IBERLIN FED 1-6TH","op":null,"co":"Campbell","trs":"T42N R74W S7","fm":"TURNER","eur":396663,"perft":null,"sound":true}},{"type":"Feature","geometry":{"type":"Point","coordinates":[-105.6239,43.6297]},"properties":{"api":"4900562463","name":"RENO 11-10 TH","op":"BALLARD PETROLEUM HOLDINGS LLC","co":"Campbell","trs":"T42N R73W S10","fm":"TURNER","eur":439288,"perft":null,"sound":true}},{"type":"Feature","geometry":{"type":"Point","coordinates":[-105.7817,43.6342]},"properties":{"api":"4900562467","name":"IBERLIN FED 2-8TH","op":"PEAK POWDER RIVER RESOURCES LLC","co":"Campbell","trs":"T42N R74W S5","fm":"FRONTIER/TURNER","eur":113028,"perft":29620,"sound":true}},{"type":"Feature","geometry":{"type":"Point","coordinates":[-105.7746,43.6198]},"properties":{"api":"4900562471","name":"IBERLIN FED 1-8TH","op":"PEAK POWDER RIVER RESOURCES LLC","co":"Campbell","trs":"T42N R74W S8","fm":"TURNER","eur":151060,"perft":null,"sound":true}},{"type":"Feature","geometry":{"type":"Point","coordinates":[-105.7893,43.6336]},"properties":{"api":"4900562476","name":"IBERLIN FED 1-7TH","op":"PEAK POWDER RIVER RESOURCES LLC","co":"Campbell","trs":"T42N R74W S7","fm":"FRONTIER/TURNER","eur":140932,"perft":36266,"sound":true}},{"type":"Feature","geometry":{"type":"Point","coordinates":[-105.6238,43.6297]},"properties":{"api":"4900562483","name":"RENO 11-10 PH","op":"BALLARD PETROLEUM HOLDINGS LLC","co":"Campbell","trs":"T42N R73W S10","fm":"PARKMAN","eur":264540,"perft":null,"sound":true}},{"type":"Feature","geometry":{"type":"Point","coordinates":[-105.391,43.8255]},"properties":{"api":"4900562494","name":"BOLLER 45-71-33D-28-1H","op":"EMEP II OPERATING LLC","co":"Campbell","trs":"T45N R71W S33","fm":"TURNER","eur":254916,"perft":null,"sound":true}},{"type":"Feature","geometry":{"type":"Point","coordinates":[-105.5657,43.6046]},"properties":{"api":"4900562496","name":"DILTS 41-24 PH","op":"BALLARD PETROLEUM HOLDINGS LLC","co":"Campbell","trs":null,"fm":"PARKMAN","eur":174007,"perft":null,"sound":true}},{"type":"Feature","geometry":{"type":"Point","coordinates":[-105.8249,43.6362]},"properties":{"api":"4900562501","name":"NINE MILE 1-1TH","op":"PEAK POWDER RIVER RESOURCES LLC","co":"Campbell","trs":"T42N R75W S1","fm":"TURNER","eur":2004512,"perft":null,"sound":true}},{"type":"Feature","geometry":{"type":"Point","coordinates":[-105.6754,43.6479]},"properties":{"api":"4900562524","name":"LEAVITT TRUST FED 21-6-7 NH","op":"BALLARD PETROLEUM HOLDINGS LLC","co":"Campbell","trs":"T42N R73W S6","fm":"NIOBRARA","eur":456839,"perft":null,"sound":true}},{"type":"Feature","geometry":{"type":"Point","coordinates":[-105.6054,43.6351]},"properties":{"api":"4900562525","name":"LEAVITT TRUST 44-3 TH","op":"BALLARD PETROLEUM HOLDINGS LLC","co":"Campbell","trs":"T42N R73W S3","fm":"TURNER","eur":383322,"perft":null,"sound":true}},{"type":"Feature","geometry":{"type":"Point","coordinates":[-105.6054,43.6352]},"properties":{"api":"4900562527","name":"LEAVITT TRUST 44-3 PH","op":"BALLARD PETROLEUM HOLDINGS LLC","co":"Campbell","trs":"T42N R73W S3","fm":"PARKMAN","eur":218334,"perft":null,"sound":true}},{"type":"Feature","geometry":{"type":"Point","coordinates":[-105.6897,44.0818]},"properties":{"api":"4900562540","name":"ROHDE 12-6 PH","op":"BALLARD PETROLEUM HOLDINGS LLC","co":"Campbell","trs":"T47N R73W S6","fm":"PARKMAN","eur":421004,"perft":null,"sound":true}},{"type":"Feature","geometry":{"type":"Point","coordinates":[-105.5206,43.7222]},"properties":{"api":"4900562542","name":"COSNER 094372-1PH","op":"DEVON ENERGY PRODUCTION COMPANY LP","co":"Campbell","trs":"T43N R72W S9","fm":"PARKMAN","eur":330828,"perft":null,"sound":true}},{"type":"Feature","geometry":{"type":"Point","coordinates":[-105.3561,43.7244]},"properties":{"api":"4900562553","name":"HEINKE 43-71-2C-35-1H","op":"EMEP II OPERATING LLC","co":"Campbell","trs":"T43N R71W S2","fm":"TURNER","eur":361236,"perft":null,"sound":true}},{"type":"Feature","geometry":{"type":"Point","coordinates":[-105.8115,43.9414]},"properties":{"api":"4900562563","name":"SLPU FED 44-24H","op":null,"co":"Campbell","trs":"T46N R75W S24","fm":"PARKMAN","eur":null,"perft":null,"sound":false}},{"type":"Feature","geometry":{"type":"Point","coordinates":[-105.8115,43.95]},"properties":{"api":"4900562564","name":"SLPU 42-24H","op":null,"co":"Campbell","trs":"T46N R75W S24","fm":"PARKMAN","eur":null,"perft":null,"sound":false}},{"type":"Feature","geometry":{"type":"Point","coordinates":[-105.4042,43.8241]},"properties":{"api":"4900562566","name":"STUART 44-71-5A-8-1H","op":"EMEP II OPERATING LLC","co":"Campbell","trs":"T44N R71W S5","fm":"TURNER","eur":432788,"perft":null,"sound":true}},{"type":"Feature","geometry":{"type":"Point","coordinates":[-105.9459,43.5469]},"properties":{"api":"4900562567","name":"BUSTER FED 4176-12-24TH","op":"TITAN EXPLORATION LLC","co":"Campbell","trs":"T41N R76W S1","fm":"FRONTIER","eur":35434,"perft":null,"sound":true}},{"type":"Feature","geometry":{"type":"Point","coordinates":[-106.0038,43.5452]},"properties":{"api":"4900562568","name":"SHADOW FED 4176-9-24 TH","op":"ANSCHUTZ EXPLORATION CORPORATION","co":"Campbell","trs":"T41N R76W S9","fm":"FRONTIER","eur":144541,"perft":null,"sound":true}},{"type":"Feature","geometry":{"type":"Point","coordinates":[-105.6619,43.6189]},"properties":{"api":"4900562570","name":"FLATBOW 423-1720H","op":"EOG RESOURCES INC","co":"Campbell","trs":"T42N R73W S17","fm":"MOWRY","eur":553651,"perft":null,"sound":true}},{"type":"Feature","geometry":{"type":"Point","coordinates":[-105.6251,43.629]},"properties":{"api":"4900562575","name":"RENO 42-9 TH","op":"BALLARD PETROLEUM HOLDINGS LLC","co":"Campbell","trs":"T42N R73W S9","fm":"TURNER","eur":755354,"perft":null,"sound":true}},{"type":"Feature","geometry":{"type":"Point","coordinates":[-105.5691,43.6503]},"properties":{"api":"4900562577","name":"MUSTANG STATE 22PH","op":"EOG RESOURCES INC","co":"Campbell","trs":"T43N R73W S36","fm":"PARKMAN","eur":228724,"perft":56308,"sound":true}},{"type":"Feature","geometry":{"type":"Point","coordinates":[-105.4441,43.7097]},"properties":{"api":"4900562594","name":"ANDERSON 43-72-12D-1-1PH","op":"EMEP II OPERATING LLC","co":"Campbell","trs":"T43N R72W S12","fm":"PARKMAN","eur":null,"perft":null,"sound":false}},{"type":"Feature","geometry":{"type":"Point","coordinates":[-106.0185,43.6648]},"properties":{"api":"4900562606","name":"TRUE FED 34-29 32H","op":"TRUE OIL LLC","co":"Campbell","trs":"T43N R76W S29","fm":"SHANNON","eur":287402,"perft":66176,"sound":true}},{"type":"Feature","geometry":{"type":"Point","coordinates":[-105.4982,43.6787]},"properties":{"api":"4900562617","name":"T COSNER FED 274372-1PH","op":"DEVON ENERGY PRODUCTION COMPANY LP","co":"Campbell","trs":"T43N R72W S27","fm":"PARKMAN","eur":170503,"perft":null,"sound":true}},{"type":"Feature","geometry":{"type":"Point","coordinates":[-105.5661,43.6192]},"properties":{"api":"4900562622","name":"FLATBOW 424-13H","op":"EOG RESOURCES INC","co":"Campbell","trs":"T42N R73W S13","fm":"PARKMAN","eur":303489,"perft":null,"sound":true}},{"type":"Feature","geometry":{"type":"Point","coordinates":[-105.5659,43.6192]},"properties":{"api":"4900562623","name":"FLATBOW 13-13H","op":"EOG RESOURCES INC","co":"Campbell","trs":"T42N R73W S13","fm":"TURNER","eur":797000,"perft":null,"sound":true}},{"type":"Feature","geometry":{"type":"Point","coordinates":[-105.531,43.6798]},"properties":{"api":"4900562627","name":"T COSNER FED 204372-4PH","op":"DEVON ENERGY PRODUCTION COMPANY LP","co":"Campbell","trs":"T43N R72W S20","fm":"PARKMAN","eur":352628,"perft":null,"sound":true}},{"type":"Feature","geometry":{"type":"Point","coordinates":[-105.5366,43.6794]},"properties":{"api":"4900562629","name":"T COSNER FED 204372-2PH","op":"DEVON ENERGY PRODUCTION COMPANY LP","co":"Campbell","trs":"T43N R72W S20","fm":"PARKMAN","eur":709336,"perft":null,"sound":true}},{"type":"Feature","geometry":{"type":"Point","coordinates":[-105.5084,43.693]},"properties":{"api":"4900562646","name":"COSNER FED 21-284372-3XPH","op":"DEVON ENERGY PRODUCTION COMPANY LP","co":"Campbell","trs":"T43N R72W S21","fm":"PARKMAN","eur":307706,"perft":null,"sound":true}},{"type":"Feature","geometry":{"type":"Point","coordinates":[-105.508,43.693]},"properties":{"api":"4900562647","name":"COSNER FED 21-284372-4XPH","op":"DEVON ENERGY PRODUCTION COMPANY LP","co":"Campbell","trs":"T43N R72W S21","fm":"PARKMAN","eur":482511,"perft":null,"sound":true}},{"type":"Feature","geometry":{"type":"Point","coordinates":[-105.7409,43.5626]},"properties":{"api":"4900562667","name":"NINE MILE 2-34TH","op":"PEAK POWDER RIVER RESOURCES LLC","co":"Campbell","trs":"T42N R74W S34","fm":"TURNER","eur":47781,"perft":null,"sound":true}},{"type":"Feature","geometry":{"type":"Point","coordinates":[-105.5289,43.6221]},"properties":{"api":"4900562675","name":"SARGENT COM 5PH","op":"EOG RESOURCES INC","co":"Campbell","trs":"T42N R72W S8","fm":"PARKMAN","eur":264857,"perft":65917,"sound":true}},{"type":"Feature","geometry":{"type":"Point","coordinates":[-105.5291,43.6221]},"properties":{"api":"4900562676","name":"SARGENT COM 6PH","op":"EOG RESOURCES INC","co":"Campbell","trs":"T42N R72W S8","fm":"PARKMAN","eur":266174,"perft":64826,"sound":true}},{"type":"Feature","geometry":{"type":"Point","coordinates":[-105.585,43.6291]},"properties":{"api":"4900562688","name":"DILTS 42-11 TH","op":"BALLARD PETROLEUM HOLDINGS LLC","co":"Campbell","trs":"T42N R73W S11","fm":"TURNER","eur":485537,"perft":null,"sound":true}},{"type":"Feature","geometry":{"type":"Point","coordinates":[-105.4093,43.7518]},"properties":{"api":"4900562690","name":"STUART 44-71-32A-5-1H","op":"EMEP II OPERATING LLC","co":"Campbell","trs":"T44N R71W S32","fm":"TURNER","eur":306870,"perft":null,"sound":true}},{"type":"Feature","geometry":{"type":"Point","coordinates":[-105.5853,43.6327]},"properties":{"api":"4900562694","name":"DILTS 11-12 TH","op":"BALLARD PETROLEUM HOLDINGS LLC","co":"Campbell","trs":"T42N R73W S11","fm":"TURNER","eur":309458,"perft":null,"sound":true}},{"type":"Feature","geometry":{"type":"Point","coordinates":[-105.6688,44.0834]},"properties":{"api":"4900562714","name":"GDU 11-5B PH","op":"BALLARD PETROLEUM HOLDINGS LLC","co":"Campbell","trs":null,"fm":"PARKMAN","eur":611083,"perft":null,"sound":true}},{"type":"Feature","geometry":{"type":"Point","coordinates":[-105.498,43.6787]},"properties":{"api":"4900562716","name":"T COSNER FED 274372-2PH","op":"DEVON ENERGY PRODUCTION COMPANY LP","co":"Campbell","trs":"T43N R72W S27","fm":"PARKMAN","eur":137839,"perft":null,"sound":true}},{"type":"Feature","geometry":{"type":"Point","coordinates":[-105.5684,43.6637]},"properties":{"api":"4900562726","name":"FOLKLORE COM 2PH","op":"EOG RESOURCES INC","co":"Campbell","trs":"T43N R73W S36","fm":"PARKMAN","eur":300917,"perft":68656,"sound":true}},{"type":"Feature","geometry":{"type":"Point","coordinates":[-105.6814,44.0718]},"properties":{"api":"4900562728","name":"ROHDE 21-7 PH","op":"BALLARD PETROLEUM HOLDINGS LLC","co":"Campbell","trs":"T47N R73W S7","fm":"PARKMAN","eur":269107,"perft":null,"sound":true}},{"type":"Feature","geometry":{"type":"Point","coordinates":[-105.7288,43.664]},"properties":{"api":"4900562738","name":"ROUSH FED 2-27-22MH","op":"PEAK POWDER RIVER RESOURCES LLC","co":"Campbell","trs":"T43N R74W S27","fm":"MOWRY","eur":549863,"perft":null,"sound":true}},{"type":"Feature","geometry":{"type":"Point","coordinates":[-105.7288,43.6641]},"properties":{"api":"4900562741","name":"ROUSH FED 2-27-22TH","op":"PEAK POWDER RIVER RESOURCES LLC","co":"Campbell","trs":"T43N R74W S27","fm":"TURNER","eur":381677,"perft":null,"sound":true}},{"type":"Feature","geometry":{"type":"Point","coordinates":[-105.5331,43.6071]},"properties":{"api":"4900562754","name":"DILTS FED 34-17 PH","op":"BALLARD PETROLEUM HOLDINGS LLC","co":"Campbell","trs":"T42N R72W S17","fm":"PARKMAN","eur":325905,"perft":null,"sound":true}},{"type":"Feature","geometry":{"type":"Point","coordinates":[-105.5256,43.6055]},"properties":{"api":"4900562756","name":"DILTS FED 41-20 PH","op":"BALLARD PETROLEUM HOLDINGS LLC","co":"Campbell","trs":"T42N R72W S20","fm":"PARKMAN","eur":228472,"perft":null,"sound":true}},{"type":"Feature","geometry":{"type":"Point","coordinates":[-105.5784,43.6503]},"properties":{"api":"4900562758","name":"MUSTANG STATE 23PH","op":"EOG RESOURCES INC","co":"Campbell","trs":"T43N R73W S36","fm":"PARKMAN","eur":null,"perft":null,"sound":false}},{"type":"Feature","geometry":{"type":"Point","coordinates":[-105.5784,43.6504]},"properties":{"api":"4900562759","name":"MUSTANG STATE 24PH","op":"EOG RESOURCES INC","co":"Campbell","trs":"T43N R73W S36","fm":"PARKMAN","eur":90895,"perft":23117,"sound":true}},{"type":"Feature","geometry":{"type":"Point","coordinates":[-105.3957,43.5796]},"properties":{"api":"4900562763","name":"BRIDLE BIT 1-28PH","op":"PEAK POWDER RIVER RESOURCES LLC","co":"Campbell","trs":"T42N R71W S28","fm":"PARKMAN","eur":127863,"perft":null,"sound":true}},{"type":"Feature","geometry":{"type":"Point","coordinates":[-105.669,44.0591]},"properties":{"api":"4900562767","name":"GDU FED 14-8-9-10 PH","op":"BALLARD PETROLEUM HOLDINGS LLC","co":"Campbell","trs":"T47N R73W S8","fm":"PARKMAN","eur":null,"perft":null,"sound":false}},{"type":"Feature","geometry":{"type":"Point","coordinates":[-105.6697,44.066]},"properties":{"api":"4900562768","name":"GDU FED 12-8 PH","op":"BALLARD PETROLEUM HOLDINGS LLC","co":"Campbell","trs":"T47N R73W S8","fm":"PARKMAN","eur":null,"perft":null,"sound":false}},{"type":"Feature","geometry":{"type":"Point","coordinates":[-105.6692,44.0734]},"properties":{"api":"4900562769","name":"GDU FED 14-5 PH","op":"BALLARD PETROLEUM HOLDINGS LLC","co":"Campbell","trs":"T47N R73W S5","fm":"PARKMAN","eur":893736,"perft":null,"sound":true}},{"type":"Feature","geometry":{"type":"Point","coordinates":[-105.5497,43.6345]},"properties":{"api":"4900562771","name":"LEAVITT TRUST 41-7 PH","op":"BALLARD PETROLEUM HOLDINGS LLC","co":"Campbell","trs":"T42N R72W S7","fm":"PARKMAN","eur":194507,"perft":null,"sound":true}},{"type":"Feature","geometry":{"type":"Point","coordinates":[-105.5548,43.6777]},"properties":{"api":"4900562780","name":"BEHEMOTH FEDERAL COM 2PH","op":"EOG RESOURCES INC","co":"Campbell","trs":"T43N R72W S30","fm":"PARKMAN","eur":257349,"perft":null,"sound":true}},{"type":"Feature","geometry":{"type":"Point","coordinates":[-105.6286,43.6187]},"properties":{"api":"4900562783","name":"FLATBOW 602-1621H","op":"EOG RESOURCES INC","co":"Campbell","trs":"T42N R73W S16","fm":"TURNER","eur":624957,"perft":null,"sound":true}},{"type":"Feature","geometry":{"type":"Point","coordinates":[-105.609,43.6057]},"properties":{"api":"4900562791","name":"DILTS 44-15 TH","op":"BALLARD PETROLEUM HOLDINGS LLC","co":"Campbell","trs":"T42N R73W S15","fm":"TURNER","eur":441901,"perft":null,"sound":true}},{"type":"Feature","geometry":{"type":"Point","coordinates":[-105.4728,43.7385]},"properties":{"api":"4900562797","name":"ARK LAND 02-11437-2XPH","op":"DEVON ENERGY PRODUCTION COMPANY LP","co":"Campbell","trs":"T44N R72W S35","fm":"PARKMAN","eur":115551,"perft":null,"sound":true}},{"type":"Feature","geometry":{"type":"Point","coordinates":[-105.4657,43.7379]},"properties":{"api":"4900562798","name":"ARK LAND 02-114372-4XPH","op":"DEVON ENERGY PRODUCTION COMPANY LP","co":"Campbell","trs":"T44N R72W S35","fm":"PARKMAN","eur":271341,"perft":null,"sound":true}},{"type":"Feature","geometry":{"type":"Point","coordinates":[-105.4843,43.7072]},"properties":{"api":"4900562799","name":"COSNER 11-024372-1XPH","op":"DEVON ENERGY PRODUCTION COMPANY LP","co":"Campbell","trs":"T43N R72W S15","fm":"PARKMAN","eur":194629,"perft":null,"sound":true}},{"type":"Feature","geometry":{"type":"Point","coordinates":[-105.4726,43.7384]},"properties":{"api":"4900562800","name":"ARK LAND 02-114372-3XPH","op":"DEVON ENERGY PRODUCTION COMPANY LP","co":"Campbell","trs":"T44N R72W S35","fm":"PARKMAN","eur":null,"perft":null,"sound":false}},{"type":"Feature","geometry":{"type":"Point","coordinates":[-105.8044,43.6331]},"properties":{"api":"4900562813","name":"IBERLIN FED 1-6H","op":null,"co":"Campbell","trs":null,"fm":null,"eur":52348,"perft":null,"sound":true}},{"type":"Feature","geometry":{"type":"Point","coordinates":[-105.488,43.6803]},"properties":{"api":"4900562828","name":"COSNER FED 22-154372-3XPH","op":"DEVON ENERGY PRODUCTION COMPANY LP","co":"Campbell","trs":"T43N R72W S22","fm":"PARKMAN","eur":198676,"perft":21386,"sound":true}},{"type":"Feature","geometry":{"type":"Point","coordinates":[-105.4977,43.6804]},"properties":{"api":"4900562830","name":"COSNER FED 22-154372-1XPH","op":"DEVON ENERGY PRODUCTION COMPANY LP","co":"Campbell","trs":"T43N R72W S22","fm":"PARKMAN","eur":465878,"perft":null,"sound":true}},{"type":"Feature","geometry":{"type":"Point","coordinates":[-105.4967,43.7374]},"properties":{"api":"4900562834","name":"COSNER FED 03-104372-1XPH","op":"DEVON ENERGY PRODUCTION COMPANY LP","co":"Campbell","trs":"T43N R72W S3","fm":"PARKMAN","eur":463009,"perft":null,"sound":true}},{"type":"Feature","geometry":{"type":"Point","coordinates":[-105.4888,43.7063]},"properties":{"api":"4900562844","name":"COSNER FED 10-034372-3XPH","op":"DEVON ENERGY PRODUCTION COMPANY LP","co":"Campbell","trs":"T43N R72W S15","fm":"PARKMAN","eur":250534,"perft":null,"sound":true}},{"type":"Feature","geometry":{"type":"Point","coordinates":[-105.4161,43.7243]},"properties":{"api":"4900562849","name":"STUART 43-71-5C-32-3H","op":"EMEP II OPERATING LLC","co":"Campbell","trs":"T43N R71W S5","fm":"TURNER","eur":134971,"perft":null,"sound":true}},{"type":"Feature","geometry":{"type":"Point","coordinates":[-105.6392,43.6186]},"properties":{"api":"4900562852","name":"FLATBOW 212-1621H","op":"EOG RESOURCES INC","co":"Campbell","trs":"T42N R73W S16","fm":"TURNER","eur":180183,"perft":null,"sound":true}},{"type":"Feature","geometry":{"type":"Point","coordinates":[-105.6394,43.6187]},"properties":{"api":"4900562853","name":"FLATBOW 101-1621H","op":"EOG RESOURCES INC","co":"Campbell","trs":"T42N R73W S16","fm":"TURNER","eur":null,"perft":null,"sound":false}},{"type":"Feature","geometry":{"type":"Point","coordinates":[-105.6395,43.6187]},"properties":{"api":"4900562855","name":"FLATBOW 603-1621H","op":"EOG RESOURCES INC","co":"Campbell","trs":"T42N R73W S16","fm":"TURNER","eur":null,"perft":null,"sound":false}},{"type":"Feature","geometry":{"type":"Point","coordinates":[-105.5828,43.6178]},"properties":{"api":"4900562877","name":"FLATBOW 428-13H","op":"EOG RESOURCES INC","co":"Campbell","trs":"T42N R73W S13","fm":"PARKMAN","eur":null,"perft":null,"sound":false}},{"type":"Feature","geometry":{"type":"Point","coordinates":[-105.5826,43.6178]},"properties":{"api":"4900562878","name":"FLATBOW 31-13H","op":"EOG RESOURCES INC","co":"Campbell","trs":"T42N R73W S13","fm":"TURNER","eur":180003,"perft":null,"sound":true}},{"type":"Feature","geometry":{"type":"Point","coordinates":[-105.7528,43.6059]},"properties":{"api":"4900562884","name":"IBERLIN STATE 1-16H","op":"PEAK POWDER RIVER RESOURCES LLC","co":"Campbell","trs":"T42N R74W S16","fm":"SHANNON","eur":272345,"perft":null,"sound":true}},{"type":"Feature","geometry":{"type":"Point","coordinates":[-105.3428,43.8244]},"properties":{"api":"4900562887","name":"CASTLE 2-41TH","op":"EMEP II OPERATING LLC","co":"Campbell","trs":"T44N R71W S2","fm":"TURNER","eur":215649,"perft":null,"sound":true}},{"type":"Feature","geometry":{"type":"Point","coordinates":[-105.3434,43.8106]},"properties":{"api":"4900562888","name":"CASTLE 1-14TH","op":"EMEP II OPERATING LLC","co":"Campbell","trs":"T44N R71W S2","fm":"TURNER","eur":103281,"perft":null,"sound":true}},{"type":"Feature","geometry":{"type":"Point","coordinates":[-105.3323,43.8111]},"properties":{"api":"4900562889","name":"CASTLE 1-24TH","op":"EMEP II OPERATING LLC","co":"Campbell","trs":"T44N R71W S1","fm":"TURNER","eur":131594,"perft":null,"sound":true}},{"type":"Feature","geometry":{"type":"Point","coordinates":[-105.3325,43.8111]},"properties":{"api":"4900562890","name":"CASTLE 12-21TH","op":"EMEP II OPERATING LLC","co":"Campbell","trs":"T44N R71W S1","fm":"TURNER","eur":109193,"perft":null,"sound":true}},{"type":"Feature","geometry":{"type":"Point","coordinates":[-105.3441,43.8105]},"properties":{"api":"4900562891","name":"CASTLE 12-11TH","op":"EMEP II OPERATING LLC","co":"Campbell","trs":"T44N R71W S11","fm":"TURNER","eur":69270,"perft":15637,"sound":true}},{"type":"Feature","geometry":{"type":"Point","coordinates":[-105.3635,43.7964]},"properties":{"api":"4900562894","name":"FLEISCHMAN 44-71-14B-23-1H","op":"EMEP II OPERATING LLC","co":"Campbell","trs":"T44N R71W S10","fm":"TURNER","eur":171646,"perft":null,"sound":true}},{"type":"Feature","geometry":{"type":"Point","coordinates":[-105.5653,43.6192]},"properties":{"api":"4900562908","name":"FLATBOW 435-13H","op":"EOG RESOURCES INC","co":"Campbell","trs":"T42N R73W S13","fm":"PARKMAN","eur":260577,"perft":null,"sound":true}},{"type":"Feature","geometry":{"type":"Point","coordinates":[-105.4295,43.7097]},"properties":{"api":"4900562910","name":"LEADBETTER 43-71-7D-6-3H","op":"EMEP II OPERATING LLC","co":"Campbell","trs":"T43N R71W S7","fm":"TURNER","eur":158366,"perft":null,"sound":true}},{"type":"Feature","geometry":{"type":"Point","coordinates":[-105.4293,43.7097]},"properties":{"api":"4900562912","name":"LEADBETTER 43-71-7D-6-2H","op":"EMEP II OPERATING LLC","co":"Campbell","trs":"T43N R71W S7","fm":"TURNER","eur":124017,"perft":null,"sound":true}},{"type":"Feature","geometry":{"type":"Point","coordinates":[-105.4093,43.752]},"properties":{"api":"4900562917","name":"CUTTBOW 29-20-2H","op":"EMEP II OPERATING LLC","co":"Campbell","trs":"T44N R71W S32","fm":"TURNER","eur":248655,"perft":24169,"sound":true}},{"type":"Feature","geometry":{"type":"Point","coordinates":[-105.5358,43.676]},"properties":{"api":"4900562939","name":"T COSNER FED 29-324372-2XPH","op":"DEVON ENERGY PRODUCTION COMPANY LP","co":"Campbell","trs":"T43N R72W S29","fm":"PARKMAN","eur":499981,"perft":null,"sound":true}},{"type":"Feature","geometry":{"type":"Point","coordinates":[-105.5307,43.6738]},"properties":{"api":"4900562940","name":"T COSNER FED 29-324372-3XPH","op":"DEVON ENERGY PRODUCTION COMPANY LP","co":"Campbell","trs":"T43N R72W S29","fm":"PARKMAN","eur":457691,"perft":null,"sound":true}},{"type":"Feature","geometry":{"type":"Point","coordinates":[-105.546,43.6361]},"properties":{"api":"4900562942","name":"BOLT 241-06H","op":"EOG RESOURCES INC","co":"Campbell","trs":"T42N R72W S6","fm":"PARKMAN","eur":399184,"perft":null,"sound":true}},{"type":"Feature","geometry":{"type":"Point","coordinates":[-105.5458,43.6361]},"properties":{"api":"4900562943","name":"BOLT 31-06H","op":"EOG RESOURCES INC","co":"Campbell","trs":"T42N R72W S6","fm":"TURNER","eur":312746,"perft":null,"sound":true}},{"type":"Feature","geometry":{"type":"Point","coordinates":[-105.5413,43.6788]},"properties":{"api":"4900562947","name":"T COSNER FED 29-324372-1XPH","op":"DEVON ENERGY PRODUCTION COMPANY LP","co":"Campbell","trs":"T43N R72W S29","fm":"PARKMAN","eur":655746,"perft":null,"sound":true}},{"type":"Feature","geometry":{"type":"Point","coordinates":[-105.8079,43.6657]},"properties":{"api":"4900562952","name":"ATWOOD-LAUR STATE 1-36TH","op":"PEAK POWDER RIVER RESOURCES LLC","co":"Campbell","trs":"T43N R75W S25","fm":"TURNER","eur":473379,"perft":null,"sound":true}},{"type":"Feature","geometry":{"type":"Point","coordinates":[-105.7238,43.6786]},"properties":{"api":"4900562979","name":"ROUSH FED 1-23TH","op":"PEAK POWDER RIVER RESOURCES LLC","co":"Campbell","trs":"T43N R74W S23","fm":"TURNER/1ST FRONTIER","eur":202758,"perft":null,"sound":true}},{"type":"Feature","geometry":{"type":"Point","coordinates":[-105.3888,43.7363]},"properties":{"api":"4900563011","name":"USA 43-71-4A-9-2TH","op":"EMEP II OPERATING LLC","co":"Campbell","trs":"T43N R71W S4","fm":"TURNER","eur":458333,"perft":null,"sound":true}},{"type":"Feature","geometry":{"type":"Point","coordinates":[-105.7893,43.6337]},"properties":{"api":"4900563018","name":"IBERLIN FED 2-6TH","op":"PEAK POWDER RIVER RESOURCES LLC","co":"Campbell","trs":"T42N R74W S7","fm":"FRONTIER/TURNER","eur":null,"perft":null,"sound":false}},{"type":"Feature","geometry":{"type":"Point","coordinates":[-105.8098,43.5913]},"properties":{"api":"4900563020","name":"IBERLIN 1-24TH","op":"PEAK POWDER RIVER RESOURCES LLC","co":"Campbell","trs":"T42N R75W S24","fm":"TURNER","eur":56000,"perft":null,"sound":true}},{"type":"Feature","geometry":{"type":"Point","coordinates":[-105.8096,43.5912]},"properties":{"api":"4900563022","name":"IBERLIN 1-24-13H","op":"PEAK POWDER RIVER RESOURCES LLC","co":"Campbell","trs":"T42N R75W S24","fm":"SHANNON","eur":199313,"perft":null,"sound":true}},{"type":"Feature","geometry":{"type":"Point","coordinates":[-105.4729,43.7817]},"properties":{"api":"4900563045","name":"DURHAM RANCHES FED 14-114472-CXPRH","op":"DEVON ENERGY PRODUCTION COMPANY LP","co":"Campbell","trs":"T44N R72W S23","fm":"PARKMAN","eur":582475,"perft":null,"sound":true}},{"type":"Feature","geometry":{"type":"Point","coordinates":[-105.509,43.651]},"properties":{"api":"4900563083","name":"LEAVITT TRUST FED 334372-3PH","op":"DEVON ENERGY PRODUCTION COMPANY LP","co":"Campbell","trs":"T43N R72W S33","fm":"PARKMAN","eur":418729,"perft":null,"sound":true}},{"type":"Feature","geometry":{"type":"Point","coordinates":[-105.7227,43.5926]},"properties":{"api":"4900563099","name":"NINE MILE FED 2-23TH","op":"PEAK POWDER RIVER RESOURCES LLC","co":"Campbell","trs":"T42N R74W S23","fm":"TURNER/1ST FRONTIER","eur":186005,"perft":null,"sound":true}},{"type":"Feature","geometry":{"type":"Point","coordinates":[-105.566,43.576]},"properties":{"api":"4900563112","name":"FLATBOW 18-36H","op":"EOG RESOURCES INC","co":"Campbell","trs":"T42N R73W S36","fm":"TURNER","eur":235709,"perft":null,"sound":true}},{"type":"Feature","geometry":{"type":"Point","coordinates":[-105.7712,43.532]},"properties":{"api":"4900563114","name":"NINE MILE E 41-74-8-5-1FH","op":"WRC ENERGY LLC","co":"Campbell","trs":"T41N R74W S17","fm":"FRONTIER","eur":116116,"perft":12236,"sound":true}},{"type":"Feature","geometry":{"type":"Point","coordinates":[-105.6896,43.6787]},"properties":{"api":"4900563118","name":"ROUSH FED 44-24-1X TH","op":"BALLARD PETROLEUM HOLDINGS LLC","co":"Campbell","trs":"T43N R74W S24","fm":"TURNER","eur":350251,"perft":null,"sound":true}},{"type":"Feature","geometry":{"type":"Point","coordinates":[-105.6018,43.577]},"properties":{"api":"4900563177","name":"FLATBOW 142-26H","op":"EOG RESOURCES INC","co":"Campbell","trs":"T42N R73W S26","fm":"TURNER","eur":null,"perft":null,"sound":false}},{"type":"Feature","geometry":{"type":"Point","coordinates":[-105.7769,43.6194]},"properties":{"api":"4900563201","name":"TIBURON 9-1720H","op":"EOG RESOURCES INC","co":"Campbell","trs":"T42N R74W S17","fm":"TURNER","eur":258041,"perft":null,"sound":true}},{"type":"Feature","geometry":{"type":"Point","coordinates":[-105.3749,43.7677]},"properties":{"api":"4900563227","name":"OAKLEY 27-34-1TH","op":"EMEP II OPERATING LLC","co":"Campbell","trs":"T44N R71W S22","fm":null,"eur":null,"perft":null,"sound":false}},{"type":"Feature","geometry":{"type":"Point","coordinates":[-105.7773,43.5898]},"properties":{"api":"4900563235","name":"TIBURON 8-2917H","op":"EOG RESOURCES INC","co":"Campbell","trs":"T42N R74W S29","fm":"TURNER","eur":439967,"perft":null,"sound":true}},{"type":"Feature","geometry":{"type":"Point","coordinates":[-105.7677,43.5903]},"properties":{"api":"4900563236","name":"TIBURON 7-2917H","op":"EOG RESOURCES INC","co":"Campbell","trs":"T42N R74W S29","fm":"TURNER","eur":88068,"perft":null,"sound":true}},{"type":"Feature","geometry":{"type":"Point","coordinates":[-105.6597,43.62]},"properties":{"api":"4900563239","name":"RENO 24-8-1X TH","op":"BALLARD PETROLEUM HOLDINGS LLC","co":"Campbell","trs":"T42N R73W S8","fm":"TURNER","eur":191881,"perft":null,"sound":true}},{"type":"Feature","geometry":{"type":"Point","coordinates":[-105.5105,43.5916]},"properties":{"api":"4900563257","name":"STODDARD FED 3-28PH","op":"PEAK POWDER RIVER RESOURCES LLC","co":"Campbell","trs":"T42N R72W S28","fm":"PARKMAN","eur":239951,"perft":null,"sound":true}},{"type":"Feature","geometry":{"type":"Point","coordinates":[-105.5103,43.5914]},"properties":{"api":"4900563258","name":"STODDARD FED 1-28PH","op":"PEAK POWDER RIVER RESOURCES LLC","co":"Campbell","trs":"T42N R72W S28","fm":"PARKMAN","eur":293797,"perft":null,"sound":true}},{"type":"Feature","geometry":{"type":"Point","coordinates":[-105.5104,43.5915]},"properties":{"api":"4900563259","name":"STODDARD FED 1-28TH","op":"PEAK POWDER RIVER RESOURCES LLC","co":"Campbell","trs":"T42N R72W S28","fm":"TURNER/1ST FRONTIER","eur":209777,"perft":null,"sound":true}},{"type":"Feature","geometry":{"type":"Point","coordinates":[-105.5151,43.593]},"properties":{"api":"4900563260","name":"STODDARD FED 4-28PH","op":"PEAK POWDER RIVER RESOURCES LLC","co":"Campbell","trs":"T42N R72W S21","fm":"PARKMAN","eur":202448,"perft":null,"sound":true}},{"type":"Feature","geometry":{"type":"Point","coordinates":[-105.5151,43.5931]},"properties":{"api":"4900563261","name":"STODDARD FED 2-28PH","op":"PEAK POWDER RIVER RESOURCES LLC","co":"Campbell","trs":"T42N R72W S21","fm":"PARKMAN","eur":240651,"perft":null,"sound":true}},{"type":"Feature","geometry":{"type":"Point","coordinates":[-105.4163,43.7243]},"properties":{"api":"4900563452","name":"RENO 43-71-8B-17-2H","op":"EMEP II OPERATING LLC","co":"Campbell","trs":"T43N R71W S5","fm":"TURNER","eur":364805,"perft":null,"sound":true}},{"type":"Feature","geometry":{"type":"Point","coordinates":[-105.5885,43.5781]},"properties":{"api":"4900563470","name":"FLATBOW 729-26H","op":"EOG RESOURCES INC","co":"Campbell","trs":"T42N R73W S26","fm":"TURNER","eur":153791,"perft":null,"sound":true}},{"type":"Feature","geometry":{"type":"Point","coordinates":[-105.5881,43.5781]},"properties":{"api":"4900563472","name":"FLATBOW 731-26H","op":"EOG RESOURCES INC","co":"Campbell","trs":"T42N R73W S26","fm":"TURNER","eur":190321,"perft":null,"sound":true}},{"type":"Feature","geometry":{"type":"Point","coordinates":[-105.6018,43.5773]},"properties":{"api":"4900563494","name":"FLATBOW 3-26XH","op":"EOG RESOURCES INC","co":"Campbell","trs":"T42N R73W S26","fm":"TURNER","eur":186467,"perft":null,"sound":true}},{"type":"Feature","geometry":{"type":"Point","coordinates":[-105.7739,43.562]},"properties":{"api":"4900563519","name":"TIBURON 4-3229H","op":"EOG RESOURCES INC","co":"Campbell","trs":"T42N R74W S32","fm":"TURNER/FRONTIER","eur":114938,"perft":null,"sound":true}},{"type":"Feature","geometry":{"type":"Point","coordinates":[-105.7741,43.562]},"properties":{"api":"4900563520","name":"TIBURON 5-3229H","op":"EOG RESOURCES INC","co":"Campbell","trs":"T42N R74W S32","fm":"TURNER/FRONTIER","eur":null,"perft":null,"sound":false}},{"type":"Feature","geometry":{"type":"Point","coordinates":[-105.7742,43.5619]},"properties":{"api":"4900563521","name":"TIBURON 6-3229H","op":"EOG RESOURCES INC","co":"Campbell","trs":"T42N R74W S32","fm":"TURNER/FRONTIER","eur":92582,"perft":null,"sound":true}},{"type":"Feature","geometry":{"type":"Point","coordinates":[-105.5499,43.6346]},"properties":{"api":"4900563523","name":"LEAVITT TRUST 31-7 PH","op":"BALLARD PETROLEUM HOLDINGS LLC","co":"Campbell","trs":"T42N R72W S7","fm":"PARKMAN","eur":259299,"perft":null,"sound":true}},{"type":"Feature","geometry":{"type":"Point","coordinates":[-105.5487,43.6215]},"properties":{"api":"4900563524","name":"LEAVITT TRUST 44-7 TH","op":"BALLARD PETROLEUM HOLDINGS LLC","co":"Campbell","trs":"T42N R72W S7","fm":"TURNER","eur":138813,"perft":null,"sound":true}},{"type":"Feature","geometry":{"type":"Point","coordinates":[-105.76,43.6174]},"properties":{"api":"4900563525","name":"TITUS STATE 4274-16-13 TH","op":null,"co":"Campbell","trs":null,"fm":null,"eur":24637,"perft":null,"sound":true}},{"type":"Feature","geometry":{"type":"Point","coordinates":[-105.7599,43.6175]},"properties":{"api":"4900563526","name":"TITUS STATE 4274-16-14 TH","op":null,"co":"Campbell","trs":null,"fm":null,"eur":41599,"perft":9149,"sound":true}},{"type":"Feature","geometry":{"type":"Point","coordinates":[-105.5219,43.6075]},"properties":{"api":"4900563527","name":"STATE 14-16 PH","op":"BALLARD PETROLEUM HOLDINGS LLC","co":"Campbell","trs":"T42N R72W S16","fm":"PARKMAN","eur":null,"perft":null,"sound":false}},{"type":"Feature","geometry":{"type":"Point","coordinates":[-105.5082,43.6072]},"properties":{"api":"4900563540","name":"STATE 44-16 PH","op":"BALLARD PETROLEUM HOLDINGS LLC","co":"Campbell","trs":"T42N R72W S16","fm":"PARKMAN","eur":283918,"perft":null,"sound":true}},{"type":"Feature","geometry":{"type":"Point","coordinates":[-105.5881,43.6793]},"properties":{"api":"4900563554","name":"SKYLINE FED 44-23 23T2H","op":"TRUE OIL LLC","co":"Campbell","trs":"T43N R73W S23","fm":"TURNER","eur":326965,"perft":73657,"sound":true}},{"type":"Feature","geometry":{"type":"Point","coordinates":[-105.5799,43.5759]},"properties":{"api":"4900563562","name":"FLATBOW 16-36H","op":"EOG RESOURCES INC","co":"Campbell","trs":"T42N R73W S36","fm":"FRONTIER","eur":279540,"perft":null,"sound":true}},{"type":"Feature","geometry":{"type":"Point","coordinates":[-105.5797,43.5759]},"properties":{"api":"4900563563","name":"FLATBOW 17-36H","op":"EOG RESOURCES INC","co":"Campbell","trs":"T42N R73W S36","fm":"FRONTIER","eur":null,"perft":null,"sound":false}},{"type":"Feature","geometry":{"type":"Point","coordinates":[-105.5658,43.576]},"properties":{"api":"4900563564","name":"FLATBOW 19-36H","op":"EOG RESOURCES INC","co":"Campbell","trs":"T42N R73W S36","fm":"PARKMAN","eur":285762,"perft":null,"sound":true}},{"type":"Feature","geometry":{"type":"Point","coordinates":[-105.7383,43.7374]},"properties":{"api":"4900563585","name":"FALCON 3-3410H","op":"EOG RESOURCES INC","co":"Campbell","trs":"T44N R74W S34","fm":"TURNER","eur":null,"perft":null,"sound":false}},{"type":"Feature","geometry":{"type":"Point","coordinates":[-105.8311,43.5762]},"properties":{"api":"4900563684","name":"SCORPION E 4275-26-23-1FH","op":"WRC ENERGY LLC","co":"Campbell","trs":"T42N R75W S26","fm":"FRONTIER","eur":224909,"perft":null,"sound":true}},{"type":"Feature","geometry":{"type":"Point","coordinates":[-105.4474,43.6803]},"properties":{"api":"4900563752","name":"ROXY FED 4372-24-36-16E NH","op":"ANSCHUTZ EXPLORATION CORPORATION","co":"Campbell","trs":"T43N R72W S24","fm":"NIOBRARA","eur":448513,"perft":44522,"sound":true}},{"type":"Feature","geometry":{"type":"Point","coordinates":[-105.4571,43.6804]},"properties":{"api":"4900563758","name":"BOOTS FED 4372-24-36-13E NH","op":"ANSCHUTZ EXPLORATION CORPORATION","co":"Campbell","trs":"T43N R72W S24","fm":"NIOBRARA","eur":224458,"perft":21971,"sound":true}},{"type":"Feature","geometry":{"type":"Point","coordinates":[-105.4574,43.6808]},"properties":{"api":"4900563759","name":"Boots Fed 4372-24-13-4E NH","op":"ANSCHUTZ EXPLORATION CORPORATION","co":"Campbell","trs":"T43N R72W S24","fm":"NIOBRARA","eur":327167,"perft":45133,"sound":true}},{"type":"Feature","geometry":{"type":"Point","coordinates":[-105.8236,43.5011]},"properties":{"api":"4900563826","name":"HABANERO W 4175-25-36-1FH","op":"WRC ENERGY LLC","co":"Campbell","trs":"T41N R75W S25","fm":"FRONTIER","eur":735380,"perft":null,"sound":true}},{"type":"Feature","geometry":{"type":"Point","coordinates":[-105.3704,43.8256]},"properties":{"api":"4900563829","name":"CASTLE 3-31PH","op":"EMEP II OPERATING LLC","co":"Campbell","trs":"T45N R71W S34","fm":"PARKMAN","eur":114448,"perft":null,"sound":true}},{"type":"Feature","geometry":{"type":"Point","coordinates":[-105.342,43.8385]},"properties":{"api":"4900563831","name":"CHIMNEY CONE 25-14TH","op":"EMEP II OPERATING LLC","co":"Campbell","trs":"T45N R71W S36","fm":"TURNER","eur":148697,"perft":null,"sound":true}},{"type":"Feature","geometry":{"type":"Point","coordinates":[-105.3473,43.8391]},"properties":{"api":"4900563832","name":"CHIMNEY CONE 35-41TH","op":"EMEP II OPERATING LLC","co":"Campbell","trs":"T45N R71W S35","fm":"TURNER","eur":157208,"perft":null,"sound":true}},{"type":"Feature","geometry":{"type":"Point","coordinates":[-105.3419,43.8385]},"properties":{"api":"4900563833","name":"CHIMNEY CONE 36-11TH","op":null,"co":"Campbell","trs":null,"fm":null,"eur":329680,"perft":null,"sound":true}},{"type":"Feature","geometry":{"type":"Point","coordinates":[-105.8285,43.562]},"properties":{"api":"4900563949","name":"ANCHO W 4175-1-12-1NH","op":"WRC ENERGY LLC","co":"Campbell","trs":"T42N R75W S35","fm":"NIOBRARA","eur":739136,"perft":71991,"sound":true}},{"type":"Feature","geometry":{"type":"Point","coordinates":[-105.3751,43.6494]},"properties":{"api":"4900563971","name":"GRACIE FEE 4271-3-10-14W MH","op":"ANSCHUTZ EXPLORATION CORPORATION","co":"Campbell","trs":"T42N R71W S3","fm":"MOWRY","eur":211315,"perft":null,"sound":true}},{"type":"Feature","geometry":{"type":"Point","coordinates":[-105.3751,43.6494]},"properties":{"api":"4900563973","name":"GRACIE FED 4271-3-27-3W NH","op":"ANSCHUTZ EXPLORATION CORPORATION","co":"Campbell","trs":"T42N R71W S3","fm":"NIOBRARA","eur":369208,"perft":null,"sound":true}},{"type":"Feature","geometry":{"type":"Point","coordinates":[-105.7431,43.5312]},"properties":{"api":"4900563979","name":"CAYENNE W 4174-10-3-1NH","op":"WRC ENERGY LLC","co":"Campbell","trs":"T41N R74W S15","fm":"NIOBRARA","eur":782008,"perft":76773,"sound":true}},{"type":"Feature","geometry":{"type":"Point","coordinates":[-105.4015,43.5646]},"properties":{"api":"4900564092","name":"ZEUS FEE 4271-33-28-12W NH","op":"ANSCHUTZ EXPLORATION CORPORATION","co":"Campbell","trs":"T42N R71W S33","fm":"NIOBRARA","eur":428809,"perft":68011,"sound":true}},{"type":"Feature","geometry":{"type":"Point","coordinates":[-105.6023,43.6624]},"properties":{"api":"4900564159","name":"ADAM FEDERAL 35-43-73-2H","op":null,"co":"Campbell","trs":null,"fm":null,"eur":349207,"perft":null,"sound":true}},{"type":"Feature","geometry":{"type":"Point","coordinates":[-105.5809,43.6354]},"properties":{"api":"4900564164","name":"JACOB FEDERAL 1-42-73-1H","op":"NAVIGATION POWDER RIVER LLC","co":"Campbell","trs":"T42N R73W S1","fm":"TURNER","eur":353124,"perft":91602,"sound":true}},{"type":"Feature","geometry":{"type":"Point","coordinates":[-105.5807,43.6354]},"properties":{"api":"4900564166","name":"JACOB FEDERAL 1-42-73-3H","op":"NAVIGATION POWDER RIVER LLC","co":"Campbell","trs":"T42N R73W S1","fm":"TURNER","eur":397373,"perft":88977,"sound":true}},{"type":"Feature","geometry":{"type":"Point","coordinates":[-105.6179,43.6352]},"properties":{"api":"4900564172","name":"LUCIAN FEDERAL 3-42-73-3H","op":null,"co":"Campbell","trs":null,"fm":null,"eur":561625,"perft":null,"sound":true}},{"type":"Feature","geometry":{"type":"Point","coordinates":[-105.5884,43.6927]},"properties":{"api":"4900564175","name":"ADAM FEDERAL 14-43-73-1H","op":"NAVIGATION POWDER RIVER LLC","co":"Campbell","trs":"T43N R73W S14","fm":null,"eur":null,"perft":null,"sound":false}},{"type":"Feature","geometry":{"type":"Point","coordinates":[-105.5884,43.6929]},"properties":{"api":"4900564178","name":"ADAM FEDERAL 14-43-73-4H","op":"NAVIGATION POWDER RIVER LLC","co":"Campbell","trs":"T43N R73W S14","fm":"TURNER","eur":184039,"perft":45918,"sound":true}},{"type":"Feature","geometry":{"type":"Point","coordinates":[-105.5793,43.6924]},"properties":{"api":"4900564183","name":"ADAM  24-43-73-2H","op":"NAVIGATION POWDER RIVER LLC","co":"Campbell","trs":"T43N R73W S24","fm":"TURNER","eur":235096,"perft":53334,"sound":true}},{"type":"Feature","geometry":{"type":"Point","coordinates":[-105.579,43.6924]},"properties":{"api":"4900564185","name":"ADAM 24-43-73-4H","op":"NAVIGATION POWDER RIVER LLC","co":"Campbell","trs":"T43N R73W S24","fm":"PARKMAN","eur":null,"perft":null,"sound":false}},{"type":"Feature","geometry":{"type":"Point","coordinates":[-105.5812,43.6643]},"properties":{"api":"4900564188","name":"ADAM FEDERAL 25-43-73-1H","op":"NAVIGATION POWDER RIVER LLC","co":"Campbell","trs":"T43N R73W S25","fm":null,"eur":454241,"perft":122635,"sound":true}},{"type":"Feature","geometry":{"type":"Point","coordinates":[-105.7832,43.6494]},"properties":{"api":"4900564195","name":"IBERLIN FED 1-32-29TH","op":null,"co":"Campbell","trs":null,"fm":null,"eur":425560,"perft":null,"sound":true}},{"type":"Feature","geometry":{"type":"Point","coordinates":[-105.6992,43.6643]},"properties":{"api":"4900564209","name":"ROUSH FED 14-25-24 TH","op":"BALLARD PETROLEUM HOLDINGS LLC","co":"Campbell","trs":"T43N R74W S25","fm":"TURNER","eur":292243,"perft":null,"sound":true}},{"type":"Feature","geometry":{"type":"Point","coordinates":[-105.6988,43.6643]},"properties":{"api":"4900564213","name":"ROUSH FED 34-25-24 TH","op":"BALLARD PETROLEUM HOLDINGS LLC","co":"Campbell","trs":"T43N R74W S25","fm":"TURNER","eur":353971,"perft":null,"sound":true}},{"type":"Feature","geometry":{"type":"Point","coordinates":[-105.6989,43.6643]},"properties":{"api":"4900564217","name":"ROUSH FED 24-25-24 TH","op":"BALLARD PETROLEUM HOLDINGS LLC","co":"Campbell","trs":"T43N R74W S25","fm":"TURNER","eur":249727,"perft":null,"sound":true}},{"type":"Feature","geometry":{"type":"Point","coordinates":[-105.7385,43.7374]},"properties":{"api":"4900564229","name":"FALCON 4-3427H","op":"EOG RESOURCES INC","co":"Campbell","trs":"T44N R74W S34","fm":"TURNER","eur":317837,"perft":null,"sound":true}},{"type":"Feature","geometry":{"type":"Point","coordinates":[-105.6986,43.6643]},"properties":{"api":"4900564239","name":"ROUSH STATE FED 21-36-1 TH","op":"BALLARD PETROLEUM HOLDINGS LLC","co":"Campbell","trs":"T43N R74W S25","fm":"TURNER","eur":372921,"perft":null,"sound":true}},{"type":"Feature","geometry":{"type":"Point","coordinates":[-105.6985,43.6643]},"properties":{"api":"4900564240","name":"ROUSH STATE FED 31-36-1 TH","op":"BALLARD PETROLEUM HOLDINGS LLC","co":"Campbell","trs":"T43N R74W S25","fm":"TURNER","eur":305970,"perft":null,"sound":true}},{"type":"Feature","geometry":{"type":"Point","coordinates":[-105.6173,43.6642]},"properties":{"api":"4900564274","name":"ADAM FEDERAL 27-43-73-2H","op":null,"co":"Campbell","trs":"T43N R73W S27","fm":"TURNER","eur":567649,"perft":123698,"sound":true}},{"type":"Feature","geometry":{"type":"Point","coordinates":[-105.4578,43.5037]},"properties":{"api":"4900564314","name":"CEDAR 2413-19H","op":"EOG RESOURCES INC","co":"Campbell","trs":"T41N R72W S25","fm":"PARKMAN","eur":334908,"perft":33524,"sound":true}},{"type":"Feature","geometry":{"type":"Point","coordinates":[-105.4576,43.5037]},"properties":{"api":"4900564315","name":"CEDAR 2413-20H","op":"EOG RESOURCES INC","co":"Campbell","trs":"T41N R72W S25","fm":"PARKMAN","eur":501312,"perft":48799,"sound":true}},{"type":"Feature","geometry":{"type":"Point","coordinates":[-105.5598,43.5773]},"properties":{"api":"4900564437","name":"DILTS FED 14-30-19 PH","op":"BALLARD PETROLEUM HOLDINGS LLC","co":"Campbell","trs":"T42N R72W S30","fm":"PARKMAN","eur":365863,"perft":null,"sound":true}},{"type":"Feature","geometry":{"type":"Point","coordinates":[-105.5596,43.5776]},"properties":{"api":"4900564438","name":"DILTS FED 14-30-19 TH","op":"BALLARD PETROLEUM HOLDINGS LLC","co":"Campbell","trs":"T42N R72W S30","fm":"TURNER","eur":437406,"perft":null,"sound":true}},{"type":"Feature","geometry":{"type":"Point","coordinates":[-105.5331,43.6071]},"properties":{"api":"4900564440","name":"DILTS FED 31-20 PH","op":"BALLARD PETROLEUM HOLDINGS LLC","co":"Campbell","trs":"T42N R72W S17","fm":"PARKMAN","eur":187330,"perft":null,"sound":true}},{"type":"Feature","geometry":{"type":"Point","coordinates":[-105.5334,43.6071]},"properties":{"api":"4900564441","name":"DILTS FED 44-17 PH","op":"BALLARD PETROLEUM HOLDINGS LLC","co":"Campbell","trs":"T42N R72W S17","fm":"PARKMAN","eur":159350,"perft":null,"sound":true}},{"type":"Feature","geometry":{"type":"Point","coordinates":[-105.5482,43.5917]},"properties":{"api":"4900564442","name":"DILTS FED 44-19 PH","op":"BALLARD PETROLEUM HOLDINGS LLC","co":"Campbell","trs":"T42N R72W S30","fm":"PARKMAN","eur":187626,"perft":null,"sound":true}},{"type":"Feature","geometry":{"type":"Point","coordinates":[-105.5482,43.5918]},"properties":{"api":"4900564443","name":"DILTS FED 41-30 PH","op":"BALLARD PETROLEUM HOLDINGS LLC","co":"Campbell","trs":"T42N R72W S30","fm":"PARKMAN","eur":133333,"perft":null,"sound":true}},{"type":"Feature","geometry":{"type":"Point","coordinates":[-105.5597,43.5775]},"properties":{"api":"4900564444","name":"DILTS FED 34-30-19 PH","op":"BALLARD PETROLEUM HOLDINGS LLC","co":"Campbell","trs":"T42N R72W S30","fm":"PARKMAN","eur":337979,"perft":null,"sound":true}},{"type":"Feature","geometry":{"type":"Point","coordinates":[-105.5482,43.5916]},"properties":{"api":"4900564448","name":"DILTS FED 41-30 TH","op":"BALLARD PETROLEUM HOLDINGS LLC","co":"Campbell","trs":"T42N R72W S19","fm":"TURNER","eur":218950,"perft":null,"sound":true}},{"type":"Feature","geometry":{"type":"Point","coordinates":[-105.5482,43.592]},"properties":{"api":"4900564449","name":"DILTS FED 34-19 TH","op":"BALLARD PETROLEUM HOLDINGS LLC","co":"Campbell","trs":"T42N R72W S19","fm":"TURNER","eur":164072,"perft":null,"sound":true}},{"type":"Feature","geometry":{"type":"Point","coordinates":[-105.5186,43.5485]},"properties":{"api":"4900564476","name":"ARBALEST 124-0416H","op":"EOG RESOURCES INC","co":"Campbell","trs":"T41N R72W S4","fm":"PARKMAN","eur":356689,"perft":null,"sound":true}},{"type":"Feature","geometry":{"type":"Point","coordinates":[-105.5188,43.5485]},"properties":{"api":"4900564477","name":"ARBALEST 125-0416H","op":"EOG RESOURCES INC","co":"Campbell","trs":"T41N R72W S4","fm":"PARKMAN","eur":269226,"perft":null,"sound":true}},{"type":"Feature","geometry":{"type":"Point","coordinates":[-105.5182,43.5485]},"properties":{"api":"4900564480","name":"ARBALEST 122-0416H","op":"EOG RESOURCES INC","co":"Campbell","trs":"T41N R72W S4","fm":"TURNER","eur":208752,"perft":null,"sound":true}},{"type":"Feature","geometry":{"type":"Point","coordinates":[-105.5184,43.5485]},"properties":{"api":"4900564489","name":"ARBALEST 123-0416H","op":"EOG RESOURCES INC","co":"Campbell","trs":"T41N R72W S4","fm":"TURNER","eur":241713,"perft":null,"sound":true}},{"type":"Feature","geometry":{"type":"Point","coordinates":[-105.4929,43.5611]},"properties":{"api":"4900564546","name":"NILE 3427-45H","op":"EOG RESOURCES INC","co":"Campbell","trs":"T41N R72W S3","fm":"MOWRY","eur":503547,"perft":47290,"sound":true}},{"type":"Feature","geometry":{"type":"Point","coordinates":[-105.4927,43.5611]},"properties":{"api":"4900564547","name":"NILE 3427-46H","op":"EOG RESOURCES INC","co":"Campbell","trs":"T41N R72W S3","fm":"MOWRY","eur":244963,"perft":22838,"sound":true}},{"type":"Feature","geometry":{"type":"Point","coordinates":[-105.4967,43.561]},"properties":{"api":"4900564554","name":"NILE 3427-04H","op":"EOG RESOURCES INC","co":"Campbell","trs":"T41N R72W S3","fm":"FRONTIER/TURNER","eur":313716,"perft":32943,"sound":true}},{"type":"Feature","geometry":{"type":"Point","coordinates":[-105.5661,43.6046]},"properties":{"api":"4900564672","name":"DILTS 31-24 TH","op":"BALLARD PETROLEUM HOLDINGS LLC","co":"Campbell","trs":"T42N R73W S24","fm":"TURNER","eur":183293,"perft":null,"sound":true}},{"type":"Feature","geometry":{"type":"Point","coordinates":[-105.5659,43.6046]},"properties":{"api":"4900564673","name":"DILTS 31-24 PH","op":"BALLARD PETROLEUM HOLDINGS LLC","co":"Campbell","trs":"T42N R73W S24","fm":"PARKMAN","eur":null,"perft":null,"sound":false}},{"type":"Feature","geometry":{"type":"Point","coordinates":[-105.541,43.6201]},"properties":{"api":"4900564761","name":"DILTS FED 11-17-20 PH","op":"BALLARD PETROLEUM HOLDINGS LLC","co":"Campbell","trs":"T42N R72W S17","fm":"PARKMAN","eur":412014,"perft":null,"sound":true}},{"type":"Feature","geometry":{"type":"Point","coordinates":[-105.5408,43.6201]},"properties":{"api":"4900564762","name":"DILTS FED 21-17-20 PH","op":"BALLARD PETROLEUM HOLDINGS LLC","co":"Campbell","trs":"T42N R72W S17","fm":"PARKMAN","eur":452317,"perft":null,"sound":true}},{"type":"Feature","geometry":{"type":"Point","coordinates":[-105.5406,43.6201]},"properties":{"api":"4900564763","name":"DILTS FED 11-17-20 TH","op":"BALLARD PETROLEUM HOLDINGS LLC","co":"Campbell","trs":"T42N R72W S17","fm":"TURNER","eur":290677,"perft":null,"sound":true}},{"type":"Feature","geometry":{"type":"Point","coordinates":[-105.5405,43.6201]},"properties":{"api":"4900564764","name":"DILTS FED 21-17-20 TH","op":"BALLARD PETROLEUM HOLDINGS LLC","co":"Campbell","trs":"T42N R72W S17","fm":"TURNER","eur":220694,"perft":null,"sound":true}},{"type":"Feature","geometry":{"type":"Point","coordinates":[-105.7087,43.563]},"properties":{"api":"4900564783","name":"DIAMOND T FED 44-35-26 FH","op":"BALLARD PETROLEUM HOLDINGS LLC","co":"Campbell","trs":"T42N R74W S35","fm":"FRONTIER","eur":218024,"perft":null,"sound":true}},{"type":"Feature","geometry":{"type":"Point","coordinates":[-105.5972,43.6056]},"properties":{"api":"4900564951","name":"DILTS 14-14 TH","op":"BALLARD PETROLEUM HOLDINGS LLC","co":"Campbell","trs":"T42N R73W S14","fm":"TURNER","eur":147162,"perft":null,"sound":true}},{"type":"Feature","geometry":{"type":"Point","coordinates":[-105.5969,43.6055]},"properties":{"api":"4900564952","name":"DILTS 34-14 TH","op":"BALLARD PETROLEUM HOLDINGS LLC","co":"Campbell","trs":"T42N R73W S14","fm":"TURNER","eur":163442,"perft":null,"sound":true}},{"type":"Feature","geometry":{"type":"Point","coordinates":[-105.6096,43.6195]},"properties":{"api":"4900564953","name":"DILTS 31-15 TH","op":"BALLARD PETROLEUM HOLDINGS LLC","co":"Campbell","trs":"T42N R73W S15","fm":"TURNER","eur":135344,"perft":null,"sound":true}},{"type":"Feature","geometry":{"type":"Point","coordinates":[-105.5853,43.6292]},"properties":{"api":"4900564954","name":"DILTS FED 43-11-10 TH","op":"BALLARD PETROLEUM HOLDINGS LLC","co":"Campbell","trs":"T42N R73W S11","fm":"TURNER","eur":702965,"perft":72741,"sound":true}},{"type":"Feature","geometry":{"type":"Point","coordinates":[-105.7381,43.7374]},"properties":{"api":"4900565007","name":"FALCON 54-3427H","op":"EOG RESOURCES INC","co":"Campbell","trs":"T44N R74W S34","fm":"TURNER","eur":307267,"perft":null,"sound":true}},{"type":"Feature","geometry":{"type":"Point","coordinates":[-105.9431,43.5296]},"properties":{"api":"4900565032","name":"IBERLIN 4176-1324-002NH","op":"WRC ENERGY LLC","co":"Campbell","trs":"T41N R76W S13","fm":"NIOBRARA","eur":348822,"perft":37128,"sound":true}},{"type":"Feature","geometry":{"type":"Point","coordinates":[-105.7811,43.5329]},"properties":{"api":"4900565041","name":"DIABLO E 4174-6-7-4NH","op":"WRC ENERGY LLC","co":"Campbell","trs":"T41N R74W S8","fm":"NIOBRARA","eur":676476,"perft":68166,"sound":true}},{"type":"Feature","geometry":{"type":"Point","coordinates":[-105.5665,43.5656]},"properties":{"api":"4900565312","name":"IDLEWILD 3625-16H","op":"EOG RESOURCES INC","co":"Campbell","trs":"T42N R73W S36","fm":"MOWRY","eur":448985,"perft":47795,"sound":true}},{"type":"Feature","geometry":{"type":"Point","coordinates":[-105.5666,43.5656]},"properties":{"api":"4900565314","name":"IDLEWILD 3625-15H","op":"EOG RESOURCES INC","co":"Campbell","trs":"T42N R73W S36","fm":"MOWRY","eur":145508,"perft":15133,"sound":true}},{"type":"Feature","geometry":{"type":"Point","coordinates":[-105.5668,43.5656]},"properties":{"api":"4900565315","name":"IDLEWILD 3625-14H","op":"EOG RESOURCES INC","co":"Campbell","trs":"T42N R73W S36","fm":"MOWRY","eur":135040,"perft":14407,"sound":true}},{"type":"Feature","geometry":{"type":"Point","coordinates":[-105.5615,43.621]},"properties":{"api":"4900565345","name":"LEAVITT TRUST FED 24-7 PH","op":"BALLARD PETROLEUM HOLDINGS LLC","co":"Campbell","trs":"T42N R72W S7","fm":"PARKMAN","eur":212757,"perft":48299,"sound":true}},{"type":"Feature","geometry":{"type":"Point","coordinates":[-105.5617,43.6213]},"properties":{"api":"4900565346","name":"DILTS  44-12 PH","op":"BALLARD PETROLEUM HOLDINGS LLC","co":"Campbell","trs":"T42N R72W S7","fm":"PARKMAN","eur":302788,"perft":74031,"sound":true}},{"type":"Feature","geometry":{"type":"Point","coordinates":[-105.6756,43.6478]},"properties":{"api":"4900565384","name":"LEAVITT TRUST FED 21-6 TH","op":"BALLARD PETROLEUM HOLDINGS LLC","co":"Campbell","trs":"T42N R73W S6","fm":"TURNER","eur":null,"perft":null,"sound":false}},{"type":"Feature","geometry":{"type":"Point","coordinates":[-105.3276,43.7853]},"properties":{"api":"4900565523","name":"CASTLE 24-25-1H","op":"EMEP II OPERATING LLC","co":"Campbell","trs":"T44N R71W S13","fm":"TURNER","eur":238546,"perft":23209,"sound":true}},{"type":"Feature","geometry":{"type":"Point","coordinates":[-105.7946,43.6499]},"properties":{"api":"4900565592","name":"IBERLIN FED 1-31-30TH","op":"PEAK POWDER RIVER RESOURCES LLC","co":"Campbell","trs":"T43N R74W S31","fm":"TURNER","eur":648410,"perft":77953,"sound":true}},{"type":"Feature","geometry":{"type":"Point","coordinates":[-105.7947,43.6498]},"properties":{"api":"4900565593","name":"IBERLIN FED 1-31-30NH","op":"PEAK POWDER RIVER RESOURCES LLC","co":"Campbell","trs":"T43N R74W S31","fm":"NIOBRARA","eur":277619,"perft":28568,"sound":true}},{"type":"Feature","geometry":{"type":"Point","coordinates":[-105.7945,43.65]},"properties":{"api":"4900565594","name":"IBERLIN FED 1-31-30MH","op":"PEAK POWDER RIVER RESOURCES LLC","co":"Campbell","trs":"T43N R74W S31","fm":"MOWRY","eur":478013,"perft":49194,"sound":true}},{"type":"Feature","geometry":{"type":"Point","coordinates":[-105.7944,43.6499]},"properties":{"api":"4900565595","name":"IBERLIN FED 1-31-30H","op":"PEAK POWDER RIVER RESOURCES LLC","co":"Campbell","trs":"T43N R74W S31","fm":"SHANNON","eur":729398,"perft":73543,"sound":true}},{"type":"Feature","geometry":{"type":"Point","coordinates":[-105.7521,43.5011]},"properties":{"api":"4900565766","name":"NINE MILE 4174-2116-001NH","op":"WRC ENERGY LLC","co":"Campbell","trs":"T41N R74W S28","fm":"NIOBRARA","eur":373848,"perft":null,"sound":true}},{"type":"Feature","geometry":{"type":"Point","coordinates":[-105.3653,43.795]},"properties":{"api":"4900565977","name":"CASTLE 10-44 TH","op":"EMEP II OPERATING LLC","co":"Campbell","trs":"T44N R71W S15","fm":"TURNER","eur":145674,"perft":null,"sound":true}},{"type":"Feature","geometry":{"type":"Point","coordinates":[-105.3653,43.7951]},"properties":{"api":"4900565980","name":"CASTLE 11-14 TH","op":"EMEP II OPERATING LLC","co":"Campbell","trs":"T44N R71W S15","fm":"TURNER","eur":100900,"perft":null,"sound":true}},{"type":"Feature","geometry":{"type":"Point","coordinates":[-105.349,43.7965]},"properties":{"api":"4900566102","name":"CASTLE 11-24 TH","op":"EMEP II OPERATING LLC","co":"Campbell","trs":"T44N R71W S11","fm":"TURNER","eur":76363,"perft":17257,"sound":true}},{"type":"Feature","geometry":{"type":"Point","coordinates":[-105.3489,43.7965]},"properties":{"api":"4900566104","name":"CASTLE 11-34 TH","op":"EMEP II OPERATING LLC","co":"Campbell","trs":"T44N R71W S11","fm":"TURNER","eur":196721,"perft":null,"sound":true}},{"type":"Feature","geometry":{"type":"Point","coordinates":[-105.3492,43.7965]},"properties":{"api":"4900566114","name":"CASTLE 14-23 3H","op":"EMEP II OPERATING LLC","co":"Campbell","trs":"T44N R71W S11","fm":"TURNER","eur":165008,"perft":16324,"sound":true}},{"type":"Feature","geometry":{"type":"Point","coordinates":[-105.5069,43.6221]},"properties":{"api":"4900566237","name":"LEAVITT FED 1-9-4PH","op":"PEAK POWDER RIVER RESOURCES LLC","co":"Campbell","trs":"T42N R72W S9","fm":"PARKMAN","eur":560873,"perft":null,"sound":true}},{"type":"Feature","geometry":{"type":"Point","coordinates":[-105.5071,43.6221]},"properties":{"api":"4900566238","name":"LEAVITT FED 2-9-4PH","op":"PEAK POWDER RIVER RESOURCES LLC","co":"Campbell","trs":"T42N R72W S9","fm":"PARKMAN","eur":599716,"perft":null,"sound":true}},{"type":"Feature","geometry":{"type":"Point","coordinates":[-105.5068,43.6221]},"properties":{"api":"4900566239","name":"LEAVITT FED 1-9-4TH","op":"PEAK POWDER RIVER RESOURCES LLC","co":"Campbell","trs":"T42N R72W S9","fm":"TURNER/FRONTIER 1ST","eur":279274,"perft":null,"sound":true}},{"type":"Feature","geometry":{"type":"Point","coordinates":[-105.5282,44.9236]},"properties":{"api":"4900566251","name":"HOOVER & STACY STATE 13-T42","op":null,"co":"Campbell","trs":null,"fm":null,"eur":null,"perft":null,"sound":false}},{"type":"Feature","geometry":{"type":"Point","coordinates":[-105.3507,43.8259]},"properties":{"api":"4900566256","name":"CASTLE 2-11 TH","op":"EMEP II OPERATING LLC","co":"Campbell","trs":"T45N R71W S35","fm":"TURNER","eur":141759,"perft":null,"sound":true}},{"type":"Feature","geometry":{"type":"Point","coordinates":[-105.3506,43.8259]},"properties":{"api":"4900566257","name":"CASTLE 2-21 TH","op":"EMEP II OPERATING LLC","co":"Campbell","trs":"T45N R71W S35","fm":"TURNER","eur":91770,"perft":20599,"sound":true}},{"type":"Feature","geometry":{"type":"Point","coordinates":[-105.3509,43.8259]},"properties":{"api":"4900566260","name":"CHIMNEY CONE 35-24 TH","op":"EMEP II OPERATING LLC","co":"Campbell","trs":"T45N R71W S35","fm":"TURNER","eur":84430,"perft":null,"sound":true}},{"type":"Feature","geometry":{"type":"Point","coordinates":[-105.356,43.6214]},"properties":{"api":"4900566264","name":"TALON FED 4271-14-22-16E NH","op":"ANSCHUTZ EXPLORATION CORPORATION","co":"Campbell","trs":"T42N R71W S14","fm":"NIOBRARA","eur":338280,"perft":33457,"sound":true}},{"type":"Feature","geometry":{"type":"Point","coordinates":[-105.9364,43.6211]},"properties":{"api":"4900566281","name":"T-CHAIR 4276-1201-004NH","op":"ANSCHUTZ EXPLORATION CORPORATION","co":"Campbell","trs":"T42N R76W S12","fm":"NIOBRARA","eur":329220,"perft":null,"sound":true}},{"type":"Feature","geometry":{"type":"Point","coordinates":[-105.3559,43.6213]},"properties":{"api":"4900566408","name":"TALON FED 4271-14-23-15W NH","op":"ANSCHUTZ EXPLORATION CORPORATION","co":"Campbell","trs":"T42N R71W S14","fm":"NIOBRARA","eur":202081,"perft":20106,"sound":true}},{"type":"Feature","geometry":{"type":"Point","coordinates":[-105.3561,43.6214]},"properties":{"api":"4900566409","name":"TALON FED 4271-14-23-13W NH","op":"ANSCHUTZ EXPLORATION CORPORATION","co":"Campbell","trs":"T42N R71W S14","fm":"NIOBRARA","eur":291911,"perft":28582,"sound":true}},{"type":"Feature","geometry":{"type":"Point","coordinates":[-105.356,43.6213]},"properties":{"api":"4900566410","name":"TALON FED 4271-14-23-14E NH","op":"ANSCHUTZ EXPLORATION CORPORATION","co":"Campbell","trs":"T42N R71W S14","fm":"NIOBRARA","eur":312146,"perft":30711,"sound":true}},{"type":"Feature","geometry":{"type":"Point","coordinates":[-105.3561,43.6215]},"properties":{"api":"4900566412","name":"TALON FED 4271-14-23-13E NH","op":"ANSCHUTZ EXPLORATION CORPORATION","co":"Campbell","trs":"T42N R71W S14","fm":"NIOBRARA","eur":197151,"perft":18911,"sound":true}},{"type":"Feature","geometry":{"type":"Point","coordinates":[-105.3559,43.6212]},"properties":{"api":"4900566413","name":"TALON FED 4271-14-23-15E NH","op":"ANSCHUTZ EXPLORATION CORPORATION","co":"Campbell","trs":"T42N R71W S14","fm":"NIOBRARA","eur":393472,"perft":37943,"sound":true}},{"type":"Feature","geometry":{"type":"Point","coordinates":[-105.5662,43.566]},"properties":{"api":"4900566461","name":"MORRIS 0112-14H","op":"EOG RESOURCES INC","co":"Campbell","trs":"T42N R73W S36","fm":"MOWRY","eur":251468,"perft":23149,"sound":true}},{"type":"Feature","geometry":{"type":"Point","coordinates":[-105.566,43.566]},"properties":{"api":"4900566516","name":"MORRIS 0112-15H","op":"EOG RESOURCES INC","co":"Campbell","trs":"T42N R73W S36","fm":"MOWRY","eur":154558,"perft":14507,"sound":true}},{"type":"Feature","geometry":{"type":"Point","coordinates":[-105.5659,43.566]},"properties":{"api":"4900566517","name":"MORRIS 0112-16H","op":"EOG RESOURCES INC","co":"Campbell","trs":"T42N R73W S36","fm":"MOWRY","eur":218654,"perft":22602,"sound":true}},{"type":"Feature","geometry":{"type":"Point","coordinates":[-105.5106,43.5916]},"properties":{"api":"4900566953","name":"Stoddard Fed 3-21PH","op":"PEAK POWDER RIVER RESOURCES LLC","co":"Campbell","trs":"T42N R72W S28","fm":"PARKMAN","eur":216083,"perft":null,"sound":true}},{"type":"Feature","geometry":{"type":"Point","coordinates":[-105.4199,43.7817]},"properties":{"api":"4900567034","name":"CASTLE 17-14 TH","op":"EMEP II OPERATING LLC","co":"Campbell","trs":"T44N R71W S17","fm":"TURNER","eur":146991,"perft":null,"sound":true}},{"type":"Feature","geometry":{"type":"Point","coordinates":[-105.7347,43.6066]},"properties":{"api":"4900567148","name":"SUCHAN FED 1-15-10MH","op":"PEAK POWDER RIVER RESOURCES LLC","co":"Campbell","trs":"T42N R74W S15","fm":"MOWRY","eur":238378,"perft":26236,"sound":true}},{"type":"Feature","geometry":{"type":"Point","coordinates":[-105.7149,43.7075]},"properties":{"api":"4900567215","name":"TRIDENT 3-1101H","op":"EOG RESOURCES INC","co":"Campbell","trs":"T43N R74W S11","fm":"TURNER/FRONTIER","eur":458911,"perft":null,"sound":true}},{"type":"Feature","geometry":{"type":"Point","coordinates":[-105.7147,43.7075]},"properties":{"api":"4900567216","name":"TRIDENT 609-1101H","op":"EOG RESOURCES INC","co":"Campbell","trs":"T43N R74W S11","fm":"FRONTIER/TURNER","eur":null,"perft":null,"sound":false}},{"type":"Feature","geometry":{"type":"Point","coordinates":[-105.5663,43.621]},"properties":{"api":"4900567768","name":"DILTS 41-13-24 MH","op":"BALLARD PETROLEUM HOLDINGS LLC","co":"Campbell","trs":"T42N R73W S12","fm":"MOWRY","eur":272986,"perft":27881,"sound":true}},{"type":"Feature","geometry":{"type":"Point","coordinates":[-105.6089,43.6044]},"properties":{"api":"4900567903","name":"JOSH FEDERAL 22-42-73-3TH","op":"NAVIGATION POWDER RIVER LLC","co":"Campbell","trs":"T42N R73W S22","fm":"TURNER","eur":323729,"perft":42048,"sound":true}},{"type":"Feature","geometry":{"type":"Point","coordinates":[-105.6543,43.5893]},"properties":{"api":"4900567943","name":"JOSH FEDERAL 20-42-73-1H","op":"NAVIGATION POWDER RIVER LLC","co":"Campbell","trs":"T42N R73W S29","fm":"TURNER","eur":44783,"perft":9643,"sound":true}},{"type":"Feature","geometry":{"type":"Point","coordinates":[-105.6234,43.5897]},"properties":{"api":"4900567948","name":"JOSH FEDERAL 21-42-73-3H","op":"NAVIGATION POWDER RIVER LLC","co":"Campbell","trs":"T42N R73W S27","fm":"TURNER","eur":null,"perft":null,"sound":false}},{"type":"Feature","geometry":{"type":"Point","coordinates":[-105.1776,44.4841]},"properties":{"api":"4900568041","name":"R&R FED 34-17","op":null,"co":"Campbell","trs":"T52N R69W S17","fm":"MUDDY","eur":null,"perft":null,"sound":false}},{"type":"Feature","geometry":{"type":"Point","coordinates":[-105.1926,44.4707]},"properties":{"api":"4900568042","name":"THOMPSON FED 44-19","op":null,"co":"Campbell","trs":"T52N R69W S19","fm":"MINNELUSA B","eur":null,"perft":null,"sound":false}},{"type":"Feature","geometry":{"type":"Point","coordinates":[-105.6409,44.0632]},"properties":{"api":"4900568060","name":"GEIS FED 22-9-4-33 SH","op":"BALLARD PETROLEUM HOLDINGS LLC","co":"Campbell","trs":"T47N R73W S9","fm":"SUSSEX","eur":null,"perft":null,"sound":false}},{"type":"Feature","geometry":{"type":"Point","coordinates":[-105.6936,43.5056]},"properties":{"api":"4900568101","name":"WI MOORE 4174-2536-008NH","op":"WRC ENERGY LLC","co":"Campbell","trs":"T41N R74W S24","fm":"NIOBRARA","eur":789446,"perft":null,"sound":true}},{"type":"Feature","geometry":{"type":"Point","coordinates":[-105.4165,43.7243]},"properties":{"api":"4900568243","name":"STUART 43-71-5C-32-2H","op":"EMEP II OPERATING LLC","co":"Campbell","trs":"T43N R71W S5","fm":"TURNER","eur":169266,"perft":null,"sound":true}},{"type":"Feature","geometry":{"type":"Point","coordinates":[-105.7007,43.5911]},"properties":{"api":"4900568436","name":"TIBURON 297-2436H","op":"EOG RESOURCES INC","co":"Campbell","trs":"T42N R74W S24","fm":"TURNER","eur":377305,"perft":null,"sound":true}},{"type":"Feature","geometry":{"type":"Point","coordinates":[-105.7009,43.5911]},"properties":{"api":"4900568437","name":"TIBURON 296-2436H","op":"EOG RESOURCES INC","co":"Campbell","trs":"T42N R74W S24","fm":"MOWRY","eur":461852,"perft":null,"sound":true}},{"type":"Feature","geometry":{"type":"Point","coordinates":[-105.5181,44.9084]},"properties":{"api":"4900568543","name":"21209 Baytown 21-27","op":null,"co":"Campbell","trs":"T57N R72W S28","fm":"MINNELUSA D DOLOMITE","eur":null,"perft":null,"sound":false}},{"type":"Feature","geometry":{"type":"Point","coordinates":[-105.636,43.5893]},"properties":{"api":"4900568555","name":"TELLURIDE 2833-04H","op":"EOG RESOURCES INC","co":"Campbell","trs":"T42N R73W S28","fm":"NIOBRARA","eur":574985,"perft":null,"sound":true}},{"type":"Feature","geometry":{"type":"Point","coordinates":[-105.6362,43.5893]},"properties":{"api":"4900568556","name":"TELLURIDE 2833-03H","op":"EOG RESOURCES INC","co":"Campbell","trs":"T42N R73W S28","fm":"NIOBRARA","eur":189029,"perft":null,"sound":true}},{"type":"Feature","geometry":{"type":"Point","coordinates":[-105.6364,43.5893]},"properties":{"api":"4900568557","name":"TELLURIDE 2833-2H","op":"EOG RESOURCES INC","co":"Campbell","trs":"T42N R73W S28","fm":"NIOBARARA","eur":190989,"perft":null,"sound":true}},{"type":"Feature","geometry":{"type":"Point","coordinates":[-105.6366,43.5893]},"properties":{"api":"4900568558","name":"TELLURIDE 2833-01H","op":"EOG RESOURCES INC","co":"Campbell","trs":"T42N R73W S28","fm":"NIOBRARA","eur":346195,"perft":null,"sound":true}},{"type":"Feature","geometry":{"type":"Point","coordinates":[-105.6368,43.5893]},"properties":{"api":"4900568563","name":"FLATBOW 870-2833H","op":"EOG RESOURCES INC","co":"Campbell","trs":"T42N R73W S28","fm":"MOWRY","eur":356098,"perft":null,"sound":true}},{"type":"Feature","geometry":{"type":"Point","coordinates":[-105.2578,43.797]},"properties":{"api":"4900568612","name":"Rambo 4470-1522-1TH","op":"EMEP II OPERATING LLC","co":"Campbell","trs":"T44N R70W S10","fm":"TURNER","eur":212896,"perft":21073,"sound":true}},{"type":"Feature","geometry":{"type":"Point","coordinates":[-105.2674,43.7971]},"properties":{"api":"4900568638","name":"BOOMERANG 4470-0409-1TH","op":"EMEP II OPERATING LLC","co":"Campbell","trs":"T44N R70W S9","fm":"TURNER","eur":350404,"perft":33911,"sound":true}},{"type":"Feature","geometry":{"type":"Point","coordinates":[-105.258,43.7969]},"properties":{"api":"4900568654","name":"DRAINAGE 4470-0310-1TH","op":"EMEP II OPERATING LLC","co":"Campbell","trs":"T44N R70W S10","fm":"TURNER","eur":425610,"perft":null,"sound":true}},{"type":"Feature","geometry":{"type":"Point","coordinates":[-105.6075,43.534]},"properties":{"api":"4900568757","name":"BALLISTA 4-1023H","op":"EOG RESOURCES INC","co":"Campbell","trs":"T41N R73W S10","fm":"MOWRY","eur":null,"perft":null,"sound":false}},{"type":"Feature","geometry":{"type":"Point","coordinates":[-105.2473,43.7977]},"properties":{"api":"4900568765","name":"GRIZZLY 4470-1522-1TH","op":"EMEP II OPERATING LLC","co":"Campbell","trs":"T44N R70W S10","fm":"TURNER","eur":270923,"perft":35419,"sound":true}},{"type":"Feature","geometry":{"type":"Point","coordinates":[-105.2577,43.7972]},"properties":{"api":"4900568766","name":"RASTA 4470-0310-1TH","op":"EMEP II OPERATING LLC","co":"Campbell","trs":"T44N R70W S10","fm":"TURNER","eur":239265,"perft":30472,"sound":true}},{"type":"Feature","geometry":{"type":"Point","coordinates":[-105.4912,43.5051]},"properties":{"api":"4900568769","name":"ARBALEST 349-2215H","op":"EOG RESOURCES INC","co":"Campbell","trs":"T41N R72W S22","fm":"FRONTIER-TURNER","eur":240740,"perft":null,"sound":true}},{"type":"Feature","geometry":{"type":"Point","coordinates":[-105.5368,43.5338]},"properties":{"api":"4900568783","name":"ARBALEST 473-0820H","op":"EOG RESOURCES INC","co":"Campbell","trs":"T41N R72W S8","fm":"NIOBRARA","eur":365055,"perft":null,"sound":true}},{"type":"Feature","geometry":{"type":"Point","coordinates":[-105.537,43.5338]},"properties":{"api":"4900568784","name":"ARBALEST 411-0820H","op":"EOG RESOURCES INC","co":"Campbell","trs":"T41N R72W S8","fm":"PARKMAN","eur":208093,"perft":null,"sound":true}},{"type":"Feature","geometry":{"type":"Point","coordinates":[-105.5372,43.5338]},"properties":{"api":"4900568785","name":"ARBALEST 472-0820H","op":"EOG RESOURCES INC","co":"Campbell","trs":"T41N R72W S8","fm":"TURNER","eur":279006,"perft":null,"sound":true}},{"type":"Feature","geometry":{"type":"Point","coordinates":[-105.5374,43.5338]},"properties":{"api":"4900568786","name":"ARBALEST 410-0820H","op":"EOG RESOURCES INC","co":"Campbell","trs":"T41N R72W S8","fm":"PARKMAN","eur":212022,"perft":null,"sound":true}},{"type":"Feature","geometry":{"type":"Point","coordinates":[-105.4911,43.5051]},"properties":{"api":"4900568789","name":"ARBALEST 348-2215H","op":"EOG RESOURCES INC","co":"Campbell","trs":"T41N R72W S22","fm":"FRONTIER-TURNER","eur":315667,"perft":null,"sound":true}},{"type":"Feature","geometry":{"type":"Point","coordinates":[-105.5602,44.0291]},"properties":{"api":"4900569472","name":"DAVIS FED 47-72-19-31-ASH","op":"WAVE PETROLEUM OPERATING LLC","co":"Campbell","trs":"T47N R72W S19","fm":null,"eur":null,"perft":null,"sound":false}},{"type":"Feature","geometry":{"type":"Point","coordinates":[-105.5333,43.5048]},"properties":{"api":"4900569992","name":"ARBALEST 282-2032H","op":"EOG RESOURCES INC","co":"Campbell","trs":"T41N R72W S20","fm":"TURNER-FRONTIER","eur":223048,"perft":null,"sound":true}},{"type":"Feature","geometry":{"type":"Point","coordinates":[-105.4914,43.5051]},"properties":{"api":"4900570119","name":"ARBALEST 216-2215H","op":"EOG RESOURCES INC","co":"Campbell","trs":"T41N R72W S22","fm":"PARKMAN","eur":660656,"perft":null,"sound":true}},{"type":"Feature","geometry":{"type":"Point","coordinates":[-105.4915,43.5051]},"properties":{"api":"4900570125","name":"ARBALEST 214-2215H","op":"EOG RESOURCES INC","co":"Campbell","trs":"T41N R72W S22","fm":"PARKMAN","eur":489105,"perft":null,"sound":true}},{"type":"Feature","geometry":{"type":"Point","coordinates":[-105.5375,43.5349]},"properties":{"api":"4900570174","name":"PECAN 1720-05H","op":"EOG RESOURCES INC","co":"Campbell","trs":"T41N R72W S8","fm":"NIOBRARA","eur":251590,"perft":25597,"sound":true}},{"type":"Feature","geometry":{"type":"Point","coordinates":[-105.5374,43.5346]},"properties":{"api":"4900570190","name":"PECAN 1720-03H","op":"EOG RESOURCES INC","co":"Campbell","trs":"T41N R72W S8","fm":"NIOBRARA","eur":115790,"perft":12440,"sound":true}},{"type":"Feature","geometry":{"type":"Point","coordinates":[-105.5374,43.5348]},"properties":{"api":"4900570195","name":"PECAN 1720-04H","op":"EOG RESOURCES INC","co":"Campbell","trs":"T41N R72W S8","fm":"NIOBRARA","eur":100875,"perft":9746,"sound":true}},{"type":"Feature","geometry":{"type":"Point","coordinates":[-105.5615,43.621]},"properties":{"api":"4900570264","name":"LEAVITT TRUST FED 14-7-6 TH","op":"BALLARD PETROLEUM HOLDINGS LLC","co":"Campbell","trs":"T42N R72W S7","fm":"TURNER","eur":635870,"perft":67309,"sound":true}},{"type":"Feature","geometry":{"type":"Point","coordinates":[-105.1681,44.6206]},"properties":{"api":"4900570356","name":"Laramide Federal 42-32","op":null,"co":"Campbell","trs":"T54N R69W S32","fm":"MINNELUSA","eur":null,"perft":null,"sound":false}},{"type":"Feature","geometry":{"type":"Point","coordinates":[-105.4947,43.5046]},"properties":{"api":"4900570749","name":"ARBALEST 561-2234H","op":"EOG RESOURCES INC","co":"Campbell","trs":"T41N R72W S22","fm":"FRONTIER-TURNER","eur":258852,"perft":null,"sound":true}},{"type":"Feature","geometry":{"type":"Point","coordinates":[-105.3907,43.8255]},"properties":{"api":"4900570949","name":"ELLBOGEN 4471-4A-2H","op":"EMEP II OPERATING LLC","co":"Campbell","trs":"T45N R71W S33","fm":"TURNER","eur":65834,"perft":13681,"sound":true}},{"type":"Feature","geometry":{"type":"Point","coordinates":[-105.5738,43.6355]},"properties":{"api":"4900570959","name":"JACOB FEDERAL 1-42-73-6TH","op":"NAVIGATION POWDER RIVER LLC","co":"Campbell","trs":"T42N R73W S1","fm":"TURNER","eur":177403,"perft":37617,"sound":true}},{"type":"Feature","geometry":{"type":"Point","coordinates":[-105.6291,44.083]},"properties":{"api":"4900571108","name":"GDU 12-3-35 PH","op":"BALLARD PETROLEUM HOLDINGS LLC","co":"Campbell","trs":"T47N R73W S3","fm":"PARKMAN","eur":344044,"perft":34574,"sound":true}},{"type":"Feature","geometry":{"type":"Point","coordinates":[-105.2933,43.7954]},"properties":{"api":"4900571145","name":"BIERSTUB 4470-1720-1TH","op":"EMEP II OPERATING LLC","co":"Campbell","trs":"T44N R70W S17","fm":"TURNER","eur":566949,"perft":56122,"sound":true}},{"type":"Feature","geometry":{"type":"Point","coordinates":[-105.819,44.4927]},"properties":{"api":"4900571201","name":"TRITON FED 5275-13-1-2 MDH","op":"ANSCHUTZ EXPLORATION CORPORATION","co":"Campbell","trs":"T52N R75W S13","fm":"MUDDY","eur":221435,"perft":27759,"sound":true}},{"type":"Feature","geometry":{"type":"Point","coordinates":[-105.3093,43.8238]},"properties":{"api":"4900571334","name":"MIDWAY 4570-2932-1TH","op":"EMEP II OPERATING LLC","co":"Campbell","trs":"T44N R70W S6","fm":"TURNER","eur":427352,"perft":41338,"sound":true}},{"type":"Feature","geometry":{"type":"Point","coordinates":[-105.3094,43.824]},"properties":{"api":"4900571335","name":"LABELLE 4570-3031-1TH","op":"EMEP II OPERATING LLC","co":"Campbell","trs":"T44N R70W S6","fm":"TURNER","eur":287573,"perft":28174,"sound":true}},{"type":"Feature","geometry":{"type":"Point","coordinates":[-105.69,43.5917]},"properties":{"api":"4900571369","name":"TIBURON 251-2436H","op":"EOG RESOURCES INC","co":"Campbell","trs":"T42N R74W S24","fm":"NIOBRARA","eur":664447,"perft":null,"sound":true}},{"type":"Feature","geometry":{"type":"Point","coordinates":[-105.6908,43.5914]},"properties":{"api":"4900571372","name":"TIBURON 250-2436H","op":"EOG RESOURCES INC","co":"Campbell","trs":"T42N R74W S24","fm":"TURNER/FRONTIER","eur":221106,"perft":null,"sound":true}},{"type":"Feature","geometry":{"type":"Point","coordinates":[-105.3095,43.8114]},"properties":{"api":"4900572665","name":"GRAND 6-24TH","op":"EMEP II OPERATING LLC","co":"Campbell","trs":"T44N R70W S6","fm":"TURNER","eur":155853,"perft":34059,"sound":true}},{"type":"Feature","geometry":{"type":"Point","coordinates":[-105.3094,43.8114]},"properties":{"api":"4900572667","name":"GRAND 6-44TH","op":"EMEP II OPERATING LLC","co":"Campbell","trs":"T44N R70W S6","fm":"TURNER","eur":126698,"perft":27693,"sound":true}},{"type":"Feature","geometry":{"type":"Point","coordinates":[-105.3099,43.8113]},"properties":{"api":"4900572668","name":"GRAND 7-31H","op":"EMEP II OPERATING LLC","co":"Campbell","trs":"T44N R70W S6","fm":"TURNER","eur":184347,"perft":19506,"sound":true}},{"type":"Feature","geometry":{"type":"Point","coordinates":[-105.3093,43.8114]},"properties":{"api":"4900572669","name":"GRAND 7-41H","op":"EMEP II OPERATING LLC","co":"Campbell","trs":"T44N R70W S6","fm":"TURNER","eur":138597,"perft":15080,"sound":true}},{"type":"Feature","geometry":{"type":"Point","coordinates":[-105.4571,43.6805]},"properties":{"api":"4900572940","name":"BOOTS FED 4372-24-36-14E NH","op":"ANSCHUTZ EXPLORATION CORPORATION","co":"Campbell","trs":"T43N R72W S24","fm":"NIOBRARA","eur":364998,"perft":35844,"sound":true}},{"type":"Feature","geometry":{"type":"Point","coordinates":[-105.5352,43.5604]},"properties":{"api":"4900573448","name":"JUNIPER 0508-01H","op":"EOG RESOURCES INC","co":"Campbell","trs":"T41N R72W S5","fm":"FRONTER-TURNER","eur":272649,"perft":27465,"sound":true}},{"type":"Feature","geometry":{"type":"Point","coordinates":[-105.5349,43.5604]},"properties":{"api":"4900573455","name":"JUNIPER 0508-03H","op":"EOG RESOURCES INC","co":"Campbell","trs":"T41N R72W S5","fm":"FRONTIER-TURNER","eur":302849,"perft":30471,"sound":true}},{"type":"Feature","geometry":{"type":"Point","coordinates":[-105.5346,43.5604]},"properties":{"api":"4900573461","name":"JUNIPER 0508-05H","op":"EOG RESOURCES INC","co":"Campbell","trs":"T41N R72W S5","fm":"PARKMAN","eur":250346,"perft":26289,"sound":true}},{"type":"Feature","geometry":{"type":"Point","coordinates":[-105.5341,43.5604]},"properties":{"api":"4900573463","name":"JUNIPER 0508-06H","op":"EOG RESOURCES INC","co":"Campbell","trs":"T41N R72W S5","fm":"MOWRY","eur":141612,"perft":13661,"sound":true}},{"type":"Feature","geometry":{"type":"Point","coordinates":[-105.5357,43.5604]},"properties":{"api":"4900573467","name":"YUKON 3229-01H","op":"EOG RESOURCES INC","co":"Campbell","trs":"T41N R72W S5","fm":"FRONTIER-TURNER","eur":360023,"perft":35083,"sound":true}},{"type":"Feature","geometry":{"type":"Point","coordinates":[-105.5353,43.5604]},"properties":{"api":"4900573470","name":"YUKON 3229-03H","op":"EOG RESOURCES INC","co":"Campbell","trs":"T41N R72W S5","fm":"FRONTIER-TURNER","eur":350482,"perft":34167,"sound":true}},{"type":"Feature","geometry":{"type":"Point","coordinates":[-105.5343,43.5604]},"properties":{"api":"4900573471","name":"YUKON 3229-06H","op":"EOG RESOURCES INC","co":"Campbell","trs":"T41N R72W S5","fm":"PARKMAN","eur":355983,"perft":4415,"sound":true}},{"type":"Feature","geometry":{"type":"Point","coordinates":[-105.7171,43.7357]},"properties":{"api":"4900573547","name":"TRIDENT 756-0225H","op":"EOG RESOURCES INC","co":"Campbell","trs":"T43N R74W S2","fm":"TURNER","eur":null,"perft":null,"sound":false}},{"type":"Feature","geometry":{"type":"Point","coordinates":[-105.717,43.7358]},"properties":{"api":"4900573548","name":"TRIDENT 755-0225H","op":"EOG RESOURCES INC","co":"Campbell","trs":"T43N R74W S2","fm":"TURNER-FRONTIER","eur":392521,"perft":36382,"sound":true}},{"type":"Feature","geometry":{"type":"Point","coordinates":[-105.3788,43.7951]},"properties":{"api":"4900573553","name":"CASTLE 10-14TH","op":"EMEP II OPERATING LLC","co":"Campbell","trs":"T44N R71W S15","fm":"TURNER","eur":135353,"perft":28346,"sound":true}},{"type":"Feature","geometry":{"type":"Point","coordinates":[-105.3788,43.795]},"properties":{"api":"4900573554","name":"CASTLE 10-24TH","op":"EMEP II OPERATING LLC","co":"Campbell","trs":"T44N R71W S15","fm":"TURNER","eur":126053,"perft":26616,"sound":true}},{"type":"Feature","geometry":{"type":"Point","coordinates":[-105.3301,43.7956]},"properties":{"api":"4900573555","name":"CASTLE 13-11H","op":"EMEP II OPERATING LLC","co":"Campbell","trs":"T44N R71W S13","fm":"TURNER","eur":86103,"perft":16320,"sound":true}},{"type":"Feature","geometry":{"type":"Point","coordinates":[-105.5344,43.5602]},"properties":{"api":"4900573557","name":"YUKON 3229-05H","op":"EOG RESOURCES INC","co":"Campbell","trs":"T41N R72W S5","fm":"PARKMAN","eur":291130,"perft":27198,"sound":true}},{"type":"Feature","geometry":{"type":"Point","coordinates":[-105.6547,43.7094]},"properties":{"api":"4900574016","name":"BROADHEAD 556-0819H","op":"EOG RESOURCES INC","co":"Campbell","trs":"T43N R73W S8","fm":"FRONTIER-TURNER","eur":353677,"perft":34783,"sound":true}},{"type":"Feature","geometry":{"type":"Point","coordinates":[-105.6546,43.7094]},"properties":{"api":"4900574017","name":"BROADHEAD 557-0819H","op":"EOG RESOURCES INC","co":"Campbell","trs":"T43N R73W S8","fm":"FRONTIER-TURNER","eur":439957,"perft":43163,"sound":true}},{"type":"Feature","geometry":{"type":"Point","coordinates":[-105.6546,43.7093]},"properties":{"api":"4900574019","name":"BROADHEAD 558-0820H","op":"EOG RESOURCES INC","co":"Campbell","trs":"T43N R73W S8","fm":"FRONTIER/TURNER","eur":null,"perft":null,"sound":false}},{"type":"Feature","geometry":{"type":"Point","coordinates":[-105.4574,43.6808]},"properties":{"api":"4900574041","name":"Boots Fed 4372-24-13-3E NH","op":"ANSCHUTZ EXPLORATION CORPORATION","co":"Campbell","trs":"T43N R72W S24","fm":"NIOBRARA","eur":291042,"perft":40111,"sound":true}},{"type":"Feature","geometry":{"type":"Point","coordinates":[-105.4379,43.6521]},"properties":{"api":"4900574443","name":"CHOPPER FED 4371-31-7-13E NH","op":"ANSCHUTZ EXPLORATION CORPORATION","co":"Campbell","trs":"T43N R71W S31","fm":"NIOBRARA","eur":424674,"perft":41733,"sound":true}},{"type":"Feature","geometry":{"type":"Point","coordinates":[-105.4321,43.6521]},"properties":{"api":"4900574451","name":"ROSS FEE 4371-31-7-15E NH","op":"ANSCHUTZ EXPLORATION CORPORATION","co":"Campbell","trs":"T43N R71W S31","fm":"NIOBRARA","eur":311413,"perft":30468,"sound":true}},{"type":"Feature","geometry":{"type":"Point","coordinates":[-105.4322,43.6521]},"properties":{"api":"4900574452","name":"ROSS FEE 4371-31-7-15W NH","op":"ANSCHUTZ EXPLORATION CORPORATION","co":"Campbell","trs":"T43N R71W S31","fm":"NIOBRARA","eur":291162,"perft":28692,"sound":true}},{"type":"Feature","geometry":{"type":"Point","coordinates":[-105.5337,43.5604]},"properties":{"api":"4900574627","name":"JUNIPER 0508-25H","op":"EOG RESOURCES INC","co":"Campbell","trs":"T41N R72W S5","fm":"MOWRY","eur":84613,"perft":8430,"sound":true}},{"type":"Feature","geometry":{"type":"Point","coordinates":[-105.4655,43.8846]},"properties":{"api":"4900574677","name":"DURHAM RANCH 114572-N1PH","op":"BURNETT OIL CO INC","co":"Campbell","trs":"T45N R72W S11","fm":"PARKMAN","eur":119314,"perft":null,"sound":true}},{"type":"Feature","geometry":{"type":"Point","coordinates":[-105.4944,43.5046]},"properties":{"api":"4900575168","name":"ARBALEST 475-2234H","op":"EOG RESOURCES INC","co":"Campbell","trs":"T41N R72W S22","fm":"PARKMAN","eur":587017,"perft":null,"sound":true}},{"type":"Feature","geometry":{"type":"Point","coordinates":[-105.4942,43.5046]},"properties":{"api":"4900575169","name":"ARBALEST 476-2234H","op":"EOG RESOURCES INC","co":"Campbell","trs":"T41N R72W S22","fm":"PARKMAN","eur":426544,"perft":null,"sound":true}},{"type":"Feature","geometry":{"type":"Point","coordinates":[-105.4945,43.5046]},"properties":{"api":"4900575170","name":"ARBALEST 477-2234H","op":"EOG RESOURCES INC","co":"Campbell","trs":"T41N R72W S22","fm":"FRONTIER-TURNER","eur":377470,"perft":null,"sound":true}},{"type":"Feature","geometry":{"type":"Point","coordinates":[-105.4073,43.6204]},"properties":{"api":"4900575519","name":"TEX FED 4271-17-20-15E NH","op":"ANSCHUTZ EXPLORATION CORPORATION","co":"Campbell","trs":"T42N R71W S17","fm":"NIOBRARA","eur":253545,"perft":24681,"sound":true}},{"type":"Feature","geometry":{"type":"Point","coordinates":[-105.4193,43.6205]},"properties":{"api":"4900575523","name":"SMOKEY FED 4271-17-20-13W NH","op":"ANSCHUTZ EXPLORATION CORPORATION","co":"Campbell","trs":"T42N R71W S17","fm":"NIOBRARA","eur":653145,"perft":66512,"sound":true}},{"type":"Feature","geometry":{"type":"Point","coordinates":[-105.4194,43.6205]},"properties":{"api":"4900575527","name":"SMOKEY FED 4271-17-20-14W NH","op":"ANSCHUTZ EXPLORATION CORPORATION","co":"Campbell","trs":"T42N R71W S17","fm":"NIOBRARA","eur":273666,"perft":27441,"sound":true}},{"type":"Feature","geometry":{"type":"Point","coordinates":[-105.4073,43.6202]},"properties":{"api":"4900575548","name":"TEX FED 4271-17-20-16E NH","op":"ANSCHUTZ EXPLORATION CORPORATION","co":"Campbell","trs":"T42N R71W S17","fm":"NIOBRARA","eur":536493,"perft":53144,"sound":true}},{"type":"Feature","geometry":{"type":"Point","coordinates":[-105.4073,43.6203]},"properties":{"api":"4900575550","name":"TEX FED 4271-17-20-15W NH","op":"ANSCHUTZ EXPLORATION CORPORATION","co":"Campbell","trs":"T42N R71W S17","fm":"NIOBRARA","eur":427419,"perft":43126,"sound":true}},{"type":"Feature","geometry":{"type":"Point","coordinates":[-105.3702,43.8258]},"properties":{"api":"4900575669","name":"CASTLE 3-41TH","op":"EMEP II OPERATING LLC","co":"Campbell","trs":"T45N R71W S34","fm":"TURNER","eur":78024,"perft":16980,"sound":true}},{"type":"Feature","geometry":{"type":"Point","coordinates":[-105.3745,43.8257]},"properties":{"api":"4900575670","name":"CASTLE 3-31TH","op":"EMEP II OPERATING LLC","co":"Campbell","trs":"T45N R71W S34","fm":"TURNER","eur":67813,"perft":15308,"sound":true}},{"type":"Feature","geometry":{"type":"Point","coordinates":[-105.3744,43.8257]},"properties":{"api":"4900575671","name":"CHIMNEY CONE 34-44TH","op":"EMEP II OPERATING LLC","co":"Campbell","trs":"T45N R71W S34","fm":"TURNER","eur":83799,"perft":18237,"sound":true}},{"type":"Feature","geometry":{"type":"Point","coordinates":[-105.3701,43.8258]},"properties":{"api":"4900575672","name":"CHIMNEY CONE 35-14TH","op":"EMEP II OPERATING LLC","co":"Campbell","trs":"T45N R71W S34","fm":"TURNER","eur":109503,"perft":23831,"sound":true}},{"type":"Feature","geometry":{"type":"Point","coordinates":[-105.33,43.7957]},"properties":{"api":"4900576040","name":"CASTLE 12-1-6H","op":"EMEP II OPERATING LLC","co":"Campbell","trs":"T44N R71W S13","fm":"TURNER","eur":275088,"perft":26354,"sound":true}},{"type":"Feature","geometry":{"type":"Point","coordinates":[-105.3883,43.795]},"properties":{"api":"4900576094","name":"RIPS 4471-09-2TH","op":"EMEP II OPERATING LLC","co":"Campbell","trs":"T44N R71W S16","fm":"TURNER","eur":169592,"perft":35629,"sound":true}},{"type":"Feature","geometry":{"type":"Point","coordinates":[-105.3885,43.795]},"properties":{"api":"4900576095","name":"RIPS 4471-09-1TH","op":"EMEP II OPERATING LLC","co":"Campbell","trs":"T44N R71W S16","fm":"TURNER","eur":170942,"perft":35912,"sound":true}},{"type":"Feature","geometry":{"type":"Point","coordinates":[-105.3894,43.6496]},"properties":{"api":"4900576260","name":"Payton Fed 4271-4-28-3 NBH","op":"ANSCHUTZ EXPLORATION CORPORATION","co":"Campbell","trs":"T42N R71W S4","fm":null,"eur":null,"perft":null,"sound":false}},{"type":"Feature","geometry":{"type":"Point","coordinates":[-105.3894,43.6496]},"properties":{"api":"4900576262","name":"Payton Fed 4271-4-28-2 NBH","op":"ANSCHUTZ EXPLORATION CORPORATION","co":"Campbell","trs":"T42N R71W S4","fm":null,"eur":null,"perft":null,"sound":false}},{"type":"Feature","geometry":{"type":"Point","coordinates":[-105.3894,43.6497]},"properties":{"api":"4900576408","name":"Payton Fed 4271-4-28-1 NBH","op":"ANSCHUTZ EXPLORATION CORPORATION","co":"Campbell","trs":"T42N R71W S4","fm":null,"eur":null,"perft":null,"sound":false}},{"type":"Feature","geometry":{"type":"Point","coordinates":[-105.5115,43.5771]},"properties":{"api":"4900576569","name":"AMAZON 3304-02H","op":"EOG RESOURCES INC","co":"Campbell","trs":"T42N R72W S33","fm":"PARKMAN","eur":331141,"perft":34454,"sound":true}},{"type":"Feature","geometry":{"type":"Point","coordinates":[-105.5113,43.5771]},"properties":{"api":"4900576570","name":"AMAZON 3304-03H","op":"EOG RESOURCES INC","co":"Campbell","trs":"T42N R72W S33","fm":"PARKMAN","eur":658622,"perft":6358,"sound":true}},{"type":"Feature","geometry":{"type":"Point","coordinates":[-105.5111,43.5771]},"properties":{"api":"4900576571","name":"AMAZON 3304-4H","op":"EOG RESOURCES INC","co":"Campbell","trs":"T42N R72W S33","fm":"FRONTIER/TURNER","eur":269869,"perft":null,"sound":true}},{"type":"Feature","geometry":{"type":"Point","coordinates":[-105.511,43.5771]},"properties":{"api":"4900576572","name":"AMAZON 3304-05H","op":"EOG RESOURCES INC","co":"Campbell","trs":"T42N R72W S33","fm":"FRONTIER/TURNER","eur":595512,"perft":null,"sound":true}},{"type":"Feature","geometry":{"type":"Point","coordinates":[-105.5429,43.6489]},"properties":{"api":"4900576898","name":"CONGO 0508-01H","op":"EOG RESOURCES INC","co":"Campbell","trs":"T42N R72W S5","fm":"PARKMAN","eur":183537,"perft":null,"sound":true}},{"type":"Feature","geometry":{"type":"Point","coordinates":[-105.5427,43.6489]},"properties":{"api":"4900576899","name":"CONGO 0508-02H","op":"EOG RESOURCES INC","co":"Campbell","trs":"T42N R72W S5","fm":"PARKMAN","eur":261320,"perft":null,"sound":true}},{"type":"Feature","geometry":{"type":"Point","coordinates":[-105.6545,43.7092]},"properties":{"api":"4900577119","name":"BROADHEAD 568-0805H","op":"EOG RESOURCES INC","co":"Campbell","trs":"T43N R73W S8","fm":"MOWRY","eur":null,"perft":null,"sound":false}},{"type":"Feature","geometry":{"type":"Point","coordinates":[-105.6636,43.588]},"properties":{"api":"4900577171","name":"SNOWBIRD 2017-05H","op":"EOG RESOURCES INC","co":"Campbell","trs":"T42N R73W S29","fm":null,"eur":null,"perft":null,"sound":false}},{"type":"Feature","geometry":{"type":"Point","coordinates":[-105.7237,43.6207]},"properties":{"api":"4900577268","name":"ROUSH FED 21-14-23 NH","op":"BALLARD PETROLEUM HOLDINGS LLC","co":"Campbell","trs":"T42N R74W S11","fm":"NIOBRARA","eur":328710,"perft":33559,"sound":true}},{"type":"Feature","geometry":{"type":"Point","coordinates":[-105.724,43.6207]},"properties":{"api":"4900577271","name":"ROUSH FED 11-14-23 NH","op":"BALLARD PETROLEUM HOLDINGS LLC","co":"Campbell","trs":"T42N R74W S11","fm":"NIOBRARA","eur":687962,"perft":70236,"sound":true}},{"type":"Feature","geometry":{"type":"Point","coordinates":[-105.7242,43.6207]},"properties":{"api":"4900577273","name":"ROUSH FED 11-14-23 MH","op":"BALLARD PETROLEUM HOLDINGS LLC","co":"Campbell","trs":"T42N R74W S11","fm":"MOWRY","eur":320326,"perft":32660,"sound":true}},{"type":"Feature","geometry":{"type":"Point","coordinates":[-105.4969,43.561]},"properties":{"api":"4900577276","name":"NILE 3427-41H","op":"EOG RESOURCES INC","co":"Campbell","trs":"T41N R72W S3","fm":"NIOBRARA","eur":640997,"perft":61445,"sound":true}},{"type":"Feature","geometry":{"type":"Point","coordinates":[-105.4966,43.561]},"properties":{"api":"4900577277","name":"NILE 3427-05H","op":"EOG RESOURCES INC","co":"Campbell","trs":"T41N R72W S3","fm":"FRONTIER/TURNER","eur":271786,"perft":26979,"sound":true}},{"type":"Feature","geometry":{"type":"Point","coordinates":[-105.4964,43.5611]},"properties":{"api":"4900577278","name":"MAPLE 0310-04H","op":"EOG RESOURCES INC","co":"Campbell","trs":"T41N R72W S3","fm":"PARMAN","eur":501907,"perft":51568,"sound":true}},{"type":"Feature","geometry":{"type":"Point","coordinates":[-105.4932,43.5611]},"properties":{"api":"4900577279","name":"NILE 3427-43H","op":"EOG RESOURCES INC","co":"Campbell","trs":"T41N R72W S3","fm":"MOWRY","eur":123820,"perft":12380,"sound":true}},{"type":"Feature","geometry":{"type":"Point","coordinates":[-105.493,43.5611]},"properties":{"api":"4900577280","name":"NILE 3427-44H","op":"EOG RESOURCES INC","co":"Campbell","trs":"T41N R72W S3","fm":"MOWRY","eur":158914,"perft":15251,"sound":true}},{"type":"Feature","geometry":{"type":"Point","coordinates":[-105.5418,43.5594]},"properties":{"api":"4900577296","name":"YUKON 3229-07H","op":"EOG RESOURCES INC","co":"Campbell","trs":"T41N R72W S5","fm":"NIOBRARA","eur":315169,"perft":29708,"sound":true}},{"type":"Feature","geometry":{"type":"Point","coordinates":[-105.6333,43.6939]},"properties":{"api":"4900577297","name":"FINCH 1609-01H","op":"EOG RESOURCES INC","co":"Campbell","trs":"T43N R73W S16","fm":"FRONTIER","eur":null,"perft":null,"sound":false}},{"type":"Feature","geometry":{"type":"Point","coordinates":[-105.6333,43.6938]},"properties":{"api":"4900577298","name":"FINCH 1609-02H","op":"EOG RESOURCES INC","co":"Campbell","trs":"T43N R73W S16","fm":"FRONTIER","eur":null,"perft":null,"sound":false}},{"type":"Feature","geometry":{"type":"Point","coordinates":[-105.6332,43.6937]},"properties":{"api":"4900577299","name":"FINCH 1610-03H","op":"EOG RESOURCES INC","co":"Campbell","trs":"T43N R73W S16","fm":"FRONTIER-TURNER","eur":null,"perft":null,"sound":false}},{"type":"Feature","geometry":{"type":"Point","coordinates":[-105.6331,43.6935]},"properties":{"api":"4900577300","name":"FINCH 1510-04XH","op":"EOG RESOURCES INC","co":"Campbell","trs":"T43N R73W S16","fm":"FRONTIER-TURNER","eur":null,"perft":null,"sound":false}},{"type":"Feature","geometry":{"type":"Point","coordinates":[-105.4848,43.6349]},"properties":{"api":"4900577301","name":"LEAVITT FED 2-10PH","op":"PEAK POWDER RIVER RESOURCES LLC","co":"Campbell","trs":"T42N R72W S10","fm":"PARKMAN","eur":142219,"perft":34511,"sound":true}},{"type":"Feature","geometry":{"type":"Point","coordinates":[-105.4847,43.6349]},"properties":{"api":"4900577302","name":"LEAVITT FED 1-10TH","op":"PEAK POWDER RIVER RESOURCES LLC","co":"Campbell","trs":"T42N R72W S10","fm":"TURNER","eur":19729,"perft":4787,"sound":true}},{"type":"Feature","geometry":{"type":"Point","coordinates":[-105.4846,43.6349]},"properties":{"api":"4900577303","name":"LEAVITT FED 1-10PH","op":"PEAK POWDER RIVER RESOURCES LLC","co":"Campbell","trs":"T42N R72W S10","fm":"PARKMAN","eur":102630,"perft":27581,"sound":true}},{"type":"Feature","geometry":{"type":"Point","coordinates":[-105.5363,43.5604]},"properties":{"api":"4900577373","name":"JUNIPER 0508-07H","op":"EOG RESOURCES INC","co":"Campbell","trs":"T41N R72W S5","fm":"NIOBRARA","eur":423024,"perft":40423,"sound":true}},{"type":"Feature","geometry":{"type":"Point","coordinates":[-105.5358,43.5604]},"properties":{"api":"4900577374","name":"JUNIPER 0508-10H","op":"EOG RESOURCES INC","co":"Campbell","trs":"T41N R72W S5","fm":"NIOBRARA","eur":350631,"perft":33854,"sound":true}},{"type":"Feature","geometry":{"type":"Point","coordinates":[-105.536,43.5604]},"properties":{"api":"4900577375","name":"JUNIPER 0508-09H","op":"EOG RESOURCES INC","co":"Campbell","trs":"T41N R72W S5","fm":"NIOBRARA","eur":119450,"perft":11530,"sound":true}},{"type":"Feature","geometry":{"type":"Point","coordinates":[-105.5361,43.5604]},"properties":{"api":"4900577376","name":"JUNIPER 0508-08H","op":"EOG RESOURCES INC","co":"Campbell","trs":"T41N R72W S5","fm":"NIOBRARA","eur":147298,"perft":14106,"sound":true}},{"type":"Feature","geometry":{"type":"Point","coordinates":[-105.8848,44.5365]},"properties":{"api":"4900577393","name":"Brooks Fed 5375-33-16-10 MDH","op":"ANSCHUTZ EXPLORATION CORPORATION","co":"Campbell","trs":"T53N R75W S33","fm":"MUDDY","eur":null,"perft":null,"sound":false}},{"type":"Feature","geometry":{"type":"Point","coordinates":[-105.5765,43.5642]},"properties":{"api":"4900577406","name":"MORRIS 0112-20H","op":"EOG RESOURCES INC","co":"Campbell","trs":"T42N R73W S36","fm":"TURNER","eur":390085,"perft":40145,"sound":true}},{"type":"Feature","geometry":{"type":"Point","coordinates":[-105.5767,43.5642]},"properties":{"api":"4900577407","name":"MORRIS 0112-19H","op":"EOG RESOURCES INC","co":"Campbell","trs":"T42N R73W S36","fm":"TURNER","eur":295974,"perft":32769,"sound":true}},{"type":"Feature","geometry":{"type":"Point","coordinates":[-105.5768,43.5642]},"properties":{"api":"4900577408","name":"MORRIS 0112-18H","op":"EOG RESOURCES INC","co":"Campbell","trs":"T42N R73W S36","fm":"TUNRER","eur":323037,"perft":32933,"sound":true}},{"type":"Feature","geometry":{"type":"Point","coordinates":[-105.5765,43.5646]},"properties":{"api":"4900577509","name":"MORRIS 0112-06H","op":"EOG RESOURCES INC","co":"Campbell","trs":"T42N R73W S36","fm":"PARKMAN","eur":478606,"perft":45551,"sound":true}},{"type":"Feature","geometry":{"type":"Point","coordinates":[-105.5761,43.5646]},"properties":{"api":"4900577510","name":"MORRIS 0112-07H","op":"EOG RESOURCES INC","co":"Campbell","trs":"T42N R73W S36","fm":"MOWRY","eur":268116,"perft":26304,"sound":true}},{"type":"Feature","geometry":{"type":"Point","coordinates":[-105.2931,43.7952]},"properties":{"api":"4900577571","name":"MERIWETHER 4470-0508-1TH","op":"ROCKIES RESOURCES HOLDINGS LLC","co":"Campbell","trs":"T44N R70W S17","fm":"TURNER","eur":358446,"perft":35472,"sound":true}},{"type":"Feature","geometry":{"type":"Point","coordinates":[-105.7086,43.6187]},"properties":{"api":"4900577573","name":"KT FED  41-14-23 NH","op":"BALLARD PETROLEUM HOLDINGS LLC","co":"Campbell","trs":"T42N R74W S14","fm":"NIOBRARA","eur":null,"perft":null,"sound":false}},{"type":"Feature","geometry":{"type":"Point","coordinates":[-105.7088,43.6189]},"properties":{"api":"4900577574","name":"KT FED 11-13-24 NH","op":"BALLARD PETROLEUM HOLDINGS LLC","co":"Campbell","trs":"T42N R74W S14","fm":"NIOBRARA","eur":470524,"perft":48870,"sound":true}},{"type":"Feature","geometry":{"type":"Point","coordinates":[-105.7084,43.6188]},"properties":{"api":"4900577575","name":"KT FED 41-14-23 TH","op":"BALLARD PETROLEUM HOLDINGS LLC","co":"Campbell","trs":"T42N R74W S14","fm":"TURNER","eur":null,"perft":null,"sound":false}},{"type":"Feature","geometry":{"type":"Point","coordinates":[-105.7087,43.619]},"properties":{"api":"4900577576","name":"KT FED 21-13-24 MH","op":"BALLARD PETROLEUM HOLDINGS LLC","co":"Campbell","trs":"T42N R74W S14","fm":"MOWRY","eur":null,"perft":null,"sound":false}},{"type":"Feature","geometry":{"type":"Point","coordinates":[-105.7087,43.6185]},"properties":{"api":"4900577577","name":"KT FED 31-14-23 MH","op":"BALLARD PETROLEUM HOLDINGS LLC","co":"Campbell","trs":"T42N R74W S14","fm":"MOWRY","eur":232172,"perft":23559,"sound":true}},{"type":"Feature","geometry":{"type":"Point","coordinates":[-105.7085,43.6191]},"properties":{"api":"4900577579","name":"KT FED 21-13-24 NH","op":"BALLARD PETROLEUM HOLDINGS LLC","co":"Campbell","trs":"T42N R74W S14","fm":"MOWRY","eur":439127,"perft":45609,"sound":true}},{"type":"Feature","geometry":{"type":"Point","coordinates":[-105.5417,43.5594]},"properties":{"api":"4900577597","name":"YUKON 3229-08H","op":"EOG RESOURCES INC","co":"Campbell","trs":"T41N R72W S5","fm":"NIOBRARA","eur":173873,"perft":16334,"sound":true}},{"type":"Feature","geometry":{"type":"Point","coordinates":[-105.5415,43.5594]},"properties":{"api":"4900577598","name":"YUKON 3229-09H","op":"EOG RESOURCES INC","co":"Campbell","trs":"T41N R72W S5","fm":"NIOBRARA","eur":356606,"perft":34770,"sound":true}},{"type":"Feature","geometry":{"type":"Point","coordinates":[-105.1392,43.8565]},"properties":{"api":"4900577605","name":"BCFU 45-69-22-15-10 1TH","op":"CENTURY OIL AND GAS LLC","co":"Campbell","trs":"T45N R69W S22","fm":"TURNER","eur":null,"perft":null,"sound":false}},{"type":"Feature","geometry":{"type":"Point","coordinates":[-105.6407,44.0632]},"properties":{"api":"4900577616","name":"GEIS FED 32-9-4-33 SH","op":"BALLARD PETROLEUM HOLDINGS LLC","co":"Campbell","trs":"T47N R73W S9","fm":"SUSSEX","eur":359816,"perft":36626,"sound":true}},{"type":"Feature","geometry":{"type":"Point","coordinates":[-105.4844,43.5654]},"properties":{"api":"4900577619","name":"MAPLE 0310-31H","op":"EOG RESOURCES INC","co":"Campbell","trs":"T42N R72W S34","fm":"PARKMAN","eur":492581,"perft":47809,"sound":true}},{"type":"Feature","geometry":{"type":"Point","coordinates":[-105.4845,43.5654]},"properties":{"api":"4900577620","name":"NILE 3427-30H","op":"EOG RESOURCES INC","co":"Campbell","trs":"T42N R72W S34","fm":"PARKMAN","eur":533616,"perft":55211,"sound":true}},{"type":"Feature","geometry":{"type":"Point","coordinates":[-105.4963,43.5611]},"properties":{"api":"4900577621","name":"NILE 3427-31H","op":"EOG RESOURCES INC","co":"Campbell","trs":"T41N R72W S3","fm":"PARKMAN","eur":793781,"perft":75204,"sound":true}},{"type":"Feature","geometry":{"type":"Point","coordinates":[-105.5774,43.5642]},"properties":{"api":"4900577626","name":"MORRIS 0112-01H","op":"EOG RESOURCES INC","co":"Campbell","trs":"T42N R73W S36","fm":"NIOBRARA","eur":272291,"perft":26596,"sound":true}},{"type":"Feature","geometry":{"type":"Point","coordinates":[-105.5773,43.5642]},"properties":{"api":"4900577627","name":"MORRIS 0112-02H","op":"EOG RESOURCES INC","co":"Campbell","trs":"T42N R73W S36","fm":"NIOBRARA","eur":248109,"perft":23593,"sound":true}},{"type":"Feature","geometry":{"type":"Point","coordinates":[-105.5771,43.5642]},"properties":{"api":"4900577628","name":"MORRIS 0112-03H","op":"EOG RESOURCES INC","co":"Campbell","trs":"T42N R73W S36","fm":"NIOBRARA","eur":266906,"perft":25585,"sound":true}},{"type":"Feature","geometry":{"type":"Point","coordinates":[-105.577,43.5642]},"properties":{"api":"4900577629","name":"MORRIS 0112-04H","op":"EOG RESOURCES INC","co":"Campbell","trs":"T42N R73W S36","fm":"NIOBRARA","eur":419230,"perft":40003,"sound":true}},{"type":"Feature","geometry":{"type":"Point","coordinates":[-105.5924,43.5641]},"properties":{"api":"4900577631","name":"ARAPAHOE 3526-16H","op":"EOG RESOURCES INC","co":"Campbell","trs":"T42N R73W S35","fm":"MOWRY","eur":157996,"perft":15482,"sound":true}},{"type":"Feature","geometry":{"type":"Point","coordinates":[-105.6554,43.7094]},"properties":{"api":"4900577633","name":"BROADHEAD 0805-14H","op":"EOG RESOURCES INC","co":"Campbell","trs":"T43N R73W S8","fm":"MOWRY","eur":236859,"perft":24005,"sound":true}},{"type":"Feature","geometry":{"type":"Point","coordinates":[-105.6555,43.7093]},"properties":{"api":"4900577634","name":"BROADHEAD 0805-15H","op":"EOG RESOURCES INC","co":"Campbell","trs":"T43N R73W S8","fm":"MOWRY","eur":276936,"perft":29142,"sound":true}},{"type":"Feature","geometry":{"type":"Point","coordinates":[-105.6551,43.7095]},"properties":{"api":"4900577635","name":"BROADHEAD 0805-48H","op":"EOG RESOURCES INC","co":"Campbell","trs":"T43N R73W S8","fm":"NIOBRARA","eur":286125,"perft":28284,"sound":true}},{"type":"Feature","geometry":{"type":"Point","coordinates":[-105.6547,43.7095]},"properties":{"api":"4900577636","name":"BROADHEAD 0805-12H","op":"EOG RESOURCES INC","co":"Campbell","trs":"T43N R73W S8","fm":"MOWRY","eur":410621,"perft":41215,"sound":true}},{"type":"Feature","geometry":{"type":"Point","coordinates":[-105.6792,43.7094]},"properties":{"api":"4900577639","name":"SANDPIPER 0706-09H","op":null,"co":"Campbell","trs":"T43N R73W S7","fm":"MOWRY","eur":441854,"perft":42319,"sound":true}},{"type":"Feature","geometry":{"type":"Point","coordinates":[-105.679,43.7094]},"properties":{"api":"4900577640","name":"SANDPIPER 0706-10H","op":null,"co":"Campbell","trs":"T43N R73W S7","fm":"MOWRY","eur":144334,"perft":13968,"sound":true}},{"type":"Feature","geometry":{"type":"Point","coordinates":[-105.6789,43.7094]},"properties":{"api":"4900577641","name":"SANDPIPER 0706-11H","op":null,"co":"Campbell","trs":"T43N R73W S7","fm":"MOWRY","eur":null,"perft":null,"sound":false}},{"type":"Feature","geometry":{"type":"Point","coordinates":[-105.6787,43.7094]},"properties":{"api":"4900577642","name":"SANDPIPER 0706-12H","op":"EOG RESOURCES INC","co":"Campbell","trs":"T43N R73W S7","fm":"MOWRY","eur":612482,"perft":58560,"sound":true}},{"type":"Feature","geometry":{"type":"Point","coordinates":[-105.4816,43.5601]},"properties":{"api":"4900577647","name":"HUDSON 3526-20H","op":"EOG RESOURCES INC","co":"Campbell","trs":"T41N R72W S2","fm":"PARKMAN","eur":536898,"perft":48659,"sound":true}},{"type":"Feature","geometry":{"type":"Point","coordinates":[-105.4813,43.5601]},"properties":{"api":"4900577648","name":"HUDSON 3526-17H","op":"EOG RESOURCES INC","co":"Campbell","trs":"T41N R72W S2","fm":"PARKMAN","eur":425422,"perft":36426,"sound":true}},{"type":"Feature","geometry":{"type":"Point","coordinates":[-105.4822,43.5601]},"properties":{"api":"4900577649","name":"HUDSON 3526-18H","op":"EOG RESOURCES INC","co":"Campbell","trs":"T41N R72W S2","fm":"FRONTIER-TURNER","eur":184040,"perft":17019,"sound":true}},{"type":"Feature","geometry":{"type":"Point","coordinates":[-105.4814,43.5601]},"properties":{"api":"4900577652","name":"WALNUT 0211-20H","op":"EOG RESOURCES INC","co":"Campbell","trs":"T41N R72W S2","fm":"PARKMAN","eur":554843,"perft":61302,"sound":true}},{"type":"Feature","geometry":{"type":"Point","coordinates":[-105.7104,43.7924]},"properties":{"api":"4900577662","name":"Sculpin 1102-08H","op":"EOG RESOURCES INC","co":"Campbell","trs":"T44N R74W S14","fm":"NIOBRARA","eur":null,"perft":null,"sound":false}},{"type":"Feature","geometry":{"type":"Point","coordinates":[-105.2581,43.7968]},"properties":{"api":"4900577665","name":"RINGER 4470-0409-1TH","op":"EMEP II OPERATING LLC","co":"Campbell","trs":"T44N R70W S10","fm":"TURNER","eur":271084,"perft":26827,"sound":true}},{"type":"Feature","geometry":{"type":"Point","coordinates":[-105.4581,43.5037]},"properties":{"api":"4900577668","name":"DOGWOOD 2536-20H","op":"EOG RESOURCES INC","co":"Campbell","trs":"T41N R72W S25","fm":"PARKMAN","eur":365377,"perft":37128,"sound":true}},{"type":"Feature","geometry":{"type":"Point","coordinates":[-105.4579,43.5037]},"properties":{"api":"4900577669","name":"DOGWOOD 2536-21H","op":"EOG RESOURCES INC","co":"Campbell","trs":"T41N R72W S25","fm":"PARKMAN","eur":470701,"perft":46097,"sound":true}},{"type":"Feature","geometry":{"type":"Point","coordinates":[-105.7106,43.7924]},"properties":{"api":"4900577689","name":"CUTTHROAT 1324-29H","op":"EOG RESOURCES INC","co":"Campbell","trs":"T44N R74W S14","fm":"MOWRY","eur":688490,"perft":67605,"sound":true}},{"type":"Feature","geometry":{"type":"Point","coordinates":[-105.6786,43.7094]},"properties":{"api":"4900577690","name":"SANDPIPER 0706-01H","op":null,"co":"Campbell","trs":"T43N R73W S7","fm":"NIOBRARA","eur":150599,"perft":15574,"sound":true}},{"type":"Feature","geometry":{"type":"Point","coordinates":[-105.5549,43.56]},"properties":{"api":"4900577695","name":"BIRCH 0607-12H","op":"EOG RESOURCES INC","co":"Campbell","trs":"T41N R72W S6","fm":"MOWRY","eur":147231,"perft":14596,"sound":true}},{"type":"Feature","geometry":{"type":"Point","coordinates":[-105.4659,43.5631]},"properties":{"api":"4900577697","name":"HUDSON 3526-48H","op":"EOG RESOURCES INC","co":"Campbell","trs":"T41N R72W S2","fm":"NIOBRARA","eur":437099,"perft":41860,"sound":true}},{"type":"Feature","geometry":{"type":"Point","coordinates":[-105.5926,43.5637]},"properties":{"api":"4900577700","name":"REYES 0211-08H","op":"EOG RESOURCES INC","co":"Campbell","trs":"T42N R73W S35","fm":null,"eur":null,"perft":null,"sound":false}},{"type":"Feature","geometry":{"type":"Point","coordinates":[-105.4813,43.5605]},"properties":{"api":"4900577702","name":"HUDSON 3526-03H","op":"EOG RESOURCES INC","co":"Campbell","trs":"T41N R72W S2","fm":"NIOBRARA","eur":470112,"perft":45308,"sound":true}},{"type":"Feature","geometry":{"type":"Point","coordinates":[-105.4811,43.5605]},"properties":{"api":"4900577703","name":"HUDSON 3526-04H","op":"EOG RESOURCES INC","co":"Campbell","trs":"T41N R72W S2","fm":"NIOBRARA","eur":332299,"perft":31881,"sound":true}},{"type":"Feature","geometry":{"type":"Point","coordinates":[-105.5929,43.5637]},"properties":{"api":"4900577705","name":"Reyes 0211-05H","op":"EOG RESOURCES INC","co":"Campbell","trs":"T42N R73W S35","fm":null,"eur":null,"perft":null,"sound":false}},{"type":"Feature","geometry":{"type":"Point","coordinates":[-105.5928,43.5637]},"properties":{"api":"4900577706","name":"Reyes 0211-06H","op":"EOG RESOURCES INC","co":"Campbell","trs":"T42N R73W S35","fm":null,"eur":null,"perft":null,"sound":false}},{"type":"Feature","geometry":{"type":"Point","coordinates":[-105.5927,43.5637]},"properties":{"api":"4900577707","name":"Reyes 0211-07H","op":"EOG RESOURCES INC","co":"Campbell","trs":"T42N R73W S35","fm":null,"eur":null,"perft":null,"sound":false}},{"type":"Feature","geometry":{"type":"Point","coordinates":[-105.4658,43.5631]},"properties":{"api":"4900577708","name":"HUDSON 3526-25H","op":"EOG RESOURCES INC","co":"Campbell","trs":"T41N R72W S2","fm":"PARKMAN","eur":252739,"perft":25276,"sound":true}},{"type":"Feature","geometry":{"type":"Point","coordinates":[-105.5764,43.5646]},"properties":{"api":"4900577709","name":"IDLEWILD 3625-05H","op":"EOG RESOURCES INC","co":"Campbell","trs":"T42N R73W S36","fm":"PARKMAN","eur":337453,"perft":34455,"sound":true}},{"type":"Feature","geometry":{"type":"Point","coordinates":[-105.576,43.5646]},"properties":{"api":"4900577712","name":"IDLEWILD 3625-08H","op":"EOG RESOURCES INC","co":"Campbell","trs":"T42N R73W S36","fm":"MOWRY","eur":134452,"perft":15829,"sound":true}},{"type":"Feature","geometry":{"type":"Point","coordinates":[-105.6498,43.5638]},"properties":{"api":"4900577716","name":"Geneva 3229-05H","op":"EOG RESOURCES INC","co":"Campbell","trs":"T42N R73W S32","fm":"NIOBRARA","eur":483249,"perft":48291,"sound":true}},{"type":"Feature","geometry":{"type":"Point","coordinates":[-105.6497,43.5638]},"properties":{"api":"4900577717","name":"Geneva 3229-06H","op":"EOG RESOURCES INC","co":"Campbell","trs":"T42N R73W S32","fm":"NIOBRARA","eur":591147,"perft":59233,"sound":true}},{"type":"Feature","geometry":{"type":"Point","coordinates":[-105.5209,43.5578]},"properties":{"api":"4900577722","name":"HEMLOCK 0409-03H","op":"EOG RESOURCES INC","co":"Campbell","trs":"T41N R72W S4","fm":"MOWRY","eur":70327,"perft":7946,"sound":true}},{"type":"Feature","geometry":{"type":"Point","coordinates":[-105.5208,43.5578]},"properties":{"api":"4900577723","name":"HEMLOCK 0409-04H","op":"EOG RESOURCES INC","co":"Campbell","trs":"T41N R72W S4","fm":"MOWRY","eur":94950,"perft":10702,"sound":true}},{"type":"Feature","geometry":{"type":"Point","coordinates":[-105.6131,43.5622]},"properties":{"api":"4900577724","name":"CADENA 0310-06H","op":"EOG RESOURCES INC","co":"Campbell","trs":"T42N R73W S34","fm":"MOWRY","eur":94246,"perft":9600,"sound":true}},{"type":"Feature","geometry":{"type":"Point","coordinates":[-105.613,43.5622]},"properties":{"api":"4900577725","name":"CADENA 0310-07H","op":"EOG RESOURCES INC","co":"Campbell","trs":"T42N R73W S34","fm":"MOWRY","eur":79282,"perft":61190,"sound":true}},{"type":"Feature","geometry":{"type":"Point","coordinates":[-105.5551,43.56]},"properties":{"api":"4900577731","name":"BIRCH 0607-02H","op":"EOG RESOURCES INC","co":"Campbell","trs":"T41N R72W S6","fm":"MOWRY","eur":154845,"perft":15406,"sound":true}},{"type":"Feature","geometry":{"type":"Point","coordinates":[-105.5548,43.56]},"properties":{"api":"4900577732","name":"BIRCH 0607-03H","op":"EOG RESOURCES INC","co":"Campbell","trs":"T41N R72W S6","fm":"MOWRY","eur":191572,"perft":19058,"sound":true}},{"type":"Feature","geometry":{"type":"Point","coordinates":[-105.5546,43.56]},"properties":{"api":"4900577733","name":"BIRCH 0607-04H","op":"EOG RESOURCES INC","co":"Campbell","trs":"T41N R72W S6","fm":"MOWRY","eur":177598,"perft":17636,"sound":true}},{"type":"Feature","geometry":{"type":"Point","coordinates":[-105.4661,43.5632]},"properties":{"api":"4900577737","name":"HUDSON 3526-47H","op":"EOG RESOURCES INC","co":"Campbell","trs":"T41N R72W S2","fm":"NIOBRARA","eur":625259,"perft":60847,"sound":true}},{"type":"Feature","geometry":{"type":"Point","coordinates":[-105.6284,43.5635]},"properties":{"api":"4900577744","name":"STEVENSON 0409-15H","op":"EOG RESOURCES INC","co":"Campbell","trs":"T42N R73W S33","fm":"MOWRY","eur":131595,"perft":13038,"sound":true}},{"type":"Feature","geometry":{"type":"Point","coordinates":[-105.6286,43.5635]},"properties":{"api":"4900577745","name":"STEVENSON 0409-14H","op":"EOG RESOURCES INC","co":"Campbell","trs":"T42N R73W S33","fm":"MOWRY","eur":296054,"perft":29514,"sound":true}},{"type":"Feature","geometry":{"type":"Point","coordinates":[-105.6283,43.5635]},"properties":{"api":"4900577750","name":"STEVENSON 0409-16H","op":"EOG RESOURCES INC","co":"Campbell","trs":"T42N R73W S33","fm":"MOWRY","eur":92139,"perft":8997,"sound":true}},{"type":"Feature","geometry":{"type":"Point","coordinates":[-105.672,43.7111]},"properties":{"api":"4900577786","name":"TANAGER 0705-18H","op":"EOG RESOURCES INC","co":"Campbell","trs":"T43N R73W S7","fm":"FRONTIER-TURNER","eur":470303,"perft":45387,"sound":true}},{"type":"Feature","geometry":{"type":"Point","coordinates":[-105.6361,43.6529]},"properties":{"api":"4900577808","name":"GROVES FED 13-33-28 TH","op":"BALLARD PETROLEUM HOLDINGS LLC","co":"Campbell","trs":"T43N R73W S33","fm":"TURNER","eur":655306,"perft":84284,"sound":true}},{"type":"Feature","geometry":{"type":"Point","coordinates":[-105.6359,43.6528]},"properties":{"api":"4900577809","name":"GROVES FED 33-33-28 TH","op":"BALLARD PETROLEUM HOLDINGS LLC","co":"Campbell","trs":"T43N R73W S33","fm":"TURNER","eur":337092,"perft":42492,"sound":true}},{"type":"Feature","geometry":{"type":"Point","coordinates":[-105.5544,43.56]},"properties":{"api":"4900577810","name":"BIRCH 0607-09H","op":"EOG RESOURCES INC","co":"Campbell","trs":"T41N R72W S6","fm":"PARKMAN","eur":390408,"perft":39680,"sound":true}},{"type":"Feature","geometry":{"type":"Point","coordinates":[-105.5543,43.56]},"properties":{"api":"4900577811","name":"BIRCH 0607-10H","op":"EOG RESOURCES INC","co":"Campbell","trs":"T41N R72W S6","fm":"PARKMAN","eur":250474,"perft":25559,"sound":true}},{"type":"Feature","geometry":{"type":"Point","coordinates":[-105.6718,43.7114]},"properties":{"api":"4900577940","name":"TANAGER 0705-19H","op":"EOG RESOURCES INC","co":"Campbell","trs":"T43N R73W S7","fm":"FRONTIER-TUNER","eur":277394,"perft":26054,"sound":true}},{"type":"Feature","geometry":{"type":"Point","coordinates":[-105.2671,43.7971]},"properties":{"api":"4900577947","name":"Gunslinger 4470-1621-2TH","op":"EMEP II OPERATING LLC","co":"Campbell","trs":"T44N R70W S9","fm":"TURNER","eur":257790,"perft":25111,"sound":true}},{"type":"Feature","geometry":{"type":"Point","coordinates":[-105.2676,43.7971]},"properties":{"api":"4900577948","name":"Gunslinger 4470-1621-1TH","op":"EMEP II OPERATING LLC","co":"Campbell","trs":"T44N R70W S9","fm":"TURNER","eur":288754,"perft":27329,"sound":true}},{"type":"Feature","geometry":{"type":"Point","coordinates":[-105.5015,43.6003]},"properties":{"api":"4900577951","name":"STODDARD FED 13-22-23 PH","op":"BALLARD PETROLEUM HOLDINGS LLC","co":"Campbell","trs":"T42N R72W S22","fm":"PARKMAN","eur":221882,"perft":23103,"sound":true}},{"type":"Feature","geometry":{"type":"Point","coordinates":[-105.4812,43.5601]},"properties":{"api":"4900577967","name":"HUDSON 3526-12H","op":"EOG RESOURCES INC","co":"Campbell","trs":"T41N R72W S2","fm":"MOWRY","eur":169446,"perft":15365,"sound":true}},{"type":"Feature","geometry":{"type":"Point","coordinates":[-105.4821,43.5601]},"properties":{"api":"4900577968","name":"HUDSON 3526-10H","op":"EOG RESOURCES INC","co":"Campbell","trs":"T41N R72W S2","fm":"MOWRY","eur":151923,"perft":14726,"sound":true}},{"type":"Feature","geometry":{"type":"Point","coordinates":[-105.4819,43.5601]},"properties":{"api":"4900577969","name":"HUDSON 3526-11H","op":"EOG RESOURCES INC","co":"Campbell","trs":"T41N R72W S2","fm":"MOWRY","eur":129698,"perft":12759,"sound":true}},{"type":"Feature","geometry":{"type":"Point","coordinates":[-105.7037,43.5593]},"properties":{"api":"4900577975","name":"ROLLINS 0112-01H","op":"EOG RESOURCES INC","co":"Campbell","trs":"T41N R74W S1","fm":"NIOBRARA","eur":null,"perft":null,"sound":false}},{"type":"Feature","geometry":{"type":"Point","coordinates":[-105.6756,43.6477]},"properties":{"api":"4900577981","name":"LEAVITT TRUST FED 24-31-30 TH","op":"BALLARD PETROLEUM HOLDINGS LLC","co":"Campbell","trs":"T42N R73W S6","fm":"TURNER","eur":688899,"perft":68725,"sound":true}},{"type":"Feature","geometry":{"type":"Point","coordinates":[-105.6688,44.0945]},"properties":{"api":"4900577982","name":"GDU FED 12-32-28 PH","op":"BALLARD PETROLEUM HOLDINGS LLC","co":"Campbell","trs":"T48N R73W S32","fm":"PARKMAN","eur":408446,"perft":38752,"sound":true}},{"type":"Feature","geometry":{"type":"Point","coordinates":[-105.432,43.652]},"properties":{"api":"4900577983","name":"ROSS FED 4371-31-7-16E NH","op":"ANSCHUTZ EXPLORATION CORPORATION","co":"Campbell","trs":"T43N R71W S31","fm":"NIOBRARA","eur":418439,"perft":40637,"sound":true}},{"type":"Feature","geometry":{"type":"Point","coordinates":[-105.4379,43.6522]},"properties":{"api":"4900577984","name":"CHOPPER FED 4371-31-7-13W NH","op":"ANSCHUTZ EXPLORATION CORPORATION","co":"Campbell","trs":"T43N R71W S31","fm":"NIOBRARA","eur":588196,"perft":57808,"sound":true}},{"type":"Feature","geometry":{"type":"Point","coordinates":[-105.4379,43.6522]},"properties":{"api":"4900577985","name":"CHOPPER FED 4371-31-7-14 TH","op":"ANSCHUTZ EXPLORATION CORPORATION","co":"Campbell","trs":"T43N R71W S31","fm":"TURNER","eur":43872,"perft":4355,"sound":true}},{"type":"Feature","geometry":{"type":"Point","coordinates":[-105.5189,43.62]},"properties":{"api":"4900577996","name":"LEAVITT FED 2-9-4TH","op":"PEAK POWDER RIVER RESOURCES LLC","co":"Campbell","trs":"T42N R72W S16","fm":"TURNER","eur":157659,"perft":15831,"sound":true}},{"type":"Feature","geometry":{"type":"Point","coordinates":[-105.5189,43.6202]},"properties":{"api":"4900577997","name":"LEAVITT FED 2-9-4NH","op":"PEAK POWDER RIVER RESOURCES LLC","co":"Campbell","trs":"T42N R72W S16","fm":"NIOBRARA","eur":174624,"perft":17534,"sound":true}},{"type":"Feature","geometry":{"type":"Point","coordinates":[-105.5189,43.6201]},"properties":{"api":"4900577998","name":"LEAVITT FED 4-9-4NH","op":"PEAK POWDER RIVER RESOURCES LLC","co":"Campbell","trs":"T42N R72W S16","fm":"NIOBRARA","eur":194406,"perft":19921,"sound":true}},{"type":"Feature","geometry":{"type":"Point","coordinates":[-105.4547,43.565]},"properties":{"api":"4900577999","name":"RHINE 3625-21H","op":"EOG RESOURCES INC","co":"Campbell","trs":"T42N R72W S36","fm":"PARKMAN","eur":394517,"perft":40828,"sound":true}},{"type":"Feature","geometry":{"type":"Point","coordinates":[-105.4548,43.565]},"properties":{"api":"4900578000","name":"RHINE 3625-20H","op":"EOG RESOURCES INC","co":"Campbell","trs":"T42N R72W S36","fm":"PARKMAN","eur":297242,"perft":30061,"sound":true}},{"type":"Feature","geometry":{"type":"Point","coordinates":[-105.454,43.565]},"properties":{"api":"4900578001","name":"RHINE 3625-02H","op":"EOG RESOURCES INC","co":"Campbell","trs":"T42N R72W S36","fm":"NIOBRARA","eur":409650,"perft":39462,"sound":true}},{"type":"Feature","geometry":{"type":"Point","coordinates":[-105.4539,43.565]},"properties":{"api":"4900578002","name":"RHINE 3625-01H","op":"EOG RESOURCES INC","co":"Campbell","trs":"T42N R72W S36","fm":"NIOBRARA","eur":454066,"perft":44481,"sound":true}},{"type":"Feature","geometry":{"type":"Point","coordinates":[-105.4544,43.565]},"properties":{"api":"4900578003","name":"REDWOOD 0112-20H","op":"EOG RESOURCES INC","co":"Campbell","trs":"T42N R72W S36","fm":"PARKMAN","eur":376694,"perft":36385,"sound":true}},{"type":"Feature","geometry":{"type":"Point","coordinates":[-105.4542,43.565]},"properties":{"api":"4900578005","name":"REDWOOD 0112-21H","op":"EOG RESOURCES INC","co":"Campbell","trs":"T42N R72W S36","fm":"PARKMAN","eur":414862,"perft":41544,"sound":true}},{"type":"Feature","geometry":{"type":"Point","coordinates":[-105.4341,43.5653]},"properties":{"api":"4900578007","name":"CAMARO 0607-02H","op":"EOG RESOURCES INC","co":"Campbell","trs":"T42N R71W S31","fm":"NIOBRARA","eur":361540,"perft":35365,"sound":true}},{"type":"Feature","geometry":{"type":"Point","coordinates":[-105.434,43.5653]},"properties":{"api":"4900578008","name":"CAMARO 0607-03H","op":"EOG RESOURCES INC","co":"Campbell","trs":"T42N R71W S31","fm":"NIOBRARA","eur":366144,"perft":35441,"sound":true}},{"type":"Feature","geometry":{"type":"Point","coordinates":[-105.4345,43.5649]},"properties":{"api":"4900578010","name":"JUPITER 3130-02H","op":"EOG RESOURCES INC","co":"Campbell","trs":"T42N R71W S31","fm":"NIOBRARA","eur":451410,"perft":43501,"sound":true}},{"type":"Feature","geometry":{"type":"Point","coordinates":[-105.4343,43.5649]},"properties":{"api":"4900578011","name":"JUPITER 3130-03H","op":"EOG RESOURCES INC","co":"Campbell","trs":"T42N R71W S31","fm":"NIOBRARA","eur":401056,"perft":39906,"sound":true}},{"type":"Feature","geometry":{"type":"Point","coordinates":[-105.3881,43.795]},"properties":{"api":"4900578015","name":"STATE 4471-16-2H","op":"EMEP II OPERATING LLC","co":"Campbell","trs":"T44N R71W S16","fm":"TURNER","eur":208427,"perft":41828,"sound":true}},{"type":"Feature","geometry":{"type":"Point","coordinates":[-105.4194,43.6206]},"properties":{"api":"4900578016","name":"SMOKEY FED 4271-17-20-13 TH","op":"ANSCHUTZ EXPLORATION CORPORATION","co":"Campbell","trs":"T42N R71W S17","fm":"TURNER","eur":53556,"perft":4809,"sound":true}},{"type":"Feature","geometry":{"type":"Point","coordinates":[-105.423,43.7661]},"properties":{"api":"4900578017","name":"BILLBOARD 4471-1720-1PH","op":"ROCKIES RESOURCES HOLDINGS LLC","co":"Campbell","trs":"T44N R71W S30","fm":"PARKMAN","eur":375258,"perft":36352,"sound":true}},{"type":"Feature","geometry":{"type":"Point","coordinates":[-105.4232,43.7661]},"properties":{"api":"4900578018","name":"CRESTA 4471-1819-1PH","op":"ROCKIES RESOURCES HOLDINGS LLC","co":"Campbell","trs":"T44N R71W S30","fm":"PARKMAN","eur":622679,"perft":60279,"sound":true}},{"type":"Feature","geometry":{"type":"Point","coordinates":[-105.5497,43.5346]},"properties":{"api":"4900578026","name":"OAK 1819-17H","op":"EOG RESOURCES INC","co":"Campbell","trs":"T41N R72W S7","fm":"FRONTIER-TURNER","eur":260570,"perft":25581,"sound":true}},{"type":"Feature","geometry":{"type":"Point","coordinates":[-105.5499,43.5346]},"properties":{"api":"4900578027","name":"OAK 1819-18H","op":"EOG RESOURCES INC","co":"Campbell","trs":"T41N R72W S7","fm":"FRONTIER-TURNER","eur":247464,"perft":24122,"sound":true}},{"type":"Feature","geometry":{"type":"Point","coordinates":[-105.55,43.5346]},"properties":{"api":"4900578028","name":"OAK 1819-20H","op":"EOG RESOURCES INC","co":"Campbell","trs":"T41N R72W S7","fm":"PARKMAN","eur":475944,"perft":50898,"sound":true}},{"type":"Feature","geometry":{"type":"Point","coordinates":[-105.4575,43.5037]},"properties":{"api":"4900578030","name":"DOGWOOD 2536-22H","op":"EOG RESOURCES INC","co":"Campbell","trs":"T41N R72W S25","fm":"TURNER","eur":440253,"perft":44919,"sound":true}},{"type":"Feature","geometry":{"type":"Point","coordinates":[-105.6479,44.0525]},"properties":{"api":"4900578031","name":"Geer Fed  42-17-18 PH","op":"BALLARD PETROLEUM HOLDINGS LLC","co":"Campbell","trs":"T47N R73W S16","fm":"PARKMAN","eur":197233,"perft":23458,"sound":true}},{"type":"Feature","geometry":{"type":"Point","coordinates":[-105.4541,43.5654]},"properties":{"api":"4900578032","name":"RHINE 3625-03H","op":"EOG RESOURCES INC","co":"Campbell","trs":"T42N R72W S36","fm":"NIOBRARA","eur":null,"perft":null,"sound":false}},{"type":"Feature","geometry":{"type":"Point","coordinates":[-105.6214,43.5604]},"properties":{"api":"4900578044","name":"STEAMBOAT 3427-09H","op":"EOG RESOURCES INC","co":"Campbell","trs":"T41N R73W S3","fm":"MOWRY","eur":151002,"perft":15093,"sound":true}},{"type":"Feature","geometry":{"type":"Point","coordinates":[-105.4105,43.7973]},"properties":{"api":"4900578064","name":"BOBCAT 4471-1720-1PH","op":"EMEP II OPERATING LLC","co":"Campbell","trs":"T44N R71W S8","fm":"PARKMAN","eur":278336,"perft":27149,"sound":true}},{"type":"Feature","geometry":{"type":"Point","coordinates":[-105.4103,43.7973]},"properties":{"api":"4900578065","name":"EAGLE 4471-0508-1PH","op":"EMEP II OPERATING LLC","co":"Campbell","trs":"T44N R71W S8","fm":"PARKMAN","eur":344021,"perft":34381,"sound":true}},{"type":"Feature","geometry":{"type":"Point","coordinates":[-105.4385,43.7954]},"properties":{"api":"4900578066","name":"HARRIER 4471-1819-1PH","op":"EMEP II OPERATING LLC","co":"Campbell","trs":"T44N R71W S18","fm":"PARKMAN","eur":578534,"perft":58824,"sound":true}},{"type":"Feature","geometry":{"type":"Point","coordinates":[-105.4387,43.7955]},"properties":{"api":"4900578068","name":"Highline 4471-1819-1TH","op":"EMEP II OPERATING LLC","co":"Campbell","trs":"T44N R71W S18","fm":"TURNER","eur":709502,"perft":71214,"sound":true}},{"type":"Feature","geometry":{"type":"Point","coordinates":[-105.5339,43.5604]},"properties":{"api":"4900578071","name":"Juniper 0508-23H","op":"EOG RESOURCES INC","co":"Campbell","trs":"T41N R72W S5","fm":"MOWRY","eur":166548,"perft":16878,"sound":true}},{"type":"Feature","geometry":{"type":"Point","coordinates":[-105.5338,43.5604]},"properties":{"api":"4900578072","name":"Juniper 0508-24H","op":"EOG RESOURCES INC","co":"Campbell","trs":"T41N R72W S5","fm":"MOWRY","eur":126018,"perft":12344,"sound":true}},{"type":"Feature","geometry":{"type":"Point","coordinates":[-105.4544,43.5654]},"properties":{"api":"4900578074","name":"REDWOOD 0112-03H","op":"EOG RESOURCES INC","co":"Campbell","trs":"T42N R72W S36","fm":null,"eur":null,"perft":null,"sound":false}},{"type":"Feature","geometry":{"type":"Point","coordinates":[-105.4543,43.5654]},"properties":{"api":"4900578075","name":"REDWOOD 0112-04H","op":"EOG RESOURCES INC","co":"Campbell","trs":"T42N R72W S36","fm":null,"eur":null,"perft":null,"sound":false}},{"type":"Feature","geometry":{"type":"Point","coordinates":[-105.4539,43.5654]},"properties":{"api":"4900578083","name":"RHINE 3625-04H","op":"EOG RESOURCES INC","co":"Campbell","trs":"T42N R72W S36","fm":"NIOBRARA","eur":567467,"perft":54727,"sound":true}},{"type":"Feature","geometry":{"type":"Point","coordinates":[-105.4542,43.5654]},"properties":{"api":"4900578086","name":"Redwood 0112-19H","op":"EOG RESOURCES INC","co":"Campbell","trs":"T42N R72W S36","fm":null,"eur":null,"perft":null,"sound":false}},{"type":"Feature","geometry":{"type":"Point","coordinates":[-105.4348,43.5649]},"properties":{"api":"4900578100","name":"CAMARO 0607-20H","op":"EOG RESOURCES INC","co":"Campbell","trs":"T42N R71W S31","fm":"PARKMAN","eur":270756,"perft":25754,"sound":true}},{"type":"Feature","geometry":{"type":"Point","coordinates":[-105.4346,43.5649]},"properties":{"api":"4900578101","name":"CAMARO 0607-21H","op":"EOG RESOURCES INC","co":"Campbell","trs":"T42N R71W S31","fm":"PARKMAN","eur":207585,"perft":19770,"sound":true}},{"type":"Feature","geometry":{"type":"Point","coordinates":[-105.4342,43.5649]},"properties":{"api":"4900578102","name":"JUPITER 3130-04H","op":"EOG RESOURCES INC","co":"Campbell","trs":"T42N R71W S31","fm":"NIOBRARA","eur":454961,"perft":43759,"sound":true}},{"type":"Feature","geometry":{"type":"Point","coordinates":[-105.4351,43.5649]},"properties":{"api":"4900578107","name":"JUPITER 3130-20H","op":"EOG RESOURCES INC","co":"Campbell","trs":"T42N R71W S31","fm":"PARKMAN","eur":269444,"perft":27385,"sound":true}},{"type":"Feature","geometry":{"type":"Point","coordinates":[-105.4349,43.5649]},"properties":{"api":"4900578108","name":"JUPITER 3130-21H","op":"EOG RESOURCES INC","co":"Campbell","trs":"T42N R71W S31","fm":"PARKMAN","eur":236660,"perft":24601,"sound":true}},{"type":"Feature","geometry":{"type":"Point","coordinates":[-105.5927,43.5641]},"properties":{"api":"4900578136","name":"ARAPAHOE 3526-14H","op":"EOG RESOURCES INC","co":"Campbell","trs":"T42N R73W S35","fm":"MOWRY","eur":107335,"perft":13528,"sound":true}},{"type":"Feature","geometry":{"type":"Point","coordinates":[-105.5926,43.5641]},"properties":{"api":"4900578137","name":"ARAPAHOE 3526-15H","op":"EOG RESOURCES INC","co":"Campbell","trs":"T42N R73W S35","fm":"MOWRY","eur":null,"perft":null,"sound":false}},{"type":"Feature","geometry":{"type":"Point","coordinates":[-105.5928,43.5641]},"properties":{"api":"4900578140","name":"ARAPAHOE 3526-13H","op":"EOG RESOURCES INC","co":"Campbell","trs":"T42N R73W S35","fm":"MOWRY","eur":227185,"perft":22339,"sound":true}},{"type":"Feature","geometry":{"type":"Point","coordinates":[-105.5967,43.6057]},"properties":{"api":"4900578148","name":"DILTS FED 34-14-11 PH","op":"BALLARD PETROLEUM HOLDINGS LLC","co":"Campbell","trs":"T42N R73W S14","fm":"PARKMAN","eur":277164,"perft":28424,"sound":true}},{"type":"Feature","geometry":{"type":"Point","coordinates":[-105.5969,43.6058]},"properties":{"api":"4900578149","name":"DILTS FED 14-14-11 PH","op":"BALLARD PETROLEUM HOLDINGS LLC","co":"Campbell","trs":"T42N R73W S14","fm":"PARKMAN","eur":304996,"perft":32446,"sound":true}},{"type":"Feature","geometry":{"type":"Point","coordinates":[-105.3274,43.7853]},"properties":{"api":"4900578151","name":"CASTLE 24-25-2H","op":"EMEP II OPERATING LLC","co":"Campbell","trs":"T44N R71W S13","fm":"TURNER","eur":240607,"perft":24058,"sound":true}},{"type":"Feature","geometry":{"type":"Point","coordinates":[-105.3272,43.7854]},"properties":{"api":"4900578152","name":"CASTLE 24-25-3H","op":"EMEP II OPERATING LLC","co":"Campbell","trs":"T44N R71W S13","fm":"TURNER","eur":345244,"perft":35122,"sound":true}},{"type":"Feature","geometry":{"type":"Point","coordinates":[-105.6814,44.0717]},"properties":{"api":"4900578153","name":"ROHDE FED 11-7-12-11 PH","op":"BALLARD PETROLEUM HOLDINGS LLC","co":"Campbell","trs":"T47N R73W S7","fm":"PARKMAN","eur":197276,"perft":18266,"sound":true}},{"type":"Feature","geometry":{"type":"Point","coordinates":[-105.7152,44.0717]},"properties":{"api":"4900578155","name":"HAYDEN FED 34-2-35 PH","op":"BALLARD PETROLEUM HOLDINGS LLC","co":"Campbell","trs":"T47N R74W S11","fm":"PARKMAN","eur":263132,"perft":26913,"sound":true}},{"type":"Feature","geometry":{"type":"Point","coordinates":[-105.4705,43.736]},"properties":{"api":"4900578158","name":"ARK LAND FEDERAL 02-144372-5XNH","op":"DEVON ENERGY PRODUCTION COMPANY LP","co":"Campbell","trs":"T43N R72W S2","fm":"NIOBRARA","eur":555906,"perft":35941,"sound":true}},{"type":"Feature","geometry":{"type":"Point","coordinates":[-105.4659,43.7811]},"properties":{"api":"4900578159","name":"DURHAM RANCHES FED 14-024472-5XNH","op":"DEVON ENERGY PRODUCTION COMPANY LP","co":"Campbell","trs":"T44N R72W S23","fm":"NIOBRARA","eur":491935,"perft":43837,"sound":true}},{"type":"Feature","geometry":{"type":"Point","coordinates":[-105.3858,43.5886]},"properties":{"api":"4900578160","name":"POOCH FED 4271-28-26-1N NH","op":"ANSCHUTZ EXPLORATION CORPORATION","co":"Campbell","trs":"T42N R71W S28","fm":"NIOBRARA","eur":316929,"perft":31485,"sound":true}},{"type":"Feature","geometry":{"type":"Point","coordinates":[-105.3858,43.5885]},"properties":{"api":"4900578162","name":"POOCH FED 4271-28-26-8 TH","op":"ANSCHUTZ EXPLORATION CORPORATION","co":"Campbell","trs":"T42N R71W S28","fm":"TURNER","eur":null,"perft":null,"sound":false}},{"type":"Feature","geometry":{"type":"Point","coordinates":[-105.3858,43.5886]},"properties":{"api":"4900578163","name":"POOCH FED 4271-28-26-8N NH","op":"ANSCHUTZ EXPLORATION CORPORATION","co":"Campbell","trs":"T42N R71W S28","fm":"NIOBRARA","eur":242110,"perft":23914,"sound":true}},{"type":"Feature","geometry":{"type":"Point","coordinates":[-105.3858,43.5885]},"properties":{"api":"4900578164","name":"POOCH FED 4271-28-26-8S NH","op":"ANSCHUTZ EXPLORATION CORPORATION","co":"Campbell","trs":"T42N R71W S28","fm":"NIOBRARA","eur":268242,"perft":26632,"sound":true}},{"type":"Feature","geometry":{"type":"Point","coordinates":[-105.5189,43.6199]},"properties":{"api":"4900578166","name":"LEAVITT FED 4-9-4MH","op":"PEAK POWDER RIVER RESOURCES LLC","co":"Campbell","trs":"T42N R72W S16","fm":"MOWRY","eur":376342,"perft":38266,"sound":true}},{"type":"Feature","geometry":{"type":"Point","coordinates":[-105.4508,43.7907]},"properties":{"api":"4900578172","name":"Ptarmigan 4472-1324-1PH","op":"EMEP II OPERATING LLC","co":"Campbell","trs":"T44N R72W S13","fm":"PARKMAN","eur":441093,"perft":58092,"sound":true}},{"type":"Feature","geometry":{"type":"Point","coordinates":[-105.4186,43.5646]},"properties":{"api":"4900578177","name":"ATLAS FED 4271-32-17-5 MH","op":"ANSCHUTZ EXPLORATION CORPORATION","co":"Campbell","trs":"T42N R71W S32","fm":"MOWRY","eur":294553,"perft":22737,"sound":true}},{"type":"Feature","geometry":{"type":"Point","coordinates":[-105.4187,43.5646]},"properties":{"api":"4900578178","name":"Atlas Fed 4271-32-8-13 PH","op":"ANSCHUTZ EXPLORATION CORPORATION","co":"Campbell","trs":"T42N R71W S32","fm":"PARKMAN","eur":164974,"perft":16053,"sound":true}},{"type":"Feature","geometry":{"type":"Point","coordinates":[-105.4187,43.5646]},"properties":{"api":"4900578180","name":"ATLAS FED  4271-32-17-5W NH","op":"ANSCHUTZ EXPLORATION CORPORATION","co":"Campbell","trs":"T42N R71W S32","fm":"NIOBRARA","eur":489636,"perft":37868,"sound":true}},{"type":"Feature","geometry":{"type":"Point","coordinates":[-105.4184,43.5646]},"properties":{"api":"4900578181","name":"ATLAS FED  4271-32-17-6 MH","op":"ANSCHUTZ EXPLORATION CORPORATION","co":"Campbell","trs":"T42N R71W S32","fm":"MOWRY","eur":100590,"perft":7753,"sound":true}},{"type":"Feature","geometry":{"type":"Point","coordinates":[-105.4185,43.5646]},"properties":{"api":"4900578184","name":"ATLAS FED  4271-32-17-6W NH","op":"ANSCHUTZ EXPLORATION CORPORATION","co":"Campbell","trs":null,"fm":null,"eur":411600,"perft":null,"sound":true}},{"type":"Feature","geometry":{"type":"Point","coordinates":[-105.6211,43.5604]},"properties":{"api":"4900578192","name":"STEAMBOAT 3427-11H","op":"EOG RESOURCES INC","co":"Campbell","trs":"T41N R73W S3","fm":"MOWRY","eur":270591,"perft":27614,"sound":true}},{"type":"Feature","geometry":{"type":"Point","coordinates":[-105.6212,43.5604]},"properties":{"api":"4900578194","name":"STEAMBOAT 3427-10H","op":"EOG RESOURCES INC","co":"Campbell","trs":"T41N R73W S3","fm":"MOWRY","eur":159658,"perft":16006,"sound":true}},{"type":"Feature","geometry":{"type":"Point","coordinates":[-105.4572,43.6805]},"properties":{"api":"4900578195","name":"BOOTS FED 4372-24-36-13W NH","op":"ANSCHUTZ EXPLORATION CORPORATION","co":"Campbell","trs":"T43N R72W S24","fm":"NIOBRARA","eur":402302,"perft":39453,"sound":true}},{"type":"Feature","geometry":{"type":"Point","coordinates":[-105.6291,43.5635]},"properties":{"api":"4900578200","name":"TELLURIDE 3328-14H","op":"EOG RESOURCES INC","co":"Campbell","trs":"T42N R73W S33","fm":"MOWRY","eur":255415,"perft":26116,"sound":true}},{"type":"Feature","geometry":{"type":"Point","coordinates":[-105.6292,43.5635]},"properties":{"api":"4900578201","name":"TELLURIDE 3328-13H","op":"EOG RESOURCES INC","co":"Campbell","trs":"T42N R73W S33","fm":"MOWRY","eur":241394,"perft":23787,"sound":true}},{"type":"Feature","geometry":{"type":"Point","coordinates":[-105.6289,43.5635]},"properties":{"api":"4900578202","name":"TELLURIDE 3328-15H","op":"EOG RESOURCES INC","co":"Campbell","trs":"T42N R73W S33","fm":"MOWRY","eur":193687,"perft":19462,"sound":true}},{"type":"Feature","geometry":{"type":"Point","coordinates":[-105.4475,43.6803]},"properties":{"api":"4900578214","name":"ROXY FED 4372-24-36-15E NH","op":"ANSCHUTZ EXPLORATION CORPORATION","co":"Campbell","trs":"T43N R72W S24","fm":"NIOBRARA","eur":315191,"perft":33273,"sound":true}},{"type":"Feature","geometry":{"type":"Point","coordinates":[-105.4046,43.5646]},"properties":{"api":"4900578215","name":"STIG FED 4271-32-17-8 MH","op":"ANSCHUTZ EXPLORATION CORPORATION","co":"Campbell","trs":"T42N R71W S32","fm":"MOWRY","eur":183760,"perft":14159,"sound":true}},{"type":"Feature","geometry":{"type":"Point","coordinates":[-105.4048,43.5646]},"properties":{"api":"4900578218","name":"STIG FED 4271-32-17-7 MH","op":"ANSCHUTZ EXPLORATION CORPORATION","co":"Campbell","trs":"T42N R71W S32","fm":"MOWRY","eur":86560,"perft":6610,"sound":true}},{"type":"Feature","geometry":{"type":"Point","coordinates":[-105.4047,43.5646]},"properties":{"api":"4900578219","name":"STIG FED 4271-32-17-7E NH","op":"ANSCHUTZ EXPLORATION CORPORATION","co":"Campbell","trs":"T42N R71W S32","fm":"NIOBRARA","eur":327486,"perft":24946,"sound":true}},{"type":"Feature","geometry":{"type":"Point","coordinates":[-105.4049,43.5646]},"properties":{"api":"4900578221","name":"STIG FED 4271-32-8-15 PH","op":"ANSCHUTZ EXPLORATION CORPORATION","co":"Campbell","trs":"T42N R71W S32","fm":"PARKMAN","eur":318845,"perft":31757,"sound":true}},{"type":"Feature","geometry":{"type":"Point","coordinates":[-105.4045,43.5646]},"properties":{"api":"4900578222","name":"STIG FED 4271-32-17-8E NH","op":"ANSCHUTZ EXPLORATION CORPORATION","co":"Campbell","trs":"T42N R71W S32","fm":"NIOBRARA","eur":373396,"perft":28814,"sound":true}},{"type":"Feature","geometry":{"type":"Point","coordinates":[-105.4475,43.6803]},"properties":{"api":"4900578223","name":"ROXY FED 4372-24-36-15W NH","op":"ANSCHUTZ EXPLORATION CORPORATION","co":"Campbell","trs":"T43N R72W S24","fm":"NIOBRARA","eur":415554,"perft":41181,"sound":true}},{"type":"Feature","geometry":{"type":"Point","coordinates":[-105.4196,43.6209]},"properties":{"api":"4900578225","name":"SMOKEY FED 4271-17-20-13 MH","op":"ANSCHUTZ EXPLORATION CORPORATION","co":"Campbell","trs":"T42N R71W S17","fm":"MOWRY","eur":325387,"perft":47062,"sound":true}},{"type":"Feature","geometry":{"type":"Point","coordinates":[-105.4196,43.6209]},"properties":{"api":"4900578226","name":"SMOKEY FED 4271-17-20-14 MH","op":"ANSCHUTZ EXPLORATION CORPORATION","co":"Campbell","trs":"T42N R71W S17","fm":"MOWRY","eur":121942,"perft":11783,"sound":true}},{"type":"Feature","geometry":{"type":"Point","coordinates":[-105.4073,43.6199]},"properties":{"api":"4900578227","name":"TEX FED 4271-17-20-15 MH","op":"ANSCHUTZ EXPLORATION CORPORATION","co":"Campbell","trs":"T42N R71W S17","fm":"MOWRY","eur":210618,"perft":20367,"sound":true}},{"type":"Feature","geometry":{"type":"Point","coordinates":[-105.4073,43.6198]},"properties":{"api":"4900578228","name":"TEX FED 4271-17-20-16 MH","op":"ANSCHUTZ EXPLORATION CORPORATION","co":"Campbell","trs":"T42N R71W S17","fm":"MOWRY","eur":99359,"perft":9632,"sound":true}},{"type":"Feature","geometry":{"type":"Point","coordinates":[-105.5078,43.5644]},"properties":{"api":"4900578229","name":"HEMLOCK 0409-15H","op":null,"co":"Campbell","trs":null,"fm":null,"eur":99270,"perft":null,"sound":true}},{"type":"Feature","geometry":{"type":"Point","coordinates":[-105.5076,43.5644]},"properties":{"api":"4900578230","name":"HEMLOCK 0409-16H","op":"EOG RESOURCES INC","co":"Campbell","trs":"T42N R72W S33","fm":"MOWRY","eur":332379,"perft":32625,"sound":true}},{"type":"Feature","geometry":{"type":"Point","coordinates":[-105.3847,43.5809]},"properties":{"api":"4900578235","name":"FURBALL FED 4271-28-35-1N NH","op":"ANSCHUTZ EXPLORATION CORPORATION","co":"Campbell","trs":"T42N R71W S28","fm":"NIOBRARA","eur":375105,"perft":37022,"sound":true}},{"type":"Feature","geometry":{"type":"Point","coordinates":[-105.3847,43.581]},"properties":{"api":"4900578236","name":"FURBALL FED 4271-28-26-16N NH","op":"ANSCHUTZ EXPLORATION CORPORATION","co":"Campbell","trs":"T42N R71W S28","fm":"NIOBRARA","eur":285103,"perft":28142,"sound":true}},{"type":"Feature","geometry":{"type":"Point","coordinates":[-105.5564,43.5052]},"properties":{"api":"4900578243","name":"CORK 3031-12H","op":"EOG RESOURCES INC","co":"Campbell","trs":"T41N R72W S19","fm":"MOWRY","eur":86786,"perft":8590,"sound":true}},{"type":"Feature","geometry":{"type":"Point","coordinates":[-105.5566,43.5052]},"properties":{"api":"4900578244","name":"CORK 3031-11H","op":"EOG RESOURCES INC","co":"Campbell","trs":"T41N R72W S19","fm":"MOWRY","eur":67469,"perft":6705,"sound":true}},{"type":"Feature","geometry":{"type":"Point","coordinates":[-105.5567,43.5052]},"properties":{"api":"4900578245","name":"CORK 3031-10H","op":"EOG RESOURCES INC","co":"Campbell","trs":"T41N R72W S19","fm":"MOWRY","eur":132605,"perft":12973,"sound":true}},{"type":"Feature","geometry":{"type":"Point","coordinates":[-105.5568,43.5052]},"properties":{"api":"4900578246","name":"CORK 3031-09H","op":"EOG RESOURCES INC","co":"Campbell","trs":"T41N R72W S19","fm":"MOWRY","eur":420607,"perft":40907,"sound":true}},{"type":"Feature","geometry":{"type":"Point","coordinates":[-105.5079,43.5644]},"properties":{"api":"4900578250","name":"HEMLOCK 0409-14H","op":"EOG RESOURCES INC","co":"Campbell","trs":"T42N R72W S33","fm":"MOWRY","eur":98372,"perft":9959,"sound":true}},{"type":"Feature","geometry":{"type":"Point","coordinates":[-105.4545,43.5654]},"properties":{"api":"4900578267","name":"REDWOOD 0112-02H","op":"EOG RESOURCES INC","co":"Campbell","trs":"T42N R72W S36","fm":null,"eur":null,"perft":null,"sound":false}},{"type":"Feature","geometry":{"type":"Point","coordinates":[-105.1482,44.8675]},"properties":{"api":"4900578268","name":"ROCKY POINT FEE 1","op":null,"co":"Campbell","trs":"T56N R69W S4","fm":"MINNELUSA","eur":null,"perft":null,"sound":false}},{"type":"Feature","geometry":{"type":"Point","coordinates":[-105.4656,43.8116]},"properties":{"api":"4900578277","name":"Baertsch 4472-0235-1PH","op":"ROCKIES RESOURCES HOLDINGS LLC","co":"Campbell","trs":"T44N R72W S2","fm":null,"eur":null,"perft":null,"sound":false}},{"type":"Feature","geometry":{"type":"Point","coordinates":[-105.3892,43.5765]},"properties":{"api":"4900578279","name":"LIZZY FED 4271-33-21-2 MH","op":"ANSCHUTZ EXPLORATION CORPORATION","co":"Campbell","trs":"T42N R71W S33","fm":null,"eur":null,"perft":null,"sound":false}},{"type":"Feature","geometry":{"type":"Point","coordinates":[-105.3889,43.5763]},"properties":{"api":"4900578281","name":"LIZZY FED 4271-33-4-14E NH","op":"ANSCHUTZ EXPLORATION CORPORATION","co":"Campbell","trs":"T42N R71W S33","fm":null,"eur":null,"perft":null,"sound":false}},{"type":"Feature","geometry":{"type":"Point","coordinates":[-105.3889,43.5764]},"properties":{"api":"4900578284","name":"LIZZY FED 4271-33-4-15 PH","op":"ANSCHUTZ EXPLORATION CORPORATION","co":"Campbell","trs":"T42N R71W S33","fm":null,"eur":null,"perft":null,"sound":false}},{"type":"Feature","geometry":{"type":"Point","coordinates":[-105.3889,43.5762]},"properties":{"api":"4900578285","name":"LIZZY FED 4271-33-4-16E NH","op":"ANSCHUTZ EXPLORATION CORPORATION","co":"Campbell","trs":"T42N R71W S33","fm":null,"eur":null,"perft":null,"sound":false}},{"type":"Feature","geometry":{"type":"Point","coordinates":[-105.3889,43.5763]},"properties":{"api":"4900578286","name":"LIZZY FED 4271-33-4-15E NH","op":"ANSCHUTZ EXPLORATION CORPORATION","co":"Campbell","trs":"T42N R71W S33","fm":null,"eur":null,"perft":null,"sound":false}},{"type":"Feature","geometry":{"type":"Point","coordinates":[-105.3892,43.5766]},"properties":{"api":"4900578287","name":"LIZZY FED 4271-33-21-1 MH","op":"ANSCHUTZ EXPLORATION CORPORATION","co":"Campbell","trs":"T42N R71W S33","fm":null,"eur":null,"perft":null,"sound":false}},{"type":"Feature","geometry":{"type":"Point","coordinates":[-105.389,43.5758]},"properties":{"api":"4900578288","name":"LIZZY FED 4271-33-21-1 TH","op":"ANSCHUTZ EXPLORATION CORPORATION","co":"Campbell","trs":"T42N R71W S33","fm":"TURNER","eur":113913,"perft":11658,"sound":true}},{"type":"Feature","geometry":{"type":"Point","coordinates":[-105.3891,43.5758]},"properties":{"api":"4900578290","name":"LIZZY FED 4271-33-21-1E NH","op":"ANSCHUTZ EXPLORATION CORPORATION","co":"Campbell","trs":"T42N R71W S33","fm":"NIOBRARA","eur":469451,"perft":46563,"sound":true}},{"type":"Feature","geometry":{"type":"Point","coordinates":[-105.3892,43.5758]},"properties":{"api":"4900578326","name":"LIZZY FED 4271-33-21-2W NH","op":"ANSCHUTZ EXPLORATION CORPORATION","co":"Campbell","trs":"T42N R71W S33","fm":"NIOBRARA","eur":410362,"perft":39849,"sound":true}},{"type":"Feature","geometry":{"type":"Point","coordinates":[-105.4108,43.7974]},"properties":{"api":"4900578339","name":"EMIGRANT 4471-0508-1PH","op":"EMEP II OPERATING LLC","co":"Campbell","trs":"T44N R71W S8","fm":"PARKMAN","eur":533633,"perft":53145,"sound":true}},{"type":"Feature","geometry":{"type":"Point","coordinates":[-105.6067,43.6062]},"properties":{"api":"4900578342","name":"Dilts Fed 34-15-10 PH","op":"BALLARD PETROLEUM HOLDINGS LLC","co":"Campbell","trs":"T42N R73W S15","fm":"PARKMAN","eur":201496,"perft":25285,"sound":true}},{"type":"Feature","geometry":{"type":"Point","coordinates":[-105.6065,43.6062]},"properties":{"api":"4900578343","name":"Dilts Fed 44-15-11 PH","op":"BALLARD PETROLEUM HOLDINGS LLC","co":"Campbell","trs":"T42N R73W S15","fm":"PARKMAN","eur":274438,"perft":29801,"sound":true}},{"type":"Feature","geometry":{"type":"Point","coordinates":[-105.5563,43.5052]},"properties":{"api":"4900578355","name":"CORK 3031-13H","op":"EOG RESOURCES INC","co":"Campbell","trs":"T41N R72W S19","fm":"MOWRY","eur":384972,"perft":39255,"sound":true}},{"type":"Feature","geometry":{"type":"Point","coordinates":[-105.6129,43.5622]},"properties":{"api":"4900578369","name":"Cadena 0310-14H","op":"EOG RESOURCES INC","co":"Campbell","trs":"T42N R73W S34","fm":"MOWRY","eur":104592,"perft":18103,"sound":true}},{"type":"Feature","geometry":{"type":"Point","coordinates":[-105.6128,43.5622]},"properties":{"api":"4900578370","name":"Cadena 0310-15H","op":"EOG RESOURCES INC","co":"Campbell","trs":"T42N R73W S34","fm":"MOWRY","eur":89916,"perft":20499,"sound":true}},{"type":"Feature","geometry":{"type":"Point","coordinates":[-105.6127,43.5622]},"properties":{"api":"4900578371","name":"Cadena 0310-16H","op":"EOG RESOURCES INC","co":"Campbell","trs":"T42N R73W S34","fm":"MOWRY","eur":337545,"perft":99327,"sound":true}},{"type":"Feature","geometry":{"type":"Point","coordinates":[-105.6607,44.1103]},"properties":{"api":"4900578387","name":"GERALD FED 32-29-5 SH","op":"BALLARD PETROLEUM HOLDINGS LLC","co":"Campbell","trs":"T48N R73W S29","fm":"SUSSEX","eur":null,"perft":null,"sound":false}},{"type":"Feature","geometry":{"type":"Point","coordinates":[-105.6407,43.5638]},"properties":{"api":"4900578391","name":"STEVENSON 0409-09H","op":"EOG RESOURCES INC","co":"Campbell","trs":"T42N R73W S33","fm":"MOWRY","eur":423918,"perft":41500,"sound":true}},{"type":"Feature","geometry":{"type":"Point","coordinates":[-105.6405,43.5638]},"properties":{"api":"4900578392","name":"STEVENSON 0409-10H","op":"EOG RESOURCES INC","co":"Campbell","trs":"T42N R73W S33","fm":"MOWRY","eur":263394,"perft":26130,"sound":true}},{"type":"Feature","geometry":{"type":"Point","coordinates":[-105.6607,44.11]},"properties":{"api":"4900578398","name":"GERALD FED 22-29-5 SH","op":"BALLARD PETROLEUM HOLDINGS LLC","co":"Campbell","trs":"T48N R73W S29","fm":null,"eur":null,"perft":null,"sound":false}},{"type":"Feature","geometry":{"type":"Point","coordinates":[-105.4063,43.6502]},"properties":{"api":"4900578420","name":"Poppy Fed 4271-5-29-1E NBH","op":"ANSCHUTZ EXPLORATION CORPORATION","co":"Campbell","trs":"T42N R71W S5","fm":null,"eur":null,"perft":null,"sound":false}},{"type":"Feature","geometry":{"type":"Point","coordinates":[-105.4064,43.6503]},"properties":{"api":"4900578423","name":"Poppy Fed 4271-5-29-2E NBH","op":"ANSCHUTZ EXPLORATION CORPORATION","co":"Campbell","trs":"T42N R71W S5","fm":null,"eur":null,"perft":null,"sound":false}},{"type":"Feature","geometry":{"type":"Point","coordinates":[-105.4509,43.7906]},"properties":{"api":"4900578428","name":"Tenderfoot 4472-1312-1PH","op":"EMEP II OPERATING LLC","co":"Campbell","trs":"T44N R72W S13","fm":"PARKMAN","eur":420279,"perft":57826,"sound":true}},{"type":"Feature","geometry":{"type":"Point","coordinates":[-105.451,43.7906]},"properties":{"api":"4900578429","name":"Pintler 4472-1324-1PH","op":"EMEP II OPERATING LLC","co":"Campbell","trs":"T44N R72W S13","fm":"PARKMAN","eur":565245,"perft":75457,"sound":true}},{"type":"Feature","geometry":{"type":"Point","coordinates":[-105.4511,43.7905]},"properties":{"api":"4900578430","name":"Lums  4472-1312-1PH","op":"EMEP II OPERATING LLC","co":"Campbell","trs":"T44N R72W S13","fm":"PARKMAN","eur":338218,"perft":44467,"sound":true}},{"type":"Feature","geometry":{"type":"Point","coordinates":[-105.4512,43.7904]},"properties":{"api":"4900578431","name":"Mungas 4472-1312-1PH","op":"EMEP II OPERATING LLC","co":"Campbell","trs":"T44N R72W S13","fm":"PARKMAN","eur":186826,"perft":24937,"sound":true}},{"type":"Feature","geometry":{"type":"Point","coordinates":[-105.4514,43.7904]},"properties":{"api":"4900578432","name":"Snaggle 4472-1324-1PH","op":"EMEP II OPERATING LLC","co":"Campbell","trs":"T44N R72W S13","fm":"PARKMAN","eur":495265,"perft":64597,"sound":true}},{"type":"Feature","geometry":{"type":"Point","coordinates":[-105.4547,43.81]},"properties":{"api":"4900578433","name":"Porcupine 4572-0136-1PH","op":"EMEP II OPERATING LLC","co":"Campbell","trs":"T44N R72W S12","fm":null,"eur":null,"perft":null,"sound":false}},{"type":"Feature","geometry":{"type":"Point","coordinates":[-105.4191,43.649]},"properties":{"api":"4900578454","name":"Custer Fed 4271-5-29-4E NBH","op":"ANSCHUTZ EXPLORATION CORPORATION","co":"Campbell","trs":"T42N R71W S5","fm":null,"eur":null,"perft":null,"sound":false}},{"type":"Feature","geometry":{"type":"Point","coordinates":[-105.4191,43.6489]},"properties":{"api":"4900578456","name":"Custer Fed 4271-5-29-3W NBH","op":"ANSCHUTZ EXPLORATION CORPORATION","co":"Campbell","trs":"T42N R71W S5","fm":null,"eur":null,"perft":null,"sound":false}},{"type":"Feature","geometry":{"type":"Point","coordinates":[-105.4191,43.6488]},"properties":{"api":"4900578457","name":"Custer Fed 4271-5-29-3E NBH","op":"ANSCHUTZ EXPLORATION CORPORATION","co":"Campbell","trs":"T42N R71W S5","fm":null,"eur":null,"perft":null,"sound":false}},{"type":"Feature","geometry":{"type":"Point","coordinates":[-105.3372,43.5481]},"properties":{"api":"4900578459","name":"Frazier Fed 4171-12-13-14W NBH","op":"ANSCHUTZ EXPLORATION CORPORATION","co":"Campbell","trs":"T41N R71W S12","fm":null,"eur":null,"perft":null,"sound":false}},{"type":"Feature","geometry":{"type":"Point","coordinates":[-105.3373,43.5481]},"properties":{"api":"4900578460","name":"Frazier Fed 4171-12-13-13 NBH","op":"ANSCHUTZ EXPLORATION CORPORATION","co":"Campbell","trs":"T41N R71W S12","fm":null,"eur":null,"perft":null,"sound":false}},{"type":"Feature","geometry":{"type":"Point","coordinates":[-105.3372,43.5481]},"properties":{"api":"4900578463","name":"Frazier Fed 4171-12-13-14 NBH","op":"ANSCHUTZ EXPLORATION CORPORATION","co":"Campbell","trs":"T41N R71W S12","fm":null,"eur":null,"perft":null,"sound":false}},{"type":"Feature","geometry":{"type":"Point","coordinates":[-105.3269,43.5468]},"properties":{"api":"4900578480","name":"Lola Fed 4171-12-13-15 NBH","op":"ANSCHUTZ EXPLORATION CORPORATION","co":"Campbell","trs":"T41N R71W S12","fm":null,"eur":null,"perft":null,"sound":false}},{"type":"Feature","geometry":{"type":"Point","coordinates":[-105.3269,43.5468]},"properties":{"api":"4900578482","name":"Lola Fed 4171-12-13-16 NBH","op":"ANSCHUTZ EXPLORATION CORPORATION","co":"Campbell","trs":"T41N R71W S12","fm":null,"eur":null,"perft":null,"sound":false}},{"type":"Feature","geometry":{"type":"Point","coordinates":[-105.448,43.6805]},"properties":{"api":"4900578483","name":"Roxy Fed 4372-24-13-2E NH","op":"ANSCHUTZ EXPLORATION CORPORATION","co":"Campbell","trs":"T43N R72W S24","fm":"NIOBRARA","eur":277718,"perft":38433,"sound":true}},{"type":"Feature","geometry":{"type":"Point","coordinates":[-105.4479,43.6805]},"properties":{"api":"4900578484","name":"Roxy Fed 4372-24-13-1E NH","op":"ANSCHUTZ EXPLORATION CORPORATION","co":"Campbell","trs":"T43N R72W S24","fm":"NIOBRARA","eur":550777,"perft":77335,"sound":true}},{"type":"Feature","geometry":{"type":"Point","coordinates":[-105.6652,43.6479]},"properties":{"api":"4900578485","name":"LEAVITT FED 14-32-29 TH","op":"BALLARD PETROLEUM HOLDINGS LLC","co":"Campbell","trs":"T42N R73W S6","fm":"TURNER","eur":null,"perft":null,"sound":false}},{"type":"Feature","geometry":{"type":"Point","coordinates":[-105.6348,44.0672]},"properties":{"api":"4900578486","name":"GDU FED 12-10-2 PH","op":"BALLARD PETROLEUM HOLDINGS LLC","co":"Campbell","trs":"T47N R73W S9","fm":"PARKMAN","eur":388286,"perft":36211,"sound":true}},{"type":"Feature","geometry":{"type":"Point","coordinates":[-105.3894,43.6497]},"properties":{"api":"4900578489","name":"Payton Fed 4271-4-28-4 NBH","op":"ANSCHUTZ EXPLORATION CORPORATION","co":"Campbell","trs":"T42N R71W S4","fm":null,"eur":null,"perft":null,"sound":false}},{"type":"Feature","geometry":{"type":"Point","coordinates":[-105.4712,43.6665]},"properties":{"api":"4900578533","name":"Leo Fed 4372-26-23-1W NH","op":"ANSCHUTZ EXPLORATION CORPORATION","co":"Campbell","trs":"T43N R72W S26","fm":"NIOBRARA","eur":390563,"perft":39419,"sound":true}},{"type":"Feature","geometry":{"type":"Point","coordinates":[-105.4712,43.6665]},"properties":{"api":"4900578535","name":"Leo Fed 4372-26-23-2W NH","op":"ANSCHUTZ EXPLORATION CORPORATION","co":"Campbell","trs":"T43N R72W S26","fm":"NIOBRARA","eur":362225,"perft":36603,"sound":true}},{"type":"Feature","geometry":{"type":"Point","coordinates":[-105.4712,43.6664]},"properties":{"api":"4900578537","name":"Leo Fed 4372-26-23-4 MH","op":"ANSCHUTZ EXPLORATION CORPORATION","co":"Campbell","trs":"T43N R72W S26","fm":"MOWRY","eur":164586,"perft":16525,"sound":true}},{"type":"Feature","geometry":{"type":"Point","coordinates":[-105.4712,43.6666]},"properties":{"api":"4900578538","name":"Leo Fed 4372-26-23-4E NH","op":"ANSCHUTZ EXPLORATION CORPORATION","co":"Campbell","trs":"T43N R72W S26","fm":"NIOBRARA","eur":351972,"perft":35639,"sound":true}},{"type":"Feature","geometry":{"type":"Point","coordinates":[-105.4712,43.6666]},"properties":{"api":"4900578539","name":"Leo Fed 4372-26-23-4W NH","op":"ANSCHUTZ EXPLORATION CORPORATION","co":"Campbell","trs":"T43N R72W S26","fm":"NIOBRARA","eur":380005,"perft":39127,"sound":true}},{"type":"Feature","geometry":{"type":"Point","coordinates":[-105.8118,43.5925]},"properties":{"api":"4900578621","name":"Iberlin State 1-25-36NH","op":null,"co":"Campbell","trs":null,"fm":null,"eur":null,"perft":null,"sound":false}},{"type":"Feature","geometry":{"type":"Point","coordinates":[-105.8119,43.5926]},"properties":{"api":"4900578623","name":"Iberlin State 3-25-36NH","op":null,"co":"Campbell","trs":null,"fm":null,"eur":null,"perft":null,"sound":false}},{"type":"Feature","geometry":{"type":"Point","coordinates":[-105.4342,43.5653]},"properties":{"api":"4900578628","name":"CAMARO 0607-01H","op":"EOG RESOURCES INC","co":"Campbell","trs":"T42N R71W S31","fm":"NIOBRARA","eur":389378,"perft":36661,"sound":true}},{"type":"Feature","geometry":{"type":"Point","coordinates":[-105.4339,43.5653]},"properties":{"api":"4900578629","name":"CAMARO 0607-04H","op":"EOG RESOURCES INC","co":"Campbell","trs":"T42N R71W S31","fm":"NIOBRARA","eur":263022,"perft":25840,"sound":true}},{"type":"Feature","geometry":{"type":"Point","coordinates":[-105.6663,43.563]},"properties":{"api":"4900578666","name":"GENEVA 3229-40H","op":"EOG RESOURCES INC","co":"Campbell","trs":"T42N R73W S31","fm":"MOWRY","eur":324483,"perft":32390,"sound":true}},{"type":"Feature","geometry":{"type":"Point","coordinates":[-105.6662,43.563]},"properties":{"api":"4900578667","name":"GENEVA 3229-47H","op":"EOG RESOURCES INC","co":"Campbell","trs":"T42N R73W S31","fm":"MOWRY","eur":280389,"perft":28377,"sound":true}},{"type":"Feature","geometry":{"type":"Point","coordinates":[-105.6502,43.5638]},"properties":{"api":"4900578668","name":"GENEVA 3229-14H","op":"EOG RESOURCES INC","co":"Campbell","trs":"T42N R73W S32","fm":"MOWRY","eur":179291,"perft":17949,"sound":true}},{"type":"Feature","geometry":{"type":"Point","coordinates":[-105.6501,43.5638]},"properties":{"api":"4900578669","name":"GENEVA 3229-15H","op":"EOG RESOURCES INC","co":"Campbell","trs":"T42N R73W S32","fm":"MOWRY","eur":228609,"perft":23188,"sound":true}},{"type":"Feature","geometry":{"type":"Point","coordinates":[-105.6499,43.5638]},"properties":{"api":"4900578670","name":"GENEVA 3229-16H","op":"EOG RESOURCES INC","co":"Campbell","trs":"T42N R73W S32","fm":"MOWRY","eur":192787,"perft":19348,"sound":true}},{"type":"Feature","geometry":{"type":"Point","coordinates":[-105.6665,43.563]},"properties":{"api":"4900578688","name":"GENEVA 3229-37H","op":"EOG RESOURCES INC","co":"Campbell","trs":"T42N R73W S31","fm":"NIOBRARA","eur":846904,"perft":84869,"sound":true}},{"type":"Feature","geometry":{"type":"Point","coordinates":[-105.6664,43.563]},"properties":{"api":"4900578689","name":"GENEVA 3229-38H","op":"EOG RESOURCES INC","co":"Campbell","trs":"T42N R73W S31","fm":"NIOBRARA","eur":621570,"perft":61694,"sound":true}},{"type":"Feature","geometry":{"type":"Point","coordinates":[-105.3871,43.5681]},"properties":{"api":"4900578697","name":"Leia Fed 4271-33-35-16S NH","op":"ANSCHUTZ EXPLORATION CORPORATION","co":"Campbell","trs":"T42N R71W S33","fm":"NIOBRARA","eur":551418,"perft":54050,"sound":true}},{"type":"Feature","geometry":{"type":"Point","coordinates":[-105.3871,43.5682]},"properties":{"api":"4900578698","name":"Leia Fed 4271-33-35-16N NH","op":"ANSCHUTZ EXPLORATION CORPORATION","co":"Campbell","trs":"T42N R71W S33","fm":"NIOBRARA","eur":338561,"perft":33147,"sound":true}},{"type":"Feature","geometry":{"type":"Point","coordinates":[-105.3871,43.5682]},"properties":{"api":"4900578699","name":"Leia Fed 4271-33-35-8S NH","op":"ANSCHUTZ EXPLORATION CORPORATION","co":"Campbell","trs":"T42N R71W S33","fm":"NIOBRARA","eur":328728,"perft":32260,"sound":true}},{"type":"Feature","geometry":{"type":"Point","coordinates":[-105.9144,43.558]},"properties":{"api":"4900578703","name":"Iberlin 4175 3NH","op":"MDS ENERGY DEVELOPMENT LLC","co":"Campbell","trs":"T41N R75W S6","fm":null,"eur":null,"perft":null,"sound":false}},{"type":"Feature","geometry":{"type":"Point","coordinates":[-105.9146,43.5579]},"properties":{"api":"4900578704","name":"Iberlin 4175 1NH","op":"MDS ENERGY DEVELOPMENT LLC","co":"Campbell","trs":"T41N R75W S6","fm":null,"eur":null,"perft":null,"sound":false}},{"type":"Feature","geometry":{"type":"Point","coordinates":[-105.9145,43.558]},"properties":{"api":"4900578705","name":"Iberlin 4175 2NH","op":"MDS ENERGY DEVELOPMENT LLC","co":"Campbell","trs":"T41N R75W S6","fm":null,"eur":null,"perft":null,"sound":false}},{"type":"Feature","geometry":{"type":"Point","coordinates":[-105.369,43.6482]},"properties":{"api":"4900578711","name":"Frank Fed 4271-3-27-2E NH","op":"ANSCHUTZ EXPLORATION CORPORATION","co":"Campbell","trs":"T42N R71W S3","fm":null,"eur":null,"perft":null,"sound":false}},{"type":"Feature","geometry":{"type":"Point","coordinates":[-105.369,43.6482]},"properties":{"api":"4900578714","name":"Frank Fed 4271-3-27-1E NH","op":"ANSCHUTZ EXPLORATION CORPORATION","co":"Campbell","trs":"T42N R71W S3","fm":null,"eur":null,"perft":null,"sound":false}},{"type":"Feature","geometry":{"type":"Point","coordinates":[-105.4546,43.5654]},"properties":{"api":"4900578751","name":"REDWOOD 0112-01H","op":"EOG RESOURCES INC","co":"Campbell","trs":"T42N R72W S36","fm":null,"eur":null,"perft":null,"sound":false}},{"type":"Feature","geometry":{"type":"Point","coordinates":[-105.4152,43.5604]},"properties":{"api":"4900578772","name":"CLAIRE 3229-01H","op":"EOG RESOURCES INC","co":"Campbell","trs":"T41N R71W S5","fm":"NIOBRARA","eur":null,"perft":null,"sound":false}},{"type":"Feature","geometry":{"type":"Point","coordinates":[-105.4151,43.5604]},"properties":{"api":"4900578773","name":"CLAIRE 3229-02H","op":"EOG RESOURCES INC","co":"Campbell","trs":"T41N R71W S5","fm":"NIOBRARA","eur":449183,"perft":45358,"sound":true}},{"type":"Feature","geometry":{"type":"Point","coordinates":[-105.415,43.5603]},"properties":{"api":"4900578774","name":"CLAIRE 3229-09H","op":"EOG RESOURCES INC","co":"Campbell","trs":"T41N R71W S5","fm":"NIOBRARA","eur":null,"perft":null,"sound":false}},{"type":"Feature","geometry":{"type":"Point","coordinates":[-105.415,43.5603]},"properties":{"api":"4900578775","name":"CLAIRE 3229-10H","op":"EOG RESOURCES INC","co":"Campbell","trs":"T41N R71W S5","fm":"NIOBRARA","eur":null,"perft":null,"sound":false}},{"type":"Feature","geometry":{"type":"Point","coordinates":[-105.4148,43.5602]},"properties":{"api":"4900578792","name":"CLAIRE 3229-12H","op":"EOG RESOURCES INC","co":"Campbell","trs":"T41N R71W S5","fm":"PARKMAN","eur":null,"perft":null,"sound":false}},{"type":"Feature","geometry":{"type":"Point","coordinates":[-105.4149,43.5603]},"properties":{"api":"4900578793","name":"CLAIRE 3229-11H","op":"EOG RESOURCES INC","co":"Campbell","trs":"T41N R71W S5","fm":"PARKMAN","eur":608363,"perft":63062,"sound":true}},{"type":"Feature","geometry":{"type":"Point","coordinates":[-105.4505,43.7997]},"properties":{"api":"4900578853","name":"Spartan 4472-1324-1TH","op":"EMEP II OPERATING LLC","co":"Campbell","trs":"T44N R72W S12","fm":null,"eur":null,"perft":null,"sound":false}},{"type":"Feature","geometry":{"type":"Point","coordinates":[-105.4506,43.7997]},"properties":{"api":"4900578854","name":"Longhorn 4472-1324-1TH","op":"ROCKIES RESOURCES HOLDINGS LLC","co":"Campbell","trs":"T44N R72W S12","fm":null,"eur":null,"perft":null,"sound":false}},{"type":"Feature","geometry":{"type":"Point","coordinates":[-105.6948,43.5043]},"properties":{"api":"4900578855","name":"LOVELAND 2417-07H","op":"EOG RESOURCES INC","co":"Campbell","trs":"T41N R74W S24","fm":"MOWRY","eur":165741,"perft":13842,"sound":true}},{"type":"Feature","geometry":{"type":"Point","coordinates":[-105.6949,43.5043]},"properties":{"api":"4900578856","name":"LOVELAND 2418-08H","op":"EOG RESOURCES INC","co":"Campbell","trs":"T41N R74W S24","fm":"MOWRY","eur":522038,"perft":45280,"sound":true}},{"type":"Feature","geometry":{"type":"Point","coordinates":[-105.695,43.5043]},"properties":{"api":"4900578857","name":"LOVELAND 2418-09H","op":"EOG RESOURCES INC","co":"Campbell","trs":"T41N R74W S24","fm":"MOWRY","eur":null,"perft":null,"sound":false}},{"type":"Feature","geometry":{"type":"Point","coordinates":[-105.695,43.5042]},"properties":{"api":"4900578858","name":"LOVELAND 2418-55H","op":"EOG RESOURCES INC","co":"Campbell","trs":"T41N R74W S24","fm":"NIOBRARA","eur":535323,"perft":45034,"sound":true}},{"type":"Feature","geometry":{"type":"Point","coordinates":[-105.6951,43.5042]},"properties":{"api":"4900578859","name":"LOVELAND 2418-56H","op":"EOG RESOURCES INC","co":"Campbell","trs":"T41N R74W S24","fm":"NIOBRARA","eur":527068,"perft":44277,"sound":true}},{"type":"Feature","geometry":{"type":"Point","coordinates":[-105.6952,43.5041]},"properties":{"api":"4900578860","name":"LOVELAND 2418-57H","op":"EOG RESOURCES INC","co":"Campbell","trs":"T41N R74W S24","fm":"NIOBRARA","eur":680013,"perft":57106,"sound":true}},{"type":"Feature","geometry":{"type":"Point","coordinates":[-105.651,43.5318]},"properties":{"api":"4900578861","name":"LOVELAND 1719-04H","op":"EOG RESOURCES INC","co":"Campbell","trs":"T41N R73W S17","fm":null,"eur":null,"perft":null,"sound":false}},{"type":"Feature","geometry":{"type":"Point","coordinates":[-105.6511,43.5318]},"properties":{"api":"4900578862","name":"LOVELAND 1719-05H","op":"EOG RESOURCES INC","co":"Campbell","trs":"T41N R73W S17","fm":null,"eur":null,"perft":null,"sound":false}},{"type":"Feature","geometry":{"type":"Point","coordinates":[-105.6512,43.5318]},"properties":{"api":"4900578863","name":"LOVELAND 1719-06H","op":"EOG RESOURCES INC","co":"Campbell","trs":"T41N R73W S17","fm":null,"eur":null,"perft":null,"sound":false}},{"type":"Feature","geometry":{"type":"Point","coordinates":[-105.6513,43.5318]},"properties":{"api":"4900578864","name":"LOVELAND 1719-52H","op":"EOG RESOURCES INC","co":"Campbell","trs":"T41N R73W S17","fm":null,"eur":null,"perft":null,"sound":false}},{"type":"Feature","geometry":{"type":"Point","coordinates":[-105.6514,43.5318]},"properties":{"api":"4900578865","name":"LOVELAND 1719-53H","op":"EOG RESOURCES INC","co":"Campbell","trs":"T41N R73W S17","fm":null,"eur":null,"perft":null,"sound":false}},{"type":"Feature","geometry":{"type":"Point","coordinates":[-105.6515,43.5318]},"properties":{"api":"4900578866","name":"LOVELAND 1719-54H","op":"EOG RESOURCES INC","co":"Campbell","trs":"T41N R73W S17","fm":null,"eur":null,"perft":null,"sound":false}},{"type":"Feature","geometry":{"type":"Point","coordinates":[-105.3665,43.6662]},"properties":{"api":"4900578879","name":"Stormy Fed 4371-27-36 8N NH","op":"ANSCHUTZ EXPLORATION CORPORATION","co":"Campbell","trs":"T43N R71W S27","fm":null,"eur":null,"perft":null,"sound":false}},{"type":"Feature","geometry":{"type":"Point","coordinates":[-105.3658,43.6776]},"properties":{"api":"4900578884","name":"Ginger Fed 4371-27-25-1N NBH","op":"ANSCHUTZ EXPLORATION CORPORATION","co":"Campbell","trs":"T43N R71W S27","fm":null,"eur":null,"perft":null,"sound":false}},{"type":"Feature","geometry":{"type":"Point","coordinates":[-105.3658,43.6775]},"properties":{"api":"4900578886","name":"Ginger Fed 4371-27-25-8N NBH","op":"ANSCHUTZ EXPLORATION CORPORATION","co":"Campbell","trs":"T43N R71W S27","fm":null,"eur":null,"perft":null,"sound":false}},{"type":"Feature","geometry":{"type":"Point","coordinates":[-105.3666,43.6669]},"properties":{"api":"4900578889","name":"Stormy Fed 4371-27-25 9N NBH","op":"ANSCHUTZ EXPLORATION CORPORATION","co":"Campbell","trs":"T43N R71W S27","fm":null,"eur":null,"perft":null,"sound":false}},{"type":"Feature","geometry":{"type":"Point","coordinates":[-105.3666,43.6669]},"properties":{"api":"4900578890","name":"Stormy Fed 4371-27-25 16N NBH","op":"ANSCHUTZ EXPLORATION CORPORATION","co":"Campbell","trs":"T43N R71W S27","fm":null,"eur":null,"perft":null,"sound":false}},{"type":"Feature","geometry":{"type":"Point","coordinates":[-105.3666,43.6668]},"properties":{"api":"4900578891","name":"Stormy Fed 4371-27-36 1N NBH","op":"ANSCHUTZ EXPLORATION CORPORATION","co":"Campbell","trs":"T43N R71W S27","fm":null,"eur":null,"perft":null,"sound":false}},{"type":"Feature","geometry":{"type":"Point","coordinates":[-105.4352,43.7362]},"properties":{"api":"4900578897","name":"BUTCH 30-31-1PH","op":"EMEP II OPERATING LLC","co":"Campbell","trs":"T43N R71W S6","fm":null,"eur":null,"perft":null,"sound":false}},{"type":"Feature","geometry":{"type":"Point","coordinates":[-105.4314,43.6519]},"properties":{"api":"4900578911","name":"Ross Fee 4371-31-7-15 MH","op":"ANSCHUTZ EXPLORATION CORPORATION","co":"Campbell","trs":"T43N R71W S31","fm":"MOWRY","eur":157719,"perft":16074,"sound":true}},{"type":"Feature","geometry":{"type":"Point","coordinates":[-105.4313,43.6519]},"properties":{"api":"4900578912","name":"Ross Fed 4371-31-7-16 MH","op":"ANSCHUTZ EXPLORATION CORPORATION","co":"Campbell","trs":"T43N R71W S31","fm":"MOWRY","eur":157255,"perft":15373,"sound":true}},{"type":"Feature","geometry":{"type":"Point","coordinates":[-105.4315,43.6519]},"properties":{"api":"4900578913","name":"Ross Fed 4371-31-7-13 MH","op":"ANSCHUTZ EXPLORATION CORPORATION","co":"Campbell","trs":"T43N R71W S31","fm":"MOWRY","eur":283287,"perft":27498,"sound":true}},{"type":"Feature","geometry":{"type":"Point","coordinates":[-105.6206,43.5609]},"properties":{"api":"4900578923","name":"CADENA 0310-02H","op":"EOG RESOURCES INC","co":"Campbell","trs":"T41N R73W S3","fm":null,"eur":null,"perft":null,"sound":false}},{"type":"Feature","geometry":{"type":"Point","coordinates":[-105.6204,43.5609]},"properties":{"api":"4900578924","name":"CADENA 0310-04H","op":"EOG RESOURCES INC","co":"Campbell","trs":"T41N R73W S3","fm":null,"eur":null,"perft":null,"sound":false}},{"type":"Feature","geometry":{"type":"Point","coordinates":[-105.6205,43.5609]},"properties":{"api":"4900578933","name":"CADENA 0310-03H","op":"EOG RESOURCES INC","co":"Campbell","trs":"T41N R73W S3","fm":null,"eur":null,"perft":null,"sound":false}},{"type":"Feature","geometry":{"type":"Point","coordinates":[-105.0981,44.43]},"properties":{"api":"4900578956","name":"ALPHA 1-12","op":"ATR ENERGY CORP","co":"Campbell","trs":"T51N R69W S1","fm":null,"eur":null,"perft":null,"sound":false}},{"type":"Feature","geometry":{"type":"Point","coordinates":[-105.4301,43.6495]},"properties":{"api":"4900578959","name":"Moxie Fed 4271-6-30-3ENBH","op":"ANSCHUTZ EXPLORATION CORPORATION","co":"Campbell","trs":"T42N R71W S6","fm":null,"eur":null,"perft":null,"sound":false}},{"type":"Feature","geometry":{"type":"Point","coordinates":[-105.43,43.6495]},"properties":{"api":"4900578961","name":"Moxie Fed 4271-6-30-2E NBH","op":"ANSCHUTZ EXPLORATION CORPORATION","co":"Campbell","trs":"T42N R71W S6","fm":null,"eur":null,"perft":null,"sound":false}},{"type":"Feature","geometry":{"type":"Point","coordinates":[-105.4299,43.6495]},"properties":{"api":"4900578964","name":"Moxie Fed 4271-6-30-1ENBH","op":"ANSCHUTZ EXPLORATION CORPORATION","co":"Campbell","trs":"T42N R71W S6","fm":null,"eur":null,"perft":null,"sound":false}},{"type":"Feature","geometry":{"type":"Point","coordinates":[-105.4657,43.8115]},"properties":{"api":"4900579037","name":"Prentice 4472-0235-1PH","op":"ROCKIES RESOURCES HOLDINGS LLC","co":"Campbell","trs":"T44N R72W S2","fm":null,"eur":null,"perft":null,"sound":false}},{"type":"Feature","geometry":{"type":"Point","coordinates":[-105.4544,43.81]},"properties":{"api":"4900579039","name":"Oscar 4572-0136-1PH","op":"EMEP II OPERATING LLC","co":"Campbell","trs":"T44N R72W S12","fm":null,"eur":null,"perft":null,"sound":false}},{"type":"Feature","geometry":{"type":"Point","coordinates":[-105.4658,43.8114]},"properties":{"api":"4900579040","name":"Ilene 4472-0235-1PH","op":"ROCKIES RESOURCES HOLDINGS LLC","co":"Campbell","trs":"T44N R72W S2","fm":null,"eur":null,"perft":null,"sound":false}},{"type":"Feature","geometry":{"type":"Point","coordinates":[-105.6966,43.6187]},"properties":{"api":"4900579113","name":"LJ FED 31-13-24 NH","op":"BALLARD PETROLEUM HOLDINGS LLC","co":"Campbell","trs":"T42N R74W S13","fm":null,"eur":null,"perft":null,"sound":false}},{"type":"Feature","geometry":{"type":"Point","coordinates":[-105.6967,43.6184]},"properties":{"api":"4900579114","name":"LJ FED 41-13-24 MH","op":"BALLARD PETROLEUM HOLDINGS LLC","co":"Campbell","trs":"T42N R74W S13","fm":null,"eur":null,"perft":null,"sound":false}},{"type":"Feature","geometry":{"type":"Point","coordinates":[-105.6967,43.6185]},"properties":{"api":"4900579115","name":"LJ FED 41-13-24 NH","op":"BALLARD PETROLEUM HOLDINGS LLC","co":"Campbell","trs":"T42N R74W S13","fm":null,"eur":null,"perft":null,"sound":false}},{"type":"Feature","geometry":{"type":"Point","coordinates":[-105.5559,43.5052]},"properties":{"api":"4900579153","name":"CORK 3001-20H","op":"EOG RESOURCES INC","co":"Campbell","trs":"T41N R72W S19","fm":null,"eur":null,"perft":null,"sound":false}},{"type":"Feature","geometry":{"type":"Point","coordinates":[-105.5558,43.5052]},"properties":{"api":"4900579157","name":"CORK 3006-21H","op":"EOG RESOURCES INC","co":"Campbell","trs":"T41N R72W S19","fm":null,"eur":null,"perft":null,"sound":false}},{"type":"Feature","geometry":{"type":"Point","coordinates":[-105.6635,43.588]},"properties":{"api":"4900579193","name":"SNOWBIRD 2017-06H","op":"EOG RESOURCES INC","co":"Campbell","trs":"T42N R73W S29","fm":null,"eur":null,"perft":null,"sound":false}},{"type":"Feature","geometry":{"type":"Point","coordinates":[-105.375,43.649]},"properties":{"api":"4900579240","name":"Gracie Fee 4271-3-10-13 NBH","op":"ANSCHUTZ EXPLORATION CORPORATION","co":"Campbell","trs":"T42N R71W S3","fm":null,"eur":null,"perft":null,"sound":false}},{"type":"Feature","geometry":{"type":"Point","coordinates":[-105.375,43.649]},"properties":{"api":"4900579241","name":"Gracie Fee 4271-3-10-14 NBH","op":"ANSCHUTZ EXPLORATION CORPORATION","co":"Campbell","trs":"T42N R71W S3","fm":null,"eur":null,"perft":null,"sound":false}},{"type":"Feature","geometry":{"type":"Point","coordinates":[-105.3749,43.649]},"properties":{"api":"4900579242","name":"Gracie Fee 4271-3-10-15 NBH","op":"ANSCHUTZ EXPLORATION CORPORATION","co":"Campbell","trs":"T42N R71W S3","fm":null,"eur":null,"perft":null,"sound":false}},{"type":"Feature","geometry":{"type":"Point","coordinates":[-105.3748,43.649]},"properties":{"api":"4900579243","name":"Gracie Fee 4271-3-10-16 NBH","op":"ANSCHUTZ EXPLORATION CORPORATION","co":"Campbell","trs":"T42N R71W S3","fm":null,"eur":null,"perft":null,"sound":false}},{"type":"Feature","geometry":{"type":"Point","coordinates":[-105.4706,43.736]},"properties":{"api":"4900579292","name":"Ark Land Fed 02-144372-3XNH","op":"DEVON ENERGY PRODUCTION COMPANY LP","co":"Campbell","trs":"T43N R72W S2","fm":null,"eur":null,"perft":null,"sound":false}},{"type":"Feature","geometry":{"type":"Point","coordinates":[-105.4708,43.7363]},"properties":{"api":"4900579293","name":"Ark Land Fed 02-144372-1XNH","op":"DEVON ENERGY PRODUCTION COMPANY LP","co":"Campbell","trs":"T43N R72W S2","fm":null,"eur":null,"perft":null,"sound":false}},{"type":"Feature","geometry":{"type":"Point","coordinates":[-105.6205,44.0957]},"properties":{"api":"4900579294","name":"Joanne Fed 23-34-10 SH","op":"BALLARD PETROLEUM HOLDINGS LLC","co":"Campbell","trs":"T48N R73W S34","fm":null,"eur":null,"perft":null,"sound":false}},{"type":"Feature","geometry":{"type":"Point","coordinates":[-105.6204,44.0956]},"properties":{"api":"4900579295","name":"Joanne Fed 33-34-15 SH","op":"BALLARD PETROLEUM HOLDINGS LLC","co":"Campbell","trs":"T48N R73W S34","fm":null,"eur":null,"perft":null,"sound":false}},{"type":"Feature","geometry":{"type":"Point","coordinates":[-105.6668,43.563]},"properties":{"api":"4900579304","name":"HURLEY 0607-06H","op":"EOG RESOURCES INC","co":"Campbell","trs":"T42N R73W S31","fm":null,"eur":null,"perft":null,"sound":false}},{"type":"Feature","geometry":{"type":"Point","coordinates":[-105.6669,43.563]},"properties":{"api":"4900579305","name":"HURLEY 0607-07H","op":"EOG RESOURCES INC","co":"Campbell","trs":"T42N R73W S31","fm":null,"eur":null,"perft":null,"sound":false}},{"type":"Feature","geometry":{"type":"Point","coordinates":[-105.4931,43.6989]},"properties":{"api":"4900579315","name":"Hay Creek Fed 15-034372-1XNH","op":null,"co":"Campbell","trs":null,"fm":null,"eur":null,"perft":null,"sound":false}},{"type":"Feature","geometry":{"type":"Point","coordinates":[-105.4929,43.6989]},"properties":{"api":"4900579316","name":"Hay Creek Fed 15-034372-3XNH","op":null,"co":"Campbell","trs":null,"fm":null,"eur":null,"perft":null,"sound":false}},{"type":"Feature","geometry":{"type":"Point","coordinates":[-105.4927,43.6989]},"properties":{"api":"4900579317","name":"Hay Creek Fed 15-034372-5XNH","op":null,"co":"Campbell","trs":null,"fm":null,"eur":null,"perft":null,"sound":false}},{"type":"Feature","geometry":{"type":"Point","coordinates":[-105.689,43.5587]},"properties":{"api":"4900579319","name":"ROLLINS 0113-15H","op":"EOG RESOURCES INC","co":"Campbell","trs":"T41N R74W S1","fm":null,"eur":null,"perft":null,"sound":false}},{"type":"Feature","geometry":{"type":"Point","coordinates":[-105.6891,43.5587]},"properties":{"api":"4900579320","name":"ROLLINS 0113-14H","op":"EOG RESOURCES INC","co":"Campbell","trs":"T41N R74W S1","fm":null,"eur":null,"perft":null,"sound":false}},{"type":"Feature","geometry":{"type":"Point","coordinates":[-105.6892,43.5587]},"properties":{"api":"4900579321","name":"ROLLINS 0124-13H","op":"EOG RESOURCES INC","co":"Campbell","trs":"T41N R74W S1","fm":null,"eur":null,"perft":null,"sound":false}},{"type":"Feature","geometry":{"type":"Point","coordinates":[-105.6888,43.5587]},"properties":{"api":"4900579322","name":"Hurley 0607-10H","op":"EOG RESOURCES INC","co":"Campbell","trs":"T41N R74W S1","fm":null,"eur":null,"perft":null,"sound":false}},{"type":"Feature","geometry":{"type":"Point","coordinates":[-105.6889,43.5587]},"properties":{"api":"4900579323","name":"Hurley 0607-09H","op":"EOG RESOURCES INC","co":"Campbell","trs":"T41N R74W S1","fm":null,"eur":null,"perft":null,"sound":false}},{"type":"Feature","geometry":{"type":"Point","coordinates":[-105.7173,43.5556]},"properties":{"api":"4900579332","name":"Howitzer 0226-30H","op":null,"co":"Campbell","trs":null,"fm":null,"eur":null,"perft":null,"sound":false}},{"type":"Feature","geometry":{"type":"Point","coordinates":[-105.7172,43.5556]},"properties":{"api":"4900579333","name":"HOWITZER 0226-31H","op":null,"co":"Campbell","trs":null,"fm":null,"eur":null,"perft":null,"sound":false}},{"type":"Feature","geometry":{"type":"Point","coordinates":[-105.7171,43.5556]},"properties":{"api":"4900579334","name":"HOWITZER 0226-32H","op":null,"co":"Campbell","trs":null,"fm":null,"eur":null,"perft":null,"sound":false}},{"type":"Feature","geometry":{"type":"Point","coordinates":[-105.717,43.5556]},"properties":{"api":"4900579335","name":"HOWITZER 0226-33H","op":null,"co":"Campbell","trs":null,"fm":null,"eur":null,"perft":null,"sound":false}},{"type":"Feature","geometry":{"type":"Point","coordinates":[-105.7344,43.56]},"properties":{"api":"4900579336","name":"COYOTE 3422-30H","op":null,"co":"Campbell","trs":null,"fm":null,"eur":null,"perft":null,"sound":false}},{"type":"Feature","geometry":{"type":"Point","coordinates":[-105.7343,43.56]},"properties":{"api":"4900579337","name":"COYOTE 3422-31H","op":null,"co":"Campbell","trs":null,"fm":null,"eur":null,"perft":null,"sound":false}},{"type":"Feature","geometry":{"type":"Point","coordinates":[-105.7343,43.5601]},"properties":{"api":"4900579338","name":"COYOTE 3422-32H","op":null,"co":"Campbell","trs":null,"fm":null,"eur":null,"perft":null,"sound":false}},{"type":"Feature","geometry":{"type":"Point","coordinates":[-105.7342,43.5601]},"properties":{"api":"4900579339","name":"COYOTE 3422-33H","op":null,"co":"Campbell","trs":null,"fm":null,"eur":null,"perft":null,"sound":false}},{"type":"Feature","geometry":{"type":"Point","coordinates":[-105.7341,43.5602]},"properties":{"api":"4900579344","name":"COYOTE 3422-34H","op":null,"co":"Campbell","trs":null,"fm":null,"eur":null,"perft":null,"sound":false}},{"type":"Feature","geometry":{"type":"Point","coordinates":[-105.5768,43.5646]},"properties":{"api":"4900579358","name":"MORRIS 0112-22H","op":"EOG RESOURCES INC","co":"Campbell","trs":"T42N R73W S36","fm":null,"eur":null,"perft":null,"sound":false}},{"type":"Feature","geometry":{"type":"Point","coordinates":[-105.5919,43.5637]},"properties":{"api":"4900579359","name":"REYES 0211-20H","op":"EOG RESOURCES INC","co":"Campbell","trs":"T42N R73W S35","fm":null,"eur":null,"perft":null,"sound":false}},{"type":"Feature","geometry":{"type":"Point","coordinates":[-105.5918,43.5637]},"properties":{"api":"4900579360","name":"REYES 0211-21H","op":"EOG RESOURCES INC","co":"Campbell","trs":"T42N R73W S35","fm":null,"eur":null,"perft":null,"sound":false}},{"type":"Feature","geometry":{"type":"Point","coordinates":[-105.5142,44.9549]},"properties":{"api":"4900521289","name":"UTE MUDDY UNIT 3-7H","op":null,"co":"Campbell","trs":"T57N R72W S3","fm":null,"eur":null,"perft":null,"sound":false}},{"type":"Feature","geometry":{"type":"Point","coordinates":[-105.4887,44.9585]},"properties":{"api":"4900521431","name":"UTE MUDDY UNIT 2-5H","op":null,"co":"Campbell","trs":"T57N R72W S2","fm":null,"eur":null,"perft":null,"sound":false}},{"type":"Feature","geometry":{"type":"Point","coordinates":[-105.3002,43.9155]},"properties":{"api":"4900522617","name":"JAYSON  1-4","op":null,"co":"Campbell","trs":"T46N R70W S32","fm":"MUDDY","eur":null,"perft":null,"sound":false}},{"type":"Feature","geometry":{"type":"Point","coordinates":[-105.9925,44.9554]},"properties":{"api":"4900522705","name":"FENCE CREEK MD SD UN F203H","op":null,"co":"Campbell","trs":"T57N R76W S3","fm":null,"eur":null,"perft":null,"sound":false}},{"type":"Feature","geometry":{"type":"Point","coordinates":[-105.7975,43.9856]},"properties":{"api":"4900523909","name":"HCNU 34-6","op":null,"co":"Campbell","trs":"T46N R74W S6","fm":null,"eur":null,"perft":null,"sound":false}}]}