{"type":"FeatureCollection","features":[{"type":"Feature","geometry":{"type":"Point","coordinates":[-105.8467,44.8414]},"properties":{"api":"4900532489","name":"BREW 11-1","op":"THE TERMO COMPANY","co":"Campbell","st":"WY","trs":"T56N R75W S11","fm":"MUDDY","eur":140523,"perft":null,"sound":true,"fit":"sound","geur":null,"gfit":"refused"}},{"type":"Feature","geometry":{"type":"Point","coordinates":[-105.8399,44.8626]},"properties":{"api":"4900541868","name":"S A CREEK UNIT 1","op":"THE TERMO COMPANY","co":"Campbell","st":"WY","trs":"T56N R75W S1","fm":"MINNELUSA C","eur":678134,"perft":null,"sound":true,"fit":"sound","geur":null,"gfit":"none"}},{"type":"Feature","geometry":{"type":"Point","coordinates":[-105.8462,44.8439]},"properties":{"api":"4900555921","name":"WEST RECLUSE FED 11-1","op":"THE TERMO COMPANY","co":"Campbell","st":"WY","trs":"T56N R75W S11","fm":null,"eur":60801,"perft":null,"sound":true,"fit":"sound","geur":null,"gfit":"refused"}},{"type":"Feature","geometry":{"type":"Point","coordinates":[-105.8485,44.8418]},"properties":{"api":"4900556658","name":"WEST RECLUSE 14-1","op":"THE TERMO COMPANY","co":"Campbell","st":"WY","trs":"T56N R75W S11","fm":"MUDDY","eur":null,"perft":null,"sound":false,"fit":"refused","geur":null,"gfit":"refused"}},{"type":"Feature","geometry":{"type":"Point","coordinates":[-105.88508,44.85924]},"properties":{"api":"4900521757","name":"JOE CREEK UT W-4082A 5","op":"THE TERMO COMPANY","co":"Campbell","st":"WY","trs":"T56N R75W S4","fm":null,"eur":null,"perft":null,"sound":false,"fit":"refused","geur":null,"gfit":"refused"}},{"type":"Feature","geometry":{"type":"Point","coordinates":[-105.87456,44.86619]},"properties":{"api":"4900522438","name":"JOE CREEK UT W-4082A 3","op":"THE TERMO COMPANY","co":"Campbell","st":"WY","trs":"T56N R75W S3","fm":null,"eur":75673,"perft":null,"sound":true,"fit":"sound","geur":null,"gfit":"refused"}},{"type":"Feature","geometry":{"type":"Point","coordinates":[-105.88054,44.83985]},"properties":{"api":"4900523084","name":"JOE CREEK UT PATENT 10","op":"THE TERMO COMPANY","co":"Campbell","st":"WY","trs":"T56N R75W S10","fm":null,"eur":null,"perft":null,"sound":false,"fit":"refused","geur":null,"gfit":"refused"}},{"type":"Feature","geometry":{"type":"Point","coordinates":[-105.87616,44.84329]},"properties":{"api":"4900523103","name":"JOE CREEK UT PATENT 9","op":"THE TERMO COMPANY","co":"Campbell","st":"WY","trs":"T56N R75W S10","fm":null,"eur":null,"perft":null,"sound":false,"fit":"refused","geur":null,"gfit":"refused"}},{"type":"Feature","geometry":{"type":"Point","coordinates":[-105.83851,44.86621]},"properties":{"api":"4900527333","name":"SAND DRAW FEDERAL 1-1","op":"THE TERMO COMPANY","co":"Campbell","st":"WY","trs":"T56N R75W S1","fm":"MINNELUSA","eur":486426,"perft":null,"sound":true,"fit":"sound","geur":null,"gfit":"none"}},{"type":"Feature","geometry":{"type":"Point","coordinates":[-105.84684,44.83557]},"properties":{"api":"4900531041","name":"CKS 1","op":"THE TERMO COMPANY","co":"Campbell","st":"WY","trs":"T56N R75W S14","fm":null,"eur":165635,"perft":null,"sound":true,"fit":"sound","geur":151864,"gfit":"sound"}},{"type":"Feature","geometry":{"type":"Point","coordinates":[-105.83947,44.83455]},"properties":{"api":"4900531370","name":"BJB FEDERAL 1-13","op":"THE TERMO COMPANY","co":"Campbell","st":"WY","trs":"T56N R75W S13","fm":"MUDDY","eur":null,"perft":null,"sound":false,"fit":"refused","geur":null,"gfit":"refused"}},{"type":"Feature","geometry":{"type":"Point","coordinates":[-105.84841,44.86653]},"properties":{"api":"4900541620","name":"TERMO TOMPKINS 2-2","op":"THE TERMO COMPANY","co":"Campbell","st":"WY","trs":"T56N R75W S2","fm":"MUDDY","eur":null,"perft":null,"sound":false,"fit":"refused","geur":null,"gfit":"none"}},{"type":"Feature","geometry":{"type":"Point","coordinates":[-105.84619,44.84403]},"properties":{"api":"4900556636","name":"WEST RECLUSE FED 11-2","op":"THE TERMO COMPANY","co":"Campbell","st":"WY","trs":"T56N R75W S11","fm":"MUDDY","eur":null,"perft":null,"sound":false,"fit":"refused","geur":null,"gfit":"refused"}},{"type":"Feature","geometry":{"type":"Point","coordinates":[-105.92667,44.85917]},"properties":{"api":"4900557806","name":"LX BAR CS FEDERAL 9","op":"EOG RESOURCES INC","co":"Campbell","st":"WY","trs":"T56N R75W S6","fm":null,"eur":null,"perft":null,"sound":false,"fit":"none","geur":null,"gfit":"refused"}},{"type":"Feature","geometry":{"type":"Point","coordinates":[-105.93722,44.85889]},"properties":{"api":"4900557807","name":"LX BAR CS FEDERAL 10","op":"EOG RESOURCES INC","co":"Campbell","st":"WY","trs":"T56N R75W S6","fm":null,"eur":null,"perft":null,"sound":false,"fit":"none","geur":null,"gfit":"refused"}},{"type":"Feature","geometry":{"type":"Point","coordinates":[-105.94028,44.85444]},"properties":{"api":"4900557808","name":"LX BAR CS FEDERAL 11","op":"EOG RESOURCES INC","co":"Campbell","st":"WY","trs":"T56N R75W S6","fm":null,"eur":null,"perft":null,"sound":false,"fit":"none","geur":null,"gfit":"refused"}},{"type":"Feature","geometry":{"type":"Point","coordinates":[-105.93111,44.85528]},"properties":{"api":"4900557809","name":"LX BAR CS FEDERAL 12","op":"EOG RESOURCES INC","co":"Campbell","st":"WY","trs":"T56N R75W S6","fm":null,"eur":null,"perft":null,"sound":false,"fit":"none","geur":null,"gfit":"refused"}},{"type":"Feature","geometry":{"type":"Point","coordinates":[-105.915,44.85194]},"properties":{"api":"4900557810","name":"LX BAR CS FEDERAL 17","op":"EOG RESOURCES INC","co":"Campbell","st":"WY","trs":"T56N R75W S8","fm":null,"eur":null,"perft":null,"sound":false,"fit":"none","geur":null,"gfit":"refused"}},{"type":"Feature","geometry":{"type":"Point","coordinates":[-105.91056,44.84806]},"properties":{"api":"4900557811","name":"LX BAR CS FEDERAL 19","op":"EOG RESOURCES INC","co":"Campbell","st":"WY","trs":"T56N R75W S8","fm":null,"eur":null,"perft":null,"sound":false,"fit":"none","geur":null,"gfit":"refused"}},{"type":"Feature","geometry":{"type":"Point","coordinates":[-105.92056,44.84833]},"properties":{"api":"4900557812","name":"LX BAR CS FEDERAL 18","op":"EOG RESOURCES INC","co":"Campbell","st":"WY","trs":"T56N R75W S8","fm":null,"eur":null,"perft":null,"sound":false,"fit":"none","geur":null,"gfit":"refused"}},{"type":"Feature","geometry":{"type":"Point","coordinates":[-105.93235,44.86358]},"properties":{"api":"4900557813","name":"LX BAR CS FEDERAL 8","op":"EOG RESOURCES INC","co":"Campbell","st":"WY","trs":"T56N R75W S6","fm":null,"eur":null,"perft":null,"sound":false,"fit":"none","geur":null,"gfit":"refused"}},{"type":"Feature","geometry":{"type":"Point","coordinates":[-105.93833,44.86694]},"properties":{"api":"4900557820","name":"LX BAR CS FEDERAL 6","op":"EOG RESOURCES INC","co":"Campbell","st":"WY","trs":"T56N R75W S6","fm":null,"eur":null,"perft":null,"sound":false,"fit":"none","geur":null,"gfit":"refused"}},{"type":"Feature","geometry":{"type":"Point","coordinates":[-105.92861,44.8675]},"properties":{"api":"4900557821","name":"LX BAR CS FEDERAL 5","op":"EOG RESOURCES INC","co":"Campbell","st":"WY","trs":"T56N R75W S6","fm":null,"eur":null,"perft":null,"sound":false,"fit":"none","geur":null,"gfit":"refused"}},{"type":"Feature","geometry":{"type":"Point","coordinates":[-105.92111,44.85639]},"properties":{"api":"4900557822","name":"LX BAR CS FEDERAL 3","op":"EOG RESOURCES INC","co":"Campbell","st":"WY","trs":"T56N R75W S5","fm":null,"eur":null,"perft":null,"sound":false,"fit":"none","geur":null,"gfit":"refused"}},{"type":"Feature","geometry":{"type":"Point","coordinates":[-105.92306,44.86361]},"properties":{"api":"4900557823","name":"LX BAR CS FED COM 2","op":"EOG RESOURCES INC","co":"Campbell","st":"WY","trs":"T56N R75W S5","fm":null,"eur":null,"perft":null,"sound":false,"fit":"none","geur":null,"gfit":"refused"}},{"type":"Feature","geometry":{"type":"Point","coordinates":[-105.90721,44.86722]},"properties":{"api":"4900557824","name":"LX BAR CS FEDERAL 1","op":"EOG RESOURCES INC","co":"Campbell","st":"WY","trs":"T56N R75W S5","fm":null,"eur":null,"perft":null,"sound":false,"fit":"none","geur":null,"gfit":"refused"}},{"type":"Feature","geometry":{"type":"Point","coordinates":[-105.91222,44.85639]},"properties":{"api":"4900557884","name":"LX BAR CS FED COM 4","op":"EOG RESOURCES INC","co":"Campbell","st":"WY","trs":"T56N R75W S5","fm":null,"eur":null,"perft":null,"sound":false,"fit":"none","geur":61284,"gfit":"sound"}},{"type":"Feature","geometry":{"type":"Point","coordinates":[-105.94012,44.84584]},"properties":{"api":"4900557885","name":"LX BAR CS FED 15","op":"EOG RESOURCES INC","co":"Campbell","st":"WY","trs":"T56N R75W S7","fm":null,"eur":null,"perft":null,"sound":false,"fit":"none","geur":null,"gfit":"refused"}},{"type":"Feature","geometry":{"type":"Point","coordinates":[-105.92562,44.83676]},"properties":{"api":"4900558250","name":"BAND CS FEDERAL COM 1","op":"EOG RESOURCES INC","co":"Campbell","st":"WY","trs":"T56N R75W S18","fm":null,"eur":null,"perft":null,"sound":false,"fit":"none","geur":null,"gfit":"refused"}},{"type":"Feature","geometry":{"type":"Point","coordinates":[-105.92528,44.85222]},"properties":{"api":"4900558251","name":"LX BAR CS FEDERAL 13","op":"EOG RESOURCES INC","co":"Campbell","st":"WY","trs":"T56N R75W S7","fm":null,"eur":null,"perft":null,"sound":false,"fit":"none","geur":null,"gfit":"refused"}},{"type":"Feature","geometry":{"type":"Point","coordinates":[-105.93642,44.84321]},"properties":{"api":"4900558252","name":"STRIPE CS FEDERAL 2","op":"EOG RESOURCES INC","co":"Campbell","st":"WY","trs":"T56N R75W S7","fm":null,"eur":null,"perft":null,"sound":false,"fit":"none","geur":null,"gfit":"refused"}},{"type":"Feature","geometry":{"type":"Point","coordinates":[-105.935,44.85194]},"properties":{"api":"4900558253","name":"LX BAR CS FEDERAL 14","op":"EOG RESOURCES INC","co":"Campbell","st":"WY","trs":"T56N R75W S7","fm":null,"eur":null,"perft":null,"sound":false,"fit":"none","geur":null,"gfit":"refused"}},{"type":"Feature","geometry":{"type":"Point","coordinates":[-105.93007,44.84817]},"properties":{"api":"4900558255","name":"LX BAR CS FEDERAL 16","op":"EOG RESOURCES INC","co":"Campbell","st":"WY","trs":"T56N R75W S7","fm":null,"eur":null,"perft":null,"sound":false,"fit":"none","geur":null,"gfit":"refused"}},{"type":"Feature","geometry":{"type":"Point","coordinates":[-105.92556,44.84306]},"properties":{"api":"4900558264","name":"STRIPE CS FEDERAL 1","op":"EOG RESOURCES INC","co":"Campbell","st":"WY","trs":"T56N R75W S7","fm":null,"eur":null,"perft":null,"sound":false,"fit":"none","geur":null,"gfit":"refused"}},{"type":"Feature","geometry":{"type":"Point","coordinates":[-105.87452,44.84775]},"properties":{"api":"4900535764","name":"GREENOUGH 6L-10 56-75","op":"STORM CAT ENERGY USA OPERATING CORP","co":"Campbell","st":"WY","trs":"T56N R75W S10","fm":null,"eur":null,"perft":null,"sound":false,"fit":"none","geur":null,"gfit":"refused"}},{"type":"Feature","geometry":{"type":"Point","coordinates":[-105.87562,44.86644]},"properties":{"api":"4900535766","name":"MANIGAULT FED 3LW-3 56-75","op":"STORM CAT ENERGY USA OPERATING CORP","co":"Campbell","st":"WY","trs":"T56N R75W S3","fm":null,"eur":null,"perft":null,"sound":false,"fit":"none","geur":346667,"gfit":"sound"}},{"type":"Feature","geometry":{"type":"Point","coordinates":[-105.86455,44.866]},"properties":{"api":"4900535768","name":"MANIGAULT FED 1LW-3 56-75","op":"STORM CAT ENERGY USA OPERATING CORP","co":"Campbell","st":"WY","trs":"T56N R75W S3","fm":null,"eur":null,"perft":null,"sound":false,"fit":"none","geur":297784,"gfit":"sound"}},{"type":"Feature","geometry":{"type":"Point","coordinates":[-105.8601,44.86164]},"properties":{"api":"4900535769","name":"MANIGAULT FED 5LW-2 56-75","op":"STORM CAT ENERGY USA OPERATING CORP","co":"Campbell","st":"WY","trs":"T56N R75W S2","fm":null,"eur":null,"perft":null,"sound":false,"fit":"none","geur":209074,"gfit":"sound"}},{"type":"Feature","geometry":{"type":"Point","coordinates":[-105.85456,44.86544]},"properties":{"api":"4900535774","name":"FEDERAL 3LW-2 56-75","op":"STORM CAT ENERGY USA OPERATING CORP","co":"Campbell","st":"WY","trs":"T56N R75W S2","fm":null,"eur":null,"perft":null,"sound":false,"fit":"none","geur":null,"gfit":"refused"}},{"type":"Feature","geometry":{"type":"Point","coordinates":[-105.88575,44.8667]},"properties":{"api":"4900535778","name":"MANIGAULT FED 1LW-4 56-75","op":"STORM CAT ENERGY USA OPERATING CORP","co":"Campbell","st":"WY","trs":"T56N R75W S4","fm":null,"eur":null,"perft":null,"sound":false,"fit":"none","geur":630526,"gfit":"sound"}},{"type":"Feature","geometry":{"type":"Point","coordinates":[-105.87001,44.86232]},"properties":{"api":"4900535780","name":"MANIGAULT FED 7LW-3 56-75","op":"STORM CAT ENERGY USA OPERATING CORP","co":"Campbell","st":"WY","trs":"T56N R75W S3","fm":null,"eur":null,"perft":null,"sound":false,"fit":"none","geur":null,"gfit":"refused"}},{"type":"Feature","geometry":{"type":"Point","coordinates":[-105.87985,44.86263]},"properties":{"api":"4900535781","name":"MANIGAULT FED 5LW-3 56-75","op":"STORM CAT ENERGY USA OPERATING CORP","co":"Campbell","st":"WY","trs":"T56N R75W S3","fm":null,"eur":null,"perft":null,"sound":false,"fit":"none","geur":null,"gfit":"refused"}},{"type":"Feature","geometry":{"type":"Point","coordinates":[-105.87896,44.85107]},"properties":{"api":"4900536076","name":"COONES 4L-10 56-75","op":"STORM CAT ENERGY USA OPERATING CORP","co":"Campbell","st":"WY","trs":"T56N R75W S10","fm":null,"eur":null,"perft":null,"sound":false,"fit":"none","geur":null,"gfit":"refused"}},{"type":"Feature","geometry":{"type":"Point","coordinates":[-105.8344,44.86625]},"properties":{"api":"4900537718","name":"HUBER FEDERAL 3-1-56-75","op":"STORM CAT ENERGY USA OPERATING CORP","co":"Campbell","st":"WY","trs":"T56N R75W S1","fm":null,"eur":null,"perft":null,"sound":false,"fit":"none","geur":223495,"gfit":"sound"}},{"type":"Feature","geometry":{"type":"Point","coordinates":[-105.82893,44.86238]},"properties":{"api":"4900537719","name":"FEDERAL 7-1-56-75","op":"STORM CAT ENERGY USA OPERATING CORP","co":"Campbell","st":"WY","trs":"T56N R75W S1","fm":null,"eur":null,"perft":null,"sound":false,"fit":"none","geur":292418,"gfit":"sound"}},{"type":"Feature","geometry":{"type":"Point","coordinates":[-105.84547,44.85902]},"properties":{"api":"4900537721","name":"FEDERAL/MANIGAULT 9-2-56-75","op":"STORM CAT ENERGY USA OPERATING CORP","co":"Campbell","st":"WY","trs":"T56N R75W S2","fm":null,"eur":null,"perft":null,"sound":false,"fit":"none","geur":361134,"gfit":"sound"}},{"type":"Feature","geometry":{"type":"Point","coordinates":[-105.85381,44.85871]},"properties":{"api":"4900537722","name":"FEDERAL/MANIGAULT 11-2-56-75","op":"STORM CAT ENERGY USA OPERATING CORP","co":"Campbell","st":"WY","trs":"T56N R75W S2","fm":null,"eur":null,"perft":null,"sound":false,"fit":"none","geur":206983,"gfit":"sound"}},{"type":"Feature","geometry":{"type":"Point","coordinates":[-105.85918,44.85512]},"properties":{"api":"4900537723","name":"FEDERAL/MANIGAULT 13-2-56-75","op":"STORM CAT ENERGY USA OPERATING CORP","co":"Campbell","st":"WY","trs":"T56N R75W S2","fm":null,"eur":null,"perft":null,"sound":false,"fit":"none","geur":374041,"gfit":"sound"}},{"type":"Feature","geometry":{"type":"Point","coordinates":[-105.84309,44.85135]},"properties":{"api":"4900537731","name":"MANIGAULT FED 1LW-11 56-75","op":"STORM CAT ENERGY USA OPERATING CORP","co":"Campbell","st":"WY","trs":"T56N R75W S11","fm":null,"eur":null,"perft":null,"sound":false,"fit":"none","geur":404558,"gfit":"sound"}},{"type":"Feature","geometry":{"type":"Point","coordinates":[-105.83366,44.85147]},"properties":{"api":"4900537733","name":"MANIGAULT FED 3LW-12 56-75","op":"STORM CAT ENERGY USA OPERATING CORP","co":"Campbell","st":"WY","trs":"T56N R75W S12","fm":null,"eur":null,"perft":null,"sound":false,"fit":"none","geur":346824,"gfit":"sound"}},{"type":"Feature","geometry":{"type":"Point","coordinates":[-105.83938,44.84775]},"properties":{"api":"4900537734","name":"MANIGAULT FED 5LW-12 56-75","op":"STORM CAT ENERGY USA OPERATING CORP","co":"Campbell","st":"WY","trs":"T56N R75W S12","fm":null,"eur":null,"perft":null,"sound":false,"fit":"none","geur":null,"gfit":"refused"}},{"type":"Feature","geometry":{"type":"Point","coordinates":[-105.82363,44.84393]},"properties":{"api":"4900537736","name":"MANIGAULT FED 9LW-12 56-75","op":"STORM CAT ENERGY USA OPERATING CORP","co":"Campbell","st":"WY","trs":"T56N R75W S12","fm":null,"eur":null,"perft":null,"sound":false,"fit":"none","geur":null,"gfit":"refused"}},{"type":"Feature","geometry":{"type":"Point","coordinates":[-105.83358,44.84469]},"properties":{"api":"4900537737","name":"MANIGAULT FED 11LW-12 56-75","op":"STORM CAT ENERGY USA OPERATING CORP","co":"Campbell","st":"WY","trs":"T56N R75W S12","fm":null,"eur":null,"perft":null,"sound":false,"fit":"none","geur":null,"gfit":"refused"}},{"type":"Feature","geometry":{"type":"Point","coordinates":[-105.82896,44.84088]},"properties":{"api":"4900537739","name":"MANIGAULT FED 15LW-12 56-75","op":"STORM CAT ENERGY USA OPERATING CORP","co":"Campbell","st":"WY","trs":"T56N R75W S12","fm":null,"eur":null,"perft":null,"sound":false,"fit":"none","geur":null,"gfit":"refused"}},{"type":"Feature","geometry":{"type":"Point","coordinates":[-105.87579,44.83955]},"properties":{"api":"4900537885","name":"GREENOUGH 10NX-C2","op":"STORM CAT ENERGY USA OPERATING CORP","co":"Campbell","st":"WY","trs":"T56N R75W S10","fm":null,"eur":null,"perft":null,"sound":false,"fit":"none","geur":null,"gfit":"refused"}},{"type":"Feature","geometry":{"type":"Point","coordinates":[-105.84705,44.83594]},"properties":{"api":"4900538722","name":"MANIGAULT 2-14-56-75","op":"STORM CAT ENERGY USA OPERATING CORP","co":"Campbell","st":"WY","trs":"T56N R75W S14","fm":null,"eur":null,"perft":null,"sound":false,"fit":"none","geur":73861,"gfit":"sound"}},{"type":"Feature","geometry":{"type":"Point","coordinates":[-105.8546,44.83682]},"properties":{"api":"4900538725","name":"MANIGAULT 3C-14-56-75","op":"STORM CAT ENERGY USA OPERATING CORP","co":"Campbell","st":"WY","trs":"T56N R75W S14","fm":null,"eur":null,"perft":null,"sound":false,"fit":"none","geur":null,"gfit":"refused"}},{"type":"Feature","geometry":{"type":"Point","coordinates":[-105.84391,44.84012]},"properties":{"api":"4900538726","name":"HUBER MANIGAULT 16-11-56-75","op":"STORM CAT ENERGY USA OPERATING CORP","co":"Campbell","st":"WY","trs":"T56N R75W S11","fm":null,"eur":null,"perft":null,"sound":false,"fit":"none","geur":81946,"gfit":"sound"}},{"type":"Feature","geometry":{"type":"Point","coordinates":[-105.85475,44.83289]},"properties":{"api":"4900538727","name":"MANIGAULT 6-14-56-75","op":"STORM CAT ENERGY USA OPERATING CORP","co":"Campbell","st":"WY","trs":"T56N R75W S14","fm":null,"eur":null,"perft":null,"sound":false,"fit":"none","geur":182488,"gfit":"sound"}},{"type":"Feature","geometry":{"type":"Point","coordinates":[-105.85971,44.83695]},"properties":{"api":"4900538728","name":"MANIGAULT 4-14-56-75","op":"STORM CAT ENERGY USA OPERATING CORP","co":"Campbell","st":"WY","trs":"T56N R75W S14","fm":null,"eur":null,"perft":null,"sound":false,"fit":"none","geur":null,"gfit":"refused"}},{"type":"Feature","geometry":{"type":"Point","coordinates":[-105.8334,44.86236]},"properties":{"api":"4900538742","name":"HUBER MANIGAULT 6-1-56-75","op":"STORM CAT ENERGY USA OPERATING CORP","co":"Campbell","st":"WY","trs":"T56N R75W S1","fm":null,"eur":null,"perft":null,"sound":false,"fit":"none","geur":455375,"gfit":"sound"}},{"type":"Feature","geometry":{"type":"Point","coordinates":[-105.85426,44.84035]},"properties":{"api":"4900538743","name":"HUBER MANIGAULT 14-11-56-75","op":"STORM CAT ENERGY USA OPERATING CORP","co":"Campbell","st":"WY","trs":"T56N R75W S11","fm":null,"eur":null,"perft":null,"sound":false,"fit":"none","geur":null,"gfit":"refused"}},{"type":"Feature","geometry":{"type":"Point","coordinates":[-105.84414,44.86581]},"properties":{"api":"4900538744","name":"HUBER MANIGAULT  1P-2-56-75","op":"STORM CAT ENERGY USA OPERATING CORP","co":"Campbell","st":"WY","trs":"T56N R75W S2","fm":null,"eur":null,"perft":null,"sound":false,"fit":"none","geur":290299,"gfit":"sound"}},{"type":"Feature","geometry":{"type":"Point","coordinates":[-105.84856,44.86609]},"properties":{"api":"4900538745","name":"HUBER MANIGAULT 2-2-56-75","op":"STORM CAT ENERGY USA OPERATING CORP","co":"Campbell","st":"WY","trs":"T56N R75W S2","fm":null,"eur":null,"perft":null,"sound":false,"fit":"none","geur":null,"gfit":"refused"}},{"type":"Feature","geometry":{"type":"Point","coordinates":[-105.84374,44.82267]},"properties":{"api":"4900538746","name":"HUBER MANIGAULT 1-23-56-75","op":"STORM CAT ENERGY USA OPERATING CORP","co":"Campbell","st":"WY","trs":"T56N R75W S23","fm":null,"eur":null,"perft":null,"sound":false,"fit":"none","geur":null,"gfit":"refused"}},{"type":"Feature","geometry":{"type":"Point","coordinates":[-105.84918,44.81848]},"properties":{"api":"4900538747","name":"HUBER MANIGAULT 7-23-56-75","op":"STORM CAT ENERGY USA OPERATING CORP","co":"Campbell","st":"WY","trs":"T56N R75W S23","fm":null,"eur":null,"perft":null,"sound":false,"fit":"none","geur":null,"gfit":"refused"}},{"type":"Feature","geometry":{"type":"Point","coordinates":[-105.84396,44.81936]},"properties":{"api":"4900538748","name":"HUBER MANIGAULT 8X-23-56-75","op":"STORM CAT ENERGY USA OPERATING CORP","co":"Campbell","st":"WY","trs":"T56N R75W S23","fm":null,"eur":null,"perft":null,"sound":false,"fit":"none","geur":null,"gfit":"refused"}},{"type":"Feature","geometry":{"type":"Point","coordinates":[-105.84388,44.8153]},"properties":{"api":"4900538749","name":"HUBER MANIGAULT 9-23-56-75","op":"STORM CAT ENERGY USA OPERATING CORP","co":"Campbell","st":"WY","trs":"T56N R75W S23","fm":null,"eur":null,"perft":null,"sound":false,"fit":"none","geur":null,"gfit":"refused"}},{"type":"Feature","geometry":{"type":"Point","coordinates":[-105.83885,44.81874]},"properties":{"api":"4900538750","name":"HUBER MANIGAULT 5-24-56-75","op":"STORM CAT ENERGY USA OPERATING CORP","co":"Campbell","st":"WY","trs":"T56N R75W S24","fm":null,"eur":null,"perft":null,"sound":false,"fit":"none","geur":null,"gfit":"refused"}},{"type":"Feature","geometry":{"type":"Point","coordinates":[-105.83882,44.81171]},"properties":{"api":"4900538752","name":"HUBER MANIGAULT 13-24-56-75","op":"STORM CAT ENERGY USA OPERATING CORP","co":"Campbell","st":"WY","trs":"T56N R75W S24","fm":null,"eur":null,"perft":null,"sound":false,"fit":"none","geur":null,"gfit":"refused"}},{"type":"Feature","geometry":{"type":"Point","coordinates":[-105.84367,44.83774]},"properties":{"api":"4900539095","name":"HUBER MANIGAULT 1A-14-56-75","op":"STORM CAT ENERGY USA OPERATING CORP","co":"Campbell","st":"WY","trs":"T56N R75W S14","fm":null,"eur":null,"perft":null,"sound":false,"fit":"none","geur":100285,"gfit":"sound"}},{"type":"Feature","geometry":{"type":"Point","coordinates":[-105.83911,44.81889]},"properties":{"api":"4900540353","name":"HUBER MANIGAULT 5C-24-56-75","op":"STORM CAT ENERGY USA OPERATING CORP","co":"Campbell","st":"WY","trs":"T56N R75W S24","fm":null,"eur":null,"perft":null,"sound":false,"fit":"none","geur":null,"gfit":"refused"}},{"type":"Feature","geometry":{"type":"Point","coordinates":[-105.8388,44.81146]},"properties":{"api":"4900541276","name":"HUBER MANIGAULT 13C-24-56-75","op":"STORM CAT ENERGY USA OPERATING CORP","co":"Campbell","st":"WY","trs":"T56N R75W S24","fm":null,"eur":null,"perft":null,"sound":false,"fit":"none","geur":81951,"gfit":"sound"}},{"type":"Feature","geometry":{"type":"Point","coordinates":[-105.84942,44.81867]},"properties":{"api":"4900541277","name":"HUBER MANIGAULT 7C-23-56-75","op":"STORM CAT ENERGY USA OPERATING CORP","co":"Campbell","st":"WY","trs":"T56N R75W S23","fm":null,"eur":null,"perft":null,"sound":false,"fit":"none","geur":null,"gfit":"refused"}},{"type":"Feature","geometry":{"type":"Point","coordinates":[-105.84412,44.81544]},"properties":{"api":"4900541278","name":"HUBER MANIGAULT 9C-23-56-75","op":"STORM CAT ENERGY USA OPERATING CORP","co":"Campbell","st":"WY","trs":"T56N R75W S23","fm":null,"eur":null,"perft":null,"sound":false,"fit":"none","geur":null,"gfit":"refused"}},{"type":"Feature","geometry":{"type":"Point","coordinates":[-105.8489,44.85541]},"properties":{"api":"4900543202","name":"FEDERAL MANIGAULT 15-2-56-75","op":"STORM CAT ENERGY USA OPERATING CORP","co":"Campbell","st":"WY","trs":"T56N R75W S2","fm":null,"eur":null,"perft":null,"sound":false,"fit":"none","geur":222297,"gfit":"sound"}},{"type":"Feature","geometry":{"type":"Point","coordinates":[-105.85675,44.84899]},"properties":{"api":"4900543203","name":"FEDERAL MANIGAULT 5-11-56-75","op":"STORM CAT ENERGY USA OPERATING CORP","co":"Campbell","st":"WY","trs":"T56N R75W S11","fm":null,"eur":null,"perft":null,"sound":false,"fit":"none","geur":323622,"gfit":"sound"}},{"type":"Feature","geometry":{"type":"Point","coordinates":[-105.85441,44.85143]},"properties":{"api":"4900543204","name":"FEDERAL MANIGAULT 3-11-56-75","op":"STORM CAT ENERGY USA OPERATING CORP","co":"Campbell","st":"WY","trs":"T56N R75W S11","fm":null,"eur":null,"perft":null,"sound":false,"fit":"none","geur":230482,"gfit":"sound"}},{"type":"Feature","geometry":{"type":"Point","coordinates":[-105.82177,44.86668]},"properties":{"api":"4900543205","name":"FEDERAL 1-1-56-75","op":"STORM CAT ENERGY USA OPERATING CORP","co":"Campbell","st":"WY","trs":"T56N R75W S1","fm":null,"eur":null,"perft":null,"sound":false,"fit":"none","geur":null,"gfit":"refused"}},{"type":"Feature","geometry":{"type":"Point","coordinates":[-105.8545,44.83693]},"properties":{"api":"4900544377","name":"HUBER MANIGAULT 3P-14-56-75","op":"STORM CAT ENERGY USA OPERATING CORP","co":"Campbell","st":"WY","trs":"T56N R75W S14","fm":null,"eur":null,"perft":null,"sound":false,"fit":"none","geur":null,"gfit":"refused"}},{"type":"Feature","geometry":{"type":"Point","coordinates":[-105.93197,44.78139]},"properties":{"api":"4900544475","name":"ODEGARD 31AC-15","op":"DEVON ENERGY PRODUCTION COMPANY LP","co":"Campbell","st":"WY","trs":"T56N R75W S31","fm":null,"eur":null,"perft":null,"sound":false,"fit":"none","geur":556112,"gfit":"sound"}},{"type":"Feature","geometry":{"type":"Point","coordinates":[-105.93169,44.78144]},"properties":{"api":"4900544476","name":"ODEGARD 31K-15","op":"DEVON ENERGY PRODUCTION COMPANY LP","co":"Campbell","st":"WY","trs":"T56N R75W S31","fm":null,"eur":null,"perft":null,"sound":false,"fit":"none","geur":423186,"gfit":"sound"}},{"type":"Feature","geometry":{"type":"Point","coordinates":[-105.93639,44.78511]},"properties":{"api":"4900544479","name":"ODEGARD 31K-11","op":"DEVON ENERGY PRODUCTION COMPANY LP","co":"Campbell","st":"WY","trs":"T56N R75W S31","fm":null,"eur":null,"perft":null,"sound":false,"fit":"none","geur":636169,"gfit":"sound"}},{"type":"Feature","geometry":{"type":"Point","coordinates":[-105.86084,44.83913]},"properties":{"api":"4900544883","name":"MANIGAULT 13P-11-56-75","op":"STORM CAT ENERGY USA OPERATING CORP","co":"Campbell","st":"WY","trs":"T56N R75W S11","fm":null,"eur":null,"perft":null,"sound":false,"fit":"none","geur":null,"gfit":"refused"}},{"type":"Feature","geometry":{"type":"Point","coordinates":[-105.85432,44.84154]},"properties":{"api":"4900544948","name":"MANIGAULT 15P 11 56-75","op":"STORM CAT ENERGY USA OPERATING CORP","co":"Campbell","st":"WY","trs":"T56N R75W S11","fm":null,"eur":null,"perft":null,"sound":false,"fit":"none","geur":null,"gfit":"refused"}},{"type":"Feature","geometry":{"type":"Point","coordinates":[-105.93745,44.7928]},"properties":{"api":"4900545153","name":"M B ODEGARD FEDERAL 31AC-3","op":"DEVON ENERGY PRODUCTION COMPANY LP","co":"Campbell","st":"WY","trs":"T56N R75W S31","fm":null,"eur":null,"perft":null,"sound":false,"fit":"none","geur":null,"gfit":"refused"}},{"type":"Feature","geometry":{"type":"Point","coordinates":[-105.93756,44.7926]},"properties":{"api":"4900545154","name":"M B ODEGARD FEDERAL 31K-3","op":"DEVON ENERGY PRODUCTION COMPANY LP","co":"Campbell","st":"WY","trs":"T56N R75W S31","fm":null,"eur":null,"perft":null,"sound":false,"fit":"none","geur":null,"gfit":"none"}},{"type":"Feature","geometry":{"type":"Point","coordinates":[-105.89061,44.84757]},"properties":{"api":"4900549947","name":"MANIGAULT FED 7LW-9 56-75","op":"STORM CAT ENERGY USA OPERATING CORP","co":"Campbell","st":"WY","trs":"T56N R75W S9","fm":null,"eur":null,"perft":null,"sound":false,"fit":"none","geur":null,"gfit":"refused"}},{"type":"Feature","geometry":{"type":"Point","coordinates":[-105.84946,44.82604]},"properties":{"api":"4900549959","name":"MANIGAULT FED 15LW-14 56-75","op":"STORM CAT ENERGY USA OPERATING CORP","co":"Campbell","st":"WY","trs":"T56N R75W S14","fm":null,"eur":null,"perft":null,"sound":false,"fit":"none","geur":null,"gfit":"refused"}},{"type":"Feature","geometry":{"type":"Point","coordinates":[-105.8234,44.85905]},"properties":{"api":"4900549964","name":"MANIGAULT FED 9LW-1 56-75","op":"STORM CAT ENERGY USA OPERATING CORP","co":"Campbell","st":"WY","trs":"T56N R75W S1","fm":null,"eur":null,"perft":null,"sound":false,"fit":"none","geur":null,"gfit":"none"}},{"type":"Feature","geometry":{"type":"Point","coordinates":[-105.8456,44.82916]},"properties":{"api":"4900549974","name":"MANIGAULT FED 9LW-14 56-75","op":"STORM CAT ENERGY USA OPERATING CORP","co":"Campbell","st":"WY","trs":"T56N R75W S14","fm":null,"eur":null,"perft":null,"sound":false,"fit":"none","geur":null,"gfit":"none"}},{"type":"Feature","geometry":{"type":"Point","coordinates":[-105.8809,44.85523]},"properties":{"api":"4900549977","name":"MANIGAULT FED 13LW-3 56-75","op":"STORM CAT ENERGY USA OPERATING CORP","co":"Campbell","st":"WY","trs":"T56N R75W S3","fm":null,"eur":null,"perft":null,"sound":false,"fit":"none","geur":null,"gfit":"refused"}},{"type":"Feature","geometry":{"type":"Point","coordinates":[-105.87536,44.85836]},"properties":{"api":"4900550008","name":"MANIGAULT FED 11LW-3 56-75","op":"STORM CAT ENERGY USA OPERATING CORP","co":"Campbell","st":"WY","trs":"T56N R75W S3","fm":null,"eur":null,"perft":null,"sound":false,"fit":"none","geur":29929,"gfit":"sound"}},{"type":"Feature","geometry":{"type":"Point","coordinates":[-105.88546,44.84366]},"properties":{"api":"4900550015","name":"MANIGAULT FED 9LW-9 56-75","op":"STORM CAT ENERGY USA OPERATING CORP","co":"Campbell","st":"WY","trs":"T56N R75W S9","fm":null,"eur":null,"perft":null,"sound":false,"fit":"none","geur":null,"gfit":"refused"}},{"type":"Feature","geometry":{"type":"Point","coordinates":[-105.88531,44.85077]},"properties":{"api":"4900550070","name":"MANIGAULT FED 1LW-9 56-75","op":"STORM CAT ENERGY USA OPERATING CORP","co":"Campbell","st":"WY","trs":"T56N R75W S9","fm":null,"eur":null,"perft":null,"sound":false,"fit":"none","geur":43434,"gfit":"sound"}},{"type":"Feature","geometry":{"type":"Point","coordinates":[-105.85975,44.82593]},"properties":{"api":"4900550111","name":"MANIGAULT FED 13LW-14 56-75","op":"STORM CAT ENERGY USA OPERATING CORP","co":"Campbell","st":"WY","trs":"T56N R75W S14","fm":null,"eur":null,"perft":null,"sound":false,"fit":"none","geur":null,"gfit":"refused"}},{"type":"Feature","geometry":{"type":"Point","coordinates":[-105.85329,44.82896]},"properties":{"api":"4900550112","name":"MANIGAULT FED 11LW-14 56-75","op":"STORM CAT ENERGY USA OPERATING CORP","co":"Campbell","st":"WY","trs":"T56N R75W S14","fm":null,"eur":null,"perft":null,"sound":false,"fit":"none","geur":null,"gfit":"none"}},{"type":"Feature","geometry":{"type":"Point","coordinates":[-105.89049,44.85496]},"properties":{"api":"4900550113","name":"MANIGAULT FED 15LW-4 56-75","op":"STORM CAT ENERGY USA OPERATING CORP","co":"Campbell","st":"WY","trs":"T56N R75W S4","fm":null,"eur":null,"perft":null,"sound":false,"fit":"none","geur":null,"gfit":"refused"}},{"type":"Feature","geometry":{"type":"Point","coordinates":[-105.85474,44.82249]},"properties":{"api":"4900550115","name":"MANIGAULT FED 3LW-23 56-75","op":"STORM CAT ENERGY USA OPERATING CORP","co":"Campbell","st":"WY","trs":"T56N R75W S23","fm":null,"eur":null,"perft":null,"sound":false,"fit":"none","geur":null,"gfit":"refused"}},{"type":"Feature","geometry":{"type":"Point","coordinates":[-105.86005,44.81984]},"properties":{"api":"4900550271","name":"MANIGAULT FED 5LW-23 56-75","op":"STORM CAT ENERGY USA OPERATING CORP","co":"Campbell","st":"WY","trs":"T56N R75W S23","fm":null,"eur":null,"perft":null,"sound":false,"fit":"none","geur":null,"gfit":"refused"}},{"type":"Feature","geometry":{"type":"Point","coordinates":[-105.88398,44.85826]},"properties":{"api":"4900550623","name":"FEDERAL 9LW-4 56-75","op":"STORM CAT ENERGY USA OPERATING CORP","co":"Campbell","st":"WY","trs":"T56N R75W S4","fm":null,"eur":null,"perft":null,"sound":false,"fit":"none","geur":108554,"gfit":"sound"}},{"type":"Feature","geometry":{"type":"Point","coordinates":[-105.91895,44.86755]},"properties":{"api":"4900552099","name":"MANIGAULT 3CKW-5 56-75","op":"STORM CAT ENERGY USA OPERATING CORP","co":"Campbell","st":"WY","trs":"T56N R75W S5","fm":null,"eur":null,"perft":null,"sound":false,"fit":"none","geur":null,"gfit":"refused"}},{"type":"Feature","geometry":{"type":"Point","coordinates":[-105.91206,44.86358]},"properties":{"api":"4900552100","name":"MANIGAULT 7CKW-5 56-75","op":"STORM CAT ENERGY USA OPERATING CORP","co":"Campbell","st":"WY","trs":"T56N R75W S5","fm":null,"eur":null,"perft":null,"sound":false,"fit":"none","geur":null,"gfit":"refused"}},{"type":"Feature","geometry":{"type":"Point","coordinates":[-105.91641,44.85975]},"properties":{"api":"4900552101","name":"MANIGAULT 11CKW-5 56-75","op":"STORM CAT ENERGY USA OPERATING CORP","co":"Campbell","st":"WY","trs":"T56N R75W S5","fm":null,"eur":null,"perft":null,"sound":false,"fit":"none","geur":519776,"gfit":"sound"}},{"type":"Feature","geometry":{"type":"Point","coordinates":[-105.83543,44.83381]},"properties":{"api":"4900554095","name":"MANIGAULT FED 6LW-13 56-75","op":"STORM CAT ENERGY USA OPERATING CORP","co":"Campbell","st":"WY","trs":"T56N R75W S13","fm":null,"eur":null,"perft":null,"sound":false,"fit":"none","geur":39382,"gfit":"sound"}},{"type":"Feature","geometry":{"type":"Point","coordinates":[-105.84971,44.80376]},"properties":{"api":"4900556961","name":"MANIGAULT FED 7CKW-26 56-75","op":"STORM CAT ENERGY USA OPERATING CORP","co":"Campbell","st":"WY","trs":"T56N R75W S26","fm":null,"eur":null,"perft":null,"sound":false,"fit":"none","geur":null,"gfit":"refused"}},{"type":"Feature","geometry":{"type":"Point","coordinates":[-105.84396,44.80814]},"properties":{"api":"4900556962","name":"MANIGAULT FED 1CKW-26 56-75","op":"STORM CAT ENERGY USA OPERATING CORP","co":"Campbell","st":"WY","trs":"T56N R75W S26","fm":null,"eur":null,"perft":null,"sound":false,"fit":"none","geur":428,"gfit":"sound"}},{"type":"Feature","geometry":{"type":"Point","coordinates":[-105.85501,44.80087]},"properties":{"api":"4900556963","name":"MANIGAULT FED 11CKW-26 56-75","op":"STORM CAT ENERGY USA OPERATING CORP","co":"Campbell","st":"WY","trs":"T56N R75W S26","fm":null,"eur":null,"perft":null,"sound":false,"fit":"none","geur":30301,"gfit":"sound"}},{"type":"Feature","geometry":{"type":"Point","coordinates":[-105.85442,44.81506]},"properties":{"api":"4900556985","name":"MANIGAULT FED 11LW-23 56-75","op":"STORM CAT ENERGY USA OPERATING CORP","co":"Campbell","st":"WY","trs":"T56N R75W S23","fm":null,"eur":null,"perft":null,"sound":false,"fit":"none","geur":null,"gfit":"refused"}},{"type":"Feature","geometry":{"type":"Point","coordinates":[-105.85914,44.81117]},"properties":{"api":"4900556986","name":"MANIGAULT FED 13LW-23 56-75","op":"STORM CAT ENERGY USA OPERATING CORP","co":"Campbell","st":"WY","trs":"T56N R75W S23","fm":null,"eur":null,"perft":null,"sound":false,"fit":"none","geur":null,"gfit":"none"}},{"type":"Feature","geometry":{"type":"Point","coordinates":[-105.85546,44.80649]},"properties":{"api":"4900557354","name":"MANIGAULT FED 3CKW-26 56-75","op":"STORM CAT ENERGY USA OPERATING CORP","co":"Campbell","st":"WY","trs":"T56N R75W S26","fm":null,"eur":null,"perft":null,"sound":false,"fit":"none","geur":null,"gfit":"refused"}},{"type":"Feature","geometry":{"type":"Point","coordinates":[-105.84992,44.81442]},"properties":{"api":"4900558143","name":"MANIGAULT 10PI-23 56-75","op":"STORM CAT ENERGY USA OPERATING CORP","co":"Campbell","st":"WY","trs":"T56N R75W S23","fm":null,"eur":null,"perft":null,"sound":false,"fit":"none","geur":null,"gfit":"none"}},{"type":"Feature","geometry":{"type":"Point","coordinates":[-105.90553,44.85224]},"properties":{"api":"4900558731","name":"MANIGAULT 1CKW-8 56-75","op":"STORM CAT ENERGY USA OPERATING CORP","co":"Campbell","st":"WY","trs":"T56N R75W S8","fm":null,"eur":null,"perft":null,"sound":false,"fit":"none","geur":null,"gfit":"refused"}},{"type":"Feature","geometry":{"type":"Point","coordinates":[-105.86511,44.84464]},"properties":{"api":"4900558732","name":"MANIGAULT 9CKW-10 56-75","op":"STORM CAT ENERGY USA OPERATING CORP","co":"Campbell","st":"WY","trs":"T56N R75W S10","fm":null,"eur":null,"perft":null,"sound":false,"fit":"none","geur":null,"gfit":"refused"}},{"type":"Feature","geometry":{"type":"Point","coordinates":[-105.86891,44.84096]},"properties":{"api":"4900558733","name":"MANIGAULT 15CKW-10 56-75","op":"STORM CAT ENERGY USA OPERATING CORP","co":"Campbell","st":"WY","trs":"T56N R75W S10","fm":null,"eur":null,"perft":null,"sound":false,"fit":"none","geur":null,"gfit":"refused"}},{"type":"Feature","geometry":{"type":"Point","coordinates":[-105.90618,44.85945]},"properties":{"api":"4900558734","name":"MANIGAULT 9CKW-5 56-75","op":"STORM CAT ENERGY USA OPERATING CORP","co":"Campbell","st":"WY","trs":"T56N R75W S5","fm":null,"eur":null,"perft":null,"sound":false,"fit":"none","geur":null,"gfit":"refused"}},{"type":"Feature","geometry":{"type":"Point","coordinates":[-105.86458,44.85102]},"properties":{"api":"4900558735","name":"MANIGAULT 1CKW-10 56-75","op":"STORM CAT ENERGY USA OPERATING CORP","co":"Campbell","st":"WY","trs":"T56N R75W S10","fm":null,"eur":null,"perft":null,"sound":false,"fit":"none","geur":null,"gfit":"refused"}},{"type":"Feature","geometry":{"type":"Point","coordinates":[-105.89462,44.84483]},"properties":{"api":"4900558736","name":"MANIGAULT 11CKW-9 56-75","op":"STORM CAT ENERGY USA OPERATING CORP","co":"Campbell","st":"WY","trs":"T56N R75W S9","fm":null,"eur":null,"perft":null,"sound":false,"fit":"none","geur":null,"gfit":"refused"}},{"type":"Feature","geometry":{"type":"Point","coordinates":[-105.86882,44.84746]},"properties":{"api":"4900558825","name":"MANIGAULT 7CKW-10 56-75","op":"STORM CAT ENERGY USA OPERATING CORP","co":"Campbell","st":"WY","trs":"T56N R75W S10","fm":null,"eur":null,"perft":null,"sound":false,"fit":"none","geur":34894,"gfit":"sound"}},{"type":"Feature","geometry":{"type":"Point","coordinates":[-105.8802,44.83272]},"properties":{"api":"4900549102","name":"MANIGAULT 5C-15","op":"BENCHMARK ENERGY LLC","co":"Campbell","st":"WY","trs":"T56N R75W S15","fm":null,"eur":null,"perft":null,"sound":false,"fit":"none","geur":null,"gfit":"refused"}},{"type":"Feature","geometry":{"type":"Point","coordinates":[-105.86972,44.83361]},"properties":{"api":"4900549103","name":"MANIGAULT 7C-15","op":"BENCHMARK ENERGY LLC","co":"Campbell","st":"WY","trs":"T56N R75W S15","fm":null,"eur":null,"perft":null,"sound":false,"fit":"none","geur":null,"gfit":"refused"}},{"type":"Feature","geometry":{"type":"Point","coordinates":[-105.87444,44.82944]},"properties":{"api":"4900549105","name":"MANIGAULT 11C-15","op":"BENCHMARK ENERGY LLC","co":"Campbell","st":"WY","trs":"T56N R75W S15","fm":null,"eur":null,"perft":null,"sound":false,"fit":"none","geur":31695,"gfit":"sound"}},{"type":"Feature","geometry":{"type":"Point","coordinates":[-105.8802,44.82972]},"properties":{"api":"4900549106","name":"MANIGAULT 12C-15","op":"BENCHMARK ENERGY LLC","co":"Campbell","st":"WY","trs":"T56N R75W S15","fm":null,"eur":null,"perft":null,"sound":false,"fit":"none","geur":8888,"gfit":"sound"}},{"type":"Feature","geometry":{"type":"Point","coordinates":[-105.88021,44.82972]},"properties":{"api":"4900550168","name":"MANIGAULT 5W-15","op":"BENCHMARK ENERGY LLC","co":"Campbell","st":"WY","trs":"T56N R75W S15","fm":null,"eur":null,"perft":null,"sound":false,"fit":"none","geur":null,"gfit":"refused"}},{"type":"Feature","geometry":{"type":"Point","coordinates":[-105.87445,44.82944]},"properties":{"api":"4900550169","name":"MANIGAULT 11W-15","op":"BENCHMARK ENERGY LLC","co":"Campbell","st":"WY","trs":"T56N R75W S15","fm":null,"eur":null,"perft":null,"sound":false,"fit":"none","geur":null,"gfit":"refused"}},{"type":"Feature","geometry":{"type":"Point","coordinates":[-105.88021,44.82972]},"properties":{"api":"4900550170","name":"MANIGAULT 12W-15","op":"BENCHMARK ENERGY LLC","co":"Campbell","st":"WY","trs":"T56N R75W S15","fm":null,"eur":null,"perft":null,"sound":false,"fit":"none","geur":270196,"gfit":"sound"}},{"type":"Feature","geometry":{"type":"Point","coordinates":[-105.86972,44.83363]},"properties":{"api":"4900550989","name":"MANIGAULT 7W-15","op":"BENCHMARK ENERGY LLC","co":"Campbell","st":"WY","trs":"T56N R75W S15","fm":null,"eur":null,"perft":null,"sound":false,"fit":"none","geur":159356,"gfit":"sound"}},{"type":"Feature","geometry":{"type":"Point","coordinates":[-105.875,44.83662]},"properties":{"api":"4900551087","name":"FEDERAL 3C-15","op":"BENCHMARK ENERGY LLC","co":"Campbell","st":"WY","trs":"T56N R75W S15","fm":null,"eur":null,"perft":null,"sound":false,"fit":"none","geur":null,"gfit":"refused"}},{"type":"Feature","geometry":{"type":"Point","coordinates":[-105.875,44.83667]},"properties":{"api":"4900551088","name":"FEDERAL 3W-15","op":"BENCHMARK ENERGY LLC","co":"Campbell","st":"WY","trs":"T56N R75W S15","fm":null,"eur":null,"perft":null,"sound":false,"fit":"none","geur":null,"gfit":"refused"}},{"type":"Feature","geometry":{"type":"Point","coordinates":[-105.87,44.82583]},"properties":{"api":"4900551089","name":"15C-15","op":"BENCHMARK ENERGY LLC","co":"Campbell","st":"WY","trs":"T56N R75W S15","fm":null,"eur":null,"perft":null,"sound":false,"fit":"none","geur":17399,"gfit":"sound"}},{"type":"Feature","geometry":{"type":"Point","coordinates":[-105.87003,44.82585]},"properties":{"api":"4900551090","name":"FEDERAL 15W-15","op":"BENCHMARK ENERGY LLC","co":"Campbell","st":"WY","trs":"T56N R75W S15","fm":null,"eur":null,"perft":null,"sound":false,"fit":"none","geur":null,"gfit":"refused"}},{"type":"Feature","geometry":{"type":"Point","coordinates":[-105.90531,44.84487]},"properties":{"api":"4900552777","name":"MANIGAULT FED 9C-8","op":"BENCHMARK ENERGY LLC","co":"Campbell","st":"WY","trs":"T56N R75W S8","fm":null,"eur":null,"perft":null,"sound":false,"fit":"none","geur":null,"gfit":"refused"}},{"type":"Feature","geometry":{"type":"Point","coordinates":[-105.90518,44.84501]},"properties":{"api":"4900552778","name":"MANIGAULT FED 9W-8","op":"BENCHMARK ENERGY LLC","co":"Campbell","st":"WY","trs":"T56N R75W S8","fm":null,"eur":null,"perft":null,"sound":false,"fit":"none","geur":null,"gfit":"refused"}},{"type":"Feature","geometry":{"type":"Point","coordinates":[-105.91612,44.84401]},"properties":{"api":"4900552779","name":"MANIGAULT FED 11C-8","op":"BENCHMARK ENERGY LLC","co":"Campbell","st":"WY","trs":"T56N R75W S8","fm":null,"eur":null,"perft":null,"sound":false,"fit":"none","geur":150938,"gfit":"sound"}},{"type":"Feature","geometry":{"type":"Point","coordinates":[-105.91589,44.844]},"properties":{"api":"4900552780","name":"MANIGAULT FED 11W-8","op":"BENCHMARK ENERGY LLC","co":"Campbell","st":"WY","trs":"T56N R75W S8","fm":null,"eur":null,"perft":null,"sound":false,"fit":"none","geur":221853,"gfit":"sound"}},{"type":"Feature","geometry":{"type":"Point","coordinates":[-105.92174,44.84107]},"properties":{"api":"4900552781","name":"MANIGAULT FED 13C-8","op":"BENCHMARK ENERGY LLC","co":"Campbell","st":"WY","trs":"T56N R75W S8","fm":null,"eur":null,"perft":null,"sound":false,"fit":"none","geur":163611,"gfit":"sound"}},{"type":"Feature","geometry":{"type":"Point","coordinates":[-105.92185,44.84092]},"properties":{"api":"4900552782","name":"MANIGAULT FED 13W-8","op":"BENCHMARK ENERGY LLC","co":"Campbell","st":"WY","trs":"T56N R75W S8","fm":null,"eur":null,"perft":null,"sound":false,"fit":"none","geur":145906,"gfit":"sound"}},{"type":"Feature","geometry":{"type":"Point","coordinates":[-105.91111,44.84086]},"properties":{"api":"4900552783","name":"MANIGAULT FED 15C-8","op":"BENCHMARK ENERGY LLC","co":"Campbell","st":"WY","trs":"T56N R75W S8","fm":null,"eur":null,"perft":null,"sound":false,"fit":"none","geur":18486,"gfit":"sound"}},{"type":"Feature","geometry":{"type":"Point","coordinates":[-105.91102,44.84101]},"properties":{"api":"4900552784","name":"MANIGAULT FED 15W-8","op":"BENCHMARK ENERGY LLC","co":"Campbell","st":"WY","trs":"T56N R75W S8","fm":null,"eur":null,"perft":null,"sound":false,"fit":"none","geur":null,"gfit":"refused"}},{"type":"Feature","geometry":{"type":"Point","coordinates":[-105.9067,44.83765]},"properties":{"api":"4900552785","name":"MANIGAULT FED 1C-17","op":"BENCHMARK ENERGY LLC","co":"Campbell","st":"WY","trs":"T56N R75W S17","fm":null,"eur":null,"perft":null,"sound":false,"fit":"none","geur":null,"gfit":"refused"}},{"type":"Feature","geometry":{"type":"Point","coordinates":[-105.90676,44.83772]},"properties":{"api":"4900552786","name":"MANIGAULT FED 1W-17","op":"BENCHMARK ENERGY LLC","co":"Campbell","st":"WY","trs":"T56N R75W S17","fm":null,"eur":null,"perft":null,"sound":false,"fit":"none","geur":null,"gfit":"refused"}},{"type":"Feature","geometry":{"type":"Point","coordinates":[-105.91099,44.83301]},"properties":{"api":"4900552787","name":"MANIGALUT FED 7C-17","op":"BENCHMARK ENERGY LLC","co":"Campbell","st":"WY","trs":"T56N R75W S17","fm":null,"eur":null,"perft":null,"sound":false,"fit":"none","geur":null,"gfit":"refused"}},{"type":"Feature","geometry":{"type":"Point","coordinates":[-105.92078,44.82559]},"properties":{"api":"4900552788","name":"MANIGAULT FED 13C-17","op":"BENCHMARK ENERGY LLC","co":"Campbell","st":"WY","trs":"T56N R75W S17","fm":null,"eur":null,"perft":null,"sound":false,"fit":"none","geur":null,"gfit":"refused"}},{"type":"Feature","geometry":{"type":"Point","coordinates":[-105.91078,44.83296]},"properties":{"api":"4900552789","name":"MANIGAULT FED 7W-17","op":"BENCHMARK ENERGY LLC","co":"Campbell","st":"WY","trs":"T56N R75W S17","fm":null,"eur":null,"perft":null,"sound":false,"fit":"none","geur":null,"gfit":"refused"}},{"type":"Feature","geometry":{"type":"Point","coordinates":[-105.92104,44.82559]},"properties":{"api":"4900552790","name":"MANIGAULT FED 13W-17","op":"BENCHMARK ENERGY LLC","co":"Campbell","st":"WY","trs":"T56N R75W S17","fm":null,"eur":null,"perft":null,"sound":false,"fit":"none","geur":null,"gfit":"refused"}},{"type":"Feature","geometry":{"type":"Point","coordinates":[-105.90605,44.82944]},"properties":{"api":"4900552791","name":"MANIGAULT FED 9C-17","op":"BENCHMARK ENERGY LLC","co":"Campbell","st":"WY","trs":"T56N R75W S17","fm":null,"eur":null,"perft":null,"sound":false,"fit":"none","geur":null,"gfit":"refused"}},{"type":"Feature","geometry":{"type":"Point","coordinates":[-105.9106,44.82525]},"properties":{"api":"4900552792","name":"MANIGAULT FED 15C-17","op":"BENCHMARK ENERGY LLC","co":"Campbell","st":"WY","trs":"T56N R75W S17","fm":null,"eur":null,"perft":null,"sound":false,"fit":"none","geur":null,"gfit":"refused"}},{"type":"Feature","geometry":{"type":"Point","coordinates":[-105.90584,44.82947]},"properties":{"api":"4900552793","name":"MANIGAULT FED 9W-17","op":"BENCHMARK ENERGY LLC","co":"Campbell","st":"WY","trs":"T56N R75W S17","fm":null,"eur":null,"perft":null,"sound":false,"fit":"none","geur":183840,"gfit":"sound"}},{"type":"Feature","geometry":{"type":"Point","coordinates":[-105.91048,44.82538]},"properties":{"api":"4900552794","name":"MANIGAULT FED 15W-17","op":"BENCHMARK ENERGY LLC","co":"Campbell","st":"WY","trs":"T56N R75W S17","fm":null,"eur":null,"perft":null,"sound":false,"fit":"none","geur":null,"gfit":"refused"}},{"type":"Feature","geometry":{"type":"Point","coordinates":[-105.9154,44.82968]},"properties":{"api":"4900552795","name":"MANIGAULT FED 11C-17","op":"BENCHMARK ENERGY LLC","co":"Campbell","st":"WY","trs":"T56N R75W S17","fm":null,"eur":null,"perft":null,"sound":false,"fit":"none","geur":null,"gfit":"refused"}},{"type":"Feature","geometry":{"type":"Point","coordinates":[-105.91538,44.82982]},"properties":{"api":"4900552796","name":"MANIGAULT FED 11W-17","op":"BENCHMARK ENERGY LLC","co":"Campbell","st":"WY","trs":"T56N R75W S17","fm":null,"eur":null,"perft":null,"sound":false,"fit":"none","geur":null,"gfit":"refused"}},{"type":"Feature","geometry":{"type":"Point","coordinates":[-105.8225,44.83306]},"properties":{"api":"4900544503","name":"DAWN CS FEDERAL 27","op":"EOG Y RESOURCES INC","co":"Campbell","st":"WY","trs":"T56N R75W S13","fm":null,"eur":null,"perft":null,"sound":false,"fit":"none","geur":null,"gfit":"refused"}},{"type":"Feature","geometry":{"type":"Point","coordinates":[-105.83833,44.83667]},"properties":{"api":"4900544504","name":"DAWN CS FEDERAL 28","op":"EOG Y RESOURCES INC","co":"Campbell","st":"WY","trs":"T56N R75W S13","fm":null,"eur":null,"perft":null,"sound":false,"fit":"none","geur":null,"gfit":"refused"}},{"type":"Feature","geometry":{"type":"Point","coordinates":[-105.82361,44.82889]},"properties":{"api":"4900544505","name":"DAWN CS FEDERAL 29","op":"EOG Y RESOURCES INC","co":"Campbell","st":"WY","trs":"T56N R75W S13","fm":null,"eur":null,"perft":null,"sound":false,"fit":"none","geur":null,"gfit":"refused"}},{"type":"Feature","geometry":{"type":"Point","coordinates":[-105.83363,44.82984]},"properties":{"api":"4900544506","name":"DAWN CS FEDERAL 30","op":"EOG Y RESOURCES INC","co":"Campbell","st":"WY","trs":"T56N R75W S13","fm":null,"eur":null,"perft":null,"sound":false,"fit":"none","geur":null,"gfit":"refused"}},{"type":"Feature","geometry":{"type":"Point","coordinates":[-105.83851,44.82587]},"properties":{"api":"4900544507","name":"DAWN CS FEDERAL 31","op":"EOG Y RESOURCES INC","co":"Campbell","st":"WY","trs":"T56N R75W S13","fm":null,"eur":null,"perft":null,"sound":false,"fit":"none","geur":74331,"gfit":"sound"}},{"type":"Feature","geometry":{"type":"Point","coordinates":[-105.82305,44.82317]},"properties":{"api":"4900544509","name":"DAWN CS FEDERAL 33","op":"EOG Y RESOURCES INC","co":"Campbell","st":"WY","trs":"T56N R75W S24","fm":null,"eur":null,"perft":null,"sound":false,"fit":"none","geur":null,"gfit":"refused"}},{"type":"Feature","geometry":{"type":"Point","coordinates":[-105.83341,44.82218]},"properties":{"api":"4900544510","name":"DAWN CS FEDERAL 34","op":"EOG Y RESOURCES INC","co":"Campbell","st":"WY","trs":"T56N R75W S24","fm":null,"eur":null,"perft":null,"sound":false,"fit":"none","geur":null,"gfit":"refused"}},{"type":"Feature","geometry":{"type":"Point","coordinates":[-105.82316,44.815]},"properties":{"api":"4900544512","name":"DAWN CS FEDERAL 36","op":"EOG Y RESOURCES INC","co":"Campbell","st":"WY","trs":"T56N R75W S24","fm":null,"eur":null,"perft":null,"sound":false,"fit":"none","geur":null,"gfit":"refused"}},{"type":"Feature","geometry":{"type":"Point","coordinates":[-105.83341,44.81533]},"properties":{"api":"4900544513","name":"DAWN CS FEDERAL 37","op":"EOG Y RESOURCES INC","co":"Campbell","st":"WY","trs":"T56N R75W S24","fm":null,"eur":null,"perft":null,"sound":false,"fit":"none","geur":null,"gfit":"refused"}},{"type":"Feature","geometry":{"type":"Point","coordinates":[-105.83389,44.80722]},"properties":{"api":"4900544522","name":"DAWN CS FEDERAL 39","op":"EOG Y RESOURCES INC","co":"Campbell","st":"WY","trs":"T56N R75W S25","fm":null,"eur":null,"perft":null,"sound":false,"fit":"none","geur":129737,"gfit":"sound"}},{"type":"Feature","geometry":{"type":"Point","coordinates":[-105.82813,44.81178]},"properties":{"api":"4900550615","name":"DAWN CS FEDERAL 38","op":"EOG Y RESOURCES INC","co":"Campbell","st":"WY","trs":"T56N R75W S24","fm":null,"eur":null,"perft":null,"sound":false,"fit":"none","geur":null,"gfit":"refused"}},{"type":"Feature","geometry":{"type":"Point","coordinates":[-105.9265,44.78506]},"properties":{"api":"4900552809","name":"UCROSS CS FEDERAL 9","op":"EOG Y RESOURCES INC","co":"Campbell","st":"WY","trs":"T56N R75W S31","fm":null,"eur":null,"perft":null,"sound":false,"fit":"none","geur":882800,"gfit":"sound"}},{"type":"Feature","geometry":{"type":"Point","coordinates":[-105.91778,44.79275]},"properties":{"api":"4900552810","name":"UCROSS CS FEDERAL 10","op":"EOG Y RESOURCES INC","co":"Campbell","st":"WY","trs":"T56N R75W S32","fm":null,"eur":null,"perft":null,"sound":false,"fit":"none","geur":null,"gfit":"refused"}},{"type":"Feature","geometry":{"type":"Point","coordinates":[-105.91091,44.7889]},"properties":{"api":"4900552811","name":"UCROSS CS FEDERAL 11","op":"EOG RESOURCES INC","co":"Campbell","st":"WY","trs":"T56N R75W S32","fm":null,"eur":null,"perft":null,"sound":false,"fit":"none","geur":null,"gfit":"refused"}},{"type":"Feature","geometry":{"type":"Point","coordinates":[-105.91982,44.78114]},"properties":{"api":"4900552812","name":"UCROSS CS FEDERAL 13","op":"EOG Y RESOURCES INC","co":"Campbell","st":"WY","trs":"T56N R75W S32","fm":null,"eur":null,"perft":null,"sound":false,"fit":"none","geur":null,"gfit":"refused"}},{"type":"Feature","geometry":{"type":"Point","coordinates":[-105.91192,44.78176]},"properties":{"api":"4900552813","name":"UCROSS CS FEDERAL 14","op":"EOG Y RESOURCES INC","co":"Campbell","st":"WY","trs":"T56N R75W S32","fm":null,"eur":null,"perft":null,"sound":false,"fit":"none","geur":null,"gfit":"refused"}},{"type":"Feature","geometry":{"type":"Point","coordinates":[-105.91642,44.78574]},"properties":{"api":"4900553609","name":"UCROSS CS FEDERAL 12","op":"EOG Y RESOURCES INC","co":"Campbell","st":"WY","trs":"T56N R75W S32","fm":null,"eur":null,"perft":null,"sound":false,"fit":"none","geur":176385,"gfit":"sound"}},{"type":"Feature","geometry":{"type":"Point","coordinates":[-105.8333,44.8661]},"properties":{"api":"4900526972","name":"SHEEHAN  1","op":"THE TERMO COMPANY","co":"Campbell","st":"WY","trs":"T56N R75W S1","fm":null,"eur":16971,"perft":null,"sound":true,"fit":"sound","geur":null,"gfit":"none"}},{"type":"Feature","geometry":{"type":"Point","coordinates":[-105.89517,44.81122]},"properties":{"api":"4900534460","name":"WEST 14-21 CO","op":"HIGH PLAINS GAS LLC","co":"Campbell","st":"WY","trs":"T56N R75W S21","fm":null,"eur":null,"perft":null,"sound":false,"fit":"none","geur":null,"gfit":"refused"}},{"type":"Feature","geometry":{"type":"Point","coordinates":[-105.90574,44.80384]},"properties":{"api":"4900534462","name":"WEST 8-29 CO","op":"HIGH PLAINS GAS LLC","co":"Campbell","st":"WY","trs":"T56N R75W S29","fm":null,"eur":null,"perft":null,"sound":false,"fit":"none","geur":null,"gfit":"refused"}},{"type":"Feature","geometry":{"type":"Point","coordinates":[-105.90056,44.80722]},"properties":{"api":"4900534464","name":"WEST 4-28 CO","op":"HIGH PLAINS GAS LLC","co":"Campbell","st":"WY","trs":"T56N R75W S28","fm":null,"eur":null,"perft":null,"sound":false,"fit":"none","geur":null,"gfit":"refused"}},{"type":"Feature","geometry":{"type":"Point","coordinates":[-105.9006,44.80389]},"properties":{"api":"4900534465","name":"WEST 5-28 CO","op":"HIGH PLAINS GAS LLC","co":"Campbell","st":"WY","trs":"T56N R75W S28","fm":null,"eur":null,"perft":null,"sound":false,"fit":"none","geur":null,"gfit":"refused"}},{"type":"Feature","geometry":{"type":"Point","coordinates":[-105.90077,44.80021]},"properties":{"api":"4900534467","name":"WEST 12-28 CO","op":"HIGH PLAINS GAS LLC","co":"Campbell","st":"WY","trs":"T56N R75W S28","fm":null,"eur":null,"perft":null,"sound":false,"fit":"none","geur":null,"gfit":"refused"}},{"type":"Feature","geometry":{"type":"Point","coordinates":[-105.89536,44.81122]},"properties":{"api":"4900534469","name":"WEST 14-21 CA","op":"HIGH PLAINS GAS LLC","co":"Campbell","st":"WY","trs":"T56N R75W S21","fm":null,"eur":null,"perft":null,"sound":false,"fit":"none","geur":null,"gfit":"refused"}},{"type":"Feature","geometry":{"type":"Point","coordinates":[-105.90056,44.80736]},"properties":{"api":"4900534472","name":"WEST 4-28 CA","op":"HIGH PLAINS GAS LLC","co":"Campbell","st":"WY","trs":"T56N R75W S28","fm":null,"eur":null,"perft":null,"sound":false,"fit":"none","geur":null,"gfit":"refused"}},{"type":"Feature","geometry":{"type":"Point","coordinates":[-105.90079,44.80389]},"properties":{"api":"4900534473","name":"WEST 5-28 CA","op":"HIGH PLAINS GAS LLC","co":"Campbell","st":"WY","trs":"T56N R75W S28","fm":null,"eur":null,"perft":null,"sound":false,"fit":"none","geur":null,"gfit":"refused"}},{"type":"Feature","geometry":{"type":"Point","coordinates":[-105.89544,44.80361]},"properties":{"api":"4900534474","name":"WEST 6-28 CA","op":"HIGH PLAINS GAS LLC","co":"Campbell","st":"WY","trs":"T56N R75W S28","fm":null,"eur":null,"perft":null,"sound":false,"fit":"none","geur":null,"gfit":"refused"}},{"type":"Feature","geometry":{"type":"Point","coordinates":[-105.90096,44.80021]},"properties":{"api":"4900534475","name":"WEST 12-28 CA","op":"HIGH PLAINS GAS LLC","co":"Campbell","st":"WY","trs":"T56N R75W S28","fm":null,"eur":null,"perft":null,"sound":false,"fit":"none","geur":null,"gfit":"refused"}},{"type":"Feature","geometry":{"type":"Point","coordinates":[-105.90575,44.80371]},"properties":{"api":"4900534478","name":"WEST 8-29 CA","op":"HIGH PLAINS GAS LLC","co":"Campbell","st":"WY","trs":"T56N R75W S29","fm":null,"eur":null,"perft":null,"sound":false,"fit":"none","geur":null,"gfit":"refused"}},{"type":"Feature","geometry":{"type":"Point","coordinates":[-105.93621,44.81796]},"properties":{"api":"4900535339","name":"WEST 6-19W","op":"HIGH PLAINS GAS LLC","co":"Campbell","st":"WY","trs":"T56N R75W S19","fm":null,"eur":null,"perft":null,"sound":false,"fit":"none","geur":null,"gfit":"refused"}},{"type":"Feature","geometry":{"type":"Point","coordinates":[-105.9364,44.81796]},"properties":{"api":"4900535340","name":"WEST 6-19 CO","op":"HIGH PLAINS GAS LLC","co":"Campbell","st":"WY","trs":"T56N R75W S19","fm":null,"eur":null,"perft":null,"sound":false,"fit":"none","geur":null,"gfit":"refused"}},{"type":"Feature","geometry":{"type":"Point","coordinates":[-105.94138,44.82158]},"properties":{"api":"4900535343","name":"WEST 4-19XCO","op":"HIGH PLAINS GAS LLC","co":"Campbell","st":"WY","trs":"T56N R75W S19","fm":null,"eur":null,"perft":null,"sound":false,"fit":"none","geur":null,"gfit":"refused"}},{"type":"Feature","geometry":{"type":"Point","coordinates":[-105.94119,44.82158]},"properties":{"api":"4900535344","name":"WEST 4-19 CA","op":"HIGH PLAINS GAS LLC","co":"Campbell","st":"WY","trs":"T56N R75W S19","fm":null,"eur":null,"perft":null,"sound":false,"fit":"none","geur":null,"gfit":"refused"}},{"type":"Feature","geometry":{"type":"Point","coordinates":[-105.93647,44.82527]},"properties":{"api":"4900535346","name":"WEST 14-18 CO","op":"HIGH PLAINS GAS LLC","co":"Campbell","st":"WY","trs":"T56N R75W S18","fm":null,"eur":null,"perft":null,"sound":false,"fit":"none","geur":126126,"gfit":"sound"}},{"type":"Feature","geometry":{"type":"Point","coordinates":[-105.94122,44.82871]},"properties":{"api":"4900535347","name":"WEST 12-18 XCO","op":"HIGH PLAINS GAS LLC","co":"Campbell","st":"WY","trs":"T56N R75W S18","fm":null,"eur":null,"perft":null,"sound":false,"fit":"none","geur":null,"gfit":"refused"}},{"type":"Feature","geometry":{"type":"Point","coordinates":[-105.94122,44.82885]},"properties":{"api":"4900535348","name":"WEST 12-18 CA","op":"HIGH PLAINS GAS LLC","co":"Campbell","st":"WY","trs":"T56N R75W S18","fm":null,"eur":null,"perft":null,"sound":false,"fit":"none","geur":null,"gfit":"none"}},{"type":"Feature","geometry":{"type":"Point","coordinates":[-105.94156,44.81387]},"properties":{"api":"4900535656","name":"WEST 12-19 W","op":"HIGH PLAINS GAS LLC","co":"Campbell","st":"WY","trs":"T56N R75W S19","fm":null,"eur":null,"perft":null,"sound":false,"fit":"none","geur":null,"gfit":"refused"}},{"type":"Feature","geometry":{"type":"Point","coordinates":[-105.94144,44.81396]},"properties":{"api":"4900535657","name":"WEST 12-19-56-75 CO","op":"HIGH PLAINS GAS LLC","co":"Campbell","st":"WY","trs":"T56N R75W S19","fm":null,"eur":null,"perft":null,"sound":false,"fit":"none","geur":null,"gfit":"refused"}},{"type":"Feature","geometry":{"type":"Point","coordinates":[-105.93611,44.81101]},"properties":{"api":"4900535658","name":"WEST 14-19 XCO","op":"HIGH PLAINS GAS LLC","co":"Campbell","st":"WY","trs":"T56N R75W S19","fm":null,"eur":null,"perft":null,"sound":false,"fit":"none","geur":null,"gfit":"refused"}},{"type":"Feature","geometry":{"type":"Point","coordinates":[-105.93598,44.81092]},"properties":{"api":"4900535660","name":"WEST 14-19-56-75 CY","op":"HIGH PLAINS GAS LLC","co":"Campbell","st":"WY","trs":"T56N R75W S19","fm":null,"eur":null,"perft":null,"sound":false,"fit":"none","geur":null,"gfit":"refused"}},{"type":"Feature","geometry":{"type":"Point","coordinates":[-105.90555,44.80385]},"properties":{"api":"4900536004","name":"WEST 8-29 WP","op":"HIGH PLAINS GAS LLC","co":"Campbell","st":"WY","trs":"T56N R75W S29","fm":null,"eur":null,"perft":null,"sound":false,"fit":"none","geur":null,"gfit":"refused"}},{"type":"Feature","geometry":{"type":"Point","coordinates":[-105.90058,44.80021]},"properties":{"api":"4900536005","name":"WEST 12-28 WP","op":"HIGH PLAINS GAS LLC","co":"Campbell","st":"WY","trs":"T56N R75W S28","fm":null,"eur":null,"perft":null,"sound":false,"fit":"none","geur":null,"gfit":"refused"}},{"type":"Feature","geometry":{"type":"Point","coordinates":[-105.89526,44.80361]},"properties":{"api":"4900536006","name":"WEST 6-28-56-75CO","op":"HIGH PLAINS GAS LLC","co":"Campbell","st":"WY","trs":"T56N R75W S28","fm":null,"eur":null,"perft":null,"sound":false,"fit":"none","geur":null,"gfit":"refused"}},{"type":"Feature","geometry":{"type":"Point","coordinates":[-105.90054,44.80722]},"properties":{"api":"4900536008","name":"WEST 4-28 WP","op":"HIGH PLAINS GAS LLC","co":"Campbell","st":"WY","trs":"T56N R75W S28","fm":null,"eur":null,"perft":null,"sound":false,"fit":"none","geur":null,"gfit":"refused"}},{"type":"Feature","geometry":{"type":"Point","coordinates":[-105.93676,44.83205]},"properties":{"api":"4900536539","name":"WEST 6-18 CA","op":"HIGH PLAINS GAS LLC","co":"Campbell","st":"WY","trs":"T56N R75W S18","fm":null,"eur":null,"perft":null,"sound":false,"fit":"none","geur":null,"gfit":"refused"}},{"type":"Feature","geometry":{"type":"Point","coordinates":[-105.93661,44.83201]},"properties":{"api":"4900536540","name":"WEST 6-18XCO","op":"HIGH PLAINS GAS LLC","co":"Campbell","st":"WY","trs":"T56N R75W S18","fm":null,"eur":null,"perft":null,"sound":false,"fit":"none","geur":null,"gfit":"refused"}},{"type":"Feature","geometry":{"type":"Point","coordinates":[-105.89014,44.81472]},"properties":{"api":"4900536668","name":"WEST 10-21CO","op":"HIGH PLAINS GAS LLC","co":"Campbell","st":"WY","trs":"T56N R75W S21","fm":null,"eur":null,"perft":null,"sound":false,"fit":"none","geur":null,"gfit":"refused"}},{"type":"Feature","geometry":{"type":"Point","coordinates":[-105.89582,44.79663]},"properties":{"api":"4900536670","name":"CO ODEGARD 14-28CO","op":"HIGH PLAINS GAS LLC","co":"Campbell","st":"WY","trs":"T56N R75W S28","fm":null,"eur":null,"perft":null,"sound":false,"fit":"none","geur":null,"gfit":"refused"}},{"type":"Feature","geometry":{"type":"Point","coordinates":[-105.88587,44.7967]},"properties":{"api":"4900536671","name":"CO ODEGARD 16-28CO","op":"HIGH PLAINS GAS LLC","co":"Campbell","st":"WY","trs":"T56N R75W S28","fm":null,"eur":null,"perft":null,"sound":false,"fit":"none","geur":null,"gfit":"refused"}},{"type":"Feature","geometry":{"type":"Point","coordinates":[-105.91083,44.80722]},"properties":{"api":"4900536672","name":"CO WEST 2-29CO","op":"HIGH PLAINS GAS LLC","co":"Campbell","st":"WY","trs":"T56N R75W S29","fm":null,"eur":null,"perft":null,"sound":false,"fit":"none","geur":null,"gfit":"refused"}},{"type":"Feature","geometry":{"type":"Point","coordinates":[-105.9207,44.80368]},"properties":{"api":"4900536673","name":"WEST 5-29CA","op":"HIGH PLAINS GAS LLC","co":"Campbell","st":"WY","trs":"T56N R75W S29","fm":null,"eur":null,"perft":null,"sound":false,"fit":"none","geur":null,"gfit":"refused"}},{"type":"Feature","geometry":{"type":"Point","coordinates":[-105.87529,44.80406]},"properties":{"api":"4900536919","name":"ODEGARD 6-27 CO","op":"HIGH PLAINS GAS LLC","co":"Campbell","st":"WY","trs":"T56N R75W S27","fm":null,"eur":null,"perft":null,"sound":false,"fit":"none","geur":null,"gfit":"refused"}},{"type":"Feature","geometry":{"type":"Point","coordinates":[-105.9259,44.79989]},"properties":{"api":"4900536948","name":"WEST 9-30 CA","op":"HIGH PLAINS GAS LLC","co":"Campbell","st":"WY","trs":"T56N R75W S30","fm":null,"eur":null,"perft":null,"sound":false,"fit":"none","geur":null,"gfit":"refused"}},{"type":"Feature","geometry":{"type":"Point","coordinates":[-105.92086,44.81476]},"properties":{"api":"4900537198","name":"WEST FED 12-20CA","op":"HIGH PLAINS GAS LLC","co":"Campbell","st":"WY","trs":"T56N R75W S20","fm":null,"eur":null,"perft":null,"sound":false,"fit":"none","geur":null,"gfit":"refused"}},{"type":"Feature","geometry":{"type":"Point","coordinates":[-105.91028,44.81505]},"properties":{"api":"4900537200","name":"WEST FED 10-20CA","op":"HIGH PLAINS GAS LLC","co":"Campbell","st":"WY","trs":"T56N R75W S20","fm":null,"eur":null,"perft":null,"sound":false,"fit":"none","geur":null,"gfit":"refused"}},{"type":"Feature","geometry":{"type":"Point","coordinates":[-105.91556,44.81806]},"properties":{"api":"4900537201","name":"WEST FED 6-20CO","op":"HIGH PLAINS GAS LLC","co":"Campbell","st":"WY","trs":"T56N R75W S20","fm":null,"eur":null,"perft":null,"sound":false,"fit":"none","geur":null,"gfit":"refused"}},{"type":"Feature","geometry":{"type":"Point","coordinates":[-105.91558,44.81806]},"properties":{"api":"4900537202","name":"WEST FED 6-20CA","op":"HIGH PLAINS GAS LLC","co":"Campbell","st":"WY","trs":"T56N R75W S20","fm":null,"eur":null,"perft":null,"sound":false,"fit":"none","geur":null,"gfit":"refused"}},{"type":"Feature","geometry":{"type":"Point","coordinates":[-105.92038,44.82156]},"properties":{"api":"4900537203","name":"WEST FED 4-20CA","op":"HIGH PLAINS GAS LLC","co":"Campbell","st":"WY","trs":"T56N R75W S20","fm":null,"eur":null,"perft":null,"sound":false,"fit":"none","geur":null,"gfit":"refused"}},{"type":"Feature","geometry":{"type":"Point","coordinates":[-105.91056,44.82192]},"properties":{"api":"4900537205","name":"WEST FED 2-20CA","op":"HIGH PLAINS GAS LLC","co":"Campbell","st":"WY","trs":"T56N R75W S20","fm":null,"eur":null,"perft":null,"sound":false,"fit":"none","geur":null,"gfit":"refused"}},{"type":"Feature","geometry":{"type":"Point","coordinates":[-105.91056,44.82194]},"properties":{"api":"4900537206","name":"WEST FED 2-20CO","op":"HIGH PLAINS GAS LLC","co":"Campbell","st":"WY","trs":"T56N R75W S20","fm":null,"eur":null,"perft":null,"sound":false,"fit":"none","geur":null,"gfit":"refused"}},{"type":"Feature","geometry":{"type":"Point","coordinates":[-105.90034,44.81484]},"properties":{"api":"4900537207","name":"WEST FED 12-21-56-75 CY","op":"HIGH PLAINS GAS LLC","co":"Campbell","st":"WY","trs":"T56N R75W S21","fm":null,"eur":null,"perft":null,"sound":false,"fit":"none","geur":null,"gfit":"refused"}},{"type":"Feature","geometry":{"type":"Point","coordinates":[-105.90091,44.8188]},"properties":{"api":"4900537209","name":"WEST FED 5-21CO","op":"HIGH PLAINS GAS LLC","co":"Campbell","st":"WY","trs":"T56N R75W S21","fm":null,"eur":null,"perft":null,"sound":false,"fit":"none","geur":null,"gfit":"refused"}},{"type":"Feature","geometry":{"type":"Point","coordinates":[-105.90091,44.81867]},"properties":{"api":"4900537210","name":"WEST FED 5-21CA","op":"HIGH PLAINS GAS LLC","co":"Campbell","st":"WY","trs":"T56N R75W S21","fm":null,"eur":null,"perft":null,"sound":false,"fit":"none","geur":null,"gfit":"refused"}},{"type":"Feature","geometry":{"type":"Point","coordinates":[-105.69028,44.82194]},"properties":{"api":"4900537211","name":"WEST FED 2-21CO","op":"HIGH PLAINS GAS LLC","co":"Campbell","st":"WY","trs":"T56N R75W S21","fm":null,"eur":null,"perft":null,"sound":false,"fit":"none","geur":null,"gfit":"refused"}},{"type":"Feature","geometry":{"type":"Point","coordinates":[-105.89026,44.82194]},"properties":{"api":"4900537212","name":"WEST FED 2-21CA","op":"HIGH PLAINS GAS LLC","co":"Campbell","st":"WY","trs":"T56N R75W S21","fm":null,"eur":null,"perft":null,"sound":false,"fit":"none","geur":null,"gfit":"refused"}},{"type":"Feature","geometry":{"type":"Point","coordinates":[-105.88054,44.80038]},"properties":{"api":"4900537213","name":"ODEGARD FED 12-27CO","op":"HIGH PLAINS GAS LLC","co":"Campbell","st":"WY","trs":"T56N R75W S27","fm":null,"eur":null,"perft":null,"sound":false,"fit":"none","geur":191045,"gfit":"sound"}},{"type":"Feature","geometry":{"type":"Point","coordinates":[-105.86944,44.80417]},"properties":{"api":"4900537217","name":"ODEGARD FED 7-27CO","op":"HIGH PLAINS GAS LLC","co":"Campbell","st":"WY","trs":"T56N R75W S27","fm":null,"eur":null,"perft":null,"sound":false,"fit":"none","geur":null,"gfit":"refused"}},{"type":"Feature","geometry":{"type":"Point","coordinates":[-105.8802,44.80768]},"properties":{"api":"4900537219","name":"ODEGARD FED 4-27CO","op":"HIGH PLAINS GAS LLC","co":"Campbell","st":"WY","trs":"T56N R75W S27","fm":null,"eur":null,"perft":null,"sound":false,"fit":"none","geur":null,"gfit":"refused"}},{"type":"Feature","geometry":{"type":"Point","coordinates":[-105.8802,44.80782]},"properties":{"api":"4900537220","name":"ODEGARD FED 4-27CA","op":"HIGH PLAINS GAS LLC","co":"Campbell","st":"WY","trs":"T56N R75W S27","fm":null,"eur":null,"perft":null,"sound":false,"fit":"none","geur":null,"gfit":"refused"}},{"type":"Feature","geometry":{"type":"Point","coordinates":[-105.87507,44.80771]},"properties":{"api":"4900537221","name":"ODEGARD FED 3-27CO","op":"HIGH PLAINS GAS LLC","co":"Campbell","st":"WY","trs":"T56N R75W S27","fm":null,"eur":null,"perft":null,"sound":false,"fit":"none","geur":467792,"gfit":"sound"}},{"type":"Feature","geometry":{"type":"Point","coordinates":[-105.89028,44.80026]},"properties":{"api":"4900537223","name":"ODEGARD FED 10-28CA","op":"HIGH PLAINS GAS LLC","co":"Campbell","st":"WY","trs":"T56N R75W S28","fm":null,"eur":null,"perft":null,"sound":false,"fit":"none","geur":null,"gfit":"refused"}},{"type":"Feature","geometry":{"type":"Point","coordinates":[-105.89028,44.80028]},"properties":{"api":"4900537224","name":"ODEGARD FED 10-28CO","op":"HIGH PLAINS GAS LLC","co":"Campbell","st":"WY","trs":"T56N R75W S28","fm":null,"eur":null,"perft":null,"sound":false,"fit":"none","geur":null,"gfit":"refused"}},{"type":"Feature","geometry":{"type":"Point","coordinates":[-105.89135,44.80396]},"properties":{"api":"4900537225","name":"ODEGARD FED 7-28CO","op":"HIGH PLAINS GAS LLC","co":"Campbell","st":"WY","trs":"T56N R75W S28","fm":null,"eur":null,"perft":null,"sound":false,"fit":"none","geur":null,"gfit":"refused"}},{"type":"Feature","geometry":{"type":"Point","coordinates":[-105.89134,44.8041]},"properties":{"api":"4900537226","name":"ODEGARD FED 7-28-56-75 CA","op":"HIGH PLAINS GAS LLC","co":"Campbell","st":"WY","trs":"T56N R75W S28","fm":null,"eur":null,"perft":null,"sound":false,"fit":"none","geur":null,"gfit":"refused"}},{"type":"Feature","geometry":{"type":"Point","coordinates":[-105.90629,44.79651]},"properties":{"api":"4900537227","name":"WEST CA 16-29XCO","op":"HIGH PLAINS GAS LLC","co":"Campbell","st":"WY","trs":"T56N R75W S29","fm":null,"eur":null,"perft":null,"sound":false,"fit":"none","geur":null,"gfit":"refused"}},{"type":"Feature","geometry":{"type":"Point","coordinates":[-105.90609,44.79651]},"properties":{"api":"4900537228","name":"WEST FED 16-29CA","op":"HIGH PLAINS GAS LLC","co":"Campbell","st":"WY","trs":"T56N R75W S29","fm":null,"eur":null,"perft":null,"sound":false,"fit":"none","geur":null,"gfit":"refused"}},{"type":"Feature","geometry":{"type":"Point","coordinates":[-105.88062,44.79664]},"properties":{"api":"4900538251","name":"ODEGARD 13-27 CO","op":"HIGH PLAINS GAS LLC","co":"Campbell","st":"WY","trs":"T56N R75W S27","fm":null,"eur":null,"perft":null,"sound":false,"fit":"none","geur":230555,"gfit":"sound"}},{"type":"Feature","geometry":{"type":"Point","coordinates":[-105.88073,44.79672]},"properties":{"api":"4900538252","name":"ODEGARD 13-27 CA","op":"HIGH PLAINS GAS LLC","co":"Campbell","st":"WY","trs":"T56N R75W S27","fm":null,"eur":null,"perft":null,"sound":false,"fit":"none","geur":null,"gfit":"refused"}},{"type":"Feature","geometry":{"type":"Point","coordinates":[-105.86943,44.79681]},"properties":{"api":"4900540237","name":"ODEGARD 15-27 CO","op":"HIGH PLAINS GAS LLC","co":"Campbell","st":"WY","trs":"T56N R75W S27","fm":null,"eur":null,"perft":null,"sound":false,"fit":"none","geur":null,"gfit":"refused"}},{"type":"Feature","geometry":{"type":"Point","coordinates":[-105.86444,44.80199]},"properties":{"api":"4900540238","name":"ODEGARD FED 9-27 CA","op":"HIGH PLAINS GAS LLC","co":"Campbell","st":"WY","trs":"T56N R75W S27","fm":null,"eur":null,"perft":null,"sound":false,"fit":"none","geur":null,"gfit":"refused"}},{"type":"Feature","geometry":{"type":"Point","coordinates":[-105.86943,44.79668]},"properties":{"api":"4900540239","name":"ODEGARD 15-27 CA","op":"HIGH PLAINS GAS LLC","co":"Campbell","st":"WY","trs":"T56N R75W S27","fm":null,"eur":null,"perft":null,"sound":false,"fit":"none","geur":71871,"gfit":"sound"}},{"type":"Feature","geometry":{"type":"Point","coordinates":[-105.86444,44.80194]},"properties":{"api":"4900540240","name":"ODEGARD FED 9-27 CO","op":"HIGH PLAINS GAS LLC","co":"Campbell","st":"WY","trs":"T56N R75W S27","fm":null,"eur":null,"perft":null,"sound":false,"fit":"none","geur":null,"gfit":"refused"}},{"type":"Feature","geometry":{"type":"Point","coordinates":[-105.90083,44.84806]},"properties":{"api":"4900541210","name":"GABRIELLE CS 80","op":"EOG RESOURCES INC","co":"Campbell","st":"WY","trs":"T56N R75W S9","fm":null,"eur":null,"perft":null,"sound":false,"fit":"none","geur":null,"gfit":"refused"}},{"type":"Feature","geometry":{"type":"Point","coordinates":[-105.82222,44.85109]},"properties":{"api":"4900541237","name":"GABRIELLE CS 49","op":"EOG RESOURCES INC","co":"Campbell","st":"WY","trs":"T56N R75W S12","fm":null,"eur":null,"perft":null,"sound":false,"fit":"none","geur":null,"gfit":"refused"}},{"type":"Feature","geometry":{"type":"Point","coordinates":[-105.86472,44.81527]},"properties":{"api":"4900541238","name":"GABRIELLE CS 30","op":"EOG RESOURCES INC","co":"Campbell","st":"WY","trs":"T56N R75W S22","fm":null,"eur":null,"perft":null,"sound":false,"fit":"none","geur":null,"gfit":"refused"}},{"type":"Feature","geometry":{"type":"Point","coordinates":[-105.86972,44.81861]},"properties":{"api":"4900541239","name":"GABRIELLE CS 29","op":"EOG RESOURCES INC","co":"Campbell","st":"WY","trs":"T56N R75W S22","fm":null,"eur":null,"perft":null,"sound":false,"fit":"none","geur":null,"gfit":"refused"}},{"type":"Feature","geometry":{"type":"Point","coordinates":[-105.87471,44.82228]},"properties":{"api":"4900541241","name":"GABRIELLE CS 27","op":"EOG RESOURCES INC","co":"Campbell","st":"WY","trs":"T56N R75W S22","fm":null,"eur":null,"perft":null,"sound":false,"fit":"none","geur":null,"gfit":"refused"}},{"type":"Feature","geometry":{"type":"Point","coordinates":[-105.85944,44.80472]},"properties":{"api":"4900541244","name":"GABRIELLE CS 22","op":"EOG RESOURCES INC","co":"Campbell","st":"WY","trs":"T56N R75W S26","fm":null,"eur":null,"perft":null,"sound":false,"fit":"none","geur":null,"gfit":"refused"}},{"type":"Feature","geometry":{"type":"Point","coordinates":[-105.86472,44.81527]},"properties":{"api":"4900541245","name":"GABRIELLE CS 18","op":"EOG RESOURCES INC","co":"Campbell","st":"WY","trs":"T56N R75W S22","fm":null,"eur":null,"perft":null,"sound":false,"fit":"none","geur":null,"gfit":"refused"}},{"type":"Feature","geometry":{"type":"Point","coordinates":[-105.87471,44.82232]},"properties":{"api":"4900541587","name":"GABRIELLE CS 3","op":"EOG RESOURCES INC","co":"Campbell","st":"WY","trs":"T56N R75W S22","fm":null,"eur":null,"perft":null,"sound":false,"fit":"none","geur":171728,"gfit":"sound"}},{"type":"Feature","geometry":{"type":"Point","coordinates":[-105.86972,44.81861]},"properties":{"api":"4900541588","name":"GABRIELLE CS 5","op":"EOG RESOURCES INC","co":"Campbell","st":"WY","trs":"T56N R75W S22","fm":null,"eur":null,"perft":null,"sound":false,"fit":"none","geur":null,"gfit":"refused"}},{"type":"Feature","geometry":{"type":"Point","coordinates":[-105.86472,44.81528]},"properties":{"api":"4900541589","name":"GABRIELLE CS 6","op":"EOG RESOURCES INC","co":"Campbell","st":"WY","trs":"T56N R75W S22","fm":null,"eur":null,"perft":null,"sound":false,"fit":"none","geur":267980,"gfit":"sound"}},{"type":"Feature","geometry":{"type":"Point","coordinates":[-105.8275,44.8547]},"properties":{"api":"4900541594","name":"GABRIELLE CS 43","op":"EOG RESOURCES INC","co":"Campbell","st":"WY","trs":"T56N R75W S1","fm":null,"eur":null,"perft":null,"sound":false,"fit":"none","geur":94035,"gfit":"sound"}},{"type":"Feature","geometry":{"type":"Point","coordinates":[-105.85944,44.80472]},"properties":{"api":"4900541595","name":"GABRIELLE CS 34","op":"EOG RESOURCES INC","co":"Campbell","st":"WY","trs":"T56N R75W S26","fm":null,"eur":null,"perft":null,"sound":false,"fit":"none","geur":null,"gfit":"refused"}},{"type":"Feature","geometry":{"type":"Point","coordinates":[-105.8222,44.85111]},"properties":{"api":"4900541600","name":"GABRIELLE CS 44","op":"EOG RESOURCES INC","co":"Campbell","st":"WY","trs":"T56N R75W S12","fm":null,"eur":null,"perft":null,"sound":false,"fit":"none","geur":61833,"gfit":"sound"}},{"type":"Feature","geometry":{"type":"Point","coordinates":[-105.83387,44.85806]},"properties":{"api":"4900541601","name":"GABRIELLE CS 42","op":"EOG RESOURCES INC","co":"Campbell","st":"WY","trs":"T56N R75W S1","fm":null,"eur":null,"perft":null,"sound":false,"fit":"none","geur":105701,"gfit":"sound"}},{"type":"Feature","geometry":{"type":"Point","coordinates":[-105.83385,44.85806]},"properties":{"api":"4900541602","name":"GABRIELLE CS 47","op":"EOG RESOURCES INC","co":"Campbell","st":"WY","trs":"T56N R75W S1","fm":null,"eur":null,"perft":null,"sound":false,"fit":"none","geur":null,"gfit":"refused"}},{"type":"Feature","geometry":{"type":"Point","coordinates":[-105.8275,44.85468]},"properties":{"api":"4900541603","name":"GABRIELLE CS 48","op":"EOG RESOURCES INC","co":"Campbell","st":"WY","trs":"T56N R75W S1","fm":null,"eur":null,"perft":null,"sound":false,"fit":"none","geur":45464,"gfit":"sound"}},{"type":"Feature","geometry":{"type":"Point","coordinates":[-105.88502,44.79667]},"properties":{"api":"4900541608","name":"ODEGARD 16-28 CA","op":"HIGH PLAINS GAS LLC","co":"Campbell","st":"WY","trs":"T56N R75W S28","fm":null,"eur":null,"perft":null,"sound":false,"fit":"none","geur":null,"gfit":"refused"}},{"type":"Feature","geometry":{"type":"Point","coordinates":[-105.8953,44.79667]},"properties":{"api":"4900541609","name":"ODEGARD 14-28 CA","op":"HIGH PLAINS GAS LLC","co":"Campbell","st":"WY","trs":"T56N R75W S28","fm":null,"eur":null,"perft":null,"sound":false,"fit":"none","geur":47724,"gfit":"sound"}},{"type":"Feature","geometry":{"type":"Point","coordinates":[-105.92613,44.79972]},"properties":{"api":"4900542319","name":"WEST 9-30XCO","op":"HIGH PLAINS GAS LLC","co":"Campbell","st":"WY","trs":"T56N R75W S30","fm":null,"eur":null,"perft":null,"sound":false,"fit":"none","geur":null,"gfit":"refused"}},{"type":"Feature","geometry":{"type":"Point","coordinates":[-105.92111,44.80359]},"properties":{"api":"4900542320","name":"WEST 5-29XCO","op":"HIGH PLAINS GAS LLC","co":"Campbell","st":"WY","trs":"T56N R75W S29","fm":null,"eur":null,"perft":null,"sound":false,"fit":"none","geur":null,"gfit":"refused"}},{"type":"Feature","geometry":{"type":"Point","coordinates":[-105.91083,44.80724]},"properties":{"api":"4900542353","name":"WEST 2-29CA","op":"HIGH PLAINS GAS LLC","co":"Campbell","st":"WY","trs":"T56N R75W S29","fm":null,"eur":null,"perft":null,"sound":false,"fit":"none","geur":null,"gfit":"refused"}},{"type":"Feature","geometry":{"type":"Point","coordinates":[-105.89014,44.81474]},"properties":{"api":"4900542354","name":"WEST 10-21CA","op":"HIGH PLAINS GAS LLC","co":"Campbell","st":"WY","trs":"T56N R75W S21","fm":null,"eur":null,"perft":null,"sound":false,"fit":"none","geur":null,"gfit":"refused"}},{"type":"Feature","geometry":{"type":"Point","coordinates":[-105.87529,44.80392]},"properties":{"api":"4900542355","name":"ODEGARD 6-27CA","op":"HIGH PLAINS GAS LLC","co":"Campbell","st":"WY","trs":"T56N R75W S27","fm":null,"eur":null,"perft":null,"sound":false,"fit":"none","geur":null,"gfit":"refused"}},{"type":"Feature","geometry":{"type":"Point","coordinates":[-105.91647,44.80718]},"properties":{"api":"4900545442","name":"WEST 3-29CO","op":"HIGH PLAINS GAS LLC","co":"Campbell","st":"WY","trs":"T56N R75W S29","fm":null,"eur":null,"perft":null,"sound":false,"fit":"none","geur":null,"gfit":"refused"}},{"type":"Feature","geometry":{"type":"Point","coordinates":[-105.91649,44.80728]},"properties":{"api":"4900545443","name":"WEST 3-29W","op":"HIGH PLAINS GAS LLC","co":"Campbell","st":"WY","trs":"T56N R75W S29","fm":null,"eur":null,"perft":null,"sound":false,"fit":"none","geur":null,"gfit":"refused"}},{"type":"Feature","geometry":{"type":"Point","coordinates":[-105.91124,44.80712]},"properties":{"api":"4900545848","name":"WEST 2-29W","op":"HIGH PLAINS GAS LLC","co":"Campbell","st":"WY","trs":"T56N R75W S29","fm":null,"eur":null,"perft":null,"sound":false,"fit":"none","geur":null,"gfit":"refused"}},{"type":"Feature","geometry":{"type":"Point","coordinates":[-105.89532,44.80346]},"properties":{"api":"4900545852","name":"WEST 6-28-56-75 CO/W","op":"HIGH PLAINS GAS LLC","co":"Campbell","st":"WY","trs":"T56N R75W S28","fm":null,"eur":null,"perft":null,"sound":false,"fit":"none","geur":null,"gfit":"refused"}},{"type":"Feature","geometry":{"type":"Point","coordinates":[-105.89537,44.81113]},"properties":{"api":"4900545857","name":"WEST 14-21W","op":"HIGH PLAINS GAS LLC","co":"Campbell","st":"WY","trs":"T56N R75W S21","fm":null,"eur":null,"perft":null,"sound":false,"fit":"none","geur":null,"gfit":"refused"}},{"type":"Feature","geometry":{"type":"Point","coordinates":[-105.93615,44.83641]},"properties":{"api":"4900546634","name":"WEST 3-18 CO","op":"HIGH PLAINS GAS LLC","co":"Campbell","st":"WY","trs":"T56N R75W S18","fm":null,"eur":null,"perft":null,"sound":false,"fit":"none","geur":null,"gfit":"refused"}},{"type":"Feature","geometry":{"type":"Point","coordinates":[-105.87549,44.80061]},"properties":{"api":"4900547253","name":"ODEGARD 11-27W","op":"HIGH PLAINS GAS LLC","co":"Campbell","st":"WY","trs":"T56N R75W S27","fm":null,"eur":null,"perft":null,"sound":false,"fit":"none","geur":null,"gfit":"refused"}},{"type":"Feature","geometry":{"type":"Point","coordinates":[-105.87534,44.80037]},"properties":{"api":"4900547254","name":"ODEGARD 11-27CA","op":"HIGH PLAINS GAS LLC","co":"Campbell","st":"WY","trs":"T56N R75W S27","fm":null,"eur":null,"perft":null,"sound":false,"fit":"none","geur":null,"gfit":"refused"}},{"type":"Feature","geometry":{"type":"Point","coordinates":[-105.87511,44.80057]},"properties":{"api":"4900547255","name":"ODEGARD 11-27CO","op":"HIGH PLAINS GAS LLC","co":"Campbell","st":"WY","trs":"T56N R75W S27","fm":null,"eur":null,"perft":null,"sound":false,"fit":"none","geur":null,"gfit":"refused"}},{"type":"Feature","geometry":{"type":"Point","coordinates":[-105.90103,44.81472]},"properties":{"api":"4900550305","name":"WEST FED 12-21-56-75 COR","op":"HIGH PLAINS GAS LLC","co":"Campbell","st":"WY","trs":"T56N R75W S21","fm":null,"eur":null,"perft":null,"sound":false,"fit":"none","geur":null,"gfit":"refused"}},{"type":"Feature","geometry":{"type":"Point","coordinates":[-105.92125,44.82165]},"properties":{"api":"4900550306","name":"WEST FED 4-20-56-75 COR","op":"HIGH PLAINS GAS LLC","co":"Campbell","st":"WY","trs":"T56N R75W S20","fm":null,"eur":null,"perft":null,"sound":false,"fit":"none","geur":null,"gfit":"refused"}},{"type":"Feature","geometry":{"type":"Point","coordinates":[-105.91031,44.81518]},"properties":{"api":"4900550308","name":"WEST FED 10-20-56-75 COR","op":"HIGH PLAINS GAS LLC","co":"Campbell","st":"WY","trs":"T56N R75W S20","fm":null,"eur":null,"perft":null,"sound":false,"fit":"none","geur":null,"gfit":"refused"}},{"type":"Feature","geometry":{"type":"Point","coordinates":[-105.89088,44.78173]},"properties":{"api":"4900535113","name":"SPOTTED HORSE 34-33LC","op":"ANADARKO E&P ONSHORE LLC","co":"Campbell","st":"WY","trs":"T56N R75W S33","fm":null,"eur":null,"perft":null,"sound":false,"fit":"none","geur":459049,"gfit":"sound"}},{"type":"Feature","geometry":{"type":"Point","coordinates":[-105.88582,44.78534]},"properties":{"api":"4900535214","name":"SPOTTED HORSE 43-33LC","op":"CARBON CREEK ENERGY LLC","co":"Campbell","st":"WY","trs":"T56N R75W S33","fm":null,"eur":null,"perft":null,"sound":false,"fit":"none","geur":null,"gfit":"refused"}},{"type":"Feature","geometry":{"type":"Point","coordinates":[-105.90602,44.78525]},"properties":{"api":"4900536726","name":"SPOTTED HORSE 43-32LC","op":"CARBON CREEK ENERGY LLC","co":"Campbell","st":"WY","trs":"T56N R75W S32","fm":null,"eur":null,"perft":null,"sound":false,"fit":"none","geur":null,"gfit":"refused"}},{"type":"Feature","geometry":{"type":"Point","coordinates":[-105.901,44.78924]},"properties":{"api":"4900536727","name":"SPOTTED HORSE 12-33C","op":"ANADARKO E&P ONSHORE LLC","co":"Campbell","st":"WY","trs":"T56N R75W S33","fm":null,"eur":null,"perft":null,"sound":false,"fit":"none","geur":null,"gfit":"refused"}},{"type":"Feature","geometry":{"type":"Point","coordinates":[-105.88588,44.79308]},"properties":{"api":"4900536736","name":"SPOTTED HORSE 41-33LC","op":"CARBON CREEK ENERGY LLC","co":"Campbell","st":"WY","trs":"T56N R75W S33","fm":null,"eur":null,"perft":null,"sound":false,"fit":"none","geur":311865,"gfit":"sound"}},{"type":"Feature","geometry":{"type":"Point","coordinates":[-105.86941,44.78957]},"properties":{"api":"4900536745","name":"SPOTTED HORSE 32-34LC","op":"CARBON CREEK ENERGY LLC","co":"Campbell","st":"WY","trs":"T56N R75W S34","fm":null,"eur":null,"perft":null,"sound":false,"fit":"none","geur":null,"gfit":"refused"}},{"type":"Feature","geometry":{"type":"Point","coordinates":[-105.88551,44.82612]},"properties":{"api":"4900540500","name":"KLINE DRAW CS STATE 16","op":"EOG RESOURCES INC","co":"Campbell","st":"WY","trs":"T56N R75W S16","fm":null,"eur":null,"perft":null,"sound":false,"fit":"none","geur":null,"gfit":"refused"}},{"type":"Feature","geometry":{"type":"Point","coordinates":[-105.90093,44.82565]},"properties":{"api":"4900540501","name":"KLINE DRAW CS STATE 13","op":"EOG RESOURCES INC","co":"Campbell","st":"WY","trs":"T56N R75W S16","fm":null,"eur":null,"perft":null,"sound":false,"fit":"none","geur":null,"gfit":"refused"}},{"type":"Feature","geometry":{"type":"Point","coordinates":[-105.90022,44.82957]},"properties":{"api":"4900540502","name":"KLINE DRAW CS STATE 12","op":"EOG RESOURCES INC","co":"Campbell","st":"WY","trs":"T56N R75W S16","fm":null,"eur":null,"perft":null,"sound":false,"fit":"none","geur":null,"gfit":"refused"}},{"type":"Feature","geometry":{"type":"Point","coordinates":[-105.88432,44.83235]},"properties":{"api":"4900540506","name":"KLINE DRAW CS STATE 8","op":"EOG RESOURCES INC","co":"Campbell","st":"WY","trs":"T56N R75W S16","fm":null,"eur":null,"perft":null,"sound":false,"fit":"none","geur":null,"gfit":"refused"}},{"type":"Feature","geometry":{"type":"Point","coordinates":[-105.90111,44.83722]},"properties":{"api":"4900540510","name":"KLINE DRAW CS STATE 4","op":"EOG RESOURCES INC","co":"Campbell","st":"WY","trs":"T56N R75W S16","fm":null,"eur":null,"perft":null,"sound":false,"fit":"none","geur":null,"gfit":"refused"}},{"type":"Feature","geometry":{"type":"Point","coordinates":[-105.895,44.83722]},"properties":{"api":"4900540511","name":"KLINE DRAW CS STATE 3","op":"EOG RESOURCES INC","co":"Campbell","st":"WY","trs":"T56N R75W S16","fm":null,"eur":null,"perft":null,"sound":false,"fit":"none","geur":null,"gfit":"refused"}},{"type":"Feature","geometry":{"type":"Point","coordinates":[-105.89028,44.83722]},"properties":{"api":"4900540512","name":"KLINE DRAW CS STATE 2","op":"EOG RESOURCES INC","co":"Campbell","st":"WY","trs":"T56N R75W S16","fm":null,"eur":null,"perft":null,"sound":false,"fit":"none","geur":null,"gfit":"refused"}},{"type":"Feature","geometry":{"type":"Point","coordinates":[-105.88576,44.83655]},"properties":{"api":"4900540513","name":"KLINE DRAW CS STATE 1","op":"EOG RESOURCES INC","co":"Campbell","st":"WY","trs":"T56N R75W S16","fm":null,"eur":null,"perft":null,"sound":false,"fit":"none","geur":null,"gfit":"refused"}},{"type":"Feature","geometry":{"type":"Point","coordinates":[-105.88551,44.82617]},"properties":{"api":"4900540514","name":"KLINE DRAW CS STATE 32","op":"EOG RESOURCES INC","co":"Campbell","st":"WY","trs":"T56N R75W S16","fm":null,"eur":null,"perft":null,"sound":false,"fit":"none","geur":null,"gfit":"refused"}},{"type":"Feature","geometry":{"type":"Point","coordinates":[-105.90088,44.82567]},"properties":{"api":"4900540517","name":"KLINE DRAW CS STATE 29","op":"EOG RESOURCES INC","co":"Campbell","st":"WY","trs":"T56N R75W S16","fm":null,"eur":null,"perft":null,"sound":false,"fit":"none","geur":null,"gfit":"refused"}},{"type":"Feature","geometry":{"type":"Point","coordinates":[-105.90021,44.82961]},"properties":{"api":"4900540518","name":"KLINE DRAW CS STATE 28","op":"EOG RESOURCES INC","co":"Campbell","st":"WY","trs":"T56N R75W S16","fm":null,"eur":null,"perft":null,"sound":false,"fit":"none","geur":null,"gfit":"refused"}},{"type":"Feature","geometry":{"type":"Point","coordinates":[-105.88492,44.83017]},"properties":{"api":"4900540521","name":"KLINE DRAW CS STATE 25","op":"EOG RESOURCES INC","co":"Campbell","st":"WY","trs":"T56N R75W S16","fm":null,"eur":null,"perft":null,"sound":false,"fit":"none","geur":null,"gfit":"refused"}},{"type":"Feature","geometry":{"type":"Point","coordinates":[-105.88432,44.83239]},"properties":{"api":"4900540522","name":"KLINE DRAW CS STATE 24","op":"EOG RESOURCES INC","co":"Campbell","st":"WY","trs":"T56N R75W S16","fm":null,"eur":null,"perft":null,"sound":false,"fit":"none","geur":null,"gfit":"refused"}},{"type":"Feature","geometry":{"type":"Point","coordinates":[-105.90017,44.83655]},"properties":{"api":"4900540526","name":"KLINE DRAW CS STATE 20","op":"EOG RESOURCES INC","co":"Campbell","st":"WY","trs":"T56N R75W S16","fm":null,"eur":null,"perft":null,"sound":false,"fit":"none","geur":null,"gfit":"refused"}},{"type":"Feature","geometry":{"type":"Point","coordinates":[-105.89405,44.83657]},"properties":{"api":"4900540527","name":"KLINE DRAW CS STATE 19","op":"EOG RESOURCES INC","co":"Campbell","st":"WY","trs":"T56N R75W S16","fm":null,"eur":null,"perft":null,"sound":false,"fit":"none","geur":null,"gfit":"refused"}},{"type":"Feature","geometry":{"type":"Point","coordinates":[-105.89028,44.83722]},"properties":{"api":"4900540528","name":"KLINE DRAW CS STATE 18","op":"EOG RESOURCES INC","co":"Campbell","st":"WY","trs":"T56N R75W S16","fm":null,"eur":null,"perft":null,"sound":false,"fit":"none","geur":null,"gfit":"refused"}},{"type":"Feature","geometry":{"type":"Point","coordinates":[-105.88576,44.83659]},"properties":{"api":"4900540529","name":"KLINE DRAW CS STATE 17","op":"EOG RESOURCES INC","co":"Campbell","st":"WY","trs":"T56N R75W S16","fm":null,"eur":null,"perft":null,"sound":false,"fit":"none","geur":null,"gfit":"refused"}},{"type":"Feature","geometry":{"type":"Point","coordinates":[-105.88551,44.82621]},"properties":{"api":"4900540530","name":"KLINE DRAW CS STATE 48","op":"EOG RESOURCES INC","co":"Campbell","st":"WY","trs":"T56N R75W S16","fm":null,"eur":null,"perft":null,"sound":false,"fit":"none","geur":null,"gfit":"refused"}},{"type":"Feature","geometry":{"type":"Point","coordinates":[-105.90083,44.82569]},"properties":{"api":"4900540533","name":"KLINE DRAW CS STATE 45","op":"EOG RESOURCES INC","co":"Campbell","st":"WY","trs":"T56N R75W S16","fm":null,"eur":null,"perft":null,"sound":false,"fit":"none","geur":null,"gfit":"refused"}},{"type":"Feature","geometry":{"type":"Point","coordinates":[-105.9002,44.82965]},"properties":{"api":"4900540534","name":"KLINE DRAW CS STATE 44","op":"EOG RESOURCES INC","co":"Campbell","st":"WY","trs":"T56N R75W S16","fm":null,"eur":null,"perft":null,"sound":false,"fit":"none","geur":null,"gfit":"refused"}},{"type":"Feature","geometry":{"type":"Point","coordinates":[-105.88492,44.83021]},"properties":{"api":"4900540537","name":"KLINE DRAW CS STATE 41","op":"EOG RESOURCES INC","co":"Campbell","st":"WY","trs":"T56N R75W S16","fm":null,"eur":null,"perft":null,"sound":false,"fit":"none","geur":null,"gfit":"refused"}},{"type":"Feature","geometry":{"type":"Point","coordinates":[-105.88432,44.83243]},"properties":{"api":"4900540538","name":"KLINE DRAW CS STATE 40","op":"EOG RESOURCES INC","co":"Campbell","st":"WY","trs":"T56N R75W S16","fm":null,"eur":null,"perft":null,"sound":false,"fit":"none","geur":null,"gfit":"refused"}},{"type":"Feature","geometry":{"type":"Point","coordinates":[-105.90111,44.83722]},"properties":{"api":"4900540542","name":"KLINE DRAW CS STATE 36","op":"EOG RESOURCES INC","co":"Campbell","st":"WY","trs":"T56N R75W S16","fm":null,"eur":null,"perft":null,"sound":false,"fit":"none","geur":null,"gfit":"refused"}},{"type":"Feature","geometry":{"type":"Point","coordinates":[-105.895,44.83722]},"properties":{"api":"4900540543","name":"KLINE DRAW CS STATE 35","op":"EOG RESOURCES INC","co":"Campbell","st":"WY","trs":"T56N R75W S16","fm":null,"eur":null,"perft":null,"sound":false,"fit":"none","geur":null,"gfit":"refused"}},{"type":"Feature","geometry":{"type":"Point","coordinates":[-105.88576,44.83663]},"properties":{"api":"4900540545","name":"KLINE DRAW CS STATE 33","op":"EOG RESOURCES INC","co":"Campbell","st":"WY","trs":"T56N R75W S16","fm":null,"eur":null,"perft":null,"sound":false,"fit":"none","geur":null,"gfit":"refused"}},{"type":"Feature","geometry":{"type":"Point","coordinates":[-105.89122,44.83743]},"properties":{"api":"4900546926","name":"KLINE DRAW CS STATE 34-Y","op":"EOG RESOURCES INC","co":"Campbell","st":"WY","trs":"T56N R75W S16","fm":null,"eur":null,"perft":null,"sound":false,"fit":"none","geur":null,"gfit":"refused"}},{"type":"Feature","geometry":{"type":"Point","coordinates":[-105.83376,44.79001]},"properties":{"api":"4900533919","name":"LXS 6-36A","op":"USA EXPLORATION & PRODUCTION LLC","co":"Campbell","st":"WY","trs":"T56N R75W S36","fm":null,"eur":null,"perft":null,"sound":false,"fit":"none","geur":null,"gfit":"refused"}},{"type":"Feature","geometry":{"type":"Point","coordinates":[-105.84893,44.78614]},"properties":{"api":"4900533969","name":"LX FEE 10-35C","op":"USA EXPLORATION & PRODUCTION LLC","co":"Campbell","st":"WY","trs":"T56N R75W S35","fm":null,"eur":null,"perft":null,"sound":false,"fit":"none","geur":165916,"gfit":"sound"}},{"type":"Feature","geometry":{"type":"Point","coordinates":[-105.85412,44.78242]},"properties":{"api":"4900533970","name":"LX FEE 14-35C","op":"USA EXPLORATION & PRODUCTION LLC","co":"Campbell","st":"WY","trs":"T56N R75W S35","fm":null,"eur":null,"perft":null,"sound":false,"fit":"none","geur":227759,"gfit":"sound"}},{"type":"Feature","geometry":{"type":"Point","coordinates":[-105.8541,44.78217]},"properties":{"api":"4900534424","name":"LX BAR LXFEE 14-35A","op":"USA EXPLORATION & PRODUCTION LLC","co":"Campbell","st":"WY","trs":"T56N R75W S35","fm":null,"eur":null,"perft":null,"sound":false,"fit":"none","geur":73200,"gfit":"sound"}},{"type":"Feature","geometry":{"type":"Point","coordinates":[-105.84338,44.7821]},"properties":{"api":"4900534565","name":"LX FEE 16-35A","op":"USA EXPLORATION & PRODUCTION LLC","co":"Campbell","st":"WY","trs":"T56N R75W S35","fm":null,"eur":null,"perft":null,"sound":false,"fit":"none","geur":null,"gfit":"refused"}},{"type":"Feature","geometry":{"type":"Point","coordinates":[-105.82403,44.79233]},"properties":{"api":"4900534686","name":"LXS 1-36CLC","op":"USA EXPLORATION & PRODUCTION LLC","co":"Campbell","st":"WY","trs":"T56N R75W S36","fm":null,"eur":null,"perft":null,"sound":false,"fit":"none","geur":null,"gfit":"refused"}},{"type":"Feature","geometry":{"type":"Point","coordinates":[-105.8329,44.7865]},"properties":{"api":"4900534690","name":"LXS 11-36CLC","op":"USA EXPLORATION & PRODUCTION LLC","co":"Campbell","st":"WY","trs":"T56N R75W S36","fm":null,"eur":null,"perft":null,"sound":false,"fit":"none","geur":null,"gfit":"refused"}},{"type":"Feature","geometry":{"type":"Point","coordinates":[-105.84907,44.78287]},"properties":{"api":"4900534740","name":"LX FEE 15-35CLC","op":"USA EXPLORATION & PRODUCTION LLC","co":"Campbell","st":"WY","trs":"T56N R75W S35","fm":null,"eur":null,"perft":null,"sound":false,"fit":"none","geur":null,"gfit":"refused"}},{"type":"Feature","geometry":{"type":"Point","coordinates":[-105.84912,44.78613]},"properties":{"api":"4900534804","name":"FXFEE 10-35A","op":"USA EXPLORATION & PRODUCTION LLC","co":"Campbell","st":"WY","trs":"T56N R75W S35","fm":null,"eur":null,"perft":null,"sound":false,"fit":"none","geur":null,"gfit":"refused"}},{"type":"Feature","geometry":{"type":"Point","coordinates":[-105.83864,44.78307]},"properties":{"api":"4900534806","name":"LXS 13-36A","op":"USA EXPLORATION & PRODUCTION LLC","co":"Campbell","st":"WY","trs":"T56N R75W S36","fm":null,"eur":null,"perft":null,"sound":false,"fit":"none","geur":47835,"gfit":"sound"}},{"type":"Feature","geometry":{"type":"Point","coordinates":[-105.89088,44.78165]},"properties":{"api":"4900535114","name":"SPOTTED HORSE 34-33C","op":"ANADARKO E&P ONSHORE LLC","co":"Campbell","st":"WY","trs":"T56N R75W S33","fm":null,"eur":null,"perft":null,"sound":false,"fit":"none","geur":null,"gfit":"refused"}},{"type":"Feature","geometry":{"type":"Point","coordinates":[-105.8957,44.78536]},"properties":{"api":"4900535212","name":"SPOTTED HORSE 23-33LC","op":"ANADARKO E&P ONSHORE LLC","co":"Campbell","st":"WY","trs":"T56N R75W S33","fm":null,"eur":null,"perft":null,"sound":false,"fit":"none","geur":310595,"gfit":"sound"}},{"type":"Feature","geometry":{"type":"Point","coordinates":[-105.89569,44.78525]},"properties":{"api":"4900535213","name":"SPOTTED HORSE 23-33C","op":"ANADARKO E&P ONSHORE LLC","co":"Campbell","st":"WY","trs":"T56N R75W S33","fm":null,"eur":null,"perft":null,"sound":false,"fit":"none","geur":null,"gfit":"refused"}},{"type":"Feature","geometry":{"type":"Point","coordinates":[-105.88582,44.78526]},"properties":{"api":"4900535215","name":"SPOTTED HORSE 43-33C","op":"ANADARKO E&P ONSHORE LLC","co":"Campbell","st":"WY","trs":"T56N R75W S33","fm":null,"eur":null,"perft":null,"sound":false,"fit":"none","geur":null,"gfit":"refused"}},{"type":"Feature","geometry":{"type":"Point","coordinates":[-105.83851,44.79031]},"properties":{"api":"4900535333","name":"LXS 5-36ALC","op":"USA EXPLORATION & PRODUCTION LLC","co":"Campbell","st":"WY","trs":"T56N R75W S36","fm":null,"eur":null,"perft":null,"sound":false,"fit":"none","geur":null,"gfit":"refused"}},{"type":"Feature","geometry":{"type":"Point","coordinates":[-105.82386,44.7895]},"properties":{"api":"4900535334","name":"LXS 8-36A","op":"USA EXPLORATION & PRODUCTION LLC","co":"Campbell","st":"WY","trs":"T56N R75W S36","fm":null,"eur":null,"perft":null,"sound":false,"fit":"none","geur":57714,"gfit":"sound"}},{"type":"Feature","geometry":{"type":"Point","coordinates":[-105.83799,44.78617]},"properties":{"api":"4900535335","name":"LXS 12-36A","op":"USA EXPLORATION & PRODUCTION LLC","co":"Campbell","st":"WY","trs":"T56N R75W S36","fm":null,"eur":null,"perft":null,"sound":false,"fit":"none","geur":49224,"gfit":"sound"}},{"type":"Feature","geometry":{"type":"Point","coordinates":[-105.83885,44.7937]},"properties":{"api":"4900535398","name":"LXS 4-36A","op":"USA EXPLORATION & PRODUCTION LLC","co":"Campbell","st":"WY","trs":"T56N R75W S36","fm":null,"eur":null,"perft":null,"sound":false,"fit":"none","geur":64659,"gfit":"sound"}},{"type":"Feature","geometry":{"type":"Point","coordinates":[-105.83342,44.7941]},"properties":{"api":"4900535683","name":"LXS 3-36A","op":"USA EXPLORATION & PRODUCTION LLC","co":"Campbell","st":"WY","trs":"T56N R75W S36","fm":null,"eur":null,"perft":null,"sound":false,"fit":"none","geur":92808,"gfit":"sound"}},{"type":"Feature","geometry":{"type":"Point","coordinates":[-105.72856,44.79062]},"properties":{"api":"4900535889","name":"LXS 7-36CXLC","op":"USA EXPLORATION & PRODUCTION LLC","co":"Campbell","st":"WY","trs":"T56N R75W S36","fm":null,"eur":null,"perft":null,"sound":false,"fit":"none","geur":null,"gfit":"refused"}},{"type":"Feature","geometry":{"type":"Point","coordinates":[-105.8537,44.78632]},"properties":{"api":"4900535890","name":"LXFEE 11-35CX","op":"USA EXPLORATION & PRODUCTION LLC","co":"Campbell","st":"WY","trs":"T56N R75W S35","fm":null,"eur":null,"perft":null,"sound":false,"fit":"none","geur":null,"gfit":"refused"}},{"type":"Feature","geometry":{"type":"Point","coordinates":[-105.84389,44.78623]},"properties":{"api":"4900536002","name":"LX FEE 9-35CXLC","op":"USA EXPLORATION & PRODUCTION LLC","co":"Campbell","st":"WY","trs":"T56N R75W S35","fm":null,"eur":null,"perft":null,"sound":false,"fit":"none","geur":99386,"gfit":"sound"}},{"type":"Feature","geometry":{"type":"Point","coordinates":[-105.83327,44.79434]},"properties":{"api":"4900536682","name":"LX STATE 3-36CXLC","op":"USA EXPLORATION & PRODUCTION LLC","co":"Campbell","st":"WY","trs":"T56N R75W S36","fm":null,"eur":null,"perft":null,"sound":false,"fit":"none","geur":249076,"gfit":"sound"}},{"type":"Feature","geometry":{"type":"Point","coordinates":[-105.86012,44.7822]},"properties":{"api":"4900536683","name":"LX FEE 13-35AX","op":"USA EXPLORATION & PRODUCTION LLC","co":"Campbell","st":"WY","trs":"T56N R75W S35","fm":null,"eur":null,"perft":null,"sound":false,"fit":"none","geur":null,"gfit":"refused"}},{"type":"Feature","geometry":{"type":"Point","coordinates":[-105.84429,44.7858]},"properties":{"api":"4900536686","name":"LX FEE 9-35A","op":"USA EXPLORATION & PRODUCTION LLC","co":"Campbell","st":"WY","trs":"T56N R75W S35","fm":null,"eur":null,"perft":null,"sound":false,"fit":"none","geur":53323,"gfit":"sound"}},{"type":"Feature","geometry":{"type":"Point","coordinates":[-105.9063,44.79235]},"properties":{"api":"4900536723","name":"SPOTTED HORSE 41-32C","op":"ANADARKO E&P ONSHORE LLC","co":"Campbell","st":"WY","trs":"T56N R75W S32","fm":null,"eur":null,"perft":null,"sound":false,"fit":"none","geur":null,"gfit":"refused"}},{"type":"Feature","geometry":{"type":"Point","coordinates":[-105.90629,44.79243]},"properties":{"api":"4900536724","name":"SPOTTED HORSE 41-32LC","op":"ANADARKO E&P ONSHORE LLC","co":"Campbell","st":"WY","trs":"T56N R75W S32","fm":null,"eur":null,"perft":null,"sound":false,"fit":"none","geur":46051,"gfit":"sound"}},{"type":"Feature","geometry":{"type":"Point","coordinates":[-105.90602,44.78517]},"properties":{"api":"4900536725","name":"SPOTTED HORSE 43-32C","op":"ANADARKO E&P ONSHORE LLC","co":"Campbell","st":"WY","trs":"T56N R75W S32","fm":null,"eur":null,"perft":null,"sound":false,"fit":"none","geur":null,"gfit":"refused"}},{"type":"Feature","geometry":{"type":"Point","coordinates":[-105.901,44.78932]},"properties":{"api":"4900536728","name":"SPOTTED HORSE 12-33LC","op":"ANADARKO E&P ONSHORE LLC","co":"Campbell","st":"WY","trs":"T56N R75W S33","fm":null,"eur":null,"perft":null,"sound":false,"fit":"none","geur":null,"gfit":"refused"}},{"type":"Feature","geometry":{"type":"Point","coordinates":[-105.90088,44.78158]},"properties":{"api":"4900536729","name":"SPOTTED HORSE 14-33C","op":"ANADARKO E&P ONSHORE LLC","co":"Campbell","st":"WY","trs":"T56N R75W S33","fm":null,"eur":null,"perft":null,"sound":false,"fit":"none","geur":null,"gfit":"refused"}},{"type":"Feature","geometry":{"type":"Point","coordinates":[-105.90088,44.78166]},"properties":{"api":"4900536730","name":"SPOTTED HORSE 14-33LC","op":"ANADARKO E&P ONSHORE LLC","co":"Campbell","st":"WY","trs":"T56N R75W S33","fm":null,"eur":null,"perft":null,"sound":false,"fit":"none","geur":null,"gfit":"refused"}},{"type":"Feature","geometry":{"type":"Point","coordinates":[-105.89597,44.79292]},"properties":{"api":"4900536731","name":"SPOTTED HORSE 21-33C","op":"ANADARKO E&P ONSHORE LLC","co":"Campbell","st":"WY","trs":"T56N R75W S33","fm":null,"eur":null,"perft":null,"sound":false,"fit":"none","geur":null,"gfit":"refused"}},{"type":"Feature","geometry":{"type":"Point","coordinates":[-105.89598,44.79301]},"properties":{"api":"4900536732","name":"SPOTTED HORSE 21-33LC","op":"ANADARKO E&P ONSHORE LLC","co":"Campbell","st":"WY","trs":"T56N R75W S33","fm":null,"eur":null,"perft":null,"sound":false,"fit":"none","geur":null,"gfit":"refused"}},{"type":"Feature","geometry":{"type":"Point","coordinates":[-105.89094,44.78937]},"properties":{"api":"4900536733","name":"SPOTTED HORSE 32-33C","op":"ANADARKO E&P ONSHORE LLC","co":"Campbell","st":"WY","trs":"T56N R75W S33","fm":null,"eur":null,"perft":null,"sound":false,"fit":"none","geur":null,"gfit":"refused"}},{"type":"Feature","geometry":{"type":"Point","coordinates":[-105.89094,44.78943]},"properties":{"api":"4900536734","name":"SPOTTED HORSE 32-33LC","op":"ANADARKO E&P ONSHORE LLC","co":"Campbell","st":"WY","trs":"T56N R75W S33","fm":null,"eur":null,"perft":null,"sound":false,"fit":"none","geur":null,"gfit":"refused"}},{"type":"Feature","geometry":{"type":"Point","coordinates":[-105.88587,44.79299]},"properties":{"api":"4900536735","name":"SPOTTED HORSE 41-33C","op":"ANADARKO E&P ONSHORE LLC","co":"Campbell","st":"WY","trs":"T56N R75W S33","fm":null,"eur":null,"perft":null,"sound":false,"fit":"none","geur":null,"gfit":"refused"}},{"type":"Feature","geometry":{"type":"Point","coordinates":[-105.88076,44.7894]},"properties":{"api":"4900536737","name":"SPOTTED HORSE 12-34C","op":"ANADARKO E&P ONSHORE LLC","co":"Campbell","st":"WY","trs":"T56N R75W S34","fm":null,"eur":null,"perft":null,"sound":false,"fit":"none","geur":null,"gfit":"refused"}},{"type":"Feature","geometry":{"type":"Point","coordinates":[-105.88076,44.78948]},"properties":{"api":"4900536738","name":"SPOTTED HORSE 12-34LC","op":"ANADARKO E&P ONSHORE LLC","co":"Campbell","st":"WY","trs":"T56N R75W S34","fm":null,"eur":null,"perft":null,"sound":false,"fit":"none","geur":16831,"gfit":"sound"}},{"type":"Feature","geometry":{"type":"Point","coordinates":[-105.88071,44.78178]},"properties":{"api":"4900536739","name":"SPOTTED HORSE 14-34C","op":"ANADARKO E&P ONSHORE LLC","co":"Campbell","st":"WY","trs":"T56N R75W S34","fm":null,"eur":null,"perft":null,"sound":false,"fit":"none","geur":null,"gfit":"refused"}},{"type":"Feature","geometry":{"type":"Point","coordinates":[-105.88071,44.78187]},"properties":{"api":"4900536740","name":"SPOTTED HORSE 14-34LC","op":"ANADARKO E&P ONSHORE LLC","co":"Campbell","st":"WY","trs":"T56N R75W S34","fm":null,"eur":null,"perft":null,"sound":false,"fit":"none","geur":null,"gfit":"refused"}},{"type":"Feature","geometry":{"type":"Point","coordinates":[-105.8757,44.79307]},"properties":{"api":"4900536741","name":"SPOTTED HORSE 21-34C","op":"ANADARKO E&P ONSHORE LLC","co":"Campbell","st":"WY","trs":"T56N R75W S34","fm":null,"eur":null,"perft":null,"sound":false,"fit":"none","geur":83494,"gfit":"sound"}},{"type":"Feature","geometry":{"type":"Point","coordinates":[-105.8757,44.79315]},"properties":{"api":"4900536742","name":"SPOTTED HORSE 21-34LC","op":"ANADARKO E&P ONSHORE LLC","co":"Campbell","st":"WY","trs":"T56N R75W S34","fm":null,"eur":null,"perft":null,"sound":false,"fit":"none","geur":null,"gfit":"refused"}},{"type":"Feature","geometry":{"type":"Point","coordinates":[-105.8748,44.78532]},"properties":{"api":"4900536743","name":"SPOTTED HORSE 23-34LC","op":"ANADARKO E&P ONSHORE LLC","co":"Campbell","st":"WY","trs":"T56N R75W S34","fm":null,"eur":null,"perft":null,"sound":false,"fit":"none","geur":null,"gfit":"refused"}},{"type":"Feature","geometry":{"type":"Point","coordinates":[-105.86941,44.78949]},"properties":{"api":"4900536744","name":"SPOTTED HORSE 32-34C","op":"ANADARKO E&P ONSHORE LLC","co":"Campbell","st":"WY","trs":"T56N R75W S34","fm":null,"eur":null,"perft":null,"sound":false,"fit":"none","geur":null,"gfit":"refused"}},{"type":"Feature","geometry":{"type":"Point","coordinates":[-105.86935,44.78197]},"properties":{"api":"4900536746","name":"SPOTTED HORSE 34-34C","op":"ANADARKO E&P ONSHORE LLC","co":"Campbell","st":"WY","trs":"T56N R75W S34","fm":null,"eur":null,"perft":null,"sound":false,"fit":"none","geur":null,"gfit":"refused"}},{"type":"Feature","geometry":{"type":"Point","coordinates":[-105.86935,44.78205]},"properties":{"api":"4900536747","name":"SPOTTED HORSE 34-34LC","op":"ANADARKO E&P ONSHORE LLC","co":"Campbell","st":"WY","trs":"T56N R75W S34","fm":null,"eur":null,"perft":null,"sound":false,"fit":"none","geur":null,"gfit":"refused"}},{"type":"Feature","geometry":{"type":"Point","coordinates":[-105.86657,44.78617]},"properties":{"api":"4900537521","name":"LXF 9-34CLC","op":"USA EXPLORATION & PRODUCTION LLC","co":"Campbell","st":"WY","trs":"T56N R75W S34","fm":null,"eur":null,"perft":null,"sound":false,"fit":"none","geur":null,"gfit":"refused"}},{"type":"Feature","geometry":{"type":"Point","coordinates":[-105.82145,44.79938]},"properties":{"api":"4900537627","name":"LXF 9-25CLC","op":"USA EXPLORATION & PRODUCTION LLC","co":"Campbell","st":"WY","trs":"T56N R75W S25","fm":null,"eur":null,"perft":null,"sound":false,"fit":"none","geur":null,"gfit":"refused"}},{"type":"Feature","geometry":{"type":"Point","coordinates":[-105.83441,44.80116]},"properties":{"api":"4900537629","name":"LXF 11-25CLC","op":"USA EXPLORATION & PRODUCTION LLC","co":"Campbell","st":"WY","trs":"T56N R75W S25","fm":null,"eur":null,"perft":null,"sound":false,"fit":"none","geur":null,"gfit":"refused"}},{"type":"Feature","geometry":{"type":"Point","coordinates":[-105.83898,44.80123]},"properties":{"api":"4900537630","name":"LXF 12-25C","op":"USA EXPLORATION & PRODUCTION LLC","co":"Campbell","st":"WY","trs":"T56N R75W S25","fm":null,"eur":null,"perft":null,"sound":false,"fit":"none","geur":93391,"gfit":"sound"}},{"type":"Feature","geometry":{"type":"Point","coordinates":[-105.83335,44.80052]},"properties":{"api":"4900537631","name":"LXF 13-25CLC","op":"USA EXPLORATION & PRODUCTION LLC","co":"Campbell","st":"WY","trs":"T56N R75W S25","fm":null,"eur":null,"perft":null,"sound":false,"fit":"none","geur":null,"gfit":"refused"}},{"type":"Feature","geometry":{"type":"Point","coordinates":[-105.83326,44.79722]},"properties":{"api":"4900537632","name":"LXF 14-25C","op":"USA EXPLORATION & PRODUCTION LLC","co":"Campbell","st":"WY","trs":"T56N R75W S25","fm":null,"eur":null,"perft":null,"sound":false,"fit":"none","geur":131945,"gfit":"sound"}},{"type":"Feature","geometry":{"type":"Point","coordinates":[-105.79502,44.79766]},"properties":{"api":"4900537633","name":"LXF 15-25CLC","op":"USA EXPLORATION & PRODUCTION LLC","co":"Campbell","st":"WY","trs":"T56N R75W S25","fm":null,"eur":null,"perft":null,"sound":false,"fit":"none","geur":null,"gfit":"refused"}},{"type":"Feature","geometry":{"type":"Point","coordinates":[-105.823,44.79739]},"properties":{"api":"4900537634","name":"LXF 16-25C","op":"USA EXPLORATION & PRODUCTION LLC","co":"Campbell","st":"WY","trs":"T56N R75W S25","fm":null,"eur":null,"perft":null,"sound":false,"fit":"none","geur":90364,"gfit":"sound"}},{"type":"Feature","geometry":{"type":"Point","coordinates":[-105.84392,44.80079]},"properties":{"api":"4900537635","name":"LXF 9-26C","op":"USA EXPLORATION & PRODUCTION LLC","co":"Campbell","st":"WY","trs":"T56N R75W S26","fm":null,"eur":null,"perft":null,"sound":false,"fit":"none","geur":465997,"gfit":"sound"}},{"type":"Feature","geometry":{"type":"Point","coordinates":[-105.84971,44.80115]},"properties":{"api":"4900537636","name":"LXF 10-26C","op":"USA EXPLORATION & PRODUCTION LLC","co":"Campbell","st":"WY","trs":"T56N R75W S26","fm":null,"eur":null,"perft":null,"sound":false,"fit":"none","geur":null,"gfit":"refused"}},{"type":"Feature","geometry":{"type":"Point","coordinates":[-105.84913,44.79695]},"properties":{"api":"4900537637","name":"LXF 15-26C","op":"USA EXPLORATION & PRODUCTION LLC","co":"Campbell","st":"WY","trs":"T56N R75W S26","fm":null,"eur":null,"perft":null,"sound":false,"fit":"none","geur":null,"gfit":"refused"}},{"type":"Feature","geometry":{"type":"Point","coordinates":[-105.84333,44.79761]},"properties":{"api":"4900537638","name":"LXF 16-26C","op":"USA EXPLORATION & PRODUCTION LLC","co":"Campbell","st":"WY","trs":"T56N R75W S26","fm":null,"eur":null,"perft":null,"sound":false,"fit":"none","geur":177433,"gfit":"sound"}},{"type":"Feature","geometry":{"type":"Point","coordinates":[-105.84943,44.79335]},"properties":{"api":"4900537640","name":"LXF 2-35C","op":"USA EXPLORATION & PRODUCTION LLC","co":"Campbell","st":"WY","trs":"T56N R75W S35","fm":null,"eur":null,"perft":null,"sound":false,"fit":"none","geur":149207,"gfit":"sound"}},{"type":"Feature","geometry":{"type":"Point","coordinates":[-105.85461,44.79288]},"properties":{"api":"4900537641","name":"LXF 3-35C","op":"USA EXPLORATION & PRODUCTION LLC","co":"Campbell","st":"WY","trs":"T56N R75W S35","fm":null,"eur":null,"perft":null,"sound":false,"fit":"none","geur":null,"gfit":"refused"}},{"type":"Feature","geometry":{"type":"Point","coordinates":[-105.85427,44.78961]},"properties":{"api":"4900537642","name":"LXF 6-35C","op":"USA EXPLORATION & PRODUCTION LLC","co":"Campbell","st":"WY","trs":"T56N R75W S35","fm":null,"eur":null,"perft":null,"sound":false,"fit":"none","geur":null,"gfit":"refused"}},{"type":"Feature","geometry":{"type":"Point","coordinates":[-105.84834,44.78956]},"properties":{"api":"4900537643","name":"LXF 7-35CLC","op":"USA EXPLORATION & PRODUCTION LLC","co":"Campbell","st":"WY","trs":"T56N R75W S35","fm":null,"eur":null,"perft":null,"sound":false,"fit":"none","geur":32260,"gfit":"sound"}},{"type":"Feature","geometry":{"type":"Point","coordinates":[-105.84393,44.78992]},"properties":{"api":"4900537644","name":"LXF 8-35C","op":"USA EXPLORATION & PRODUCTION LLC","co":"Campbell","st":"WY","trs":"T56N R75W S35","fm":null,"eur":null,"perft":null,"sound":false,"fit":"none","geur":null,"gfit":"refused"}},{"type":"Feature","geometry":{"type":"Point","coordinates":[-105.8232,44.80049]},"properties":{"api":"4900537645","name":"LXF 9-25A","op":"USA EXPLORATION & PRODUCTION LLC","co":"Campbell","st":"WY","trs":"T56N R75W S25","fm":null,"eur":null,"perft":null,"sound":false,"fit":"none","geur":15335,"gfit":"sound"}},{"type":"Feature","geometry":{"type":"Point","coordinates":[-105.82851,44.80077]},"properties":{"api":"4900537646","name":"LXF 10-25A","op":"USA EXPLORATION & PRODUCTION LLC","co":"Campbell","st":"WY","trs":"T56N R75W S25","fm":null,"eur":null,"perft":null,"sound":false,"fit":"none","geur":null,"gfit":"none"}},{"type":"Feature","geometry":{"type":"Point","coordinates":[-105.83435,44.80129]},"properties":{"api":"4900537647","name":"LXF 11-25A","op":"USA EXPLORATION & PRODUCTION LLC","co":"Campbell","st":"WY","trs":"T56N R75W S25","fm":null,"eur":null,"perft":null,"sound":false,"fit":"none","geur":null,"gfit":"refused"}},{"type":"Feature","geometry":{"type":"Point","coordinates":[-105.83918,44.80123]},"properties":{"api":"4900537648","name":"LXF 12-25A","op":"USA EXPLORATION & PRODUCTION LLC","co":"Campbell","st":"WY","trs":"T56N R75W S25","fm":null,"eur":null,"perft":null,"sound":false,"fit":"none","geur":null,"gfit":"refused"}},{"type":"Feature","geometry":{"type":"Point","coordinates":[-105.83853,44.7975]},"properties":{"api":"4900537649","name":"LXF 13-25A","op":"USA EXPLORATION & PRODUCTION LLC","co":"Campbell","st":"WY","trs":"T56N R75W S25","fm":null,"eur":null,"perft":null,"sound":false,"fit":"none","geur":null,"gfit":"refused"}},{"type":"Feature","geometry":{"type":"Point","coordinates":[-105.83326,44.79702]},"properties":{"api":"4900537650","name":"LXF 14-25A","op":"USA EXPLORATION & PRODUCTION LLC","co":"Campbell","st":"WY","trs":"T56N R75W S25","fm":null,"eur":null,"perft":null,"sound":false,"fit":"none","geur":10925,"gfit":"sound"}},{"type":"Feature","geometry":{"type":"Point","coordinates":[-105.82323,44.79729]},"properties":{"api":"4900537651","name":"LXF 16-25A","op":"USA EXPLORATION & PRODUCTION LLC","co":"Campbell","st":"WY","trs":"T56N R75W S25","fm":null,"eur":null,"perft":null,"sound":false,"fit":"none","geur":null,"gfit":"refused"}},{"type":"Feature","geometry":{"type":"Point","coordinates":[-105.84392,44.8009]},"properties":{"api":"4900537652","name":"LXF 9-26A","op":"USA EXPLORATION & PRODUCTION LLC","co":"Campbell","st":"WY","trs":"T56N R75W S26","fm":null,"eur":null,"perft":null,"sound":false,"fit":"none","geur":48336,"gfit":"sound"}},{"type":"Feature","geometry":{"type":"Point","coordinates":[-105.84971,44.80125]},"properties":{"api":"4900537653","name":"LXF 10-26A","op":"USA EXPLORATION & PRODUCTION LLC","co":"Campbell","st":"WY","trs":"T56N R75W S26","fm":null,"eur":null,"perft":null,"sound":false,"fit":"none","geur":null,"gfit":"refused"}},{"type":"Feature","geometry":{"type":"Point","coordinates":[-105.84891,44.79704]},"properties":{"api":"4900537654","name":"LXF 15-26ALC","op":"USA EXPLORATION & PRODUCTION LLC","co":"Campbell","st":"WY","trs":"T56N R75W S26","fm":null,"eur":null,"perft":null,"sound":false,"fit":"none","geur":null,"gfit":"refused"}},{"type":"Feature","geometry":{"type":"Point","coordinates":[-105.84333,44.79769]},"properties":{"api":"4900537655","name":"LXF 16-26A","op":"USA EXPLORATION & PRODUCTION LLC","co":"Campbell","st":"WY","trs":"T56N R75W S26","fm":null,"eur":null,"perft":null,"sound":false,"fit":"none","geur":22468,"gfit":"sound"}},{"type":"Feature","geometry":{"type":"Point","coordinates":[-105.84373,44.79329]},"properties":{"api":"4900537656","name":"LXF 1-35A","op":"USA EXPLORATION & PRODUCTION LLC","co":"Campbell","st":"WY","trs":"T56N R75W S35","fm":null,"eur":null,"perft":null,"sound":false,"fit":"none","geur":null,"gfit":"none"}},{"type":"Feature","geometry":{"type":"Point","coordinates":[-105.84393,44.79003]},"properties":{"api":"4900537657","name":"LXF 8-35A","op":"USA EXPLORATION & PRODUCTION LLC","co":"Campbell","st":"WY","trs":"T56N R75W S35","fm":null,"eur":null,"perft":null,"sound":false,"fit":"none","geur":19244,"gfit":"sound"}},{"type":"Feature","geometry":{"type":"Point","coordinates":[-105.8748,44.78524]},"properties":{"api":"4900538814","name":"SPOTTED HORSE 23-34C","op":"ANADARKO E&P ONSHORE LLC","co":"Campbell","st":"WY","trs":"T56N R75W S34","fm":null,"eur":null,"perft":null,"sound":false,"fit":"none","geur":null,"gfit":"refused"}},{"type":"Feature","geometry":{"type":"Point","coordinates":[-105.84735,44.78327]},"properties":{"api":"4900538909","name":"LX FEE 15-35AX","op":"USA EXPLORATION & PRODUCTION LLC","co":"Campbell","st":"WY","trs":"T56N R75W S35","fm":null,"eur":null,"perft":null,"sound":false,"fit":"none","geur":22429,"gfit":"sound"}},{"type":"Feature","geometry":{"type":"Point","coordinates":[-105.84925,44.79344]},"properties":{"api":"4900539801","name":"LXF 2-35A","op":"USA EXPLORATION & PRODUCTION LLC","co":"Campbell","st":"WY","trs":"T56N R75W S35","fm":null,"eur":null,"perft":null,"sound":false,"fit":"none","geur":null,"gfit":"refused"}},{"type":"Feature","geometry":{"type":"Point","coordinates":[-105.84363,44.79312]},"properties":{"api":"4900540937","name":"LXF 1-35CX","op":"USA EXPLORATION & PRODUCTION LLC","co":"Campbell","st":"WY","trs":"T56N R75W S35","fm":null,"eur":null,"perft":null,"sound":false,"fit":"none","geur":null,"gfit":"none"}},{"type":"Feature","geometry":{"type":"Point","coordinates":[-105.85361,44.78639]},"properties":{"api":"4900541096","name":"LX FEE 11-35AXLC","op":"USA EXPLORATION & PRODUCTION LLC","co":"Campbell","st":"WY","trs":"T56N R75W S35","fm":null,"eur":null,"perft":null,"sound":false,"fit":"none","geur":null,"gfit":"refused"}},{"type":"Feature","geometry":{"type":"Point","coordinates":[-105.85917,44.7825]},"properties":{"api":"4900541097","name":"LX FEE 13-35 CXLC","op":"USA EXPLORATION & PRODUCTION LLC","co":"Campbell","st":"WY","trs":"T56N R75W S35","fm":null,"eur":null,"perft":null,"sound":false,"fit":"none","geur":null,"gfit":"refused"}},{"type":"Feature","geometry":{"type":"Point","coordinates":[-105.82806,44.80083]},"properties":{"api":"4900541099","name":"LXF 10-25CX","op":"USA EXPLORATION & PRODUCTION LLC","co":"Campbell","st":"WY","trs":"T56N R75W S25","fm":null,"eur":null,"perft":null,"sound":false,"fit":"none","geur":null,"gfit":"none"}},{"type":"Feature","geometry":{"type":"Point","coordinates":[-105.83875,44.78292]},"properties":{"api":"4900541129","name":"LXS 13-36CXLC","op":"USA EXPLORATION & PRODUCTION LLC","co":"Campbell","st":"WY","trs":"T56N R75W S36","fm":null,"eur":null,"perft":null,"sound":false,"fit":"none","geur":null,"gfit":"refused"}},{"type":"Feature","geometry":{"type":"Point","coordinates":[-105.90083,44.84806]},"properties":{"api":"4900541211","name":"GABRIELLE CS 83","op":"EOG RESOURCES INC","co":"Campbell","st":"WY","trs":"T56N R75W S9","fm":null,"eur":null,"perft":null,"sound":false,"fit":"none","geur":null,"gfit":"refused"}},{"type":"Feature","geometry":{"type":"Point","coordinates":[-105.90083,44.84806]},"properties":{"api":"4900541212","name":"GABRIELLE CS 90","op":"EOG RESOURCES INC","co":"Campbell","st":"WY","trs":"T56N R75W S9","fm":null,"eur":null,"perft":null,"sound":false,"fit":"none","geur":null,"gfit":"refused"}},{"type":"Feature","geometry":{"type":"Point","coordinates":[-105.86972,44.81861]},"properties":{"api":"4900541240","name":"GABRIELLE CS 17","op":"EOG RESOURCES INC","co":"Campbell","st":"WY","trs":"T56N R75W S22","fm":null,"eur":null,"perft":null,"sound":false,"fit":"none","geur":null,"gfit":"refused"}},{"type":"Feature","geometry":{"type":"Point","coordinates":[-105.88027,44.82611]},"properties":{"api":"4900541242","name":"GABRIELLE CS 25","op":"EOG RESOURCES INC","co":"Campbell","st":"WY","trs":"T56N R75W S15","fm":null,"eur":null,"perft":null,"sound":false,"fit":"none","geur":null,"gfit":"refused"}},{"type":"Feature","geometry":{"type":"Point","coordinates":[-105.86486,44.78568]},"properties":{"api":"4900541519","name":"LXF 9-34A","op":"USA EXPLORATION & PRODUCTION LLC","co":"Campbell","st":"WY","trs":"T56N R75W S34","fm":null,"eur":null,"perft":null,"sound":false,"fit":"none","geur":null,"gfit":"refused"}},{"type":"Feature","geometry":{"type":"Point","coordinates":[-105.87998,44.82639]},"properties":{"api":"4900541590","name":"GABRIELLE CS 13","op":"EOG RESOURCES INC","co":"Campbell","st":"WY","trs":"T56N R75W S15","fm":null,"eur":null,"perft":null,"sound":false,"fit":"none","geur":null,"gfit":"refused"}},{"type":"Feature","geometry":{"type":"Point","coordinates":[-105.85944,44.80472]},"properties":{"api":"4900541593","name":"GABRIELLE CS 10","op":"EOG RESOURCES INC","co":"Campbell","st":"WY","trs":"T56N R75W S26","fm":null,"eur":null,"perft":null,"sound":false,"fit":"none","geur":null,"gfit":"refused"}},{"type":"Feature","geometry":{"type":"Point","coordinates":[-105.86465,44.78249]},"properties":{"api":"4900542959","name":"LXF 16-34A","op":"USA EXPLORATION & PRODUCTION LLC","co":"Campbell","st":"WY","trs":"T56N R75W S34","fm":null,"eur":null,"perft":null,"sound":false,"fit":"none","geur":null,"gfit":"refused"}},{"type":"Feature","geometry":{"type":"Point","coordinates":[-105.93664,44.78521]},"properties":{"api":"4900544477","name":"ODEGARD 31AC-11","op":"DEVON ENERGY PRODUCTION COMPANY LP","co":"Campbell","st":"WY","trs":"T56N R75W S31","fm":null,"eur":null,"perft":null,"sound":false,"fit":"none","geur":null,"gfit":"refused"}},{"type":"Feature","geometry":{"type":"Point","coordinates":[-105.88091,44.8438]},"properties":{"api":"4900535762","name":"COONES 12L-10 56-75","op":"STORM CAT ENERGY USA OPERATING CORP","co":"Campbell","st":"WY","trs":"T56N R75W S10","fm":null,"eur":null,"perft":null,"sound":false,"fit":"none","geur":null,"gfit":"refused"}},{"type":"Feature","geometry":{"type":"Point","coordinates":[-105.85913,44.85462]},"properties":{"api":"4900537720","name":"FEDERAL MANIGAULT 13-1 56-75","op":"STORM CAT ENERGY USA OPERATING CORP","co":"Campbell","st":"WY","trs":"T56N R75W S1","fm":null,"eur":null,"perft":null,"sound":false,"fit":"none","geur":168672,"gfit":"sound"}},{"type":"Feature","geometry":{"type":"Point","coordinates":[-105.83954,44.8413]},"properties":{"api":"4900537738","name":"FEDERAL MANIGAULT 13-12 56-75","op":"STORM CAT ENERGY USA OPERATING CORP","co":"Campbell","st":"WY","trs":"T56N R75W S12","fm":null,"eur":null,"perft":null,"sound":false,"fit":"none","geur":null,"gfit":"refused"}},{"type":"Feature","geometry":{"type":"Point","coordinates":[-105.86104,44.83935]},"properties":{"api":"4900538724","name":"MANIGAULT 13-11-56-75","op":"STORM CAT ENERGY USA OPERATING CORP","co":"Campbell","st":"WY","trs":"T56N R75W S11","fm":null,"eur":null,"perft":null,"sound":false,"fit":"none","geur":null,"gfit":"refused"}},{"type":"Feature","geometry":{"type":"Point","coordinates":[-105.81938,44.84818]},"properties":{"api":"4900549963","name":"MANIGAULT FED 7LW-11 56-75","op":"STORM CAT ENERGY USA OPERATING CORP","co":"Campbell","st":"WY","trs":"T56N R75W S11","fm":null,"eur":null,"perft":null,"sound":false,"fit":"none","geur":null,"gfit":"refused"}},{"type":"Feature","geometry":{"type":"Point","coordinates":[-105.8383,44.83415]},"properties":{"api":"4900554142","name":"MANIGAULT FED 5LW-13 56-75","op":"STORM CAT ENERGY USA OPERATING CORP","co":"Campbell","st":"WY","trs":"T56N R75W S13","fm":null,"eur":null,"perft":null,"sound":false,"fit":"none","geur":null,"gfit":"none"}},{"type":"Feature","geometry":{"type":"Point","coordinates":[-105.90568,44.81114]},"properties":{"api":"4900534470","name":"WEST 16-20 CA","op":"HIGH PLAINS GAS LLC","co":"Campbell","st":"WY","trs":"T56N R75W S20","fm":null,"eur":null,"perft":null,"sound":false,"fit":"none","geur":null,"gfit":"refused"}},{"type":"Feature","geometry":{"type":"Point","coordinates":[-105.9206,44.81097]},"properties":{"api":"4900536674","name":"WEST 13-20-56-75CA","op":"PENNACO ENERGY INCORPORATED","co":"Campbell","st":"WY","trs":"T56N R75W S20","fm":null,"eur":null,"perft":null,"sound":false,"fit":"none","geur":null,"gfit":"refused"}},{"type":"Feature","geometry":{"type":"Point","coordinates":[-105.88,44.82639]},"properties":{"api":"4900541586","name":"GABRIELLE CS 1","op":"EOG RESOURCES INC","co":"Campbell","st":"WY","trs":"T56N R75W S15","fm":null,"eur":null,"perft":null,"sound":false,"fit":"none","geur":null,"gfit":"refused"}},{"type":"Feature","geometry":{"type":"Point","coordinates":[-105.92111,44.81085]},"properties":{"api":"4900545023","name":"WEST 13-20 XCO","op":"PENNACO ENERGY INCORPORATED","co":"Campbell","st":"WY","trs":"T56N R75W S20","fm":null,"eur":null,"perft":null,"sound":false,"fit":"none","geur":null,"gfit":"refused"}},{"type":"Feature","geometry":{"type":"Point","coordinates":[-105.90543,44.81076]},"properties":{"api":"4900545855","name":"WEST 16-20CO","op":"PENNACO ENERGY INCORPORATED","co":"Campbell","st":"WY","trs":"T56N R75W S20","fm":null,"eur":null,"perft":null,"sound":false,"fit":"none","geur":null,"gfit":"none"}},{"type":"Feature","geometry":{"type":"Point","coordinates":[-105.87471,44.8223]},"properties":{"api":"4900541591","name":"GABRIELLE CS 15","op":"EOG RESOURCES INC","co":"Campbell","st":"WY","trs":"T56N R75W S22","fm":null,"eur":null,"perft":null,"sound":false,"fit":"none","geur":null,"gfit":"none"}},{"type":"Feature","geometry":{"type":"Point","coordinates":[-105.83389,44.85806]},"properties":{"api":"4900541597","name":"GABRIELLE CS 37","op":"EOG Y RESOURCES INC","co":"Campbell","st":"WY","trs":"T56N R75W S1","fm":null,"eur":null,"perft":null,"sound":false,"fit":"none","geur":null,"gfit":"none"}},{"type":"Feature","geometry":{"type":"Point","coordinates":[-105.8275,44.85472]},"properties":{"api":"4900541598","name":"GABRIELLE CS 38","op":"EOG RESOURCES INC","co":"Campbell","st":"WY","trs":"T56N R75W S1","fm":null,"eur":null,"perft":null,"sound":false,"fit":"none","geur":null,"gfit":"none"}},{"type":"Feature","geometry":{"type":"Point","coordinates":[-105.82222,44.85113]},"properties":{"api":"4900541599","name":"GABRIELLE CS 39","op":"EOG RESOURCES INC","co":"Campbell","st":"WY","trs":"T56N R75W S12","fm":null,"eur":null,"perft":null,"sound":false,"fit":"none","geur":null,"gfit":"none"}},{"type":"Feature","geometry":{"type":"Point","coordinates":[-105.83884,44.79359]},"properties":{"api":"4900533917","name":"LXS 4-36C","op":"USA EXPLORATION & PRODUCTION LLC","co":"Campbell","st":"WY","trs":"T56N R75W S36","fm":null,"eur":null,"perft":null,"sound":false,"fit":"none","geur":null,"gfit":"refused"}},{"type":"Feature","geometry":{"type":"Point","coordinates":[-105.85904,44.78552]},"properties":{"api":"4900534566","name":"LX FEE 12-35C","op":"USA EXPLORATION & PRODUCTION LLC","co":"Campbell","st":"WY","trs":"T56N R75W S35","fm":null,"eur":null,"perft":null,"sound":false,"fit":"none","geur":null,"gfit":"refused"}},{"type":"Feature","geometry":{"type":"Point","coordinates":[-105.84318,44.78209]},"properties":{"api":"4900534567","name":"LX FEE 16-35C","op":"USA EXPLORATION & PRODUCTION LLC","co":"Campbell","st":"WY","trs":"T56N R75W S35","fm":null,"eur":null,"perft":null,"sound":false,"fit":"none","geur":null,"gfit":"refused"}},{"type":"Feature","geometry":{"type":"Point","coordinates":[-105.82869,44.79376]},"properties":{"api":"4900534687","name":"LXS 2-36C","op":"USA EXPLORATION & PRODUCTION LLC","co":"Campbell","st":"WY","trs":"T56N R75W S36","fm":null,"eur":null,"perft":null,"sound":false,"fit":"none","geur":null,"gfit":"refused"}},{"type":"Feature","geometry":{"type":"Point","coordinates":[-105.83415,44.7823]},"properties":{"api":"4900534688","name":"LXS 14-36C","op":"USA EXPLORATION & PRODUCTION LLC","co":"Campbell","st":"WY","trs":"T56N R75W S36","fm":null,"eur":null,"perft":null,"sound":false,"fit":"none","geur":null,"gfit":"refused"}},{"type":"Feature","geometry":{"type":"Point","coordinates":[-105.8331,44.78637]},"properties":{"api":"4900534796","name":"LXS 11-36A","op":"USA EXPLORATION & PRODUCTION LLC","co":"Campbell","st":"WY","trs":"T56N R75W S36","fm":null,"eur":null,"perft":null,"sound":false,"fit":"none","geur":null,"gfit":"refused"}},{"type":"Feature","geometry":{"type":"Point","coordinates":[-105.85896,44.78538]},"properties":{"api":"4900534802","name":"LX FEE 12-35A","op":"USA EXPLORATION & PRODUCTION LLC","co":"Campbell","st":"WY","trs":"T56N R75W S35","fm":null,"eur":null,"perft":null,"sound":false,"fit":"none","geur":null,"gfit":"refused"}},{"type":"Feature","geometry":{"type":"Point","coordinates":[-105.82363,44.7895]},"properties":{"api":"4900535091","name":"LXS 8-36C","op":"USA EXPLORATION & PRODUCTION LLC","co":"Campbell","st":"WY","trs":"T56N R75W S36","fm":null,"eur":null,"perft":null,"sound":false,"fit":"none","geur":null,"gfit":"refused"}},{"type":"Feature","geometry":{"type":"Point","coordinates":[-105.83795,44.78611]},"properties":{"api":"4900535110","name":"LXS 12-36C","op":"USA EXPLORATION & PRODUCTION LLC","co":"Campbell","st":"WY","trs":"T56N R75W S36","fm":null,"eur":null,"perft":null,"sound":false,"fit":"none","geur":null,"gfit":"refused"}},{"type":"Feature","geometry":{"type":"Point","coordinates":[-105.82887,44.79384]},"properties":{"api":"4900535331","name":"LXS 2-36A","op":"USA EXPLORATION & PRODUCTION LLC","co":"Campbell","st":"WY","trs":"T56N R75W S36","fm":null,"eur":null,"perft":null,"sound":false,"fit":"none","geur":null,"gfit":"refused"}},{"type":"Feature","geometry":{"type":"Point","coordinates":[-105.82844,44.79011]},"properties":{"api":"4900535332","name":"LXS 7-36A","op":"USA EXPLORATION & PRODUCTION LLC","co":"Campbell","st":"WY","trs":"T56N R75W S36","fm":null,"eur":null,"perft":null,"sound":false,"fit":"none","geur":null,"gfit":"refused"}},{"type":"Feature","geometry":{"type":"Point","coordinates":[-105.82384,44.79333]},"properties":{"api":"4900535336","name":"LXS 1-36A","op":"USA EXPLORATION & PRODUCTION LLC","co":"Campbell","st":"WY","trs":"T56N R75W S36","fm":null,"eur":null,"perft":null,"sound":false,"fit":"none","geur":30442,"gfit":"sound"}},{"type":"Feature","geometry":{"type":"Point","coordinates":[-105.83334,44.7897]},"properties":{"api":"4900536593","name":"LXS 6-36 CX","op":"USA EXPLORATION & PRODUCTION LLC","co":"Campbell","st":"WY","trs":"T56N R75W S36","fm":null,"eur":null,"perft":null,"sound":false,"fit":"none","geur":39183,"gfit":"sound"}},{"type":"Feature","geometry":{"type":"Point","coordinates":[-105.83802,44.79038]},"properties":{"api":"4900536684","name":"LXS 5-36CX","op":"USA EXPLORATION & PRODUCTION LLC","co":"Campbell","st":"WY","trs":"T56N R75W S36","fm":null,"eur":null,"perft":null,"sound":false,"fit":"none","geur":null,"gfit":"refused"}},{"type":"Feature","geometry":{"type":"Point","coordinates":[-105.85003,44.81457]},"properties":{"api":"4900538723","name":"HUBER MANIGAULT 10-23-56-75 ALT","op":"STORM CAT ENERGY USA OPERATING CORP","co":"Campbell","st":"WY","trs":"T56N R75W S23","fm":null,"eur":null,"perft":null,"sound":false,"fit":"none","geur":null,"gfit":"refused"}},{"type":"Feature","geometry":{"type":"Point","coordinates":[-105.83879,44.81533]},"properties":{"api":"4900538751","name":"HUBER MANIGAULT 12-24-56-75","op":"STORM CAT ENERGY USA OPERATING CORP","co":"Campbell","st":"WY","trs":"T56N R75W S24","fm":null,"eur":null,"perft":null,"sound":false,"fit":"none","geur":null,"gfit":"refused"}},{"type":"Feature","geometry":{"type":"Point","coordinates":[-105.84347,44.82261]},"properties":{"api":"4900540354","name":"HUBER MANIGAULT 1C-23-56-75","op":"STORM CAT ENERGY USA OPERATING CORP","co":"Campbell","st":"WY","trs":"T56N R75W S23","fm":null,"eur":null,"perft":null,"sound":false,"fit":"none","geur":null,"gfit":"none"}},{"type":"Feature","geometry":{"type":"Point","coordinates":[-105.83401,44.78231]},"properties":{"api":"4900541131","name":"LXS 14-36AX","op":"USA EXPLORATION & PRODUCTION LLC","co":"Campbell","st":"WY","trs":"T56N R75W S36","fm":null,"eur":null,"perft":null,"sound":false,"fit":"none","geur":null,"gfit":"refused"}},{"type":"Feature","geometry":{"type":"Point","coordinates":[-105.83672,44.79203]},"properties":{"api":"4900523371","name":"L-X BAR UT 10","op":"USA EXPLORATION & PRODUCTION LLC","co":"Campbell","st":"WY","trs":"T56N R75W S36","fm":null,"eur":316,"perft":null,"sound":true,"fit":"sound","geur":null,"gfit":"refused"}},{"type":"Feature","geometry":{"type":"Point","coordinates":[-105.88492,44.83013]},"properties":{"api":"4900540505","name":"KD INJECTION WELL 2","op":"EOG RESOURCES INC","co":"Campbell","st":"WY","trs":"T56N R75W S16","fm":null,"eur":null,"perft":null,"sound":false,"fit":"none","geur":59465,"gfit":"sound"}},{"type":"Feature","geometry":{"type":"Point","coordinates":[-105.82825,44.79713]},"properties":{"api":"4900523323","name":"L-X BAR UT W-31788 1","op":"USA EXPLORATION & PRODUCTION LLC","co":"Campbell","st":"WY","trs":"T56N R75W S25","fm":null,"eur":null,"perft":null,"sound":false,"fit":"refused","geur":null,"gfit":"refused"}},{"type":"Feature","geometry":{"type":"Point","coordinates":[-105.84825,44.78935]},"properties":{"api":"4900523370","name":"L-X BAR UT 1-1 W3108 8","op":"USA EXPLORATION & PRODUCTION LLC","co":"Campbell","st":"WY","trs":"T56N R75W S35","fm":null,"eur":null,"perft":null,"sound":false,"fit":"refused","geur":43252,"gfit":"sound"}},{"type":"Feature","geometry":{"type":"Point","coordinates":[-105.82595,44.79877]},"properties":{"api":"4900523413","name":"FRITZ 3-2","op":"USA EXPLORATION & PRODUCTION LLC","co":"Campbell","st":"WY","trs":"T56N R75W S25","fm":null,"eur":null,"perft":null,"sound":false,"fit":"refused","geur":589368,"gfit":"sound"}},{"type":"Feature","geometry":{"type":"Point","coordinates":[-105.85407,44.78598]},"properties":{"api":"4900523297","name":"LX BAR UNIT 8-2H","op":"USA EXPLORATION & PRODUCTION LLC","co":"Campbell","st":"WY","trs":"T56N R75W S35","fm":null,"eur":null,"perft":null,"sound":false,"fit":"none","geur":null,"gfit":"none"}},{"type":"Feature","geometry":{"type":"Point","coordinates":[-105.90549,44.81114]},"properties":{"api":"4900534459","name":"WEST 16-20 CO","op":"PENNACO ENERGY INCORPORATED","co":"Campbell","st":"WY","trs":"T56N R75W S20","fm":null,"eur":null,"perft":null,"sound":false,"fit":"none","geur":null,"gfit":"refused"}},{"type":"Feature","geometry":{"type":"Point","coordinates":[-105.91028,44.815]},"properties":{"api":"4900537199","name":"WEST FED 10-20CO","op":"PENNACO ENERGY INCORPORATED","co":"Campbell","st":"WY","trs":"T56N R75W S20","fm":null,"eur":null,"perft":null,"sound":false,"fit":"none","geur":null,"gfit":"none"}},{"type":"Feature","geometry":{"type":"Point","coordinates":[-105.92038,44.8217]},"properties":{"api":"4900537204","name":"WEST FED 4-20CO","op":"PENNACO ENERGY INCORPORATED","co":"Campbell","st":"WY","trs":"T56N R75W S20","fm":null,"eur":null,"perft":null,"sound":false,"fit":"none","geur":null,"gfit":"none"}},{"type":"Feature","geometry":{"type":"Point","coordinates":[-105.84376,44.78609]},"properties":{"api":"4900523278","name":"L-X BAR MUDDY UNIT 8-1H","op":"USA EXPLORATION & PRODUCTION LLC","co":"Campbell","st":"WY","trs":"T56N R75W S35","fm":null,"eur":null,"perft":null,"sound":false,"fit":"refused","geur":null,"gfit":"refused"}},{"type":"Feature","geometry":{"type":"Point","coordinates":[-105.84895,44.78242]},"properties":{"api":"4900523300","name":"L-X BAR MUDDY SAND 8-5H","op":"USA EXPLORATION & PRODUCTION LLC","co":"Campbell","st":"WY","trs":"T56N R75W S35","fm":null,"eur":null,"perft":null,"sound":false,"fit":"refused","geur":null,"gfit":"refused"}},{"type":"Feature","geometry":{"type":"Point","coordinates":[-105.84378,44.79295]},"properties":{"api":"4900523409","name":"L-X BAR UT 1-2 W3108 9","op":"USA EXPLORATION & PRODUCTION LLC","co":"Campbell","st":"WY","trs":"T56N R75W S35","fm":null,"eur":null,"perft":null,"sound":false,"fit":"none","geur":null,"gfit":"none"}},{"type":"Feature","geometry":{"type":"Point","coordinates":[-105.89528,44.80361]},"properties":{"api":"4900534466","name":"WEST 6-28 I-1","op":"HIGH PLAINS GAS LLC","co":"Campbell","st":"WY","trs":"T56N R75W S28","fm":null,"eur":null,"perft":null,"sound":false,"fit":"none","geur":null,"gfit":"none"}},{"type":"Feature","geometry":{"type":"Point","coordinates":[-105.83342,44.79399]},"properties":{"api":"4900534561","name":"LXS 3-36C","op":"USA EXPLORATION & PRODUCTION LLC","co":"Campbell","st":"WY","trs":"T56N R75W S36","fm":null,"eur":null,"perft":null,"sound":false,"fit":"none","geur":null,"gfit":"none"}},{"type":"Feature","geometry":{"type":"Point","coordinates":[-105.83862,44.79044]},"properties":{"api":"4900535090","name":"LXS 5-36C","op":"USA EXPLORATION & PRODUCTION LLC","co":"Campbell","st":"WY","trs":"T56N R75W S36","fm":null,"eur":null,"perft":null,"sound":false,"fit":"none","geur":null,"gfit":"none"}},{"type":"Feature","geometry":{"type":"Point","coordinates":[-105.92086,44.81462]},"properties":{"api":"4900537197","name":"WEST FED 12-20CO","op":"PENNACO ENERGY INCORPORATED","co":"Campbell","st":"WY","trs":"T56N R75W S20","fm":null,"eur":null,"perft":null,"sound":false,"fit":"none","geur":null,"gfit":"none"}},{"type":"Feature","geometry":{"type":"Point","coordinates":[-105.90048,44.81491]},"properties":{"api":"4900537208","name":"WEST FED 12-21CA","op":"PENNACO ENERGY INCORPORATED","co":"Campbell","st":"WY","trs":"T56N R75W S21","fm":null,"eur":null,"perft":null,"sound":false,"fit":"none","geur":null,"gfit":"none"}},{"type":"Feature","geometry":{"type":"Point","coordinates":[-105.89028,44.83722]},"properties":{"api":"4900540544","name":"KLINE DRAW CS STATE 34","op":"EOG RESOURCES INC","co":"Campbell","st":"WY","trs":"T56N R75W S16","fm":null,"eur":null,"perft":null,"sound":false,"fit":"none","geur":null,"gfit":"none"}},{"type":"Feature","geometry":{"type":"Point","coordinates":[-105.84375,44.78607]},"properties":{"api":"4900533940","name":"LX FEE 9-35","op":"USA EXPLORATION & PRODUCTION LLC","co":"Campbell","st":"WY","trs":"T56N R75W S35","fm":null,"eur":null,"perft":null,"sound":false,"fit":"none","geur":null,"gfit":"none"}},{"type":"Feature","geometry":{"type":"Point","coordinates":[-105.85936,44.78181]},"properties":{"api":"4900535447","name":"LX FEE 13-35A","op":"USA EXPLORATION & PRODUCTION LLC","co":"Campbell","st":"WY","trs":"T56N R75W S35","fm":null,"eur":null,"perft":null,"sound":false,"fit":"none","geur":null,"gfit":"none"}},{"type":"Feature","geometry":{"type":"Point","coordinates":[-105.83376,44.79006]},"properties":{"api":"4900533920","name":"LXS 6-36C","op":"USA EXPLORATION & PRODUCTION LLC","co":"Campbell","st":"WY","trs":"T56N R75W S36","fm":null,"eur":null,"perft":null,"sound":false,"fit":"none","geur":null,"gfit":"none"}},{"type":"Feature","geometry":{"type":"Point","coordinates":[-105.85364,44.78255]},"properties":{"api":"4900533941","name":"LX FEE 15-35A","op":"USA EXPLORATION & PRODUCTION LLC","co":"Campbell","st":"WY","trs":"T56N R75W S35","fm":null,"eur":null,"perft":null,"sound":false,"fit":"none","geur":null,"gfit":"none"}},{"type":"Feature","geometry":{"type":"Point","coordinates":[-105.85443,44.7859]},"properties":{"api":"4900533942","name":"LX FEE 11-35","op":"USA EXPLORATION & PRODUCTION LLC","co":"Campbell","st":"WY","trs":"T56N R75W S35","fm":null,"eur":null,"perft":null,"sound":false,"fit":"none","geur":null,"gfit":"none"}},{"type":"Feature","geometry":{"type":"Point","coordinates":[-105.85957,44.78181]},"properties":{"api":"4900533971","name":"LX FEE 13-35C","op":"USA EXPLORATION & PRODUCTION LLC","co":"Campbell","st":"WY","trs":"T56N R75W S35","fm":null,"eur":null,"perft":null,"sound":false,"fit":"none","geur":null,"gfit":"none"}},{"type":"Feature","geometry":{"type":"Point","coordinates":[-105.83883,44.78309]},"properties":{"api":"4900534689","name":"LXS 13-36C","op":"USA EXPLORATION & PRODUCTION LLC","co":"Campbell","st":"WY","trs":"T56N R75W S36","fm":null,"eur":null,"perft":null,"sound":false,"fit":"none","geur":null,"gfit":"none"}},{"type":"Feature","geometry":{"type":"Point","coordinates":[-105.83428,44.78241]},"properties":{"api":"4900534692","name":"LXS 14-36A","op":"USA EXPLORATION & PRODUCTION LLC","co":"Campbell","st":"WY","trs":"T56N R75W S36","fm":null,"eur":null,"perft":null,"sound":false,"fit":"none","geur":null,"gfit":"none"}},{"type":"Feature","geometry":{"type":"Point","coordinates":[-105.82828,44.78995]},"properties":{"api":"4900534797","name":"LXS 7-36C","op":"USA EXPLORATION & PRODUCTION LLC","co":"Campbell","st":"WY","trs":"T56N R75W S36","fm":null,"eur":null,"perft":null,"sound":false,"fit":"none","geur":null,"gfit":"none"}},{"type":"Feature","geometry":{"type":"Point","coordinates":[-105.85444,44.78609]},"properties":{"api":"4900534803","name":"LX FEE 11-35A","op":"USA EXPLORATION & PRODUCTION LLC","co":"Campbell","st":"WY","trs":"T56N R75W S35","fm":null,"eur":null,"perft":null,"sound":false,"fit":"none","geur":null,"gfit":"none"}},{"type":"Feature","geometry":{"type":"Point","coordinates":[-105.88067,44.84677]},"properties":{"api":"4900522947","name":"JOE CREEK  PATENT 8","op":"THE TERMO COMPANY","co":"Campbell","st":"WY","trs":"T56N R75W S10","fm":null,"eur":null,"perft":null,"sound":false,"fit":"refused","geur":null,"gfit":"refused"}},{"type":"Feature","geometry":{"type":"Point","coordinates":[-105.85343,44.81173]},"properties":{"api":"4900524114","name":"DUNC W-029163 2","op":"DYCO PETROLEUM CORPORATION","co":"Campbell","st":"WY","trs":"T56N R75W S23","fm":null,"eur":null,"perft":null,"sound":false,"fit":"none","geur":null,"gfit":"none"}}]}