{"type":"FeatureCollection","note":"BLM Public Land Survey System. Provided by the Bureau of Land Management as is. These data are neither legal documents nor land surveys and must not be used as such.","features":[{"type":"Feature","properties":{"q":"NWSE","ac":40.0},"geometry":{"type":"Polygon","coordinates":[[[-105.907992,43.40569],[-105.908021,43.40931],[-105.903042,43.409287],[-105.903026,43.405673],[-105.907992,43.40569]]]}},{"type":"Feature","properties":{"q":"NENW","ac":40.2},"geometry":{"type":"Polygon","coordinates":[[[-105.808368,43.398525],[-105.813393,43.398574],[-105.813392,43.402195],[-105.808404,43.402134],[-105.808368,43.398525]]]}},{"type":"Feature","properties":{"q":"SWSW","ac":40.8},"geometry":{"type":"Polygon","coordinates":[[[-105.818457,43.387797],[-105.818456,43.391395],[-105.813376,43.391344],[-105.813358,43.387734],[-105.818457,43.387797]]]}},{"type":"Feature","properties":{"q":"SESE","ac":39.8},"geometry":{"type":"Polygon","coordinates":[[[-105.878222,43.402058],[-105.883203,43.402055],[-105.883245,43.405657],[-105.878284,43.405657],[-105.878222,43.402058]]]}},{"type":"Feature","properties":{"q":"NWNE","ac":39.5},"geometry":{"type":"Polygon","coordinates":[[[-105.90301,43.398478],[-105.907967,43.398488],[-105.907962,43.40207],[-105.903009,43.402058],[-105.90301,43.398478]]]}},{"type":"Feature","properties":{"q":"NWSE","ac":39.1},"geometry":{"type":"Polygon","coordinates":[[[-105.888266,43.423664],[-105.88338,43.423676],[-105.883365,43.420079],[-105.888272,43.420074],[-105.888266,43.423664]]]}},{"type":"Feature","properties":{"q":"SWSE","ac":39.4},"geometry":{"type":"Polygon","coordinates":[[[-105.883148,43.387737],[-105.888114,43.387735],[-105.888131,43.391305],[-105.883163,43.391302],[-105.883148,43.387737]]]}},{"type":"Feature","properties":{"q":"NWSW","ac":40.3},"geometry":{"type":"Polygon","coordinates":[[[-105.813391,43.405817],[-105.818388,43.405887],[-105.818395,43.409519],[-105.81339,43.409439],[-105.813391,43.405817]]]}},{"type":"Feature","properties":{"q":"SENW","ac":39.6},"geometry":{"type":"Polygon","coordinates":[[[-105.893214,43.423652],[-105.893217,43.427243],[-105.888261,43.427261],[-105.888266,43.423664],[-105.893214,43.423652]]]}},{"type":"Feature","properties":{"q":"NESE","ac":39.9},"geometry":{"type":"Polygon","coordinates":[[[-105.843335,43.391384],[-105.843349,43.394979],[-105.838352,43.394984],[-105.838337,43.391391],[-105.843335,43.391384]]]}},{"type":"Feature","properties":{"q":"SWNE","ac":39.8},"geometry":{"type":"Polygon","coordinates":[[[-105.868456,43.438208],[-105.868445,43.441783],[-105.863453,43.441841],[-105.863451,43.438249],[-105.868456,43.438208]]]}},{"type":"Feature","properties":{"q":"NESE","ac":40.3},"geometry":{"type":"Polygon","coordinates":[[[-105.798448,43.39484],[-105.798255,43.391193],[-105.803275,43.391244],[-105.80339,43.394878],[-105.798448,43.39484]]]}},{"type":"Feature","properties":{"q":"SWNW","ac":40.1},"geometry":{"type":"Polygon","coordinates":[[[-105.873461,43.423725],[-105.878494,43.423687],[-105.87841,43.427297],[-105.873431,43.427319],[-105.873461,43.423725]]]}},{"type":"Feature","properties":{"q":"SWNE","ac":39.7},"geometry":{"type":"Polygon","coordinates":[[[-105.80339,43.394878],[-105.808332,43.394915],[-105.808368,43.398525],[-105.803403,43.398476],[-105.80339,43.394878]]]}},{"type":"Feature","properties":{"q":"SWSE","ac":40.0},"geometry":{"type":"Polygon","coordinates":[[[-105.803415,43.402074],[-105.808404,43.402134],[-105.808395,43.405746],[-105.80341,43.405676],[-105.803415,43.402074]]]}},{"type":"Feature","properties":{"q":"SESE","ac":40.4},"geometry":{"type":"Polygon","coordinates":[[[-105.838515,43.430987],[-105.843563,43.431006],[-105.843558,43.434616],[-105.838528,43.434595],[-105.838515,43.430987]]]}},{"type":"Feature","properties":{"q":"SESW","ac":39.8},"geometry":{"type":"Polygon","coordinates":[[[-105.908079,43.416519],[-105.91305,43.416544],[-105.913088,43.420142],[-105.90811,43.420113],[-105.908079,43.416519]]]}},{"type":"Feature","properties":{"q":"NWNE","ac":39.6},"geometry":{"type":"Polygon","coordinates":[[[-105.883291,43.430882],[-105.883335,43.427279],[-105.888261,43.427261],[-105.888256,43.430858],[-105.883291,43.430882]]]}},{"type":"Feature","properties":{"q":"SWSW","ac":39.9},"geometry":{"type":"Polygon","coordinates":[[[-105.833328,43.387786],[-105.838321,43.387798],[-105.838337,43.391391],[-105.833342,43.391386],[-105.833328,43.387786]]]}},{"type":"Feature","properties":{"q":"SWSW","ac":40.1},"geometry":{"type":"Polygon","coordinates":[[[-105.833383,43.402191],[-105.838384,43.402169],[-105.8384,43.405765],[-105.833392,43.405796],[-105.833383,43.402191]]]}},{"type":"Feature","properties":{"q":"SENE","ac":39.7},"geometry":{"type":"Polygon","coordinates":[[[-105.878347,43.409257],[-105.883288,43.409259],[-105.883319,43.41287],[-105.878385,43.412868],[-105.878347,43.409257]]]}},{"type":"Feature","properties":{"q":"NWNE","ac":39.8},"geometry":{"type":"Polygon","coordinates":[[[-105.903076,43.412891],[-105.90805,43.412915],[-105.908079,43.416519],[-105.903109,43.416495],[-105.903076,43.412891]]]}},{"type":"Feature","properties":{"q":"2","ac":35.9},"geometry":{"type":"Polygon","coordinates":[[[-105.91748,43.398531],[-105.912986,43.398511],[-105.912977,43.394914],[-105.917449,43.39492],[-105.91748,43.398531]]]}},{"type":"Feature","properties":{"q":"SWNW","ac":39.4},"geometry":{"type":"Polygon","coordinates":[[[-105.8931,43.394882],[-105.898051,43.394889],[-105.898053,43.398468],[-105.893109,43.398466],[-105.8931,43.394882]]]}},{"type":"Feature","properties":{"q":"SENW","ac":40.3},"geometry":{"type":"Polygon","coordinates":[[[-105.828466,43.441873],[-105.828508,43.438271],[-105.833524,43.438237],[-105.833509,43.441843],[-105.828466,43.441873]]]}},{"type":"Feature","properties":{"q":"SESE","ac":40.0},"geometry":{"type":"Polygon","coordinates":[[[-105.903218,43.434448],[-105.898198,43.434401],[-105.898186,43.43081],[-105.903194,43.430852],[-105.903218,43.434448]]]}},{"type":"Feature","properties":{"q":"SESE","ac":40.0},"geometry":{"type":"Polygon","coordinates":[[[-105.863518,43.430992],[-105.863485,43.43462],[-105.858503,43.434677],[-105.858559,43.431064],[-105.863518,43.430992]]]}},{"type":"Feature","properties":{"q":"SWSW","ac":40.0},"geometry":{"type":"Polygon","coordinates":[[[-105.858317,43.387763],[-105.858328,43.391363],[-105.85333,43.39137],[-105.853318,43.387771],[-105.858317,43.387763]]]}},{"type":"Feature","properties":{"q":"SENW","ac":39.5},"geometry":{"type":"Polygon","coordinates":[[[-105.888148,43.394874],[-105.8931,43.394882],[-105.893109,43.398466],[-105.888166,43.398463],[-105.888148,43.394874]]]}},{"type":"Feature","properties":{"q":"NENE","ac":39.9},"geometry":{"type":"Polygon","coordinates":[[[-105.843364,43.398573],[-105.843378,43.402168],[-105.838384,43.402169],[-105.838368,43.398577],[-105.843364,43.398573]]]}},{"type":"Feature","properties":{"q":"SENE","ac":39.8},"geometry":{"type":"Polygon","coordinates":[[[-105.858478,43.423838],[-105.863453,43.423801],[-105.863485,43.427396],[-105.858518,43.427451],[-105.858478,43.423838]]]}},{"type":"Feature","properties":{"q":"SWNW","ac":39.5},"geometry":{"type":"Polygon","coordinates":[[[-105.893214,43.423652],[-105.898162,43.42364],[-105.898174,43.427225],[-105.893217,43.427243],[-105.893214,43.423652]]]}},{"type":"Feature","properties":{"q":"SWNE","ac":40.0},"geometry":{"type":"Polygon","coordinates":[[[-105.843349,43.394979],[-105.848346,43.394974],[-105.84836,43.39857],[-105.843364,43.398573],[-105.843349,43.394979]]]}},{"type":"Feature","properties":{"q":"SWSW","ac":39.5},"geometry":{"type":"Polygon","coordinates":[[[-105.89308,43.387734],[-105.898046,43.387732],[-105.898049,43.391311],[-105.89309,43.391308],[-105.89308,43.387734]]]}},{"type":"Feature","properties":{"q":"SENE","ac":39.8},"geometry":{"type":"Polygon","coordinates":[[[-105.898162,43.42364],[-105.903151,43.423674],[-105.903172,43.427263],[-105.898174,43.427225],[-105.898162,43.42364]]]}},{"type":"Feature","properties":{"q":"SESE","ac":39.8},"geometry":{"type":"Polygon","coordinates":[[[-105.858397,43.416611],[-105.863388,43.416669],[-105.863421,43.420235],[-105.858437,43.420224],[-105.858397,43.416611]]]}},{"type":"Feature","properties":{"q":"NESE","ac":40.3},"geometry":{"type":"Polygon","coordinates":[[[-105.838528,43.434595],[-105.843558,43.434616],[-105.843553,43.438226],[-105.83854,43.438204],[-105.838528,43.434595]]]}},{"type":"Feature","properties":{"q":"SESW","ac":39.5},"geometry":{"type":"Polygon","coordinates":[[[-105.893119,43.40205],[-105.893133,43.405656],[-105.888207,43.405657],[-105.888183,43.402053],[-105.893119,43.40205]]]}},{"type":"Feature","properties":{"q":"NESE","ac":39.9},"geometry":{"type":"Polygon","coordinates":[[[-105.80341,43.405676],[-105.803405,43.409278],[-105.798423,43.409197],[-105.798425,43.405606],[-105.80341,43.405676]]]}},{"type":"Feature","properties":{"q":"3","ac":36.2},"geometry":{"type":"Polygon","coordinates":[[[-105.917774,43.434583],[-105.917804,43.438195],[-105.913306,43.438149],[-105.913257,43.434542],[-105.917774,43.434583]]]}},{"type":"Feature","properties":{"q":"SESW","ac":39.4},"geometry":{"type":"Polygon","coordinates":[[[-105.888277,43.416484],[-105.893208,43.416477],[-105.893211,43.420065],[-105.888272,43.420074],[-105.888277,43.416484]]]}},{"type":"Feature","properties":{"q":"4","ac":35.3},"geometry":{"type":"Polygon","coordinates":[[[-105.913403,43.445363],[-105.917864,43.445419],[-105.917899,43.448981],[-105.913443,43.448931],[-105.913403,43.445363]]]}},{"type":"Feature","properties":{"q":"SENE","ac":40.0},"geometry":{"type":"Polygon","coordinates":[[[-105.823407,43.394991],[-105.823394,43.398612],[-105.818418,43.398624],[-105.818455,43.394992],[-105.823407,43.394991]]]}},{"type":"Feature","properties":{"q":"SWSE","ac":39.9},"geometry":{"type":"Polygon","coordinates":[[[-105.907962,43.40207],[-105.907992,43.40569],[-105.903026,43.405673],[-105.903009,43.402058],[-105.907962,43.40207]]]}},{"type":"Feature","properties":{"q":"SWNE","ac":39.9},"geometry":{"type":"Polygon","coordinates":[[[-105.903151,43.423674],[-105.90814,43.423707],[-105.908171,43.4273],[-105.903172,43.427263],[-105.903151,43.423674]]]}},{"type":"Feature","properties":{"q":"SESW","ac":39.8},"geometry":{"type":"Polygon","coordinates":[[[-105.808357,43.434532],[-105.808349,43.430933],[-105.813321,43.431025],[-105.813321,43.43463],[-105.808357,43.434532]]]}},{"type":"Feature","properties":{"q":"NWSW","ac":40.2},"geometry":{"type":"Polygon","coordinates":[[[-105.833539,43.434619],[-105.838528,43.434595],[-105.83854,43.438204],[-105.833524,43.438237],[-105.833539,43.434619]]]}},{"type":"Feature","properties":{"q":"NWSE","ac":40.2},"geometry":{"type":"Polygon","coordinates":[[[-105.808296,43.391294],[-105.808332,43.394915],[-105.80339,43.394878],[-105.803275,43.391244],[-105.808296,43.391294]]]}},{"type":"Feature","properties":{"q":"SWSE","ac":40.7},"geometry":{"type":"Polygon","coordinates":[[[-105.823354,43.445503],[-105.828424,43.445475],[-105.828495,43.449074],[-105.823392,43.449104],[-105.823354,43.445503]]]}},{"type":"Feature","properties":{"q":"SWNW","ac":39.4},"geometry":{"type":"Polygon","coordinates":[[[-105.898064,43.409264],[-105.898101,43.412867],[-105.893177,43.41287],[-105.893147,43.409262],[-105.898064,43.409264]]]}},{"type":"Feature","properties":{"q":"NWNW","ac":40.5},"geometry":{"type":"Polygon","coordinates":[[[-105.833509,43.441843],[-105.838552,43.441812],[-105.838565,43.44542],[-105.833495,43.445448],[-105.833509,43.441843]]]}},{"type":"Feature","properties":{"q":"NWNE","ac":40.5},"geometry":{"type":"Polygon","coordinates":[[[-105.843546,43.4274],[-105.848587,43.427417],[-105.848611,43.431026],[-105.843563,43.431006],[-105.843546,43.4274]]]}},{"type":"Feature","properties":{"q":"NWSE","ac":41.3},"geometry":{"type":"Polygon","coordinates":[[[-105.82855,43.434642],[-105.828508,43.438271],[-105.823394,43.438305],[-105.823418,43.434685],[-105.82855,43.434642]]]}},{"type":"Feature","properties":{"q":"SWSE","ac":39.8},"geometry":{"type":"Polygon","coordinates":[[[-105.803389,43.420059],[-105.803394,43.416461],[-105.808368,43.416542],[-105.808363,43.420145],[-105.803389,43.420059]]]}},{"type":"Feature","properties":{"q":"NWSE","ac":40.0},"geometry":{"type":"Polygon","coordinates":[[[-105.843335,43.391384],[-105.848332,43.391377],[-105.848346,43.394974],[-105.843349,43.394979],[-105.843335,43.391384]]]}},{"type":"Feature","properties":{"q":"SENW","ac":39.7},"geometry":{"type":"Polygon","coordinates":[[[-105.868279,43.394911],[-105.873243,43.394884],[-105.873254,43.398483],[-105.868294,43.398507],[-105.868279,43.394911]]]}},{"type":"Feature","properties":{"q":"SESE","ac":39.8},"geometry":{"type":"Polygon","coordinates":[[[-105.883321,43.448895],[-105.878345,43.44894],[-105.878358,43.445335],[-105.883327,43.445294],[-105.883321,43.448895]]]}},{"type":"Feature","properties":{"q":"SWNW","ac":39.8},"geometry":{"type":"Polygon","coordinates":[[[-105.813339,43.423837],[-105.818319,43.423927],[-105.818306,43.427522],[-105.81333,43.427431],[-105.813339,43.423837]]]}},{"type":"Feature","properties":{"q":"NESW","ac":39.4},"geometry":{"type":"Polygon","coordinates":[[[-105.8931,43.394882],[-105.888148,43.394874],[-105.888131,43.391305],[-105.89309,43.391308],[-105.8931,43.394882]]]}},{"type":"Feature","properties":{"q":"SESW","ac":40.4},"geometry":{"type":"Polygon","coordinates":[[[-105.833495,43.445448],[-105.833536,43.449045],[-105.828495,43.449074],[-105.828424,43.445475],[-105.833495,43.445448]]]}},{"type":"Feature","properties":{"q":"NWNE","ac":40.7},"geometry":{"type":"Polygon","coordinates":[[[-105.808373,43.441834],[-105.808381,43.445539],[-105.803398,43.445325],[-105.803391,43.441675],[-105.808373,43.441834]]]}},{"type":"Feature","properties":{"q":"NESW","ac":39.4},"geometry":{"type":"Polygon","coordinates":[[[-105.888272,43.420074],[-105.893211,43.420065],[-105.893214,43.423652],[-105.888266,43.423664],[-105.888272,43.420074]]]}},{"type":"Feature","properties":{"q":"NENE","ac":40.3},"geometry":{"type":"Polygon","coordinates":[[[-105.858388,43.412999],[-105.863375,43.413012],[-105.863388,43.416669],[-105.858397,43.416611],[-105.858388,43.412999]]]}},{"type":"Feature","properties":{"q":"NWNE","ac":39.9},"geometry":{"type":"Polygon","coordinates":[[[-105.903172,43.427263],[-105.908171,43.4273],[-105.908201,43.430894],[-105.903194,43.430852],[-105.903172,43.427263]]]}},{"type":"Feature","properties":{"q":"NESW","ac":40.2},"geometry":{"type":"Polygon","coordinates":[[[-105.808395,43.405746],[-105.813391,43.405817],[-105.81339,43.409439],[-105.808386,43.409358],[-105.808395,43.405746]]]}},{"type":"Feature","properties":{"q":"NWNE","ac":39.6},"geometry":{"type":"Polygon","coordinates":[[[-105.868453,43.427341],[-105.868477,43.430919],[-105.863518,43.430992],[-105.863485,43.427396],[-105.868453,43.427341]]]}},{"type":"Feature","properties":{"q":"SENW","ac":39.8},"geometry":{"type":"Polygon","coordinates":[[[-105.893276,43.4524],[-105.893281,43.455996],[-105.8883,43.45605],[-105.888298,43.452448],[-105.893276,43.4524]]]}},{"type":"Feature","properties":{"q":"NESW","ac":39.9},"geometry":{"type":"Polygon","coordinates":[[[-105.893266,43.463196],[-105.893244,43.4668],[-105.888259,43.466847],[-105.88828,43.463249],[-105.893266,43.463196]]]}},{"type":"Feature","properties":{"q":"SENE","ac":39.9},"geometry":{"type":"Polygon","coordinates":[[[-105.83859,43.452612],[-105.843594,43.452648],[-105.843632,43.45625],[-105.838626,43.45618],[-105.83859,43.452612]]]}},{"type":"Feature","properties":{"q":"SWSW","ac":40.0},"geometry":{"type":"Polygon","coordinates":[[[-105.893266,43.463196],[-105.893287,43.459592],[-105.898273,43.459532],[-105.898251,43.463143],[-105.893266,43.463196]]]}},{"type":"Feature","properties":{"q":"NENW","ac":39.5},"geometry":{"type":"Polygon","coordinates":[[[-105.873375,43.456193],[-105.873372,43.459789],[-105.868415,43.459809],[-105.86842,43.456229],[-105.873375,43.456193]]]}},{"type":"Feature","properties":{"q":"SWSE","ac":40.7},"geometry":{"type":"Polygon","coordinates":[[[-105.903371,43.459567],[-105.908468,43.459601],[-105.908475,43.463187],[-105.903363,43.463165],[-105.903371,43.459567]]]}},{"type":"Feature","properties":{"q":"SENE","ac":38.6},"geometry":{"type":"Polygon","coordinates":[[[-105.88331,43.466894],[-105.883293,43.470398],[-105.878311,43.470431],[-105.878362,43.46694],[-105.88331,43.466894]]]}},{"type":"Feature","properties":{"q":"NWSE","ac":39.7},"geometry":{"type":"Polygon","coordinates":[[[-105.868413,43.463433],[-105.868412,43.467056],[-105.863476,43.467114],[-105.863472,43.463499],[-105.868413,43.463433]]]}},{"type":"Feature","properties":{"q":"SWSW","ac":39.3},"geometry":{"type":"Polygon","coordinates":[[[-105.818303,43.45994],[-105.81826,43.463551],[-105.813302,43.463527],[-105.813324,43.460009],[-105.818303,43.45994]]]}},{"type":"Feature","properties":{"q":"SESW","ac":39.9},"geometry":{"type":"Polygon","coordinates":[[[-105.828704,43.459796],[-105.833683,43.459772],[-105.833622,43.463363],[-105.828622,43.463409],[-105.828704,43.459796]]]}},{"type":"Feature","properties":{"q":"NWSE","ac":40.0},"geometry":{"type":"Polygon","coordinates":[[[-105.843568,43.449045],[-105.848559,43.449074],[-105.848598,43.452683],[-105.843594,43.452648],[-105.843568,43.449045]]]}},{"type":"Feature","properties":{"q":"SENE","ac":40.2},"geometry":{"type":"Polygon","coordinates":[[[-105.798416,43.452303],[-105.80339,43.452411],[-105.803386,43.456099],[-105.798417,43.455898],[-105.798416,43.452303]]]}},{"type":"Feature","properties":{"q":"NENE","ac":41.4},"geometry":{"type":"Polygon","coordinates":[[[-105.823466,43.456286],[-105.823504,43.459868],[-105.818303,43.45994],[-105.818298,43.456337],[-105.823466,43.456286]]]}},{"type":"Feature","properties":{"q":"2","ac":36.2},"geometry":{"type":"Polygon","coordinates":[[[-105.803414,43.470383],[-105.808348,43.470413],[-105.808352,43.473677],[-105.805738,43.473717],[-105.803448,43.473716],[-105.803414,43.470383]]]}},{"type":"Feature","properties":{"q":"SWSE","ac":41.7},"geometry":{"type":"Polygon","coordinates":[[[-105.823504,43.459868],[-105.828704,43.459796],[-105.828622,43.463409],[-105.823441,43.46348],[-105.823504,43.459868]]]}},{"type":"Feature","properties":{"q":"NENW","ac":39.7},"geometry":{"type":"Polygon","coordinates":[[[-105.848638,43.456319],[-105.853574,43.456338],[-105.8536,43.459958],[-105.848678,43.459955],[-105.848638,43.456319]]]}},{"type":"Feature","properties":{"q":"SWNW","ac":39.7},"geometry":{"type":"Polygon","coordinates":[[[-105.853548,43.452718],[-105.858498,43.452752],[-105.85851,43.456357],[-105.853574,43.456338],[-105.853548,43.452718]]]}},{"type":"Feature","properties":{"q":"SESW","ac":38.9},"geometry":{"type":"Polygon","coordinates":[[[-105.848678,43.459955],[-105.8536,43.459958],[-105.853592,43.463529],[-105.848654,43.463492],[-105.848678,43.459955]]]}},{"type":"Feature","properties":{"q":"SENE","ac":41.1},"geometry":{"type":"Polygon","coordinates":[[[-105.823429,43.452704],[-105.823466,43.456286],[-105.818298,43.456337],[-105.818294,43.452735],[-105.823429,43.452704]]]}},{"type":"Feature","properties":{"q":"SWNE","ac":39.7},"geometry":{"type":"Polygon","coordinates":[[[-105.888166,43.398463],[-105.88319,43.398461],[-105.883178,43.394866],[-105.888148,43.394874],[-105.888166,43.398463]]]}},{"type":"Feature","properties":{"q":"NWNE","ac":40.5},"geometry":{"type":"Polygon","coordinates":[[[-105.843458,43.412985],[-105.848479,43.413012],[-105.848514,43.416649],[-105.843485,43.416602],[-105.843458,43.412985]]]}},{"type":"Feature","properties":{"q":"SENW","ac":40.1},"geometry":{"type":"Polygon","coordinates":[[[-105.833401,43.4094],[-105.833411,43.412996],[-105.828385,43.413034],[-105.828384,43.40944],[-105.833401,43.4094]]]}},{"type":"Feature","properties":{"q":"SENE","ac":40.8},"geometry":{"type":"Polygon","coordinates":[[[-105.81828,43.438338],[-105.823394,43.438305],[-105.823374,43.441904],[-105.818282,43.441934],[-105.81828,43.438338]]]}},{"type":"Feature","properties":{"q":"SESE","ac":39.7},"geometry":{"type":"Polygon","coordinates":[[[-105.863296,43.391347],[-105.858328,43.391363],[-105.858317,43.387763],[-105.863283,43.387757],[-105.863296,43.391347]]]}},{"type":"Feature","properties":{"q":"NENE","ac":40.0},"geometry":{"type":"Polygon","coordinates":[[[-105.843547,43.441834],[-105.843542,43.445442],[-105.838565,43.44542],[-105.838552,43.441812],[-105.843547,43.441834]]]}},{"type":"Feature","properties":{"q":"SWNW","ac":39.7},"geometry":{"type":"Polygon","coordinates":[[[-105.858447,43.43829],[-105.858461,43.441899],[-105.853501,43.441877],[-105.853506,43.438269],[-105.858447,43.43829]]]}},{"type":"Feature","properties":{"q":"NESW","ac":39.6},"geometry":{"type":"Polygon","coordinates":[[[-105.873431,43.420164],[-105.873461,43.423725],[-105.868428,43.423763],[-105.868404,43.420245],[-105.873431,43.420164]]]}},{"type":"Feature","properties":{"q":"SENE","ac":40.1},"geometry":{"type":"Polygon","coordinates":[[[-105.83854,43.438204],[-105.843553,43.438226],[-105.843547,43.441834],[-105.838552,43.441812],[-105.83854,43.438204]]]}},{"type":"Feature","properties":{"q":"SWNW","ac":39.8},"geometry":{"type":"Polygon","coordinates":[[[-105.85352,43.423823],[-105.858478,43.423838],[-105.858518,43.427451],[-105.853553,43.427434],[-105.85352,43.423823]]]}},{"type":"Feature","properties":{"q":"NENE","ac":39.8},"geometry":{"type":"Polygon","coordinates":[[[-105.898101,43.412867],[-105.903076,43.412891],[-105.903109,43.416495],[-105.898139,43.41647],[-105.898101,43.412867]]]}},{"type":"Feature","properties":{"q":"NWNE","ac":39.6},"geometry":{"type":"Polygon","coordinates":[[[-105.883319,43.41287],[-105.888254,43.412872],[-105.888277,43.416484],[-105.88335,43.416482],[-105.883319,43.41287]]]}},{"type":"Feature","properties":{"q":"NWSE","ac":40.1},"geometry":{"type":"Polygon","coordinates":[[[-105.848408,43.40577],[-105.848443,43.409374],[-105.84343,43.409367],[-105.843404,43.405768],[-105.848408,43.40577]]]}},{"type":"Feature","properties":{"q":"SWNW","ac":40.5},"geometry":{"type":"Polygon","coordinates":[[[-105.873345,43.40929],[-105.878347,43.409257],[-105.878385,43.412868],[-105.873373,43.412947],[-105.873345,43.40929]]]}},{"type":"Feature","properties":{"q":"SWSW","ac":40.0},"geometry":{"type":"Polygon","coordinates":[[[-105.858363,43.402163],[-105.858371,43.405775],[-105.85339,43.405773],[-105.853368,43.402165],[-105.858363,43.402163]]]}},{"type":"Feature","properties":{"q":"NESW","ac":39.5},"geometry":{"type":"Polygon","coordinates":[[[-105.888207,43.405657],[-105.893133,43.405656],[-105.893147,43.409262],[-105.88823,43.409261],[-105.888207,43.405657]]]}},{"type":"Feature","properties":{"q":"SENE","ac":39.8},"geometry":{"type":"Polygon","coordinates":[[[-105.85834,43.394963],[-105.863309,43.394937],[-105.863322,43.398535],[-105.858351,43.398563],[-105.85834,43.394963]]]}},{"type":"Feature","properties":{"q":"SWSE","ac":39.8},"geometry":{"type":"Polygon","coordinates":[[[-105.888295,43.445253],[-105.888297,43.448851],[-105.883321,43.448895],[-105.883327,43.445294],[-105.888295,43.445253]]]}},{"type":"Feature","properties":{"q":"SESW","ac":40.2},"geometry":{"type":"Polygon","coordinates":[[[-105.913209,43.430934],[-105.913257,43.434542],[-105.908238,43.434495],[-105.908201,43.430894],[-105.913209,43.430934]]]}},{"type":"Feature","properties":{"q":"NWSE","ac":39.4},"geometry":{"type":"Polygon","coordinates":[[[-105.888131,43.391305],[-105.888148,43.394874],[-105.883178,43.394866],[-105.883163,43.391302],[-105.888131,43.391305]]]}},{"type":"Feature","properties":{"q":"4","ac":36.3},"geometry":{"type":"Polygon","coordinates":[[[-105.917774,43.434583],[-105.913257,43.434542],[-105.913209,43.430934],[-105.917744,43.430972],[-105.917774,43.434583]]]}},{"type":"Feature","properties":{"q":"NESE","ac":39.9},"geometry":{"type":"Polygon","coordinates":[[[-105.89806,43.405655],[-105.903026,43.405673],[-105.903042,43.409287],[-105.898064,43.409264],[-105.89806,43.405655]]]}},{"type":"Feature","properties":{"q":"SESE","ac":40.3},"geometry":{"type":"Polygon","coordinates":[[[-105.838457,43.416555],[-105.843485,43.416602],[-105.843507,43.420198],[-105.838476,43.420166],[-105.838457,43.416555]]]}},{"type":"Feature","properties":{"q":"SWSE","ac":39.6},"geometry":{"type":"Polygon","coordinates":[[[-105.90798,43.387729],[-105.907975,43.391317],[-105.903012,43.391314],[-105.903013,43.38773],[-105.90798,43.387729]]]}},{"type":"Feature","properties":{"q":"SWNE","ac":39.9},"geometry":{"type":"Polygon","coordinates":[[[-105.828359,43.394989],[-105.82837,43.3986],[-105.823394,43.398612],[-105.823407,43.394991],[-105.828359,43.394989]]]}},{"type":"Feature","properties":{"q":"NWSE","ac":39.8},"geometry":{"type":"Polygon","coordinates":[[[-105.90811,43.420113],[-105.90814,43.423707],[-105.903151,43.423674],[-105.90313,43.420084],[-105.90811,43.420113]]]}},{"type":"Feature","properties":{"q":"SESE","ac":39.8},"geometry":{"type":"Polygon","coordinates":[[[-105.798415,43.419974],[-105.79842,43.416381],[-105.803394,43.416461],[-105.803389,43.420059],[-105.798415,43.419974]]]}},{"type":"Feature","properties":{"q":"SWSW","ac":39.8},"geometry":{"type":"Polygon","coordinates":[[[-105.873396,43.445346],[-105.878358,43.445335],[-105.878345,43.44894],[-105.873387,43.448971],[-105.873396,43.445346]]]}},{"type":"Feature","properties":{"q":"NWNE","ac":40.8},"geometry":{"type":"Polygon","coordinates":[[[-105.868362,43.413025],[-105.86838,43.416727],[-105.863388,43.416669],[-105.863375,43.413012],[-105.868362,43.413025]]]}},{"type":"Feature","properties":{"q":"SWNE","ac":40.6},"geometry":{"type":"Polygon","coordinates":[[[-105.823405,43.42389],[-105.82849,43.423852],[-105.828541,43.427433],[-105.823424,43.427478],[-105.823405,43.42389]]]}},{"type":"Feature","properties":{"q":"NWSE","ac":40.0},"geometry":{"type":"Polygon","coordinates":[[[-105.803405,43.409278],[-105.80341,43.405676],[-105.808395,43.405746],[-105.808386,43.409358],[-105.803405,43.409278]]]}},{"type":"Feature","properties":{"q":"NENE","ac":39.6},"geometry":{"type":"Polygon","coordinates":[[[-105.883335,43.427279],[-105.883291,43.430882],[-105.878326,43.430907],[-105.87841,43.427297],[-105.883335,43.427279]]]}},{"type":"Feature","properties":{"q":"NESW","ac":40.3},"geometry":{"type":"Polygon","coordinates":[[[-105.908238,43.434495],[-105.913257,43.434542],[-105.913306,43.438149],[-105.908274,43.438096],[-105.908238,43.434495]]]}},{"type":"Feature","properties":{"q":"SESE","ac":40.3},"geometry":{"type":"Polygon","coordinates":[[[-105.898233,43.445171],[-105.90329,43.445235],[-105.90331,43.448818],[-105.898243,43.448761],[-105.898233,43.445171]]]}},{"type":"Feature","properties":{"q":"SWNE","ac":40.5},"geometry":{"type":"Polygon","coordinates":[[[-105.848443,43.409374],[-105.848479,43.413012],[-105.843458,43.412985],[-105.84343,43.409367],[-105.848443,43.409374]]]}},{"type":"Feature","properties":{"q":"SWNE","ac":39.5},"geometry":{"type":"Polygon","coordinates":[[[-105.888276,43.438059],[-105.888286,43.441656],[-105.883341,43.441693],[-105.883355,43.438093],[-105.888276,43.438059]]]}},{"type":"Feature","properties":{"q":"SWNE","ac":40.7},"geometry":{"type":"Polygon","coordinates":[[[-105.803385,43.438025],[-105.808364,43.43813],[-105.808373,43.441834],[-105.803391,43.441675],[-105.803385,43.438025]]]}},{"type":"Feature","properties":{"q":"NWSW","ac":39.8},"geometry":{"type":"Polygon","coordinates":[[[-105.813322,43.438234],[-105.813321,43.43463],[-105.818286,43.434728],[-105.81828,43.438338],[-105.813322,43.438234]]]}},{"type":"Feature","properties":{"q":"NWSW","ac":40.0},"geometry":{"type":"Polygon","coordinates":[[[-105.858328,43.391363],[-105.85834,43.394963],[-105.853343,43.394968],[-105.85333,43.39137],[-105.858328,43.391363]]]}},{"type":"Feature","properties":{"q":"SWNE","ac":39.7},"geometry":{"type":"Polygon","coordinates":[[[-105.888254,43.412872],[-105.883319,43.41287],[-105.883288,43.409259],[-105.88823,43.409261],[-105.888254,43.412872]]]}},{"type":"Feature","properties":{"q":"NENE","ac":41.0},"geometry":{"type":"Polygon","coordinates":[[[-105.818293,43.431117],[-105.818306,43.427522],[-105.823424,43.427478],[-105.823443,43.431065],[-105.818293,43.431117]]]}},{"type":"Feature","properties":{"q":"SENE","ac":39.5},"geometry":{"type":"Polygon","coordinates":[[[-105.883355,43.438093],[-105.883341,43.441693],[-105.878396,43.441731],[-105.878434,43.438126],[-105.883355,43.438093]]]}},{"type":"Feature","properties":{"q":"NESE","ac":39.8},"geometry":{"type":"Polygon","coordinates":[[[-105.798415,43.419974],[-105.803389,43.420059],[-105.803385,43.423657],[-105.798411,43.423567],[-105.798415,43.419974]]]}},{"type":"Feature","properties":{"q":"SWNW","ac":39.9},"geometry":{"type":"Polygon","coordinates":[[[-105.838496,43.423778],[-105.838506,43.427382],[-105.833523,43.427408],[-105.833493,43.423815],[-105.838496,43.423778]]]}},{"type":"Feature","properties":{"q":"SESW","ac":39.9},"geometry":{"type":"Polygon","coordinates":[[[-105.853497,43.445486],[-105.853522,43.449102],[-105.848559,43.449074],[-105.848519,43.445464],[-105.853497,43.445486]]]}},{"type":"Feature","properties":{"q":"NENW","ac":40.4},"geometry":{"type":"Polygon","coordinates":[[[-105.908347,43.445299],[-105.908311,43.441698],[-105.913354,43.441756],[-105.913403,43.445363],[-105.908347,43.445299]]]}},{"type":"Feature","properties":{"q":"SWSW","ac":40.0},"geometry":{"type":"Polygon","coordinates":[[[-105.873401,43.416603],[-105.878423,43.41648],[-105.878458,43.420083],[-105.873431,43.420164],[-105.873401,43.416603]]]}},{"type":"Feature","properties":{"q":"SWNE","ac":40.8},"geometry":{"type":"Polygon","coordinates":[[[-105.823394,43.438305],[-105.828508,43.438271],[-105.828466,43.441873],[-105.823374,43.441904],[-105.823394,43.438305]]]}},{"type":"Feature","properties":{"q":"NESW","ac":39.8},"geometry":{"type":"Polygon","coordinates":[[[-105.90811,43.420113],[-105.913088,43.420142],[-105.913125,43.42374],[-105.90814,43.423707],[-105.90811,43.420113]]]}},{"type":"Feature","properties":{"q":"NWSE","ac":39.8},"geometry":{"type":"Polygon","coordinates":[[[-105.803381,43.434433],[-105.808357,43.434532],[-105.808364,43.43813],[-105.803385,43.438025],[-105.803381,43.434433]]]}},{"type":"Feature","properties":{"q":"NWSE","ac":39.8},"geometry":{"type":"Polygon","coordinates":[[[-105.803389,43.420059],[-105.808363,43.420145],[-105.808359,43.423747],[-105.803385,43.423657],[-105.803389,43.420059]]]}},{"type":"Feature","properties":{"q":"NWNW","ac":39.6},"geometry":{"type":"Polygon","coordinates":[[[-105.898174,43.427225],[-105.898186,43.43081],[-105.893221,43.430834],[-105.893217,43.427243],[-105.898174,43.427225]]]}},{"type":"Feature","properties":{"q":"NENE","ac":40.4},"geometry":{"type":"Polygon","coordinates":[[[-105.838506,43.427382],[-105.843546,43.4274],[-105.843563,43.431006],[-105.838515,43.430987],[-105.838506,43.427382]]]}},{"type":"Feature","properties":{"q":"SENE","ac":39.7},"geometry":{"type":"Polygon","coordinates":[[[-105.798408,43.427158],[-105.798411,43.423567],[-105.803385,43.423657],[-105.803381,43.427249],[-105.798408,43.427158]]]}},{"type":"Feature","properties":{"q":"SWNW","ac":40.0},"geometry":{"type":"Polygon","coordinates":[[[-105.85834,43.394963],[-105.858351,43.398563],[-105.853355,43.398567],[-105.853343,43.394968],[-105.85834,43.394963]]]}},{"type":"Feature","properties":{"q":"SESW","ac":39.9},"geometry":{"type":"Polygon","coordinates":[[[-105.868308,43.402104],[-105.873265,43.402081],[-105.873305,43.405685],[-105.868326,43.405713],[-105.868308,43.402104]]]}},{"type":"Feature","properties":{"q":"NWSE","ac":40.0},"geometry":{"type":"Polygon","coordinates":[[[-105.863349,43.405744],[-105.868326,43.405713],[-105.868344,43.409322],[-105.863362,43.409355],[-105.863349,43.405744]]]}},{"type":"Feature","properties":{"q":"NWSW","ac":40.1},"geometry":{"type":"Polygon","coordinates":[[[-105.878458,43.420083],[-105.878494,43.423687],[-105.873461,43.423725],[-105.873431,43.420164],[-105.878458,43.420083]]]}},{"type":"Feature","properties":{"q":"SWNW","ac":39.7},"geometry":{"type":"Polygon","coordinates":[[[-105.838626,43.45618],[-105.83363,43.456208],[-105.833578,43.452643],[-105.83859,43.452612],[-105.838626,43.45618]]]}},{"type":"Feature","properties":{"q":"SENW","ac":39.5},"geometry":{"type":"Polygon","coordinates":[[[-105.86842,43.456229],[-105.868425,43.452648],[-105.873378,43.452596],[-105.873375,43.456193],[-105.86842,43.456229]]]}},{"type":"Feature","properties":{"q":"SENE","ac":36.8},"geometry":{"type":"Polygon","coordinates":[[[-105.863476,43.467114],[-105.863478,43.470494],[-105.858545,43.470512],[-105.858539,43.467171],[-105.863476,43.467114]]]}},{"type":"Feature","properties":{"q":"1","ac":33.1},"geometry":{"type":"Polygon","coordinates":[[[-105.878311,43.470431],[-105.883293,43.470398],[-105.883278,43.473378],[-105.881436,43.473392],[-105.878269,43.473416],[-105.878311,43.470431]]]}},{"type":"Feature","properties":{"q":"4","ac":34.5},"geometry":{"type":"Polygon","coordinates":[[[-105.813269,43.470448],[-105.818189,43.470485],[-105.818163,43.473613],[-105.815855,43.473634],[-105.813258,43.473644],[-105.813269,43.470448]]]}},{"type":"Feature","properties":{"q":"NESW","ac":39.8},"geometry":{"type":"Polygon","coordinates":[[[-105.89327,43.448806],[-105.893276,43.4524],[-105.888298,43.452448],[-105.888297,43.448851],[-105.89327,43.448806]]]}},{"type":"Feature","properties":{"q":"SENW","ac":37.9},"geometry":{"type":"Polygon","coordinates":[[[-105.868412,43.467056],[-105.873387,43.466998],[-105.873361,43.470454],[-105.868411,43.470477],[-105.868412,43.467056]]]}},{"type":"Feature","properties":{"q":"NESE","ac":39.7},"geometry":{"type":"Polygon","coordinates":[[[-105.838623,43.463316],[-105.843638,43.463404],[-105.843607,43.466957],[-105.838584,43.466884],[-105.838623,43.463316]]]}},{"type":"Feature","properties":{"q":"SWSE","ac":38.2},"geometry":{"type":"Polygon","coordinates":[[[-105.808345,43.460078],[-105.808345,43.463502],[-105.80338,43.463296],[-105.803381,43.459786],[-105.808345,43.460078]]]}},{"type":"Feature","properties":{"q":"SWNE","ac":37.3},"geometry":{"type":"Polygon","coordinates":[[[-105.863476,43.467114],[-105.868412,43.467056],[-105.868411,43.470477],[-105.863478,43.470494],[-105.863476,43.467114]]]}},{"type":"Feature","properties":{"q":"NWSW","ac":39.4},"geometry":{"type":"Polygon","coordinates":[[[-105.81333,43.449081],[-105.818289,43.449133],[-105.818294,43.452735],[-105.813329,43.452627],[-105.81333,43.449081]]]}},{"type":"Feature","properties":{"q":"3","ac":33.0},"geometry":{"type":"Polygon","coordinates":[[[-105.868411,43.470477],[-105.873361,43.470454],[-105.873339,43.473452],[-105.871334,43.473466],[-105.86841,43.473487],[-105.868411,43.470477]]]}},{"type":"Feature","properties":{"q":"NWSW","ac":39.7},"geometry":{"type":"Polygon","coordinates":[[[-105.89327,43.448806],[-105.898243,43.448761],[-105.898253,43.452352],[-105.893276,43.4524],[-105.89327,43.448806]]]}},{"type":"Feature","properties":{"q":"NWNE","ac":41.1},"geometry":{"type":"Polygon","coordinates":[[[-105.828634,43.456235],[-105.828704,43.459796],[-105.823504,43.459868],[-105.823466,43.456286],[-105.828634,43.456235]]]}},{"type":"Feature","properties":{"q":"NWSE","ac":39.5},"geometry":{"type":"Polygon","coordinates":[[[-105.843638,43.463404],[-105.848654,43.463492],[-105.84863,43.467029],[-105.843607,43.466957],[-105.843638,43.463404]]]}},{"type":"Feature","properties":{"q":"SWNE","ac":39.9},"geometry":{"type":"Polygon","coordinates":[[[-105.888298,43.452448],[-105.8883,43.45605],[-105.883315,43.456103],[-105.883315,43.452496],[-105.888298,43.452448]]]}},{"type":"Feature","properties":{"q":"SWSW","ac":39.7},"geometry":{"type":"Polygon","coordinates":[[[-105.833683,43.459772],[-105.838661,43.459748],[-105.838623,43.463316],[-105.833622,43.463363],[-105.833683,43.459772]]]}},{"type":"Feature","properties":{"q":"3","ac":34.1},"geometry":{"type":"Polygon","coordinates":[[[-105.848607,43.470419],[-105.853576,43.470466],[-105.853568,43.473536],[-105.851192,43.473523],[-105.848586,43.47351],[-105.848607,43.470419]]]}},{"type":"Feature","properties":{"q":"SENE","ac":40.5},"geometry":{"type":"Polygon","coordinates":[[[-105.898253,43.452352],[-105.90333,43.452401],[-105.90335,43.455984],[-105.898263,43.455942],[-105.898253,43.452352]]]}},{"type":"Feature","properties":{"q":"SESE","ac":40.7},"geometry":{"type":"Polygon","coordinates":[[[-105.818284,43.44553],[-105.823354,43.445503],[-105.823392,43.449104],[-105.818289,43.449133],[-105.818284,43.44553]]]}},{"type":"Feature","properties":{"q":"SWNW","ac":39.8},"geometry":{"type":"Polygon","coordinates":[[[-105.878434,43.438126],[-105.878396,43.441731],[-105.873421,43.441757],[-105.873445,43.438167],[-105.878434,43.438126]]]}},{"type":"Feature","properties":{"q":"SESE","ac":40.0},"geometry":{"type":"Polygon","coordinates":[[[-105.858363,43.402163],[-105.863336,43.402134],[-105.863349,43.405744],[-105.858371,43.405775],[-105.858363,43.402163]]]}},{"type":"Feature","properties":{"q":"SESW","ac":39.4},"geometry":{"type":"Polygon","coordinates":[[[-105.888114,43.387735],[-105.89308,43.387734],[-105.89309,43.391308],[-105.888131,43.391305],[-105.888114,43.387735]]]}},{"type":"Feature","properties":{"q":"SWSW","ac":39.4},"geometry":{"type":"Polygon","coordinates":[[[-105.873229,43.391315],[-105.873215,43.387745],[-105.878182,43.387739],[-105.878195,43.391298],[-105.873229,43.391315]]]}},{"type":"Feature","properties":{"q":"NWNW","ac":39.7},"geometry":{"type":"Polygon","coordinates":[[[-105.893264,43.445212],[-105.893253,43.441619],[-105.898221,43.441581],[-105.898233,43.445171],[-105.893264,43.445212]]]}},{"type":"Feature","properties":{"q":"SWSW","ac":39.4},"geometry":{"type":"Polygon","coordinates":[[[-105.893208,43.416477],[-105.898139,43.41647],[-105.89815,43.420055],[-105.893211,43.420065],[-105.893208,43.416477]]]}},{"type":"Feature","properties":{"q":"SWSE","ac":40.1},"geometry":{"type":"Polygon","coordinates":[[[-105.848514,43.416649],[-105.848539,43.420229],[-105.843507,43.420198],[-105.843485,43.416602],[-105.848514,43.416649]]]}},{"type":"Feature","properties":{"q":"SESW","ac":39.9},"geometry":{"type":"Polygon","coordinates":[[[-105.813341,43.42023],[-105.808363,43.420145],[-105.808368,43.416542],[-105.813343,43.416622],[-105.813341,43.42023]]]}},{"type":"Feature","properties":{"q":"SENE","ac":39.9},"geometry":{"type":"Polygon","coordinates":[[[-105.843349,43.394979],[-105.843364,43.398573],[-105.838368,43.398577],[-105.838352,43.394984],[-105.843349,43.394979]]]}},{"type":"Feature","properties":{"q":"NWNE","ac":40.7},"geometry":{"type":"Polygon","coordinates":[[[-105.828424,43.445475],[-105.823354,43.445503],[-105.823374,43.441904],[-105.828466,43.441873],[-105.828424,43.445475]]]}},{"type":"Feature","properties":{"q":"NWSW","ac":39.4},"geometry":{"type":"Polygon","coordinates":[[[-105.878195,43.391298],[-105.878207,43.394858],[-105.873243,43.394884],[-105.873229,43.391315],[-105.878195,43.391298]]]}},{"type":"Feature","properties":{"q":"SESW","ac":40.2},"geometry":{"type":"Polygon","coordinates":[[[-105.908347,43.445299],[-105.913403,43.445363],[-105.913443,43.448931],[-105.908377,43.448875],[-105.908347,43.445299]]]}},{"type":"Feature","properties":{"q":"SWNE","ac":39.8},"geometry":{"type":"Polygon","coordinates":[[[-105.803405,43.409278],[-105.808386,43.409358],[-105.808377,43.41295],[-105.803399,43.41287],[-105.803405,43.409278]]]}},{"type":"Feature","properties":{"q":"NENE","ac":40.1},"geometry":{"type":"Polygon","coordinates":[[[-105.79841,43.441516],[-105.803391,43.441675],[-105.803398,43.445325],[-105.798415,43.445111],[-105.79841,43.441516]]]}},{"type":"Feature","properties":{"q":"NESW","ac":39.9},"geometry":{"type":"Polygon","coordinates":[[[-105.907975,43.391317],[-105.912962,43.39132],[-105.912977,43.394914],[-105.907971,43.394906],[-105.907975,43.391317]]]}},{"type":"Feature","properties":{"q":"4","ac":35.5},"geometry":{"type":"Polygon","coordinates":[[[-105.912946,43.387725],[-105.917365,43.387722],[-105.917407,43.391321],[-105.912962,43.39132],[-105.912946,43.387725]]]}},{"type":"Feature","properties":{"q":"SENW","ac":39.9},"geometry":{"type":"Polygon","coordinates":[[[-105.813367,43.41303],[-105.808377,43.41295],[-105.808386,43.409358],[-105.81339,43.409439],[-105.813367,43.41303]]]}},{"type":"Feature","properties":{"q":"SWNW","ac":39.7},"geometry":{"type":"Polygon","coordinates":[[[-105.893242,43.438025],[-105.898209,43.437991],[-105.898221,43.441581],[-105.893253,43.441619],[-105.893242,43.438025]]]}},{"type":"Feature","properties":{"q":"NESE","ac":39.2},"geometry":{"type":"Polygon","coordinates":[[[-105.878494,43.423687],[-105.878458,43.420083],[-105.883365,43.420079],[-105.88338,43.423676],[-105.878494,43.423687]]]}},{"type":"Feature","properties":{"q":"SESW","ac":40.0},"geometry":{"type":"Polygon","coordinates":[[[-105.848319,43.38778],[-105.853318,43.387771],[-105.85333,43.39137],[-105.848332,43.391377],[-105.848319,43.38778]]]}},{"type":"Feature","properties":{"q":"NWSE","ac":39.7},"geometry":{"type":"Polygon","coordinates":[[[-105.883245,43.405657],[-105.888207,43.405657],[-105.88823,43.409261],[-105.883288,43.409259],[-105.883245,43.405657]]]}},{"type":"Feature","properties":{"q":"NWNW","ac":39.8},"geometry":{"type":"Polygon","coordinates":[[[-105.833523,43.427408],[-105.838506,43.427382],[-105.838515,43.430987],[-105.833554,43.431],[-105.833523,43.427408]]]}},{"type":"Feature","properties":{"q":"NESE","ac":39.7},"geometry":{"type":"Polygon","coordinates":[[[-105.858478,43.423838],[-105.858437,43.420224],[-105.863421,43.420235],[-105.863453,43.423801],[-105.858478,43.423838]]]}},{"type":"Feature","properties":{"q":"NENW","ac":39.6},"geometry":{"type":"Polygon","coordinates":[[[-105.893217,43.427243],[-105.893221,43.430834],[-105.888256,43.430858],[-105.888261,43.427261],[-105.893217,43.427243]]]}},{"type":"Feature","properties":{"q":"SWNE","ac":40.3},"geometry":{"type":"Polygon","coordinates":[[[-105.903242,43.438044],[-105.908274,43.438096],[-105.908311,43.441698],[-105.903266,43.44164],[-105.903242,43.438044]]]}},{"type":"Feature","properties":{"q":"SWSE","ac":40.0},"geometry":{"type":"Polygon","coordinates":[[[-105.848373,43.402166],[-105.848408,43.40577],[-105.843404,43.405768],[-105.843378,43.402168],[-105.848373,43.402166]]]}},{"type":"Feature","properties":{"q":"SENE","ac":39.8},"geometry":{"type":"Polygon","coordinates":[[[-105.878215,43.398458],[-105.878207,43.394858],[-105.883178,43.394866],[-105.88319,43.398461],[-105.878215,43.398458]]]}},{"type":"Feature","properties":{"q":"NESW","ac":40.2},"geometry":{"type":"Polygon","coordinates":[[[-105.828383,43.405826],[-105.833392,43.405796],[-105.833401,43.4094],[-105.828384,43.40944],[-105.828383,43.405826]]]}},{"type":"Feature","properties":{"q":"NWNE","ac":40.4},"geometry":{"type":"Polygon","coordinates":[[[-105.908311,43.441698],[-105.908347,43.445299],[-105.90329,43.445235],[-105.903266,43.44164],[-105.908311,43.441698]]]}},{"type":"Feature","properties":{"q":"NENW","ac":39.8},"geometry":{"type":"Polygon","coordinates":[[[-105.848542,43.441856],[-105.853501,43.441877],[-105.853497,43.445486],[-105.848519,43.445464],[-105.848542,43.441856]]]}},{"type":"Feature","properties":{"q":"NENW","ac":40.2},"geometry":{"type":"Polygon","coordinates":[[[-105.828385,43.413034],[-105.833411,43.412996],[-105.833422,43.416592],[-105.828387,43.416629],[-105.828385,43.413034]]]}},{"type":"Feature","properties":{"q":"SWSW","ac":40.4},"geometry":{"type":"Polygon","coordinates":[[[-105.833495,43.445448],[-105.838565,43.44542],[-105.838578,43.449016],[-105.833536,43.449045],[-105.833495,43.445448]]]}},{"type":"Feature","properties":{"q":"SENW","ac":39.9},"geometry":{"type":"Polygon","coordinates":[[[-105.908171,43.4273],[-105.90814,43.423707],[-105.913125,43.42374],[-105.913167,43.427337],[-105.908171,43.4273]]]}},{"type":"Feature","properties":{"q":"SESE","ac":39.7},"geometry":{"type":"Polygon","coordinates":[[[-105.87838,43.434516],[-105.878326,43.430907],[-105.883291,43.430882],[-105.883323,43.434488],[-105.87838,43.434516]]]}},{"type":"Feature","properties":{"q":"SWNE","ac":40.8},"geometry":{"type":"Polygon","coordinates":[[[-105.863362,43.409355],[-105.868344,43.409322],[-105.868362,43.413025],[-105.863375,43.413012],[-105.863362,43.409355]]]}},{"type":"Feature","properties":{"q":"SESE","ac":40.3},"geometry":{"type":"Polygon","coordinates":[[[-105.823385,43.405856],[-105.818388,43.405887],[-105.818381,43.402255],[-105.823381,43.402233],[-105.823385,43.405856]]]}},{"type":"Feature","properties":{"q":"1","ac":35.9},"geometry":{"type":"Polygon","coordinates":[[[-105.917834,43.441807],[-105.917864,43.445419],[-105.913403,43.445363],[-105.913354,43.441756],[-105.917834,43.441807]]]}},{"type":"Feature","properties":{"q":"NESE","ac":40.2},"geometry":{"type":"Polygon","coordinates":[[[-105.858447,43.43829],[-105.858503,43.434677],[-105.863485,43.43462],[-105.863451,43.438249],[-105.858447,43.43829]]]}},{"type":"Feature","properties":{"q":"NWSW","ac":39.5},"geometry":{"type":"Polygon","coordinates":[[[-105.893133,43.405656],[-105.89806,43.405655],[-105.898064,43.409264],[-105.893147,43.409262],[-105.893133,43.405656]]]}},{"type":"Feature","properties":{"q":"NENE","ac":40.1},"geometry":{"type":"Polygon","coordinates":[[[-105.818356,43.413111],[-105.823371,43.413073],[-105.823352,43.416666],[-105.818317,43.416703],[-105.818356,43.413111]]]}},{"type":"Feature","properties":{"q":"NENW","ac":39.4},"geometry":{"type":"Polygon","coordinates":[[[-105.888166,43.398463],[-105.893109,43.398466],[-105.893119,43.40205],[-105.888183,43.402053],[-105.888166,43.398463]]]}},{"type":"Feature","properties":{"q":"SENW","ac":40.1},"geometry":{"type":"Polygon","coordinates":[[[-105.848443,43.409374],[-105.853412,43.409381],[-105.853434,43.413006],[-105.848479,43.413012],[-105.848443,43.409374]]]}},{"type":"Feature","properties":{"q":"SENW","ac":40.1},"geometry":{"type":"Polygon","coordinates":[[[-105.908021,43.40931],[-105.913026,43.409333],[-105.913038,43.412938],[-105.90805,43.412915],[-105.908021,43.40931]]]}},{"type":"Feature","properties":{"q":"SENW","ac":40.5},"geometry":{"type":"Polygon","coordinates":[[[-105.808332,43.394915],[-105.813394,43.394954],[-105.813393,43.398574],[-105.808368,43.398525],[-105.808332,43.394915]]]}},{"type":"Feature","properties":{"q":"NWSE","ac":39.6},"geometry":{"type":"Polygon","coordinates":[[[-105.863296,43.391347],[-105.868264,43.391331],[-105.868279,43.394911],[-105.863309,43.394937],[-105.863296,43.391347]]]}},{"type":"Feature","properties":{"q":"SESW","ac":40.1},"geometry":{"type":"Polygon","coordinates":[[[-105.86843,43.449003],[-105.868435,43.445357],[-105.873396,43.445346],[-105.873387,43.448971],[-105.86843,43.449003]]]}},{"type":"Feature","properties":{"q":"1","ac":36.6},"geometry":{"type":"Polygon","coordinates":[[[-105.913038,43.412938],[-105.9176,43.41296],[-105.917625,43.416566],[-105.91305,43.416544],[-105.913038,43.412938]]]}},{"type":"Feature","properties":{"q":"NESE","ac":40.1},"geometry":{"type":"Polygon","coordinates":[[[-105.898198,43.434401],[-105.903218,43.434448],[-105.903242,43.438044],[-105.898209,43.437991],[-105.898198,43.434401]]]}},{"type":"Feature","properties":{"q":"SESE","ac":39.6},"geometry":{"type":"Polygon","coordinates":[[[-105.903012,43.391314],[-105.898049,43.391311],[-105.898046,43.387732],[-105.903013,43.38773],[-105.903012,43.391314]]]}},{"type":"Feature","properties":{"q":"NENW","ac":39.9},"geometry":{"type":"Polygon","coordinates":[[[-105.848587,43.427417],[-105.853553,43.427434],[-105.853585,43.431045],[-105.848611,43.431026],[-105.848587,43.427417]]]}},{"type":"Feature","properties":{"q":"SESE","ac":39.9},"geometry":{"type":"Polygon","coordinates":[[[-105.838578,43.449016],[-105.838565,43.44542],[-105.843542,43.445442],[-105.843568,43.449045],[-105.838578,43.449016]]]}},{"type":"Feature","properties":{"q":"NWNW","ac":39.5},"geometry":{"type":"Polygon","coordinates":[[[-105.893208,43.416477],[-105.893177,43.41287],[-105.898101,43.412867],[-105.898139,43.41647],[-105.893208,43.416477]]]}},{"type":"Feature","properties":{"q":"SWNE","ac":39.7},"geometry":{"type":"Polygon","coordinates":[[[-105.803385,43.423657],[-105.808359,43.423747],[-105.808354,43.42734],[-105.803381,43.427249],[-105.803385,43.423657]]]}},{"type":"Feature","properties":{"q":"NWNE","ac":39.7},"geometry":{"type":"Polygon","coordinates":[[[-105.868445,43.441783],[-105.868435,43.445357],[-105.863454,43.445433],[-105.863453,43.441841],[-105.868445,43.441783]]]}},{"type":"Feature","properties":{"q":"SWSW","ac":39.6},"geometry":{"type":"Polygon","coordinates":[[[-105.858397,43.416611],[-105.858437,43.420224],[-105.853488,43.420227],[-105.853456,43.41663],[-105.858397,43.416611]]]}},{"type":"Feature","properties":{"q":"NWNE","ac":39.7},"geometry":{"type":"Polygon","coordinates":[[[-105.808349,43.430933],[-105.803377,43.430841],[-105.803381,43.427249],[-105.808354,43.42734],[-105.808349,43.430933]]]}},{"type":"Feature","properties":{"q":"SESE","ac":39.9},"geometry":{"type":"Polygon","coordinates":[[[-105.798425,43.405606],[-105.798427,43.402014],[-105.803415,43.402074],[-105.80341,43.405676],[-105.798425,43.405606]]]}},{"type":"Feature","properties":{"q":"SWSE","ac":40.0},"geometry":{"type":"Polygon","coordinates":[[[-105.84332,43.387789],[-105.848319,43.38778],[-105.848332,43.391377],[-105.843335,43.391384],[-105.84332,43.387789]]]}},{"type":"Feature","properties":{"q":"SWSE","ac":39.3},"geometry":{"type":"Polygon","coordinates":[[[-105.868404,43.420245],[-105.863421,43.420235],[-105.863388,43.416669],[-105.86838,43.416727],[-105.868404,43.420245]]]}},{"type":"Feature","properties":{"q":"SWNE","ac":40.1},"geometry":{"type":"Polygon","coordinates":[[[-105.843553,43.438226],[-105.848565,43.438247],[-105.848542,43.441856],[-105.843547,43.441834],[-105.843553,43.438226]]]}},{"type":"Feature","properties":{"q":"NENW","ac":40.0},"geometry":{"type":"Polygon","coordinates":[[[-105.913167,43.427337],[-105.913209,43.430934],[-105.908201,43.430894],[-105.908171,43.4273],[-105.913167,43.427337]]]}},{"type":"Feature","properties":{"q":"SWSE","ac":39.7},"geometry":{"type":"Polygon","coordinates":[[[-105.808349,43.430933],[-105.808357,43.434532],[-105.803381,43.434433],[-105.803377,43.430841],[-105.808349,43.430933]]]}},{"type":"Feature","properties":{"q":"NWNW","ac":39.8},"geometry":{"type":"Polygon","coordinates":[[[-105.813343,43.416622],[-105.813367,43.41303],[-105.818356,43.413111],[-105.818317,43.416703],[-105.813343,43.416622]]]}},{"type":"Feature","properties":{"q":"SENE","ac":39.9},"geometry":{"type":"Polygon","coordinates":[[[-105.903076,43.412891],[-105.898101,43.412867],[-105.898064,43.409264],[-105.903042,43.409287],[-105.903076,43.412891]]]}},{"type":"Feature","properties":{"q":"2","ac":36.5},"geometry":{"type":"Polygon","coordinates":[[[-105.913026,43.409333],[-105.917575,43.409354],[-105.9176,43.41296],[-105.913038,43.412938],[-105.913026,43.409333]]]}},{"type":"Feature","properties":{"q":"3","ac":36.5},"geometry":{"type":"Polygon","coordinates":[[[-105.913088,43.420142],[-105.91765,43.420168],[-105.917676,43.42377],[-105.913125,43.42374],[-105.913088,43.420142]]]}},{"type":"Feature","properties":{"q":"SWNW","ac":39.9},"geometry":{"type":"Polygon","coordinates":[[[-105.858388,43.412999],[-105.853434,43.413006],[-105.853412,43.409381],[-105.85838,43.409387],[-105.858388,43.412999]]]}},{"type":"Feature","properties":{"q":"SESW","ac":39.7},"geometry":{"type":"Polygon","coordinates":[[[-105.893221,43.430834],[-105.893232,43.43443],[-105.888266,43.434459],[-105.888256,43.430858],[-105.893221,43.430834]]]}},{"type":"Feature","properties":{"q":"NESW","ac":39.9},"geometry":{"type":"Polygon","coordinates":[[[-105.848408,43.40577],[-105.85339,43.405773],[-105.853412,43.409381],[-105.848443,43.409374],[-105.848408,43.40577]]]}},{"type":"Feature","properties":{"q":"NENE","ac":39.7},"geometry":{"type":"Polygon","coordinates":[[[-105.798422,43.412789],[-105.803399,43.41287],[-105.803394,43.416461],[-105.79842,43.416381],[-105.798422,43.412789]]]}},{"type":"Feature","properties":{"q":"1","ac":36.1},"geometry":{"type":"Polygon","coordinates":[[[-105.91748,43.398531],[-105.917511,43.402142],[-105.912995,43.402108],[-105.912986,43.398511],[-105.91748,43.398531]]]}},{"type":"Feature","properties":{"q":"SENW","ac":39.8},"geometry":{"type":"Polygon","coordinates":[[[-105.848563,43.423808],[-105.85352,43.423823],[-105.853553,43.427434],[-105.848587,43.427417],[-105.848563,43.423808]]]}},{"type":"Feature","properties":{"q":"SESE","ac":39.5},"geometry":{"type":"Polygon","coordinates":[[[-105.798415,43.445111],[-105.803398,43.445325],[-105.803394,43.448868],[-105.798416,43.448707],[-105.798415,43.445111]]]}},{"type":"Feature","properties":{"q":"NENE","ac":39.8},"geometry":{"type":"Polygon","coordinates":[[[-105.858363,43.402163],[-105.858351,43.398563],[-105.863322,43.398535],[-105.863336,43.402134],[-105.858363,43.402163]]]}},{"type":"Feature","properties":{"q":"NWSE","ac":40.2},"geometry":{"type":"Polygon","coordinates":[[[-105.823385,43.405856],[-105.828383,43.405826],[-105.828384,43.40944],[-105.82339,43.40948],[-105.823385,43.405856]]]}},{"type":"Feature","properties":{"q":"NENE","ac":39.8},"geometry":{"type":"Polygon","coordinates":[[[-105.863485,43.427396],[-105.863518,43.430992],[-105.858559,43.431064],[-105.858518,43.427451],[-105.863485,43.427396]]]}},{"type":"Feature","properties":{"q":"NWSE","ac":40.2},"geometry":{"type":"Polygon","coordinates":[[[-105.908238,43.434495],[-105.908274,43.438096],[-105.903242,43.438044],[-105.903218,43.434448],[-105.908238,43.434495]]]}},{"type":"Feature","properties":{"q":"SWSW","ac":40.0},"geometry":{"type":"Polygon","coordinates":[[[-105.838515,43.430987],[-105.838528,43.434595],[-105.833539,43.434619],[-105.833554,43.431],[-105.838515,43.430987]]]}},{"type":"Feature","properties":{"q":"SWSW","ac":39.9},"geometry":{"type":"Polygon","coordinates":[[[-105.813343,43.416622],[-105.818317,43.416703],[-105.818318,43.420315],[-105.813341,43.42023],[-105.813343,43.416622]]]}},{"type":"Feature","properties":{"q":"NWNW","ac":40.2},"geometry":{"type":"Polygon","coordinates":[[[-105.838437,43.412957],[-105.838457,43.416555],[-105.833422,43.416592],[-105.833411,43.412996],[-105.838437,43.412957]]]}},{"type":"Feature","properties":{"q":"SWSW","ac":39.6},"geometry":{"type":"Polygon","coordinates":[[[-105.893119,43.40205],[-105.898055,43.402047],[-105.89806,43.405655],[-105.893133,43.405656],[-105.893119,43.40205]]]}},{"type":"Feature","properties":{"q":"NESW","ac":39.9},"geometry":{"type":"Polygon","coordinates":[[[-105.808363,43.420145],[-105.813341,43.42023],[-105.813339,43.423837],[-105.808359,43.423747],[-105.808363,43.420145]]]}},{"type":"Feature","properties":{"q":"SWSE","ac":39.7},"geometry":{"type":"Polygon","coordinates":[[[-105.90313,43.420084],[-105.903109,43.416495],[-105.908079,43.416519],[-105.90811,43.420113],[-105.90313,43.420084]]]}},{"type":"Feature","properties":{"q":"SWSE","ac":38.9},"geometry":{"type":"Polygon","coordinates":[[[-105.803398,43.445325],[-105.808381,43.445539],[-105.808372,43.449029],[-105.803394,43.448868],[-105.803398,43.445325]]]}},{"type":"Feature","properties":{"q":"SWNW","ac":40.7},"geometry":{"type":"Polygon","coordinates":[[[-105.813394,43.394954],[-105.818455,43.394992],[-105.818418,43.398624],[-105.813393,43.398574],[-105.813394,43.394954]]]}},{"type":"Feature","properties":{"q":"NESE","ac":39.6},"geometry":{"type":"Polygon","coordinates":[[[-105.883245,43.405657],[-105.883288,43.409259],[-105.878347,43.409257],[-105.878284,43.405657],[-105.883245,43.405657]]]}},{"type":"Feature","properties":{"q":"SWSE","ac":40.3},"geometry":{"type":"Polygon","coordinates":[[[-105.908347,43.445299],[-105.908377,43.448875],[-105.90331,43.448818],[-105.90329,43.445235],[-105.908347,43.445299]]]}},{"type":"Feature","properties":{"q":"SWSW","ac":39.7},"geometry":{"type":"Polygon","coordinates":[[[-105.898233,43.445171],[-105.898243,43.448761],[-105.89327,43.448806],[-105.893264,43.445212],[-105.898233,43.445171]]]}},{"type":"Feature","properties":{"q":"SESW","ac":39.5},"geometry":{"type":"Polygon","coordinates":[[[-105.873229,43.391315],[-105.868264,43.391331],[-105.868249,43.387751],[-105.873215,43.387745],[-105.873229,43.391315]]]}},{"type":"Feature","properties":{"q":"SESW","ac":40.0},"geometry":{"type":"Polygon","coordinates":[[[-105.848373,43.402166],[-105.853368,43.402165],[-105.85339,43.405773],[-105.848408,43.40577],[-105.848373,43.402166]]]}},{"type":"Feature","properties":{"q":"NWSW","ac":40.2},"geometry":{"type":"Polygon","coordinates":[[[-105.838476,43.420166],[-105.838496,43.423778],[-105.833493,43.423815],[-105.833457,43.420204],[-105.838476,43.420166]]]}},{"type":"Feature","properties":{"q":"NWNE","ac":40.2},"geometry":{"type":"Polygon","coordinates":[[[-105.823371,43.413073],[-105.828385,43.413034],[-105.828387,43.416629],[-105.823352,43.416666],[-105.823371,43.413073]]]}},{"type":"Feature","properties":{"q":"SWNE","ac":39.3},"geometry":{"type":"Polygon","coordinates":[[[-105.888266,43.423664],[-105.888261,43.427261],[-105.883335,43.427279],[-105.88338,43.423676],[-105.888266,43.423664]]]}},{"type":"Feature","properties":{"q":"NWSW","ac":39.7},"geometry":{"type":"Polygon","coordinates":[[[-105.858437,43.420224],[-105.858478,43.423838],[-105.85352,43.423823],[-105.853488,43.420227],[-105.858437,43.420224]]]}},{"type":"Feature","properties":{"q":"NWNE","ac":40.0},"geometry":{"type":"Polygon","coordinates":[[[-105.843547,43.441834],[-105.848542,43.441856],[-105.848519,43.445464],[-105.843542,43.445442],[-105.843547,43.441834]]]}},{"type":"Feature","properties":{"q":"NESW","ac":40.8},"geometry":{"type":"Polygon","coordinates":[[[-105.808296,43.391294],[-105.813376,43.391344],[-105.813394,43.394954],[-105.808332,43.394915],[-105.808296,43.391294]]]}},{"type":"Feature","properties":{"q":"NENE","ac":39.4},"geometry":{"type":"Polygon","coordinates":[[[-105.898053,43.398468],[-105.90301,43.398478],[-105.903009,43.402058],[-105.898055,43.402047],[-105.898053,43.398468]]]}},{"type":"Feature","properties":{"q":"NESW","ac":39.5},"geometry":{"type":"Polygon","coordinates":[[[-105.848539,43.420229],[-105.853488,43.420227],[-105.85352,43.423823],[-105.848563,43.423808],[-105.848539,43.420229]]]}},{"type":"Feature","properties":{"q":"NWNW","ac":39.3},"geometry":{"type":"Polygon","coordinates":[[[-105.893109,43.398466],[-105.898053,43.398468],[-105.898055,43.402047],[-105.893119,43.40205],[-105.893109,43.398466]]]}},{"type":"Feature","properties":{"q":"NENW","ac":40.0},"geometry":{"type":"Polygon","coordinates":[[[-105.848373,43.402166],[-105.84836,43.39857],[-105.853355,43.398567],[-105.853368,43.402165],[-105.848373,43.402166]]]}},{"type":"Feature","properties":{"q":"NWSW","ac":39.9},"geometry":{"type":"Polygon","coordinates":[[[-105.85838,43.409387],[-105.853412,43.409381],[-105.85339,43.405773],[-105.858371,43.405775],[-105.85838,43.409387]]]}},{"type":"Feature","properties":{"q":"SENE","ac":40.3},"geometry":{"type":"Polygon","coordinates":[[[-105.85838,43.409387],[-105.863362,43.409355],[-105.863375,43.413012],[-105.858388,43.412999],[-105.85838,43.409387]]]}},{"type":"Feature","properties":{"q":"SWSE","ac":40.2},"geometry":{"type":"Polygon","coordinates":[[[-105.868477,43.430919],[-105.868467,43.434564],[-105.863485,43.43462],[-105.863518,43.430992],[-105.868477,43.430919]]]}},{"type":"Feature","properties":{"q":"SWNW","ac":40.3},"geometry":{"type":"Polygon","coordinates":[[[-105.833524,43.438237],[-105.83854,43.438204],[-105.838552,43.441812],[-105.833509,43.441843],[-105.833524,43.438237]]]}},{"type":"Feature","properties":{"q":"SESE","ac":39.7},"geometry":{"type":"Polygon","coordinates":[[[-105.898139,43.41647],[-105.903109,43.416495],[-105.90313,43.420084],[-105.89815,43.420055],[-105.898139,43.41647]]]}},{"type":"Feature","properties":{"q":"SESE","ac":41.3},"geometry":{"type":"Polygon","coordinates":[[[-105.823418,43.434685],[-105.818286,43.434728],[-105.818293,43.431117],[-105.823443,43.431065],[-105.823418,43.434685]]]}},{"type":"Feature","properties":{"q":"SENW","ac":39.9},"geometry":{"type":"Polygon","coordinates":[[[-105.873461,43.423725],[-105.873431,43.427319],[-105.868453,43.427341],[-105.868428,43.423763],[-105.873461,43.423725]]]}},{"type":"Feature","properties":{"q":"SENW","ac":39.8},"geometry":{"type":"Polygon","coordinates":[[[-105.808359,43.423747],[-105.813339,43.423837],[-105.81333,43.427431],[-105.808354,43.42734],[-105.808359,43.423747]]]}},{"type":"Feature","properties":{"q":"NWNW","ac":40.0},"geometry":{"type":"Polygon","coordinates":[[[-105.853355,43.398567],[-105.858351,43.398563],[-105.858363,43.402163],[-105.853368,43.402165],[-105.853355,43.398567]]]}},{"type":"Feature","properties":{"q":"SWNE","ac":39.5},"geometry":{"type":"Polygon","coordinates":[[[-105.90301,43.398478],[-105.903011,43.394898],[-105.907971,43.394906],[-105.907967,43.398488],[-105.90301,43.398478]]]}},{"type":"Feature","properties":{"q":"NENW","ac":39.6},"geometry":{"type":"Polygon","coordinates":[[[-105.828541,43.427433],[-105.833523,43.427408],[-105.833554,43.431],[-105.828592,43.431013],[-105.828541,43.427433]]]}},{"type":"Feature","properties":{"q":"NENW","ac":40.1},"geometry":{"type":"Polygon","coordinates":[[[-105.828382,43.402212],[-105.82837,43.3986],[-105.833369,43.398589],[-105.833383,43.402191],[-105.828382,43.402212]]]}},{"type":"Feature","properties":{"q":"SWSE","ac":40.2},"geometry":{"type":"Polygon","coordinates":[[[-105.828382,43.402212],[-105.828383,43.405826],[-105.823385,43.405856],[-105.823381,43.402233],[-105.828382,43.402212]]]}},{"type":"Feature","properties":{"q":"SWNW","ac":39.9},"geometry":{"type":"Polygon","coordinates":[[[-105.813327,43.441884],[-105.813322,43.438234],[-105.81828,43.438338],[-105.818282,43.441934],[-105.813327,43.441884]]]}},{"type":"Feature","properties":{"q":"SENW","ac":39.5},"geometry":{"type":"Polygon","coordinates":[[[-105.888254,43.412872],[-105.88823,43.409261],[-105.893147,43.409262],[-105.893177,43.41287],[-105.888254,43.412872]]]}},{"type":"Feature","properties":{"q":"SWSW","ac":39.4},"geometry":{"type":"Polygon","coordinates":[[[-105.813332,43.445535],[-105.818284,43.44553],[-105.818289,43.449133],[-105.81333,43.449081],[-105.813332,43.445535]]]}},{"type":"Feature","properties":{"q":"SWSE","ac":40.2},"geometry":{"type":"Polygon","coordinates":[[[-105.868435,43.445357],[-105.86843,43.449003],[-105.863458,43.449067],[-105.863454,43.445433],[-105.868435,43.445357]]]}},{"type":"Feature","properties":{"q":"NESW","ac":40.3},"geometry":{"type":"Polygon","coordinates":[[[-105.907992,43.40569],[-105.913011,43.405721],[-105.913026,43.409333],[-105.908021,43.40931],[-105.907992,43.40569]]]}},{"type":"Feature","properties":{"q":"NWNW","ac":39.7},"geometry":{"type":"Polygon","coordinates":[[[-105.873254,43.398483],[-105.878215,43.398458],[-105.878222,43.402058],[-105.873265,43.402081],[-105.873254,43.398483]]]}},{"type":"Feature","properties":{"q":"SENW","ac":40.3},"geometry":{"type":"Polygon","coordinates":[[[-105.908274,43.438096],[-105.913306,43.438149],[-105.913354,43.441756],[-105.908311,43.441698],[-105.908274,43.438096]]]}},{"type":"Feature","properties":{"q":"SENE","ac":39.5},"geometry":{"type":"Polygon","coordinates":[[[-105.898051,43.394889],[-105.903011,43.394898],[-105.90301,43.398478],[-105.898053,43.398468],[-105.898051,43.394889]]]}},{"type":"Feature","properties":{"q":"NWSW","ac":40.1},"geometry":{"type":"Polygon","coordinates":[[[-105.833392,43.405796],[-105.8384,43.405765],[-105.838417,43.40936],[-105.833401,43.4094],[-105.833392,43.405796]]]}},{"type":"Feature","properties":{"q":"SESE","ac":39.7},"geometry":{"type":"Polygon","coordinates":[[[-105.798405,43.434334],[-105.798405,43.430749],[-105.803377,43.430841],[-105.803381,43.434433],[-105.798405,43.434334]]]}},{"type":"Feature","properties":{"q":"NENE","ac":39.6},"geometry":{"type":"Polygon","coordinates":[[[-105.878385,43.412868],[-105.883319,43.41287],[-105.88335,43.416482],[-105.878423,43.41648],[-105.878385,43.412868]]]}},{"type":"Feature","properties":{"q":"SWSE","ac":40.1},"geometry":{"type":"Polygon","coordinates":[[[-105.903194,43.430852],[-105.908201,43.430894],[-105.908238,43.434495],[-105.903218,43.434448],[-105.903194,43.430852]]]}},{"type":"Feature","properties":{"q":"NESW","ac":39.7},"geometry":{"type":"Polygon","coordinates":[[[-105.808357,43.434532],[-105.813321,43.43463],[-105.813322,43.438234],[-105.808364,43.43813],[-105.808357,43.434532]]]}},{"type":"Feature","properties":{"q":"4","ac":36.3},"geometry":{"type":"Polygon","coordinates":[[[-105.913011,43.405721],[-105.912995,43.402108],[-105.917511,43.402142],[-105.917543,43.405748],[-105.913011,43.405721]]]}},{"type":"Feature","properties":{"q":"SESW","ac":40.4},"geometry":{"type":"Polygon","coordinates":[[[-105.907962,43.40207],[-105.912995,43.402108],[-105.913011,43.405721],[-105.907992,43.40569],[-105.907962,43.40207]]]}},{"type":"Feature","properties":{"q":"SWNE","ac":40.4},"geometry":{"type":"Polygon","coordinates":[[[-105.848563,43.423808],[-105.848587,43.427417],[-105.843546,43.4274],[-105.843529,43.423793],[-105.848563,43.423808]]]}},{"type":"Feature","properties":{"q":"NENW","ac":39.6},"geometry":{"type":"Polygon","coordinates":[[[-105.868445,43.441783],[-105.873421,43.441757],[-105.873396,43.445346],[-105.868435,43.445357],[-105.868445,43.441783]]]}},{"type":"Feature","properties":{"q":"NWSE","ac":39.8},"geometry":{"type":"Polygon","coordinates":[[[-105.888297,43.448851],[-105.888298,43.452448],[-105.883315,43.452496],[-105.883321,43.448895],[-105.888297,43.448851]]]}},{"type":"Feature","properties":{"q":"NESW","ac":40.0},"geometry":{"type":"Polygon","coordinates":[[[-105.86843,43.449003],[-105.873387,43.448971],[-105.873378,43.452596],[-105.868425,43.452648],[-105.86843,43.449003]]]}},{"type":"Feature","properties":{"q":"SWNE","ac":40.9},"geometry":{"type":"Polygon","coordinates":[[[-105.823466,43.456286],[-105.823429,43.452704],[-105.828565,43.452673],[-105.828634,43.456235],[-105.823466,43.456286]]]}},{"type":"Feature","properties":{"q":"NWSE","ac":40.3},"geometry":{"type":"Polygon","coordinates":[[[-105.90331,43.448818],[-105.908377,43.448875],[-105.908408,43.452451],[-105.90333,43.452401],[-105.90331,43.448818]]]}},{"type":"Feature","properties":{"q":"NESE","ac":39.2},"geometry":{"type":"Polygon","coordinates":[[[-105.80338,43.463296],[-105.803381,43.466806],[-105.798416,43.466688],[-105.798416,43.463091],[-105.80338,43.463296]]]}},{"type":"Feature","properties":{"q":"SENE","ac":38.4},"geometry":{"type":"Polygon","coordinates":[[[-105.838584,43.466884],[-105.843607,43.466957],[-105.843605,43.470385],[-105.838603,43.470351],[-105.838584,43.466884]]]}},{"type":"Feature","properties":{"q":"SWSE","ac":39.5},"geometry":{"type":"Polygon","coordinates":[[[-105.84367,43.459851],[-105.848678,43.459955],[-105.848654,43.463492],[-105.843638,43.463404],[-105.84367,43.459851]]]}},{"type":"Feature","properties":{"q":"SESW","ac":39.8},"geometry":{"type":"Polygon","coordinates":[[[-105.873379,43.463394],[-105.868413,43.463433],[-105.868415,43.459809],[-105.873372,43.459789],[-105.873379,43.463394]]]}},{"type":"Feature","properties":{"q":"NENW","ac":39.8},"geometry":{"type":"Polygon","coordinates":[[[-105.888301,43.459651],[-105.8883,43.45605],[-105.893281,43.455996],[-105.893287,43.459592],[-105.888301,43.459651]]]}},{"type":"Feature","properties":{"q":"1","ac":35.0},"geometry":{"type":"Polygon","coordinates":[[[-105.838603,43.470351],[-105.843605,43.470385],[-105.843603,43.473509],[-105.841125,43.47352],[-105.83862,43.473531],[-105.838603,43.470351]]]}},{"type":"Feature","properties":{"q":"NESE","ac":39.5},"geometry":{"type":"Polygon","coordinates":[[[-105.798416,43.448707],[-105.803394,43.448868],[-105.80339,43.452411],[-105.798416,43.452303],[-105.798416,43.448707]]]}},{"type":"Feature","properties":{"q":"2","ac":34.4},"geometry":{"type":"Polygon","coordinates":[[[-105.848586,43.47351],[-105.846172,43.473497],[-105.843603,43.473509],[-105.843605,43.470385],[-105.848607,43.470419],[-105.848586,43.47351]]]}},{"type":"Feature","properties":{"q":"NENW","ac":39.5},"geometry":{"type":"Polygon","coordinates":[[[-105.828634,43.456235],[-105.83363,43.456208],[-105.833683,43.459772],[-105.828704,43.459796],[-105.828634,43.456235]]]}},{"type":"Feature","properties":{"q":"SESE","ac":39.2},"geometry":{"type":"Polygon","coordinates":[[[-105.798416,43.463091],[-105.798417,43.459494],[-105.803381,43.459786],[-105.80338,43.463296],[-105.798416,43.463091]]]}},{"type":"Feature","properties":{"q":"NWSE","ac":38.9},"geometry":{"type":"Polygon","coordinates":[[[-105.803394,43.448868],[-105.808372,43.449029],[-105.808364,43.452519],[-105.80339,43.452411],[-105.803394,43.448868]]]}},{"type":"Feature","properties":{"q":"SENW","ac":39.6},"geometry":{"type":"Polygon","coordinates":[[[-105.828634,43.456235],[-105.828565,43.452673],[-105.833578,43.452643],[-105.83363,43.456208],[-105.828634,43.456235]]]}},{"type":"Feature","properties":{"q":"SENE","ac":38.2},"geometry":{"type":"Polygon","coordinates":[[[-105.823378,43.467093],[-105.823326,43.470449],[-105.818189,43.470485],[-105.818217,43.467163],[-105.823378,43.467093]]]}},{"type":"Feature","properties":{"q":"SESE","ac":40.9},"geometry":{"type":"Polygon","coordinates":[[[-105.898273,43.459532],[-105.903371,43.459567],[-105.903363,43.463165],[-105.898251,43.463143],[-105.898273,43.459532]]]}},{"type":"Feature","properties":{"q":"NWSW","ac":39.9},"geometry":{"type":"Polygon","coordinates":[[[-105.853522,43.449102],[-105.858486,43.44913],[-105.858498,43.452752],[-105.853548,43.452718],[-105.853522,43.449102]]]}},{"type":"Feature","properties":{"q":"NWSW","ac":40.0},"geometry":{"type":"Polygon","coordinates":[[[-105.813341,43.42023],[-105.818318,43.420315],[-105.818319,43.423927],[-105.813339,43.423837],[-105.813341,43.42023]]]}},{"type":"Feature","properties":{"q":"SENW","ac":41.0},"geometry":{"type":"Polygon","coordinates":[[[-105.873345,43.40929],[-105.873373,43.412947],[-105.868362,43.413025],[-105.868344,43.409322],[-105.873345,43.40929]]]}},{"type":"Feature","properties":{"q":"SENW","ac":39.7},"geometry":{"type":"Polygon","coordinates":[[[-105.873421,43.441757],[-105.868445,43.441783],[-105.868456,43.438208],[-105.873445,43.438167],[-105.873421,43.441757]]]}},{"type":"Feature","properties":{"q":"NESW","ac":40.2},"geometry":{"type":"Polygon","coordinates":[[[-105.828438,43.420241],[-105.833457,43.420204],[-105.833493,43.423815],[-105.82849,43.423852],[-105.828438,43.420241]]]}},{"type":"Feature","properties":{"q":"SWNW","ac":40.0},"geometry":{"type":"Polygon","coordinates":[[[-105.833356,43.394986],[-105.838352,43.394984],[-105.838368,43.398577],[-105.833369,43.398589],[-105.833356,43.394986]]]}},{"type":"Feature","properties":{"q":"NENW","ac":39.7},"geometry":{"type":"Polygon","coordinates":[[[-105.873265,43.402081],[-105.868308,43.402104],[-105.868294,43.398507],[-105.873254,43.398483],[-105.873265,43.402081]]]}},{"type":"Feature","properties":{"q":"SWSE","ac":39.7},"geometry":{"type":"Polygon","coordinates":[[[-105.883291,43.430882],[-105.888256,43.430858],[-105.888266,43.434459],[-105.883323,43.434488],[-105.883291,43.430882]]]}},{"type":"Feature","properties":{"q":"SENE","ac":40.0},"geometry":{"type":"Polygon","coordinates":[[[-105.863451,43.438249],[-105.863453,43.441841],[-105.858461,43.441899],[-105.858447,43.43829],[-105.863451,43.438249]]]}},{"type":"Feature","properties":{"q":"NWNW","ac":39.8},"geometry":{"type":"Polygon","coordinates":[[[-105.853501,43.441877],[-105.858461,43.441899],[-105.858474,43.445508],[-105.853497,43.445486],[-105.853501,43.441877]]]}},{"type":"Feature","properties":{"q":"NENE","ac":40.6},"geometry":{"type":"Polygon","coordinates":[[[-105.823374,43.441904],[-105.823354,43.445503],[-105.818284,43.44553],[-105.818282,43.441934],[-105.823374,43.441904]]]}},{"type":"Feature","properties":{"q":"NENW","ac":40.5},"geometry":{"type":"Polygon","coordinates":[[[-105.828466,43.441873],[-105.833509,43.441843],[-105.833495,43.445448],[-105.828424,43.445475],[-105.828466,43.441873]]]}},{"type":"Feature","properties":{"q":"NWSW","ac":40.6},"geometry":{"type":"Polygon","coordinates":[[[-105.818455,43.394992],[-105.813394,43.394954],[-105.813376,43.391344],[-105.818456,43.391395],[-105.818455,43.394992]]]}},{"type":"Feature","properties":{"q":"SESW","ac":39.9},"geometry":{"type":"Polygon","coordinates":[[[-105.853585,43.431045],[-105.853546,43.434657],[-105.848588,43.434637],[-105.848611,43.431026],[-105.853585,43.431045]]]}},{"type":"Feature","properties":{"q":"NWNE","ac":39.8},"geometry":{"type":"Polygon","coordinates":[[[-105.868294,43.398507],[-105.868308,43.402104],[-105.863336,43.402134],[-105.863322,43.398535],[-105.868294,43.398507]]]}},{"type":"Feature","properties":{"q":"NESE","ac":39.4},"geometry":{"type":"Polygon","coordinates":[[[-105.883163,43.391302],[-105.883178,43.394866],[-105.878207,43.394858],[-105.878195,43.391298],[-105.883163,43.391302]]]}},{"type":"Feature","properties":{"q":"SESW","ac":39.8},"geometry":{"type":"Polygon","coordinates":[[[-105.912962,43.39132],[-105.907975,43.391317],[-105.90798,43.387729],[-105.912946,43.387725],[-105.912962,43.39132]]]}},{"type":"Feature","properties":{"q":"SWSW","ac":39.7},"geometry":{"type":"Polygon","coordinates":[[[-105.873401,43.430913],[-105.878326,43.430907],[-105.87838,43.434516],[-105.873423,43.43454],[-105.873401,43.430913]]]}},{"type":"Feature","properties":{"q":"NWNW","ac":39.8},"geometry":{"type":"Polygon","coordinates":[[[-105.858388,43.412999],[-105.858397,43.416611],[-105.853456,43.41663],[-105.853434,43.413006],[-105.858388,43.412999]]]}},{"type":"Feature","properties":{"q":"SESW","ac":40.0},"geometry":{"type":"Polygon","coordinates":[[[-105.828347,43.391381],[-105.828336,43.387774],[-105.833328,43.387786],[-105.833342,43.391386],[-105.828347,43.391381]]]}},{"type":"Feature","properties":{"q":"NESW","ac":39.7},"geometry":{"type":"Polygon","coordinates":[[[-105.853546,43.434657],[-105.853506,43.438269],[-105.848565,43.438247],[-105.848588,43.434637],[-105.853546,43.434657]]]}},{"type":"Feature","properties":{"q":"SESE","ac":39.4},"geometry":{"type":"Polygon","coordinates":[[[-105.878182,43.387739],[-105.883148,43.387737],[-105.883163,43.391302],[-105.878195,43.391298],[-105.878182,43.387739]]]}},{"type":"Feature","properties":{"q":"SWSE","ac":39.9},"geometry":{"type":"Polygon","coordinates":[[[-105.863336,43.402134],[-105.868308,43.402104],[-105.868326,43.405713],[-105.863349,43.405744],[-105.863336,43.402134]]]}},{"type":"Feature","properties":{"q":"SESW","ac":40.1},"geometry":{"type":"Polygon","coordinates":[[[-105.82855,43.434642],[-105.828592,43.431013],[-105.833554,43.431],[-105.833539,43.434619],[-105.82855,43.434642]]]}},{"type":"Feature","properties":{"q":"NENW","ac":39.9},"geometry":{"type":"Polygon","coordinates":[[[-105.913038,43.412938],[-105.91305,43.416544],[-105.908079,43.416519],[-105.90805,43.412915],[-105.913038,43.412938]]]}},{"type":"Feature","properties":{"q":"NENW","ac":39.7},"geometry":{"type":"Polygon","coordinates":[[[-105.808354,43.42734],[-105.81333,43.427431],[-105.813321,43.431025],[-105.808349,43.430933],[-105.808354,43.42734]]]}},{"type":"Feature","properties":{"q":"SENE","ac":40.7},"geometry":{"type":"Polygon","coordinates":[[[-105.818319,43.423927],[-105.823405,43.42389],[-105.823424,43.427478],[-105.818306,43.427522],[-105.818319,43.423927]]]}},{"type":"Feature","properties":{"q":"NWNW","ac":39.9},"geometry":{"type":"Polygon","coordinates":[[[-105.813327,43.441884],[-105.818282,43.441934],[-105.818284,43.44553],[-105.813332,43.445535],[-105.813327,43.441884]]]}},{"type":"Feature","properties":{"q":"NESE","ac":40.1},"geometry":{"type":"Polygon","coordinates":[[[-105.8384,43.405765],[-105.843404,43.405768],[-105.84343,43.409367],[-105.838417,43.40936],[-105.8384,43.405765]]]}},{"type":"Feature","properties":{"q":"NWNW","ac":40.0},"geometry":{"type":"Polygon","coordinates":[[[-105.833369,43.398589],[-105.838368,43.398577],[-105.838384,43.402169],[-105.833383,43.402191],[-105.833369,43.398589]]]}},{"type":"Feature","properties":{"q":"SWSW","ac":39.8},"geometry":{"type":"Polygon","coordinates":[[[-105.818286,43.434728],[-105.813321,43.43463],[-105.813321,43.431025],[-105.818293,43.431117],[-105.818286,43.434728]]]}},{"type":"Feature","properties":{"q":"2","ac":36.0},"geometry":{"type":"Polygon","coordinates":[[[-105.913306,43.438149],[-105.917804,43.438195],[-105.917834,43.441807],[-105.913354,43.441756],[-105.913306,43.438149]]]}},{"type":"Feature","properties":{"q":"SESW","ac":40.2},"geometry":{"type":"Polygon","coordinates":[[[-105.813391,43.405817],[-105.808395,43.405746],[-105.808404,43.402134],[-105.813392,43.402195],[-105.813391,43.405817]]]}},{"type":"Feature","properties":{"q":"SWSE","ac":39.8},"geometry":{"type":"Polygon","coordinates":[[[-105.883203,43.402055],[-105.888183,43.402053],[-105.888207,43.405657],[-105.883245,43.405657],[-105.883203,43.402055]]]}},{"type":"Feature","properties":{"q":"SENW","ac":40.0},"geometry":{"type":"Polygon","coordinates":[[[-105.912977,43.394914],[-105.912986,43.398511],[-105.907967,43.398488],[-105.907971,43.394906],[-105.912977,43.394914]]]}},{"type":"Feature","properties":{"q":"NWSE","ac":39.6},"geometry":{"type":"Polygon","coordinates":[[[-105.907975,43.391317],[-105.907971,43.394906],[-105.903011,43.394898],[-105.903012,43.391314],[-105.907975,43.391317]]]}},{"type":"Feature","properties":{"q":"NENW","ac":40.5},"geometry":{"type":"Polygon","coordinates":[[[-105.808373,43.441834],[-105.813327,43.441884],[-105.813332,43.445535],[-105.808381,43.445539],[-105.808373,43.441834]]]}},{"type":"Feature","properties":{"q":"SENE","ac":40.4},"geometry":{"type":"Polygon","coordinates":[[[-105.838506,43.427382],[-105.838496,43.423778],[-105.843529,43.423793],[-105.843546,43.4274],[-105.838506,43.427382]]]}},{"type":"Feature","properties":{"q":"SENW","ac":39.8},"geometry":{"type":"Polygon","coordinates":[[[-105.833493,43.423815],[-105.833523,43.427408],[-105.828541,43.427433],[-105.82849,43.423852],[-105.833493,43.423815]]]}},{"type":"Feature","properties":{"q":"NWNE","ac":39.9},"geometry":{"type":"Polygon","coordinates":[[[-105.803415,43.402074],[-105.803403,43.398476],[-105.808368,43.398525],[-105.808404,43.402134],[-105.803415,43.402074]]]}},{"type":"Feature","properties":{"q":"SENE","ac":40.1},"geometry":{"type":"Polygon","coordinates":[[[-105.798406,43.43792],[-105.803385,43.438025],[-105.803391,43.441675],[-105.79841,43.441516],[-105.798406,43.43792]]]}},{"type":"Feature","properties":{"q":"NENE","ac":39.7},"geometry":{"type":"Polygon","coordinates":[[[-105.803381,43.427249],[-105.803377,43.430841],[-105.798405,43.430749],[-105.798408,43.427158],[-105.803381,43.427249]]]}},{"type":"Feature","properties":{"q":"NENE","ac":39.8},"geometry":{"type":"Polygon","coordinates":[[[-105.803415,43.402074],[-105.798427,43.402014],[-105.798437,43.398427],[-105.803403,43.398476],[-105.803415,43.402074]]]}},{"type":"Feature","properties":{"q":"SWSE","ac":39.6},"geometry":{"type":"Polygon","coordinates":[[[-105.823396,43.387786],[-105.828336,43.387774],[-105.828347,43.391381],[-105.823402,43.391388],[-105.823396,43.387786]]]}},{"type":"Feature","properties":{"q":"NESW","ac":40.2},"geometry":{"type":"Polygon","coordinates":[[[-105.873423,43.43454],[-105.873445,43.438167],[-105.868456,43.438208],[-105.868467,43.434564],[-105.873423,43.43454]]]}},{"type":"Feature","properties":{"q":"SWNW","ac":39.7},"geometry":{"type":"Polygon","coordinates":[[[-105.878207,43.394858],[-105.878215,43.398458],[-105.873254,43.398483],[-105.873243,43.394884],[-105.878207,43.394858]]]}},{"type":"Feature","properties":{"q":"SWNE","ac":39.8},"geometry":{"type":"Polygon","coordinates":[[[-105.863322,43.398535],[-105.863309,43.394937],[-105.868279,43.394911],[-105.868294,43.398507],[-105.863322,43.398535]]]}},{"type":"Feature","properties":{"q":"SENE","ac":39.8},"geometry":{"type":"Polygon","coordinates":[[[-105.798423,43.409197],[-105.803405,43.409278],[-105.803399,43.41287],[-105.798422,43.412789],[-105.798423,43.409197]]]}},{"type":"Feature","properties":{"q":"NESE","ac":39.7},"geometry":{"type":"Polygon","coordinates":[[[-105.863296,43.391347],[-105.863309,43.394937],[-105.85834,43.394963],[-105.858328,43.391363],[-105.863296,43.391347]]]}},{"type":"Feature","properties":{"q":"SESE","ac":40.1},"geometry":{"type":"Polygon","coordinates":[[[-105.863458,43.449067],[-105.858486,43.44913],[-105.858474,43.445508],[-105.863454,43.445433],[-105.863458,43.449067]]]}},{"type":"Feature","properties":{"q":"SENE","ac":40.2},"geometry":{"type":"Polygon","coordinates":[[[-105.898209,43.437991],[-105.903242,43.438044],[-105.903266,43.44164],[-105.898221,43.441581],[-105.898209,43.437991]]]}},{"type":"Feature","properties":{"q":"NWNW","ac":39.7},"geometry":{"type":"Polygon","coordinates":[[[-105.81333,43.427431],[-105.818306,43.427522],[-105.818293,43.431117],[-105.813321,43.431025],[-105.81333,43.427431]]]}},{"type":"Feature","properties":{"q":"NWSW","ac":39.7},"geometry":{"type":"Polygon","coordinates":[[[-105.853546,43.434657],[-105.858503,43.434677],[-105.858447,43.43829],[-105.853506,43.438269],[-105.853546,43.434657]]]}},{"type":"Feature","properties":{"q":"2","ac":36.4},"geometry":{"type":"Polygon","coordinates":[[[-105.913125,43.42374],[-105.917676,43.42377],[-105.91771,43.427371],[-105.913167,43.427337],[-105.913125,43.42374]]]}},{"type":"Feature","properties":{"q":"SWSW","ac":40.0},"geometry":{"type":"Polygon","coordinates":[[[-105.853522,43.449102],[-105.853497,43.445486],[-105.858474,43.445508],[-105.858486,43.44913],[-105.853522,43.449102]]]}},{"type":"Feature","properties":{"q":"NESE","ac":40.3},"geometry":{"type":"Polygon","coordinates":[[[-105.843529,43.423793],[-105.838496,43.423778],[-105.838476,43.420166],[-105.843507,43.420198],[-105.843529,43.423793]]]}},{"type":"Feature","properties":{"q":"SESW","ac":39.7},"geometry":{"type":"Polygon","coordinates":[[[-105.89327,43.448806],[-105.888297,43.448851],[-105.888295,43.445253],[-105.893264,43.445212],[-105.89327,43.448806]]]}},{"type":"Feature","properties":{"q":"SENW","ac":39.7},"geometry":{"type":"Polygon","coordinates":[[[-105.888276,43.438059],[-105.893242,43.438025],[-105.893253,43.441619],[-105.888286,43.441656],[-105.888276,43.438059]]]}},{"type":"Feature","properties":{"q":"SWNW","ac":40.2},"geometry":{"type":"Polygon","coordinates":[[[-105.838417,43.40936],[-105.838437,43.412957],[-105.833411,43.412996],[-105.833401,43.4094],[-105.838417,43.40936]]]}},{"type":"Feature","properties":{"q":"SWSW","ac":40.4},"geometry":{"type":"Polygon","coordinates":[[[-105.838457,43.416555],[-105.838476,43.420166],[-105.833457,43.420204],[-105.833422,43.416592],[-105.838457,43.416555]]]}},{"type":"Feature","properties":{"q":"SWNE","ac":40.0},"geometry":{"type":"Polygon","coordinates":[[[-105.828384,43.40944],[-105.828385,43.413034],[-105.823371,43.413073],[-105.82339,43.40948],[-105.828384,43.40944]]]}},{"type":"Feature","properties":{"q":"SESW","ac":39.5},"geometry":{"type":"Polygon","coordinates":[[[-105.868404,43.420245],[-105.86838,43.416727],[-105.873401,43.416603],[-105.873431,43.420164],[-105.868404,43.420245]]]}},{"type":"Feature","properties":{"q":"NWNE","ac":39.8},"geometry":{"type":"Polygon","coordinates":[[[-105.883203,43.402055],[-105.88319,43.398461],[-105.888166,43.398463],[-105.888183,43.402053],[-105.883203,43.402055]]]}},{"type":"Feature","properties":{"q":"SENW","ac":39.7},"geometry":{"type":"Polygon","coordinates":[[[-105.853501,43.441877],[-105.848542,43.441856],[-105.848565,43.438247],[-105.853506,43.438269],[-105.853501,43.441877]]]}},{"type":"Feature","properties":{"q":"NENW","ac":39.8},"geometry":{"type":"Polygon","coordinates":[[[-105.813367,43.41303],[-105.813343,43.416622],[-105.808368,43.416542],[-105.808377,43.41295],[-105.813367,43.41303]]]}},{"type":"Feature","properties":{"q":"SESE","ac":40.9},"geometry":{"type":"Polygon","coordinates":[[[-105.798255,43.391193],[-105.798062,43.387547],[-105.803161,43.38761],[-105.803275,43.391244],[-105.798255,43.391193]]]}},{"type":"Feature","properties":{"q":"NESE","ac":41.2},"geometry":{"type":"Polygon","coordinates":[[[-105.823418,43.434685],[-105.823394,43.438305],[-105.81828,43.438338],[-105.818286,43.434728],[-105.823418,43.434685]]]}},{"type":"Feature","properties":{"q":"SENE","ac":40.0},"geometry":{"type":"Polygon","coordinates":[[[-105.818356,43.413111],[-105.818395,43.409519],[-105.82339,43.40948],[-105.823371,43.413073],[-105.818356,43.413111]]]}},{"type":"Feature","properties":{"q":"NWSW","ac":40.0},"geometry":{"type":"Polygon","coordinates":[[[-105.838337,43.391391],[-105.838352,43.394984],[-105.833356,43.394986],[-105.833342,43.391386],[-105.838337,43.391391]]]}},{"type":"Feature","properties":{"q":"NWSE","ac":40.1},"geometry":{"type":"Polygon","coordinates":[[[-105.843507,43.420198],[-105.848539,43.420229],[-105.848563,43.423808],[-105.843529,43.423793],[-105.843507,43.420198]]]}},{"type":"Feature","properties":{"q":"NESW","ac":39.5},"geometry":{"type":"Polygon","coordinates":[[[-105.868264,43.391331],[-105.873229,43.391315],[-105.873243,43.394884],[-105.868279,43.394911],[-105.868264,43.391331]]]}},{"type":"Feature","properties":{"q":"SWSE","ac":39.3},"geometry":{"type":"Polygon","coordinates":[[[-105.888277,43.416484],[-105.888272,43.420074],[-105.883365,43.420079],[-105.88335,43.416482],[-105.888277,43.416484]]]}},{"type":"Feature","properties":{"q":"NWSW","ac":39.7},"geometry":{"type":"Polygon","coordinates":[[[-105.893232,43.43443],[-105.898198,43.434401],[-105.898209,43.437991],[-105.893242,43.438025],[-105.893232,43.43443]]]}},{"type":"Feature","properties":{"q":"SESE","ac":39.8},"geometry":{"type":"Polygon","coordinates":[[[-105.898055,43.402047],[-105.903009,43.402058],[-105.903026,43.405673],[-105.89806,43.405655],[-105.898055,43.402047]]]}},{"type":"Feature","properties":{"q":"NWSW","ac":40.0},"geometry":{"type":"Polygon","coordinates":[[[-105.878284,43.405657],[-105.878347,43.409257],[-105.873345,43.40929],[-105.873305,43.405685],[-105.878284,43.405657]]]}},{"type":"Feature","properties":{"q":"SENW","ac":40.5},"geometry":{"type":"Polygon","coordinates":[[[-105.808364,43.43813],[-105.813322,43.438234],[-105.813327,43.441884],[-105.808373,43.441834],[-105.808364,43.43813]]]}},{"type":"Feature","properties":{"q":"SESW","ac":38.7},"geometry":{"type":"Polygon","coordinates":[[[-105.808381,43.445539],[-105.813332,43.445535],[-105.81333,43.449081],[-105.808372,43.449029],[-105.808381,43.445539]]]}},{"type":"Feature","properties":{"q":"NWSE","ac":40.7},"geometry":{"type":"Polygon","coordinates":[[[-105.823378,43.420278],[-105.828438,43.420241],[-105.82849,43.423852],[-105.823405,43.42389],[-105.823378,43.420278]]]}},{"type":"Feature","properties":{"q":"NWSE","ac":39.7},"geometry":{"type":"Polygon","coordinates":[[[-105.823407,43.394991],[-105.823402,43.391388],[-105.828347,43.391381],[-105.828359,43.394989],[-105.823407,43.394991]]]}},{"type":"Feature","properties":{"q":"NESW","ac":40.0},"geometry":{"type":"Polygon","coordinates":[[[-105.828347,43.391381],[-105.833342,43.391386],[-105.833356,43.394986],[-105.828359,43.394989],[-105.828347,43.391381]]]}},{"type":"Feature","properties":{"q":"NWSE","ac":39.5},"geometry":{"type":"Polygon","coordinates":[[[-105.888266,43.434459],[-105.888276,43.438059],[-105.883355,43.438093],[-105.883323,43.434488],[-105.888266,43.434459]]]}},{"type":"Feature","properties":{"q":"NENW","ac":39.5},"geometry":{"type":"Polygon","coordinates":[[[-105.888254,43.412872],[-105.893177,43.41287],[-105.893208,43.416477],[-105.888277,43.416484],[-105.888254,43.412872]]]}},{"type":"Feature","properties":{"q":"NESE","ac":39.7},"geometry":{"type":"Polygon","coordinates":[[[-105.803381,43.434433],[-105.803385,43.438025],[-105.798406,43.43792],[-105.798405,43.434334],[-105.803381,43.434433]]]}},{"type":"Feature","properties":{"q":"NENE","ac":39.9},"geometry":{"type":"Polygon","coordinates":[[[-105.863453,43.441841],[-105.863454,43.445433],[-105.858474,43.445508],[-105.858461,43.441899],[-105.863453,43.441841]]]}},{"type":"Feature","properties":{"q":"NWSW","ac":40.0},"geometry":{"type":"Polygon","coordinates":[[[-105.873423,43.43454],[-105.87838,43.434516],[-105.878434,43.438126],[-105.873445,43.438167],[-105.873423,43.43454]]]}},{"type":"Feature","properties":{"q":"SWSE","ac":39.6},"geometry":{"type":"Polygon","coordinates":[[[-105.863296,43.391347],[-105.863283,43.387757],[-105.868249,43.387751],[-105.868264,43.391331],[-105.863296,43.391347]]]}},{"type":"Feature","properties":{"q":"NWNW","ac":39.7},"geometry":{"type":"Polygon","coordinates":[[[-105.873396,43.445346],[-105.873421,43.441757],[-105.878396,43.441731],[-105.878358,43.445335],[-105.873396,43.445346]]]}},{"type":"Feature","properties":{"q":"NWNE","ac":39.7},"geometry":{"type":"Polygon","coordinates":[[[-105.803394,43.416461],[-105.803399,43.41287],[-105.808377,43.41295],[-105.808368,43.416542],[-105.803394,43.416461]]]}},{"type":"Feature","properties":{"q":"SESE","ac":39.6},"geometry":{"type":"Polygon","coordinates":[[[-105.818457,43.387797],[-105.823396,43.387786],[-105.823402,43.391388],[-105.818456,43.391395],[-105.818457,43.387797]]]}},{"type":"Feature","properties":{"q":"NENW","ac":41.0},"geometry":{"type":"Polygon","coordinates":[[[-105.873373,43.412947],[-105.873401,43.416603],[-105.86838,43.416727],[-105.868362,43.413025],[-105.873373,43.412947]]]}},{"type":"Feature","properties":{"q":"NENW","ac":40.1},"geometry":{"type":"Polygon","coordinates":[[[-105.912986,43.398511],[-105.912995,43.402108],[-105.907962,43.40207],[-105.907967,43.398488],[-105.912986,43.398511]]]}},{"type":"Feature","properties":{"q":"SESE","ac":39.4},"geometry":{"type":"Polygon","coordinates":[[[-105.878423,43.41648],[-105.88335,43.416482],[-105.883365,43.420079],[-105.878458,43.420083],[-105.878423,43.41648]]]}},{"type":"Feature","properties":{"q":"SWSE","ac":40.5},"geometry":{"type":"Polygon","coordinates":[[[-105.828387,43.416629],[-105.828438,43.420241],[-105.823378,43.420278],[-105.823352,43.416666],[-105.828387,43.416629]]]}},{"type":"Feature","properties":{"q":"SESE","ac":40.0},"geometry":{"type":"Polygon","coordinates":[[[-105.843378,43.402168],[-105.843404,43.405768],[-105.8384,43.405765],[-105.838384,43.402169],[-105.843378,43.402168]]]}},{"type":"Feature","properties":{"q":"SENE","ac":39.6},"geometry":{"type":"Polygon","coordinates":[[[-105.80339,43.394878],[-105.803403,43.398476],[-105.798437,43.398427],[-105.798448,43.39484],[-105.80339,43.394878]]]}},{"type":"Feature","properties":{"q":"NWNE","ac":39.9},"geometry":{"type":"Polygon","coordinates":[[[-105.843364,43.398573],[-105.84836,43.39857],[-105.848373,43.402166],[-105.843378,43.402168],[-105.843364,43.398573]]]}},{"type":"Feature","properties":{"q":"NENE","ac":40.3},"geometry":{"type":"Polygon","coordinates":[[[-105.903266,43.44164],[-105.90329,43.445235],[-105.898233,43.445171],[-105.898221,43.441581],[-105.903266,43.44164]]]}},{"type":"Feature","properties":{"q":"NESE","ac":39.6},"geometry":{"type":"Polygon","coordinates":[[[-105.818456,43.391395],[-105.823402,43.391388],[-105.823407,43.394991],[-105.818455,43.394992],[-105.818456,43.391395]]]}},{"type":"Feature","properties":{"q":"NWSW","ac":39.4},"geometry":{"type":"Polygon","coordinates":[[[-105.898049,43.391311],[-105.898051,43.394889],[-105.8931,43.394882],[-105.89309,43.391308],[-105.898049,43.391311]]]}},{"type":"Feature","properties":{"q":"SESE","ac":40.5},"geometry":{"type":"Polygon","coordinates":[[[-105.823352,43.416666],[-105.823378,43.420278],[-105.818318,43.420315],[-105.818317,43.416703],[-105.823352,43.416666]]]}},{"type":"Feature","properties":{"q":"SWSW","ac":39.9},"geometry":{"type":"Polygon","coordinates":[[[-105.853585,43.431045],[-105.858559,43.431064],[-105.858503,43.434677],[-105.853546,43.434657],[-105.853585,43.431045]]]}},{"type":"Feature","properties":{"q":"NWSE","ac":40.3},"geometry":{"type":"Polygon","coordinates":[[[-105.848588,43.434637],[-105.848565,43.438247],[-105.843553,43.438226],[-105.843558,43.434616],[-105.848588,43.434637]]]}},{"type":"Feature","properties":{"q":"SWSW","ac":39.7},"geometry":{"type":"Polygon","coordinates":[[[-105.893232,43.43443],[-105.893221,43.430834],[-105.898186,43.43081],[-105.898198,43.434401],[-105.893232,43.43443]]]}},{"type":"Feature","properties":{"q":"NENW","ac":39.9},"geometry":{"type":"Polygon","coordinates":[[[-105.848479,43.413012],[-105.853434,43.413006],[-105.853456,43.41663],[-105.848514,43.416649],[-105.848479,43.413012]]]}},{"type":"Feature","properties":{"q":"SENW","ac":40.1},"geometry":{"type":"Polygon","coordinates":[[[-105.828359,43.394989],[-105.833356,43.394986],[-105.833369,43.398589],[-105.82837,43.3986],[-105.828359,43.394989]]]}},{"type":"Feature","properties":{"q":"SESE","ac":40.0},"geometry":{"type":"Polygon","coordinates":[[[-105.84332,43.387789],[-105.843335,43.391384],[-105.838337,43.391391],[-105.838321,43.387798],[-105.84332,43.387789]]]}},{"type":"Feature","properties":{"q":"NWNW","ac":40.4},"geometry":{"type":"Polygon","coordinates":[[[-105.813393,43.398574],[-105.818418,43.398624],[-105.818381,43.402255],[-105.813392,43.402195],[-105.813393,43.398574]]]}},{"type":"Feature","properties":{"q":"NENE","ac":39.9},"geometry":{"type":"Polygon","coordinates":[[[-105.898174,43.427225],[-105.903172,43.427263],[-105.903194,43.430852],[-105.898186,43.43081],[-105.898174,43.427225]]]}},{"type":"Feature","properties":{"q":"SESW","ac":40.9},"geometry":{"type":"Polygon","coordinates":[[[-105.813358,43.387734],[-105.813376,43.391344],[-105.808296,43.391294],[-105.80826,43.387672],[-105.813358,43.387734]]]}},{"type":"Feature","properties":{"q":"SESW","ac":39.5},"geometry":{"type":"Polygon","coordinates":[[[-105.848514,43.416649],[-105.853456,43.41663],[-105.853488,43.420227],[-105.848539,43.420229],[-105.848514,43.416649]]]}},{"type":"Feature","properties":{"q":"SENE","ac":39.3},"geometry":{"type":"Polygon","coordinates":[[[-105.878494,43.423687],[-105.88338,43.423676],[-105.883335,43.427279],[-105.87841,43.427297],[-105.878494,43.423687]]]}},{"type":"Feature","properties":{"q":"NWSE","ac":40.4},"geometry":{"type":"Polygon","coordinates":[[[-105.863451,43.438249],[-105.863485,43.43462],[-105.868467,43.434564],[-105.868456,43.438208],[-105.863451,43.438249]]]}},{"type":"Feature","properties":{"q":"NWNE","ac":39.6},"geometry":{"type":"Polygon","coordinates":[[[-105.888295,43.445253],[-105.883327,43.445294],[-105.883341,43.441693],[-105.888286,43.441656],[-105.888295,43.445253]]]}},{"type":"Feature","properties":{"q":"NWNW","ac":39.9},"geometry":{"type":"Polygon","coordinates":[[[-105.853585,43.431045],[-105.853553,43.427434],[-105.858518,43.427451],[-105.858559,43.431064],[-105.853585,43.431045]]]}},{"type":"Feature","properties":{"q":"NESW","ac":40.0},"geometry":{"type":"Polygon","coordinates":[[[-105.848346,43.394974],[-105.848332,43.391377],[-105.85333,43.39137],[-105.853343,43.394968],[-105.848346,43.394974]]]}},{"type":"Feature","properties":{"q":"SWSW","ac":40.3},"geometry":{"type":"Polygon","coordinates":[[[-105.813392,43.402195],[-105.818381,43.402255],[-105.818388,43.405887],[-105.813391,43.405817],[-105.813392,43.402195]]]}},{"type":"Feature","properties":{"q":"NESE","ac":40.7},"geometry":{"type":"Polygon","coordinates":[[[-105.823378,43.420278],[-105.823405,43.42389],[-105.818319,43.423927],[-105.818318,43.420315],[-105.823378,43.420278]]]}},{"type":"Feature","properties":{"q":"NENE","ac":40.3},"geometry":{"type":"Polygon","coordinates":[[[-105.838437,43.412957],[-105.843458,43.412985],[-105.843485,43.416602],[-105.838457,43.416555],[-105.838437,43.412957]]]}},{"type":"Feature","properties":{"q":"NESE","ac":40.3},"geometry":{"type":"Polygon","coordinates":[[[-105.818395,43.409519],[-105.818388,43.405887],[-105.823385,43.405856],[-105.82339,43.40948],[-105.818395,43.409519]]]}},{"type":"Feature","properties":{"q":"SWNE","ac":39.9},"geometry":{"type":"Polygon","coordinates":[[[-105.903042,43.409287],[-105.908021,43.40931],[-105.90805,43.412915],[-105.903076,43.412891],[-105.903042,43.409287]]]}},{"type":"Feature","properties":{"q":"SENE","ac":40.2},"geometry":{"type":"Polygon","coordinates":[[[-105.838417,43.40936],[-105.84343,43.409367],[-105.843458,43.412985],[-105.838437,43.412957],[-105.838417,43.40936]]]}},{"type":"Feature","properties":{"q":"SWSE","ac":39.9},"geometry":{"type":"Polygon","coordinates":[[[-105.843568,43.449045],[-105.843542,43.445442],[-105.848519,43.445464],[-105.848559,43.449074],[-105.843568,43.449045]]]}},{"type":"Feature","properties":{"q":"NENE","ac":40.2},"geometry":{"type":"Polygon","coordinates":[[[-105.823381,43.402233],[-105.818381,43.402255],[-105.818418,43.398624],[-105.823394,43.398612],[-105.823381,43.402233]]]}},{"type":"Feature","properties":{"q":"SESW","ac":40.2},"geometry":{"type":"Polygon","coordinates":[[[-105.833392,43.405796],[-105.828383,43.405826],[-105.828382,43.402212],[-105.833383,43.402191],[-105.833392,43.405796]]]}},{"type":"Feature","properties":{"q":"SESW","ac":40.4},"geometry":{"type":"Polygon","coordinates":[[[-105.828387,43.416629],[-105.833422,43.416592],[-105.833457,43.420204],[-105.828438,43.420241],[-105.828387,43.416629]]]}},{"type":"Feature","properties":{"q":"SWSE","ac":40.4},"geometry":{"type":"Polygon","coordinates":[[[-105.848588,43.434637],[-105.843558,43.434616],[-105.843563,43.431006],[-105.848611,43.431026],[-105.848588,43.434637]]]}},{"type":"Feature","properties":{"q":"NWSE","ac":39.2},"geometry":{"type":"Polygon","coordinates":[[[-105.863421,43.420235],[-105.868404,43.420245],[-105.868428,43.423763],[-105.863453,43.423801],[-105.863421,43.420235]]]}},{"type":"Feature","properties":{"q":"SWNE","ac":39.6},"geometry":{"type":"Polygon","coordinates":[[[-105.863453,43.423801],[-105.868428,43.423763],[-105.868453,43.427341],[-105.863485,43.427396],[-105.863453,43.423801]]]}},{"type":"Feature","properties":{"q":"SENW","ac":40.0},"geometry":{"type":"Polygon","coordinates":[[[-105.848346,43.394974],[-105.853343,43.394968],[-105.853355,43.398567],[-105.84836,43.39857],[-105.848346,43.394974]]]}},{"type":"Feature","properties":{"q":"NESW","ac":40.3},"geometry":{"type":"Polygon","coordinates":[[[-105.833524,43.438237],[-105.828508,43.438271],[-105.82855,43.434642],[-105.833539,43.434619],[-105.833524,43.438237]]]}},{"type":"Feature","properties":{"q":"1","ac":33.1},"geometry":{"type":"Polygon","coordinates":[[[-105.858545,43.470512],[-105.863478,43.470494],[-105.86348,43.473516],[-105.861248,43.473526],[-105.858551,43.473539],[-105.858545,43.470512]]]}},{"type":"Feature","properties":{"q":"2","ac":34.1},"geometry":{"type":"Polygon","coordinates":[[[-105.903325,43.470326],[-105.908488,43.470335],[-105.908494,43.473284],[-105.906759,43.473289],[-105.9033,43.4733],[-105.903325,43.470326]]]}},{"type":"Feature","properties":{"q":"3","ac":35.3},"geometry":{"type":"Polygon","coordinates":[[[-105.808348,43.470413],[-105.813269,43.470448],[-105.813258,43.473644],[-105.810796,43.473672],[-105.808352,43.473677],[-105.808348,43.470413]]]}},{"type":"Feature","properties":{"q":"SWNW","ac":36.8},"geometry":{"type":"Polygon","coordinates":[[[-105.813281,43.467044],[-105.818217,43.467163],[-105.818189,43.470485],[-105.813269,43.470448],[-105.813281,43.467044]]]}},{"type":"Feature","properties":{"q":"NWSE","ac":40.2},"geometry":{"type":"Polygon","coordinates":[[[-105.863461,43.4527],[-105.863458,43.449067],[-105.86843,43.449003],[-105.868425,43.452648],[-105.863461,43.4527]]]}},{"type":"Feature","properties":{"q":"SWNE","ac":40.2},"geometry":{"type":"Polygon","coordinates":[[[-105.843632,43.45625],[-105.843594,43.452648],[-105.848598,43.452683],[-105.848638,43.456319],[-105.843632,43.45625]]]}},{"type":"Feature","properties":{"q":"1","ac":36.9},"geometry":{"type":"Polygon","coordinates":[[[-105.798479,43.470358],[-105.803414,43.470383],[-105.803448,43.473716],[-105.80063,43.473763],[-105.798544,43.473772],[-105.798479,43.470358]]]}},{"type":"Feature","properties":{"q":"3","ac":35.7},"geometry":{"type":"Polygon","coordinates":[[[-105.833506,43.473551],[-105.831029,43.473558],[-105.828392,43.473566],[-105.828463,43.470413],[-105.833533,43.470382],[-105.833506,43.473551]]]}},{"type":"Feature","properties":{"q":"NESW","ac":40.2},"geometry":{"type":"Polygon","coordinates":[[[-105.908377,43.448875],[-105.913443,43.448931],[-105.913484,43.4525],[-105.908408,43.452451],[-105.908377,43.448875]]]}},{"type":"Feature","properties":{"q":"2","ac":35.8},"geometry":{"type":"Polygon","coordinates":[[[-105.823326,43.470449],[-105.828463,43.470413],[-105.828392,43.473566],[-105.825981,43.473572],[-105.823277,43.473586],[-105.823326,43.470449]]]}},{"type":"Feature","properties":{"q":"SWNW","ac":39.7},"geometry":{"type":"Polygon","coordinates":[[[-105.878332,43.452544],[-105.87833,43.456157],[-105.873375,43.456193],[-105.873378,43.452596],[-105.878332,43.452544]]]}},{"type":"Feature","properties":{"q":"NESW","ac":40.8},"geometry":{"type":"Polygon","coordinates":[[[-105.913628,43.466782],[-105.908482,43.466773],[-105.908475,43.463187],[-105.913597,43.463209],[-105.913628,43.466782]]]}},{"type":"Feature","properties":{"q":"NWNW","ac":40.3},"geometry":{"type":"Polygon","coordinates":[[[-105.818298,43.456337],[-105.818303,43.45994],[-105.813324,43.460009],[-105.813326,43.456318],[-105.818298,43.456337]]]}},{"type":"Feature","properties":{"q":"NESW","ac":39.8},"geometry":{"type":"Polygon","coordinates":[[[-105.848559,43.449074],[-105.853522,43.449102],[-105.853548,43.452718],[-105.848598,43.452683],[-105.848559,43.449074]]]}},{"type":"Feature","properties":{"q":"NWNW","ac":39.7},"geometry":{"type":"Polygon","coordinates":[[[-105.873375,43.456193],[-105.87833,43.456157],[-105.878329,43.45977],[-105.873372,43.459789],[-105.873375,43.456193]]]}},{"type":"Feature","properties":{"q":"NENW","ac":41.3},"geometry":{"type":"Polygon","coordinates":[[[-105.813324,43.460009],[-105.808345,43.460078],[-105.808354,43.456299],[-105.813326,43.456318],[-105.813324,43.460009]]]}},{"type":"Feature","properties":{"q":"NESE","ac":39.5},"geometry":{"type":"Polygon","coordinates":[[[-105.898049,43.391311],[-105.903012,43.391314],[-105.903011,43.394898],[-105.898051,43.394889],[-105.898049,43.391311]]]}},{"type":"Feature","properties":{"q":"NENE","ac":39.8},"geometry":{"type":"Polygon","coordinates":[[[-105.88319,43.398461],[-105.883203,43.402055],[-105.878222,43.402058],[-105.878215,43.398458],[-105.88319,43.398461]]]}},{"type":"Feature","properties":{"q":"3","ac":35.7},"geometry":{"type":"Polygon","coordinates":[[[-105.917449,43.39492],[-105.912977,43.394914],[-105.912962,43.39132],[-105.917407,43.391321],[-105.917449,43.39492]]]}},{"type":"Feature","properties":{"q":"NESE","ac":40.0},"geometry":{"type":"Polygon","coordinates":[[[-105.863349,43.405744],[-105.863362,43.409355],[-105.85838,43.409387],[-105.858371,43.405775],[-105.863349,43.405744]]]}},{"type":"Feature","properties":{"q":"NESE","ac":39.5},"geometry":{"type":"Polygon","coordinates":[[[-105.883323,43.434488],[-105.883355,43.438093],[-105.878434,43.438126],[-105.87838,43.434516],[-105.883323,43.434488]]]}},{"type":"Feature","properties":{"q":"NWNE","ac":40.1},"geometry":{"type":"Polygon","coordinates":[[[-105.823381,43.402233],[-105.823394,43.398612],[-105.82837,43.3986],[-105.828382,43.402212],[-105.823381,43.402233]]]}},{"type":"Feature","properties":{"q":"NESW","ac":39.7},"geometry":{"type":"Polygon","coordinates":[[[-105.893232,43.43443],[-105.893242,43.438025],[-105.888276,43.438059],[-105.888266,43.434459],[-105.893232,43.43443]]]}},{"type":"Feature","properties":{"q":"SWSE","ac":41.4},"geometry":{"type":"Polygon","coordinates":[[[-105.82855,43.434642],[-105.823418,43.434685],[-105.823443,43.431065],[-105.828592,43.431013],[-105.82855,43.434642]]]}},{"type":"Feature","properties":{"q":"1","ac":36.3},"geometry":{"type":"Polygon","coordinates":[[[-105.917744,43.430972],[-105.913209,43.430934],[-105.913167,43.427337],[-105.91771,43.427371],[-105.917744,43.430972]]]}},{"type":"Feature","properties":{"q":"NWNW","ac":40.5},"geometry":{"type":"Polygon","coordinates":[[[-105.873373,43.412947],[-105.878385,43.412868],[-105.878423,43.41648],[-105.873401,43.416603],[-105.873373,43.412947]]]}},{"type":"Feature","properties":{"q":"NWNE","ac":40.9},"geometry":{"type":"Polygon","coordinates":[[[-105.828541,43.427433],[-105.828592,43.431013],[-105.823443,43.431065],[-105.823424,43.427478],[-105.828541,43.427433]]]}},{"type":"Feature","properties":{"q":"NENW","ac":39.7},"geometry":{"type":"Polygon","coordinates":[[[-105.888286,43.441656],[-105.893253,43.441619],[-105.893264,43.445212],[-105.888295,43.445253],[-105.888286,43.441656]]]}},{"type":"Feature","properties":{"q":"SWSW","ac":39.8},"geometry":{"type":"Polygon","coordinates":[[[-105.873305,43.405685],[-105.873265,43.402081],[-105.878222,43.402058],[-105.878284,43.405657],[-105.873305,43.405685]]]}},{"type":"Feature","properties":{"q":"SESW","ac":39.9},"geometry":{"type":"Polygon","coordinates":[[[-105.868477,43.430919],[-105.873401,43.430913],[-105.873423,43.43454],[-105.868467,43.434564],[-105.868477,43.430919]]]}},{"type":"Feature","properties":{"q":"SWNW","ac":39.9},"geometry":{"type":"Polygon","coordinates":[[[-105.81339,43.409439],[-105.818395,43.409519],[-105.818356,43.413111],[-105.813367,43.41303],[-105.81339,43.409439]]]}},{"type":"Feature","properties":{"q":"SWSE","ac":40.8},"geometry":{"type":"Polygon","coordinates":[[[-105.803161,43.38761],[-105.80826,43.387672],[-105.808296,43.391294],[-105.803275,43.391244],[-105.803161,43.38761]]]}},{"type":"Feature","properties":{"q":"NWNW","ac":39.6},"geometry":{"type":"Polygon","coordinates":[[[-105.873401,43.430913],[-105.873431,43.427319],[-105.87841,43.427297],[-105.878326,43.430907],[-105.873401,43.430913]]]}},{"type":"Feature","properties":{"q":"NENW","ac":39.5},"geometry":{"type":"Polygon","coordinates":[[[-105.868477,43.430919],[-105.868453,43.427341],[-105.873431,43.427319],[-105.873401,43.430913],[-105.868477,43.430919]]]}},{"type":"Feature","properties":{"q":"NESW","ac":40.0},"geometry":{"type":"Polygon","coordinates":[[[-105.868326,43.405713],[-105.873305,43.405685],[-105.873345,43.40929],[-105.868344,43.409322],[-105.868326,43.405713]]]}},{"type":"Feature","properties":{"q":"4","ac":36.6},"geometry":{"type":"Polygon","coordinates":[[[-105.91765,43.420168],[-105.913088,43.420142],[-105.91305,43.416544],[-105.917625,43.416566],[-105.91765,43.420168]]]}},{"type":"Feature","properties":{"q":"NWSW","ac":39.4},"geometry":{"type":"Polygon","coordinates":[[[-105.893211,43.420065],[-105.89815,43.420055],[-105.898162,43.42364],[-105.893214,43.423652],[-105.893211,43.420065]]]}},{"type":"Feature","properties":{"q":"NESE","ac":39.8},"geometry":{"type":"Polygon","coordinates":[[[-105.89815,43.420055],[-105.90313,43.420084],[-105.903151,43.423674],[-105.898162,43.42364],[-105.89815,43.420055]]]}},{"type":"Feature","properties":{"q":"NENE","ac":39.7},"geometry":{"type":"Polygon","coordinates":[[[-105.883341,43.441693],[-105.883327,43.445294],[-105.878358,43.445335],[-105.878396,43.441731],[-105.883341,43.441693]]]}},{"type":"Feature","properties":{"q":"3","ac":36.4},"geometry":{"type":"Polygon","coordinates":[[[-105.913011,43.405721],[-105.917543,43.405748],[-105.917575,43.409354],[-105.913026,43.409333],[-105.913011,43.405721]]]}},{"type":"Feature","properties":{"q":"SWNW","ac":39.2},"geometry":{"type":"Polygon","coordinates":[[[-105.89823,43.466753],[-105.898163,43.470317],[-105.8932,43.470341],[-105.893244,43.4668],[-105.89823,43.466753]]]}},{"type":"Feature","properties":{"q":"4","ac":33.8},"geometry":{"type":"Polygon","coordinates":[[[-105.853576,43.470466],[-105.858545,43.470512],[-105.858551,43.473539],[-105.856213,43.473549],[-105.853568,43.473536],[-105.853576,43.470466]]]}},{"type":"Feature","properties":{"q":"4","ac":35.9},"geometry":{"type":"Polygon","coordinates":[[[-105.838603,43.470351],[-105.83862,43.473531],[-105.836078,43.473543],[-105.833506,43.473551],[-105.833533,43.470382],[-105.838603,43.470351]]]}},{"type":"Feature","properties":{"q":"4","ac":28.7},"geometry":{"type":"Polygon","coordinates":[[[-105.91366,43.470344],[-105.918093,43.470352],[-105.918119,43.473255],[-105.916849,43.473259],[-105.913686,43.473268],[-105.91366,43.470344]]]}},{"type":"Feature","properties":{"q":"7","ac":35.2},"geometry":{"type":"Polygon","coordinates":[[[-105.913566,43.459636],[-105.918002,43.459666],[-105.918032,43.463228],[-105.913597,43.463209],[-105.913566,43.459636]]]}},{"type":"Feature","properties":{"q":"NWSE","ac":41.0},"geometry":{"type":"Polygon","coordinates":[[[-105.828565,43.452673],[-105.823429,43.452704],[-105.823392,43.449104],[-105.828495,43.449074],[-105.828565,43.452673]]]}},{"type":"Feature","properties":{"q":"NWNE","ac":39.9},"geometry":{"type":"Polygon","coordinates":[[[-105.8883,43.45605],[-105.888301,43.459651],[-105.883315,43.45971],[-105.883315,43.456103],[-105.8883,43.45605]]]}},{"type":"Feature","properties":{"q":"NESE","ac":41.0},"geometry":{"type":"Polygon","coordinates":[[[-105.823429,43.452704],[-105.818294,43.452735],[-105.818289,43.449133],[-105.823392,43.449104],[-105.823429,43.452704]]]}},{"type":"Feature","properties":{"q":"NESE","ac":40.0},"geometry":{"type":"Polygon","coordinates":[[[-105.83859,43.452612],[-105.838578,43.449016],[-105.843568,43.449045],[-105.843594,43.452648],[-105.83859,43.452612]]]}},{"type":"Feature","properties":{"q":"NESW","ac":40.2},"geometry":{"type":"Polygon","coordinates":[[[-105.833536,43.449045],[-105.833578,43.452643],[-105.828565,43.452673],[-105.828495,43.449074],[-105.833536,43.449045]]]}},{"type":"Feature","properties":{"q":"SWSE","ac":39.8},"geometry":{"type":"Polygon","coordinates":[[[-105.863468,43.459885],[-105.868415,43.459809],[-105.868413,43.463433],[-105.863472,43.463499],[-105.863468,43.459885]]]}},{"type":"Feature","properties":{"q":"SESW","ac":39.9},"geometry":{"type":"Polygon","coordinates":[[[-105.893287,43.459592],[-105.893266,43.463196],[-105.88828,43.463249],[-105.888301,43.459651],[-105.893287,43.459592]]]}},{"type":"Feature","properties":{"q":"NWNE","ac":39.4},"geometry":{"type":"Polygon","coordinates":[[[-105.868415,43.459809],[-105.863468,43.459885],[-105.863465,43.456293],[-105.86842,43.456229],[-105.868415,43.459809]]]}},{"type":"Feature","properties":{"q":"NWNE","ac":41.2},"geometry":{"type":"Polygon","coordinates":[[[-105.803386,43.456099],[-105.808354,43.456299],[-105.808345,43.460078],[-105.803381,43.459786],[-105.803386,43.456099]]]}},{"type":"Feature","properties":{"q":"NESW","ac":38.8},"geometry":{"type":"Polygon","coordinates":[[[-105.81333,43.449081],[-105.813329,43.452627],[-105.808364,43.452519],[-105.808372,43.449029],[-105.81333,43.449081]]]}},{"type":"Feature","properties":{"q":"NENE","ac":40.6},"geometry":{"type":"Polygon","coordinates":[[[-105.898263,43.455942],[-105.90335,43.455984],[-105.903371,43.459567],[-105.898273,43.459532],[-105.898263,43.455942]]]}},{"type":"Feature","properties":{"q":"SWNW","ac":37.0},"geometry":{"type":"Polygon","coordinates":[[[-105.853584,43.4671],[-105.858539,43.467171],[-105.858545,43.470512],[-105.853576,43.470466],[-105.853584,43.4671]]]}},{"type":"Feature","properties":{"q":"SENW","ac":37.7},"geometry":{"type":"Polygon","coordinates":[[[-105.813281,43.467044],[-105.813269,43.470448],[-105.808348,43.470413],[-105.808346,43.466926],[-105.813281,43.467044]]]}},{"type":"Feature","properties":{"q":"SWSW","ac":39.3},"geometry":{"type":"Polygon","coordinates":[[[-105.8536,43.459958],[-105.858522,43.459961],[-105.85853,43.463566],[-105.853592,43.463529],[-105.8536,43.459958]]]}},{"type":"Feature","properties":{"q":"NWSW","ac":39.8},"geometry":{"type":"Polygon","coordinates":[[[-105.873387,43.448971],[-105.878345,43.44894],[-105.878332,43.452544],[-105.873378,43.452596],[-105.873387,43.448971]]]}},{"type":"Feature","properties":{"q":"SENW","ac":38.2},"geometry":{"type":"Polygon","coordinates":[[[-105.833562,43.466953],[-105.833533,43.470382],[-105.828463,43.470413],[-105.82854,43.467022],[-105.833562,43.466953]]]}},{"type":"Feature","properties":{"q":"NWSW","ac":39.7},"geometry":{"type":"Polygon","coordinates":[[[-105.878345,43.463355],[-105.878362,43.46694],[-105.873387,43.466998],[-105.873379,43.463394],[-105.878345,43.463355]]]}},{"type":"Feature","properties":{"q":"SENE","ac":39.7},"geometry":{"type":"Polygon","coordinates":[[[-105.863461,43.4527],[-105.863465,43.456293],[-105.85851,43.456357],[-105.858498,43.452752],[-105.863461,43.4527]]]}},{"type":"Feature","properties":{"q":"NENE","ac":40.0},"geometry":{"type":"Polygon","coordinates":[[[-105.883315,43.456103],[-105.883315,43.45971],[-105.878329,43.45977],[-105.87833,43.456157],[-105.883315,43.456103]]]}},{"type":"Feature","properties":{"q":"NWSE","ac":38.2},"geometry":{"type":"Polygon","coordinates":[[[-105.80338,43.463296],[-105.808345,43.463502],[-105.808346,43.466926],[-105.803381,43.466806],[-105.80338,43.463296]]]}},{"type":"Feature","properties":{"q":"SWNE","ac":41.2},"geometry":{"type":"Polygon","coordinates":[[[-105.803386,43.456099],[-105.80339,43.452411],[-105.808364,43.452519],[-105.808354,43.456299],[-105.803386,43.456099]]]}},{"type":"Feature","properties":{"q":"SENW","ac":37.2},"geometry":{"type":"Polygon","coordinates":[[[-105.84863,43.467029],[-105.853584,43.4671],[-105.853576,43.470466],[-105.848607,43.470419],[-105.84863,43.467029]]]}},{"type":"Feature","properties":{"q":"NWSW","ac":39.2},"geometry":{"type":"Polygon","coordinates":[[[-105.813302,43.463527],[-105.81826,43.463551],[-105.818217,43.467163],[-105.813281,43.467044],[-105.813302,43.463527]]]}},{"type":"Feature","properties":{"q":"SWNE","ac":40.4},"geometry":{"type":"Polygon","coordinates":[[[-105.908408,43.452451],[-105.908438,43.456026],[-105.90335,43.455984],[-105.90333,43.452401],[-105.908408,43.452451]]]}},{"type":"Feature","properties":{"q":"SWNE","ac":38.6},"geometry":{"type":"Polygon","coordinates":[[[-105.888259,43.466847],[-105.888238,43.470365],[-105.883293,43.470398],[-105.88331,43.466894],[-105.888259,43.466847]]]}},{"type":"Feature","properties":{"q":"3","ac":32.9},"geometry":{"type":"Polygon","coordinates":[[[-105.888238,43.470365],[-105.8932,43.470341],[-105.893163,43.473332],[-105.891612,43.473337],[-105.888221,43.473348],[-105.888238,43.470365]]]}},{"type":"Feature","properties":{"q":"SWNE","ac":40.7},"geometry":{"type":"Polygon","coordinates":[[[-105.903325,43.470326],[-105.903356,43.466763],[-105.908482,43.466773],[-105.908488,43.470335],[-105.903325,43.470326]]]}},{"type":"Feature","properties":{"q":"NESE","ac":41.0},"geometry":{"type":"Polygon","coordinates":[[[-105.903356,43.466763],[-105.89823,43.466753],[-105.898251,43.463143],[-105.903363,43.463165],[-105.903356,43.466763]]]}},{"type":"Feature","properties":{"q":"NESE","ac":39.5},"geometry":{"type":"Polygon","coordinates":[[[-105.883313,43.463302],[-105.88331,43.466894],[-105.878362,43.46694],[-105.878345,43.463355],[-105.883313,43.463302]]]}},{"type":"Feature","properties":{"q":"SWNE","ac":39.5},"geometry":{"type":"Polygon","coordinates":[[[-105.863461,43.4527],[-105.868425,43.452648],[-105.86842,43.456229],[-105.863465,43.456293],[-105.863461,43.4527]]]}},{"type":"Feature","properties":{"q":"SWNW","ac":40.3},"geometry":{"type":"Polygon","coordinates":[[[-105.818298,43.456337],[-105.813326,43.456318],[-105.813329,43.452627],[-105.818294,43.452735],[-105.818298,43.456337]]]}},{"type":"Feature","properties":{"q":"NESW","ac":40.1},"geometry":{"type":"Polygon","coordinates":[[[-105.833622,43.463363],[-105.833562,43.466953],[-105.82854,43.467022],[-105.828622,43.463409],[-105.833622,43.463363]]]}},{"type":"Feature","properties":{"q":"SWNW","ac":38.3},"geometry":{"type":"Polygon","coordinates":[[[-105.873387,43.466998],[-105.878362,43.46694],[-105.878311,43.470431],[-105.873361,43.470454],[-105.873387,43.466998]]]}},{"type":"Feature","properties":{"q":"NWSE","ac":40.8},"geometry":{"type":"Polygon","coordinates":[[[-105.903363,43.463165],[-105.908475,43.463187],[-105.908482,43.466773],[-105.903356,43.466763],[-105.903363,43.463165]]]}},{"type":"Feature","properties":{"q":"SESE","ac":39.6},"geometry":{"type":"Polygon","coordinates":[[[-105.858522,43.459961],[-105.863468,43.459885],[-105.863472,43.463499],[-105.85853,43.463566],[-105.858522,43.459961]]]}},{"type":"Feature","properties":{"q":"SENW","ac":40.8},"geometry":{"type":"Polygon","coordinates":[[[-105.908482,43.466773],[-105.913628,43.466782],[-105.91366,43.470344],[-105.908488,43.470335],[-105.908482,43.466773]]]}},{"type":"Feature","properties":{"q":"NWSW","ac":40.2},"geometry":{"type":"Polygon","coordinates":[[[-105.833536,43.449045],[-105.838578,43.449016],[-105.83859,43.452612],[-105.833578,43.452643],[-105.833536,43.449045]]]}},{"type":"Feature","properties":{"q":"NESE","ac":39.9},"geometry":{"type":"Polygon","coordinates":[[[-105.878332,43.452544],[-105.878345,43.44894],[-105.883321,43.448895],[-105.883315,43.452496],[-105.878332,43.452544]]]}},{"type":"Feature","properties":{"q":"NESE","ac":39.6},"geometry":{"type":"Polygon","coordinates":[[[-105.863472,43.463499],[-105.863476,43.467114],[-105.858539,43.467171],[-105.85853,43.463566],[-105.863472,43.463499]]]}},{"type":"Feature","properties":{"q":"SWSW","ac":39.6},"geometry":{"type":"Polygon","coordinates":[[[-105.873372,43.459789],[-105.878329,43.45977],[-105.878345,43.463355],[-105.873379,43.463394],[-105.873372,43.459789]]]}},{"type":"Feature","properties":{"q":"NENW","ac":40.4},"geometry":{"type":"Polygon","coordinates":[[[-105.908438,43.456026],[-105.913525,43.456068],[-105.913566,43.459636],[-105.908468,43.459601],[-105.908438,43.456026]]]}},{"type":"Feature","properties":{"q":"SENE","ac":40.7},"geometry":{"type":"Polygon","coordinates":[[[-105.89823,43.466753],[-105.903356,43.466763],[-105.903325,43.470326],[-105.898163,43.470317],[-105.89823,43.466753]]]}},{"type":"Feature","properties":{"q":"SWNE","ac":38.8},"geometry":{"type":"Polygon","coordinates":[[[-105.808346,43.466926],[-105.808348,43.470413],[-105.803414,43.470383],[-105.803381,43.466806],[-105.808346,43.466926]]]}},{"type":"Feature","properties":{"q":"6","ac":35.1},"geometry":{"type":"Polygon","coordinates":[[[-105.918032,43.463228],[-105.918062,43.46679],[-105.913628,43.466782],[-105.913597,43.463209],[-105.918032,43.463228]]]}},{"type":"Feature","properties":{"q":"3","ac":35.3},"geometry":{"type":"Polygon","coordinates":[[[-105.917933,43.452543],[-105.913484,43.4525],[-105.913443,43.448931],[-105.917899,43.448981],[-105.917933,43.452543]]]}},{"type":"Feature","properties":{"q":"SENW","ac":40.3},"geometry":{"type":"Polygon","coordinates":[[[-105.908408,43.452451],[-105.913484,43.4525],[-105.913525,43.456068],[-105.908438,43.456026],[-105.908408,43.452451]]]}},{"type":"Feature","properties":{"q":"NENE","ac":39.6},"geometry":{"type":"Polygon","coordinates":[[[-105.863465,43.456293],[-105.863468,43.459885],[-105.858522,43.459961],[-105.85851,43.456357],[-105.863465,43.456293]]]}},{"type":"Feature","properties":{"q":"SENE","ac":40.0},"geometry":{"type":"Polygon","coordinates":[[[-105.883315,43.456103],[-105.87833,43.456157],[-105.878332,43.452544],[-105.883315,43.452496],[-105.883315,43.456103]]]}},{"type":"Feature","properties":{"q":"5","ac":35.1},"geometry":{"type":"Polygon","coordinates":[[[-105.913628,43.466782],[-105.918062,43.46679],[-105.918093,43.470352],[-105.91366,43.470344],[-105.913628,43.466782]]]}},{"type":"Feature","properties":{"q":"4","ac":32.9},"geometry":{"type":"Polygon","coordinates":[[[-105.8932,43.470341],[-105.898163,43.470317],[-105.898106,43.473316],[-105.89667,43.473321],[-105.893163,43.473332],[-105.8932,43.470341]]]}},{"type":"Feature","properties":{"q":"SENW","ac":39.0},"geometry":{"type":"Polygon","coordinates":[[[-105.888238,43.470365],[-105.888259,43.466847],[-105.893244,43.4668],[-105.8932,43.470341],[-105.888238,43.470365]]]}},{"type":"Feature","properties":{"q":"SENW","ac":41.2},"geometry":{"type":"Polygon","coordinates":[[[-105.813326,43.456318],[-105.808354,43.456299],[-105.808364,43.452519],[-105.813329,43.452627],[-105.813326,43.456318]]]}},{"type":"Feature","properties":{"q":"NESE","ac":40.0},"geometry":{"type":"Polygon","coordinates":[[[-105.858486,43.44913],[-105.863458,43.449067],[-105.863461,43.4527],[-105.858498,43.452752],[-105.858486,43.44913]]]}},{"type":"Feature","properties":{"q":"1","ac":35.7},"geometry":{"type":"Polygon","coordinates":[[[-105.823326,43.470449],[-105.823277,43.473586],[-105.820917,43.473598],[-105.818163,43.473613],[-105.818189,43.470485],[-105.823326,43.470449]]]}},{"type":"Feature","properties":{"q":"SWNW","ac":39.8},"geometry":{"type":"Polygon","coordinates":[[[-105.898253,43.452352],[-105.898263,43.455942],[-105.893281,43.455996],[-105.893276,43.4524],[-105.898253,43.452352]]]}},{"type":"Feature","properties":{"q":"2","ac":32.7},"geometry":{"type":"Polygon","coordinates":[[[-105.883293,43.470398],[-105.888238,43.470365],[-105.888221,43.473348],[-105.886553,43.473353],[-105.883278,43.473378],[-105.883293,43.470398]]]}},{"type":"Feature","properties":{"q":"1","ac":35.2},"geometry":{"type":"Polygon","coordinates":[[[-105.913525,43.456068],[-105.917967,43.456104],[-105.918002,43.459666],[-105.913566,43.459636],[-105.913525,43.456068]]]}},{"type":"Feature","properties":{"q":"2","ac":33.1},"geometry":{"type":"Polygon","coordinates":[[[-105.86348,43.473516],[-105.863478,43.470494],[-105.868411,43.470477],[-105.86841,43.473487],[-105.866283,43.473503],[-105.86348,43.473516]]]}},{"type":"Feature","properties":{"q":"NWSW","ac":39.8},"geometry":{"type":"Polygon","coordinates":[[[-105.838623,43.463316],[-105.838584,43.466884],[-105.833562,43.466953],[-105.833622,43.463363],[-105.838623,43.463316]]]}},{"type":"Feature","properties":{"q":"NENE","ac":40.2},"geometry":{"type":"Polygon","coordinates":[[[-105.803386,43.456099],[-105.803381,43.459786],[-105.798417,43.459494],[-105.798417,43.455898],[-105.803386,43.456099]]]}},{"type":"Feature","properties":{"q":"NESW","ac":39.9},"geometry":{"type":"Polygon","coordinates":[[[-105.873379,43.463394],[-105.873387,43.466998],[-105.868412,43.467056],[-105.868413,43.463433],[-105.873379,43.463394]]]}},{"type":"Feature","properties":{"q":"SWSE","ac":39.7},"geometry":{"type":"Polygon","coordinates":[[[-105.888301,43.459651],[-105.88828,43.463249],[-105.883313,43.463302],[-105.883315,43.45971],[-105.888301,43.459651]]]}},{"type":"Feature","properties":{"q":"SENE","ac":39.8},"geometry":{"type":"Polygon","coordinates":[[[-105.798416,43.466688],[-105.803381,43.466806],[-105.803414,43.470383],[-105.798479,43.470358],[-105.798416,43.466688]]]}},{"type":"Feature","properties":{"q":"NENE","ac":39.9},"geometry":{"type":"Polygon","coordinates":[[[-105.843632,43.45625],[-105.84367,43.459851],[-105.838661,43.459748],[-105.838626,43.45618],[-105.843632,43.45625]]]}},{"type":"Feature","properties":{"q":"NWSW","ac":39.4},"geometry":{"type":"Polygon","coordinates":[[[-105.853592,43.463529],[-105.85853,43.463566],[-105.858539,43.467171],[-105.853584,43.4671],[-105.853592,43.463529]]]}},{"type":"Feature","properties":{"q":"1","ac":34.4},"geometry":{"type":"Polygon","coordinates":[[[-105.898163,43.470317],[-105.903325,43.470326],[-105.9033,43.4733],[-105.901715,43.473305],[-105.898106,43.473316],[-105.898163,43.470317]]]}},{"type":"Feature","properties":{"q":"NWSE","ac":41.5},"geometry":{"type":"Polygon","coordinates":[[[-105.828622,43.463409],[-105.82854,43.467022],[-105.823378,43.467093],[-105.823441,43.46348],[-105.828622,43.463409]]]}},{"type":"Feature","properties":{"q":"NESE","ac":41.5},"geometry":{"type":"Polygon","coordinates":[[[-105.81826,43.463551],[-105.823441,43.46348],[-105.823378,43.467093],[-105.818217,43.467163],[-105.81826,43.463551]]]}},{"type":"Feature","properties":{"q":"NWNW","ac":39.8},"geometry":{"type":"Polygon","coordinates":[[[-105.898263,43.455942],[-105.898273,43.459532],[-105.893287,43.459592],[-105.893281,43.455996],[-105.898263,43.455942]]]}},{"type":"Feature","properties":{"q":"SWNE","ac":38.6},"geometry":{"type":"Polygon","coordinates":[[[-105.82854,43.467022],[-105.828463,43.470413],[-105.823326,43.470449],[-105.823378,43.467093],[-105.82854,43.467022]]]}},{"type":"Feature","properties":{"q":"2","ac":35.2},"geometry":{"type":"Polygon","coordinates":[[[-105.913484,43.4525],[-105.917933,43.452543],[-105.917967,43.456104],[-105.913525,43.456068],[-105.913484,43.4525]]]}},{"type":"Feature","properties":{"q":"NWSE","ac":39.6},"geometry":{"type":"Polygon","coordinates":[[[-105.88828,43.463249],[-105.888259,43.466847],[-105.88331,43.466894],[-105.883313,43.463302],[-105.88828,43.463249]]]}},{"type":"Feature","properties":{"q":"NWNE","ac":40.5},"geometry":{"type":"Polygon","coordinates":[[[-105.90335,43.455984],[-105.908438,43.456026],[-105.908468,43.459601],[-105.903371,43.459567],[-105.90335,43.455984]]]}},{"type":"Feature","properties":{"q":"SESE","ac":39.7},"geometry":{"type":"Polygon","coordinates":[[[-105.883315,43.45971],[-105.883313,43.463302],[-105.878345,43.463355],[-105.878329,43.45977],[-105.883315,43.45971]]]}},{"type":"Feature","properties":{"q":"SENW","ac":39.8},"geometry":{"type":"Polygon","coordinates":[[[-105.848598,43.452683],[-105.853548,43.452718],[-105.853574,43.456338],[-105.848638,43.456319],[-105.848598,43.452683]]]}},{"type":"Feature","properties":{"q":"3","ac":33.8},"geometry":{"type":"Polygon","coordinates":[[[-105.908488,43.470335],[-105.91366,43.470344],[-105.913686,43.473268],[-105.911805,43.473274],[-105.908494,43.473284],[-105.908488,43.470335]]]}},{"type":"Feature","properties":{"q":"NWNW","ac":39.6},"geometry":{"type":"Polygon","coordinates":[[[-105.853574,43.456338],[-105.85851,43.456357],[-105.858522,43.459961],[-105.8536,43.459958],[-105.853574,43.456338]]]}},{"type":"Feature","properties":{"q":"NESW","ac":39.1},"geometry":{"type":"Polygon","coordinates":[[[-105.848654,43.463492],[-105.853592,43.463529],[-105.853584,43.4671],[-105.84863,43.467029],[-105.848654,43.463492]]]}},{"type":"Feature","properties":{"q":"SWNE","ac":38.0},"geometry":{"type":"Polygon","coordinates":[[[-105.843607,43.466957],[-105.84863,43.467029],[-105.848607,43.470419],[-105.843605,43.470385],[-105.843607,43.466957]]]}},{"type":"Feature","properties":{"q":"NWNW","ac":39.5},"geometry":{"type":"Polygon","coordinates":[[[-105.83363,43.456208],[-105.838626,43.45618],[-105.838661,43.459748],[-105.833683,43.459772],[-105.83363,43.456208]]]}},{"type":"Feature","properties":{"q":"SWNW","ac":38.6},"geometry":{"type":"Polygon","coordinates":[[[-105.838584,43.466884],[-105.838603,43.470351],[-105.833533,43.470382],[-105.833562,43.466953],[-105.838584,43.466884]]]}},{"type":"Feature","properties":{"q":"SESE","ac":39.7},"geometry":{"type":"Polygon","coordinates":[[[-105.843638,43.463404],[-105.838623,43.463316],[-105.838661,43.459748],[-105.84367,43.459851],[-105.843638,43.463404]]]}},{"type":"Feature","properties":{"q":"4","ac":32.8},"geometry":{"type":"Polygon","coordinates":[[[-105.873361,43.470454],[-105.878311,43.470431],[-105.878269,43.473416],[-105.876385,43.47343],[-105.873339,43.473452],[-105.873361,43.470454]]]}},{"type":"Feature","properties":{"q":"NWNE","ac":40.3},"geometry":{"type":"Polygon","coordinates":[[[-105.84367,43.459851],[-105.843632,43.45625],[-105.848638,43.456319],[-105.848678,43.459955],[-105.84367,43.459851]]]}},{"type":"Feature","properties":{"q":"NESW","ac":38.1},"geometry":{"type":"Polygon","coordinates":[[[-105.808345,43.463502],[-105.813302,43.463527],[-105.813281,43.467044],[-105.808346,43.466926],[-105.808345,43.463502]]]}},{"type":"Feature","properties":{"q":"SESW","ac":38.3},"geometry":{"type":"Polygon","coordinates":[[[-105.813324,43.460009],[-105.813302,43.463527],[-105.808345,43.463502],[-105.808345,43.460078],[-105.813324,43.460009]]]}},{"type":"Feature","properties":{"q":"NWSW","ac":40.0},"geometry":{"type":"Polygon","coordinates":[[[-105.89823,43.466753],[-105.893244,43.4668],[-105.893266,43.463196],[-105.898251,43.463143],[-105.89823,43.466753]]]}},{"type":"Feature","properties":{"q":"SESE","ac":41.6},"geometry":{"type":"Polygon","coordinates":[[[-105.818303,43.45994],[-105.823504,43.459868],[-105.823441,43.46348],[-105.81826,43.463551],[-105.818303,43.45994]]]}},{"type":"Feature","properties":{"q":"SESW","ac":40.6},"geometry":{"type":"Polygon","coordinates":[[[-105.908468,43.459601],[-105.913566,43.459636],[-105.913597,43.463209],[-105.908475,43.463187],[-105.908468,43.459601]]]}},{"type":"Feature","properties":{"q":"NESE","ac":40.4},"geometry":{"type":"Polygon","coordinates":[[[-105.898243,43.448761],[-105.90331,43.448818],[-105.90333,43.452401],[-105.898253,43.452352],[-105.898243,43.448761]]]}}]}