{"type":"FeatureCollection","note":"BLM Public Land Survey System. Provided by the Bureau of Land Management as is. These data are neither legal documents nor land surveys and must not be used as such.","features":[{"type":"Feature","properties":{"q":"SWSE","ac":41.3},"geometry":{"type":"Polygon","coordinates":[[[-105.99353,43.737604],[-105.998559,43.737593],[-105.998542,43.741286],[-105.993522,43.741345],[-105.99353,43.737604]]]}},{"type":"Feature","properties":{"q":"SESE","ac":40.1},"geometry":{"type":"Polygon","coordinates":[[[-106.00848,43.75196],[-106.013518,43.752001],[-106.013439,43.755612],[-106.008407,43.755557],[-106.00848,43.75196]]]}},{"type":"Feature","properties":{"q":"SESW","ac":39.3},"geometry":{"type":"Polygon","coordinates":[[[-106.043178,43.780613],[-106.043141,43.784155],[-106.038161,43.784429],[-106.038165,43.78085],[-106.043178,43.780613]]]}},{"type":"Feature","properties":{"q":"NWSW","ac":40.2},"geometry":{"type":"Polygon","coordinates":[[[-106.003537,43.744872],[-106.003563,43.741227],[-106.008583,43.741168],[-106.008549,43.744765],[-106.003537,43.744872]]]}},{"type":"Feature","properties":{"q":"NWNW","ac":40.4},"geometry":{"type":"Polygon","coordinates":[[[-106.023323,43.762994],[-106.028344,43.763075],[-106.028248,43.766725],[-106.023233,43.766631],[-106.023323,43.762994]]]}},{"type":"Feature","properties":{"q":"SWSE","ac":39.0},"geometry":{"type":"Polygon","coordinates":[[[-105.997925,43.781215],[-105.997992,43.784736],[-105.992946,43.784936],[-105.992887,43.781454],[-105.997925,43.781215]]]}},{"type":"Feature","properties":{"q":"SENE","ac":41.7},"geometry":{"type":"Polygon","coordinates":[[[-105.993514,43.745085],[-105.993506,43.748825],[-105.988503,43.748979],[-105.988502,43.745191],[-105.993514,43.745085]]]}},{"type":"Feature","properties":{"q":"NESW","ac":40.3},"geometry":{"type":"Polygon","coordinates":[[[-106.043786,43.741115],[-106.043748,43.744736],[-106.038726,43.744765],[-106.03876,43.741135],[-106.043786,43.741115]]]}},{"type":"Feature","properties":{"q":"SENE","ac":40.0},"geometry":{"type":"Polygon","coordinates":[[[-106.008334,43.759154],[-106.01336,43.759222],[-106.013282,43.762833],[-106.008261,43.762752],[-106.008334,43.759154]]]}},{"type":"Feature","properties":{"q":"NESW","ac":40.4},"geometry":{"type":"Polygon","coordinates":[[[-106.023413,43.759357],[-106.018387,43.75929],[-106.018471,43.755666],[-106.023503,43.75572],[-106.023413,43.759357]]]}},{"type":"Feature","properties":{"q":"NENW","ac":40.4},"geometry":{"type":"Polygon","coordinates":[[[-106.018585,43.748418],[-106.023621,43.748446],[-106.023593,43.752083],[-106.018555,43.752042],[-106.018585,43.748418]]]}},{"type":"Feature","properties":{"q":"NWSE","ac":39.1},"geometry":{"type":"Polygon","coordinates":[[[-105.997992,43.784736],[-105.998059,43.788256],[-105.993004,43.788417],[-105.992946,43.784936],[-105.997992,43.784736]]]}},{"type":"Feature","properties":{"q":"NWSE","ac":40.2},"geometry":{"type":"Polygon","coordinates":[[[-106.013439,43.755612],[-106.018471,43.755666],[-106.018387,43.75929],[-106.01336,43.759222],[-106.013439,43.755612]]]}},{"type":"Feature","properties":{"q":"NWSE","ac":40.0},"geometry":{"type":"Polygon","coordinates":[[[-106.033257,43.770252],[-106.038294,43.770129],[-106.038251,43.773706],[-106.033221,43.773866],[-106.033257,43.770252]]]}},{"type":"Feature","properties":{"q":"NESE","ac":40.4},"geometry":{"type":"Polygon","coordinates":[[[-106.033221,43.773866],[-106.028192,43.774025],[-106.02822,43.770375],[-106.033257,43.770252],[-106.033221,43.773866]]]}},{"type":"Feature","properties":{"q":"SESE","ac":40.1},"geometry":{"type":"Polygon","coordinates":[[[-106.03315,43.781088],[-106.033182,43.784703],[-106.028204,43.784976],[-106.028135,43.781326],[-106.03315,43.781088]]]}},{"type":"Feature","properties":{"q":"SWNE","ac":38.9},"geometry":{"type":"Polygon","coordinates":[[[-105.998025,43.774175],[-105.997975,43.777695],[-105.992938,43.777972],[-105.99299,43.774491],[-105.998025,43.774175]]]}},{"type":"Feature","properties":{"q":"NESE","ac":40.1},"geometry":{"type":"Polygon","coordinates":[[[-106.008583,43.741168],[-106.013614,43.741169],[-106.013582,43.74478],[-106.008549,43.744765],[-106.008583,43.741168]]]}},{"type":"Feature","properties":{"q":"SESW","ac":40.4},"geometry":{"type":"Polygon","coordinates":[[[-106.018646,43.741171],[-106.018676,43.737547],[-106.023705,43.737535],[-106.023677,43.741172],[-106.018646,43.741171]]]}},{"type":"Feature","properties":{"q":"2","ac":39.4},"geometry":{"type":"Polygon","coordinates":[[[-106.043748,43.744736],[-106.04867,43.744707],[-106.048634,43.748319],[-106.043711,43.748357],[-106.043748,43.744736]]]}},{"type":"Feature","properties":{"q":"SESW","ac":39.9},"geometry":{"type":"Polygon","coordinates":[[[-105.938309,43.767042],[-105.943285,43.767113],[-105.943275,43.770739],[-105.938301,43.770669],[-105.938309,43.767042]]]}},{"type":"Feature","properties":{"q":"SENW","ac":41.7},"geometry":{"type":"Polygon","coordinates":[[[-105.97825,43.76015],[-105.983266,43.760247],[-105.983167,43.764017],[-105.978163,43.763901],[-105.97825,43.76015]]]}},{"type":"Feature","properties":{"q":"NWNE","ac":41.4},"geometry":{"type":"Polygon","coordinates":[[[-105.978076,43.767653],[-105.973084,43.767519],[-105.973159,43.763786],[-105.978163,43.763901],[-105.978076,43.767653]]]}},{"type":"Feature","properties":{"q":"SWSW","ac":38.9},"geometry":{"type":"Polygon","coordinates":[[[-105.962962,43.781731],[-105.967878,43.781747],[-105.967906,43.785304],[-105.962959,43.785305],[-105.962962,43.781731]]]}},{"type":"Feature","properties":{"q":"NESE","ac":41.6},"geometry":{"type":"Polygon","coordinates":[[[-105.988393,43.756555],[-105.993397,43.756306],[-105.993295,43.760047],[-105.988282,43.760344],[-105.988393,43.756555]]]}},{"type":"Feature","properties":{"q":"SWNW","ac":40.7},"geometry":{"type":"Polygon","coordinates":[[[-105.963236,43.75995],[-105.968217,43.759955],[-105.968155,43.76367],[-105.963185,43.763643],[-105.963236,43.75995]]]}},{"type":"Feature","properties":{"q":"NESW","ac":41.1},"geometry":{"type":"Polygon","coordinates":[[[-105.938308,43.745132],[-105.938355,43.741437],[-105.943367,43.741449],[-105.943335,43.745167],[-105.938308,43.745132]]]}},{"type":"Feature","properties":{"q":"SENW","ac":39.3},"geometry":{"type":"Polygon","coordinates":[[[-105.958111,43.774501],[-105.963048,43.774534],[-105.963005,43.778133],[-105.958079,43.778108],[-105.958111,43.774501]]]}},{"type":"Feature","properties":{"q":"SESW","ac":40.7},"geometry":{"type":"Polygon","coordinates":[[[-105.943274,43.756216],[-105.938238,43.756122],[-105.938214,43.752464],[-105.94327,43.752574],[-105.943274,43.756216]]]}},{"type":"Feature","properties":{"q":"NENE","ac":40.0},"geometry":{"type":"Polygon","coordinates":[[[-105.928341,43.763263],[-105.933313,43.763337],[-105.933332,43.766971],[-105.928356,43.766899],[-105.928341,43.763263]]]}},{"type":"Feature","properties":{"q":"SESW","ac":39.5},"geometry":{"type":"Polygon","coordinates":[[[-105.958177,43.767285],[-105.963134,43.767336],[-105.963091,43.770935],[-105.958144,43.770893],[-105.958177,43.767285]]]}},{"type":"Feature","properties":{"q":"NWSW","ac":40.8},"geometry":{"type":"Polygon","coordinates":[[[-105.963287,43.756257],[-105.96828,43.756239],[-105.968217,43.759955],[-105.963236,43.75995],[-105.963287,43.756257]]]}},{"type":"Feature","properties":{"q":"SESE","ac":39.4},"geometry":{"type":"Polygon","coordinates":[[[-105.968092,43.767386],[-105.973084,43.767519],[-105.973031,43.771073],[-105.968038,43.770976],[-105.968092,43.767386]]]}},{"type":"Feature","properties":{"q":"6","ac":37.4},"geometry":{"type":"Polygon","coordinates":[[[-106.04291,43.79824],[-106.042803,43.8017],[-106.037842,43.801992],[-106.037995,43.798578],[-106.04291,43.79824]]]}},{"type":"Feature","properties":{"q":"2","ac":37.5},"geometry":{"type":"Polygon","coordinates":[[[-106.022635,43.805905],[-106.027689,43.8059],[-106.027448,43.809224],[-106.022383,43.809297],[-106.022635,43.805905]]]}},{"type":"Feature","properties":{"q":"7","ac":39.9},"geometry":{"type":"Polygon","coordinates":[[[-106.0477,43.811915],[-106.042498,43.812076],[-106.042578,43.808618],[-106.047754,43.808411],[-106.0477,43.811915]]]}},{"type":"Feature","properties":{"q":"2","ac":39.1},"geometry":{"type":"Polygon","coordinates":[[[-106.042803,43.8017],[-106.047863,43.801401],[-106.047808,43.804906],[-106.042691,43.805159],[-106.042803,43.8017]]]}},{"type":"Feature","properties":{"q":"15","ac":37.2},"geometry":{"type":"Polygon","coordinates":[[[-106.001927,43.816078],[-105.996878,43.816094],[-105.996987,43.812736],[-106.002034,43.812762],[-106.001927,43.816078]]]}},{"type":"Feature","properties":{"q":"SENE","ac":39.2},"geometry":{"type":"Polygon","coordinates":[[[-105.967934,43.788862],[-105.972938,43.788791],[-105.972972,43.79232],[-105.967963,43.792419],[-105.967934,43.788862]]]}},{"type":"Feature","properties":{"q":"NESW","ac":38.2},"geometry":{"type":"Polygon","coordinates":[[[-105.982771,43.799042],[-105.982506,43.80249],[-105.977486,43.802628],[-105.977753,43.799174],[-105.982771,43.799042]]]}},{"type":"Feature","properties":{"q":"SENE","ac":38.3},"geometry":{"type":"Polygon","coordinates":[[[-105.972465,43.802766],[-105.972195,43.806224],[-105.967172,43.806367],[-105.967445,43.802903],[-105.972465,43.802766]]]}},{"type":"Feature","properties":{"q":"6","ac":36.8},"geometry":{"type":"Polygon","coordinates":[[[-105.971824,43.812982],[-105.976846,43.812882],[-105.976743,43.81623],[-105.971724,43.816281],[-105.971824,43.812982]]]}},{"type":"Feature","properties":{"q":"SESE","ac":36.6},"geometry":{"type":"Polygon","coordinates":[[[-105.946974,43.80965],[-105.951955,43.809695],[-105.95181,43.813008],[-105.946814,43.812984],[-105.946974,43.80965]]]}},{"type":"Feature","properties":{"q":"SESE","ac":40.0},"geometry":{"type":"Polygon","coordinates":[[[-106.008142,43.769946],[-106.008188,43.766349],[-106.013203,43.766443],[-106.013161,43.770054],[-106.008142,43.769946]]]}},{"type":"Feature","properties":{"q":"NWSE","ac":38.9},"geometry":{"type":"Polygon","coordinates":[[[-105.998025,43.774175],[-105.99299,43.774491],[-105.993041,43.771009],[-105.998075,43.770655],[-105.998025,43.774175]]]}},{"type":"Feature","properties":{"q":"SESW","ac":40.3},"geometry":{"type":"Polygon","coordinates":[[[-106.043823,43.737495],[-106.043786,43.741115],[-106.03876,43.741135],[-106.038793,43.737505],[-106.043823,43.737495]]]}},{"type":"Feature","properties":{"q":"SESW","ac":40.5},"geometry":{"type":"Polygon","coordinates":[[[-106.003486,43.752162],[-106.003404,43.755807],[-105.9984,43.756056],[-105.998492,43.752363],[-106.003486,43.752162]]]}},{"type":"Feature","properties":{"q":"SENW","ac":40.3},"geometry":{"type":"Polygon","coordinates":[[[-106.018387,43.75929],[-106.023413,43.759357],[-106.023323,43.762994],[-106.018303,43.762913],[-106.018387,43.75929]]]}},{"type":"Feature","properties":{"q":"NENE","ac":40.4},"geometry":{"type":"Polygon","coordinates":[[[-106.028656,43.748473],[-106.033674,43.748435],[-106.033645,43.752075],[-106.02863,43.752124],[-106.028656,43.748473]]]}},{"type":"Feature","properties":{"q":"NWSW","ac":40.5},"geometry":{"type":"Polygon","coordinates":[[[-106.0232,43.770268],[-106.02822,43.770375],[-106.028192,43.774025],[-106.023167,43.773905],[-106.0232,43.770268]]]}},{"type":"Feature","properties":{"q":"SWNW","ac":40.5},"geometry":{"type":"Polygon","coordinates":[[[-106.028439,43.759424],[-106.028344,43.763075],[-106.023323,43.762994],[-106.023413,43.759357],[-106.028439,43.759424]]]}},{"type":"Feature","properties":{"q":"SWSW","ac":40.5},"geometry":{"type":"Polygon","coordinates":[[[-106.023102,43.781179],[-106.028135,43.781326],[-106.028204,43.784976],[-106.023174,43.784816],[-106.023102,43.781179]]]}},{"type":"Feature","properties":{"q":"SWSW","ac":40.4},"geometry":{"type":"Polygon","coordinates":[[[-106.028248,43.766725],[-106.02822,43.770375],[-106.0232,43.770268],[-106.023233,43.766631],[-106.028248,43.766725]]]}},{"type":"Feature","properties":{"q":"4","ac":39.0},"geometry":{"type":"Polygon","coordinates":[[[-106.048391,43.766379],[-106.048336,43.769883],[-106.043329,43.770006],[-106.04338,43.766465],[-106.048391,43.766379]]]}},{"type":"Feature","properties":{"q":"3","ac":39.4},"geometry":{"type":"Polygon","coordinates":[[[-106.043786,43.741115],[-106.048707,43.741096],[-106.04867,43.744707],[-106.043748,43.744736],[-106.043786,43.741115]]]}},{"type":"Feature","properties":{"q":"1","ac":38.8},"geometry":{"type":"Polygon","coordinates":[[[-106.048228,43.776882],[-106.048175,43.780377],[-106.043178,43.780613],[-106.043228,43.77708],[-106.048228,43.776882]]]}},{"type":"Feature","properties":{"q":"NWSW","ac":40.0},"geometry":{"type":"Polygon","coordinates":[[[-106.008085,43.784335],[-106.008167,43.787932],[-106.003113,43.788094],[-106.003038,43.784535],[-106.008085,43.784335]]]}},{"type":"Feature","properties":{"q":"SWSE","ac":40.3},"geometry":{"type":"Polygon","coordinates":[[[-106.013439,43.755612],[-106.013518,43.752001],[-106.018555,43.752042],[-106.018471,43.755666],[-106.013439,43.755612]]]}},{"type":"Feature","properties":{"q":"NWSE","ac":39.4},"geometry":{"type":"Polygon","coordinates":[[[-106.038161,43.784429],[-106.038157,43.788007],[-106.033215,43.788317],[-106.033182,43.784703],[-106.038161,43.784429]]]}},{"type":"Feature","properties":{"q":"NENW","ac":40.4},"geometry":{"type":"Polygon","coordinates":[[[-106.018106,43.777408],[-106.023135,43.777542],[-106.023102,43.781179],[-106.018068,43.781032],[-106.018106,43.777408]]]}},{"type":"Feature","properties":{"q":"4","ac":39.5},"geometry":{"type":"Polygon","coordinates":[[[-106.048597,43.751931],[-106.048546,43.755543],[-106.0436,43.7556],[-106.043673,43.751978],[-106.048597,43.751931]]]}},{"type":"Feature","properties":{"q":"SESW","ac":39.5},"geometry":{"type":"Polygon","coordinates":[[[-106.002964,43.780977],[-106.003038,43.784535],[-105.997992,43.784736],[-105.997925,43.781215],[-106.002964,43.780977]]]}},{"type":"Feature","properties":{"q":"SWSE","ac":38.9},"geometry":{"type":"Polygon","coordinates":[[[-105.993093,43.767527],[-105.998125,43.767135],[-105.998075,43.770655],[-105.993041,43.771009],[-105.993093,43.767527]]]}},{"type":"Feature","properties":{"q":"NWNE","ac":41.2},"geometry":{"type":"Polygon","coordinates":[[[-105.998216,43.763442],[-105.998125,43.767135],[-105.993093,43.767527],[-105.993194,43.763787],[-105.998216,43.763442]]]}},{"type":"Feature","properties":{"q":"4","ac":39.4},"geometry":{"type":"Polygon","coordinates":[[[-106.043823,43.737495],[-106.048743,43.737484],[-106.048707,43.741096],[-106.043786,43.741115],[-106.043823,43.737495]]]}},{"type":"Feature","properties":{"q":"NENE","ac":41.6},"geometry":{"type":"Polygon","coordinates":[[[-105.993506,43.748825],[-105.993498,43.752565],[-105.988504,43.752767],[-105.988503,43.748979],[-105.993506,43.748825]]]}},{"type":"Feature","properties":{"q":"NESW","ac":40.7},"geometry":{"type":"Polygon","coordinates":[[[-106.003563,43.741227],[-106.003537,43.744872],[-105.998525,43.744979],[-105.998542,43.741286],[-106.003563,43.741227]]]}},{"type":"Feature","properties":{"q":"NESW","ac":39.4},"geometry":{"type":"Polygon","coordinates":[[[-106.003108,43.770301],[-106.00306,43.77386],[-105.998025,43.774175],[-105.998075,43.770655],[-106.003108,43.770301]]]}},{"type":"Feature","properties":{"q":"SWSW","ac":41.1},"geometry":{"type":"Polygon","coordinates":[[[-105.963385,43.737676],[-105.968381,43.737662],[-105.968372,43.741378],[-105.963373,43.741399],[-105.963385,43.737676]]]}},{"type":"Feature","properties":{"q":"SWSE","ac":41.6},"geometry":{"type":"Polygon","coordinates":[[[-105.973411,43.737651],[-105.978441,43.737639],[-105.978436,43.741391],[-105.973404,43.741384],[-105.973411,43.737651]]]}},{"type":"Feature","properties":{"q":"NWNE","ac":39.9},"geometry":{"type":"Polygon","coordinates":[[[-105.938285,43.763411],[-105.938309,43.767042],[-105.938263,43.767041],[-105.933332,43.766971],[-105.933313,43.763337],[-105.938249,43.763411],[-105.938285,43.763411]]]}},{"type":"Feature","properties":{"q":"NENW","ac":39.9},"geometry":{"type":"Polygon","coordinates":[[[-105.943256,43.777993],[-105.943247,43.78162],[-105.941759,43.781601],[-105.939699,43.781574],[-105.938279,43.781556],[-105.938286,43.777926],[-105.943256,43.777993]]]}},{"type":"Feature","properties":{"q":"NENE","ac":39.4},"geometry":{"type":"Polygon","coordinates":[[[-105.972924,43.77818],[-105.972871,43.781734],[-105.967878,43.781747],[-105.967931,43.778157],[-105.972924,43.77818]]]}},{"type":"Feature","properties":{"q":"SENE","ac":41.7},"geometry":{"type":"Polygon","coordinates":[[[-105.993194,43.763787],[-105.988172,43.764132],[-105.988282,43.760344],[-105.993295,43.760047],[-105.993194,43.763787]]]}},{"type":"Feature","properties":{"q":"NESE","ac":39.9},"geometry":{"type":"Polygon","coordinates":[[[-105.933323,43.774227],[-105.928352,43.774158],[-105.928354,43.770529],[-105.933328,43.770599],[-105.933323,43.774227]]]}},{"type":"Feature","properties":{"q":"NWSW","ac":40.4},"geometry":{"type":"Polygon","coordinates":[[[-105.948294,43.759935],[-105.943934,43.759868],[-105.943278,43.759858],[-105.943274,43.756216],[-105.94831,43.75631],[-105.948294,43.759935]]]}},{"type":"Feature","properties":{"q":"1","ac":37.7},"geometry":{"type":"Polygon","coordinates":[[[-105.948219,43.78034],[-105.948567,43.780339],[-105.948556,43.77806],[-105.953153,43.778084],[-105.95313,43.781699],[-105.948214,43.781683],[-105.948219,43.78034]]]}},{"type":"Feature","properties":{"q":"NWSE","ac":40.1},"geometry":{"type":"Polygon","coordinates":[[[-105.933276,43.756058],[-105.938238,43.756122],[-105.938262,43.75978],[-105.933294,43.759704],[-105.933276,43.756058]]]}},{"type":"Feature","properties":{"q":"SENW","ac":40.2},"geometry":{"type":"Polygon","coordinates":[[[-105.938262,43.75978],[-105.943278,43.759858],[-105.943282,43.763486],[-105.938285,43.763411],[-105.938262,43.759867],[-105.938262,43.75978]]]}},{"type":"Feature","properties":{"q":"NENW","ac":41.1},"geometry":{"type":"Polygon","coordinates":[[[-105.938261,43.748798],[-105.943303,43.748871],[-105.94327,43.752574],[-105.938214,43.752464],[-105.938261,43.748798]]]}},{"type":"Feature","properties":{"q":"NESE","ac":41.3},"geometry":{"type":"Polygon","coordinates":[[[-105.948378,43.74146],[-105.953377,43.74144],[-105.953361,43.745175],[-105.948361,43.745202],[-105.948378,43.74146]]]}},{"type":"Feature","properties":{"q":"NWSW","ac":39.3},"geometry":{"type":"Polygon","coordinates":[[[-105.968038,43.770976],[-105.967985,43.774567],[-105.963048,43.774534],[-105.963091,43.770935],[-105.968038,43.770976]]]}},{"type":"Feature","properties":{"q":"SESW","ac":41.8},"geometry":{"type":"Polygon","coordinates":[[[-105.978441,43.737639],[-105.983471,43.737627],[-105.983469,43.741397],[-105.978436,43.741391],[-105.978441,43.737639]]]}},{"type":"Feature","properties":{"q":"NESE","ac":38.5},"geometry":{"type":"Polygon","coordinates":[[[-105.993041,43.771009],[-105.99299,43.774491],[-105.987955,43.774806],[-105.988008,43.771363],[-105.993041,43.771009]]]}},{"type":"Feature","properties":{"q":"SWSW","ac":40.9},"geometry":{"type":"Polygon","coordinates":[[[-105.963338,43.752564],[-105.968342,43.752524],[-105.96828,43.756239],[-105.963287,43.756257],[-105.963338,43.752564]]]}},{"type":"Feature","properties":{"q":"NWSE","ac":40.3},"geometry":{"type":"Polygon","coordinates":[[[-105.953275,43.75994],[-105.953303,43.756293],[-105.958295,43.756275],[-105.958256,43.759945],[-105.953275,43.75994]]]}},{"type":"Feature","properties":{"q":"NESW","ac":38.6},"geometry":{"type":"Polygon","coordinates":[[[-105.978023,43.77117],[-105.983016,43.771267],[-105.982962,43.774747],[-105.97797,43.774687],[-105.978023,43.77117]]]}},{"type":"Feature","properties":{"q":"NENE","ac":41.7},"geometry":{"type":"Polygon","coordinates":[[[-105.993194,43.763787],[-105.993093,43.767527],[-105.988061,43.76792],[-105.988172,43.764132],[-105.993194,43.763787]]]}},{"type":"Feature","properties":{"q":"3","ac":37.5},"geometry":{"type":"Polygon","coordinates":[[[-106.022887,43.802513],[-106.027929,43.802576],[-106.027689,43.8059],[-106.022635,43.805905],[-106.022887,43.802513]]]}},{"type":"Feature","properties":{"q":"6","ac":25.9},"geometry":{"type":"Polygon","coordinates":[[[-106.014267,43.821617],[-106.011836,43.821622],[-106.011915,43.819308],[-106.016961,43.819283],[-106.016878,43.821611],[-106.014267,43.821617]]]}},{"type":"Feature","properties":{"q":"12","ac":37.4},"geometry":{"type":"Polygon","coordinates":[[[-106.032376,43.812391],[-106.032261,43.815759],[-106.027183,43.815871],[-106.027316,43.812548],[-106.032376,43.812391]]]}},{"type":"Feature","properties":{"q":"NWSW","ac":37.4},"geometry":{"type":"Polygon","coordinates":[[[-106.023139,43.79912],[-106.028169,43.799252],[-106.027929,43.802576],[-106.022887,43.802513],[-106.023139,43.79912]]]}},{"type":"Feature","properties":{"q":"NWNE","ac":39.1},"geometry":{"type":"Polygon","coordinates":[[[-105.997369,43.805857],[-105.997095,43.809378],[-105.992048,43.809308],[-105.992317,43.805827],[-105.997369,43.805857]]]}},{"type":"Feature","properties":{"q":"NENW","ac":38.4},"geometry":{"type":"Polygon","coordinates":[[[-106.04306,43.791239],[-106.043017,43.794781],[-106.038149,43.795164],[-106.038153,43.791586],[-106.04306,43.791239]]]}},{"type":"Feature","properties":{"q":"7","ac":25.8},"geometry":{"type":"Polygon","coordinates":[[[-105.999241,43.821667],[-105.996698,43.821694],[-105.996773,43.819368],[-106.001821,43.81935],[-106.001746,43.821658],[-105.999241,43.821667]]]}},{"type":"Feature","properties":{"q":"SENW","ac":39.6},"geometry":{"type":"Polygon","coordinates":[[[-105.998125,43.791776],[-105.998059,43.788256],[-106.003113,43.788094],[-106.003188,43.791653],[-105.998125,43.791776]]]}},{"type":"Feature","properties":{"q":"NENE","ac":42.7},"geometry":{"type":"Polygon","coordinates":[[[-105.947249,43.792561],[-105.952596,43.79252],[-105.952563,43.796124],[-105.947219,43.796188],[-105.947249,43.792561]]]}},{"type":"Feature","properties":{"q":"NESW","ac":36.3},"geometry":{"type":"Polygon","coordinates":[[[-105.956807,43.813033],[-105.961805,43.813057],[-105.961692,43.816329],[-105.956678,43.816325],[-105.956807,43.813033]]]}},{"type":"Feature","properties":{"q":"NESE","ac":37.3},"geometry":{"type":"Polygon","coordinates":[[[-105.927563,43.799127],[-105.932395,43.799326],[-105.932287,43.802729],[-105.927407,43.802667],[-105.927563,43.799127]]]}},{"type":"Feature","properties":{"q":"5","ac":36.3},"geometry":{"type":"Polygon","coordinates":[[[-105.971824,43.812982],[-105.971724,43.816281],[-105.966706,43.816332],[-105.966802,43.813081],[-105.971824,43.812982]]]}},{"type":"Feature","properties":{"q":"SWSE","ac":36.6},"geometry":{"type":"Polygon","coordinates":[[[-105.936842,43.81303],[-105.931856,43.813054],[-105.932065,43.809722],[-105.937035,43.809698],[-105.936842,43.81303]]]}},{"type":"Feature","properties":{"q":"NWSW","ac":38.1},"geometry":{"type":"Polygon","coordinates":[[[-105.987789,43.798909],[-105.987526,43.802352],[-105.982506,43.80249],[-105.982771,43.799042],[-105.987789,43.798909]]]}},{"type":"Feature","properties":{"q":"NENW","ac":37.7},"geometry":{"type":"Polygon","coordinates":[[[-105.9371,43.806245],[-105.942068,43.806265],[-105.942004,43.809674],[-105.937035,43.809698],[-105.9371,43.806245]]]}},{"type":"Feature","properties":{"q":"SWNE","ac":37.6},"geometry":{"type":"Polygon","coordinates":[[[-105.937166,43.802792],[-105.9371,43.806245],[-105.932176,43.806226],[-105.932287,43.802729],[-105.937166,43.802792]]]}},{"type":"Feature","properties":{"q":"1","ac":26.1},"geometry":{"type":"Polygon","coordinates":[[[-105.971624,43.819538],[-105.971552,43.821892],[-105.969121,43.821915],[-105.966536,43.821938],[-105.966608,43.819582],[-105.971624,43.819538]]]}},{"type":"Feature","properties":{"q":"NENE","ac":37.5},"geometry":{"type":"Polygon","coordinates":[[[-105.947035,43.806285],[-105.952107,43.806305],[-105.951955,43.809695],[-105.946974,43.80965],[-105.947035,43.806285]]]}},{"type":"Feature","properties":{"q":"SENW","ac":39.5},"geometry":{"type":"Polygon","coordinates":[[[-105.962953,43.792448],[-105.957942,43.792478],[-105.957977,43.788897],[-105.962956,43.788879],[-105.962953,43.792448]]]}},{"type":"Feature","properties":{"q":"NWNW","ac":38.1},"geometry":{"type":"Polygon","coordinates":[[[-105.962175,43.806346],[-105.967172,43.806367],[-105.966898,43.809831],[-105.961917,43.809785],[-105.962175,43.806346]]]}},{"type":"Feature","properties":{"q":"SESW","ac":36.1},"geometry":{"type":"Polygon","coordinates":[[[-105.93729,43.796257],[-105.942255,43.796222],[-105.942193,43.799539],[-105.937228,43.799525],[-105.93729,43.796257]]]}},{"type":"Feature","properties":{"q":"SWNW","ac":38.3},"geometry":{"type":"Polygon","coordinates":[[[-105.98795,43.788579],[-105.988001,43.792022],[-105.982991,43.792121],[-105.982946,43.78865],[-105.98795,43.788579]]]}},{"type":"Feature","properties":{"q":"SWNW","ac":38.2},"geometry":{"type":"Polygon","coordinates":[[[-105.962433,43.802907],[-105.967445,43.802903],[-105.967172,43.806367],[-105.962175,43.806346],[-105.962433,43.802907]]]}},{"type":"Feature","properties":{"q":"NESE","ac":39.9},"geometry":{"type":"Polygon","coordinates":[[[-106.033182,43.784703],[-106.033215,43.788317],[-106.028272,43.788627],[-106.028204,43.784976],[-106.033182,43.784703]]]}},{"type":"Feature","properties":{"q":"SENE","ac":40.6},"geometry":{"type":"Polygon","coordinates":[[[-106.033469,43.759357],[-106.033381,43.762998],[-106.028344,43.763075],[-106.028439,43.759424],[-106.033469,43.759357]]]}},{"type":"Feature","properties":{"q":"NENE","ac":40.6},"geometry":{"type":"Polygon","coordinates":[[[-106.033381,43.762998],[-106.033293,43.766639],[-106.028248,43.766725],[-106.028344,43.763075],[-106.033381,43.762998]]]}},{"type":"Feature","properties":{"q":"NWNE","ac":40.3},"geometry":{"type":"Polygon","coordinates":[[[-106.01355,43.74839],[-106.018585,43.748418],[-106.018555,43.752042],[-106.013518,43.752001],[-106.01355,43.74839]]]}},{"type":"Feature","properties":{"q":"SWNE","ac":40.3},"geometry":{"type":"Polygon","coordinates":[[[-106.013582,43.74478],[-106.018616,43.744795],[-106.018585,43.748418],[-106.01355,43.74839],[-106.013582,43.74478]]]}},{"type":"Feature","properties":{"q":"SWNE","ac":40.4},"geometry":{"type":"Polygon","coordinates":[[[-106.033704,43.744794],[-106.038726,43.744765],[-106.038692,43.748396],[-106.033674,43.748435],[-106.033704,43.744794]]]}},{"type":"Feature","properties":{"q":"SWSE","ac":39.7},"geometry":{"type":"Polygon","coordinates":[[[-106.03315,43.781088],[-106.038165,43.78085],[-106.038161,43.784429],[-106.033182,43.784703],[-106.03315,43.781088]]]}},{"type":"Feature","properties":{"q":"SENW","ac":39.4},"geometry":{"type":"Polygon","coordinates":[[[-106.00306,43.77386],[-106.003012,43.777418],[-105.997975,43.777695],[-105.998025,43.774175],[-106.00306,43.77386]]]}},{"type":"Feature","properties":{"q":"NESW","ac":39.6},"geometry":{"type":"Polygon","coordinates":[[[-106.043329,43.770006],[-106.043278,43.773546],[-106.038251,43.773706],[-106.038294,43.770129],[-106.043329,43.770006]]]}},{"type":"Feature","properties":{"q":"4","ac":38.8},"geometry":{"type":"Polygon","coordinates":[[[-106.048175,43.780377],[-106.048125,43.783881],[-106.043141,43.784155],[-106.043178,43.780613],[-106.048175,43.780377]]]}},{"type":"Feature","properties":{"q":"SWSE","ac":40.1},"geometry":{"type":"Polygon","coordinates":[[[-106.018218,43.766537],[-106.018181,43.770161],[-106.013161,43.770054],[-106.013203,43.766443],[-106.018218,43.766537]]]}},{"type":"Feature","properties":{"q":"NESW","ac":40.4},"geometry":{"type":"Polygon","coordinates":[[[-106.018646,43.741171],[-106.023677,43.741172],[-106.023649,43.744809],[-106.018616,43.744795],[-106.018646,43.741171]]]}},{"type":"Feature","properties":{"q":"NWSW","ac":40.6},"geometry":{"type":"Polygon","coordinates":[[[-106.023677,43.741172],[-106.028708,43.741173],[-106.028682,43.744823],[-106.023649,43.744809],[-106.023677,43.741172]]]}},{"type":"Feature","properties":{"q":"SENW","ac":40.3},"geometry":{"type":"Polygon","coordinates":[[[-106.023135,43.777542],[-106.018106,43.777408],[-106.018143,43.773785],[-106.023167,43.773905],[-106.023135,43.777542]]]}},{"type":"Feature","properties":{"q":"SWSE","ac":40.2},"geometry":{"type":"Polygon","coordinates":[[[-106.013035,43.780885],[-106.018068,43.781032],[-106.018144,43.784656],[-106.013114,43.784496],[-106.013035,43.780885]]]}},{"type":"Feature","properties":{"q":"NENW","ac":40.3},"geometry":{"type":"Polygon","coordinates":[[[-106.023323,43.762994],[-106.023233,43.766631],[-106.018218,43.766537],[-106.018303,43.762913],[-106.023323,43.762994]]]}},{"type":"Feature","properties":{"q":"SWSW","ac":39.8},"geometry":{"type":"Polygon","coordinates":[[[-106.003108,43.770301],[-106.003156,43.766742],[-106.008188,43.766349],[-106.008142,43.769946],[-106.003108,43.770301]]]}},{"type":"Feature","properties":{"q":"SWSE","ac":40.3},"geometry":{"type":"Polygon","coordinates":[[[-106.038659,43.752026],[-106.038578,43.755658],[-106.033557,43.755716],[-106.033645,43.752075],[-106.038659,43.752026]]]}},{"type":"Feature","properties":{"q":"SWNE","ac":41.1},"geometry":{"type":"Polygon","coordinates":[[[-105.998525,43.744979],[-105.998509,43.748671],[-105.993506,43.748825],[-105.993514,43.745085],[-105.998525,43.744979]]]}},{"type":"Feature","properties":{"q":"SESW","ac":40.8},"geometry":{"type":"Polygon","coordinates":[[[-105.998559,43.737593],[-106.003588,43.737582],[-106.003563,43.741227],[-105.998542,43.741286],[-105.998559,43.737593]]]}},{"type":"Feature","properties":{"q":"SESE","ac":40.1},"geometry":{"type":"Polygon","coordinates":[[[-106.008618,43.73757],[-106.013647,43.737558],[-106.013614,43.741169],[-106.008583,43.741168],[-106.008618,43.73757]]]}},{"type":"Feature","properties":{"q":"NWNW","ac":40.6},"geometry":{"type":"Polygon","coordinates":[[[-105.963185,43.763643],[-105.968155,43.76367],[-105.968092,43.767386],[-105.963134,43.767336],[-105.963185,43.763643]]]}},{"type":"Feature","properties":{"q":"SESW","ac":39.0},"geometry":{"type":"Polygon","coordinates":[[[-105.962959,43.785305],[-105.958012,43.785306],[-105.958046,43.781715],[-105.962962,43.781731],[-105.962959,43.785305]]]}},{"type":"Feature","properties":{"q":"SWNE","ac":40.2},"geometry":{"type":"Polygon","coordinates":[[[-105.933335,43.745098],[-105.938308,43.745132],[-105.938261,43.748798],[-105.933296,43.748755],[-105.933335,43.745098]]]}},{"type":"Feature","properties":{"q":"NWSW","ac":39.9},"geometry":{"type":"Polygon","coordinates":[[[-105.943272,43.772122],[-105.943275,43.770739],[-105.94825,43.770809],[-105.948246,43.772112],[-105.948238,43.774434],[-105.943266,43.774365],[-105.943272,43.772122]]]}},{"type":"Feature","properties":{"q":"NWSW","ac":42.1},"geometry":{"type":"Polygon","coordinates":[[[-105.988501,43.741403],[-105.988502,43.745191],[-105.983467,43.745167],[-105.983469,43.741397],[-105.988501,43.741403]]]}},{"type":"Feature","properties":{"q":"NWSE","ac":38.8},"geometry":{"type":"Polygon","coordinates":[[[-105.972904,43.785262],[-105.977903,43.78522],[-105.977942,43.788721],[-105.972938,43.788791],[-105.972904,43.785262]]]}},{"type":"Feature","properties":{"q":"NWSW","ac":41.1},"geometry":{"type":"Polygon","coordinates":[[[-105.963373,43.741399],[-105.968372,43.741378],[-105.968362,43.745093],[-105.963362,43.745121],[-105.963373,43.741399]]]}},{"type":"Feature","properties":{"q":"SENE","ac":40.0},"geometry":{"type":"Polygon","coordinates":[[[-105.953275,43.75994],[-105.953247,43.763588],[-105.948278,43.76356],[-105.948294,43.759935],[-105.953275,43.75994]]]}},{"type":"Feature","properties":{"q":"SESW","ac":41.0},"geometry":{"type":"Polygon","coordinates":[[[-105.938403,43.737741],[-105.943399,43.73773],[-105.943367,43.741449],[-105.938355,43.741437],[-105.938403,43.737741]]]}},{"type":"Feature","properties":{"q":"SWSE","ac":39.0},"geometry":{"type":"Polygon","coordinates":[[[-105.978076,43.767653],[-105.978023,43.77117],[-105.973031,43.771073],[-105.973084,43.767519],[-105.978076,43.767653]]]}},{"type":"Feature","properties":{"q":"SESE","ac":39.1},"geometry":{"type":"Polygon","coordinates":[[[-105.972871,43.781734],[-105.972904,43.785262],[-105.967906,43.785304],[-105.967878,43.781747],[-105.972871,43.781734]]]}},{"type":"Feature","properties":{"q":"NENE","ac":40.1},"geometry":{"type":"Polygon","coordinates":[[[-105.928331,43.748712],[-105.933296,43.748755],[-105.933257,43.752412],[-105.928301,43.752361],[-105.928331,43.748712]]]}},{"type":"Feature","properties":{"q":"SWSE","ac":39.9},"geometry":{"type":"Polygon","coordinates":[[[-105.938263,43.767041],[-105.938309,43.767042],[-105.938301,43.770669],[-105.933873,43.770607],[-105.933328,43.770599],[-105.933332,43.766971],[-105.938263,43.767041]]]}},{"type":"Feature","properties":{"q":"SWNE","ac":39.1},"geometry":{"type":"Polygon","coordinates":[[[-105.997644,43.802337],[-105.997369,43.805857],[-105.992317,43.805827],[-105.992585,43.802345],[-105.997644,43.802337]]]}},{"type":"Feature","properties":{"q":"14","ac":37.3},"geometry":{"type":"Polygon","coordinates":[[[-106.032376,43.812391],[-106.027316,43.812548],[-106.027448,43.809224],[-106.032491,43.809022],[-106.032376,43.812391]]]}},{"type":"Feature","properties":{"q":"NWNE","ac":37.5},"geometry":{"type":"Polygon","coordinates":[[[-106.037688,43.805406],[-106.037535,43.808819],[-106.032491,43.809022],[-106.032688,43.805653],[-106.037688,43.805406]]]}},{"type":"Feature","properties":{"q":"NENE","ac":39.8},"geometry":{"type":"Polygon","coordinates":[[[-106.012528,43.805914],[-106.012254,43.809443],[-106.007189,43.809516],[-106.007475,43.805919],[-106.012528,43.805914]]]}},{"type":"Feature","properties":{"q":"1","ac":38.3},"geometry":{"type":"Polygon","coordinates":[[[-106.017582,43.80591],[-106.022635,43.805905],[-106.022383,43.809297],[-106.017318,43.80937],[-106.017582,43.80591]]]}},{"type":"Feature","properties":{"q":"SWNW","ac":40.0},"geometry":{"type":"Polygon","coordinates":[[[-106.002702,43.802329],[-106.007761,43.802321],[-106.007475,43.805919],[-106.002422,43.805888],[-106.002702,43.802329]]]}},{"type":"Feature","properties":{"q":"13","ac":36.6},"geometry":{"type":"Polygon","coordinates":[[[-106.012141,43.812729],[-106.012028,43.816014],[-106.006975,43.816061],[-106.007082,43.812789],[-106.012141,43.812729]]]}},{"type":"Feature","properties":{"q":"SWNE","ac":36.9},"geometry":{"type":"Polygon","coordinates":[[[-105.936649,43.816363],[-105.936455,43.819705],[-105.931437,43.819722],[-105.931647,43.816385],[-105.936649,43.816363]]]}},{"type":"Feature","properties":{"q":"SWNW","ac":36.5},"geometry":{"type":"Polygon","coordinates":[[[-105.981762,43.816178],[-105.986781,43.816126],[-105.986676,43.819427],[-105.981659,43.819461],[-105.981762,43.816178]]]}},{"type":"Feature","properties":{"q":"NESE","ac":36.7},"geometry":{"type":"Polygon","coordinates":[[[-105.931856,43.813054],[-105.931647,43.816385],[-105.926645,43.816408],[-105.92687,43.813077],[-105.931856,43.813054]]]}},{"type":"Feature","properties":{"q":"NWSW","ac":36.8},"geometry":{"type":"Polygon","coordinates":[[[-105.941828,43.813007],[-105.946814,43.812984],[-105.946653,43.816317],[-105.941651,43.81634],[-105.941828,43.813007]]]}},{"type":"Feature","properties":{"q":"NESE","ac":36.7},"geometry":{"type":"Polygon","coordinates":[[[-105.946814,43.812984],[-105.95181,43.813008],[-105.951666,43.816321],[-105.946653,43.816317],[-105.946814,43.812984]]]}},{"type":"Feature","properties":{"q":"NENW","ac":38.2},"geometry":{"type":"Polygon","coordinates":[[[-105.982241,43.805939],[-105.981976,43.809387],[-105.97695,43.809535],[-105.977218,43.806081],[-105.982241,43.805939]]]}},{"type":"Feature","properties":{"q":"SENW","ac":38.6},"geometry":{"type":"Polygon","coordinates":[[[-105.977942,43.788721],[-105.982946,43.78865],[-105.982991,43.792121],[-105.977982,43.79222],[-105.977942,43.788721]]]}},{"type":"Feature","properties":{"q":"NENE","ac":40.1},"geometry":{"type":"Polygon","coordinates":[[[-106.00848,43.75196],[-106.008514,43.748362],[-106.01355,43.74839],[-106.013518,43.752001],[-106.00848,43.75196]]]}},{"type":"Feature","properties":{"q":"NESW","ac":39.5},"geometry":{"type":"Polygon","coordinates":[[[-105.997992,43.784736],[-106.003038,43.784535],[-106.003113,43.788094],[-105.998059,43.788256],[-105.997992,43.784736]]]}},{"type":"Feature","properties":{"q":"SWNW","ac":40.5},"geometry":{"type":"Polygon","coordinates":[[[-106.023167,43.773905],[-106.028192,43.774025],[-106.028163,43.777676],[-106.023135,43.777542],[-106.023167,43.773905]]]}},{"type":"Feature","properties":{"q":"SESE","ac":41.8},"geometry":{"type":"Polygon","coordinates":[[[-105.9885,43.737615],[-105.99353,43.737604],[-105.993522,43.741345],[-105.988501,43.741403],[-105.9885,43.737615]]]}},{"type":"Feature","properties":{"q":"NWSW","ac":40.5},"geometry":{"type":"Polygon","coordinates":[[[-106.023503,43.75572],[-106.028535,43.755774],[-106.028439,43.759424],[-106.023413,43.759357],[-106.023503,43.75572]]]}},{"type":"Feature","properties":{"q":"NESW","ac":40.6},"geometry":{"type":"Polygon","coordinates":[[[-105.998308,43.759749],[-105.9984,43.756056],[-106.003404,43.755807],[-106.003321,43.759452],[-105.998308,43.759749]]]}},{"type":"Feature","properties":{"q":"SWNE","ac":41.2},"geometry":{"type":"Polygon","coordinates":[[[-105.998308,43.759749],[-105.998216,43.763442],[-105.993194,43.763787],[-105.993295,43.760047],[-105.998308,43.759749]]]}},{"type":"Feature","properties":{"q":"SENW","ac":40.3},"geometry":{"type":"Polygon","coordinates":[[[-106.043527,43.759222],[-106.043453,43.762844],[-106.038417,43.762921],[-106.038498,43.75929],[-106.043527,43.759222]]]}},{"type":"Feature","properties":{"q":"SENW","ac":40.6},"geometry":{"type":"Polygon","coordinates":[[[-106.003321,43.759452],[-106.003239,43.763097],[-105.998216,43.763442],[-105.998308,43.759749],[-106.003321,43.759452]]]}},{"type":"Feature","properties":{"q":"SESW","ac":40.2},"geometry":{"type":"Polygon","coordinates":[[[-106.043673,43.751978],[-106.0436,43.7556],[-106.038578,43.755658],[-106.038659,43.752026],[-106.043673,43.751978]]]}},{"type":"Feature","properties":{"q":"2","ac":38.8},"geometry":{"type":"Polygon","coordinates":[[[-106.048281,43.773387],[-106.048228,43.776882],[-106.043228,43.77708],[-106.043278,43.773546],[-106.048281,43.773387]]]}},{"type":"Feature","properties":{"q":"NWNE","ac":40.5},"geometry":{"type":"Polygon","coordinates":[[[-106.033293,43.766639],[-106.033381,43.762998],[-106.038417,43.762921],[-106.038337,43.766553],[-106.033293,43.766639]]]}},{"type":"Feature","properties":{"q":"NESW","ac":40.3},"geometry":{"type":"Polygon","coordinates":[[[-106.018144,43.784656],[-106.023174,43.784816],[-106.023246,43.788453],[-106.01822,43.78828],[-106.018144,43.784656]]]}},{"type":"Feature","properties":{"q":"NWNE","ac":40.3},"geometry":{"type":"Polygon","coordinates":[[[-106.038659,43.752026],[-106.033645,43.752075],[-106.033674,43.748435],[-106.038692,43.748396],[-106.038659,43.752026]]]}},{"type":"Feature","properties":{"q":"SESW","ac":40.3},"geometry":{"type":"Polygon","coordinates":[[[-106.018068,43.781032],[-106.023102,43.781179],[-106.023174,43.784816],[-106.018144,43.784656],[-106.018068,43.781032]]]}},{"type":"Feature","properties":{"q":"NENW","ac":40.4},"geometry":{"type":"Polygon","coordinates":[[[-106.038337,43.766553],[-106.038417,43.762921],[-106.043453,43.762844],[-106.04338,43.766465],[-106.038337,43.766553]]]}},{"type":"Feature","properties":{"q":"NWSE","ac":41.1},"geometry":{"type":"Polygon","coordinates":[[[-105.993397,43.756306],[-105.9984,43.756056],[-105.998308,43.759749],[-105.993295,43.760047],[-105.993397,43.756306]]]}},{"type":"Feature","properties":{"q":"NWSE","ac":40.2},"geometry":{"type":"Polygon","coordinates":[[[-106.013161,43.770054],[-106.018181,43.770161],[-106.018143,43.773785],[-106.013119,43.773664],[-106.013161,43.770054]]]}},{"type":"Feature","properties":{"q":"NWSW","ac":40.1},"geometry":{"type":"Polygon","coordinates":[[[-106.008407,43.755557],[-106.008334,43.759154],[-106.003321,43.759452],[-106.003404,43.755807],[-106.008407,43.755557]]]}},{"type":"Feature","properties":{"q":"3","ac":38.9},"geometry":{"type":"Polygon","coordinates":[[[-106.048336,43.769883],[-106.048281,43.773387],[-106.043278,43.773546],[-106.043329,43.770006],[-106.048336,43.769883]]]}},{"type":"Feature","properties":{"q":"NWNW","ac":40.5},"geometry":{"type":"Polygon","coordinates":[[[-106.028163,43.777676],[-106.028135,43.781326],[-106.023102,43.781179],[-106.023135,43.777542],[-106.028163,43.777676]]]}},{"type":"Feature","properties":{"q":"NWNW","ac":39.8},"geometry":{"type":"Polygon","coordinates":[[[-106.008048,43.777141],[-106.008002,43.780738],[-106.002964,43.780977],[-106.003012,43.777418],[-106.008048,43.777141]]]}},{"type":"Feature","properties":{"q":"SENW","ac":40.6},"geometry":{"type":"Polygon","coordinates":[[[-106.003537,43.744872],[-106.003512,43.748517],[-105.998509,43.748671],[-105.998525,43.744979],[-106.003537,43.744872]]]}},{"type":"Feature","properties":{"q":"NWSW","ac":39.8},"geometry":{"type":"Polygon","coordinates":[[[-106.008142,43.769946],[-106.008095,43.773544],[-106.00306,43.77386],[-106.003108,43.770301],[-106.008142,43.769946]]]}},{"type":"Feature","properties":{"q":"3","ac":39.6},"geometry":{"type":"Polygon","coordinates":[[[-106.0436,43.7556],[-106.048546,43.755543],[-106.048494,43.759155],[-106.043527,43.759222],[-106.0436,43.7556]]]}},{"type":"Feature","properties":{"q":"SESW","ac":39.3},"geometry":{"type":"Polygon","coordinates":[[[-106.003156,43.766742],[-106.003108,43.770301],[-105.998075,43.770655],[-105.998125,43.767135],[-106.003156,43.766742]]]}},{"type":"Feature","properties":{"q":"NENW","ac":39.4},"geometry":{"type":"Polygon","coordinates":[[[-106.043178,43.780613],[-106.038165,43.78085],[-106.038208,43.777278],[-106.043228,43.77708],[-106.043178,43.780613]]]}},{"type":"Feature","properties":{"q":"SENW","ac":39.4},"geometry":{"type":"Polygon","coordinates":[[[-106.043278,43.773546],[-106.043228,43.77708],[-106.038208,43.777278],[-106.038251,43.773706],[-106.043278,43.773546]]]}},{"type":"Feature","properties":{"q":"NWNW","ac":40.6},"geometry":{"type":"Polygon","coordinates":[[[-106.023621,43.748446],[-106.028656,43.748473],[-106.02863,43.752124],[-106.023593,43.752083],[-106.023621,43.748446]]]}},{"type":"Feature","properties":{"q":"SENE","ac":40.3},"geometry":{"type":"Polygon","coordinates":[[[-106.033221,43.773866],[-106.033186,43.777477],[-106.028163,43.777676],[-106.028192,43.774025],[-106.033221,43.773866]]]}},{"type":"Feature","properties":{"q":"SWNE","ac":40.4},"geometry":{"type":"Polygon","coordinates":[[[-106.038417,43.762921],[-106.033381,43.762998],[-106.033469,43.759357],[-106.038498,43.75929],[-106.038417,43.762921]]]}},{"type":"Feature","properties":{"q":"NENW","ac":40.2},"geometry":{"type":"Polygon","coordinates":[[[-106.038692,43.748396],[-106.043711,43.748357],[-106.043673,43.751978],[-106.038659,43.752026],[-106.038692,43.748396]]]}},{"type":"Feature","properties":{"q":"SWSE","ac":40.2},"geometry":{"type":"Polygon","coordinates":[[[-106.013647,43.737558],[-106.018676,43.737547],[-106.018646,43.741171],[-106.013614,43.741169],[-106.013647,43.737558]]]}},{"type":"Feature","properties":{"q":"2","ac":39.8},"geometry":{"type":"Polygon","coordinates":[[[-106.048494,43.759155],[-106.048443,43.762767],[-106.043453,43.762844],[-106.043527,43.759222],[-106.048494,43.759155]]]}},{"type":"Feature","properties":{"q":"NENE","ac":40.3},"geometry":{"type":"Polygon","coordinates":[[[-106.033186,43.777477],[-106.03315,43.781088],[-106.028135,43.781326],[-106.028163,43.777676],[-106.033186,43.777477]]]}},{"type":"Feature","properties":{"q":"SWSW","ac":40.2},"geometry":{"type":"Polygon","coordinates":[[[-106.008618,43.73757],[-106.008583,43.741168],[-106.003563,43.741227],[-106.003588,43.737582],[-106.008618,43.73757]]]}},{"type":"Feature","properties":{"q":"NESE","ac":41.8},"geometry":{"type":"Polygon","coordinates":[[[-105.993522,43.741345],[-105.993514,43.745085],[-105.988502,43.745191],[-105.988501,43.741403],[-105.993522,43.741345]]]}},{"type":"Feature","properties":{"q":"SESW","ac":40.4},"geometry":{"type":"Polygon","coordinates":[[[-106.023593,43.752083],[-106.023503,43.75572],[-106.018471,43.755666],[-106.018555,43.752042],[-106.023593,43.752083]]]}},{"type":"Feature","properties":{"q":"SWSW","ac":39.9},"geometry":{"type":"Polygon","coordinates":[[[-106.008002,43.780738],[-106.008085,43.784335],[-106.003038,43.784535],[-106.002964,43.780977],[-106.008002,43.780738]]]}},{"type":"Feature","properties":{"q":"SWNE","ac":39.9},"geometry":{"type":"Polygon","coordinates":[[[-106.033221,43.773866],[-106.038251,43.773706],[-106.038208,43.777278],[-106.033186,43.777477],[-106.033221,43.773866]]]}},{"type":"Feature","properties":{"q":"NESW","ac":40.3},"geometry":{"type":"Polygon","coordinates":[[[-106.0436,43.7556],[-106.043527,43.759222],[-106.038498,43.75929],[-106.038578,43.755658],[-106.0436,43.7556]]]}},{"type":"Feature","properties":{"q":"NWSE","ac":41.2},"geometry":{"type":"Polygon","coordinates":[[[-105.998542,43.741286],[-105.998525,43.744979],[-105.993514,43.745085],[-105.993522,43.741345],[-105.998542,43.741286]]]}},{"type":"Feature","properties":{"q":"NWNE","ac":40.2},"geometry":{"type":"Polygon","coordinates":[[[-106.013035,43.780885],[-106.013077,43.777275],[-106.018106,43.777408],[-106.018068,43.781032],[-106.013035,43.780885]]]}},{"type":"Feature","properties":{"q":"SWSW","ac":40.0},"geometry":{"type":"Polygon","coordinates":[[[-106.003404,43.755807],[-106.003486,43.752162],[-106.00848,43.75196],[-106.008407,43.755557],[-106.003404,43.755807]]]}},{"type":"Feature","properties":{"q":"NESE","ac":40.5},"geometry":{"type":"Polygon","coordinates":[[[-106.028708,43.741173],[-106.033734,43.741154],[-106.033704,43.744794],[-106.028682,43.744823],[-106.028708,43.741173]]]}},{"type":"Feature","properties":{"q":"SENE","ac":40.5},"geometry":{"type":"Polygon","coordinates":[[[-106.033704,43.744794],[-106.033674,43.748435],[-106.028656,43.748473],[-106.028682,43.744823],[-106.033704,43.744794]]]}},{"type":"Feature","properties":{"q":"SENW","ac":40.4},"geometry":{"type":"Polygon","coordinates":[[[-106.018616,43.744795],[-106.023649,43.744809],[-106.023621,43.748446],[-106.018585,43.748418],[-106.018616,43.744795]]]}},{"type":"Feature","properties":{"q":"NENW","ac":39.4},"geometry":{"type":"Polygon","coordinates":[[[-106.003012,43.777418],[-106.002964,43.780977],[-105.997925,43.781215],[-105.997975,43.777695],[-106.003012,43.777418]]]}},{"type":"Feature","properties":{"q":"NWNE","ac":38.9},"geometry":{"type":"Polygon","coordinates":[[[-105.992887,43.781454],[-105.992938,43.777972],[-105.997975,43.777695],[-105.997925,43.781215],[-105.992887,43.781454]]]}},{"type":"Feature","properties":{"q":"NESE","ac":40.0},"geometry":{"type":"Polygon","coordinates":[[[-106.008085,43.784335],[-106.013114,43.784496],[-106.013194,43.788106],[-106.008167,43.787932],[-106.008085,43.784335]]]}},{"type":"Feature","properties":{"q":"SWNW","ac":40.6},"geometry":{"type":"Polygon","coordinates":[[[-106.023649,43.744809],[-106.028682,43.744823],[-106.028656,43.748473],[-106.023621,43.748446],[-106.023649,43.744809]]]}},{"type":"Feature","properties":{"q":"SESE","ac":40.4},"geometry":{"type":"Polygon","coordinates":[[[-106.033645,43.752075],[-106.033557,43.755716],[-106.028535,43.755774],[-106.02863,43.752124],[-106.033645,43.752075]]]}},{"type":"Feature","properties":{"q":"SENE","ac":40.1},"geometry":{"type":"Polygon","coordinates":[[[-106.013582,43.74478],[-106.01355,43.74839],[-106.008514,43.748362],[-106.008549,43.744765],[-106.013582,43.74478]]]}},{"type":"Feature","properties":{"q":"1","ac":39.4},"geometry":{"type":"Polygon","coordinates":[[[-106.043711,43.748357],[-106.048634,43.748319],[-106.048597,43.751931],[-106.043673,43.751978],[-106.043711,43.748357]]]}},{"type":"Feature","properties":{"q":"NWSW","ac":40.5},"geometry":{"type":"Polygon","coordinates":[[[-106.023174,43.784816],[-106.028204,43.784976],[-106.028272,43.788627],[-106.023246,43.788453],[-106.023174,43.784816]]]}},{"type":"Feature","properties":{"q":"NENE","ac":40.0},"geometry":{"type":"Polygon","coordinates":[[[-106.013282,43.762833],[-106.013203,43.766443],[-106.008188,43.766349],[-106.008261,43.762752],[-106.013282,43.762833]]]}},{"type":"Feature","properties":{"q":"NWNW","ac":40.0},"geometry":{"type":"Polygon","coordinates":[[[-106.003512,43.748517],[-106.008514,43.748362],[-106.00848,43.75196],[-106.003486,43.752162],[-106.003512,43.748517]]]}},{"type":"Feature","properties":{"q":"NESE","ac":40.0},"geometry":{"type":"Polygon","coordinates":[[[-106.013119,43.773664],[-106.008095,43.773544],[-106.008142,43.769946],[-106.013161,43.770054],[-106.013119,43.773664]]]}},{"type":"Feature","properties":{"q":"NWNE","ac":41.1},"geometry":{"type":"Polygon","coordinates":[[[-105.993506,43.748825],[-105.998509,43.748671],[-105.998492,43.752363],[-105.993498,43.752565],[-105.993506,43.748825]]]}},{"type":"Feature","properties":{"q":"NESW","ac":39.0},"geometry":{"type":"Polygon","coordinates":[[[-106.043141,43.784155],[-106.043103,43.787697],[-106.038157,43.788007],[-106.038161,43.784429],[-106.043141,43.784155]]]}},{"type":"Feature","properties":{"q":"SESE","ac":40.0},"geometry":{"type":"Polygon","coordinates":[[[-106.008002,43.780738],[-106.013035,43.780885],[-106.013114,43.784496],[-106.008085,43.784335],[-106.008002,43.780738]]]}},{"type":"Feature","properties":{"q":"SWSW","ac":40.6},"geometry":{"type":"Polygon","coordinates":[[[-106.023593,43.752083],[-106.02863,43.752124],[-106.028535,43.755774],[-106.023503,43.75572],[-106.023593,43.752083]]]}},{"type":"Feature","properties":{"q":"NENW","ac":40.5},"geometry":{"type":"Polygon","coordinates":[[[-106.003512,43.748517],[-106.003486,43.752162],[-105.998492,43.752363],[-105.998509,43.748671],[-106.003512,43.748517]]]}},{"type":"Feature","properties":{"q":"1","ac":40.0},"geometry":{"type":"Polygon","coordinates":[[[-106.048443,43.762767],[-106.048391,43.766379],[-106.04338,43.766465],[-106.043453,43.762844],[-106.048443,43.762767]]]}},{"type":"Feature","properties":{"q":"SENW","ac":40.2},"geometry":{"type":"Polygon","coordinates":[[[-106.043711,43.748357],[-106.038692,43.748396],[-106.038726,43.744765],[-106.043748,43.744736],[-106.043711,43.748357]]]}},{"type":"Feature","properties":{"q":"NENE","ac":40.1},"geometry":{"type":"Polygon","coordinates":[[[-106.008048,43.777141],[-106.013077,43.777275],[-106.013035,43.780885],[-106.008002,43.780738],[-106.008048,43.777141]]]}},{"type":"Feature","properties":{"q":"NESE","ac":40.1},"geometry":{"type":"Polygon","coordinates":[[[-106.008407,43.755557],[-106.013439,43.755612],[-106.01336,43.759222],[-106.008334,43.759154],[-106.008407,43.755557]]]}},{"type":"Feature","properties":{"q":"3","ac":38.7},"geometry":{"type":"Polygon","coordinates":[[[-106.043141,43.784155],[-106.048125,43.783881],[-106.048075,43.787385],[-106.043103,43.787697],[-106.043141,43.784155]]]}},{"type":"Feature","properties":{"q":"SESE","ac":40.5},"geometry":{"type":"Polygon","coordinates":[[[-106.033293,43.766639],[-106.033257,43.770252],[-106.02822,43.770375],[-106.028248,43.766725],[-106.033293,43.766639]]]}},{"type":"Feature","properties":{"q":"SWNE","ac":40.2},"geometry":{"type":"Polygon","coordinates":[[[-106.018143,43.773785],[-106.018106,43.777408],[-106.013077,43.777275],[-106.013119,43.773664],[-106.018143,43.773785]]]}},{"type":"Feature","properties":{"q":"NWNE","ac":39.8},"geometry":{"type":"Polygon","coordinates":[[[-106.038208,43.777278],[-106.038165,43.78085],[-106.03315,43.781088],[-106.033186,43.777477],[-106.038208,43.777278]]]}},{"type":"Feature","properties":{"q":"NESE","ac":40.5},"geometry":{"type":"Polygon","coordinates":[[[-106.033557,43.755716],[-106.033469,43.759357],[-106.028439,43.759424],[-106.028535,43.755774],[-106.033557,43.755716]]]}},{"type":"Feature","properties":{"q":"SESE","ac":41.6},"geometry":{"type":"Polygon","coordinates":[[[-105.993498,43.752565],[-105.993397,43.756306],[-105.988393,43.756555],[-105.988504,43.752767],[-105.993498,43.752565]]]}},{"type":"Feature","properties":{"q":"NESW","ac":40.3},"geometry":{"type":"Polygon","coordinates":[[[-106.018181,43.770161],[-106.0232,43.770268],[-106.023167,43.773905],[-106.018143,43.773785],[-106.018181,43.770161]]]}},{"type":"Feature","properties":{"q":"NENW","ac":40.7},"geometry":{"type":"Polygon","coordinates":[[[-106.003239,43.763097],[-106.003156,43.766742],[-105.998125,43.767135],[-105.998216,43.763442],[-106.003239,43.763097]]]}},{"type":"Feature","properties":{"q":"NWSE","ac":40.4},"geometry":{"type":"Polygon","coordinates":[[[-106.033734,43.741154],[-106.03876,43.741135],[-106.038726,43.744765],[-106.033704,43.744794],[-106.033734,43.741154]]]}},{"type":"Feature","properties":{"q":"SWSE","ac":40.4},"geometry":{"type":"Polygon","coordinates":[[[-106.033734,43.741154],[-106.033764,43.737514],[-106.038793,43.737505],[-106.03876,43.741135],[-106.033734,43.741154]]]}},{"type":"Feature","properties":{"q":"SWSW","ac":40.5},"geometry":{"type":"Polygon","coordinates":[[[-106.028734,43.737523],[-106.028708,43.741173],[-106.023677,43.741172],[-106.023705,43.737535],[-106.028734,43.737523]]]}},{"type":"Feature","properties":{"q":"SENE","ac":40.1},"geometry":{"type":"Polygon","coordinates":[[[-106.008048,43.777141],[-106.008095,43.773544],[-106.013119,43.773664],[-106.013077,43.777275],[-106.008048,43.777141]]]}},{"type":"Feature","properties":{"q":"SWNW","ac":40.1},"geometry":{"type":"Polygon","coordinates":[[[-106.003321,43.759452],[-106.008334,43.759154],[-106.008261,43.762752],[-106.003239,43.763097],[-106.003321,43.759452]]]}},{"type":"Feature","properties":{"q":"SESW","ac":39.6},"geometry":{"type":"Polygon","coordinates":[[[-106.038337,43.766553],[-106.04338,43.766465],[-106.043329,43.770006],[-106.038294,43.770129],[-106.038337,43.766553]]]}},{"type":"Feature","properties":{"q":"NWSE","ac":40.3},"geometry":{"type":"Polygon","coordinates":[[[-106.013614,43.741169],[-106.018646,43.741171],[-106.018616,43.744795],[-106.013582,43.74478],[-106.013614,43.741169]]]}},{"type":"Feature","properties":{"q":"NWNW","ac":40.2},"geometry":{"type":"Polygon","coordinates":[[[-106.008261,43.762752],[-106.008188,43.766349],[-106.003156,43.766742],[-106.003239,43.763097],[-106.008261,43.762752]]]}},{"type":"Feature","properties":{"q":"SWNE","ac":40.2},"geometry":{"type":"Polygon","coordinates":[[[-106.01336,43.759222],[-106.018387,43.75929],[-106.018303,43.762913],[-106.013282,43.762833],[-106.01336,43.759222]]]}},{"type":"Feature","properties":{"q":"SWNW","ac":39.8},"geometry":{"type":"Polygon","coordinates":[[[-106.008095,43.773544],[-106.008048,43.777141],[-106.003012,43.777418],[-106.00306,43.77386],[-106.008095,43.773544]]]}},{"type":"Feature","properties":{"q":"SWNW","ac":40.1},"geometry":{"type":"Polygon","coordinates":[[[-106.008549,43.744765],[-106.008514,43.748362],[-106.003512,43.748517],[-106.003537,43.744872],[-106.008549,43.744765]]]}},{"type":"Feature","properties":{"q":"SESE","ac":40.5},"geometry":{"type":"Polygon","coordinates":[[[-106.028734,43.737523],[-106.033764,43.737514],[-106.033734,43.741154],[-106.028708,43.741173],[-106.028734,43.737523]]]}},{"type":"Feature","properties":{"q":"NWNE","ac":40.1},"geometry":{"type":"Polygon","coordinates":[[[-106.013282,43.762833],[-106.018303,43.762913],[-106.018218,43.766537],[-106.013203,43.766443],[-106.013282,43.762833]]]}},{"type":"Feature","properties":{"q":"SESW","ac":40.3},"geometry":{"type":"Polygon","coordinates":[[[-106.018218,43.766537],[-106.023233,43.766631],[-106.0232,43.770268],[-106.018181,43.770161],[-106.018218,43.766537]]]}},{"type":"Feature","properties":{"q":"SWSE","ac":41.0},"geometry":{"type":"Polygon","coordinates":[[[-105.993498,43.752565],[-105.998492,43.752363],[-105.9984,43.756056],[-105.993397,43.756306],[-105.993498,43.752565]]]}},{"type":"Feature","properties":{"q":"NWSE","ac":40.4},"geometry":{"type":"Polygon","coordinates":[[[-106.038578,43.755658],[-106.038498,43.75929],[-106.033469,43.759357],[-106.033557,43.755716],[-106.038578,43.755658]]]}},{"type":"Feature","properties":{"q":"NWSE","ac":40.2},"geometry":{"type":"Polygon","coordinates":[[[-106.013114,43.784496],[-106.018144,43.784656],[-106.01822,43.78828],[-106.013194,43.788106],[-106.013114,43.784496]]]}},{"type":"Feature","properties":{"q":"SWSE","ac":40.1},"geometry":{"type":"Polygon","coordinates":[[[-106.038337,43.766553],[-106.038294,43.770129],[-106.033257,43.770252],[-106.033293,43.766639],[-106.038337,43.766553]]]}},{"type":"Feature","properties":{"q":"SENE","ac":41.5},"geometry":{"type":"Polygon","coordinates":[[[-105.97339,43.748851],[-105.968352,43.748808],[-105.968362,43.745093],[-105.973397,43.745118],[-105.97339,43.748851]]]}},{"type":"Feature","properties":{"q":"SENE","ac":41.3},"geometry":{"type":"Polygon","coordinates":[[[-105.968217,43.759955],[-105.973233,43.760052],[-105.973159,43.763786],[-105.968155,43.76367],[-105.968217,43.759955]]]}},{"type":"Feature","properties":{"q":"NWNE","ac":40.2},"geometry":{"type":"Polygon","coordinates":[[[-105.938261,43.748798],[-105.938214,43.752464],[-105.933257,43.752412],[-105.933296,43.748755],[-105.938261,43.748798]]]}},{"type":"Feature","properties":{"q":"SENW","ac":38.6},"geometry":{"type":"Polygon","coordinates":[[[-105.97797,43.774687],[-105.982962,43.774747],[-105.982909,43.778226],[-105.977917,43.778203],[-105.97797,43.774687]]]}},{"type":"Feature","properties":{"q":"SESW","ac":39.1},"geometry":{"type":"Polygon","coordinates":[[[-105.941759,43.781601],[-105.943247,43.78162],[-105.942967,43.784465],[-105.942892,43.785225],[-105.939746,43.785171],[-105.938038,43.785141],[-105.938279,43.781556],[-105.939699,43.781574],[-105.941759,43.781601]]]}},{"type":"Feature","properties":{"q":"NWSE","ac":41.6},"geometry":{"type":"Polygon","coordinates":[[[-105.973233,43.760052],[-105.973308,43.756319],[-105.978336,43.756398],[-105.97825,43.76015],[-105.973233,43.760052]]]}},{"type":"Feature","properties":{"q":"SESE","ac":38.5},"geometry":{"type":"Polygon","coordinates":[[[-105.988008,43.771363],[-105.988061,43.76792],[-105.993093,43.767527],[-105.993041,43.771009],[-105.988008,43.771363]]]}},{"type":"Feature","properties":{"q":"NESW","ac":41.9},"geometry":{"type":"Polygon","coordinates":[[[-105.978436,43.741391],[-105.983469,43.741397],[-105.983467,43.745167],[-105.978432,43.745143],[-105.978436,43.741391]]]}},{"type":"Feature","properties":{"q":"NENE","ac":41.4},"geometry":{"type":"Polygon","coordinates":[[[-105.953331,43.752645],[-105.948327,43.752685],[-105.948344,43.748944],[-105.953346,43.74891],[-105.953331,43.752645]]]}},{"type":"Feature","properties":{"q":"SESW","ac":41.2},"geometry":{"type":"Polygon","coordinates":[[[-105.958388,43.737691],[-105.963385,43.737676],[-105.963373,43.741399],[-105.958375,43.741419],[-105.958388,43.737691]]]}},{"type":"Feature","properties":{"q":"SENE","ac":38.5},"geometry":{"type":"Polygon","coordinates":[[[-105.987902,43.778249],[-105.987955,43.774806],[-105.99299,43.774491],[-105.992938,43.777972],[-105.987902,43.778249]]]}},{"type":"Feature","properties":{"q":"SWNE","ac":41.5},"geometry":{"type":"Polygon","coordinates":[[[-105.973159,43.763786],[-105.973233,43.760052],[-105.97825,43.76015],[-105.978163,43.763901],[-105.973159,43.763786]]]}},{"type":"Feature","properties":{"q":"NWSW","ac":39.1},"geometry":{"type":"Polygon","coordinates":[[[-105.962959,43.785305],[-105.967906,43.785304],[-105.967934,43.788862],[-105.962956,43.788879],[-105.962959,43.785305]]]}},{"type":"Feature","properties":{"q":"NWNE","ac":40.1},"geometry":{"type":"Polygon","coordinates":[[[-105.953247,43.763588],[-105.958216,43.763615],[-105.958177,43.767285],[-105.953219,43.767235],[-105.953247,43.763588]]]}},{"type":"Feature","properties":{"q":"NWNW","ac":41.1},"geometry":{"type":"Polygon","coordinates":[[[-105.96335,43.748842],[-105.968352,43.748808],[-105.968342,43.752524],[-105.963338,43.752564],[-105.96335,43.748842]]]}},{"type":"Feature","properties":{"q":"NESE","ac":39.2},"geometry":{"type":"Polygon","coordinates":[[[-105.967934,43.788862],[-105.967906,43.785304],[-105.972904,43.785262],[-105.972938,43.788791],[-105.967934,43.788862]]]}},{"type":"Feature","properties":{"q":"SESE","ac":40.4},"geometry":{"type":"Polygon","coordinates":[[[-105.92841,43.737764],[-105.933406,43.737753],[-105.93337,43.741425],[-105.928385,43.741413],[-105.92841,43.737764]]]}},{"type":"Feature","properties":{"q":"NESW","ac":41.2},"geometry":{"type":"Polygon","coordinates":[[[-105.958375,43.741419],[-105.963373,43.741399],[-105.963362,43.745121],[-105.958361,43.745148],[-105.958375,43.741419]]]}},{"type":"Feature","properties":{"q":"NWNW","ac":39.8},"geometry":{"type":"Polygon","coordinates":[[[-105.943256,43.777993],[-105.948226,43.778059],[-105.948219,43.78034],[-105.948214,43.781683],[-105.946302,43.781659],[-105.943247,43.78162],[-105.943256,43.777993]]]}},{"type":"Feature","properties":{"q":"2","ac":4.6},"geometry":{"type":"Polygon","coordinates":[[[-105.933328,43.770599],[-105.933873,43.770607],[-105.933886,43.771516],[-105.933908,43.773161],[-105.933923,43.774236],[-105.933323,43.774227],[-105.933328,43.770599]]]}},{"type":"Feature","properties":{"q":"NENE","ac":41.5},"geometry":{"type":"Polygon","coordinates":[[[-105.968352,43.748808],[-105.97339,43.748851],[-105.973383,43.752585],[-105.968342,43.752524],[-105.968352,43.748808]]]}},{"type":"Feature","properties":{"q":"NESW","ac":38.5},"geometry":{"type":"Polygon","coordinates":[[[-106.042498,43.812076],[-106.042419,43.815535],[-106.03734,43.815647],[-106.037437,43.812233],[-106.042498,43.812076]]]}},{"type":"Feature","properties":{"q":"SWNW","ac":40.0},"geometry":{"type":"Polygon","coordinates":[[[-106.003113,43.788094],[-106.008167,43.787932],[-106.00825,43.79153],[-106.003188,43.791653],[-106.003113,43.788094]]]}},{"type":"Feature","properties":{"q":"SENE","ac":39.8},"geometry":{"type":"Polygon","coordinates":[[[-106.007761,43.802321],[-106.012803,43.802385],[-106.012528,43.805914],[-106.007475,43.805919],[-106.007761,43.802321]]]}},{"type":"Feature","properties":{"q":"NENW","ac":39.5},"geometry":{"type":"Polygon","coordinates":[[[-105.997369,43.805857],[-106.002422,43.805888],[-106.002142,43.809447],[-105.997095,43.809378],[-105.997369,43.805857]]]}},{"type":"Feature","properties":{"q":"12","ac":36.6},"geometry":{"type":"Polygon","coordinates":[[[-106.006975,43.816061],[-106.012028,43.816014],[-106.011915,43.819308],[-106.006869,43.819333],[-106.006975,43.816061]]]}},{"type":"Feature","properties":{"q":"NESW","ac":39.6},"geometry":{"type":"Polygon","coordinates":[[[-106.002982,43.79877],[-106.002702,43.802329],[-105.997644,43.802337],[-105.997918,43.798817],[-106.002982,43.79877]]]}},{"type":"Feature","properties":{"q":"NWNW","ac":39.6},"geometry":{"type":"Polygon","coordinates":[[[-105.962953,43.792448],[-105.967963,43.792419],[-105.967991,43.795976],[-105.962949,43.796017],[-105.962953,43.792448]]]}},{"type":"Feature","properties":{"q":"8","ac":36.2},"geometry":{"type":"Polygon","coordinates":[[[-105.961692,43.816329],[-105.966706,43.816332],[-105.966608,43.819582],[-105.961578,43.819602],[-105.961692,43.816329]]]}},{"type":"Feature","properties":{"q":"NWSE","ac":38.2},"geometry":{"type":"Polygon","coordinates":[[[-105.977753,43.799174],[-105.977486,43.802628],[-105.972465,43.802766],[-105.972736,43.799307],[-105.977753,43.799174]]]}},{"type":"Feature","properties":{"q":"6","ac":26.5},"geometry":{"type":"Polygon","coordinates":[[[-105.956549,43.819622],[-105.961578,43.819602],[-105.961496,43.821978],[-105.959183,43.821996],[-105.956455,43.822001],[-105.956549,43.819622]]]}},{"type":"Feature","properties":{"q":"SENW","ac":38.2},"geometry":{"type":"Polygon","coordinates":[[[-105.977486,43.802628],[-105.982506,43.80249],[-105.982241,43.805939],[-105.977218,43.806081],[-105.977486,43.802628]]]}},{"type":"Feature","properties":{"q":"NWSE","ac":38.8},"geometry":{"type":"Polygon","coordinates":[[[-105.933112,43.785055],[-105.938038,43.785141],[-105.937797,43.788726],[-105.934112,43.788645],[-105.932914,43.788618],[-105.932949,43.787989],[-105.933112,43.785055]]]}},{"type":"Feature","properties":{"q":"SWNE","ac":39.9},"geometry":{"type":"Polygon","coordinates":[[[-105.938262,43.75978],[-105.938262,43.759867],[-105.938285,43.763411],[-105.938249,43.763411],[-105.933313,43.763337],[-105.933294,43.759704],[-105.938262,43.75978]]]}},{"type":"Feature","properties":{"q":"NESE","ac":39.4},"geometry":{"type":"Polygon","coordinates":[[[-105.968038,43.770976],[-105.973031,43.771073],[-105.972977,43.774627],[-105.967985,43.774567],[-105.968038,43.770976]]]}},{"type":"Feature","properties":{"q":"NWSW","ac":42.0},"geometry":{"type":"Polygon","coordinates":[[[-105.983365,43.756477],[-105.988393,43.756555],[-105.988282,43.760344],[-105.983266,43.760247],[-105.983365,43.756477]]]}},{"type":"Feature","properties":{"q":"NWSW","ac":38.4},"geometry":{"type":"Polygon","coordinates":[[[-105.942892,43.785225],[-105.947747,43.785309],[-105.94728,43.788935],[-105.942538,43.78883],[-105.942892,43.785225]]]}},{"type":"Feature","properties":{"q":"NWSE","ac":41.7},"geometry":{"type":"Polygon","coordinates":[[[-105.952879,43.785308],[-105.958012,43.785306],[-105.957977,43.788897],[-105.952628,43.788916],[-105.952879,43.785308]]]}},{"type":"Feature","properties":{"q":"SENW","ac":41.9},"geometry":{"type":"Polygon","coordinates":[[[-105.978432,43.745143],[-105.983467,43.745167],[-105.983465,43.748937],[-105.978427,43.748894],[-105.978432,43.745143]]]}},{"type":"Feature","properties":{"q":"SENE","ac":39.4},"geometry":{"type":"Polygon","coordinates":[[[-105.967985,43.774567],[-105.972977,43.774627],[-105.972924,43.77818],[-105.967931,43.778157],[-105.967985,43.774567]]]}},{"type":"Feature","properties":{"q":"NWNW","ac":42.1},"geometry":{"type":"Polygon","coordinates":[[[-105.983465,43.748937],[-105.988503,43.748979],[-105.988504,43.752767],[-105.983463,43.752706],[-105.983465,43.748937]]]}},{"type":"Feature","properties":{"q":"NESE","ac":41.5},"geometry":{"type":"Polygon","coordinates":[[[-105.968372,43.741378],[-105.973404,43.741384],[-105.973397,43.745118],[-105.968362,43.745093],[-105.968372,43.741378]]]}},{"type":"Feature","properties":{"q":"SWSE","ac":40.0},"geometry":{"type":"Polygon","coordinates":[[[-105.958046,43.781715],[-105.958012,43.785306],[-105.952879,43.785308],[-105.95313,43.781699],[-105.958046,43.781715]]]}},{"type":"Feature","properties":{"q":"NESW","ac":38.5},"geometry":{"type":"Polygon","coordinates":[[[-105.977903,43.78522],[-105.982901,43.785178],[-105.982946,43.78865],[-105.977942,43.788721],[-105.977903,43.78522]]]}},{"type":"Feature","properties":{"q":"NESE","ac":38.5},"geometry":{"type":"Polygon","coordinates":[[[-105.928187,43.78497],[-105.928386,43.784973],[-105.933112,43.785055],[-105.932949,43.787989],[-105.932914,43.788618],[-105.928031,43.78851],[-105.928187,43.78497]]]}},{"type":"Feature","properties":{"q":"NWSE","ac":41.7},"geometry":{"type":"Polygon","coordinates":[[[-105.978436,43.741391],[-105.978432,43.745143],[-105.973397,43.745118],[-105.973404,43.741384],[-105.978436,43.741391]]]}},{"type":"Feature","properties":{"q":"SWNE","ac":39.4},"geometry":{"type":"Polygon","coordinates":[[[-105.953175,43.774468],[-105.958111,43.774501],[-105.958079,43.778108],[-105.953153,43.778084],[-105.953175,43.774468]]]}},{"type":"Feature","properties":{"q":"SWSE","ac":40.4},"geometry":{"type":"Polygon","coordinates":[[[-105.953331,43.752645],[-105.958334,43.752605],[-105.958295,43.756275],[-105.953303,43.756293],[-105.953331,43.752645]]]}},{"type":"Feature","properties":{"q":"2","ac":36.9},"geometry":{"type":"Polygon","coordinates":[[[-105.948538,43.774436],[-105.953175,43.774468],[-105.953153,43.778084],[-105.948556,43.77806],[-105.948547,43.776225],[-105.948538,43.774436]]]}},{"type":"Feature","properties":{"q":"SESE","ac":38.9},"geometry":{"type":"Polygon","coordinates":[[[-105.933311,43.781493],[-105.933112,43.785055],[-105.928386,43.784973],[-105.928187,43.78497],[-105.928198,43.784717],[-105.928271,43.783072],[-105.928343,43.781429],[-105.933311,43.781493]]]}},{"type":"Feature","properties":{"q":"NENE","ac":41.2},"geometry":{"type":"Polygon","coordinates":[[[-105.973084,43.767519],[-105.968092,43.767386],[-105.968155,43.76367],[-105.973159,43.763786],[-105.973084,43.767519]]]}},{"type":"Feature","properties":{"q":"SENE","ac":39.9},"geometry":{"type":"Polygon","coordinates":[[[-105.928327,43.759626],[-105.933294,43.759704],[-105.933313,43.763337],[-105.928341,43.763263],[-105.928327,43.759626]]]}},{"type":"Feature","properties":{"q":"NESE","ac":41.9},"geometry":{"type":"Polygon","coordinates":[[[-105.947747,43.785309],[-105.952879,43.785308],[-105.952628,43.788916],[-105.94728,43.788935],[-105.947747,43.785309]]]}},{"type":"Feature","properties":{"q":"SWNE","ac":41.7},"geometry":{"type":"Polygon","coordinates":[[[-105.973397,43.745118],[-105.978432,43.745143],[-105.978427,43.748894],[-105.97339,43.748851],[-105.973397,43.745118]]]}},{"type":"Feature","properties":{"q":"NESE","ac":40.1},"geometry":{"type":"Polygon","coordinates":[[[-105.94831,43.75631],[-105.953303,43.756293],[-105.953275,43.75994],[-105.948294,43.759935],[-105.94831,43.75631]]]}},{"type":"Feature","properties":{"q":"NESW","ac":40.6},"geometry":{"type":"Polygon","coordinates":[[[-105.938238,43.756122],[-105.943274,43.756216],[-105.943278,43.759858],[-105.938262,43.75978],[-105.938238,43.756122]]]}},{"type":"Feature","properties":{"q":"SWSW","ac":41.3},"geometry":{"type":"Polygon","coordinates":[[[-105.943399,43.73773],[-105.948396,43.737719],[-105.948378,43.74146],[-105.943367,43.741449],[-105.943399,43.73773]]]}},{"type":"Feature","properties":{"q":"NESW","ac":39.3},"geometry":{"type":"Polygon","coordinates":[[[-105.958012,43.785306],[-105.962959,43.785305],[-105.962956,43.788879],[-105.957977,43.788897],[-105.958012,43.785306]]]}},{"type":"Feature","properties":{"q":"NWNW","ac":38.2},"geometry":{"type":"Polygon","coordinates":[[[-105.982909,43.778226],[-105.987902,43.778249],[-105.987849,43.781692],[-105.982856,43.781706],[-105.982909,43.778226]]]}},{"type":"Feature","properties":{"q":"NENE","ac":38.5},"geometry":{"type":"Polygon","coordinates":[[[-105.992938,43.777972],[-105.992887,43.781454],[-105.987849,43.781692],[-105.987902,43.778249],[-105.992938,43.777972]]]}},{"type":"Feature","properties":{"q":"SWSE","ac":41.2},"geometry":{"type":"Polygon","coordinates":[[[-105.958375,43.741419],[-105.953377,43.74144],[-105.953392,43.737705],[-105.958388,43.737691],[-105.958375,43.741419]]]}},{"type":"Feature","properties":{"q":"SWSE","ac":40.7},"geometry":{"type":"Polygon","coordinates":[[[-105.938355,43.741437],[-105.93337,43.741425],[-105.933406,43.737753],[-105.938403,43.737741],[-105.938355,43.741437]]]}},{"type":"Feature","properties":{"q":"NESW","ac":40.6},"geometry":{"type":"Polygon","coordinates":[[[-105.958295,43.756275],[-105.963287,43.756257],[-105.963236,43.75995],[-105.958256,43.759945],[-105.958295,43.756275]]]}},{"type":"Feature","properties":{"q":"NESW","ac":39.9},"geometry":{"type":"Polygon","coordinates":[[[-105.943275,43.770739],[-105.943272,43.772122],[-105.943266,43.774365],[-105.938294,43.774296],[-105.9383,43.771486],[-105.938301,43.770669],[-105.943275,43.770739]]]}},{"type":"Feature","properties":{"q":"SESE","ac":41.4},"geometry":{"type":"Polygon","coordinates":[[[-105.973411,43.737651],[-105.973404,43.741384],[-105.968372,43.741378],[-105.968381,43.737662],[-105.973411,43.737651]]]}},{"type":"Feature","properties":{"q":"2","ac":19.3},"geometry":{"type":"Polygon","coordinates":[[[-105.947747,43.785309],[-105.942892,43.785225],[-105.942967,43.784465],[-105.944042,43.784463],[-105.946313,43.784458],[-105.946302,43.781659],[-105.948214,43.781683],[-105.947747,43.785309]]]}},{"type":"Feature","properties":{"q":"SENW","ac":39.9},"geometry":{"type":"Polygon","coordinates":[[[-105.943266,43.774365],[-105.943256,43.777993],[-105.938286,43.777926],[-105.938294,43.774296],[-105.943266,43.774365]]]}},{"type":"Feature","properties":{"q":"SESE","ac":38.6},"geometry":{"type":"Polygon","coordinates":[[[-105.992887,43.781454],[-105.992946,43.784936],[-105.987899,43.785135],[-105.987849,43.781692],[-105.992887,43.781454]]]}},{"type":"Feature","properties":{"q":"SESE","ac":39.9},"geometry":{"type":"Polygon","coordinates":[[[-105.928301,43.752361],[-105.933257,43.752412],[-105.933276,43.756058],[-105.928314,43.755994],[-105.928301,43.752361]]]}},{"type":"Feature","properties":{"q":"SWSW","ac":38.2},"geometry":{"type":"Polygon","coordinates":[[[-105.983069,43.767786],[-105.988061,43.76792],[-105.988008,43.771363],[-105.983016,43.771267],[-105.983069,43.767786]]]}},{"type":"Feature","properties":{"q":"SWSW","ac":42.1},"geometry":{"type":"Polygon","coordinates":[[[-105.983471,43.737627],[-105.9885,43.737615],[-105.988501,43.741403],[-105.983469,43.741397],[-105.983471,43.737627]]]}},{"type":"Feature","properties":{"q":"SESE","ac":39.6},"geometry":{"type":"Polygon","coordinates":[[[-105.948262,43.767185],[-105.953219,43.767235],[-105.953197,43.770851],[-105.948521,43.770812],[-105.94825,43.770809],[-105.948259,43.768047],[-105.948262,43.767185]]]}},{"type":"Feature","properties":{"q":"SWNE","ac":39.0},"geometry":{"type":"Polygon","coordinates":[[[-105.972924,43.77818],[-105.972977,43.774627],[-105.97797,43.774687],[-105.977917,43.778203],[-105.972924,43.77818]]]}},{"type":"Feature","properties":{"q":"SWNW","ac":38.2},"geometry":{"type":"Polygon","coordinates":[[[-105.982962,43.774747],[-105.987955,43.774806],[-105.987902,43.778249],[-105.982909,43.778226],[-105.982962,43.774747]]]}},{"type":"Feature","properties":{"q":"NWSW","ac":38.2},"geometry":{"type":"Polygon","coordinates":[[[-105.982901,43.785178],[-105.987899,43.785135],[-105.98795,43.788579],[-105.982946,43.78865],[-105.982901,43.785178]]]}},{"type":"Feature","properties":{"q":"NWSW","ac":41.4},"geometry":{"type":"Polygon","coordinates":[[[-105.948378,43.74146],[-105.948361,43.745202],[-105.943335,43.745167],[-105.943367,43.741449],[-105.948378,43.74146]]]}},{"type":"Feature","properties":{"q":"NWNW","ac":40.0},"geometry":{"type":"Polygon","coordinates":[[[-105.943285,43.767113],[-105.943282,43.763486],[-105.943949,43.763496],[-105.948278,43.76356],[-105.948262,43.767185],[-105.946235,43.767156],[-105.943285,43.767113]]]}},{"type":"Feature","properties":{"q":"SWNW","ac":41.1},"geometry":{"type":"Polygon","coordinates":[[[-105.968352,43.748808],[-105.96335,43.748842],[-105.963362,43.745121],[-105.968362,43.745093],[-105.968352,43.748808]]]}},{"type":"Feature","properties":{"q":"NWSE","ac":40.6},"geometry":{"type":"Polygon","coordinates":[[[-105.938355,43.741437],[-105.938308,43.745132],[-105.933335,43.745098],[-105.93337,43.741425],[-105.938355,43.741437]]]}},{"type":"Feature","properties":{"q":"SESW","ac":38.6},"geometry":{"type":"Polygon","coordinates":[[[-105.978076,43.767653],[-105.983069,43.767786],[-105.983016,43.771267],[-105.978023,43.77117],[-105.978076,43.767653]]]}},{"type":"Feature","properties":{"q":"SESE","ac":40.2},"geometry":{"type":"Polygon","coordinates":[[[-105.948214,43.781683],[-105.95313,43.781699],[-105.952879,43.785308],[-105.947747,43.785309],[-105.948214,43.781683]]]}},{"type":"Feature","properties":{"q":"SESW","ac":38.5},"geometry":{"type":"Polygon","coordinates":[[[-105.977863,43.78172],[-105.982856,43.781706],[-105.982901,43.785178],[-105.977903,43.78522],[-105.977863,43.78172]]]}},{"type":"Feature","properties":{"q":"NENW","ac":41.2},"geometry":{"type":"Polygon","coordinates":[[[-105.958348,43.748876],[-105.96335,43.748842],[-105.963338,43.752564],[-105.958334,43.752605],[-105.958348,43.748876]]]}},{"type":"Feature","properties":{"q":"SESW","ac":40.7},"geometry":{"type":"Polygon","coordinates":[[[-105.958334,43.752605],[-105.963338,43.752564],[-105.963287,43.756257],[-105.958295,43.756275],[-105.958334,43.752605]]]}},{"type":"Feature","properties":{"q":"NENW","ac":40.4},"geometry":{"type":"Polygon","coordinates":[[[-105.958177,43.767285],[-105.958216,43.763615],[-105.963185,43.763643],[-105.963134,43.767336],[-105.958177,43.767285]]]}},{"type":"Feature","properties":{"q":"NWSW","ac":38.2},"geometry":{"type":"Polygon","coordinates":[[[-105.987955,43.774806],[-105.982962,43.774747],[-105.983016,43.771267],[-105.988008,43.771363],[-105.987955,43.774806]]]}},{"type":"Feature","properties":{"q":"NENW","ac":41.6},"geometry":{"type":"Polygon","coordinates":[[[-105.978163,43.763901],[-105.983167,43.764017],[-105.983069,43.767786],[-105.978076,43.767653],[-105.978163,43.763901]]]}},{"type":"Feature","properties":{"q":"NESE","ac":39.9},"geometry":{"type":"Polygon","coordinates":[[[-105.928314,43.755994],[-105.933276,43.756058],[-105.933294,43.759704],[-105.928327,43.759626],[-105.928314,43.755994]]]}},{"type":"Feature","properties":{"q":"NENE","ac":39.9},"geometry":{"type":"Polygon","coordinates":[[[-105.948278,43.76356],[-105.953247,43.763588],[-105.953219,43.767235],[-105.948262,43.767185],[-105.948278,43.76356]]]}},{"type":"Feature","properties":{"q":"SWSW","ac":40.5},"geometry":{"type":"Polygon","coordinates":[[[-105.94327,43.752574],[-105.948327,43.752685],[-105.94831,43.75631],[-105.943274,43.756216],[-105.94327,43.752574]]]}},{"type":"Feature","properties":{"q":"NESW","ac":41.8},"geometry":{"type":"Polygon","coordinates":[[[-105.978336,43.756398],[-105.983365,43.756477],[-105.983266,43.760247],[-105.97825,43.76015],[-105.978336,43.756398]]]}},{"type":"Feature","properties":{"q":"SWSW","ac":39.9},"geometry":{"type":"Polygon","coordinates":[[[-105.94825,43.770809],[-105.943275,43.770739],[-105.943285,43.767113],[-105.946235,43.767156],[-105.948262,43.767185],[-105.948259,43.768047],[-105.94825,43.770809]]]}},{"type":"Feature","properties":{"q":"SENW","ac":40.5},"geometry":{"type":"Polygon","coordinates":[[[-105.963236,43.75995],[-105.963185,43.763643],[-105.958216,43.763615],[-105.958256,43.759945],[-105.963236,43.75995]]]}},{"type":"Feature","properties":{"q":"NESW","ac":38.2},"geometry":{"type":"Polygon","coordinates":[[[-105.942538,43.78883],[-105.939792,43.78877],[-105.937797,43.788726],[-105.938038,43.785141],[-105.939746,43.785171],[-105.942892,43.785225],[-105.942538,43.78883]]]}},{"type":"Feature","properties":{"q":"SENE","ac":40.1},"geometry":{"type":"Polygon","coordinates":[[[-105.928331,43.748712],[-105.928361,43.745063],[-105.933335,43.745098],[-105.933296,43.748755],[-105.928331,43.748712]]]}},{"type":"Feature","properties":{"q":"NESE","ac":38.7},"geometry":{"type":"Polygon","coordinates":[[[-105.992946,43.784936],[-105.993004,43.788417],[-105.98795,43.788579],[-105.987899,43.785135],[-105.992946,43.784936]]]}},{"type":"Feature","properties":{"q":"NWNE","ac":39.3},"geometry":{"type":"Polygon","coordinates":[[[-105.953153,43.778084],[-105.958079,43.778108],[-105.958046,43.781715],[-105.95313,43.781699],[-105.953153,43.778084]]]}},{"type":"Feature","properties":{"q":"SENE","ac":41.3},"geometry":{"type":"Polygon","coordinates":[[[-105.948361,43.745202],[-105.953361,43.745175],[-105.953346,43.74891],[-105.948344,43.748944],[-105.948361,43.745202]]]}},{"type":"Feature","properties":{"q":"SWSW","ac":39.4},"geometry":{"type":"Polygon","coordinates":[[[-105.968092,43.767386],[-105.968038,43.770976],[-105.963091,43.770935],[-105.963134,43.767336],[-105.968092,43.767386]]]}},{"type":"Feature","properties":{"q":"SENW","ac":41.2},"geometry":{"type":"Polygon","coordinates":[[[-105.958361,43.745148],[-105.963362,43.745121],[-105.96335,43.748842],[-105.958348,43.748876],[-105.958361,43.745148]]]}},{"type":"Feature","properties":{"q":"SWSE","ac":38.8},"geometry":{"type":"Polygon","coordinates":[[[-105.972871,43.781734],[-105.977863,43.78172],[-105.977903,43.78522],[-105.972904,43.785262],[-105.972871,43.781734]]]}},{"type":"Feature","properties":{"q":"NESW","ac":39.4},"geometry":{"type":"Polygon","coordinates":[[[-105.958144,43.770893],[-105.963091,43.770935],[-105.963048,43.774534],[-105.958111,43.774501],[-105.958144,43.770893]]]}},{"type":"Feature","properties":{"q":"SWNE","ac":41.3},"geometry":{"type":"Polygon","coordinates":[[[-105.953361,43.745175],[-105.958361,43.745148],[-105.958348,43.748876],[-105.953346,43.74891],[-105.953361,43.745175]]]}},{"type":"Feature","properties":{"q":"NWSE","ac":41.3},"geometry":{"type":"Polygon","coordinates":[[[-105.953377,43.74144],[-105.958375,43.741419],[-105.958361,43.745148],[-105.953361,43.745175],[-105.953377,43.74144]]]}},{"type":"Feature","properties":{"q":"SWSW","ac":38.2},"geometry":{"type":"Polygon","coordinates":[[[-105.982856,43.781706],[-105.987849,43.781692],[-105.987899,43.785135],[-105.982901,43.785178],[-105.982856,43.781706]]]}},{"type":"Feature","properties":{"q":"NENW","ac":38.6},"geometry":{"type":"Polygon","coordinates":[[[-105.982856,43.781706],[-105.977863,43.78172],[-105.977917,43.778203],[-105.982909,43.778226],[-105.982856,43.781706]]]}},{"type":"Feature","properties":{"q":"NENE","ac":36.9},"geometry":{"type":"Polygon","coordinates":[[[-105.928347,43.778109],[-105.933317,43.778098],[-105.933311,43.781493],[-105.928343,43.781429],[-105.928345,43.779743],[-105.928347,43.778109]]]}},{"type":"Feature","properties":{"q":"SESE","ac":39.9},"geometry":{"type":"Polygon","coordinates":[[[-105.928356,43.766899],[-105.933332,43.766971],[-105.933328,43.770599],[-105.928354,43.770529],[-105.928356,43.766899]]]}},{"type":"Feature","properties":{"q":"SESE","ac":41.5},"geometry":{"type":"Polygon","coordinates":[[[-105.968342,43.752524],[-105.973383,43.752585],[-105.973308,43.756319],[-105.96828,43.756239],[-105.968342,43.752524]]]}},{"type":"Feature","properties":{"q":"SWNW","ac":40.1},"geometry":{"type":"Polygon","coordinates":[[[-105.943949,43.763496],[-105.943282,43.763486],[-105.943278,43.759858],[-105.943934,43.759868],[-105.948294,43.759935],[-105.948278,43.76356],[-105.943949,43.763496]]]}},{"type":"Feature","properties":{"q":"SWSE","ac":39.5},"geometry":{"type":"Polygon","coordinates":[[[-105.953219,43.767235],[-105.958177,43.767285],[-105.958144,43.770893],[-105.953197,43.770851],[-105.953219,43.767235]]]}},{"type":"Feature","properties":{"q":"NENW","ac":40.0},"geometry":{"type":"Polygon","coordinates":[[[-105.938285,43.763411],[-105.943282,43.763486],[-105.943285,43.767113],[-105.938309,43.767042],[-105.938285,43.763411]]]}},{"type":"Feature","properties":{"q":"NWNW","ac":41.8},"geometry":{"type":"Polygon","coordinates":[[[-105.983167,43.764017],[-105.988172,43.764132],[-105.988061,43.76792],[-105.983069,43.767786],[-105.983167,43.764017]]]}},{"type":"Feature","properties":{"q":"SWNW","ac":41.4},"geometry":{"type":"Polygon","coordinates":[[[-105.948361,43.745202],[-105.948344,43.748944],[-105.943303,43.748871],[-105.943335,43.745167],[-105.948361,43.745202]]]}},{"type":"Feature","properties":{"q":"NESE","ac":41.4},"geometry":{"type":"Polygon","coordinates":[[[-105.973308,43.756319],[-105.973233,43.760052],[-105.968217,43.759955],[-105.96828,43.756239],[-105.973308,43.756319]]]}},{"type":"Feature","properties":{"q":"NENW","ac":39.2},"geometry":{"type":"Polygon","coordinates":[[[-105.958079,43.778108],[-105.963005,43.778133],[-105.962962,43.781731],[-105.958046,43.781715],[-105.958079,43.778108]]]}},{"type":"Feature","properties":{"q":"NWNE","ac":41.3},"geometry":{"type":"Polygon","coordinates":[[[-105.953346,43.74891],[-105.958348,43.748876],[-105.958334,43.752605],[-105.953331,43.752645],[-105.953346,43.74891]]]}},{"type":"Feature","properties":{"q":"SWNW","ac":41.9},"geometry":{"type":"Polygon","coordinates":[[[-105.983266,43.760247],[-105.988282,43.760344],[-105.988172,43.764132],[-105.983167,43.764017],[-105.983266,43.760247]]]}},{"type":"Feature","properties":{"q":"NWSE","ac":39.0},"geometry":{"type":"Polygon","coordinates":[[[-105.973031,43.771073],[-105.978023,43.77117],[-105.97797,43.774687],[-105.972977,43.774627],[-105.973031,43.771073]]]}},{"type":"Feature","properties":{"q":"SWSE","ac":41.7},"geometry":{"type":"Polygon","coordinates":[[[-105.973383,43.752585],[-105.978423,43.752646],[-105.978336,43.756398],[-105.973308,43.756319],[-105.973383,43.752585]]]}},{"type":"Feature","properties":{"q":"SENE","ac":43.0},"geometry":{"type":"Polygon","coordinates":[[[-105.933323,43.774227],[-105.933317,43.77786],[-105.933317,43.778098],[-105.928347,43.778109],[-105.928348,43.777793],[-105.928352,43.774158],[-105.933323,43.774227]]]}},{"type":"Feature","properties":{"q":"SWSE","ac":39.1},"geometry":{"type":"Polygon","coordinates":[[[-105.938279,43.781556],[-105.938038,43.785141],[-105.933112,43.785055],[-105.933311,43.781493],[-105.938279,43.781556]]]}},{"type":"Feature","properties":{"q":"SWNW","ac":39.8},"geometry":{"type":"Polygon","coordinates":[[[-105.943256,43.777993],[-105.943266,43.774365],[-105.948238,43.774434],[-105.948226,43.778059],[-105.943256,43.777993]]]}},{"type":"Feature","properties":{"q":"SESE","ac":40.2},"geometry":{"type":"Polygon","coordinates":[[[-105.948327,43.752685],[-105.953331,43.752645],[-105.953303,43.756293],[-105.94831,43.75631],[-105.948327,43.752685]]]}},{"type":"Feature","properties":{"q":"1","ac":5.4},"geometry":{"type":"Polygon","coordinates":[[[-105.933953,43.776452],[-105.933972,43.777869],[-105.933975,43.778097],[-105.933317,43.778098],[-105.933317,43.77786],[-105.933323,43.774227],[-105.933923,43.774236],[-105.93393,43.774806],[-105.933953,43.776452]]]}},{"type":"Feature","properties":{"q":"SWSW","ac":42.1},"geometry":{"type":"Polygon","coordinates":[[[-105.988504,43.752767],[-105.988393,43.756555],[-105.983365,43.756477],[-105.983463,43.752706],[-105.988504,43.752767]]]}},{"type":"Feature","properties":{"q":"NWNE","ac":39.0},"geometry":{"type":"Polygon","coordinates":[[[-105.972924,43.77818],[-105.977917,43.778203],[-105.977863,43.78172],[-105.972871,43.781734],[-105.972924,43.77818]]]}},{"type":"Feature","properties":{"q":"NESE","ac":40.3},"geometry":{"type":"Polygon","coordinates":[[[-105.928361,43.745063],[-105.928385,43.741413],[-105.93337,43.741425],[-105.933335,43.745098],[-105.928361,43.745063]]]}},{"type":"Feature","properties":{"q":"NWNW","ac":39.1},"geometry":{"type":"Polygon","coordinates":[[[-105.963005,43.778133],[-105.967931,43.778157],[-105.967878,43.781747],[-105.962962,43.781731],[-105.963005,43.778133]]]}},{"type":"Feature","properties":{"q":"NWNE","ac":41.7},"geometry":{"type":"Polygon","coordinates":[[[-105.978427,43.748894],[-105.978423,43.752646],[-105.973383,43.752585],[-105.97339,43.748851],[-105.978427,43.748894]]]}},{"type":"Feature","properties":{"q":"SWSE","ac":40.0},"geometry":{"type":"Polygon","coordinates":[[[-105.933257,43.752412],[-105.938214,43.752464],[-105.938238,43.756122],[-105.933276,43.756058],[-105.933257,43.752412]]]}},{"type":"Feature","properties":{"q":"SWNW","ac":42.1},"geometry":{"type":"Polygon","coordinates":[[[-105.983467,43.745167],[-105.988502,43.745191],[-105.988503,43.748979],[-105.983465,43.748937],[-105.983467,43.745167]]]}},{"type":"Feature","properties":{"q":"SWNE","ac":40.2},"geometry":{"type":"Polygon","coordinates":[[[-105.953275,43.75994],[-105.958256,43.759945],[-105.958216,43.763615],[-105.953247,43.763588],[-105.953275,43.75994]]]}},{"type":"Feature","properties":{"q":"SESE","ac":41.3},"geometry":{"type":"Polygon","coordinates":[[[-105.948396,43.737719],[-105.953392,43.737705],[-105.953377,43.74144],[-105.948378,43.74146],[-105.948396,43.737719]]]}},{"type":"Feature","properties":{"q":"SENW","ac":41.0},"geometry":{"type":"Polygon","coordinates":[[[-105.943303,43.748871],[-105.938261,43.748798],[-105.938308,43.745132],[-105.943335,43.745167],[-105.943303,43.748871]]]}},{"type":"Feature","properties":{"q":"SWNW","ac":39.2},"geometry":{"type":"Polygon","coordinates":[[[-105.963048,43.774534],[-105.967985,43.774567],[-105.967931,43.778157],[-105.963005,43.778133],[-105.963048,43.774534]]]}},{"type":"Feature","properties":{"q":"3","ac":37.3},"geometry":{"type":"Polygon","coordinates":[[[-105.948526,43.772111],[-105.948521,43.770812],[-105.953197,43.770851],[-105.953175,43.774468],[-105.948538,43.774436],[-105.948526,43.772111]]]}},{"type":"Feature","properties":{"q":"NWNW","ac":41.6},"geometry":{"type":"Polygon","coordinates":[[[-105.943303,43.748871],[-105.948344,43.748944],[-105.948327,43.752685],[-105.94327,43.752574],[-105.943303,43.748871]]]}},{"type":"Feature","properties":{"q":"NWSE","ac":39.5},"geometry":{"type":"Polygon","coordinates":[[[-105.953175,43.774468],[-105.953197,43.770851],[-105.958144,43.770893],[-105.958111,43.774501],[-105.953175,43.774468]]]}},{"type":"Feature","properties":{"q":"SESW","ac":41.9},"geometry":{"type":"Polygon","coordinates":[[[-105.978423,43.752646],[-105.983463,43.752706],[-105.983365,43.756477],[-105.978336,43.756398],[-105.978423,43.752646]]]}},{"type":"Feature","properties":{"q":"NENW","ac":41.9},"geometry":{"type":"Polygon","coordinates":[[[-105.983463,43.752706],[-105.978423,43.752646],[-105.978427,43.748894],[-105.983465,43.748937],[-105.983463,43.752706]]]}},{"type":"Feature","properties":{"q":"SWSW","ac":40.0},"geometry":{"type":"Polygon","coordinates":[[[-106.003263,43.795211],[-106.008333,43.795127],[-106.008047,43.798724],[-106.002982,43.79877],[-106.003263,43.795211]]]}},{"type":"Feature","properties":{"q":"SWSE","ac":37.8},"geometry":{"type":"Polygon","coordinates":[[[-106.037535,43.808819],[-106.037437,43.812233],[-106.032376,43.812391],[-106.032491,43.809022],[-106.037535,43.808819]]]}},{"type":"Feature","properties":{"q":"18","ac":37.2},"geometry":{"type":"Polygon","coordinates":[[[-105.997095,43.809378],[-106.002142,43.809447],[-106.002034,43.812762],[-105.996987,43.812736],[-105.997095,43.809378]]]}},{"type":"Feature","properties":{"q":"10","ac":38.0},"geometry":{"type":"Polygon","coordinates":[[[-106.03734,43.815647],[-106.037243,43.819054],[-106.032147,43.819125],[-106.032261,43.815759],[-106.03734,43.815647]]]}},{"type":"Feature","properties":{"q":"11","ac":36.9},"geometry":{"type":"Polygon","coordinates":[[[-106.012028,43.816014],[-106.017081,43.815967],[-106.016961,43.819283],[-106.011915,43.819308],[-106.012028,43.816014]]]}},{"type":"Feature","properties":{"q":"NWSE","ac":38.9},"geometry":{"type":"Polygon","coordinates":[[[-106.013078,43.798856],[-106.018108,43.798988],[-106.017845,43.802449],[-106.012803,43.802385],[-106.013078,43.798856]]]}},{"type":"Feature","properties":{"q":"NESE","ac":39.7},"geometry":{"type":"Polygon","coordinates":[[[-106.008047,43.798724],[-106.013078,43.798856],[-106.012803,43.802385],[-106.007761,43.802321],[-106.008047,43.798724]]]}},{"type":"Feature","properties":{"q":"10","ac":36.5},"geometry":{"type":"Polygon","coordinates":[[[-105.996878,43.816094],[-106.001927,43.816078],[-106.001821,43.81935],[-105.996773,43.819368],[-105.996878,43.816094]]]}},{"type":"Feature","properties":{"q":"SWNE","ac":38.5},"geometry":{"type":"Polygon","coordinates":[[[-105.957179,43.806326],[-105.952107,43.806305],[-105.952259,43.802915],[-105.957421,43.802911],[-105.957179,43.806326]]]}},{"type":"Feature","properties":{"q":"SWNE","ac":36.1},"geometry":{"type":"Polygon","coordinates":[[[-105.976743,43.81623],[-105.976641,43.819494],[-105.971624,43.819538],[-105.971724,43.816281],[-105.976743,43.81623]]]}},{"type":"Feature","properties":{"q":"NENW","ac":37.8},"geometry":{"type":"Polygon","coordinates":[[[-105.962175,43.806346],[-105.961917,43.809785],[-105.956936,43.80974],[-105.957179,43.806326],[-105.962175,43.806346]]]}},{"type":"Feature","properties":{"q":"SENW","ac":37.0},"geometry":{"type":"Polygon","coordinates":[[[-105.941473,43.819678],[-105.936455,43.819705],[-105.936649,43.816363],[-105.941651,43.81634],[-105.941473,43.819678]]]}},{"type":"Feature","properties":{"q":"NENE","ac":38.4},"geometry":{"type":"Polygon","coordinates":[[[-105.927251,43.806206],[-105.932176,43.806226],[-105.932065,43.809722],[-105.927095,43.809745],[-105.927251,43.806206]]]}},{"type":"Feature","properties":{"q":"SWSE","ac":36.4},"geometry":{"type":"Polygon","coordinates":[[[-105.956936,43.80974],[-105.956807,43.813033],[-105.95181,43.813008],[-105.951955,43.809695],[-105.956936,43.80974]]]}},{"type":"Feature","properties":{"q":"SENE","ac":42.7},"geometry":{"type":"Polygon","coordinates":[[[-105.952628,43.788916],[-105.952596,43.79252],[-105.947249,43.792561],[-105.94728,43.788935],[-105.952628,43.788916]]]}},{"type":"Feature","properties":{"q":"SWSW","ac":36.6},"geometry":{"type":"Polygon","coordinates":[[[-105.942004,43.809674],[-105.946974,43.80965],[-105.946814,43.812984],[-105.941828,43.813007],[-105.942004,43.809674]]]}},{"type":"Feature","properties":{"q":"NESW","ac":36.8},"geometry":{"type":"Polygon","coordinates":[[[-105.941828,43.813007],[-105.941651,43.81634],[-105.936649,43.816363],[-105.936842,43.81303],[-105.941828,43.813007]]]}},{"type":"Feature","properties":{"q":"NWSE","ac":39.2},"geometry":{"type":"Polygon","coordinates":[[[-105.957421,43.802911],[-105.952259,43.802915],[-105.952411,43.79952],[-105.957665,43.799485],[-105.957421,43.802911]]]}},{"type":"Feature","properties":{"q":"1","ac":26.9},"geometry":{"type":"Polygon","coordinates":[[[-105.926419,43.819738],[-105.931437,43.819722],[-105.931284,43.822148],[-105.929124,43.822158],[-105.926254,43.822166],[-105.926419,43.819738]]]}},{"type":"Feature","properties":{"q":"NWSE","ac":36.5},"geometry":{"type":"Polygon","coordinates":[[[-105.95181,43.813008],[-105.956807,43.813033],[-105.956678,43.816325],[-105.951666,43.816321],[-105.95181,43.813008]]]}},{"type":"Feature","properties":{"q":"4","ac":26.1},"geometry":{"type":"Polygon","coordinates":[[[-105.981659,43.819461],[-105.986676,43.819427],[-105.986602,43.821788],[-105.98417,43.821799],[-105.981585,43.821811],[-105.981659,43.819461]]]}},{"type":"Feature","properties":{"q":"SESW","ac":38.2},"geometry":{"type":"Polygon","coordinates":[[[-105.957908,43.796059],[-105.962949,43.796017],[-105.962691,43.799462],[-105.957665,43.799485],[-105.957908,43.796059]]]}},{"type":"Feature","properties":{"q":"NENW","ac":40.5},"geometry":{"type":"Polygon","coordinates":[[[-105.937544,43.792491],[-105.942396,43.792526],[-105.942255,43.796222],[-105.93729,43.796257],[-105.937544,43.792491]]]}},{"type":"Feature","properties":{"q":"NENE","ac":39.3},"geometry":{"type":"Polygon","coordinates":[[[-106.02841,43.795928],[-106.028341,43.792277],[-106.033247,43.791932],[-106.033279,43.795546],[-106.02841,43.795928]]]}},{"type":"Feature","properties":{"q":"NWNE","ac":40.1},"geometry":{"type":"Polygon","coordinates":[[[-106.013273,43.791717],[-106.018296,43.791904],[-106.018371,43.795527],[-106.013352,43.795327],[-106.013273,43.791717]]]}},{"type":"Feature","properties":{"q":"SESW","ac":38.3},"geometry":{"type":"Polygon","coordinates":[[[-106.037535,43.808819],[-106.042578,43.808618],[-106.042498,43.812076],[-106.037437,43.812233],[-106.037535,43.808819]]]}},{"type":"Feature","properties":{"q":"NESE","ac":36.3},"geometry":{"type":"Polygon","coordinates":[[[-106.028169,43.799252],[-106.033082,43.798915],[-106.032885,43.802284],[-106.027929,43.802576],[-106.028169,43.799252]]]}},{"type":"Feature","properties":{"q":"6","ac":40.1},"geometry":{"type":"Polygon","coordinates":[[[-106.0477,43.811915],[-106.047647,43.815419],[-106.042419,43.815535],[-106.042498,43.812076],[-106.0477,43.811915]]]}},{"type":"Feature","properties":{"q":"14","ac":37.7},"geometry":{"type":"Polygon","coordinates":[[[-105.996878,43.816094],[-105.99183,43.81611],[-105.991939,43.812709],[-105.996987,43.812736],[-105.996878,43.816094]]]}},{"type":"Feature","properties":{"q":"NESW","ac":38.2},"geometry":{"type":"Polygon","coordinates":[[[-106.018108,43.798988],[-106.023139,43.79912],[-106.022887,43.802513],[-106.017845,43.802449],[-106.018108,43.798988]]]}},{"type":"Feature","properties":{"q":"SENW","ac":38.7},"geometry":{"type":"Polygon","coordinates":[[[-106.038157,43.788007],[-106.043103,43.787697],[-106.04306,43.791239],[-106.038153,43.791586],[-106.038157,43.788007]]]}},{"type":"Feature","properties":{"q":"16","ac":37.0},"geometry":{"type":"Polygon","coordinates":[[[-106.027316,43.812548],[-106.027183,43.815871],[-106.022132,43.815919],[-106.022258,43.812608],[-106.027316,43.812548]]]}},{"type":"Feature","properties":{"q":"SESW","ac":39.6},"geometry":{"type":"Polygon","coordinates":[[[-106.002982,43.79877],[-105.997918,43.798817],[-105.998192,43.795296],[-106.003263,43.795211],[-106.002982,43.79877]]]}},{"type":"Feature","properties":{"q":"2","ac":26.9},"geometry":{"type":"Polygon","coordinates":[[[-105.936455,43.819705],[-105.936315,43.822124],[-105.934112,43.822135],[-105.931284,43.822148],[-105.931437,43.819722],[-105.936455,43.819705]]]}},{"type":"Feature","properties":{"q":"SESE","ac":38.7},"geometry":{"type":"Polygon","coordinates":[[[-105.993122,43.795381],[-105.992853,43.798863],[-105.987789,43.798909],[-105.988051,43.795465],[-105.993122,43.795381]]]}},{"type":"Feature","properties":{"q":"NESW","ac":38.1},"geometry":{"type":"Polygon","coordinates":[[[-105.957665,43.799485],[-105.962691,43.799462],[-105.962433,43.802907],[-105.957421,43.802911],[-105.957665,43.799485]]]}},{"type":"Feature","properties":{"q":"11","ac":36.1},"geometry":{"type":"Polygon","coordinates":[[[-105.961805,43.813057],[-105.966802,43.813081],[-105.966706,43.816332],[-105.961692,43.816329],[-105.961805,43.813057]]]}},{"type":"Feature","properties":{"q":"SESW","ac":38.2},"geometry":{"type":"Polygon","coordinates":[[[-105.983036,43.795593],[-105.982771,43.799042],[-105.977753,43.799174],[-105.978021,43.79572],[-105.983036,43.795593]]]}},{"type":"Feature","properties":{"q":"SESE","ac":37.0},"geometry":{"type":"Polygon","coordinates":[[[-105.927563,43.799127],[-105.927718,43.795588],[-105.932504,43.795922],[-105.932395,43.799326],[-105.927563,43.799127]]]}},{"type":"Feature","properties":{"q":"NESE","ac":38.9},"geometry":{"type":"Polygon","coordinates":[[[-105.947158,43.799554],[-105.952411,43.79952],[-105.952259,43.802915],[-105.947096,43.802919],[-105.947158,43.799554]]]}},{"type":"Feature","properties":{"q":"SENW","ac":36.3},"geometry":{"type":"Polygon","coordinates":[[[-105.981762,43.816178],[-105.981659,43.819461],[-105.976641,43.819494],[-105.976743,43.81623],[-105.981762,43.816178]]]}},{"type":"Feature","properties":{"q":"SWSW","ac":38.4},"geometry":{"type":"Polygon","coordinates":[[[-105.967991,43.795976],[-105.967718,43.799439],[-105.962691,43.799462],[-105.962949,43.796017],[-105.967991,43.795976]]]}},{"type":"Feature","properties":{"q":"NENE","ac":38.7},"geometry":{"type":"Polygon","coordinates":[[[-105.987264,43.805796],[-105.992317,43.805827],[-105.992048,43.809308],[-105.987002,43.809239],[-105.987264,43.805796]]]}},{"type":"Feature","properties":{"q":"3","ac":26.0},"geometry":{"type":"Polygon","coordinates":[[[-105.976641,43.819494],[-105.981659,43.819461],[-105.981585,43.821811],[-105.979149,43.821821],[-105.976569,43.821845],[-105.976641,43.819494]]]}},{"type":"Feature","properties":{"q":"17","ac":37.1},"geometry":{"type":"Polygon","coordinates":[[[-106.027448,43.809224],[-106.027316,43.812548],[-106.022258,43.812608],[-106.022383,43.809297],[-106.027448,43.809224]]]}},{"type":"Feature","properties":{"q":"4","ac":38.2},"geometry":{"type":"Polygon","coordinates":[[[-106.017845,43.802449],[-106.022887,43.802513],[-106.022635,43.805905],[-106.017582,43.80591],[-106.017845,43.802449]]]}},{"type":"Feature","properties":{"q":"3","ac":26.8},"geometry":{"type":"Polygon","coordinates":[[[-106.037243,43.819054],[-106.042338,43.818989],[-106.042283,43.821375],[-106.041419,43.821382],[-106.039267,43.821401],[-106.037175,43.821419],[-106.037182,43.821197],[-106.037243,43.819054]]]}},{"type":"Feature","properties":{"q":"9","ac":37.0},"geometry":{"type":"Polygon","coordinates":[[[-106.027183,43.815871],[-106.027052,43.819197],[-106.022007,43.81924],[-106.022132,43.815919],[-106.027183,43.815871]]]}},{"type":"Feature","properties":{"q":"SWSW","ac":37.4},"geometry":{"type":"Polygon","coordinates":[[[-106.023391,43.795728],[-106.02841,43.795928],[-106.028169,43.799252],[-106.023139,43.79912],[-106.023391,43.795728]]]}},{"type":"Feature","properties":{"q":"SENW","ac":39.5},"geometry":{"type":"Polygon","coordinates":[[[-105.997644,43.802337],[-106.002702,43.802329],[-106.002422,43.805888],[-105.997369,43.805857],[-105.997644,43.802337]]]}},{"type":"Feature","properties":{"q":"NWNW","ac":39.9},"geometry":{"type":"Polygon","coordinates":[[[-106.002422,43.805888],[-106.007475,43.805919],[-106.007189,43.809516],[-106.002142,43.809447],[-106.002422,43.805888]]]}},{"type":"Feature","properties":{"q":"NENE","ac":37.0},"geometry":{"type":"Polygon","coordinates":[[[-106.032688,43.805653],[-106.032491,43.809022],[-106.027448,43.809224],[-106.027689,43.8059],[-106.032688,43.805653]]]}},{"type":"Feature","properties":{"q":"11","ac":37.6},"geometry":{"type":"Polygon","coordinates":[[[-106.032261,43.815759],[-106.032147,43.819125],[-106.027052,43.819197],[-106.027183,43.815871],[-106.032261,43.815759]]]}},{"type":"Feature","properties":{"q":"11","ac":36.6},"geometry":{"type":"Polygon","coordinates":[[[-105.99183,43.81611],[-105.996878,43.816094],[-105.996773,43.819368],[-105.991725,43.819398],[-105.99183,43.81611]]]}},{"type":"Feature","properties":{"q":"SENW","ac":40.3},"geometry":{"type":"Polygon","coordinates":[[[-106.023246,43.788453],[-106.023318,43.792091],[-106.018296,43.791904],[-106.01822,43.78828],[-106.023246,43.788453]]]}},{"type":"Feature","properties":{"q":"10","ac":36.5},"geometry":{"type":"Polygon","coordinates":[[[-106.038149,43.795164],[-106.037995,43.798578],[-106.033082,43.798915],[-106.033279,43.795546],[-106.038149,43.795164]]]}},{"type":"Feature","properties":{"q":"18","ac":36.9},"geometry":{"type":"Polygon","coordinates":[[[-106.017318,43.80937],[-106.022383,43.809297],[-106.022258,43.812608],[-106.0172,43.812668],[-106.017318,43.80937]]]}},{"type":"Feature","properties":{"q":"5","ac":40.3},"geometry":{"type":"Polygon","coordinates":[[[-106.047647,43.815419],[-106.047594,43.818923],[-106.042338,43.818989],[-106.042419,43.815535],[-106.047647,43.815419]]]}},{"type":"Feature","properties":{"q":"8","ac":38.1},"geometry":{"type":"Polygon","coordinates":[[[-106.047953,43.794393],[-106.047908,43.797897],[-106.04291,43.79824],[-106.043017,43.794781],[-106.047953,43.794393]]]}},{"type":"Feature","properties":{"q":"NWNE","ac":38.9},"geometry":{"type":"Polygon","coordinates":[[[-106.038153,43.791586],[-106.038149,43.795164],[-106.033279,43.795546],[-106.033247,43.791932],[-106.038153,43.791586]]]}},{"type":"Feature","properties":{"q":"9","ac":36.5},"geometry":{"type":"Polygon","coordinates":[[[-106.001927,43.816078],[-106.006975,43.816061],[-106.006869,43.819333],[-106.001821,43.81935],[-106.001927,43.816078]]]}},{"type":"Feature","properties":{"q":"NWSW","ac":40.0},"geometry":{"type":"Polygon","coordinates":[[[-106.008047,43.798724],[-106.007761,43.802321],[-106.002702,43.802329],[-106.002982,43.79877],[-106.008047,43.798724]]]}},{"type":"Feature","properties":{"q":"NWNW","ac":40.1},"geometry":{"type":"Polygon","coordinates":[[[-106.00825,43.79153],[-106.008333,43.795127],[-106.003263,43.795211],[-106.003188,43.791653],[-106.00825,43.79153]]]}},{"type":"Feature","properties":{"q":"NWNE","ac":39.0},"geometry":{"type":"Polygon","coordinates":[[[-106.012528,43.805914],[-106.017582,43.80591],[-106.017318,43.80937],[-106.012254,43.809443],[-106.012528,43.805914]]]}},{"type":"Feature","properties":{"q":"SENE","ac":36.7},"geometry":{"type":"Polygon","coordinates":[[[-106.032885,43.802284],[-106.032688,43.805653],[-106.027689,43.8059],[-106.027929,43.802576],[-106.032885,43.802284]]]}},{"type":"Feature","properties":{"q":"15","ac":36.9},"geometry":{"type":"Polygon","coordinates":[[[-106.022258,43.812608],[-106.022132,43.815919],[-106.017081,43.815967],[-106.0172,43.812668],[-106.022258,43.812608]]]}},{"type":"Feature","properties":{"q":"NENE","ac":39.9},"geometry":{"type":"Polygon","coordinates":[[[-106.00825,43.79153],[-106.013273,43.791717],[-106.013352,43.795327],[-106.008333,43.795127],[-106.00825,43.79153]]]}},{"type":"Feature","properties":{"q":"SESE","ac":39.7},"geometry":{"type":"Polygon","coordinates":[[[-106.008333,43.795127],[-106.013352,43.795327],[-106.013078,43.798856],[-106.008047,43.798724],[-106.008333,43.795127]]]}},{"type":"Feature","properties":{"q":"7","ac":26.0},"geometry":{"type":"Polygon","coordinates":[[[-106.022007,43.81924],[-106.021919,43.821576],[-106.019243,43.821606],[-106.016878,43.821611],[-106.016961,43.819283],[-106.022007,43.81924]]]}},{"type":"Feature","properties":{"q":"SWNE","ac":37.2},"geometry":{"type":"Polygon","coordinates":[[[-106.037842,43.801992],[-106.037688,43.805406],[-106.032688,43.805653],[-106.032885,43.802284],[-106.037842,43.801992]]]}},{"type":"Feature","properties":{"q":"SESW","ac":38.1},"geometry":{"type":"Polygon","coordinates":[[[-106.018371,43.795527],[-106.023391,43.795728],[-106.023139,43.79912],[-106.018108,43.798988],[-106.018371,43.795527]]]}},{"type":"Feature","properties":{"q":"SWSE","ac":39.2},"geometry":{"type":"Polygon","coordinates":[[[-105.992853,43.798863],[-105.993122,43.795381],[-105.998192,43.795296],[-105.997918,43.798817],[-105.992853,43.798863]]]}},{"type":"Feature","properties":{"q":"SWNE","ac":39.1},"geometry":{"type":"Polygon","coordinates":[[[-106.038157,43.788007],[-106.038153,43.791586],[-106.033247,43.791932],[-106.033215,43.788317],[-106.038157,43.788007]]]}},{"type":"Feature","properties":{"q":"5","ac":36.9},"geometry":{"type":"Polygon","coordinates":[[[-106.037995,43.798578],[-106.037842,43.801992],[-106.032885,43.802284],[-106.033082,43.798915],[-106.037995,43.798578]]]}},{"type":"Feature","properties":{"q":"13","ac":37.9},"geometry":{"type":"Polygon","coordinates":[[[-106.037437,43.812233],[-106.03734,43.815647],[-106.032261,43.815759],[-106.032376,43.812391],[-106.037437,43.812233]]]}},{"type":"Feature","properties":{"q":"NWNE","ac":39.2},"geometry":{"type":"Polygon","coordinates":[[[-105.998125,43.791776],[-105.998192,43.795296],[-105.993122,43.795381],[-105.993063,43.791899],[-105.998125,43.791776]]]}},{"type":"Feature","properties":{"q":"SENE","ac":40.0},"geometry":{"type":"Polygon","coordinates":[[[-106.008167,43.787932],[-106.013194,43.788106],[-106.013273,43.791717],[-106.00825,43.79153],[-106.008167,43.787932]]]}},{"type":"Feature","properties":{"q":"6","ac":26.1},"geometry":{"type":"Polygon","coordinates":[[[-105.99165,43.821748],[-105.991725,43.819398],[-105.996773,43.819368],[-105.996698,43.821694],[-105.994216,43.82172],[-105.99165,43.821748]]]}},{"type":"Feature","properties":{"q":"8","ac":25.9},"geometry":{"type":"Polygon","coordinates":[[[-106.021919,43.821576],[-106.022007,43.81924],[-106.027052,43.819197],[-106.02696,43.82152],[-106.024257,43.82155],[-106.021919,43.821576]]]}},{"type":"Feature","properties":{"q":"19","ac":36.8},"geometry":{"type":"Polygon","coordinates":[[[-106.0172,43.812668],[-106.012141,43.812729],[-106.012254,43.809443],[-106.017318,43.80937],[-106.0172,43.812668]]]}},{"type":"Feature","properties":{"q":"10","ac":37.0},"geometry":{"type":"Polygon","coordinates":[[[-106.022132,43.815919],[-106.022007,43.81924],[-106.016961,43.819283],[-106.017081,43.815967],[-106.022132,43.815919]]]}},{"type":"Feature","properties":{"q":"1","ac":39.5},"geometry":{"type":"Polygon","coordinates":[[[-106.047754,43.808411],[-106.042578,43.808618],[-106.042691,43.805159],[-106.047808,43.804906],[-106.047754,43.808411]]]}},{"type":"Feature","properties":{"q":"7","ac":38.6},"geometry":{"type":"Polygon","coordinates":[[[-106.047908,43.797897],[-106.047863,43.801401],[-106.042803,43.8017],[-106.04291,43.79824],[-106.047908,43.797897]]]}},{"type":"Feature","properties":{"q":"11","ac":36.0},"geometry":{"type":"Polygon","coordinates":[[[-106.033082,43.798915],[-106.028169,43.799252],[-106.02841,43.795928],[-106.033279,43.795546],[-106.033082,43.798915]]]}},{"type":"Feature","properties":{"q":"9","ac":37.0},"geometry":{"type":"Polygon","coordinates":[[[-106.038149,43.795164],[-106.043017,43.794781],[-106.04291,43.79824],[-106.037995,43.798578],[-106.038149,43.795164]]]}},{"type":"Feature","properties":{"q":"5","ac":25.7},"geometry":{"type":"Polygon","coordinates":[[[-106.006869,43.819333],[-106.011915,43.819308],[-106.011836,43.821622],[-106.009292,43.821627],[-106.006794,43.82164],[-106.006869,43.819333]]]}},{"type":"Feature","properties":{"q":"14","ac":36.8},"geometry":{"type":"Polygon","coordinates":[[[-106.0172,43.812668],[-106.017081,43.815967],[-106.012028,43.816014],[-106.012141,43.812729],[-106.0172,43.812668]]]}},{"type":"Feature","properties":{"q":"SWNW","ac":40.4},"geometry":{"type":"Polygon","coordinates":[[[-106.023246,43.788453],[-106.028272,43.788627],[-106.028341,43.792277],[-106.023318,43.792091],[-106.023246,43.788453]]]}},{"type":"Feature","properties":{"q":"NWSE","ac":39.1},"geometry":{"type":"Polygon","coordinates":[[[-105.997918,43.798817],[-105.997644,43.802337],[-105.992585,43.802345],[-105.992853,43.798863],[-105.997918,43.798817]]]}},{"type":"Feature","properties":{"q":"SENW","ac":37.7},"geometry":{"type":"Polygon","coordinates":[[[-106.042803,43.8017],[-106.042691,43.805159],[-106.037688,43.805406],[-106.037842,43.801992],[-106.042803,43.8017]]]}},{"type":"Feature","properties":{"q":"NENW","ac":40.2},"geometry":{"type":"Polygon","coordinates":[[[-106.018371,43.795527],[-106.018296,43.791904],[-106.023318,43.792091],[-106.023391,43.795728],[-106.018371,43.795527]]]}},{"type":"Feature","properties":{"q":"2","ac":38.6},"geometry":{"type":"Polygon","coordinates":[[[-106.048014,43.790889],[-106.04306,43.791239],[-106.043103,43.787697],[-106.048075,43.787385],[-106.048014,43.790889]]]}},{"type":"Feature","properties":{"q":"SENE","ac":39.6},"geometry":{"type":"Polygon","coordinates":[[[-106.033215,43.788317],[-106.033247,43.791932],[-106.028341,43.792277],[-106.028272,43.788627],[-106.033215,43.788317]]]}},{"type":"Feature","properties":{"q":"17","ac":36.7},"geometry":{"type":"Polygon","coordinates":[[[-106.007189,43.809516],[-106.007082,43.812789],[-106.002034,43.812762],[-106.002142,43.809447],[-106.007189,43.809516]]]}},{"type":"Feature","properties":{"q":"NENW","ac":39.6},"geometry":{"type":"Polygon","coordinates":[[[-106.003188,43.791653],[-106.003263,43.795211],[-105.998192,43.795296],[-105.998125,43.791776],[-106.003188,43.791653]]]}},{"type":"Feature","properties":{"q":"1","ac":38.5},"geometry":{"type":"Polygon","coordinates":[[[-106.048014,43.790889],[-106.047953,43.794393],[-106.043017,43.794781],[-106.04306,43.791239],[-106.048014,43.790889]]]}},{"type":"Feature","properties":{"q":"9","ac":26.5},"geometry":{"type":"Polygon","coordinates":[[[-106.037243,43.819054],[-106.037182,43.821197],[-106.037175,43.821419],[-106.036874,43.821422],[-106.034268,43.821446],[-106.032068,43.821466],[-106.032147,43.819125],[-106.037243,43.819054]]]}},{"type":"Feature","properties":{"q":"SWNE","ac":39.2},"geometry":{"type":"Polygon","coordinates":[[[-105.998059,43.788256],[-105.998125,43.791776],[-105.993063,43.791899],[-105.993004,43.788417],[-105.998059,43.788256]]]}},{"type":"Feature","properties":{"q":"SENW","ac":38.5},"geometry":{"type":"Polygon","coordinates":[[[-106.042419,43.815535],[-106.042338,43.818989],[-106.037243,43.819054],[-106.03734,43.815647],[-106.042419,43.815535]]]}},{"type":"Feature","properties":{"q":"16","ac":36.7},"geometry":{"type":"Polygon","coordinates":[[[-106.001927,43.816078],[-106.002034,43.812762],[-106.007082,43.812789],[-106.006975,43.816061],[-106.001927,43.816078]]]}},{"type":"Feature","properties":{"q":"NENW","ac":38.1},"geometry":{"type":"Polygon","coordinates":[[[-106.042691,43.805159],[-106.042578,43.808618],[-106.037535,43.808819],[-106.037688,43.805406],[-106.042691,43.805159]]]}},{"type":"Feature","properties":{"q":"8","ac":26.2},"geometry":{"type":"Polygon","coordinates":[[[-106.032147,43.819125],[-106.032068,43.821466],[-106.02927,43.821491],[-106.02696,43.82152],[-106.027052,43.819197],[-106.032147,43.819125]]]}},{"type":"Feature","properties":{"q":"4","ac":27.9},"geometry":{"type":"Polygon","coordinates":[[[-106.047594,43.818923],[-106.047557,43.821341],[-106.044265,43.821361],[-106.042283,43.821375],[-106.042338,43.818989],[-106.047594,43.818923]]]}},{"type":"Feature","properties":{"q":"NWNW","ac":40.4},"geometry":{"type":"Polygon","coordinates":[[[-106.023318,43.792091],[-106.028341,43.792277],[-106.02841,43.795928],[-106.023391,43.795728],[-106.023318,43.792091]]]}},{"type":"Feature","properties":{"q":"8","ac":25.7},"geometry":{"type":"Polygon","coordinates":[[[-106.001821,43.81935],[-106.006869,43.819333],[-106.006794,43.82164],[-106.004267,43.821649],[-106.001746,43.821658],[-106.001821,43.81935]]]}},{"type":"Feature","properties":{"q":"SWSE","ac":38.9},"geometry":{"type":"Polygon","coordinates":[[[-106.013352,43.795327],[-106.018371,43.795527],[-106.018108,43.798988],[-106.013078,43.798856],[-106.013352,43.795327]]]}},{"type":"Feature","properties":{"q":"SWSE","ac":37.7},"geometry":{"type":"Polygon","coordinates":[[[-105.992048,43.809308],[-105.997095,43.809378],[-105.996987,43.812736],[-105.991939,43.812709],[-105.992048,43.809308]]]}},{"type":"Feature","properties":{"q":"SESE","ac":39.6},"geometry":{"type":"Polygon","coordinates":[[[-105.952411,43.79952],[-105.947158,43.799554],[-105.947219,43.796188],[-105.952563,43.796124],[-105.952411,43.79952]]]}},{"type":"Feature","properties":{"q":"SENE","ac":36.0},"geometry":{"type":"Polygon","coordinates":[[[-105.971724,43.816281],[-105.971624,43.819538],[-105.966608,43.819582],[-105.966706,43.816332],[-105.971724,43.816281]]]}},{"type":"Feature","properties":{"q":"NWNW","ac":38.2},"geometry":{"type":"Polygon","coordinates":[[[-105.987264,43.805796],[-105.987002,43.809239],[-105.981976,43.809387],[-105.982241,43.805939],[-105.987264,43.805796]]]}},{"type":"Feature","properties":{"q":"NWNE","ac":38.3},"geometry":{"type":"Polygon","coordinates":[[[-105.977218,43.806081],[-105.97695,43.809535],[-105.971924,43.809683],[-105.972195,43.806224],[-105.977218,43.806081]]]}},{"type":"Feature","properties":{"q":"SENE","ac":38.7},"geometry":{"type":"Polygon","coordinates":[[[-105.987526,43.802352],[-105.992585,43.802345],[-105.992317,43.805827],[-105.987264,43.805796],[-105.987526,43.802352]]]}},{"type":"Feature","properties":{"q":"SENE","ac":38.1},"geometry":{"type":"Polygon","coordinates":[[[-105.932287,43.802729],[-105.932176,43.806226],[-105.927251,43.806206],[-105.927407,43.802667],[-105.932287,43.802729]]]}},{"type":"Feature","properties":{"q":"SWNE","ac":38.3},"geometry":{"type":"Polygon","coordinates":[[[-105.977486,43.802628],[-105.977218,43.806081],[-105.972195,43.806224],[-105.972465,43.802766],[-105.977486,43.802628]]]}},{"type":"Feature","properties":{"q":"SWNE","ac":40.1},"geometry":{"type":"Polygon","coordinates":[[[-106.013194,43.788106],[-106.01822,43.78828],[-106.018296,43.791904],[-106.013273,43.791717],[-106.013194,43.788106]]]}},{"type":"Feature","properties":{"q":"20","ac":36.6},"geometry":{"type":"Polygon","coordinates":[[[-106.007189,43.809516],[-106.012254,43.809443],[-106.012141,43.812729],[-106.007082,43.812789],[-106.007189,43.809516]]]}},{"type":"Feature","properties":{"q":"SWNE","ac":39.0},"geometry":{"type":"Polygon","coordinates":[[[-106.012528,43.805914],[-106.012803,43.802385],[-106.017845,43.802449],[-106.017582,43.80591],[-106.012528,43.805914]]]}},{"type":"Feature","properties":{"q":"NENE","ac":39.2},"geometry":{"type":"Polygon","coordinates":[[[-105.972972,43.79232],[-105.973006,43.795848],[-105.967991,43.795976],[-105.967963,43.792419],[-105.972972,43.79232]]]}},{"type":"Feature","properties":{"q":"SWSE","ac":35.5},"geometry":{"type":"Polygon","coordinates":[[[-105.937228,43.799525],[-105.932395,43.799326],[-105.932504,43.795922],[-105.93729,43.796257],[-105.937228,43.799525]]]}},{"type":"Feature","properties":{"q":"NESW","ac":36.1},"geometry":{"type":"Polygon","coordinates":[[[-105.942131,43.802856],[-105.937166,43.802792],[-105.937228,43.799525],[-105.942193,43.799539],[-105.942131,43.802856]]]}},{"type":"Feature","properties":{"q":"NENE","ac":38.3},"geometry":{"type":"Polygon","coordinates":[[[-105.927875,43.792049],[-105.932709,43.79227],[-105.932504,43.795922],[-105.927718,43.795588],[-105.927875,43.792049]]]}},{"type":"Feature","properties":{"q":"NWNE","ac":37.8},"geometry":{"type":"Polygon","coordinates":[[[-105.952107,43.806305],[-105.957179,43.806326],[-105.956936,43.80974],[-105.951955,43.809695],[-105.952107,43.806305]]]}},{"type":"Feature","properties":{"q":"SENW","ac":37.7},"geometry":{"type":"Polygon","coordinates":[[[-105.942131,43.802856],[-105.942068,43.806265],[-105.9371,43.806245],[-105.937166,43.802792],[-105.942131,43.802856]]]}},{"type":"Feature","properties":{"q":"NWNW","ac":37.2},"geometry":{"type":"Polygon","coordinates":[[[-105.942068,43.806265],[-105.947035,43.806285],[-105.946974,43.80965],[-105.942004,43.809674],[-105.942068,43.806265]]]}},{"type":"Feature","properties":{"q":"NESW","ac":37.4},"geometry":{"type":"Polygon","coordinates":[[[-105.981869,43.812783],[-105.981762,43.816178],[-105.976743,43.81623],[-105.976846,43.812882],[-105.981869,43.812783]]]}},{"type":"Feature","properties":{"q":"NWNE","ac":39.6},"geometry":{"type":"Polygon","coordinates":[[[-105.932709,43.79227],[-105.937544,43.792491],[-105.93729,43.796257],[-105.932504,43.795922],[-105.932709,43.79227]]]}},{"type":"Feature","properties":{"q":"SWSW","ac":36.6},"geometry":{"type":"Polygon","coordinates":[[[-105.942255,43.796222],[-105.947219,43.796188],[-105.947158,43.799554],[-105.942193,43.799539],[-105.942255,43.796222]]]}},{"type":"Feature","properties":{"q":"NWNE","ac":38.0},"geometry":{"type":"Polygon","coordinates":[[[-105.932176,43.806226],[-105.9371,43.806245],[-105.937035,43.809698],[-105.932065,43.809722],[-105.932176,43.806226]]]}},{"type":"Feature","properties":{"q":"SESW","ac":37.4},"geometry":{"type":"Polygon","coordinates":[[[-105.981976,43.809387],[-105.981869,43.812783],[-105.976846,43.812882],[-105.97695,43.809535],[-105.981976,43.809387]]]}},{"type":"Feature","properties":{"q":"SESW","ac":36.2},"geometry":{"type":"Polygon","coordinates":[[[-105.961805,43.813057],[-105.956807,43.813033],[-105.956936,43.80974],[-105.961917,43.809785],[-105.961805,43.813057]]]}},{"type":"Feature","properties":{"q":"SWSW","ac":38.1},"geometry":{"type":"Polygon","coordinates":[[[-105.987789,43.798909],[-105.982771,43.799042],[-105.983036,43.795593],[-105.988051,43.795465],[-105.987789,43.798909]]]}},{"type":"Feature","properties":{"q":"SWSE","ac":38.2},"geometry":{"type":"Polygon","coordinates":[[[-105.978021,43.79572],[-105.977753,43.799174],[-105.972736,43.799307],[-105.973006,43.795848],[-105.978021,43.79572]]]}},{"type":"Feature","properties":{"q":"NWSE","ac":35.8},"geometry":{"type":"Polygon","coordinates":[[[-105.932395,43.799326],[-105.937228,43.799525],[-105.937166,43.802792],[-105.932287,43.802729],[-105.932395,43.799326]]]}},{"type":"Feature","properties":{"q":"SENW","ac":36.4},"geometry":{"type":"Polygon","coordinates":[[[-105.961692,43.816329],[-105.961578,43.819602],[-105.956549,43.819622],[-105.956678,43.816325],[-105.961692,43.816329]]]}},{"type":"Feature","properties":{"q":"10","ac":36.9},"geometry":{"type":"Polygon","coordinates":[[[-105.951519,43.819636],[-105.946491,43.819651],[-105.946653,43.816317],[-105.951666,43.816321],[-105.951519,43.819636]]]}},{"type":"Feature","properties":{"q":"SWSW","ac":37.9},"geometry":{"type":"Polygon","coordinates":[[[-105.987002,43.809239],[-105.986891,43.812683],[-105.981869,43.812783],[-105.981976,43.809387],[-105.987002,43.809239]]]}},{"type":"Feature","properties":{"q":"SESE","ac":36.6},"geometry":{"type":"Polygon","coordinates":[[[-105.927095,43.809745],[-105.932065,43.809722],[-105.931856,43.813054],[-105.92687,43.813077],[-105.927095,43.809745]]]}},{"type":"Feature","properties":{"q":"SWNE","ac":39.9},"geometry":{"type":"Polygon","coordinates":[[[-105.937797,43.788726],[-105.937738,43.789601],[-105.937544,43.792491],[-105.932709,43.79227],[-105.932914,43.788618],[-105.934112,43.788645],[-105.937797,43.788726]]]}},{"type":"Feature","properties":{"q":"SWNW","ac":39.3},"geometry":{"type":"Polygon","coordinates":[[[-105.962956,43.788879],[-105.967934,43.788862],[-105.967963,43.792419],[-105.962953,43.792448],[-105.962956,43.788879]]]}},{"type":"Feature","properties":{"q":"SESE","ac":38.2},"geometry":{"type":"Polygon","coordinates":[[[-105.986891,43.812683],[-105.987002,43.809239],[-105.992048,43.809308],[-105.991939,43.812709],[-105.986891,43.812683]]]}},{"type":"Feature","properties":{"q":"7","ac":26.3},"geometry":{"type":"Polygon","coordinates":[[[-105.966536,43.821938],[-105.964152,43.821957],[-105.961496,43.821978],[-105.961578,43.819602],[-105.966608,43.819582],[-105.966536,43.821938]]]}},{"type":"Feature","properties":{"q":"2","ac":26.1},"geometry":{"type":"Polygon","coordinates":[[[-105.976641,43.819494],[-105.976569,43.821845],[-105.974135,43.821868],[-105.971552,43.821892],[-105.971624,43.819538],[-105.976641,43.819494]]]}},{"type":"Feature","properties":{"q":"SENE","ac":38.2},"geometry":{"type":"Polygon","coordinates":[[[-105.947096,43.802919],[-105.952259,43.802915],[-105.952107,43.806305],[-105.947035,43.806285],[-105.947096,43.802919]]]}},{"type":"Feature","properties":{"q":"NESE","ac":38.3},"geometry":{"type":"Polygon","coordinates":[[[-105.972736,43.799307],[-105.972465,43.802766],[-105.967445,43.802903],[-105.967718,43.799439],[-105.972736,43.799307]]]}},{"type":"Feature","properties":{"q":"SWNW","ac":36.9},"geometry":{"type":"Polygon","coordinates":[[[-105.941473,43.819678],[-105.941651,43.81634],[-105.946653,43.816317],[-105.946491,43.819651],[-105.941473,43.819678]]]}},{"type":"Feature","properties":{"q":"12","ac":36.0},"geometry":{"type":"Polygon","coordinates":[[[-105.961917,43.809785],[-105.966898,43.809831],[-105.966802,43.813081],[-105.961805,43.813057],[-105.961917,43.809785]]]}},{"type":"Feature","properties":{"q":"5","ac":26.3},"geometry":{"type":"Polygon","coordinates":[[[-105.99165,43.821748],[-105.989192,43.821774],[-105.986602,43.821788],[-105.986676,43.819427],[-105.991725,43.819398],[-105.99165,43.821748]]]}},{"type":"Feature","properties":{"q":"NWSW","ac":36.7},"geometry":{"type":"Polygon","coordinates":[[[-105.942193,43.799539],[-105.947158,43.799554],[-105.947096,43.802919],[-105.942131,43.802856],[-105.942193,43.799539]]]}},{"type":"Feature","properties":{"q":"12","ac":36.7},"geometry":{"type":"Polygon","coordinates":[[[-105.991725,43.819398],[-105.986676,43.819427],[-105.986781,43.816126],[-105.99183,43.81611],[-105.991725,43.819398]]]}},{"type":"Feature","properties":{"q":"5","ac":26.4},"geometry":{"type":"Polygon","coordinates":[[[-105.956549,43.819622],[-105.956455,43.822001],[-105.954143,43.822005],[-105.951415,43.822009],[-105.951519,43.819636],[-105.956549,43.819622]]]}},{"type":"Feature","properties":{"q":"13","ac":38.2},"geometry":{"type":"Polygon","coordinates":[[[-105.991939,43.812709],[-105.99183,43.81611],[-105.986781,43.816126],[-105.986891,43.812683],[-105.991939,43.812709]]]}},{"type":"Feature","properties":{"q":"SESW","ac":36.6},"geometry":{"type":"Polygon","coordinates":[[[-105.937035,43.809698],[-105.942004,43.809674],[-105.941828,43.813007],[-105.936842,43.81303],[-105.937035,43.809698]]]}},{"type":"Feature","properties":{"q":"SWNE","ac":38.9},"geometry":{"type":"Polygon","coordinates":[[[-105.977942,43.788721],[-105.977982,43.79222],[-105.972972,43.79232],[-105.972938,43.788791],[-105.977942,43.788721]]]}},{"type":"Feature","properties":{"q":"SESE","ac":38.3},"geometry":{"type":"Polygon","coordinates":[[[-105.967718,43.799439],[-105.967991,43.795976],[-105.973006,43.795848],[-105.972736,43.799307],[-105.967718,43.799439]]]}},{"type":"Feature","properties":{"q":"NENW","ac":38.6},"geometry":{"type":"Polygon","coordinates":[[[-105.978021,43.79572],[-105.977982,43.79222],[-105.982991,43.792121],[-105.983036,43.795593],[-105.978021,43.79572]]]}},{"type":"Feature","properties":{"q":"NENE","ac":38.8},"geometry":{"type":"Polygon","coordinates":[[[-105.988001,43.792022],[-105.993063,43.791899],[-105.993122,43.795381],[-105.988051,43.795465],[-105.988001,43.792022]]]}},{"type":"Feature","properties":{"q":"1","ac":26.4},"geometry":{"type":"Polygon","coordinates":[[[-105.951519,43.819636],[-105.951415,43.822009],[-105.949102,43.822014],[-105.946375,43.822046],[-105.946491,43.819651],[-105.951519,43.819636]]]}},{"type":"Feature","properties":{"q":"1","ac":35.8},"geometry":{"type":"Polygon","coordinates":[[[-105.939792,43.78877],[-105.942538,43.78883],[-105.942396,43.792526],[-105.937544,43.792491],[-105.937738,43.789601],[-105.939803,43.789587],[-105.939792,43.78877]]]}},{"type":"Feature","properties":{"q":"NWSW","ac":38.3},"geometry":{"type":"Polygon","coordinates":[[[-105.962691,43.799462],[-105.967718,43.799439],[-105.967445,43.802903],[-105.962433,43.802907],[-105.962691,43.799462]]]}},{"type":"Feature","properties":{"q":"SWNE","ac":42.5},"geometry":{"type":"Polygon","coordinates":[[[-105.952628,43.788916],[-105.957977,43.788897],[-105.957942,43.792478],[-105.952596,43.79252],[-105.952628,43.788916]]]}},{"type":"Feature","properties":{"q":"NWSE","ac":36.7},"geometry":{"type":"Polygon","coordinates":[[[-105.936649,43.816363],[-105.931647,43.816385],[-105.931856,43.813054],[-105.936842,43.81303],[-105.936649,43.816363]]]}},{"type":"Feature","properties":{"q":"8","ac":36.3},"geometry":{"type":"Polygon","coordinates":[[[-105.971924,43.809683],[-105.971824,43.812982],[-105.966802,43.813081],[-105.966898,43.809831],[-105.971924,43.809683]]]}},{"type":"Feature","properties":{"q":"SWNW","ac":37.2},"geometry":{"type":"Polygon","coordinates":[[[-105.947035,43.806285],[-105.942068,43.806265],[-105.942131,43.802856],[-105.947096,43.802919],[-105.947035,43.806285]]]}},{"type":"Feature","properties":{"q":"NESE","ac":38.7},"geometry":{"type":"Polygon","coordinates":[[[-105.992585,43.802345],[-105.987526,43.802352],[-105.987789,43.798909],[-105.992853,43.798863],[-105.992585,43.802345]]]}},{"type":"Feature","properties":{"q":"SWSE","ac":39.9},"geometry":{"type":"Polygon","coordinates":[[[-105.957665,43.799485],[-105.952411,43.79952],[-105.952563,43.796124],[-105.957908,43.796059],[-105.957665,43.799485]]]}},{"type":"Feature","properties":{"q":"NWSW","ac":37.9},"geometry":{"type":"Polygon","coordinates":[[[-105.981869,43.812783],[-105.986891,43.812683],[-105.986781,43.816126],[-105.981762,43.816178],[-105.981869,43.812783]]]}},{"type":"Feature","properties":{"q":"SWNW","ac":38.8},"geometry":{"type":"Polygon","coordinates":[[[-105.942396,43.792526],[-105.942538,43.78883],[-105.94728,43.788935],[-105.947249,43.792561],[-105.942396,43.792526]]]}},{"type":"Feature","properties":{"q":"NWNW","ac":38.3},"geometry":{"type":"Polygon","coordinates":[[[-105.988051,43.795465],[-105.983036,43.795593],[-105.982991,43.792121],[-105.988001,43.792022],[-105.988051,43.795465]]]}},{"type":"Feature","properties":{"q":"NWNE","ac":38.9},"geometry":{"type":"Polygon","coordinates":[[[-105.977982,43.79222],[-105.978021,43.79572],[-105.973006,43.795848],[-105.972972,43.79232],[-105.977982,43.79222]]]}},{"type":"Feature","properties":{"q":"NENE","ac":38.3},"geometry":{"type":"Polygon","coordinates":[[[-105.972195,43.806224],[-105.971924,43.809683],[-105.966898,43.809831],[-105.967172,43.806367],[-105.972195,43.806224]]]}},{"type":"Feature","properties":{"q":"SENE","ac":38.7},"geometry":{"type":"Polygon","coordinates":[[[-105.993063,43.791899],[-105.988001,43.792022],[-105.98795,43.788579],[-105.993004,43.788417],[-105.993063,43.791899]]]}},{"type":"Feature","properties":{"q":"SENW","ac":37.9},"geometry":{"type":"Polygon","coordinates":[[[-105.962433,43.802907],[-105.962175,43.806346],[-105.957179,43.806326],[-105.957421,43.802911],[-105.962433,43.802907]]]}},{"type":"Feature","properties":{"q":"4","ac":26.7},"geometry":{"type":"Polygon","coordinates":[[[-105.946491,43.819651],[-105.946375,43.822046],[-105.944101,43.822067],[-105.941345,43.822091],[-105.941473,43.819678],[-105.946491,43.819651]]]}},{"type":"Feature","properties":{"q":"NWNW","ac":39.7},"geometry":{"type":"Polygon","coordinates":[[[-105.942396,43.792526],[-105.947249,43.792561],[-105.947219,43.796188],[-105.942255,43.796222],[-105.942396,43.792526]]]}},{"type":"Feature","properties":{"q":"SENE","ac":38.7},"geometry":{"type":"Polygon","coordinates":[[[-105.928031,43.78851],[-105.932914,43.788618],[-105.932709,43.79227],[-105.927875,43.792049],[-105.928031,43.78851]]]}},{"type":"Feature","properties":{"q":"9","ac":36.7},"geometry":{"type":"Polygon","coordinates":[[[-105.951666,43.816321],[-105.956678,43.816325],[-105.956549,43.819622],[-105.951519,43.819636],[-105.951666,43.816321]]]}},{"type":"Feature","properties":{"q":"3","ac":26.8},"geometry":{"type":"Polygon","coordinates":[[[-105.936455,43.819705],[-105.941473,43.819678],[-105.941345,43.822091],[-105.9391,43.822112],[-105.936315,43.822124],[-105.936455,43.819705]]]}},{"type":"Feature","properties":{"q":"7","ac":36.9},"geometry":{"type":"Polygon","coordinates":[[[-105.97695,43.809535],[-105.976846,43.812882],[-105.971824,43.812982],[-105.971924,43.809683],[-105.97695,43.809535]]]}},{"type":"Feature","properties":{"q":"SENE","ac":36.9},"geometry":{"type":"Polygon","coordinates":[[[-105.926645,43.816408],[-105.931647,43.816385],[-105.931437,43.819722],[-105.926419,43.819738],[-105.926645,43.816408]]]}},{"type":"Feature","properties":{"q":"SWNW","ac":38.2},"geometry":{"type":"Polygon","coordinates":[[[-105.987526,43.802352],[-105.987264,43.805796],[-105.982241,43.805939],[-105.982506,43.80249],[-105.987526,43.802352]]]}},{"type":"Feature","properties":{"q":"NWNE","ac":42.4},"geometry":{"type":"Polygon","coordinates":[[[-105.952596,43.79252],[-105.957942,43.792478],[-105.957908,43.796059],[-105.952563,43.796124],[-105.952596,43.79252]]]}},{"type":"Feature","properties":{"q":"NENW","ac":39.7},"geometry":{"type":"Polygon","coordinates":[[[-105.957942,43.792478],[-105.962953,43.792448],[-105.962949,43.796017],[-105.957908,43.796059],[-105.957942,43.792478]]]}}]}