{"type":"FeatureCollection","note":"BLM Public Land Survey System. Provided by the Bureau of Land Management as is. These data are neither legal documents nor land surveys and must not be used as such.","features":[{"type":"Feature","properties":{"q":"NWSE","ac":40.3},"geometry":{"type":"Polygon","coordinates":[[[-106.375611,43.866017],[-106.380616,43.865919],[-106.380614,43.869565],[-106.375602,43.869663],[-106.375611,43.866017]]]}},{"type":"Feature","properties":{"q":"NWNW","ac":40.2},"geometry":{"type":"Polygon","coordinates":[[[-106.325542,43.888092],[-106.330542,43.888055],[-106.330582,43.891696],[-106.325585,43.891734],[-106.325542,43.888092]]]}},{"type":"Feature","properties":{"q":"NWNW","ac":40.2},"geometry":{"type":"Polygon","coordinates":[[[-106.305186,43.844691],[-106.310213,43.84464],[-106.310261,43.848264],[-106.305233,43.848316],[-106.305186,43.844691]]]}},{"type":"Feature","properties":{"q":"SWSE","ac":40.3},"geometry":{"type":"Polygon","coordinates":[[[-106.395626,43.851161],[-106.395626,43.847526],[-106.400644,43.847505],[-106.400642,43.851142],[-106.395626,43.851161]]]}},{"type":"Feature","properties":{"q":"NENE","ac":40.1},"geometry":{"type":"Polygon","coordinates":[[[-106.295339,43.873831],[-106.295369,43.87746],[-106.29036,43.877524],[-106.290334,43.873893],[-106.295339,43.873831]]]}},{"type":"Feature","properties":{"q":"SWSW","ac":40.5},"geometry":{"type":"Polygon","coordinates":[[[-106.389634,43.818544],[-106.390584,43.818541],[-106.390568,43.822169],[-106.385523,43.822188],[-106.38553,43.818553],[-106.389634,43.818544]]]}},{"type":"Feature","properties":{"q":"SWNE","ac":40.3},"geometry":{"type":"Polygon","coordinates":[[[-106.300112,43.841113],[-106.300159,43.844741],[-106.295132,43.844791],[-106.295085,43.841161],[-106.300112,43.841113]]]}},{"type":"Feature","properties":{"q":"SESW","ac":40.6},"geometry":{"type":"Polygon","coordinates":[[[-106.383225,43.81856],[-106.38553,43.818553],[-106.385523,43.822188],[-106.380477,43.822211],[-106.380479,43.818569],[-106.383225,43.81856]]]}},{"type":"Feature","properties":{"q":"SESE","ac":40.1},"geometry":{"type":"Polygon","coordinates":[[[-106.375596,43.880574],[-106.370568,43.880664],[-106.37056,43.877053],[-106.375586,43.876954],[-106.375596,43.880574]]]}},{"type":"Feature","properties":{"q":"SESE","ac":40.5},"geometry":{"type":"Polygon","coordinates":[[[-106.33343,43.819016],[-106.335108,43.819003],[-106.335151,43.822641],[-106.330112,43.822679],[-106.330064,43.819052],[-106.33343,43.819016]]]}},{"type":"Feature","properties":{"q":"NWNE","ac":40.7},"geometry":{"type":"Polygon","coordinates":[[[-106.355446,43.858887],[-106.360499,43.858863],[-106.360494,43.862508],[-106.355431,43.862527],[-106.355446,43.858887]]]}},{"type":"Feature","properties":{"q":"NENW","ac":40.4},"geometry":{"type":"Polygon","coordinates":[[[-106.380613,43.87321],[-106.385631,43.873111],[-106.385636,43.876756],[-106.380611,43.876855],[-106.380613,43.87321]]]}},{"type":"Feature","properties":{"q":"NENW","ac":40.4},"geometry":{"type":"Polygon","coordinates":[[[-106.304989,43.830177],[-106.305046,43.833812],[-106.300019,43.833857],[-106.299956,43.830222],[-106.304989,43.830177]]]}},{"type":"Feature","properties":{"q":"SENW","ac":40.0},"geometry":{"type":"Polygon","coordinates":[[[-106.305228,43.855567],[-106.305226,43.859193],[-106.300232,43.859249],[-106.300223,43.855621],[-106.305228,43.855567]]]}},{"type":"Feature","properties":{"q":"NESE","ac":40.5},"geometry":{"type":"Polygon","coordinates":[[[-106.350441,43.85164],[-106.355476,43.851606],[-106.355461,43.855246],[-106.350416,43.855276],[-106.350441,43.85164]]]}},{"type":"Feature","properties":{"q":"SWSE","ac":40.3},"geometry":{"type":"Polygon","coordinates":[[[-106.340303,43.833512],[-106.340327,43.837143],[-106.3353,43.837164],[-106.335279,43.833535],[-106.340303,43.833512]]]}},{"type":"Feature","properties":{"q":"NWSE","ac":40.2},"geometry":{"type":"Polygon","coordinates":[[[-106.315268,43.866342],[-106.320281,43.866298],[-106.320324,43.869932],[-106.315312,43.869973],[-106.315268,43.866342]]]}},{"type":"Feature","properties":{"q":"NWNE","ac":40.3},"geometry":{"type":"Polygon","coordinates":[[[-106.335313,43.858933],[-106.340339,43.858926],[-106.340319,43.862556],[-106.335296,43.862561],[-106.335313,43.858933]]]}},{"type":"Feature","properties":{"q":"NWSE","ac":40.2},"geometry":{"type":"Polygon","coordinates":[[[-106.340471,43.880748],[-106.340497,43.884386],[-106.335499,43.8844],[-106.335466,43.88076],[-106.340471,43.880748]]]}},{"type":"Feature","properties":{"q":"NWNE","ac":40.1},"geometry":{"type":"Polygon","coordinates":[[[-106.315357,43.873604],[-106.320366,43.873566],[-106.320408,43.8772],[-106.315402,43.877234],[-106.315357,43.873604]]]}},{"type":"Feature","properties":{"q":"NESE","ac":40.2},"geometry":{"type":"Polygon","coordinates":[[[-106.330462,43.880773],[-106.335466,43.88076],[-106.335499,43.8844],[-106.330502,43.884414],[-106.330462,43.880773]]]}},{"type":"Feature","properties":{"q":"SESW","ac":40.5},"geometry":{"type":"Polygon","coordinates":[[[-106.36554,43.847885],[-106.365545,43.851537],[-106.36051,43.851571],[-106.360516,43.847925],[-106.36554,43.847885]]]}},{"type":"Feature","properties":{"q":"NENW","ac":39.9},"geometry":{"type":"Polygon","coordinates":[[[-106.305224,43.862819],[-106.300241,43.862877],[-106.300232,43.859249],[-106.305226,43.859193],[-106.305224,43.862819]]]}},{"type":"Feature","properties":{"q":"SWNW","ac":40.3},"geometry":{"type":"Polygon","coordinates":[[[-106.385589,43.840357],[-106.390619,43.840299],[-106.390613,43.843923],[-106.385593,43.84399],[-106.385589,43.840357]]]}},{"type":"Feature","properties":{"q":"NWNW","ac":40.5},"geometry":{"type":"Polygon","coordinates":[[[-106.370565,43.847846],[-106.36554,43.847885],[-106.365508,43.844236],[-106.370532,43.844191],[-106.370565,43.847846]]]}},{"type":"Feature","properties":{"q":"NWNE","ac":40.5},"geometry":{"type":"Polygon","coordinates":[[[-106.315069,43.830082],[-106.320116,43.830032],[-106.320164,43.833663],[-106.315118,43.833716],[-106.315069,43.830082]]]}},{"type":"Feature","properties":{"q":"NESW","ac":40.5},"geometry":{"type":"Polygon","coordinates":[[[-106.340189,43.822603],[-106.345226,43.822583],[-106.345259,43.826225],[-106.340227,43.826252],[-106.340189,43.822603]]]}},{"type":"Feature","properties":{"q":"SESW","ac":40.2},"geometry":{"type":"Polygon","coordinates":[[[-106.400644,43.847505],[-106.405654,43.847495],[-106.405651,43.851129],[-106.400642,43.851142],[-106.400644,43.847505]]]}},{"type":"Feature","properties":{"q":"SWSE","ac":40.1},"geometry":{"type":"Polygon","coordinates":[[[-106.315278,43.848214],[-106.320295,43.848164],[-106.320281,43.851789],[-106.315264,43.851839],[-106.315278,43.848214]]]}},{"type":"Feature","properties":{"q":"SWNE","ac":40.3},"geometry":{"type":"Polygon","coordinates":[[[-106.300498,43.888311],[-106.295478,43.888365],[-106.295444,43.884728],[-106.300458,43.884671],[-106.300498,43.888311]]]}},{"type":"Feature","properties":{"q":"SWNE","ac":40.6},"geometry":{"type":"Polygon","coordinates":[[[-106.360499,43.858863],[-106.355446,43.858887],[-106.355461,43.855246],[-106.360505,43.855217],[-106.360499,43.858863]]]}},{"type":"Feature","properties":{"q":"SWSW","ac":40.3},"geometry":{"type":"Polygon","coordinates":[[[-106.330272,43.862566],[-106.330309,43.866207],[-106.325295,43.866253],[-106.325256,43.862615],[-106.330272,43.862566]]]}},{"type":"Feature","properties":{"q":"NESE","ac":40.3},"geometry":{"type":"Polygon","coordinates":[[[-106.335346,43.851677],[-106.335329,43.855305],[-106.3303,43.855315],[-106.330314,43.851689],[-106.335346,43.851677]]]}},{"type":"Feature","properties":{"q":"SESW","ac":40.2},"geometry":{"type":"Polygon","coordinates":[[[-106.320408,43.8772],[-106.325415,43.877166],[-106.325457,43.880808],[-106.320453,43.880843],[-106.320408,43.8772]]]}},{"type":"Feature","properties":{"q":"SWNE","ac":40.3},"geometry":{"type":"Polygon","coordinates":[[[-106.335342,43.844421],[-106.335321,43.840792],[-106.34035,43.840774],[-106.340374,43.844404],[-106.335342,43.844421]]]}},{"type":"Feature","properties":{"q":"SWSW","ac":40.4},"geometry":{"type":"Polygon","coordinates":[[[-106.32521,43.833611],[-106.330255,43.833559],[-106.330274,43.837185],[-106.325235,43.837237],[-106.32521,43.833611]]]}},{"type":"Feature","properties":{"q":"SWSW","ac":40.2},"geometry":{"type":"Polygon","coordinates":[[[-106.390614,43.862076],[-106.390626,43.865721],[-106.385621,43.86582],[-106.385616,43.862175],[-106.390614,43.862076]]]}},{"type":"Feature","properties":{"q":"SWSE","ac":40.3},"geometry":{"type":"Polygon","coordinates":[[[-106.400653,43.865681],[-106.395639,43.865701],[-106.395624,43.862059],[-106.400635,43.862042],[-106.400653,43.865681]]]}},{"type":"Feature","properties":{"q":"SWNE","ac":40.4},"geometry":{"type":"Polygon","coordinates":[[[-106.375529,43.840476],[-106.380559,43.840417],[-106.380573,43.844057],[-106.375552,43.844124],[-106.375529,43.840476]]]}},{"type":"Feature","properties":{"q":"SWNE","ac":40.5},"geometry":{"type":"Polygon","coordinates":[[[-106.355461,43.869803],[-106.360504,43.869789],[-106.360509,43.87343],[-106.355476,43.873441],[-106.355461,43.869803]]]}},{"type":"Feature","properties":{"q":"NWNE","ac":40.0},"geometry":{"type":"Polygon","coordinates":[[[-106.395633,43.843908],[-106.400653,43.843895],[-106.400644,43.847505],[-106.395626,43.847526],[-106.395633,43.843908]]]}},{"type":"Feature","properties":{"q":"2","ac":41.2},"geometry":{"type":"Polygon","coordinates":[[[-106.405648,43.854764],[-106.410786,43.854747],[-106.410779,43.858377],[-106.405645,43.858395],[-106.405648,43.854764]]]}},{"type":"Feature","properties":{"q":"NWNE","ac":40.3},"geometry":{"type":"Polygon","coordinates":[[[-106.335236,43.829907],[-106.340265,43.829882],[-106.340303,43.833512],[-106.335279,43.833535],[-106.335236,43.829907]]]}},{"type":"Feature","properties":{"q":"NWSE","ac":40.1},"geometry":{"type":"Polygon","coordinates":[[[-106.295201,43.852048],[-106.300214,43.851995],[-106.300223,43.855621],[-106.295224,43.855675],[-106.295201,43.852048]]]}},{"type":"Feature","properties":{"q":"SESW","ac":40.2},"geometry":{"type":"Polygon","coordinates":[[[-106.340471,43.880748],[-106.340445,43.877109],[-106.345456,43.877098],[-106.345475,43.880735],[-106.340471,43.880748]]]}},{"type":"Feature","properties":{"q":"2","ac":40.9},"geometry":{"type":"Polygon","coordinates":[[[-106.410803,43.872901],[-106.4057,43.872928],[-106.405681,43.869295],[-106.410793,43.86927],[-106.410803,43.872901]]]}},{"type":"Feature","properties":{"q":"SWSE","ac":41.0},"geometry":{"type":"Polygon","coordinates":[[[-106.295332,43.819311],[-106.299393,43.819209],[-106.299765,43.819207],[-106.299829,43.822897],[-106.294775,43.822973],[-106.294701,43.819316],[-106.295332,43.819311]]]}},{"type":"Feature","properties":{"q":"SENE","ac":40.3},"geometry":{"type":"Polygon","coordinates":[[[-106.335321,43.840792],[-106.335342,43.844421],[-106.33031,43.844437],[-106.330292,43.840811],[-106.335321,43.840792]]]}},{"type":"Feature","properties":{"q":"NWSW","ac":40.4},"geometry":{"type":"Polygon","coordinates":[[[-106.345226,43.822583],[-106.350262,43.822563],[-106.350291,43.826197],[-106.345259,43.826225],[-106.345226,43.822583]]]}},{"type":"Feature","properties":{"q":"SENW","ac":40.3},"geometry":{"type":"Polygon","coordinates":[[[-106.340358,43.855296],[-106.345387,43.855286],[-106.345365,43.858918],[-106.340339,43.858926],[-106.340358,43.855296]]]}},{"type":"Feature","properties":{"q":"NWSW","ac":40.1},"geometry":{"type":"Polygon","coordinates":[[[-106.305231,43.851942],[-106.310247,43.851888],[-106.310234,43.855512],[-106.305228,43.855567],[-106.305231,43.851942]]]}},{"type":"Feature","properties":{"q":"NENE","ac":40.2},"geometry":{"type":"Polygon","coordinates":[[[-106.390612,43.858444],[-106.395625,43.858428],[-106.395624,43.862059],[-106.390614,43.862076],[-106.390612,43.858444]]]}},{"type":"Feature","properties":{"q":"SWSE","ac":40.2},"geometry":{"type":"Polygon","coordinates":[[[-106.360514,43.87707],[-106.360524,43.880693],[-106.355502,43.880708],[-106.355491,43.877078],[-106.360514,43.87707]]]}},{"type":"Feature","properties":{"q":"NWNE","ac":40.3},"geometry":{"type":"Polygon","coordinates":[[[-106.395684,43.876623],[-106.395669,43.872983],[-106.400689,43.872954],[-106.400706,43.876588],[-106.395684,43.876623]]]}},{"type":"Feature","properties":{"q":"SWNW","ac":40.3},"geometry":{"type":"Polygon","coordinates":[[[-106.390638,43.869367],[-106.39065,43.873012],[-106.385631,43.873111],[-106.385626,43.869466],[-106.390638,43.869367]]]}},{"type":"Feature","properties":{"q":"SENE","ac":40.3},"geometry":{"type":"Polygon","coordinates":[[[-106.330347,43.869849],[-106.335364,43.869841],[-106.335399,43.873481],[-106.330384,43.87349],[-106.330347,43.869849]]]}},{"type":"Feature","properties":{"q":"4","ac":41.2},"geometry":{"type":"Polygon","coordinates":[[[-106.4108,43.847485],[-106.410793,43.851116],[-106.405651,43.851129],[-106.405654,43.847495],[-106.4108,43.847485]]]}},{"type":"Feature","properties":{"q":"SWSW","ac":40.4},"geometry":{"type":"Polygon","coordinates":[[[-106.385585,43.836725],[-106.385582,43.833092],[-106.390632,43.833051],[-106.390625,43.836675],[-106.385585,43.836725]]]}},{"type":"Feature","properties":{"q":"NENW","ac":40.0},"geometry":{"type":"Polygon","coordinates":[[[-106.345533,43.891645],[-106.340549,43.891662],[-106.340523,43.888024],[-106.345513,43.888008],[-106.345533,43.891645]]]}},{"type":"Feature","properties":{"q":"NWSW","ac":40.1},"geometry":{"type":"Polygon","coordinates":[[[-106.35048,43.880722],[-106.350492,43.884357],[-106.345494,43.884372],[-106.345475,43.880735],[-106.35048,43.880722]]]}},{"type":"Feature","properties":{"q":"SWNE","ac":40.6},"geometry":{"type":"Polygon","coordinates":[[[-106.375441,43.825884],[-106.380487,43.825853],[-106.380508,43.829494],[-106.37546,43.829532],[-106.375441,43.825884]]]}},{"type":"Feature","properties":{"q":"SENW","ac":40.3},"geometry":{"type":"Polygon","coordinates":[[[-106.380559,43.840417],[-106.385589,43.840357],[-106.385593,43.84399],[-106.380573,43.844057],[-106.380559,43.840417]]]}},{"type":"Feature","properties":{"q":"SWNE","ac":40.3},"geometry":{"type":"Polygon","coordinates":[[[-106.335364,43.869841],[-106.340382,43.869833],[-106.340413,43.873471],[-106.335399,43.873481],[-106.335364,43.869841]]]}},{"type":"Feature","properties":{"q":"NESE","ac":40.2},"geometry":{"type":"Polygon","coordinates":[[[-106.310254,43.866387],[-106.315268,43.866342],[-106.315312,43.869973],[-106.310301,43.870014],[-106.310254,43.866387]]]}},{"type":"Feature","properties":{"q":"SENE","ac":40.3},"geometry":{"type":"Polygon","coordinates":[[[-106.290058,43.841209],[-106.295085,43.841161],[-106.295132,43.844791],[-106.290105,43.844842],[-106.290058,43.841209]]]}},{"type":"Feature","properties":{"q":"NWSW","ac":40.5},"geometry":{"type":"Polygon","coordinates":[[[-106.365445,43.836936],[-106.370466,43.83688],[-106.370499,43.840536],[-106.365476,43.840586],[-106.365445,43.836936]]]}},{"type":"Feature","properties":{"q":"NENE","ac":40.6},"geometry":{"type":"Polygon","coordinates":[[[-106.355446,43.858887],[-106.355431,43.862527],[-106.350367,43.862546],[-106.350392,43.858911],[-106.355446,43.858887]]]}},{"type":"Feature","properties":{"q":"NENW","ac":40.3},"geometry":{"type":"Polygon","coordinates":[[[-106.340265,43.829882],[-106.345293,43.829857],[-106.345327,43.833489],[-106.340303,43.833512],[-106.340265,43.829882]]]}},{"type":"Feature","properties":{"q":"SENW","ac":40.4},"geometry":{"type":"Polygon","coordinates":[[[-106.400771,43.88755],[-106.40075,43.883898],[-106.405764,43.883874],[-106.405786,43.88753],[-106.400771,43.88755]]]}},{"type":"Feature","properties":{"q":"NENE","ac":40.4},"geometry":{"type":"Polygon","coordinates":[[[-106.375594,43.873309],[-106.375586,43.876954],[-106.37056,43.877053],[-106.370576,43.873407],[-106.375594,43.873309]]]}},{"type":"Feature","properties":{"q":"SESE","ac":40.2},"geometry":{"type":"Polygon","coordinates":[[[-106.295201,43.852048],[-106.290188,43.852101],[-106.290151,43.848474],[-106.295178,43.848421],[-106.295201,43.852048]]]}},{"type":"Feature","properties":{"q":"4","ac":41.1},"geometry":{"type":"Polygon","coordinates":[[[-106.405661,43.86566],[-106.405642,43.862025],[-106.410772,43.862008],[-106.410782,43.865639],[-106.405661,43.86566]]]}},{"type":"Feature","properties":{"q":"SWNW","ac":40.5},"geometry":{"type":"Polygon","coordinates":[[[-106.385533,43.825823],[-106.390578,43.825796],[-106.390602,43.829424],[-106.385555,43.829457],[-106.385533,43.825823]]]}},{"type":"Feature","properties":{"q":"SESW","ac":40.3},"geometry":{"type":"Polygon","coordinates":[[[-106.340351,43.866195],[-106.340319,43.862556],[-106.345343,43.862551],[-106.345372,43.866188],[-106.340351,43.866195]]]}},{"type":"Feature","properties":{"q":"SWSE","ac":40.2},"geometry":{"type":"Polygon","coordinates":[[[-106.315402,43.877234],[-106.320408,43.8772],[-106.320453,43.880843],[-106.315449,43.880878],[-106.315402,43.877234]]]}},{"type":"Feature","properties":{"q":"SENW","ac":40.5},"geometry":{"type":"Polygon","coordinates":[[[-106.360454,43.840636],[-106.365476,43.840586],[-106.365508,43.844236],[-106.360485,43.844281],[-106.360454,43.840636]]]}},{"type":"Feature","properties":{"q":"SENW","ac":40.4},"geometry":{"type":"Polygon","coordinates":[[[-106.304933,43.826541],[-106.304989,43.830177],[-106.299956,43.830222],[-106.299893,43.826588],[-106.304933,43.826541]]]}},{"type":"Feature","properties":{"q":"NWSW","ac":40.6},"geometry":{"type":"Polygon","coordinates":[[[-106.365545,43.851537],[-106.370579,43.851502],[-106.370593,43.855158],[-106.365549,43.855188],[-106.365545,43.851537]]]}},{"type":"Feature","properties":{"q":"NWSW","ac":40.3},"geometry":{"type":"Polygon","coordinates":[[[-106.305431,43.880973],[-106.310445,43.880913],[-106.310494,43.884557],[-106.305476,43.884614],[-106.305431,43.880973]]]}},{"type":"Feature","properties":{"q":"SWNW","ac":40.0},"geometry":{"type":"Polygon","coordinates":[[[-106.310234,43.855512],[-106.31022,43.859136],[-106.305226,43.859193],[-106.305228,43.855567],[-106.310234,43.855512]]]}},{"type":"Feature","properties":{"q":"NESW","ac":40.1},"geometry":{"type":"Polygon","coordinates":[[[-106.360524,43.880693],[-106.365546,43.880679],[-106.365554,43.884297],[-106.360533,43.884317],[-106.360524,43.880693]]]}},{"type":"Feature","properties":{"q":"SWNW","ac":40.1},"geometry":{"type":"Polygon","coordinates":[[[-106.350504,43.887992],[-106.345513,43.888008],[-106.345494,43.884372],[-106.350492,43.884357],[-106.350504,43.887992]]]}},{"type":"Feature","properties":{"q":"NWSE","ac":40.5},"geometry":{"type":"Polygon","coordinates":[[[-106.380546,43.836776],[-106.380559,43.840417],[-106.375529,43.840476],[-106.375506,43.836828],[-106.380546,43.836776]]]}},{"type":"Feature","properties":{"q":"SWNE","ac":40.2},"geometry":{"type":"Polygon","coordinates":[[[-106.355513,43.884337],[-106.360533,43.884317],[-106.360543,43.88794],[-106.355524,43.887966],[-106.355513,43.884337]]]}},{"type":"Feature","properties":{"q":"NENE","ac":40.4},"geometry":{"type":"Polygon","coordinates":[[[-106.375552,43.844124],[-106.375576,43.847771],[-106.370565,43.847846],[-106.370532,43.844191],[-106.375552,43.844124]]]}},{"type":"Feature","properties":{"q":"NWNE","ac":40.3},"geometry":{"type":"Polygon","coordinates":[[[-106.295512,43.892002],[-106.295478,43.888365],[-106.300498,43.888311],[-106.300539,43.89195],[-106.295512,43.892002]]]}},{"type":"Feature","properties":{"q":"NWSW","ac":40.2},"geometry":{"type":"Polygon","coordinates":[[[-106.310119,43.837392],[-106.310166,43.841016],[-106.305139,43.841065],[-106.305092,43.837439],[-106.310119,43.837392]]]}},{"type":"Feature","properties":{"q":"SWSE","ac":40.2},"geometry":{"type":"Polygon","coordinates":[[[-106.380617,43.862273],[-106.380616,43.865919],[-106.375611,43.866017],[-106.375619,43.862372],[-106.380617,43.862273]]]}},{"type":"Feature","properties":{"q":"SWNW","ac":40.0},"geometry":{"type":"Polygon","coordinates":[[[-106.370575,43.884276],[-106.370582,43.887887],[-106.365563,43.887914],[-106.365554,43.884297],[-106.370575,43.884276]]]}},{"type":"Feature","properties":{"q":"SWNE","ac":40.2},"geometry":{"type":"Polygon","coordinates":[[[-106.375617,43.887813],[-106.375607,43.884193],[-106.380639,43.884111],[-106.380652,43.887738],[-106.375617,43.887813]]]}},{"type":"Feature","properties":{"q":"SESW","ac":40.2},"geometry":{"type":"Polygon","coordinates":[[[-106.400643,43.822215],[-106.400691,43.818607],[-106.402456,43.818578],[-106.405727,43.818547],[-106.405675,43.822162],[-106.400643,43.822215]]]}},{"type":"Feature","properties":{"q":"SWNW","ac":40.1},"geometry":{"type":"Polygon","coordinates":[[[-106.330286,43.85894],[-106.32527,43.85899],[-106.325284,43.855364],[-106.3303,43.855315],[-106.330286,43.85894]]]}},{"type":"Feature","properties":{"q":"NESE","ac":40.1},"geometry":{"type":"Polygon","coordinates":[[[-106.295201,43.852048],[-106.295224,43.855675],[-106.290224,43.855729],[-106.290188,43.852101],[-106.295201,43.852048]]]}},{"type":"Feature","properties":{"q":"SWNW","ac":40.3},"geometry":{"type":"Polygon","coordinates":[[[-106.3454,43.869825],[-106.350417,43.869817],[-106.350443,43.873452],[-106.345428,43.873462],[-106.3454,43.869825]]]}},{"type":"Feature","properties":{"q":"SENW","ac":40.2},"geometry":{"type":"Polygon","coordinates":[[[-106.325335,43.86989],[-106.325375,43.873528],[-106.320366,43.873566],[-106.320324,43.869932],[-106.325335,43.86989]]]}},{"type":"Feature","properties":{"q":"SWNW","ac":40.2},"geometry":{"type":"Polygon","coordinates":[[[-106.330502,43.884414],[-106.330542,43.888055],[-106.325542,43.888092],[-106.3255,43.88445],[-106.330502,43.884414]]]}},{"type":"Feature","properties":{"q":"NWNE","ac":40.3},"geometry":{"type":"Polygon","coordinates":[[[-106.335399,43.873481],[-106.340413,43.873471],[-106.340445,43.877109],[-106.335433,43.87712],[-106.335399,43.873481]]]}},{"type":"Feature","properties":{"q":"NWNE","ac":40.1},"geometry":{"type":"Polygon","coordinates":[[[-106.39563,43.829418],[-106.400659,43.829429],[-106.400681,43.833034],[-106.395656,43.833037],[-106.39563,43.829418]]]}},{"type":"Feature","properties":{"q":"SWNW","ac":40.2},"geometry":{"type":"Polygon","coordinates":[[[-106.310166,43.841016],[-106.310213,43.84464],[-106.305186,43.844691],[-106.305139,43.841065],[-106.310166,43.841016]]]}},{"type":"Feature","properties":{"q":"SESW","ac":40.0},"geometry":{"type":"Polygon","coordinates":[[[-106.300241,43.862877],[-106.305224,43.862819],[-106.305264,43.866448],[-106.300275,43.866508],[-106.300241,43.862877]]]}},{"type":"Feature","properties":{"q":"SWNE","ac":40.3},"geometry":{"type":"Polygon","coordinates":[[[-106.380602,43.854985],[-106.38061,43.858629],[-106.375608,43.858722],[-106.375598,43.855072],[-106.380602,43.854985]]]}},{"type":"Feature","properties":{"q":"SENW","ac":40.3},"geometry":{"type":"Polygon","coordinates":[[[-106.340227,43.826252],[-106.345259,43.826225],[-106.345293,43.829857],[-106.340265,43.829882],[-106.340227,43.826252]]]}},{"type":"Feature","properties":{"q":"NENE","ac":40.3},"geometry":{"type":"Polygon","coordinates":[[[-106.335399,43.873481],[-106.335433,43.87712],[-106.330421,43.877132],[-106.330384,43.87349],[-106.335399,43.873481]]]}},{"type":"Feature","properties":{"q":"NWSW","ac":40.0},"geometry":{"type":"Polygon","coordinates":[[[-106.310301,43.870014],[-106.305305,43.870077],[-106.305264,43.866448],[-106.310254,43.866387],[-106.310301,43.870014]]]}},{"type":"Feature","properties":{"q":"NESW","ac":40.2},"geometry":{"type":"Polygon","coordinates":[[[-106.400643,43.822215],[-106.405675,43.822162],[-106.405667,43.825783],[-106.400642,43.825825],[-106.400643,43.822215]]]}},{"type":"Feature","properties":{"q":"SESE","ac":40.3},"geometry":{"type":"Polygon","coordinates":[[[-106.355371,43.833405],[-106.355401,43.837046],[-106.350379,43.8371],[-106.350351,43.833466],[-106.355371,43.833405]]]}},{"type":"Feature","properties":{"q":"NWNW","ac":40.1},"geometry":{"type":"Polygon","coordinates":[[[-106.305346,43.873705],[-106.310348,43.873641],[-106.310396,43.877269],[-106.305387,43.877332],[-106.305346,43.873705]]]}},{"type":"Feature","properties":{"q":"NWNW","ac":40.2},"geometry":{"type":"Polygon","coordinates":[[[-106.350468,43.877087],[-106.345456,43.877098],[-106.345428,43.873462],[-106.350443,43.873452],[-106.350468,43.877087]]]}},{"type":"Feature","properties":{"q":"NWNW","ac":40.4},"geometry":{"type":"Polygon","coordinates":[[[-106.350437,43.84437],[-106.350466,43.848005],[-106.345432,43.84802],[-106.345405,43.844387],[-106.350437,43.84437]]]}},{"type":"Feature","properties":{"q":"SWNE","ac":40.3},"geometry":{"type":"Polygon","coordinates":[[[-106.400671,43.869319],[-106.400689,43.872954],[-106.395669,43.872983],[-106.395654,43.869343],[-106.400671,43.869319]]]}},{"type":"Feature","properties":{"q":"NENW","ac":40.2},"geometry":{"type":"Polygon","coordinates":[[[-106.325312,43.848114],[-106.320295,43.848164],[-106.320262,43.844539],[-106.325286,43.844488],[-106.325312,43.848114]]]}},{"type":"Feature","properties":{"q":"SWSE","ac":40.2},"geometry":{"type":"Polygon","coordinates":[[[-106.295201,43.852048],[-106.295178,43.848421],[-106.300206,43.848369],[-106.300214,43.851995],[-106.295201,43.852048]]]}},{"type":"Feature","properties":{"q":"SWNW","ac":40.5},"geometry":{"type":"Polygon","coordinates":[[[-106.304933,43.826541],[-106.309973,43.826494],[-106.310022,43.830131],[-106.304989,43.830177],[-106.304933,43.826541]]]}},{"type":"Feature","properties":{"q":"SENW","ac":40.2},"geometry":{"type":"Polygon","coordinates":[[[-106.325261,43.840863],[-106.325286,43.844488],[-106.320262,43.844539],[-106.320229,43.840914],[-106.325261,43.840863]]]}},{"type":"Feature","properties":{"q":"SENE","ac":40.5},"geometry":{"type":"Polygon","coordinates":[[[-106.350416,43.855276],[-106.355461,43.855246],[-106.355446,43.858887],[-106.350392,43.858911],[-106.350416,43.855276]]]}},{"type":"Feature","properties":{"q":"SESE","ac":40.4},"geometry":{"type":"Polygon","coordinates":[[[-106.390682,43.880301],[-106.390661,43.876657],[-106.395684,43.876623],[-106.395705,43.880272],[-106.390682,43.880301]]]}},{"type":"Feature","properties":{"q":"SENE","ac":40.3},"geometry":{"type":"Polygon","coordinates":[[[-106.395654,43.869343],[-106.395669,43.872983],[-106.39065,43.873012],[-106.390638,43.869367],[-106.395654,43.869343]]]}},{"type":"Feature","properties":{"q":"SESW","ac":40.3},"geometry":{"type":"Polygon","coordinates":[[[-106.300066,43.837485],[-106.300019,43.833857],[-106.305046,43.833812],[-106.305092,43.837439],[-106.300066,43.837485]]]}},{"type":"Feature","properties":{"q":"NWSE","ac":40.5},"geometry":{"type":"Polygon","coordinates":[[[-106.355446,43.866165],[-106.360499,43.866149],[-106.360504,43.869789],[-106.355461,43.869803],[-106.355446,43.866165]]]}},{"type":"Feature","properties":{"q":"NWSW","ac":40.3},"geometry":{"type":"Polygon","coordinates":[[[-106.350379,43.8371],[-106.350408,43.840735],[-106.345379,43.840755],[-106.345353,43.837122],[-106.350379,43.8371]]]}},{"type":"Feature","properties":{"q":"SWNW","ac":40.5},"geometry":{"type":"Polygon","coordinates":[[[-106.365542,43.873418],[-106.365547,43.869776],[-106.370591,43.869761],[-106.370576,43.873407],[-106.365542,43.873418]]]}},{"type":"Feature","properties":{"q":"SWSE","ac":40.3},"geometry":{"type":"Polygon","coordinates":[[[-106.335363,43.848049],[-106.340397,43.848034],[-106.340378,43.851665],[-106.335346,43.851677],[-106.335363,43.848049]]]}},{"type":"Feature","properties":{"q":"SESE","ac":40.2},"geometry":{"type":"Polygon","coordinates":[[[-106.395626,43.847526],[-106.395626,43.851161],[-106.390609,43.85118],[-106.390608,43.847547],[-106.395626,43.847526]]]}},{"type":"Feature","properties":{"q":"SENE","ac":40.7},"geometry":{"type":"Polygon","coordinates":[[[-106.370395,43.825915],[-106.375441,43.825884],[-106.37546,43.829532],[-106.370413,43.82957],[-106.370395,43.825915]]]}},{"type":"Feature","properties":{"q":"NENW","ac":40.2},"geometry":{"type":"Polygon","coordinates":[[[-106.400689,43.872954],[-106.4057,43.872928],[-106.40572,43.876561],[-106.400706,43.876588],[-106.400689,43.872954]]]}},{"type":"Feature","properties":{"q":"NWNW","ac":40.1},"geometry":{"type":"Polygon","coordinates":[[[-106.330272,43.862566],[-106.325256,43.862615],[-106.32527,43.85899],[-106.330286,43.85894],[-106.330272,43.862566]]]}},{"type":"Feature","properties":{"q":"SWSE","ac":40.2},"geometry":{"type":"Polygon","coordinates":[[[-106.375596,43.880574],[-106.375586,43.876954],[-106.380611,43.876855],[-106.380625,43.880483],[-106.375596,43.880574]]]}},{"type":"Feature","properties":{"q":"SESE","ac":40.4},"geometry":{"type":"Polygon","coordinates":[[[-106.33533,43.866201],[-106.330309,43.866207],[-106.330272,43.862566],[-106.335296,43.862561],[-106.33533,43.866201]]]}},{"type":"Feature","properties":{"q":"3","ac":40.9},"geometry":{"type":"Polygon","coordinates":[[[-106.405764,43.883874],[-106.405742,43.880217],[-106.41082,43.880191],[-106.410826,43.88385],[-106.405764,43.883874]]]}},{"type":"Feature","properties":{"q":"SWSW","ac":40.2},"geometry":{"type":"Polygon","coordinates":[[[-106.325415,43.877166],[-106.330421,43.877132],[-106.330462,43.880773],[-106.325457,43.880808],[-106.325415,43.877166]]]}},{"type":"Feature","properties":{"q":"NWNW","ac":40.0},"geometry":{"type":"Polygon","coordinates":[[[-106.350516,43.891628],[-106.345533,43.891645],[-106.345513,43.888008],[-106.350504,43.887992],[-106.350516,43.891628]]]}},{"type":"Feature","properties":{"q":"SWSW","ac":40.6},"geometry":{"type":"Polygon","coordinates":[[[-106.365545,43.851537],[-106.36554,43.847885],[-106.370565,43.847846],[-106.370579,43.851502],[-106.365545,43.851537]]]}},{"type":"Feature","properties":{"q":"NESE","ac":40.2},"geometry":{"type":"Polygon","coordinates":[[[-106.315496,43.884521],[-106.310494,43.884557],[-106.310445,43.880913],[-106.315449,43.880878],[-106.315496,43.884521]]]}},{"type":"Feature","properties":{"q":"NWSE","ac":40.2},"geometry":{"type":"Polygon","coordinates":[[[-106.395606,43.822174],[-106.400643,43.822215],[-106.400642,43.825825],[-106.39561,43.825798],[-106.395606,43.822174]]]}},{"type":"Feature","properties":{"q":"SWSE","ac":40.4},"geometry":{"type":"Polygon","coordinates":[[[-106.355401,43.837046],[-106.355371,43.833405],[-106.360392,43.833345],[-106.360423,43.83699],[-106.355401,43.837046]]]}},{"type":"Feature","properties":{"q":"NESW","ac":40.1},"geometry":{"type":"Polygon","coordinates":[[[-106.405673,43.840263],[-106.400662,43.840284],[-106.400671,43.836659],[-106.405683,43.836639],[-106.405673,43.840263]]]}},{"type":"Feature","properties":{"q":"1","ac":41.1},"geometry":{"type":"Polygon","coordinates":[[[-106.410772,43.862008],[-106.405642,43.862025],[-106.405645,43.858395],[-106.410779,43.858377],[-106.410772,43.862008]]]}},{"type":"Feature","properties":{"q":"SWNE","ac":40.3},"geometry":{"type":"Polygon","coordinates":[[[-106.375602,43.869663],[-106.380614,43.869565],[-106.380613,43.87321],[-106.375594,43.873309],[-106.375602,43.869663]]]}},{"type":"Feature","properties":{"q":"SWNW","ac":40.2},"geometry":{"type":"Polygon","coordinates":[[[-106.330347,43.869849],[-106.330384,43.87349],[-106.325375,43.873528],[-106.325335,43.86989],[-106.330347,43.869849]]]}},{"type":"Feature","properties":{"q":"NWNE","ac":40.0},"geometry":{"type":"Polygon","coordinates":[[[-106.340523,43.888024],[-106.340549,43.891662],[-106.335566,43.891679],[-106.335532,43.88804],[-106.340523,43.888024]]]}},{"type":"Feature","properties":{"q":"SESE","ac":40.3},"geometry":{"type":"Polygon","coordinates":[[[-106.350468,43.877087],[-106.355491,43.877078],[-106.355502,43.880708],[-106.35048,43.880722],[-106.350468,43.877087]]]}},{"type":"Feature","properties":{"q":"NESE","ac":40.3},"geometry":{"type":"Polygon","coordinates":[[[-106.390568,43.822169],[-106.395606,43.822174],[-106.39561,43.825798],[-106.390578,43.825796],[-106.390568,43.822169]]]}},{"type":"Feature","properties":{"q":"SESW","ac":40.2},"geometry":{"type":"Polygon","coordinates":[[[-106.320295,43.848164],[-106.325312,43.848114],[-106.325298,43.851739],[-106.320281,43.851789],[-106.320295,43.848164]]]}},{"type":"Feature","properties":{"q":"SESE","ac":40.3},"geometry":{"type":"Polygon","coordinates":[[[-106.330329,43.848064],[-106.335363,43.848049],[-106.335346,43.851677],[-106.330314,43.851689],[-106.330329,43.848064]]]}},{"type":"Feature","properties":{"q":"SENE","ac":40.3},"geometry":{"type":"Polygon","coordinates":[[[-106.335313,43.858933],[-106.330286,43.85894],[-106.3303,43.855315],[-106.335329,43.855305],[-106.335313,43.858933]]]}},{"type":"Feature","properties":{"q":"NWSE","ac":40.2},"geometry":{"type":"Polygon","coordinates":[[[-106.355513,43.884337],[-106.355502,43.880708],[-106.360524,43.880693],[-106.360533,43.884317],[-106.355513,43.884337]]]}},{"type":"Feature","properties":{"q":"NWNE","ac":40.4},"geometry":{"type":"Polygon","coordinates":[[[-106.360514,43.87707],[-106.355491,43.877078],[-106.355476,43.873441],[-106.360509,43.87343],[-106.360514,43.87707]]]}},{"type":"Feature","properties":{"q":"NESE","ac":40.2},"geometry":{"type":"Polygon","coordinates":[[[-106.295406,43.881094],[-106.295444,43.884728],[-106.29043,43.884785],[-106.290395,43.881154],[-106.295406,43.881094]]]}},{"type":"Feature","properties":{"q":"3","ac":41.2},"geometry":{"type":"Polygon","coordinates":[[[-106.410793,43.851116],[-106.410786,43.854747],[-106.405648,43.854764],[-106.405651,43.851129],[-106.410793,43.851116]]]}},{"type":"Feature","properties":{"q":"NWNW","ac":39.9},"geometry":{"type":"Polygon","coordinates":[[[-106.310207,43.86276],[-106.305224,43.862819],[-106.305226,43.859193],[-106.31022,43.859136],[-106.310207,43.86276]]]}},{"type":"Feature","properties":{"q":"NENW","ac":40.5},"geometry":{"type":"Polygon","coordinates":[[[-106.320116,43.830032],[-106.325162,43.829982],[-106.32521,43.833611],[-106.320164,43.833663],[-106.320116,43.830032]]]}},{"type":"Feature","properties":{"q":"SESE","ac":40.4},"geometry":{"type":"Polygon","coordinates":[[[-106.375576,43.847771],[-106.375587,43.851421],[-106.370579,43.851502],[-106.370565,43.847846],[-106.375576,43.847771]]]}},{"type":"Feature","properties":{"q":"NENE","ac":40.1},"geometry":{"type":"Polygon","coordinates":[[[-106.330582,43.891696],[-106.330542,43.888055],[-106.335532,43.88804],[-106.335566,43.891679],[-106.330582,43.891696]]]}},{"type":"Feature","properties":{"q":"SWNW","ac":40.7},"geometry":{"type":"Polygon","coordinates":[[[-106.365553,43.858838],[-106.365549,43.855188],[-106.370593,43.855158],[-106.370607,43.858814],[-106.365553,43.858838]]]}},{"type":"Feature","properties":{"q":"SENE","ac":40.1},"geometry":{"type":"Polygon","coordinates":[[[-106.395633,43.843908],[-106.390613,43.843923],[-106.390619,43.840299],[-106.39564,43.84029],[-106.395633,43.843908]]]}},{"type":"Feature","properties":{"q":"NWNE","ac":40.4},"geometry":{"type":"Polygon","coordinates":[[[-106.360372,43.829701],[-106.360392,43.833345],[-106.355371,43.833405],[-106.355346,43.829766],[-106.360372,43.829701]]]}},{"type":"Feature","properties":{"q":"SWSE","ac":40.7},"geometry":{"type":"Polygon","coordinates":[[[-106.319972,43.819093],[-106.32002,43.822747],[-106.314972,43.822802],[-106.314923,43.819157],[-106.318392,43.819107],[-106.319972,43.819093]]]}},{"type":"Feature","properties":{"q":"NESW","ac":40.3},"geometry":{"type":"Polygon","coordinates":[[[-106.305139,43.841065],[-106.300112,43.841113],[-106.300066,43.837485],[-106.305092,43.837439],[-106.305139,43.841065]]]}},{"type":"Feature","properties":{"q":"NESE","ac":40.1},"geometry":{"type":"Polygon","coordinates":[[[-106.370568,43.880664],[-106.375596,43.880574],[-106.375607,43.884193],[-106.370575,43.884276],[-106.370568,43.880664]]]}},{"type":"Feature","properties":{"q":"1","ac":40.6},"geometry":{"type":"Polygon","coordinates":[[[-106.410782,43.833],[-106.405694,43.833015],[-106.405678,43.829399],[-106.410753,43.829379],[-106.410782,43.833]]]}},{"type":"Feature","properties":{"q":"NWSE","ac":40.5},"geometry":{"type":"Polygon","coordinates":[[[-106.355476,43.851606],[-106.36051,43.851571],[-106.360505,43.855217],[-106.355461,43.855246],[-106.355476,43.851606]]]}},{"type":"Feature","properties":{"q":"NWSE","ac":40.7},"geometry":{"type":"Polygon","coordinates":[[[-106.314972,43.822802],[-106.32002,43.822747],[-106.320068,43.8264],[-106.31502,43.826447],[-106.314972,43.822802]]]}},{"type":"Feature","properties":{"q":"NWSW","ac":40.6},"geometry":{"type":"Polygon","coordinates":[[[-106.370591,43.869761],[-106.365547,43.869776],[-106.365552,43.866132],[-106.370606,43.866116],[-106.370591,43.869761]]]}},{"type":"Feature","properties":{"q":"NENE","ac":40.3},"geometry":{"type":"Polygon","coordinates":[[[-106.33031,43.844437],[-106.335342,43.844421],[-106.335363,43.848049],[-106.330329,43.848064],[-106.33031,43.844437]]]}},{"type":"Feature","properties":{"q":"SWSE","ac":40.8},"geometry":{"type":"Polygon","coordinates":[[[-106.355278,43.818824],[-106.358426,43.81875],[-106.360324,43.81872],[-106.360337,43.822388],[-106.3553,43.822476],[-106.355278,43.818824]]]}},{"type":"Feature","properties":{"q":"SENE","ac":40.1},"geometry":{"type":"Polygon","coordinates":[[[-106.31022,43.859136],[-106.310234,43.855512],[-106.31525,43.855463],[-106.315237,43.859087],[-106.31022,43.859136]]]}},{"type":"Feature","properties":{"q":"NENW","ac":40.1},"geometry":{"type":"Polygon","coordinates":[[[-106.305387,43.877332],[-106.300378,43.877396],[-106.300343,43.873768],[-106.305346,43.873705],[-106.305387,43.877332]]]}},{"type":"Feature","properties":{"q":"NENE","ac":40.4},"geometry":{"type":"Polygon","coordinates":[[[-106.289886,43.830313],[-106.294921,43.830268],[-106.294992,43.833901],[-106.289966,43.833945],[-106.289886,43.830313]]]}},{"type":"Feature","properties":{"q":"SWNE","ac":40.1},"geometry":{"type":"Polygon","coordinates":[[[-106.39561,43.825798],[-106.400642,43.825825],[-106.400659,43.829429],[-106.39563,43.829418],[-106.39561,43.825798]]]}},{"type":"Feature","properties":{"q":"NWSW","ac":40.5},"geometry":{"type":"Polygon","coordinates":[[[-106.325067,43.822713],[-106.330112,43.822679],[-106.33016,43.826305],[-106.325114,43.826353],[-106.325067,43.822713]]]}},{"type":"Feature","properties":{"q":"SWSE","ac":40.3},"geometry":{"type":"Polygon","coordinates":[[[-106.295039,43.837531],[-106.294992,43.833901],[-106.300019,43.833857],[-106.300066,43.837485],[-106.295039,43.837531]]]}},{"type":"Feature","properties":{"q":"SWSW","ac":40.3},"geometry":{"type":"Polygon","coordinates":[[[-106.345327,43.833489],[-106.350351,43.833466],[-106.350379,43.8371],[-106.345353,43.837122],[-106.345327,43.833489]]]}},{"type":"Feature","properties":{"q":"NENW","ac":40.4},"geometry":{"type":"Polygon","coordinates":[[[-106.305565,43.891898],[-106.300539,43.89195],[-106.300498,43.888311],[-106.305521,43.888256],[-106.305565,43.891898]]]}},{"type":"Feature","properties":{"q":"SENW","ac":40.0},"geometry":{"type":"Polygon","coordinates":[[[-106.305346,43.873705],[-106.300343,43.873768],[-106.300309,43.870139],[-106.305305,43.870077],[-106.305346,43.873705]]]}},{"type":"Feature","properties":{"q":"SWSW","ac":40.2},"geometry":{"type":"Polygon","coordinates":[[[-106.325298,43.851739],[-106.325312,43.848114],[-106.330329,43.848064],[-106.330314,43.851689],[-106.325298,43.851739]]]}},{"type":"Feature","properties":{"q":"SENW","ac":40.5},"geometry":{"type":"Polygon","coordinates":[[[-106.385533,43.825823],[-106.385555,43.829457],[-106.380508,43.829494],[-106.380487,43.825853],[-106.385533,43.825823]]]}},{"type":"Feature","properties":{"q":"NESE","ac":40.2},"geometry":{"type":"Polygon","coordinates":[[[-106.390625,43.836675],[-106.395648,43.836663],[-106.39564,43.84029],[-106.390619,43.840299],[-106.390625,43.836675]]]}},{"type":"Feature","properties":{"q":"SESE","ac":40.2},"geometry":{"type":"Polygon","coordinates":[[[-106.295369,43.87746],[-106.295406,43.881094],[-106.290395,43.881154],[-106.29036,43.877524],[-106.295369,43.87746]]]}},{"type":"Feature","properties":{"q":"NWSE","ac":40.3},"geometry":{"type":"Polygon","coordinates":[[[-106.315158,43.837341],[-106.320196,43.837289],[-106.320229,43.840914],[-106.315198,43.840965],[-106.315158,43.837341]]]}},{"type":"Feature","properties":{"q":"SESE","ac":40.6},"geometry":{"type":"Polygon","coordinates":[[[-106.289727,43.823048],[-106.289647,43.819416],[-106.291287,43.819393],[-106.294701,43.819316],[-106.294775,43.822973],[-106.289727,43.823048]]]}},{"type":"Feature","properties":{"q":"SWNW","ac":40.0},"geometry":{"type":"Polygon","coordinates":[[[-106.305305,43.870077],[-106.310301,43.870014],[-106.310348,43.873641],[-106.305346,43.873705],[-106.305305,43.870077]]]}},{"type":"Feature","properties":{"q":"NESW","ac":40.3},"geometry":{"type":"Polygon","coordinates":[[[-106.340327,43.837143],[-106.345353,43.837122],[-106.345379,43.840755],[-106.34035,43.840774],[-106.340327,43.837143]]]}},{"type":"Feature","properties":{"q":"NENW","ac":40.4},"geometry":{"type":"Polygon","coordinates":[[[-106.380652,43.887738],[-106.385687,43.887663],[-106.385705,43.891298],[-106.380666,43.891365],[-106.380652,43.887738]]]}},{"type":"Feature","properties":{"q":"NWSW","ac":40.3},"geometry":{"type":"Polygon","coordinates":[[[-106.325295,43.866253],[-106.330309,43.866207],[-106.330347,43.869849],[-106.325335,43.86989],[-106.325295,43.866253]]]}},{"type":"Feature","properties":{"q":"NENE","ac":40.2},"geometry":{"type":"Polygon","coordinates":[[[-106.350504,43.887992],[-106.355524,43.887966],[-106.355534,43.891595],[-106.350516,43.891628],[-106.350504,43.887992]]]}},{"type":"Feature","properties":{"q":"SWSW","ac":40.2},"geometry":{"type":"Polygon","coordinates":[[[-106.310247,43.851888],[-106.305231,43.851942],[-106.305233,43.848316],[-106.310261,43.848264],[-106.310247,43.851888]]]}},{"type":"Feature","properties":{"q":"NENE","ac":40.1},"geometry":{"type":"Polygon","coordinates":[[[-106.31022,43.859136],[-106.315237,43.859087],[-106.315223,43.862712],[-106.310207,43.86276],[-106.31022,43.859136]]]}},{"type":"Feature","properties":{"q":"SWSE","ac":40.3},"geometry":{"type":"Polygon","coordinates":[[[-106.335296,43.862561],[-106.340319,43.862556],[-106.340351,43.866195],[-106.33533,43.866201],[-106.335296,43.862561]]]}},{"type":"Feature","properties":{"q":"NESE","ac":40.7},"geometry":{"type":"Polygon","coordinates":[[[-106.370384,43.822259],[-106.375431,43.822235],[-106.375441,43.825884],[-106.370395,43.825915],[-106.370384,43.822259]]]}},{"type":"Feature","properties":{"q":"NESE","ac":40.3},"geometry":{"type":"Polygon","coordinates":[[[-106.33533,43.866201],[-106.335364,43.869841],[-106.330347,43.869849],[-106.330309,43.866207],[-106.33533,43.866201]]]}},{"type":"Feature","properties":{"q":"NESW","ac":40.4},"geometry":{"type":"Polygon","coordinates":[[[-106.380546,43.836776],[-106.385585,43.836725],[-106.385589,43.840357],[-106.380559,43.840417],[-106.380546,43.836776]]]}},{"type":"Feature","properties":{"q":"NWNW","ac":40.2},"geometry":{"type":"Polygon","coordinates":[[[-106.330421,43.877132],[-106.325415,43.877166],[-106.325375,43.873528],[-106.330384,43.87349],[-106.330421,43.877132]]]}},{"type":"Feature","properties":{"q":"SWSE","ac":40.6},"geometry":{"type":"Polygon","coordinates":[[[-106.360494,43.862508],[-106.360499,43.866149],[-106.355446,43.866165],[-106.355431,43.862527],[-106.360494,43.862508]]]}},{"type":"Feature","properties":{"q":"SESE","ac":40.7},"geometry":{"type":"Polygon","coordinates":[[[-106.370466,43.83688],[-106.370434,43.833225],[-106.375483,43.83318],[-106.375506,43.836828],[-106.370466,43.83688]]]}},{"type":"Feature","properties":{"q":"NESW","ac":40.5},"geometry":{"type":"Polygon","coordinates":[[[-106.360454,43.840636],[-106.360423,43.83699],[-106.365445,43.836936],[-106.365476,43.840586],[-106.360454,43.840636]]]}},{"type":"Feature","properties":{"q":"NWSE","ac":41.0},"geometry":{"type":"Polygon","coordinates":[[[-106.29485,43.826634],[-106.294775,43.822973],[-106.299829,43.822897],[-106.299893,43.826588],[-106.29485,43.826634]]]}},{"type":"Feature","properties":{"q":"SWSW","ac":40.6},"geometry":{"type":"Polygon","coordinates":[[[-106.348462,43.818929],[-106.350232,43.818929],[-106.350262,43.822563],[-106.345226,43.822583],[-106.345193,43.818918],[-106.348462,43.818929]]]}},{"type":"Feature","properties":{"q":"SWNE","ac":40.4},"geometry":{"type":"Polygon","coordinates":[[[-106.360485,43.844281],[-106.355461,43.844325],[-106.355431,43.840686],[-106.360454,43.840636],[-106.360485,43.844281]]]}},{"type":"Feature","properties":{"q":"SWSE","ac":40.2},"geometry":{"type":"Polygon","coordinates":[[[-106.320281,43.866298],[-106.315268,43.866342],[-106.315223,43.862712],[-106.320239,43.862663],[-106.320281,43.866298]]]}},{"type":"Feature","properties":{"q":"NWNW","ac":40.8},"geometry":{"type":"Polygon","coordinates":[[[-106.365558,43.862489],[-106.365553,43.858838],[-106.370607,43.858814],[-106.370621,43.86247],[-106.365558,43.862489]]]}},{"type":"Feature","properties":{"q":"SENE","ac":40.3},"geometry":{"type":"Polygon","coordinates":[[[-106.350437,43.84437],[-106.350408,43.840735],[-106.355431,43.840686],[-106.355461,43.844325],[-106.350437,43.84437]]]}},{"type":"Feature","properties":{"q":"NWSW","ac":40.4},"geometry":{"type":"Polygon","coordinates":[[[-106.350441,43.85164],[-106.350416,43.855276],[-106.345387,43.855286],[-106.345409,43.851653],[-106.350441,43.85164]]]}},{"type":"Feature","properties":{"q":"NWSE","ac":40.3},"geometry":{"type":"Polygon","coordinates":[[[-106.340358,43.855296],[-106.335329,43.855305],[-106.335346,43.851677],[-106.340378,43.851665],[-106.340358,43.855296]]]}},{"type":"Feature","properties":{"q":"SWSW","ac":40.3},"geometry":{"type":"Polygon","coordinates":[[[-106.345343,43.862551],[-106.350367,43.862546],[-106.350392,43.866181],[-106.345372,43.866188],[-106.345343,43.862551]]]}},{"type":"Feature","properties":{"q":"NESE","ac":40.6},"geometry":{"type":"Polygon","coordinates":[[[-106.314972,43.822802],[-106.31502,43.826447],[-106.309973,43.826494],[-106.309923,43.822857],[-106.314972,43.822802]]]}},{"type":"Feature","properties":{"q":"NESE","ac":40.5},"geometry":{"type":"Polygon","coordinates":[[[-106.350262,43.822563],[-106.3553,43.822476],[-106.355322,43.826127],[-106.350291,43.826197],[-106.350262,43.822563]]]}},{"type":"Feature","properties":{"q":"SWNW","ac":40.4},"geometry":{"type":"Polygon","coordinates":[[[-106.385687,43.887663],[-106.38567,43.884028],[-106.390702,43.883944],[-106.390723,43.887588],[-106.385687,43.887663]]]}},{"type":"Feature","properties":{"q":"NWNE","ac":40.2},"geometry":{"type":"Polygon","coordinates":[[[-106.395625,43.858428],[-106.400637,43.858411],[-106.400635,43.862042],[-106.395624,43.862059],[-106.395625,43.858428]]]}},{"type":"Feature","properties":{"q":"SENW","ac":40.3},"geometry":{"type":"Polygon","coordinates":[[[-106.305139,43.841065],[-106.305186,43.844691],[-106.300159,43.844741],[-106.300112,43.841113],[-106.305139,43.841065]]]}},{"type":"Feature","properties":{"q":"SESE","ac":40.4},"geometry":{"type":"Polygon","coordinates":[[[-106.355491,43.847965],[-106.355476,43.851606],[-106.350441,43.85164],[-106.350466,43.848005],[-106.355491,43.847965]]]}},{"type":"Feature","properties":{"q":"SESE","ac":40.4},"geometry":{"type":"Polygon","coordinates":[[[-106.395634,43.818548],[-106.395606,43.822174],[-106.390568,43.822169],[-106.390584,43.818541],[-106.395634,43.818548]]]}},{"type":"Feature","properties":{"q":"NWSE","ac":40.3},"geometry":{"type":"Polygon","coordinates":[[[-106.3353,43.837164],[-106.340327,43.837143],[-106.34035,43.840774],[-106.335321,43.840792],[-106.3353,43.837164]]]}},{"type":"Feature","properties":{"q":"SENW","ac":40.3},"geometry":{"type":"Polygon","coordinates":[[[-106.340374,43.844404],[-106.34035,43.840774],[-106.345379,43.840755],[-106.345405,43.844387],[-106.340374,43.844404]]]}},{"type":"Feature","properties":{"q":"NENW","ac":40.2},"geometry":{"type":"Polygon","coordinates":[[[-106.325542,43.888092],[-106.325585,43.891734],[-106.320587,43.891771],[-106.320542,43.888128],[-106.325542,43.888092]]]}},{"type":"Feature","properties":{"q":"SESW","ac":40.2},"geometry":{"type":"Polygon","coordinates":[[[-106.400653,43.865681],[-106.400635,43.862042],[-106.405642,43.862025],[-106.405661,43.86566],[-106.400653,43.865681]]]}},{"type":"Feature","properties":{"q":"SESW","ac":40.8},"geometry":{"type":"Polygon","coordinates":[[[-106.343485,43.818917],[-106.345193,43.818918],[-106.345226,43.822583],[-106.340189,43.822603],[-106.340151,43.818953],[-106.343485,43.818917]]]}},{"type":"Feature","properties":{"q":"NWNW","ac":40.4},"geometry":{"type":"Polygon","coordinates":[[[-106.39065,43.873012],[-106.390661,43.876657],[-106.385636,43.876756],[-106.385631,43.873111],[-106.39065,43.873012]]]}},{"type":"Feature","properties":{"q":"NWSW","ac":40.3},"geometry":{"type":"Polygon","coordinates":[[[-106.3454,43.869825],[-106.345372,43.866188],[-106.350392,43.866181],[-106.350417,43.869817],[-106.3454,43.869825]]]}},{"type":"Feature","properties":{"q":"NENE","ac":40.2},"geometry":{"type":"Polygon","coordinates":[[[-106.310592,43.891845],[-106.310543,43.888201],[-106.315542,43.888165],[-106.315589,43.891808],[-106.310592,43.891845]]]}},{"type":"Feature","properties":{"q":"SENW","ac":40.1},"geometry":{"type":"Polygon","coordinates":[[[-106.340497,43.884386],[-106.345494,43.884372],[-106.345513,43.888008],[-106.340523,43.888024],[-106.340497,43.884386]]]}},{"type":"Feature","properties":{"q":"NENE","ac":40.7},"geometry":{"type":"Polygon","coordinates":[[[-106.37546,43.829532],[-106.375483,43.83318],[-106.370434,43.833225],[-106.370413,43.82957],[-106.37546,43.829532]]]}},{"type":"Feature","properties":{"q":"NENE","ac":40.3},"geometry":{"type":"Polygon","coordinates":[[[-106.290458,43.88842],[-106.295478,43.888365],[-106.295512,43.892002],[-106.290486,43.892055],[-106.290458,43.88842]]]}},{"type":"Feature","properties":{"q":"SWNW","ac":40.4},"geometry":{"type":"Polygon","coordinates":[[[-106.350408,43.840735],[-106.350437,43.84437],[-106.345405,43.844387],[-106.345379,43.840755],[-106.350408,43.840735]]]}},{"type":"Feature","properties":{"q":"NWNE","ac":40.0},"geometry":{"type":"Polygon","coordinates":[[[-106.295241,43.859306],[-106.300232,43.859249],[-106.300241,43.862877],[-106.295258,43.862936],[-106.295241,43.859306]]]}},{"type":"Feature","properties":{"q":"SWNW","ac":40.4},"geometry":{"type":"Polygon","coordinates":[[[-106.33016,43.826305],[-106.330208,43.829932],[-106.325162,43.829982],[-106.325114,43.826353],[-106.33016,43.826305]]]}},{"type":"Feature","properties":{"q":"NESE","ac":40.1},"geometry":{"type":"Polygon","coordinates":[[[-106.310247,43.851888],[-106.315264,43.851839],[-106.31525,43.855463],[-106.310234,43.855512],[-106.310247,43.851888]]]}},{"type":"Feature","properties":{"q":"SENE","ac":40.4},"geometry":{"type":"Polygon","coordinates":[[[-106.355322,43.826127],[-106.355346,43.829766],[-106.350321,43.829831],[-106.350291,43.826197],[-106.355322,43.826127]]]}},{"type":"Feature","properties":{"q":"NENW","ac":40.6},"geometry":{"type":"Polygon","coordinates":[[[-106.380508,43.829494],[-106.385555,43.829457],[-106.385582,43.833092],[-106.380533,43.833136],[-106.380508,43.829494]]]}},{"type":"Feature","properties":{"q":"NESW","ac":40.3},"geometry":{"type":"Polygon","coordinates":[[[-106.320196,43.837289],[-106.325235,43.837237],[-106.325261,43.840863],[-106.320229,43.840914],[-106.320196,43.837289]]]}},{"type":"Feature","properties":{"q":"SWNW","ac":40.5},"geometry":{"type":"Polygon","coordinates":[[[-106.365374,43.825985],[-106.370395,43.825915],[-106.370413,43.82957],[-106.365393,43.829635],[-106.365374,43.825985]]]}},{"type":"Feature","properties":{"q":"SESW","ac":40.4},"geometry":{"type":"Polygon","coordinates":[[[-106.340397,43.848034],[-106.345432,43.84802],[-106.345409,43.851653],[-106.340378,43.851665],[-106.340397,43.848034]]]}},{"type":"Feature","properties":{"q":"NESW","ac":41.0},"geometry":{"type":"Polygon","coordinates":[[[-106.299829,43.822897],[-106.304878,43.822877],[-106.304933,43.826541],[-106.299893,43.826588],[-106.299829,43.822897]]]}},{"type":"Feature","properties":{"q":"SWSW","ac":40.1},"geometry":{"type":"Polygon","coordinates":[[[-106.365537,43.877061],[-106.37056,43.877053],[-106.370568,43.880664],[-106.365546,43.880679],[-106.365537,43.877061]]]}},{"type":"Feature","properties":{"q":"SENW","ac":40.2},"geometry":{"type":"Polygon","coordinates":[[[-106.38061,43.858629],[-106.380602,43.854985],[-106.385606,43.854899],[-106.385611,43.858537],[-106.38061,43.858629]]]}},{"type":"Feature","properties":{"q":"SESE","ac":40.7},"geometry":{"type":"Polygon","coordinates":[[[-106.375428,43.818586],[-106.375431,43.822235],[-106.370384,43.822259],[-106.370378,43.818604],[-106.37332,43.818593],[-106.375428,43.818586]]]}},{"type":"Feature","properties":{"q":"NENE","ac":40.3},"geometry":{"type":"Polygon","coordinates":[[[-106.355476,43.873441],[-106.355491,43.877078],[-106.350468,43.877087],[-106.350443,43.873452],[-106.355476,43.873441]]]}},{"type":"Feature","properties":{"q":"NENW","ac":40.5},"geometry":{"type":"Polygon","coordinates":[[[-106.365508,43.844236],[-106.36554,43.847885],[-106.360516,43.847925],[-106.360485,43.844281],[-106.365508,43.844236]]]}},{"type":"Feature","properties":{"q":"SWSE","ac":40.2},"geometry":{"type":"Polygon","coordinates":[[[-106.340445,43.877109],[-106.340471,43.880748],[-106.335466,43.88076],[-106.335433,43.87712],[-106.340445,43.877109]]]}},{"type":"Feature","properties":{"q":"NESW","ac":40.2},"geometry":{"type":"Polygon","coordinates":[[[-106.320324,43.869932],[-106.320281,43.866298],[-106.325295,43.866253],[-106.325335,43.86989],[-106.320324,43.869932]]]}},{"type":"Feature","properties":{"q":"NWNE","ac":40.4},"geometry":{"type":"Polygon","coordinates":[[[-106.375576,43.847771],[-106.375552,43.844124],[-106.380573,43.844057],[-106.380587,43.847697],[-106.375576,43.847771]]]}},{"type":"Feature","properties":{"q":"NESW","ac":40.3},"geometry":{"type":"Polygon","coordinates":[[[-106.380616,43.865919],[-106.385621,43.86582],[-106.385626,43.869466],[-106.380614,43.869565],[-106.380616,43.865919]]]}},{"type":"Feature","properties":{"q":"NWSE","ac":40.0},"geometry":{"type":"Polygon","coordinates":[[[-106.300275,43.866508],[-106.300309,43.870139],[-106.295309,43.870201],[-106.295283,43.866569],[-106.300275,43.866508]]]}},{"type":"Feature","properties":{"q":"NWSE","ac":40.3},"geometry":{"type":"Polygon","coordinates":[[[-106.300112,43.841113],[-106.295085,43.841161],[-106.295039,43.837531],[-106.300066,43.837485],[-106.300112,43.841113]]]}},{"type":"Feature","properties":{"q":"NWSW","ac":40.2},"geometry":{"type":"Polygon","coordinates":[[[-106.3255,43.88445],[-106.325457,43.880808],[-106.330462,43.880773],[-106.330502,43.884414],[-106.3255,43.88445]]]}},{"type":"Feature","properties":{"q":"SESW","ac":40.1},"geometry":{"type":"Polygon","coordinates":[[[-106.360514,43.87707],[-106.365537,43.877061],[-106.365546,43.880679],[-106.360524,43.880693],[-106.360514,43.87707]]]}},{"type":"Feature","properties":{"q":"NWSW","ac":40.5},"geometry":{"type":"Polygon","coordinates":[[[-106.370384,43.822259],[-106.370395,43.825915],[-106.365374,43.825985],[-106.36537,43.822324],[-106.370384,43.822259]]]}},{"type":"Feature","properties":{"q":"SWNW","ac":40.3},"geometry":{"type":"Polygon","coordinates":[[[-106.325261,43.840863],[-106.330292,43.840811],[-106.33031,43.844437],[-106.325286,43.844488],[-106.325261,43.840863]]]}},{"type":"Feature","properties":{"q":"SWSW","ac":40.4},"geometry":{"type":"Polygon","coordinates":[[[-106.385636,43.876756],[-106.390661,43.876657],[-106.390682,43.880301],[-106.385653,43.880392],[-106.385636,43.876756]]]}},{"type":"Feature","properties":{"q":"NENW","ac":40.4},"geometry":{"type":"Polygon","coordinates":[[[-106.360509,43.87343],[-106.365542,43.873418],[-106.365537,43.877061],[-106.360514,43.87707],[-106.360509,43.87343]]]}},{"type":"Feature","properties":{"q":"SESE","ac":40.3},"geometry":{"type":"Polygon","coordinates":[[[-106.295039,43.837531],[-106.290012,43.837577],[-106.289966,43.833945],[-106.294992,43.833901],[-106.295039,43.837531]]]}},{"type":"Feature","properties":{"q":"NWNW","ac":40.4},"geometry":{"type":"Polygon","coordinates":[[[-106.390723,43.887588],[-106.390743,43.891232],[-106.385705,43.891298],[-106.385687,43.887663],[-106.390723,43.887588]]]}},{"type":"Feature","properties":{"q":"SWSE","ac":40.2},"geometry":{"type":"Polygon","coordinates":[[[-106.295406,43.881094],[-106.295369,43.87746],[-106.300378,43.877396],[-106.300418,43.881034],[-106.295406,43.881094]]]}},{"type":"Feature","properties":{"q":"NESE","ac":40.3},"geometry":{"type":"Polygon","coordinates":[[[-106.310119,43.837392],[-106.315158,43.837341],[-106.315198,43.840965],[-106.310166,43.841016],[-106.310119,43.837392]]]}},{"type":"Feature","properties":{"q":"NENW","ac":40.0},"geometry":{"type":"Polygon","coordinates":[[[-106.405664,43.843879],[-106.405654,43.847495],[-106.400644,43.847505],[-106.400653,43.843895],[-106.405664,43.843879]]]}},{"type":"Feature","properties":{"q":"NWNW","ac":40.5},"geometry":{"type":"Polygon","coordinates":[[[-106.370434,43.833225],[-106.365413,43.833285],[-106.365393,43.829635],[-106.370413,43.82957],[-106.370434,43.833225]]]}},{"type":"Feature","properties":{"q":"NWSE","ac":40.2},"geometry":{"type":"Polygon","coordinates":[[[-106.380639,43.884111],[-106.375607,43.884193],[-106.375596,43.880574],[-106.380625,43.880483],[-106.380639,43.884111]]]}},{"type":"Feature","properties":{"q":"NWNW","ac":40.2},"geometry":{"type":"Polygon","coordinates":[[[-106.33031,43.844437],[-106.330329,43.848064],[-106.325312,43.848114],[-106.325286,43.844488],[-106.33031,43.844437]]]}},{"type":"Feature","properties":{"q":"NENE","ac":40.5},"geometry":{"type":"Polygon","coordinates":[[[-106.310022,43.830131],[-106.315069,43.830082],[-106.315118,43.833716],[-106.310072,43.833768],[-106.310022,43.830131]]]}},{"type":"Feature","properties":{"q":"SWNE","ac":40.5},"geometry":{"type":"Polygon","coordinates":[[[-106.395726,43.883921],[-106.40075,43.883898],[-106.400771,43.88755],[-106.395747,43.887569],[-106.395726,43.883921]]]}},{"type":"Feature","properties":{"q":"NESW","ac":40.6},"geometry":{"type":"Polygon","coordinates":[[[-106.360505,43.855217],[-106.36051,43.851571],[-106.365545,43.851537],[-106.365549,43.855188],[-106.360505,43.855217]]]}},{"type":"Feature","properties":{"q":"NWNE","ac":40.2},"geometry":{"type":"Polygon","coordinates":[[[-106.360553,43.891563],[-106.355534,43.891595],[-106.355524,43.887966],[-106.360543,43.88794],[-106.360553,43.891563]]]}},{"type":"Feature","properties":{"q":"NWNE","ac":40.4},"geometry":{"type":"Polygon","coordinates":[[[-106.360485,43.844281],[-106.360516,43.847925],[-106.355491,43.847965],[-106.355461,43.844325],[-106.360485,43.844281]]]}},{"type":"Feature","properties":{"q":"NENW","ac":40.1},"geometry":{"type":"Polygon","coordinates":[[[-106.360543,43.88794],[-106.365563,43.887914],[-106.365571,43.891531],[-106.360553,43.891563],[-106.360543,43.88794]]]}},{"type":"Feature","properties":{"q":"SWSE","ac":40.4},"geometry":{"type":"Polygon","coordinates":[[[-106.320164,43.833663],[-106.320196,43.837289],[-106.315158,43.837341],[-106.315118,43.833716],[-106.320164,43.833663]]]}},{"type":"Feature","properties":{"q":"1","ac":40.9},"geometry":{"type":"Polygon","coordinates":[[[-106.4057,43.872928],[-106.410803,43.872901],[-106.410814,43.876533],[-106.40572,43.876561],[-106.4057,43.872928]]]}},{"type":"Feature","properties":{"q":"NESW","ac":40.6},"geometry":{"type":"Polygon","coordinates":[[[-106.320068,43.8264],[-106.32002,43.822747],[-106.325067,43.822713],[-106.325114,43.826353],[-106.320068,43.8264]]]}},{"type":"Feature","properties":{"q":"NWSE","ac":40.3},"geometry":{"type":"Polygon","coordinates":[[[-106.400642,43.851142],[-106.400639,43.85478],[-106.395625,43.854796],[-106.395626,43.851161],[-106.400642,43.851142]]]}},{"type":"Feature","properties":{"q":"NESW","ac":40.5},"geometry":{"type":"Polygon","coordinates":[[[-106.385523,43.822188],[-106.385533,43.825823],[-106.380487,43.825853],[-106.380477,43.822211],[-106.385523,43.822188]]]}},{"type":"Feature","properties":{"q":"SENW","ac":40.0},"geometry":{"type":"Polygon","coordinates":[[[-106.405678,43.829399],[-106.400659,43.829429],[-106.400642,43.825825],[-106.405667,43.825783],[-106.405678,43.829399]]]}},{"type":"Feature","properties":{"q":"SESE","ac":40.6},"geometry":{"type":"Polygon","coordinates":[[[-106.353442,43.818852],[-106.355278,43.818824],[-106.3553,43.822476],[-106.350262,43.822563],[-106.350232,43.818929],[-106.353442,43.818852]]]}},{"type":"Feature","properties":{"q":"SESW","ac":40.3},"geometry":{"type":"Polygon","coordinates":[[[-106.385602,43.85126],[-106.380594,43.851341],[-106.380587,43.847697],[-106.385597,43.847622],[-106.385602,43.85126]]]}},{"type":"Feature","properties":{"q":"NESW","ac":40.7},"geometry":{"type":"Polygon","coordinates":[[[-106.36537,43.822324],[-106.365374,43.825985],[-106.360353,43.826056],[-106.360337,43.822388],[-106.36537,43.822324]]]}},{"type":"Feature","properties":{"q":"NESW","ac":40.1},"geometry":{"type":"Polygon","coordinates":[[[-106.300223,43.855621],[-106.300214,43.851995],[-106.305231,43.851942],[-106.305228,43.855567],[-106.300223,43.855621]]]}},{"type":"Feature","properties":{"q":"SENE","ac":40.3},"geometry":{"type":"Polygon","coordinates":[[[-106.39563,43.829418],[-106.390602,43.829424],[-106.390578,43.825796],[-106.39561,43.825798],[-106.39563,43.829418]]]}},{"type":"Feature","properties":{"q":"SESW","ac":40.2},"geometry":{"type":"Polygon","coordinates":[[[-106.305431,43.880973],[-106.300418,43.881034],[-106.300378,43.877396],[-106.305387,43.877332],[-106.305431,43.880973]]]}},{"type":"Feature","properties":{"q":"NESE","ac":40.3},"geometry":{"type":"Polygon","coordinates":[[[-106.290012,43.837577],[-106.295039,43.837531],[-106.295085,43.841161],[-106.290058,43.841209],[-106.290012,43.837577]]]}},{"type":"Feature","properties":{"q":"NWNW","ac":40.4},"geometry":{"type":"Polygon","coordinates":[[[-106.310592,43.891845],[-106.305565,43.891898],[-106.305521,43.888256],[-106.310543,43.888201],[-106.310592,43.891845]]]}},{"type":"Feature","properties":{"q":"SWNW","ac":40.3},"geometry":{"type":"Polygon","coordinates":[[[-106.350392,43.858911],[-106.345365,43.858918],[-106.345387,43.855286],[-106.350416,43.855276],[-106.350392,43.858911]]]}},{"type":"Feature","properties":{"q":"NESW","ac":40.2},"geometry":{"type":"Polygon","coordinates":[[[-106.405651,43.851129],[-106.405648,43.854764],[-106.400639,43.85478],[-106.400642,43.851142],[-106.405651,43.851129]]]}},{"type":"Feature","properties":{"q":"SWSE","ac":40.6},"geometry":{"type":"Polygon","coordinates":[[[-106.380533,43.833136],[-106.380546,43.836776],[-106.375506,43.836828],[-106.375483,43.83318],[-106.380533,43.833136]]]}},{"type":"Feature","properties":{"q":"NWSW","ac":40.2},"geometry":{"type":"Polygon","coordinates":[[[-106.390609,43.85118],[-106.390611,43.854812],[-106.385606,43.854899],[-106.385602,43.85126],[-106.390609,43.85118]]]}},{"type":"Feature","properties":{"q":"SWSW","ac":40.5},"geometry":{"type":"Polygon","coordinates":[[[-106.370434,43.833225],[-106.370466,43.83688],[-106.365445,43.836936],[-106.365413,43.833285],[-106.370434,43.833225]]]}},{"type":"Feature","properties":{"q":"SESE","ac":40.2},"geometry":{"type":"Polygon","coordinates":[[[-106.315223,43.862712],[-106.315268,43.866342],[-106.310254,43.866387],[-106.310207,43.86276],[-106.315223,43.862712]]]}},{"type":"Feature","properties":{"q":"NESE","ac":40.5},"geometry":{"type":"Polygon","coordinates":[[[-106.350392,43.866181],[-106.355446,43.866165],[-106.355461,43.869803],[-106.350417,43.869817],[-106.350392,43.866181]]]}},{"type":"Feature","properties":{"q":"SENE","ac":40.1},"geometry":{"type":"Polygon","coordinates":[[[-106.330502,43.884414],[-106.335499,43.8844],[-106.335532,43.88804],[-106.330542,43.888055],[-106.330502,43.884414]]]}},{"type":"Feature","properties":{"q":"NWSE","ac":40.5},"geometry":{"type":"Polygon","coordinates":[[[-106.400728,43.880243],[-106.40075,43.883898],[-106.395726,43.883921],[-106.395705,43.880272],[-106.400728,43.880243]]]}},{"type":"Feature","properties":{"q":"NENE","ac":40.4},"geometry":{"type":"Polygon","coordinates":[[[-106.390723,43.887588],[-106.395747,43.887569],[-106.395768,43.891217],[-106.390743,43.891232],[-106.390723,43.887588]]]}},{"type":"Feature","properties":{"q":"NWSW","ac":40.3},"geometry":{"type":"Polygon","coordinates":[[[-106.390626,43.865721],[-106.390638,43.869367],[-106.385626,43.869466],[-106.385621,43.86582],[-106.390626,43.865721]]]}},{"type":"Feature","properties":{"q":"NWNE","ac":40.2},"geometry":{"type":"Polygon","coordinates":[[[-106.315542,43.888165],[-106.320542,43.888128],[-106.320587,43.891771],[-106.315589,43.891808],[-106.315542,43.888165]]]}},{"type":"Feature","properties":{"q":"NWSW","ac":40.7},"geometry":{"type":"Polygon","coordinates":[[[-106.304878,43.822877],[-106.309923,43.822857],[-106.309973,43.826494],[-106.304933,43.826541],[-106.304878,43.822877]]]}},{"type":"Feature","properties":{"q":"NENE","ac":40.1},"geometry":{"type":"Polygon","coordinates":[[[-106.315402,43.877234],[-106.310396,43.877269],[-106.310348,43.873641],[-106.315357,43.873604],[-106.315402,43.877234]]]}},{"type":"Feature","properties":{"q":"SENE","ac":40.1},"geometry":{"type":"Polygon","coordinates":[[[-106.315312,43.869973],[-106.315357,43.873604],[-106.310348,43.873641],[-106.310301,43.870014],[-106.315312,43.869973]]]}},{"type":"Feature","properties":{"q":"NWNW","ac":40.4},"geometry":{"type":"Polygon","coordinates":[[[-106.370576,43.873407],[-106.37056,43.877053],[-106.365537,43.877061],[-106.365542,43.873418],[-106.370576,43.873407]]]}},{"type":"Feature","properties":{"q":"NESW","ac":40.6},"geometry":{"type":"Polygon","coordinates":[[[-106.360504,43.869789],[-106.360499,43.866149],[-106.365552,43.866132],[-106.365547,43.869776],[-106.360504,43.869789]]]}},{"type":"Feature","properties":{"q":"SENE","ac":40.2},"geometry":{"type":"Polygon","coordinates":[[[-106.310494,43.884557],[-106.315496,43.884521],[-106.315542,43.888165],[-106.310543,43.888201],[-106.310494,43.884557]]]}},{"type":"Feature","properties":{"q":"SENE","ac":40.3},"geometry":{"type":"Polygon","coordinates":[[[-106.370591,43.869761],[-106.375602,43.869663],[-106.375594,43.873309],[-106.370576,43.873407],[-106.370591,43.869761]]]}},{"type":"Feature","properties":{"q":"NESW","ac":40.3},"geometry":{"type":"Polygon","coordinates":[[[-106.345372,43.866188],[-106.3454,43.869825],[-106.340382,43.869833],[-106.340351,43.866195],[-106.345372,43.866188]]]}},{"type":"Feature","properties":{"q":"SWSW","ac":40.4},"geometry":{"type":"Polygon","coordinates":[[[-106.345432,43.84802],[-106.350466,43.848005],[-106.350441,43.85164],[-106.345409,43.851653],[-106.345432,43.84802]]]}},{"type":"Feature","properties":{"q":"NWNW","ac":40.3},"geometry":{"type":"Polygon","coordinates":[[[-106.350392,43.858911],[-106.350367,43.862546],[-106.345343,43.862551],[-106.345365,43.858918],[-106.350392,43.858911]]]}},{"type":"Feature","properties":{"q":"SWSW","ac":39.9},"geometry":{"type":"Polygon","coordinates":[[[-106.305224,43.862819],[-106.310207,43.86276],[-106.310254,43.866387],[-106.305264,43.866448],[-106.305224,43.862819]]]}},{"type":"Feature","properties":{"q":"NESE","ac":40.3},"geometry":{"type":"Polygon","coordinates":[[[-106.355431,43.840686],[-106.350408,43.840735],[-106.350379,43.8371],[-106.355401,43.837046],[-106.355431,43.840686]]]}},{"type":"Feature","properties":{"q":"NESE","ac":40.4},"geometry":{"type":"Polygon","coordinates":[[[-106.335193,43.826279],[-106.33016,43.826305],[-106.330112,43.822679],[-106.335151,43.822641],[-106.335193,43.826279]]]}},{"type":"Feature","properties":{"q":"SENW","ac":40.5},"geometry":{"type":"Polygon","coordinates":[[[-106.325114,43.826353],[-106.325162,43.829982],[-106.320116,43.830032],[-106.320068,43.8264],[-106.325114,43.826353]]]}},{"type":"Feature","properties":{"q":"2","ac":40.5},"geometry":{"type":"Polygon","coordinates":[[[-106.410753,43.829379],[-106.405678,43.829399],[-106.405667,43.825783],[-106.41073,43.825758],[-106.410753,43.829379]]]}},{"type":"Feature","properties":{"q":"SENW","ac":40.1},"geometry":{"type":"Polygon","coordinates":[[[-106.320253,43.859038],[-106.320267,43.855414],[-106.325284,43.855364],[-106.32527,43.85899],[-106.320253,43.859038]]]}},{"type":"Feature","properties":{"q":"NWNE","ac":40.2},"geometry":{"type":"Polygon","coordinates":[[[-106.38061,43.858629],[-106.380617,43.862273],[-106.375619,43.862372],[-106.375608,43.858722],[-106.38061,43.858629]]]}},{"type":"Feature","properties":{"q":"SWNE","ac":40.3},"geometry":{"type":"Polygon","coordinates":[[[-106.340339,43.858926],[-106.335313,43.858933],[-106.335329,43.855305],[-106.340358,43.855296],[-106.340339,43.858926]]]}},{"type":"Feature","properties":{"q":"SENW","ac":40.4},"geometry":{"type":"Polygon","coordinates":[[[-106.365393,43.829635],[-106.360372,43.829701],[-106.360353,43.826056],[-106.365374,43.825985],[-106.365393,43.829635]]]}},{"type":"Feature","properties":{"q":"NWNW","ac":40.1},"geometry":{"type":"Polygon","coordinates":[[[-106.385616,43.862175],[-106.385611,43.858537],[-106.390612,43.858444],[-106.390614,43.862076],[-106.385616,43.862175]]]}},{"type":"Feature","properties":{"q":"NENE","ac":40.3},"geometry":{"type":"Polygon","coordinates":[[[-106.370621,43.86247],[-106.370607,43.858814],[-106.375608,43.858722],[-106.375619,43.862372],[-106.370621,43.86247]]]}},{"type":"Feature","properties":{"q":"NWSE","ac":40.2},"geometry":{"type":"Polygon","coordinates":[[[-106.315449,43.880878],[-106.320453,43.880843],[-106.320498,43.884486],[-106.315496,43.884521],[-106.315449,43.880878]]]}},{"type":"Feature","properties":{"q":"SWNE","ac":40.1},"geometry":{"type":"Polygon","coordinates":[[[-106.400653,43.843895],[-106.395633,43.843908],[-106.39564,43.84029],[-106.400662,43.840284],[-106.400653,43.843895]]]}},{"type":"Feature","properties":{"q":"NESE","ac":40.3},"geometry":{"type":"Polygon","coordinates":[[[-106.370591,43.869761],[-106.370606,43.866116],[-106.375611,43.866017],[-106.375602,43.869663],[-106.370591,43.869761]]]}},{"type":"Feature","properties":{"q":"NWNE","ac":40.4},"geometry":{"type":"Polygon","coordinates":[[[-106.300019,43.833857],[-106.294992,43.833901],[-106.294921,43.830268],[-106.299956,43.830222],[-106.300019,43.833857]]]}},{"type":"Feature","properties":{"q":"SESW","ac":40.4},"geometry":{"type":"Polygon","coordinates":[[[-106.320196,43.837289],[-106.320164,43.833663],[-106.32521,43.833611],[-106.325235,43.837237],[-106.320196,43.837289]]]}},{"type":"Feature","properties":{"q":"4","ac":40.2},"geometry":{"type":"Polygon","coordinates":[[[-106.405727,43.818547],[-106.406921,43.818547],[-106.410275,43.81852],[-106.410761,43.818517],[-106.410724,43.822137],[-106.405675,43.822162],[-106.405727,43.818547]]]}},{"type":"Feature","properties":{"q":"SENE","ac":40.3},"geometry":{"type":"Polygon","coordinates":[[[-106.370593,43.855158],[-106.375598,43.855072],[-106.375608,43.858722],[-106.370607,43.858814],[-106.370593,43.855158]]]}},{"type":"Feature","properties":{"q":"NWSW","ac":40.3},"geometry":{"type":"Polygon","coordinates":[[[-106.325235,43.837237],[-106.330274,43.837185],[-106.330292,43.840811],[-106.325261,43.840863],[-106.325235,43.837237]]]}},{"type":"Feature","properties":{"q":"SESE","ac":40.6},"geometry":{"type":"Polygon","coordinates":[[[-106.350367,43.862546],[-106.355431,43.862527],[-106.355446,43.866165],[-106.350392,43.866181],[-106.350367,43.862546]]]}},{"type":"Feature","properties":{"q":"SESE","ac":40.7},"geometry":{"type":"Polygon","coordinates":[[[-106.31341,43.81917],[-106.314923,43.819157],[-106.314972,43.822802],[-106.309923,43.822857],[-106.309873,43.81922],[-106.31341,43.81917]]]}},{"type":"Feature","properties":{"q":"NENW","ac":40.2},"geometry":{"type":"Polygon","coordinates":[[[-106.385611,43.858537],[-106.385616,43.862175],[-106.380617,43.862273],[-106.38061,43.858629],[-106.385611,43.858537]]]}},{"type":"Feature","properties":{"q":"NESE","ac":40.4},"geometry":{"type":"Polygon","coordinates":[[[-106.375587,43.851421],[-106.375598,43.855072],[-106.370593,43.855158],[-106.370579,43.851502],[-106.375587,43.851421]]]}},{"type":"Feature","properties":{"q":"SESE","ac":40.3},"geometry":{"type":"Polygon","coordinates":[[[-106.335279,43.833535],[-106.3353,43.837164],[-106.330274,43.837185],[-106.330255,43.833559],[-106.335279,43.833535]]]}},{"type":"Feature","properties":{"q":"NWNW","ac":40.2},"geometry":{"type":"Polygon","coordinates":[[[-106.390613,43.843923],[-106.390608,43.847547],[-106.385597,43.847622],[-106.385593,43.84399],[-106.390613,43.843923]]]}},{"type":"Feature","properties":{"q":"NESE","ac":40.2},"geometry":{"type":"Polygon","coordinates":[[[-106.395625,43.854796],[-106.390611,43.854812],[-106.390609,43.85118],[-106.395626,43.851161],[-106.395625,43.854796]]]}},{"type":"Feature","properties":{"q":"NESE","ac":40.7},"geometry":{"type":"Polygon","coordinates":[[[-106.289727,43.823048],[-106.294775,43.822973],[-106.29485,43.826634],[-106.289806,43.826681],[-106.289727,43.823048]]]}},{"type":"Feature","properties":{"q":"SENE","ac":40.4},"geometry":{"type":"Polygon","coordinates":[[[-106.355476,43.873441],[-106.350443,43.873452],[-106.350417,43.869817],[-106.355461,43.869803],[-106.355476,43.873441]]]}},{"type":"Feature","properties":{"q":"3","ac":41.0},"geometry":{"type":"Polygon","coordinates":[[[-106.410782,43.865639],[-106.410793,43.86927],[-106.405681,43.869295],[-106.405661,43.86566],[-106.410782,43.865639]]]}},{"type":"Feature","properties":{"q":"SWSW","ac":40.7},"geometry":{"type":"Polygon","coordinates":[[[-106.370384,43.822259],[-106.36537,43.822324],[-106.365368,43.818621],[-106.368369,43.81861],[-106.370378,43.818604],[-106.370384,43.822259]]]}},{"type":"Feature","properties":{"q":"NWSW","ac":40.1},"geometry":{"type":"Polygon","coordinates":[[[-106.325284,43.855364],[-106.325298,43.851739],[-106.330314,43.851689],[-106.3303,43.855315],[-106.325284,43.855364]]]}},{"type":"Feature","properties":{"q":"NWSE","ac":40.3},"geometry":{"type":"Polygon","coordinates":[[[-106.380594,43.851341],[-106.380602,43.854985],[-106.375598,43.855072],[-106.375587,43.851421],[-106.380594,43.851341]]]}},{"type":"Feature","properties":{"q":"SESW","ac":40.7},"geometry":{"type":"Polygon","coordinates":[[[-106.360494,43.862508],[-106.365558,43.862489],[-106.365552,43.866132],[-106.360499,43.866149],[-106.360494,43.862508]]]}},{"type":"Feature","properties":{"q":"SESW","ac":40.1},"geometry":{"type":"Polygon","coordinates":[[[-106.405694,43.833015],[-106.405683,43.836639],[-106.400671,43.836659],[-106.400681,43.833034],[-106.405694,43.833015]]]}},{"type":"Feature","properties":{"q":"NWNE","ac":40.3},"geometry":{"type":"Polygon","coordinates":[[[-106.375628,43.891432],[-106.375617,43.887813],[-106.380652,43.887738],[-106.380666,43.891365],[-106.375628,43.891432]]]}},{"type":"Feature","properties":{"q":"SESW","ac":40.4},"geometry":{"type":"Polygon","coordinates":[[[-106.400706,43.876588],[-106.40572,43.876561],[-106.405742,43.880217],[-106.400728,43.880243],[-106.400706,43.876588]]]}},{"type":"Feature","properties":{"q":"NWNW","ac":40.3},"geometry":{"type":"Polygon","coordinates":[[[-106.350321,43.829831],[-106.350351,43.833466],[-106.345327,43.833489],[-106.345293,43.829857],[-106.350321,43.829831]]]}},{"type":"Feature","properties":{"q":"SENE","ac":40.1},"geometry":{"type":"Polygon","coordinates":[[[-106.295309,43.870201],[-106.295339,43.873831],[-106.290334,43.873893],[-106.290308,43.870263],[-106.295309,43.870201]]]}},{"type":"Feature","properties":{"q":"SESW","ac":40.9},"geometry":{"type":"Polygon","coordinates":[[[-106.32502,43.819045],[-106.325067,43.822713],[-106.32002,43.822747],[-106.319972,43.819093],[-106.323374,43.819046],[-106.32502,43.819045]]]}},{"type":"Feature","properties":{"q":"1","ac":41.1},"geometry":{"type":"Polygon","coordinates":[[[-106.405664,43.843879],[-106.410795,43.843864],[-106.4108,43.847485],[-106.405654,43.847495],[-106.405664,43.843879]]]}},{"type":"Feature","properties":{"q":"NENE","ac":40.0},"geometry":{"type":"Polygon","coordinates":[[[-106.29025,43.859362],[-106.295241,43.859306],[-106.295258,43.862936],[-106.290275,43.862995],[-106.29025,43.859362]]]}},{"type":"Feature","properties":{"q":"NWSE","ac":40.2},"geometry":{"type":"Polygon","coordinates":[[[-106.39564,43.84029],[-106.395648,43.836663],[-106.400671,43.836659],[-106.400662,43.840284],[-106.39564,43.84029]]]}},{"type":"Feature","properties":{"q":"NWSW","ac":40.4},"geometry":{"type":"Polygon","coordinates":[[[-106.390682,43.880301],[-106.390702,43.883944],[-106.38567,43.884028],[-106.385653,43.880392],[-106.390682,43.880301]]]}},{"type":"Feature","properties":{"q":"SENW","ac":40.1},"geometry":{"type":"Polygon","coordinates":[[[-106.360533,43.884317],[-106.365554,43.884297],[-106.365563,43.887914],[-106.360543,43.88794],[-106.360533,43.884317]]]}},{"type":"Feature","properties":{"q":"SWSW","ac":40.3},"geometry":{"type":"Polygon","coordinates":[[[-106.310396,43.877269],[-106.310445,43.880913],[-106.305431,43.880973],[-106.305387,43.877332],[-106.310396,43.877269]]]}},{"type":"Feature","properties":{"q":"SWNE","ac":40.4},"geometry":{"type":"Polygon","coordinates":[[[-106.360372,43.829701],[-106.355346,43.829766],[-106.355322,43.826127],[-106.360353,43.826056],[-106.360372,43.829701]]]}},{"type":"Feature","properties":{"q":"SENE","ac":40.3},"geometry":{"type":"Polygon","coordinates":[[[-106.290458,43.88842],[-106.29043,43.884785],[-106.295444,43.884728],[-106.295478,43.888365],[-106.290458,43.88842]]]}},{"type":"Feature","properties":{"q":"NESE","ac":40.4},"geometry":{"type":"Polygon","coordinates":[[[-106.395726,43.883921],[-106.390702,43.883944],[-106.390682,43.880301],[-106.395705,43.880272],[-106.395726,43.883921]]]}},{"type":"Feature","properties":{"q":"SENE","ac":40.4},"geometry":{"type":"Polygon","coordinates":[[[-106.390723,43.887588],[-106.390702,43.883944],[-106.395726,43.883921],[-106.395747,43.887569],[-106.390723,43.887588]]]}},{"type":"Feature","properties":{"q":"SWSW","ac":40.6},"geometry":{"type":"Polygon","coordinates":[[[-106.32502,43.819045],[-106.328402,43.819053],[-106.330064,43.819052],[-106.330112,43.822679],[-106.325067,43.822713],[-106.32502,43.819045]]]}},{"type":"Feature","properties":{"q":"SESW","ac":41.7},"geometry":{"type":"Polygon","coordinates":[[[-106.304822,43.81913],[-106.304878,43.822877],[-106.299829,43.822897],[-106.299765,43.819207],[-106.303443,43.81912],[-106.304822,43.81913]]]}},{"type":"Feature","properties":{"q":"4","ac":40.8},"geometry":{"type":"Polygon","coordinates":[[[-106.405683,43.836639],[-106.405694,43.833015],[-106.410782,43.833],[-106.410786,43.836621],[-106.405683,43.836639]]]}},{"type":"Feature","properties":{"q":"NWNW","ac":40.4},"geometry":{"type":"Polygon","coordinates":[[[-106.304989,43.830177],[-106.310022,43.830131],[-106.310072,43.833768],[-106.305046,43.833812],[-106.304989,43.830177]]]}},{"type":"Feature","properties":{"q":"NESW","ac":40.3},"geometry":{"type":"Polygon","coordinates":[[[-106.38567,43.884028],[-106.380639,43.884111],[-106.380625,43.880483],[-106.385653,43.880392],[-106.38567,43.884028]]]}},{"type":"Feature","properties":{"q":"NENE","ac":40.4},"geometry":{"type":"Polygon","coordinates":[[[-106.350437,43.84437],[-106.355461,43.844325],[-106.355491,43.847965],[-106.350466,43.848005],[-106.350437,43.84437]]]}},{"type":"Feature","properties":{"q":"NWNW","ac":40.0},"geometry":{"type":"Polygon","coordinates":[[[-106.370589,43.891499],[-106.365571,43.891531],[-106.365563,43.887914],[-106.370582,43.887887],[-106.370589,43.891499]]]}},{"type":"Feature","properties":{"q":"SWNE","ac":40.3},"geometry":{"type":"Polygon","coordinates":[[[-106.340227,43.826252],[-106.340265,43.829882],[-106.335236,43.829907],[-106.335193,43.826279],[-106.340227,43.826252]]]}},{"type":"Feature","properties":{"q":"3","ac":40.4},"geometry":{"type":"Polygon","coordinates":[[[-106.405667,43.825783],[-106.405675,43.822162],[-106.410724,43.822137],[-106.41073,43.825758],[-106.405667,43.825783]]]}},{"type":"Feature","properties":{"q":"NENE","ac":40.2},"geometry":{"type":"Polygon","coordinates":[[[-106.335296,43.862561],[-106.330272,43.862566],[-106.330286,43.85894],[-106.335313,43.858933],[-106.335296,43.862561]]]}},{"type":"Feature","properties":{"q":"NWSW","ac":40.5},"geometry":{"type":"Polygon","coordinates":[[[-106.390578,43.825796],[-106.385533,43.825823],[-106.385523,43.822188],[-106.390568,43.822169],[-106.390578,43.825796]]]}},{"type":"Feature","properties":{"q":"4","ac":41.1},"geometry":{"type":"Polygon","coordinates":[[[-106.410814,43.876533],[-106.41082,43.880191],[-106.405742,43.880217],[-106.40572,43.876561],[-106.410814,43.876533]]]}},{"type":"Feature","properties":{"q":"SENW","ac":40.0},"geometry":{"type":"Polygon","coordinates":[[[-106.400653,43.843895],[-106.400662,43.840284],[-106.405673,43.840263],[-106.405664,43.843879],[-106.400653,43.843895]]]}},{"type":"Feature","properties":{"q":"SWSE","ac":40.6},"geometry":{"type":"Polygon","coordinates":[[[-106.380479,43.818569],[-106.380477,43.822211],[-106.375431,43.822235],[-106.375428,43.818586],[-106.378272,43.818576],[-106.380479,43.818569]]]}},{"type":"Feature","properties":{"q":"NWSE","ac":40.3},"geometry":{"type":"Polygon","coordinates":[[[-106.340351,43.866195],[-106.340382,43.869833],[-106.335364,43.869841],[-106.33533,43.866201],[-106.340351,43.866195]]]}},{"type":"Feature","properties":{"q":"NWNW","ac":40.4},"geometry":{"type":"Polygon","coordinates":[[[-106.330208,43.829932],[-106.330255,43.833559],[-106.32521,43.833611],[-106.325162,43.829982],[-106.330208,43.829932]]]}},{"type":"Feature","properties":{"q":"NWSE","ac":40.1},"geometry":{"type":"Polygon","coordinates":[[[-106.315264,43.851839],[-106.320281,43.851789],[-106.320267,43.855414],[-106.31525,43.855463],[-106.315264,43.851839]]]}},{"type":"Feature","properties":{"q":"NENW","ac":40.3},"geometry":{"type":"Polygon","coordinates":[[[-106.340339,43.858926],[-106.345365,43.858918],[-106.345343,43.862551],[-106.340319,43.862556],[-106.340339,43.858926]]]}},{"type":"Feature","properties":{"q":"SESW","ac":40.5},"geometry":{"type":"Polygon","coordinates":[[[-106.365413,43.833285],[-106.365445,43.836936],[-106.360423,43.83699],[-106.360392,43.833345],[-106.365413,43.833285]]]}},{"type":"Feature","properties":{"q":"SESW","ac":41.1},"geometry":{"type":"Polygon","coordinates":[[[-106.360324,43.81872],[-106.363409,43.818648],[-106.365368,43.818621],[-106.36537,43.822324],[-106.360337,43.822388],[-106.360324,43.81872]]]}},{"type":"Feature","properties":{"q":"NWSE","ac":40.2},"geometry":{"type":"Polygon","coordinates":[[[-106.300418,43.881034],[-106.300458,43.884671],[-106.295444,43.884728],[-106.295406,43.881094],[-106.300418,43.881034]]]}},{"type":"Feature","properties":{"q":"NENW","ac":40.0},"geometry":{"type":"Polygon","coordinates":[[[-106.400659,43.829429],[-106.405678,43.829399],[-106.405694,43.833015],[-106.400681,43.833034],[-106.400659,43.829429]]]}},{"type":"Feature","properties":{"q":"NWSW","ac":40.0},"geometry":{"type":"Polygon","coordinates":[[[-106.365546,43.880679],[-106.370568,43.880664],[-106.370575,43.884276],[-106.365554,43.884297],[-106.365546,43.880679]]]}},{"type":"Feature","properties":{"q":"NENE","ac":40.3},"geometry":{"type":"Polygon","coordinates":[[[-106.290105,43.844842],[-106.295132,43.844791],[-106.295178,43.848421],[-106.290151,43.848474],[-106.290105,43.844842]]]}},{"type":"Feature","properties":{"q":"SESE","ac":40.2},"geometry":{"type":"Polygon","coordinates":[[[-106.330421,43.877132],[-106.335433,43.87712],[-106.335466,43.88076],[-106.330462,43.880773],[-106.330421,43.877132]]]}},{"type":"Feature","properties":{"q":"SENW","ac":40.7},"geometry":{"type":"Polygon","coordinates":[[[-106.360505,43.855217],[-106.365549,43.855188],[-106.365553,43.858838],[-106.360499,43.858863],[-106.360505,43.855217]]]}},{"type":"Feature","properties":{"q":"SENE","ac":40.0},"geometry":{"type":"Polygon","coordinates":[[[-106.290224,43.855729],[-106.295224,43.855675],[-106.295241,43.859306],[-106.29025,43.859362],[-106.290224,43.855729]]]}},{"type":"Feature","properties":{"q":"SESW","ac":40.5},"geometry":{"type":"Polygon","coordinates":[[[-106.385582,43.833092],[-106.385585,43.836725],[-106.380546,43.836776],[-106.380533,43.833136],[-106.385582,43.833092]]]}},{"type":"Feature","properties":{"q":"SWNW","ac":40.5},"geometry":{"type":"Polygon","coordinates":[[[-106.365476,43.840586],[-106.370499,43.840536],[-106.370532,43.844191],[-106.365508,43.844236],[-106.365476,43.840586]]]}},{"type":"Feature","properties":{"q":"NESE","ac":40.2},"geometry":{"type":"Polygon","coordinates":[[[-106.35048,43.880722],[-106.355502,43.880708],[-106.355513,43.884337],[-106.350492,43.884357],[-106.35048,43.880722]]]}},{"type":"Feature","properties":{"q":"SESE","ac":40.3},"geometry":{"type":"Polygon","coordinates":[[[-106.390626,43.865721],[-106.390614,43.862076],[-106.395624,43.862059],[-106.395639,43.865701],[-106.390626,43.865721]]]}},{"type":"Feature","properties":{"q":"2","ac":40.8},"geometry":{"type":"Polygon","coordinates":[[[-106.410833,43.887508],[-106.405786,43.88753],[-106.405764,43.883874],[-106.410826,43.88385],[-106.410833,43.887508]]]}},{"type":"Feature","properties":{"q":"NESW","ac":40.1},"geometry":{"type":"Polygon","coordinates":[[[-106.345494,43.884372],[-106.340497,43.884386],[-106.340471,43.880748],[-106.345475,43.880735],[-106.345494,43.884372]]]}},{"type":"Feature","properties":{"q":"SWNE","ac":40.2},"geometry":{"type":"Polygon","coordinates":[[[-106.320366,43.873566],[-106.315357,43.873604],[-106.315312,43.869973],[-106.320324,43.869932],[-106.320366,43.873566]]]}},{"type":"Feature","properties":{"q":"NWSE","ac":40.6},"geometry":{"type":"Polygon","coordinates":[[[-106.380477,43.822211],[-106.380487,43.825853],[-106.375441,43.825884],[-106.375431,43.822235],[-106.380477,43.822211]]]}},{"type":"Feature","properties":{"q":"NWNE","ac":40.3},"geometry":{"type":"Polygon","coordinates":[[[-106.335342,43.844421],[-106.340374,43.844404],[-106.340397,43.848034],[-106.335363,43.848049],[-106.335342,43.844421]]]}},{"type":"Feature","properties":{"q":"SENW","ac":40.5},"geometry":{"type":"Polygon","coordinates":[[[-106.360504,43.869789],[-106.365547,43.869776],[-106.365542,43.873418],[-106.360509,43.87343],[-106.360504,43.869789]]]}},{"type":"Feature","properties":{"q":"SENW","ac":40.2},"geometry":{"type":"Polygon","coordinates":[[[-106.325542,43.888092],[-106.320542,43.888128],[-106.320498,43.884486],[-106.3255,43.88445],[-106.325542,43.888092]]]}},{"type":"Feature","properties":{"q":"SWNE","ac":40.4},"geometry":{"type":"Polygon","coordinates":[[[-106.294921,43.830268],[-106.29485,43.826634],[-106.299893,43.826588],[-106.299956,43.830222],[-106.294921,43.830268]]]}},{"type":"Feature","properties":{"q":"SWSW","ac":40.2},"geometry":{"type":"Polygon","coordinates":[[[-106.390609,43.85118],[-106.385602,43.85126],[-106.385597,43.847622],[-106.390608,43.847547],[-106.390609,43.85118]]]}},{"type":"Feature","properties":{"q":"SWSE","ac":40.0},"geometry":{"type":"Polygon","coordinates":[[[-106.295283,43.866569],[-106.295258,43.862936],[-106.300241,43.862877],[-106.300275,43.866508],[-106.295283,43.866569]]]}},{"type":"Feature","properties":{"q":"SENE","ac":40.2},"geometry":{"type":"Polygon","coordinates":[[[-106.395625,43.854796],[-106.395625,43.858428],[-106.390612,43.858444],[-106.390611,43.854812],[-106.395625,43.854796]]]}},{"type":"Feature","properties":{"q":"NENE","ac":40.4},"geometry":{"type":"Polygon","coordinates":[[[-106.395669,43.872983],[-106.395684,43.876623],[-106.390661,43.876657],[-106.39065,43.873012],[-106.395669,43.872983]]]}},{"type":"Feature","properties":{"q":"NENW","ac":40.2},"geometry":{"type":"Polygon","coordinates":[[[-106.345456,43.877098],[-106.340445,43.877109],[-106.340413,43.873471],[-106.345428,43.873462],[-106.345456,43.877098]]]}},{"type":"Feature","properties":{"q":"NENW","ac":40.4},"geometry":{"type":"Polygon","coordinates":[[[-106.400771,43.88755],[-106.405786,43.88753],[-106.405808,43.891185],[-106.400793,43.891203],[-106.400771,43.88755]]]}},{"type":"Feature","properties":{"q":"2","ac":40.9},"geometry":{"type":"Polygon","coordinates":[[[-106.41079,43.840242],[-106.410795,43.843864],[-106.405664,43.843879],[-106.405673,43.840263],[-106.41079,43.840242]]]}},{"type":"Feature","properties":{"q":"NESW","ac":40.2},"geometry":{"type":"Polygon","coordinates":[[[-106.385606,43.854899],[-106.380602,43.854985],[-106.380594,43.851341],[-106.385602,43.85126],[-106.385606,43.854899]]]}},{"type":"Feature","properties":{"q":"NWNE","ac":40.4},"geometry":{"type":"Polygon","coordinates":[[[-106.380613,43.87321],[-106.380611,43.876855],[-106.375586,43.876954],[-106.375594,43.873309],[-106.380613,43.87321]]]}},{"type":"Feature","properties":{"q":"NWSE","ac":40.7},"geometry":{"type":"Polygon","coordinates":[[[-106.360353,43.826056],[-106.355322,43.826127],[-106.3553,43.822476],[-106.360337,43.822388],[-106.360353,43.826056]]]}},{"type":"Feature","properties":{"q":"SENE","ac":40.3},"geometry":{"type":"Polygon","coordinates":[[[-106.330208,43.829932],[-106.33016,43.826305],[-106.335193,43.826279],[-106.335236,43.829907],[-106.330208,43.829932]]]}},{"type":"Feature","properties":{"q":"SWNE","ac":40.1},"geometry":{"type":"Polygon","coordinates":[[[-106.300309,43.870139],[-106.300343,43.873768],[-106.295339,43.873831],[-106.295309,43.870201],[-106.300309,43.870139]]]}},{"type":"Feature","properties":{"q":"SWSW","ac":40.2},"geometry":{"type":"Polygon","coordinates":[[[-106.345475,43.880735],[-106.345456,43.877098],[-106.350468,43.877087],[-106.35048,43.880722],[-106.345475,43.880735]]]}},{"type":"Feature","properties":{"q":"NWSE","ac":40.3},"geometry":{"type":"Polygon","coordinates":[[[-106.395654,43.869343],[-106.395639,43.865701],[-106.400653,43.865681],[-106.400671,43.869319],[-106.395654,43.869343]]]}},{"type":"Feature","properties":{"q":"NESE","ac":40.3},"geometry":{"type":"Polygon","coordinates":[[[-106.3353,43.837164],[-106.335321,43.840792],[-106.330292,43.840811],[-106.330274,43.837185],[-106.3353,43.837164]]]}},{"type":"Feature","properties":{"q":"1","ac":40.7},"geometry":{"type":"Polygon","coordinates":[[[-106.410839,43.891167],[-106.405808,43.891185],[-106.405786,43.88753],[-106.410833,43.887508],[-106.410839,43.891167]]]}},{"type":"Feature","properties":{"q":"NWNE","ac":40.1},"geometry":{"type":"Polygon","coordinates":[[[-106.315237,43.859087],[-106.320253,43.859038],[-106.320239,43.862663],[-106.315223,43.862712],[-106.315237,43.859087]]]}},{"type":"Feature","properties":{"q":"SENE","ac":40.2},"geometry":{"type":"Polygon","coordinates":[[[-106.375617,43.887813],[-106.370582,43.887887],[-106.370575,43.884276],[-106.375607,43.884193],[-106.375617,43.887813]]]}},{"type":"Feature","properties":{"q":"SENW","ac":40.2},"geometry":{"type":"Polygon","coordinates":[[[-106.400671,43.869319],[-106.405681,43.869295],[-106.4057,43.872928],[-106.400689,43.872954],[-106.400671,43.869319]]]}},{"type":"Feature","properties":{"q":"NENW","ac":40.1},"geometry":{"type":"Polygon","coordinates":[[[-106.325256,43.862615],[-106.320239,43.862663],[-106.320253,43.859038],[-106.32527,43.85899],[-106.325256,43.862615]]]}},{"type":"Feature","properties":{"q":"SESE","ac":40.1},"geometry":{"type":"Polygon","coordinates":[[[-106.310261,43.848264],[-106.315278,43.848214],[-106.315264,43.851839],[-106.310247,43.851888],[-106.310261,43.848264]]]}},{"type":"Feature","properties":{"q":"NENW","ac":40.1},"geometry":{"type":"Polygon","coordinates":[[[-106.400637,43.858411],[-106.405645,43.858395],[-106.405642,43.862025],[-106.400635,43.862042],[-106.400637,43.858411]]]}},{"type":"Feature","properties":{"q":"NESW","ac":40.3},"geometry":{"type":"Polygon","coordinates":[[[-106.340378,43.851665],[-106.345409,43.851653],[-106.345387,43.855286],[-106.340358,43.855296],[-106.340378,43.851665]]]}},{"type":"Feature","properties":{"q":"SWNE","ac":40.2},"geometry":{"type":"Polygon","coordinates":[[[-106.400639,43.85478],[-106.400637,43.858411],[-106.395625,43.858428],[-106.395625,43.854796],[-106.400639,43.85478]]]}},{"type":"Feature","properties":{"q":"NENE","ac":40.3},"geometry":{"type":"Polygon","coordinates":[[[-106.355371,43.833405],[-106.350351,43.833466],[-106.350321,43.829831],[-106.355346,43.829766],[-106.355371,43.833405]]]}},{"type":"Feature","properties":{"q":"NESW","ac":40.1},"geometry":{"type":"Polygon","coordinates":[[[-106.325298,43.851739],[-106.325284,43.855364],[-106.320267,43.855414],[-106.320281,43.851789],[-106.325298,43.851739]]]}},{"type":"Feature","properties":{"q":"SENE","ac":40.2},"geometry":{"type":"Polygon","coordinates":[[[-106.310166,43.841016],[-106.315198,43.840965],[-106.315238,43.84459],[-106.310213,43.84464],[-106.310166,43.841016]]]}},{"type":"Feature","properties":{"q":"SWNW","ac":40.4},"geometry":{"type":"Polygon","coordinates":[[[-106.310494,43.884557],[-106.310543,43.888201],[-106.305521,43.888256],[-106.305476,43.884614],[-106.310494,43.884557]]]}},{"type":"Feature","properties":{"q":"NWNE","ac":40.2},"geometry":{"type":"Polygon","coordinates":[[[-106.315238,43.84459],[-106.320262,43.844539],[-106.320295,43.848164],[-106.315278,43.848214],[-106.315238,43.84459]]]}},{"type":"Feature","properties":{"q":"SWSE","ac":40.2},"geometry":{"type":"Polygon","coordinates":[[[-106.400681,43.833034],[-106.400671,43.836659],[-106.395648,43.836663],[-106.395656,43.833037],[-106.400681,43.833034]]]}},{"type":"Feature","properties":{"q":"NENE","ac":40.2},"geometry":{"type":"Polygon","coordinates":[[[-106.370589,43.891499],[-106.370582,43.887887],[-106.375617,43.887813],[-106.375628,43.891432],[-106.370589,43.891499]]]}},{"type":"Feature","properties":{"q":"SWNE","ac":40.1},"geometry":{"type":"Polygon","coordinates":[[[-106.320267,43.855414],[-106.320253,43.859038],[-106.315237,43.859087],[-106.31525,43.855463],[-106.320267,43.855414]]]}},{"type":"Feature","properties":{"q":"SENW","ac":40.3},"geometry":{"type":"Polygon","coordinates":[[[-106.385631,43.873111],[-106.380613,43.87321],[-106.380614,43.869565],[-106.385626,43.869466],[-106.385631,43.873111]]]}},{"type":"Feature","properties":{"q":"NENE","ac":40.2},"geometry":{"type":"Polygon","coordinates":[[[-106.310261,43.848264],[-106.310213,43.84464],[-106.315238,43.84459],[-106.315278,43.848214],[-106.310261,43.848264]]]}},{"type":"Feature","properties":{"q":"SWNE","ac":40.2},"geometry":{"type":"Polygon","coordinates":[[[-106.315198,43.840965],[-106.320229,43.840914],[-106.320262,43.844539],[-106.315238,43.84459],[-106.315198,43.840965]]]}},{"type":"Feature","properties":{"q":"NENE","ac":40.2},"geometry":{"type":"Polygon","coordinates":[[[-106.39563,43.829418],[-106.395656,43.833037],[-106.390632,43.833051],[-106.390602,43.829424],[-106.39563,43.829418]]]}},{"type":"Feature","properties":{"q":"NENW","ac":40.4},"geometry":{"type":"Polygon","coordinates":[[[-106.360392,43.833345],[-106.360372,43.829701],[-106.365393,43.829635],[-106.365413,43.833285],[-106.360392,43.833345]]]}},{"type":"Feature","properties":{"q":"SESW","ac":40.2},"geometry":{"type":"Polygon","coordinates":[[[-106.385616,43.862175],[-106.385621,43.86582],[-106.380616,43.865919],[-106.380617,43.862273],[-106.385616,43.862175]]]}},{"type":"Feature","properties":{"q":"SWNE","ac":40.1},"geometry":{"type":"Polygon","coordinates":[[[-106.340523,43.888024],[-106.335532,43.88804],[-106.335499,43.8844],[-106.340497,43.884386],[-106.340523,43.888024]]]}},{"type":"Feature","properties":{"q":"SWNW","ac":40.4},"geometry":{"type":"Polygon","coordinates":[[[-106.350321,43.829831],[-106.345293,43.829857],[-106.345259,43.826225],[-106.350291,43.826197],[-106.350321,43.829831]]]}},{"type":"Feature","properties":{"q":"SWNW","ac":40.1},"geometry":{"type":"Polygon","coordinates":[[[-106.385611,43.858537],[-106.385606,43.854899],[-106.390611,43.854812],[-106.390612,43.858444],[-106.385611,43.858537]]]}},{"type":"Feature","properties":{"q":"NWNE","ac":40.6},"geometry":{"type":"Polygon","coordinates":[[[-106.380508,43.829494],[-106.380533,43.833136],[-106.375483,43.83318],[-106.37546,43.829532],[-106.380508,43.829494]]]}},{"type":"Feature","properties":{"q":"SWNE","ac":40.2},"geometry":{"type":"Polygon","coordinates":[[[-106.315496,43.884521],[-106.320498,43.884486],[-106.320542,43.888128],[-106.315542,43.888165],[-106.315496,43.884521]]]}},{"type":"Feature","properties":{"q":"SWSE","ac":40.5},"geometry":{"type":"Polygon","coordinates":[[[-106.400706,43.876588],[-106.400728,43.880243],[-106.395705,43.880272],[-106.395684,43.876623],[-106.400706,43.876588]]]}},{"type":"Feature","properties":{"q":"SESE","ac":40.2},"geometry":{"type":"Polygon","coordinates":[[[-106.315402,43.877234],[-106.315449,43.880878],[-106.310445,43.880913],[-106.310396,43.877269],[-106.315402,43.877234]]]}},{"type":"Feature","properties":{"q":"NWSW","ac":40.3},"geometry":{"type":"Polygon","coordinates":[[[-106.385589,43.840357],[-106.385585,43.836725],[-106.390625,43.836675],[-106.390619,43.840299],[-106.385589,43.840357]]]}},{"type":"Feature","properties":{"q":"SESE","ac":40.2},"geometry":{"type":"Polygon","coordinates":[[[-106.390632,43.833051],[-106.395656,43.833037],[-106.395648,43.836663],[-106.390625,43.836675],[-106.390632,43.833051]]]}},{"type":"Feature","properties":{"q":"NENW","ac":40.3},"geometry":{"type":"Polygon","coordinates":[[[-106.305186,43.844691],[-106.305233,43.848316],[-106.300206,43.848369],[-106.300159,43.844741],[-106.305186,43.844691]]]}},{"type":"Feature","properties":{"q":"NWSE","ac":40.4},"geometry":{"type":"Polygon","coordinates":[[[-106.360454,43.840636],[-106.355431,43.840686],[-106.355401,43.837046],[-106.360423,43.83699],[-106.360454,43.840636]]]}},{"type":"Feature","properties":{"q":"SWSE","ac":40.6},"geometry":{"type":"Polygon","coordinates":[[[-106.335108,43.819003],[-106.338457,43.818966],[-106.340151,43.818953],[-106.340189,43.822603],[-106.335151,43.822641],[-106.335108,43.819003]]]}},{"type":"Feature","properties":{"q":"NESE","ac":40.1},"geometry":{"type":"Polygon","coordinates":[[[-106.290292,43.866629],[-106.295283,43.866569],[-106.295309,43.870201],[-106.290308,43.870263],[-106.290292,43.866629]]]}},{"type":"Feature","properties":{"q":"SESE","ac":40.4},"geometry":{"type":"Polygon","coordinates":[[[-106.310119,43.837392],[-106.310072,43.833768],[-106.315118,43.833716],[-106.315158,43.837341],[-106.310119,43.837392]]]}},{"type":"Feature","properties":{"q":"SESE","ac":40.0},"geometry":{"type":"Polygon","coordinates":[[[-106.290275,43.862995],[-106.295258,43.862936],[-106.295283,43.866569],[-106.290292,43.866629],[-106.290275,43.862995]]]}},{"type":"Feature","properties":{"q":"SESW","ac":40.3},"geometry":{"type":"Polygon","coordinates":[[[-106.385636,43.876756],[-106.385653,43.880392],[-106.380625,43.880483],[-106.380611,43.876855],[-106.385636,43.876756]]]}},{"type":"Feature","properties":{"q":"SWSE","ac":40.3},"geometry":{"type":"Polygon","coordinates":[[[-106.380594,43.851341],[-106.375587,43.851421],[-106.375576,43.847771],[-106.380587,43.847697],[-106.380594,43.851341]]]}},{"type":"Feature","properties":{"q":"NESW","ac":40.2},"geometry":{"type":"Polygon","coordinates":[[[-106.400653,43.865681],[-106.405661,43.86566],[-106.405681,43.869295],[-106.400671,43.869319],[-106.400653,43.865681]]]}},{"type":"Feature","properties":{"q":"SENW","ac":40.3},"geometry":{"type":"Polygon","coordinates":[[[-106.300458,43.884671],[-106.305476,43.884614],[-106.305521,43.888256],[-106.300498,43.888311],[-106.300458,43.884671]]]}},{"type":"Feature","properties":{"q":"SENE","ac":40.2},"geometry":{"type":"Polygon","coordinates":[[[-106.350492,43.884357],[-106.355513,43.884337],[-106.355524,43.887966],[-106.350504,43.887992],[-106.350492,43.884357]]]}},{"type":"Feature","properties":{"q":"NENW","ac":40.3},"geometry":{"type":"Polygon","coordinates":[[[-106.385593,43.84399],[-106.385597,43.847622],[-106.380587,43.847697],[-106.380573,43.844057],[-106.385593,43.84399]]]}},{"type":"Feature","properties":{"q":"NESW","ac":40.3},"geometry":{"type":"Polygon","coordinates":[[[-106.305431,43.880973],[-106.305476,43.884614],[-106.300458,43.884671],[-106.300418,43.881034],[-106.305431,43.880973]]]}},{"type":"Feature","properties":{"q":"SWNE","ac":40.0},"geometry":{"type":"Polygon","coordinates":[[[-106.300223,43.855621],[-106.300232,43.859249],[-106.295241,43.859306],[-106.295224,43.855675],[-106.300223,43.855621]]]}},{"type":"Feature","properties":{"q":"NWNE","ac":40.3},"geometry":{"type":"Polygon","coordinates":[[[-106.295132,43.844791],[-106.300159,43.844741],[-106.300206,43.848369],[-106.295178,43.848421],[-106.295132,43.844791]]]}},{"type":"Feature","properties":{"q":"SWSW","ac":40.7},"geometry":{"type":"Polygon","coordinates":[[[-106.370606,43.866116],[-106.365552,43.866132],[-106.365558,43.862489],[-106.370621,43.86247],[-106.370606,43.866116]]]}},{"type":"Feature","properties":{"q":"SWSW","ac":41.1},"geometry":{"type":"Polygon","coordinates":[[[-106.309873,43.81922],[-106.309923,43.822857],[-106.304878,43.822877],[-106.304822,43.81913],[-106.308427,43.819209],[-106.309873,43.81922]]]}},{"type":"Feature","properties":{"q":"SESW","ac":40.2},"geometry":{"type":"Polygon","coordinates":[[[-106.300206,43.848369],[-106.305233,43.848316],[-106.305231,43.851942],[-106.300214,43.851995],[-106.300206,43.848369]]]}},{"type":"Feature","properties":{"q":"SWSE","ac":40.5},"geometry":{"type":"Polygon","coordinates":[[[-106.355476,43.851606],[-106.355491,43.847965],[-106.360516,43.847925],[-106.36051,43.851571],[-106.355476,43.851606]]]}},{"type":"Feature","properties":{"q":"SWSW","ac":40.2},"geometry":{"type":"Polygon","coordinates":[[[-106.305092,43.837439],[-106.305046,43.833812],[-106.310072,43.833768],[-106.310119,43.837392],[-106.305092,43.837439]]]}},{"type":"Feature","properties":{"q":"SENW","ac":40.3},"geometry":{"type":"Polygon","coordinates":[[[-106.345428,43.873462],[-106.340413,43.873471],[-106.340382,43.869833],[-106.3454,43.869825],[-106.345428,43.873462]]]}},{"type":"Feature","properties":{"q":"NENW","ac":40.7},"geometry":{"type":"Polygon","coordinates":[[[-106.360499,43.858863],[-106.365553,43.858838],[-106.365558,43.862489],[-106.360494,43.862508],[-106.360499,43.858863]]]}},{"type":"Feature","properties":{"q":"SENE","ac":40.5},"geometry":{"type":"Polygon","coordinates":[[[-106.375552,43.844124],[-106.370532,43.844191],[-106.370499,43.840536],[-106.375529,43.840476],[-106.375552,43.844124]]]}},{"type":"Feature","properties":{"q":"SESW","ac":40.3},"geometry":{"type":"Polygon","coordinates":[[[-106.320239,43.862663],[-106.325256,43.862615],[-106.325295,43.866253],[-106.320281,43.866298],[-106.320239,43.862663]]]}},{"type":"Feature","properties":{"q":"NWNE","ac":40.1},"geometry":{"type":"Polygon","coordinates":[[[-106.300343,43.873768],[-106.300378,43.877396],[-106.295369,43.87746],[-106.295339,43.873831],[-106.300343,43.873768]]]}},{"type":"Feature","properties":{"q":"NESE","ac":40.3},"geometry":{"type":"Polygon","coordinates":[[[-106.390638,43.869367],[-106.390626,43.865721],[-106.395639,43.865701],[-106.395654,43.869343],[-106.390638,43.869367]]]}},{"type":"Feature","properties":{"q":"NESW","ac":40.4},"geometry":{"type":"Polygon","coordinates":[[[-106.400728,43.880243],[-106.405742,43.880217],[-106.405764,43.883874],[-106.40075,43.883898],[-106.400728,43.880243]]]}},{"type":"Feature","properties":{"q":"3","ac":40.9},"geometry":{"type":"Polygon","coordinates":[[[-106.405683,43.836639],[-106.410786,43.836621],[-106.41079,43.840242],[-106.405673,43.840263],[-106.405683,43.836639]]]}},{"type":"Feature","properties":{"q":"SWSE","ac":40.3},"geometry":{"type":"Polygon","coordinates":[[[-106.400691,43.818607],[-106.400643,43.822215],[-106.395606,43.822174],[-106.395634,43.818548],[-106.396052,43.818548],[-106.400691,43.818607]]]}},{"type":"Feature","properties":{"q":"NESW","ac":40.0},"geometry":{"type":"Polygon","coordinates":[[[-106.305305,43.870077],[-106.300309,43.870139],[-106.300275,43.866508],[-106.305264,43.866448],[-106.305305,43.870077]]]}},{"type":"Feature","properties":{"q":"SESW","ac":40.3},"geometry":{"type":"Polygon","coordinates":[[[-106.345353,43.837122],[-106.340327,43.837143],[-106.340303,43.833512],[-106.345327,43.833489],[-106.345353,43.837122]]]}},{"type":"Feature","properties":{"q":"SENW","ac":40.1},"geometry":{"type":"Polygon","coordinates":[[[-106.405648,43.854764],[-106.405645,43.858395],[-106.400637,43.858411],[-106.400639,43.85478],[-106.405648,43.854764]]]}},{"type":"Feature","properties":{"q":"SWNE","ac":40.5},"geometry":{"type":"Polygon","coordinates":[[[-106.31502,43.826447],[-106.320068,43.8264],[-106.320116,43.830032],[-106.315069,43.830082],[-106.31502,43.826447]]]}},{"type":"Feature","properties":{"q":"NWNE","ac":40.5},"geometry":{"type":"Polygon","coordinates":[[[-106.395747,43.887569],[-106.400771,43.88755],[-106.400793,43.891203],[-106.395768,43.891217],[-106.395747,43.887569]]]}},{"type":"Feature","properties":{"q":"SENE","ac":40.5},"geometry":{"type":"Polygon","coordinates":[[[-106.309973,43.826494],[-106.31502,43.826447],[-106.315069,43.830082],[-106.310022,43.830131],[-106.309973,43.826494]]]}},{"type":"Feature","properties":{"q":"NENW","ac":40.4},"geometry":{"type":"Polygon","coordinates":[[[-106.340374,43.844404],[-106.345405,43.844387],[-106.345432,43.84802],[-106.340397,43.848034],[-106.340374,43.844404]]]}},{"type":"Feature","properties":{"q":"NESW","ac":40.2},"geometry":{"type":"Polygon","coordinates":[[[-106.320453,43.880843],[-106.325457,43.880808],[-106.3255,43.88445],[-106.320498,43.884486],[-106.320453,43.880843]]]}},{"type":"Feature","properties":{"q":"SESE","ac":40.2},"geometry":{"type":"Polygon","coordinates":[[[-106.375619,43.862372],[-106.375611,43.866017],[-106.370606,43.866116],[-106.370621,43.86247],[-106.375619,43.862372]]]}},{"type":"Feature","properties":{"q":"NESE","ac":40.6},"geometry":{"type":"Polygon","coordinates":[[[-106.375506,43.836828],[-106.375529,43.840476],[-106.370499,43.840536],[-106.370466,43.83688],[-106.375506,43.836828]]]}},{"type":"Feature","properties":{"q":"SENE","ac":40.4},"geometry":{"type":"Polygon","coordinates":[[[-106.29485,43.826634],[-106.294921,43.830268],[-106.289886,43.830313],[-106.289806,43.826681],[-106.29485,43.826634]]]}},{"type":"Feature","properties":{"q":"NENE","ac":40.1},"geometry":{"type":"Polygon","coordinates":[[[-106.390608,43.847547],[-106.390613,43.843923],[-106.395633,43.843908],[-106.395626,43.847526],[-106.390608,43.847547]]]}},{"type":"Feature","properties":{"q":"NWSE","ac":40.5},"geometry":{"type":"Polygon","coordinates":[[[-106.335151,43.822641],[-106.340189,43.822603],[-106.340227,43.826252],[-106.335193,43.826279],[-106.335151,43.822641]]]}},{"type":"Feature","properties":{"q":"SENW","ac":40.3},"geometry":{"type":"Polygon","coordinates":[[[-106.38567,43.884028],[-106.385687,43.887663],[-106.380652,43.887738],[-106.380639,43.884111],[-106.38567,43.884028]]]}},{"type":"Feature","properties":{"q":"NWNW","ac":40.5},"geometry":{"type":"Polygon","coordinates":[[[-106.385555,43.829457],[-106.390602,43.829424],[-106.390632,43.833051],[-106.385582,43.833092],[-106.385555,43.829457]]]}},{"type":"Feature","properties":{"q":"NENE","ac":40.3},"geometry":{"type":"Polygon","coordinates":[[[-106.330208,43.829932],[-106.335236,43.829907],[-106.335279,43.833535],[-106.330255,43.833559],[-106.330208,43.829932]]]}},{"type":"Feature","properties":{"q":"NENW","ac":40.2},"geometry":{"type":"Polygon","coordinates":[[[-106.320366,43.873566],[-106.325375,43.873528],[-106.325415,43.877166],[-106.320408,43.8772],[-106.320366,43.873566]]]}},{"type":"Feature","properties":{"q":"SESE","ac":40.1},"geometry":{"type":"Polygon","coordinates":[[[-106.315589,43.891808],[-106.315585,43.89544],[-106.310583,43.895477],[-106.310592,43.891845],[-106.315589,43.891808]]]}},{"type":"Feature","properties":{"q":"NWSE","ac":40.4},"geometry":{"type":"Polygon","coordinates":[[[-106.300534,43.895582],[-106.300529,43.899215],[-106.295488,43.899267],[-106.2955,43.895635],[-106.300534,43.895582]]]}},{"type":"Feature","properties":{"q":"3","ac":38.3},"geometry":{"type":"Polygon","coordinates":[[[-106.340594,43.902544],[-106.345591,43.902526],[-106.345602,43.906004],[-106.340609,43.906011],[-106.340594,43.902544]]]}},{"type":"Feature","properties":{"q":"SWNW","ac":40.6},"geometry":{"type":"Polygon","coordinates":[[[-106.385836,43.89855],[-106.390916,43.898493],[-106.390959,43.902118],[-106.385879,43.902173],[-106.385836,43.89855]]]}},{"type":"Feature","properties":{"q":"2","ac":39.8},"geometry":{"type":"Polygon","coordinates":[[[-106.3808,43.902228],[-106.380844,43.905795],[-106.375765,43.905839],[-106.375739,43.902282],[-106.3808,43.902228]]]}},{"type":"Feature","properties":{"q":"NWSW","ac":40.2},"geometry":{"type":"Polygon","coordinates":[[[-106.305558,43.89553],[-106.310583,43.895477],[-106.310574,43.899109],[-106.305552,43.899162],[-106.305558,43.89553]]]}},{"type":"Feature","properties":{"q":"3","ac":39.6},"geometry":{"type":"Polygon","coordinates":[[[-106.300525,43.902835],[-106.305545,43.902786],[-106.305539,43.906357],[-106.30052,43.906421],[-106.300525,43.902835]]]}},{"type":"Feature","properties":{"q":"NWSW","ac":40.1},"geometry":{"type":"Polygon","coordinates":[[[-106.330599,43.898956],[-106.325594,43.898995],[-106.325589,43.895364],[-106.330591,43.895326],[-106.330599,43.898956]]]}},{"type":"Feature","properties":{"q":"3","ac":39.1},"geometry":{"type":"Polygon","coordinates":[[[-106.360619,43.902422],[-106.365649,43.902379],[-106.365663,43.905912],[-106.360641,43.90594],[-106.360619,43.902422]]]}},{"type":"Feature","properties":{"q":"SENE","ac":40.2},"geometry":{"type":"Polygon","coordinates":[[[-106.295495,43.902885],[-106.290464,43.902935],[-106.290447,43.89932],[-106.295488,43.899267],[-106.295495,43.902885]]]}},{"type":"Feature","properties":{"q":"SESE","ac":40.3},"geometry":{"type":"Polygon","coordinates":[[[-106.290486,43.892055],[-106.295512,43.892002],[-106.2955,43.895635],[-106.290466,43.895687],[-106.290486,43.892055]]]}},{"type":"Feature","properties":{"q":"SWNE","ac":40.2},"geometry":{"type":"Polygon","coordinates":[[[-106.400941,43.89847],[-106.401016,43.9021],[-106.395987,43.902109],[-106.395929,43.898481],[-106.400941,43.89847]]]}},{"type":"Feature","properties":{"q":"NESW","ac":40.0},"geometry":{"type":"Polygon","coordinates":[[[-106.345556,43.895273],[-106.34558,43.898902],[-106.340579,43.89892],[-106.340564,43.895291],[-106.345556,43.895273]]]}},{"type":"Feature","properties":{"q":"NESW","ac":40.3},"geometry":{"type":"Polygon","coordinates":[[[-106.400867,43.894836],[-106.405892,43.894822],[-106.405977,43.898458],[-106.400941,43.89847],[-106.400867,43.894836]]]}},{"type":"Feature","properties":{"q":"SESW","ac":40.1},"geometry":{"type":"Polygon","coordinates":[[[-106.365571,43.891531],[-106.365602,43.895147],[-106.360575,43.895183],[-106.360553,43.891563],[-106.365571,43.891531]]]}},{"type":"Feature","properties":{"q":"NWSE","ac":40.1},"geometry":{"type":"Polygon","coordinates":[[[-106.315585,43.89544],[-106.320588,43.895402],[-106.320588,43.899033],[-106.315581,43.899071],[-106.315585,43.89544]]]}},{"type":"Feature","properties":{"q":"1","ac":40.0},"geometry":{"type":"Polygon","coordinates":[[[-106.290464,43.902935],[-106.295495,43.902885],[-106.295501,43.906485],[-106.290482,43.90655],[-106.290464,43.902935]]]}},{"type":"Feature","properties":{"q":"NESE","ac":40.1},"geometry":{"type":"Polygon","coordinates":[[[-106.355561,43.895219],[-106.355589,43.898843],[-106.35058,43.898883],[-106.350548,43.895255],[-106.355561,43.895219]]]}},{"type":"Feature","properties":{"q":"SWSW","ac":40.0},"geometry":{"type":"Polygon","coordinates":[[[-106.325585,43.891734],[-106.330582,43.891696],[-106.330591,43.895326],[-106.325589,43.895364],[-106.325585,43.891734]]]}},{"type":"Feature","properties":{"q":"SENW","ac":40.2},"geometry":{"type":"Polygon","coordinates":[[[-106.360597,43.898803],[-106.365633,43.898762],[-106.365649,43.902379],[-106.360619,43.902422],[-106.360597,43.898803]]]}},{"type":"Feature","properties":{"q":"SENW","ac":40.1},"geometry":{"type":"Polygon","coordinates":[[[-106.305552,43.899162],[-106.305545,43.902786],[-106.300525,43.902835],[-106.300529,43.899215],[-106.305552,43.899162]]]}},{"type":"Feature","properties":{"q":"SWNE","ac":40.0},"geometry":{"type":"Polygon","coordinates":[[[-106.360597,43.898803],[-106.360619,43.902422],[-106.355604,43.902465],[-106.355589,43.898843],[-106.360597,43.898803]]]}},{"type":"Feature","properties":{"q":"SWNW","ac":40.2},"geometry":{"type":"Polygon","coordinates":[[[-106.370678,43.902336],[-106.365649,43.902379],[-106.365633,43.898762],[-106.37067,43.898721],[-106.370678,43.902336]]]}},{"type":"Feature","properties":{"q":"2","ac":38.9},"geometry":{"type":"Polygon","coordinates":[[[-106.355604,43.902465],[-106.360619,43.902422],[-106.360641,43.90594],[-106.355618,43.905968],[-106.355604,43.902465]]]}},{"type":"Feature","properties":{"q":"SESW","ac":40.0},"geometry":{"type":"Polygon","coordinates":[[[-106.320587,43.891771],[-106.325585,43.891734],[-106.325589,43.895364],[-106.320588,43.895402],[-106.320587,43.891771]]]}},{"type":"Feature","properties":{"q":"4","ac":40.2},"geometry":{"type":"Polygon","coordinates":[[[-106.385879,43.902173],[-106.390959,43.902118],[-106.391001,43.905707],[-106.385922,43.905751],[-106.385879,43.902173]]]}},{"type":"Feature","properties":{"q":"NWSE","ac":40.0},"geometry":{"type":"Polygon","coordinates":[[[-106.360597,43.898803],[-106.355589,43.898843],[-106.355561,43.895219],[-106.360575,43.895183],[-106.360597,43.898803]]]}},{"type":"Feature","properties":{"q":"SESW","ac":40.3},"geometry":{"type":"Polygon","coordinates":[[[-106.305565,43.891898],[-106.305558,43.89553],[-106.300534,43.895582],[-106.300539,43.89195],[-106.305565,43.891898]]]}},{"type":"Feature","properties":{"q":"6","ac":40.2},"geometry":{"type":"Polygon","coordinates":[[[-106.405892,43.894822],[-106.41091,43.894807],[-106.410982,43.898446],[-106.405977,43.898458],[-106.405892,43.894822]]]}},{"type":"Feature","properties":{"q":"SWNW","ac":40.1},"geometry":{"type":"Polygon","coordinates":[[[-106.305552,43.899162],[-106.310574,43.899109],[-106.310566,43.902736],[-106.305545,43.902786],[-106.305552,43.899162]]]}},{"type":"Feature","properties":{"q":"SENE","ac":39.9},"geometry":{"type":"Polygon","coordinates":[[[-106.330599,43.898956],[-106.335589,43.898938],[-106.335602,43.902563],[-106.330611,43.902581],[-106.330599,43.898956]]]}},{"type":"Feature","properties":{"q":"NWSE","ac":40.2},"geometry":{"type":"Polygon","coordinates":[[[-106.395848,43.894849],[-106.400867,43.894836],[-106.400941,43.89847],[-106.395929,43.898481],[-106.395848,43.894849]]]}},{"type":"Feature","properties":{"q":"5","ac":40.0},"geometry":{"type":"Polygon","coordinates":[[[-106.410982,43.898446],[-106.411024,43.902076],[-106.406046,43.902088],[-106.405977,43.898458],[-106.410982,43.898446]]]}},{"type":"Feature","properties":{"q":"SESW","ac":39.9},"geometry":{"type":"Polygon","coordinates":[[[-106.345533,43.891645],[-106.345556,43.895273],[-106.340564,43.895291],[-106.340549,43.891662],[-106.345533,43.891645]]]}},{"type":"Feature","properties":{"q":"7","ac":40.3},"geometry":{"type":"Polygon","coordinates":[[[-106.405808,43.891185],[-106.410839,43.891167],[-106.41091,43.894807],[-106.405892,43.894822],[-106.405808,43.891185]]]}},{"type":"Feature","properties":{"q":"SESE","ac":40.1},"geometry":{"type":"Polygon","coordinates":[[[-106.350516,43.891628],[-106.355534,43.891595],[-106.355561,43.895219],[-106.350548,43.895255],[-106.350516,43.891628]]]}},{"type":"Feature","properties":{"q":"4","ac":39.2},"geometry":{"type":"Polygon","coordinates":[[[-106.365649,43.902379],[-106.370678,43.902336],[-106.370686,43.905883],[-106.365663,43.905912],[-106.365649,43.902379]]]}},{"type":"Feature","properties":{"q":"SENE","ac":40.3},"geometry":{"type":"Polygon","coordinates":[[[-106.37067,43.898721],[-106.375713,43.898664],[-106.375739,43.902282],[-106.370678,43.902336],[-106.37067,43.898721]]]}},{"type":"Feature","properties":{"q":"4","ac":39.7},"geometry":{"type":"Polygon","coordinates":[[[-106.411024,43.902076],[-106.411065,43.905707],[-106.406115,43.905709],[-106.406046,43.902088],[-106.411024,43.902076]]]}},{"type":"Feature","properties":{"q":"SWSW","ac":40.0},"geometry":{"type":"Polygon","coordinates":[[[-106.370589,43.891499],[-106.37063,43.89511],[-106.365602,43.895147],[-106.365571,43.891531],[-106.370589,43.891499]]]}},{"type":"Feature","properties":{"q":"SWNW","ac":40.0},"geometry":{"type":"Polygon","coordinates":[[[-106.3256,43.90262],[-106.325594,43.898995],[-106.330599,43.898956],[-106.330611,43.902581],[-106.3256,43.90262]]]}},{"type":"Feature","properties":{"q":"2","ac":38.1},"geometry":{"type":"Polygon","coordinates":[[[-106.335602,43.902563],[-106.340594,43.902544],[-106.340609,43.906011],[-106.335615,43.906018],[-106.335602,43.902563]]]}},{"type":"Feature","properties":{"q":"SWSE","ac":40.3},"geometry":{"type":"Polygon","coordinates":[[[-106.295512,43.892002],[-106.300539,43.89195],[-106.300534,43.895582],[-106.2955,43.895635],[-106.295512,43.892002]]]}},{"type":"Feature","properties":{"q":"NESW","ac":40.5},"geometry":{"type":"Polygon","coordinates":[[[-106.38577,43.894924],[-106.385836,43.89855],[-106.380755,43.898608],[-106.380711,43.894986],[-106.38577,43.894924]]]}},{"type":"Feature","properties":{"q":"SWNE","ac":40.2},"geometry":{"type":"Polygon","coordinates":[[[-106.295488,43.899267],[-106.300529,43.899215],[-106.300525,43.902835],[-106.295495,43.902885],[-106.295488,43.899267]]]}},{"type":"Feature","properties":{"q":"1","ac":38.7},"geometry":{"type":"Polygon","coordinates":[[[-106.350588,43.902507],[-106.355604,43.902465],[-106.355618,43.905968],[-106.350596,43.905997],[-106.350588,43.902507]]]}},{"type":"Feature","properties":{"q":"NESE","ac":40.2},"geometry":{"type":"Polygon","coordinates":[[[-106.37063,43.89511],[-106.37567,43.895048],[-106.375713,43.898664],[-106.37067,43.898721],[-106.37063,43.89511]]]}},{"type":"Feature","properties":{"q":"2","ac":39.8},"geometry":{"type":"Polygon","coordinates":[[[-106.300525,43.902835],[-106.30052,43.906421],[-106.295501,43.906485],[-106.295495,43.902885],[-106.300525,43.902835]]]}},{"type":"Feature","properties":{"q":"NESW","ac":40.1},"geometry":{"type":"Polygon","coordinates":[[[-106.320588,43.895402],[-106.325589,43.895364],[-106.325594,43.898995],[-106.320588,43.899033],[-106.320588,43.895402]]]}},{"type":"Feature","properties":{"q":"NWSW","ac":40.6},"geometry":{"type":"Polygon","coordinates":[[[-106.390829,43.894862],[-106.390916,43.898493],[-106.385836,43.89855],[-106.38577,43.894924],[-106.390829,43.894862]]]}},{"type":"Feature","properties":{"q":"SWNW","ac":40.0},"geometry":{"type":"Polygon","coordinates":[[[-106.34558,43.898902],[-106.35058,43.898883],[-106.350588,43.902507],[-106.345591,43.902526],[-106.34558,43.898902]]]}},{"type":"Feature","properties":{"q":"SWSE","ac":39.9},"geometry":{"type":"Polygon","coordinates":[[[-106.335566,43.891679],[-106.340549,43.891662],[-106.340564,43.895291],[-106.335577,43.895309],[-106.335566,43.891679]]]}},{"type":"Feature","properties":{"q":"SWNE","ac":40.1},"geometry":{"type":"Polygon","coordinates":[[[-106.315581,43.899071],[-106.320588,43.899033],[-106.320589,43.902659],[-106.315577,43.902697],[-106.315581,43.899071]]]}},{"type":"Feature","properties":{"q":"3","ac":38.5},"geometry":{"type":"Polygon","coordinates":[[[-106.320589,43.902659],[-106.3256,43.90262],[-106.325606,43.906092],[-106.32059,43.906159],[-106.320589,43.902659]]]}},{"type":"Feature","properties":{"q":"NESE","ac":40.1},"geometry":{"type":"Polygon","coordinates":[[[-106.310583,43.895477],[-106.315585,43.89544],[-106.315581,43.899071],[-106.310574,43.899109],[-106.310583,43.895477]]]}},{"type":"Feature","properties":{"q":"SESE","ac":40.2},"geometry":{"type":"Polygon","coordinates":[[[-106.395768,43.891217],[-106.395848,43.894849],[-106.390829,43.894862],[-106.390743,43.891232],[-106.395768,43.891217]]]}},{"type":"Feature","properties":{"q":"4","ac":39.5},"geometry":{"type":"Polygon","coordinates":[[[-106.310566,43.902736],[-106.310558,43.906293],[-106.305539,43.906357],[-106.305545,43.902786],[-106.310566,43.902736]]]}},{"type":"Feature","properties":{"q":"SWSW","ac":40.4},"geometry":{"type":"Polygon","coordinates":[[[-106.385705,43.891298],[-106.390743,43.891232],[-106.390829,43.894862],[-106.38577,43.894924],[-106.385705,43.891298]]]}},{"type":"Feature","properties":{"q":"1","ac":39.2},"geometry":{"type":"Polygon","coordinates":[[[-106.310566,43.902736],[-106.315577,43.902697],[-106.315574,43.906226],[-106.310558,43.906293],[-106.310566,43.902736]]]}},{"type":"Feature","properties":{"q":"SWSE","ac":40.1},"geometry":{"type":"Polygon","coordinates":[[[-106.320588,43.895402],[-106.315585,43.89544],[-106.315589,43.891808],[-106.320587,43.891771],[-106.320588,43.895402]]]}},{"type":"Feature","properties":{"q":"3","ac":40.1},"geometry":{"type":"Polygon","coordinates":[[[-106.401016,43.9021],[-106.406046,43.902088],[-106.406115,43.905709],[-106.401089,43.905712],[-106.401016,43.9021]]]}},{"type":"Feature","properties":{"q":"SWNE","ac":40.3},"geometry":{"type":"Polygon","coordinates":[[[-106.380755,43.898608],[-106.3808,43.902228],[-106.375739,43.902282],[-106.375713,43.898664],[-106.380755,43.898608]]]}},{"type":"Feature","properties":{"q":"NWSW","ac":40.1},"geometry":{"type":"Polygon","coordinates":[[[-106.37063,43.89511],[-106.37067,43.898721],[-106.365633,43.898762],[-106.365602,43.895147],[-106.37063,43.89511]]]}},{"type":"Feature","properties":{"q":"NWSW","ac":40.0},"geometry":{"type":"Polygon","coordinates":[[[-106.345556,43.895273],[-106.350548,43.895255],[-106.35058,43.898883],[-106.34558,43.898902],[-106.345556,43.895273]]]}},{"type":"Feature","properties":{"q":"SESE","ac":40.2},"geometry":{"type":"Polygon","coordinates":[[[-106.370589,43.891499],[-106.375628,43.891432],[-106.37567,43.895048],[-106.37063,43.89511],[-106.370589,43.891499]]]}},{"type":"Feature","properties":{"q":"4","ac":38.4},"geometry":{"type":"Polygon","coordinates":[[[-106.350588,43.902507],[-106.350596,43.905997],[-106.345602,43.906004],[-106.345591,43.902526],[-106.350588,43.902507]]]}},{"type":"Feature","properties":{"q":"NESE","ac":39.9},"geometry":{"type":"Polygon","coordinates":[[[-106.330591,43.895326],[-106.335577,43.895309],[-106.335589,43.898938],[-106.330599,43.898956],[-106.330591,43.895326]]]}},{"type":"Feature","properties":{"q":"3","ac":40.0},"geometry":{"type":"Polygon","coordinates":[[[-106.3808,43.902228],[-106.385879,43.902173],[-106.385922,43.905751],[-106.380844,43.905795],[-106.3808,43.902228]]]}},{"type":"Feature","properties":{"q":"SWSE","ac":40.2},"geometry":{"type":"Polygon","coordinates":[[[-106.395768,43.891217],[-106.400793,43.891203],[-106.400867,43.894836],[-106.395848,43.894849],[-106.395768,43.891217]]]}},{"type":"Feature","properties":{"q":"NWSE","ac":40.3},"geometry":{"type":"Polygon","coordinates":[[[-106.37567,43.895048],[-106.380711,43.894986],[-106.380755,43.898608],[-106.375713,43.898664],[-106.37567,43.895048]]]}},{"type":"Feature","properties":{"q":"SENE","ac":40.1},"geometry":{"type":"Polygon","coordinates":[[[-106.310574,43.899109],[-106.315581,43.899071],[-106.315577,43.902697],[-106.310566,43.902736],[-106.310574,43.899109]]]}},{"type":"Feature","properties":{"q":"SENE","ac":40.1},"geometry":{"type":"Polygon","coordinates":[[[-106.355589,43.898843],[-106.355604,43.902465],[-106.350588,43.902507],[-106.35058,43.898883],[-106.355589,43.898843]]]}},{"type":"Feature","properties":{"q":"SENW","ac":40.3},"geometry":{"type":"Polygon","coordinates":[[[-106.401016,43.9021],[-106.400941,43.89847],[-106.405977,43.898458],[-106.406046,43.902088],[-106.401016,43.9021]]]}},{"type":"Feature","properties":{"q":"SENW","ac":40.6},"geometry":{"type":"Polygon","coordinates":[[[-106.385879,43.902173],[-106.3808,43.902228],[-106.380755,43.898608],[-106.385836,43.89855],[-106.385879,43.902173]]]}},{"type":"Feature","properties":{"q":"SENW","ac":40.0},"geometry":{"type":"Polygon","coordinates":[[[-106.34558,43.898902],[-106.345591,43.902526],[-106.340594,43.902544],[-106.340579,43.89892],[-106.34558,43.898902]]]}},{"type":"Feature","properties":{"q":"SWSE","ac":40.1},"geometry":{"type":"Polygon","coordinates":[[[-106.355534,43.891595],[-106.360553,43.891563],[-106.360575,43.895183],[-106.355561,43.895219],[-106.355534,43.891595]]]}},{"type":"Feature","properties":{"q":"1","ac":39.7},"geometry":{"type":"Polygon","coordinates":[[[-106.370678,43.902336],[-106.375739,43.902282],[-106.375765,43.905839],[-106.370686,43.905883],[-106.370678,43.902336]]]}},{"type":"Feature","properties":{"q":"SENW","ac":40.0},"geometry":{"type":"Polygon","coordinates":[[[-106.320588,43.899033],[-106.325594,43.898995],[-106.3256,43.90262],[-106.320589,43.902659],[-106.320588,43.899033]]]}},{"type":"Feature","properties":{"q":"1","ac":38.0},"geometry":{"type":"Polygon","coordinates":[[[-106.335602,43.902563],[-106.335615,43.906018],[-106.330622,43.906025],[-106.330611,43.902581],[-106.335602,43.902563]]]}},{"type":"Feature","properties":{"q":"NWSE","ac":39.9},"geometry":{"type":"Polygon","coordinates":[[[-106.335577,43.895309],[-106.340564,43.895291],[-106.340579,43.89892],[-106.335589,43.898938],[-106.335577,43.895309]]]}},{"type":"Feature","properties":{"q":"NESE","ac":40.2},"geometry":{"type":"Polygon","coordinates":[[[-106.390829,43.894862],[-106.395848,43.894849],[-106.395929,43.898481],[-106.390916,43.898493],[-106.390829,43.894862]]]}},{"type":"Feature","properties":{"q":"SESW","ac":40.3},"geometry":{"type":"Polygon","coordinates":[[[-106.405808,43.891185],[-106.405892,43.894822],[-106.400867,43.894836],[-106.400793,43.891203],[-106.405808,43.891185]]]}},{"type":"Feature","properties":{"q":"SWNE","ac":39.9},"geometry":{"type":"Polygon","coordinates":[[[-106.335589,43.898938],[-106.340579,43.89892],[-106.340594,43.902544],[-106.335602,43.902563],[-106.335589,43.898938]]]}},{"type":"Feature","properties":{"q":"NESE","ac":40.4},"geometry":{"type":"Polygon","coordinates":[[[-106.290466,43.895687],[-106.2955,43.895635],[-106.295488,43.899267],[-106.290447,43.89932],[-106.290466,43.895687]]]}},{"type":"Feature","properties":{"q":"SESE","ac":39.9},"geometry":{"type":"Polygon","coordinates":[[[-106.330582,43.891696],[-106.335566,43.891679],[-106.335577,43.895309],[-106.330591,43.895326],[-106.330582,43.891696]]]}},{"type":"Feature","properties":{"q":"SWSW","ac":39.9},"geometry":{"type":"Polygon","coordinates":[[[-106.345533,43.891645],[-106.350516,43.891628],[-106.350548,43.895255],[-106.345556,43.895273],[-106.345533,43.891645]]]}},{"type":"Feature","properties":{"q":"SESW","ac":40.4},"geometry":{"type":"Polygon","coordinates":[[[-106.385705,43.891298],[-106.38577,43.894924],[-106.380711,43.894986],[-106.380666,43.891365],[-106.385705,43.891298]]]}},{"type":"Feature","properties":{"q":"2","ac":38.9},"geometry":{"type":"Polygon","coordinates":[[[-106.315574,43.906226],[-106.315577,43.902697],[-106.320589,43.902659],[-106.32059,43.906159],[-106.315574,43.906226]]]}},{"type":"Feature","properties":{"q":"NESW","ac":40.2},"geometry":{"type":"Polygon","coordinates":[[[-106.365602,43.895147],[-106.365633,43.898762],[-106.360597,43.898803],[-106.360575,43.895183],[-106.365602,43.895147]]]}},{"type":"Feature","properties":{"q":"4","ac":38.2},"geometry":{"type":"Polygon","coordinates":[[[-106.330611,43.902581],[-106.330622,43.906025],[-106.325606,43.906092],[-106.3256,43.90262],[-106.330611,43.902581]]]}},{"type":"Feature","properties":{"q":"2","ac":40.1},"geometry":{"type":"Polygon","coordinates":[[[-106.401016,43.9021],[-106.401089,43.905712],[-106.396045,43.90571],[-106.395987,43.902109],[-106.401016,43.9021]]]}},{"type":"Feature","properties":{"q":"SENE","ac":40.2},"geometry":{"type":"Polygon","coordinates":[[[-106.390916,43.898493],[-106.395929,43.898481],[-106.395987,43.902109],[-106.390959,43.902118],[-106.390916,43.898493]]]}},{"type":"Feature","properties":{"q":"SWSE","ac":40.2},"geometry":{"type":"Polygon","coordinates":[[[-106.380666,43.891365],[-106.380711,43.894986],[-106.37567,43.895048],[-106.375628,43.891432],[-106.380666,43.891365]]]}},{"type":"Feature","properties":{"q":"NESW","ac":40.2},"geometry":{"type":"Polygon","coordinates":[[[-106.300534,43.895582],[-106.305558,43.89553],[-106.305552,43.899162],[-106.300529,43.899215],[-106.300534,43.895582]]]}},{"type":"Feature","properties":{"q":"SWSW","ac":40.3},"geometry":{"type":"Polygon","coordinates":[[[-106.305565,43.891898],[-106.310592,43.891845],[-106.310583,43.895477],[-106.305558,43.89553],[-106.305565,43.891898]]]}},{"type":"Feature","properties":{"q":"1","ac":39.9},"geometry":{"type":"Polygon","coordinates":[[[-106.396045,43.90571],[-106.391001,43.905707],[-106.390959,43.902118],[-106.395987,43.902109],[-106.396045,43.90571]]]}}]}