{"type":"FeatureCollection","note":"BLM Public Land Survey System. Provided by the Bureau of Land Management as is. These data are neither legal documents nor land surveys and must not be used as such.","features":[{"type":"Feature","properties":{"q":"3","ac":39.8},"geometry":{"type":"Polygon","coordinates":[[[-106.048513,43.670739],[-106.043625,43.670662],[-106.043597,43.666992],[-106.048487,43.667055],[-106.048513,43.670739]]]}},{"type":"Feature","properties":{"q":"1","ac":39.8},"geometry":{"type":"Polygon","coordinates":[[[-106.043547,43.659663],[-106.048442,43.659686],[-106.048462,43.663371],[-106.043568,43.663322],[-106.043547,43.659663]]]}},{"type":"Feature","properties":{"q":"SENW","ac":40.4},"geometry":{"type":"Polygon","coordinates":[[[-106.023569,43.674051],[-106.01861,43.674061],[-106.018602,43.670346],[-106.023535,43.670383],[-106.023569,43.674051]]]}},{"type":"Feature","properties":{"q":"NENE","ac":41.4},"geometry":{"type":"Polygon","coordinates":[[[-105.988535,43.674618],[-105.993574,43.674485],[-105.993581,43.678217],[-105.988558,43.678326],[-105.988535,43.674618]]]}},{"type":"Feature","properties":{"q":"NWSW","ac":39.7},"geometry":{"type":"Polygon","coordinates":[[[-105.947785,43.656188],[-105.942815,43.656279],[-105.942937,43.652675],[-105.947957,43.652613],[-105.947785,43.656188]]]}},{"type":"Feature","properties":{"q":"NENE","ac":41.4},"geometry":{"type":"Polygon","coordinates":[[[-106.013634,43.677833],[-106.008649,43.677889],[-106.008823,43.674081],[-106.013716,43.674071],[-106.013634,43.677833]]]}},{"type":"Feature","properties":{"q":"4","ac":39.8},"geometry":{"type":"Polygon","coordinates":[[[-106.043485,43.64868],[-106.048382,43.648633],[-106.048402,43.652317],[-106.043506,43.652341],[-106.043485,43.64868]]]}},{"type":"Feature","properties":{"q":"SWSE","ac":40.1},"geometry":{"type":"Polygon","coordinates":[[[-105.998281,43.652507],[-105.993256,43.652542],[-105.993157,43.648922],[-105.99816,43.648907],[-105.998281,43.652507]]]}},{"type":"Feature","properties":{"q":"SESE","ac":41.3},"geometry":{"type":"Polygon","coordinates":[[[-105.988558,43.678326],[-105.993581,43.678217],[-105.993522,43.68193],[-105.988495,43.682033],[-105.988558,43.678326]]]}},{"type":"Feature","properties":{"q":"SENE","ac":40.6},"geometry":{"type":"Polygon","coordinates":[[[-106.008996,43.670274],[-106.013799,43.67031],[-106.013716,43.674071],[-106.008823,43.674081],[-106.008996,43.670274]]]}},{"type":"Feature","properties":{"q":"SWSE","ac":41.0},"geometry":{"type":"Polygon","coordinates":[[[-105.973448,43.682138],[-105.973518,43.678449],[-105.978531,43.678408],[-105.978464,43.682103],[-105.973448,43.682138]]]}},{"type":"Feature","properties":{"q":"SWNE","ac":41.8},"geometry":{"type":"Polygon","coordinates":[[[-105.952967,43.670868],[-105.958077,43.670954],[-105.958234,43.674654],[-105.953151,43.674578],[-105.952967,43.670868]]]}},{"type":"Feature","properties":{"q":"NWNE","ac":40.6},"geometry":{"type":"Polygon","coordinates":[[[-105.998644,43.663307],[-105.993554,43.663402],[-105.993455,43.659782],[-105.998523,43.659707],[-105.998644,43.663307]]]}},{"type":"Feature","properties":{"q":"SWNE","ac":41.6},"geometry":{"type":"Polygon","coordinates":[[[-106.033758,43.715049],[-106.038786,43.715088],[-106.038787,43.718826],[-106.033761,43.718797],[-106.033758,43.715049]]]}},{"type":"Feature","properties":{"q":"NENW","ac":41.3},"geometry":{"type":"Polygon","coordinates":[[[-105.938058,43.674752],[-105.943063,43.674627],[-105.943228,43.678338],[-105.938178,43.678456],[-105.938058,43.674752]]]}},{"type":"Feature","properties":{"q":"SWSE","ac":40.9},"geometry":{"type":"Polygon","coordinates":[[[-106.038496,43.663272],[-106.038534,43.666927],[-106.033471,43.666862],[-106.033422,43.663224],[-106.038496,43.663272]]]}},{"type":"Feature","properties":{"q":"NENW","ac":39.2},"geometry":{"type":"Polygon","coordinates":[[[-106.023395,43.659608],[-106.023468,43.663213],[-106.018587,43.66325],[-106.018483,43.659625],[-106.023395,43.659608]]]}},{"type":"Feature","properties":{"q":"SESW","ac":40.5},"geometry":{"type":"Polygon","coordinates":[[[-106.018618,43.677776],[-106.023602,43.677719],[-106.02361,43.681374],[-106.018608,43.681456],[-106.018618,43.677776]]]}},{"type":"Feature","properties":{"q":"NENW","ac":41.5},"geometry":{"type":"Polygon","coordinates":[[[-105.958234,43.674654],[-105.963319,43.674731],[-105.963448,43.678422],[-105.958391,43.678355],[-105.958234,43.674654]]]}},{"type":"Feature","properties":{"q":"NWSE","ac":41.4},"geometry":{"type":"Polygon","coordinates":[[[-105.973275,43.667382],[-105.978346,43.667322],[-105.978408,43.671018],[-105.973356,43.671071],[-105.973275,43.667382]]]}},{"type":"Feature","properties":{"q":"NESW","ac":41.2},"geometry":{"type":"Polygon","coordinates":[[[-105.96333,43.685807],[-105.958299,43.685758],[-105.958345,43.682057],[-105.963389,43.682115],[-105.96333,43.685807]]]}},{"type":"Feature","properties":{"q":"SWSW","ac":41.5},"geometry":{"type":"Polygon","coordinates":[[[-106.008605,43.681621],[-106.003578,43.681725],[-106.003626,43.677998],[-106.008649,43.677889],[-106.008605,43.681621]]]}},{"type":"Feature","properties":{"q":"NWNE","ac":40.6},"geometry":{"type":"Polygon","coordinates":[[[-106.038611,43.674233],[-106.038649,43.677885],[-106.033618,43.677774],[-106.033569,43.674137],[-106.038611,43.674233]]]}},{"type":"Feature","properties":{"q":"NESE","ac":41.3},"geometry":{"type":"Polygon","coordinates":[[[-105.968204,43.667441],[-105.973275,43.667382],[-105.973356,43.671071],[-105.968304,43.671124],[-105.968204,43.667441]]]}},{"type":"Feature","properties":{"q":"SESE","ac":41.1},"geometry":{"type":"Polygon","coordinates":[[[-106.013607,43.681539],[-106.008605,43.681621],[-106.008649,43.677889],[-106.013634,43.677833],[-106.013607,43.681539]]]}},{"type":"Feature","properties":{"q":"SWSW","ac":41.1},"geometry":{"type":"Polygon","coordinates":[[[-105.983545,43.678367],[-105.988558,43.678326],[-105.988495,43.682033],[-105.983479,43.682068],[-105.983545,43.678367]]]}},{"type":"Feature","properties":{"q":"SESW","ac":40.4},"geometry":{"type":"Polygon","coordinates":[[[-105.937991,43.649104],[-105.94306,43.649072],[-105.942937,43.652675],[-105.937918,43.652737],[-105.937991,43.649104]]]}},{"type":"Feature","properties":{"q":"SWSW","ac":40.5},"geometry":{"type":"Polygon","coordinates":[[[-105.983206,43.652604],[-105.98315,43.648951],[-105.988153,43.648938],[-105.988231,43.652577],[-105.983206,43.652604]]]}},{"type":"Feature","properties":{"q":"4","ac":40.2},"geometry":{"type":"Polygon","coordinates":[[[-106.043792,43.692745],[-106.048671,43.692843],[-106.048679,43.696563],[-106.043798,43.696476],[-106.043792,43.692745]]]}},{"type":"Feature","properties":{"q":"SWSE","ac":41.5},"geometry":{"type":"Polygon","coordinates":[[[-105.998389,43.692986],[-105.99845,43.696706],[-105.993416,43.696784],[-105.993346,43.69307],[-105.998389,43.692986]]]}},{"type":"Feature","properties":{"q":"4","ac":39.7},"geometry":{"type":"Polygon","coordinates":[[[-106.048591,43.681792],[-106.043709,43.681669],[-106.043681,43.677998],[-106.048564,43.678108],[-106.048591,43.681792]]]}},{"type":"Feature","properties":{"q":"SENW","ac":41.7},"geometry":{"type":"Polygon","coordinates":[[[-105.958077,43.670954],[-105.963191,43.671039],[-105.963319,43.674731],[-105.958234,43.674654],[-105.958077,43.670954]]]}},{"type":"Feature","properties":{"q":"SENE","ac":41.3},"geometry":{"type":"Polygon","coordinates":[[[-105.973169,43.656335],[-105.973181,43.660014],[-105.968113,43.660066],[-105.968122,43.656374],[-105.973169,43.656335]]]}},{"type":"Feature","properties":{"q":"SESW","ac":41.2},"geometry":{"type":"Polygon","coordinates":[[[-106.038383,43.648729],[-106.043485,43.64868],[-106.043506,43.652341],[-106.038411,43.652366],[-106.038383,43.648729]]]}},{"type":"Feature","properties":{"q":"SENE","ac":41.2},"geometry":{"type":"Polygon","coordinates":[[[-105.968404,43.674807],[-105.968304,43.671124],[-105.973356,43.671071],[-105.973437,43.67476],[-105.968404,43.674807]]]}},{"type":"Feature","properties":{"q":"NWNE","ac":41.3},"geometry":{"type":"Polygon","coordinates":[[[-105.952734,43.659842],[-105.957856,43.659917],[-105.957764,43.663552],[-105.9526,43.663449],[-105.952734,43.659842]]]}},{"type":"Feature","properties":{"q":"SWSW","ac":40.7},"geometry":{"type":"Polygon","coordinates":[[[-106.003772,43.666824],[-106.003734,43.663212],[-106.008825,43.663118],[-106.00891,43.666696],[-106.003772,43.666824]]]}},{"type":"Feature","properties":{"q":"SESE","ac":42.3},"geometry":{"type":"Polygon","coordinates":[[[-105.952784,43.667159],[-105.947647,43.667064],[-105.947437,43.663345],[-105.9526,43.663449],[-105.952784,43.667159]]]}},{"type":"Feature","properties":{"q":"NESW","ac":41.9},"geometry":{"type":"Polygon","coordinates":[[[-105.957921,43.667253],[-105.963062,43.667347],[-105.963191,43.671039],[-105.958077,43.670954],[-105.957921,43.667253]]]}},{"type":"Feature","properties":{"q":"SWSE","ac":41.2},"geometry":{"type":"Polygon","coordinates":[[[-105.993554,43.663402],[-105.998644,43.663307],[-105.998634,43.666952],[-105.993561,43.667078],[-105.993554,43.663402]]]}},{"type":"Feature","properties":{"q":"SENE","ac":41.3},"geometry":{"type":"Polygon","coordinates":[[[-105.988444,43.730227],[-105.993477,43.730207],[-105.993504,43.733922],[-105.988472,43.733936],[-105.988444,43.730227]]]}},{"type":"Feature","properties":{"q":"SENE","ac":41.8},"geometry":{"type":"Polygon","coordinates":[[[-106.033745,43.7038],[-106.028714,43.703732],[-106.028704,43.699969],[-106.033737,43.700049],[-106.033745,43.7038]]]}},{"type":"Feature","properties":{"q":"SESW","ac":41.5},"geometry":{"type":"Polygon","coordinates":[[[-105.998463,43.722744],[-106.003499,43.722711],[-106.003521,43.726438],[-105.998487,43.726465],[-105.998463,43.722744]]]}},{"type":"Feature","properties":{"q":"NWSE","ac":41.4},"geometry":{"type":"Polygon","coordinates":[[[-105.998511,43.730187],[-105.993477,43.730207],[-105.993452,43.726493],[-105.998487,43.726465],[-105.998511,43.730187]]]}},{"type":"Feature","properties":{"q":"SWSE","ac":41.6},"geometry":{"type":"Polygon","coordinates":[[[-106.01367,43.707684],[-106.018688,43.707621],[-106.018675,43.711366],[-106.013649,43.711423],[-106.01367,43.707684]]]}},{"type":"Feature","properties":{"q":"NENW","ac":41.5},"geometry":{"type":"Polygon","coordinates":[[[-106.038787,43.718826],[-106.043814,43.718856],[-106.043814,43.722585],[-106.038788,43.722565],[-106.038787,43.718826]]]}},{"type":"Feature","properties":{"q":"SESW","ac":41.9},"geometry":{"type":"Polygon","coordinates":[[[-106.023688,43.722563],[-106.023692,43.726316],[-106.018646,43.726347],[-106.018636,43.722601],[-106.023688,43.722563]]]}},{"type":"Feature","properties":{"q":"NESW","ac":41.5},"geometry":{"type":"Polygon","coordinates":[[[-105.983417,43.667263],[-105.98346,43.670965],[-105.978408,43.671018],[-105.978346,43.667322],[-105.983417,43.667263]]]}},{"type":"Feature","properties":{"q":"SESW","ac":40.6},"geometry":{"type":"Polygon","coordinates":[[[-105.978147,43.648964],[-105.98315,43.648951],[-105.983206,43.652604],[-105.978181,43.65263],[-105.978147,43.648964]]]}},{"type":"Feature","properties":{"q":"NWNW","ac":40.2},"geometry":{"type":"Polygon","coordinates":[[[-106.00866,43.659557],[-106.008825,43.663118],[-106.003734,43.663212],[-106.003592,43.659632],[-106.00866,43.659557]]]}},{"type":"Feature","properties":{"q":"SWNE","ac":41.8},"geometry":{"type":"Polygon","coordinates":[[[-105.998624,43.670597],[-105.998614,43.674352],[-105.993574,43.674485],[-105.993568,43.670754],[-105.998624,43.670597]]]}},{"type":"Feature","properties":{"q":"NENW","ac":41.2},"geometry":{"type":"Polygon","coordinates":[[[-105.983318,43.659909],[-105.983374,43.663562],[-105.978284,43.663627],[-105.97825,43.659961],[-105.983318,43.659909]]]}},{"type":"Feature","properties":{"q":"NENE","ac":39.8},"geometry":{"type":"Polygon","coordinates":[[[-105.932828,43.663784],[-105.927958,43.66393],[-105.927932,43.66024],[-105.932851,43.660122],[-105.932828,43.663784]]]}},{"type":"Feature","properties":{"q":"SENE","ac":40.8},"geometry":{"type":"Polygon","coordinates":[[[-105.933053,43.674876],[-105.928048,43.675001],[-105.928018,43.671311],[-105.932978,43.671179],[-105.933053,43.674876]]]}},{"type":"Feature","properties":{"q":"SESE","ac":40.3},"geometry":{"type":"Polygon","coordinates":[[[-105.988231,43.652577],[-105.988153,43.648938],[-105.993157,43.648922],[-105.993256,43.652542],[-105.988231,43.652577]]]}},{"type":"Feature","properties":{"q":"NWSW","ac":41.1},"geometry":{"type":"Polygon","coordinates":[[[-105.988495,43.682033],[-105.988431,43.68574],[-105.983414,43.68577],[-105.983479,43.682068],[-105.988495,43.682033]]]}},{"type":"Feature","properties":{"q":"SWSW","ac":40.9},"geometry":{"type":"Polygon","coordinates":[[[-105.96814,43.64899],[-105.968131,43.652682],[-105.963086,43.652665],[-105.963137,43.649002],[-105.96814,43.64899]]]}},{"type":"Feature","properties":{"q":"NENE","ac":41.7},"geometry":{"type":"Polygon","coordinates":[[[-105.953335,43.678288],[-105.948278,43.678221],[-105.948068,43.674502],[-105.953151,43.674578],[-105.953335,43.678288]]]}},{"type":"Feature","properties":{"q":"NWSE","ac":40.9},"geometry":{"type":"Polygon","coordinates":[[[-106.038439,43.656003],[-106.033352,43.656004],[-106.033317,43.652392],[-106.038411,43.652366],[-106.038439,43.656003]]]}},{"type":"Feature","properties":{"q":"NWSE","ac":41.2},"geometry":{"type":"Polygon","coordinates":[[[-105.938185,43.685866],[-105.933159,43.685969],[-105.933144,43.682271],[-105.938182,43.682161],[-105.938185,43.685866]]]}},{"type":"Feature","properties":{"q":"NENW","ac":40.8},"geometry":{"type":"Polygon","coordinates":[[[-106.038611,43.674233],[-106.043653,43.67433],[-106.043681,43.677998],[-106.038649,43.677885],[-106.038611,43.674233]]]}},{"type":"Feature","properties":{"q":"SWNE","ac":41.7},"geometry":{"type":"Polygon","coordinates":[[[-106.018599,43.685137],[-106.018589,43.688884],[-106.013553,43.688985],[-106.01358,43.685245],[-106.018599,43.685137]]]}},{"type":"Feature","properties":{"q":"SWSE","ac":41.4},"geometry":{"type":"Polygon","coordinates":[[[-105.993428,43.722778],[-105.998463,43.722744],[-105.998487,43.726465],[-105.993452,43.726493],[-105.993428,43.722778]]]}},{"type":"Feature","properties":{"q":"NWSE","ac":41.4},"geometry":{"type":"Polygon","coordinates":[[[-105.993416,43.696784],[-105.99845,43.696706],[-105.998512,43.700426],[-105.993486,43.700498],[-105.993416,43.696784]]]}},{"type":"Feature","properties":{"q":"NWNW","ac":41.9},"geometry":{"type":"Polygon","coordinates":[[[-106.023692,43.718812],[-106.028735,43.718767],[-106.028739,43.722525],[-106.023688,43.722563],[-106.023692,43.718812]]]}},{"type":"Feature","properties":{"q":"1","ac":39.9},"geometry":{"type":"Polygon","coordinates":[[[-106.043764,43.689043],[-106.048644,43.689159],[-106.048671,43.692843],[-106.043792,43.692745],[-106.043764,43.689043]]]}},{"type":"Feature","properties":{"q":"SENW","ac":41.4},"geometry":{"type":"Polygon","coordinates":[[[-106.038702,43.6852],[-106.043736,43.68534],[-106.043764,43.689043],[-106.038729,43.688922],[-106.038702,43.6852]]]}},{"type":"Feature","properties":{"q":"2","ac":39.8},"geometry":{"type":"Polygon","coordinates":[[[-106.043625,43.670662],[-106.048513,43.670739],[-106.048538,43.674424],[-106.043653,43.67433],[-106.043625,43.670662]]]}},{"type":"Feature","properties":{"q":"NENW","ac":41.0},"geometry":{"type":"Polygon","coordinates":[[[-106.043547,43.659663],[-106.043568,43.663322],[-106.038496,43.663272],[-106.038467,43.659638],[-106.043547,43.659663]]]}},{"type":"Feature","properties":{"q":"NENE","ac":41.1},"geometry":{"type":"Polygon","coordinates":[[[-105.933053,43.674876],[-105.933128,43.678574],[-105.928078,43.678691],[-105.928048,43.675001],[-105.933053,43.674876]]]}},{"type":"Feature","properties":{"q":"SENE","ac":40.7},"geometry":{"type":"Polygon","coordinates":[[[-105.993355,43.656162],[-105.993455,43.659782],[-105.988386,43.659857],[-105.988309,43.656217],[-105.993355,43.656162]]]}},{"type":"Feature","properties":{"q":"2","ac":39.8},"geometry":{"type":"Polygon","coordinates":[[[-106.048422,43.656002],[-106.048442,43.659686],[-106.043547,43.659663],[-106.043526,43.656003],[-106.048422,43.656002]]]}},{"type":"Feature","properties":{"q":"NWSW","ac":41.8},"geometry":{"type":"Polygon","coordinates":[[[-105.963062,43.667347],[-105.968204,43.667441],[-105.968304,43.671124],[-105.963191,43.671039],[-105.963062,43.667347]]]}},{"type":"Feature","properties":{"q":"NENW","ac":42.2},"geometry":{"type":"Polygon","coordinates":[[[-106.003626,43.677998],[-105.998604,43.678108],[-105.998614,43.674352],[-106.003718,43.674217],[-106.003626,43.677998]]]}},{"type":"Feature","properties":{"q":"SWSE","ac":40.7},"geometry":{"type":"Polygon","coordinates":[[[-106.033618,43.677774],[-106.038649,43.677885],[-106.038676,43.681542],[-106.033643,43.681417],[-106.033618,43.677774]]]}},{"type":"Feature","properties":{"q":"SWSW","ac":42.1},"geometry":{"type":"Polygon","coordinates":[[[-105.968204,43.667441],[-105.963062,43.667347],[-105.962934,43.663655],[-105.968104,43.663758],[-105.968204,43.667441]]]}},{"type":"Feature","properties":{"q":"NESW","ac":40.9},"geometry":{"type":"Polygon","coordinates":[[[-105.963086,43.652665],[-105.963036,43.656328],[-105.957949,43.656281],[-105.958042,43.652648],[-105.963086,43.652665]]]}},{"type":"Feature","properties":{"q":"SESW","ac":39.5},"geometry":{"type":"Polygon","coordinates":[[[-106.023178,43.648843],[-106.02325,43.652423],[-106.018277,43.652427],[-106.018175,43.648854],[-106.023178,43.648843]]]}},{"type":"Feature","properties":{"q":"SESE","ac":40.9},"geometry":{"type":"Polygon","coordinates":[[[-105.968505,43.67849],[-105.973518,43.678449],[-105.973448,43.682138],[-105.968433,43.682173],[-105.968505,43.67849]]]}},{"type":"Feature","properties":{"q":"NESE","ac":42.1},"geometry":{"type":"Polygon","coordinates":[[[-105.952967,43.670868],[-105.947858,43.670783],[-105.947647,43.667064],[-105.952784,43.667159],[-105.952967,43.670868]]]}},{"type":"Feature","properties":{"q":"NESW","ac":41.5},"geometry":{"type":"Polygon","coordinates":[[[-106.003484,43.696628],[-106.003537,43.700355],[-105.998512,43.700426],[-105.99845,43.696706],[-106.003484,43.696628]]]}},{"type":"Feature","properties":{"q":"NENW","ac":41.5},"geometry":{"type":"Polygon","coordinates":[[[-106.00348,43.689176],[-106.003431,43.692902],[-105.998389,43.692986],[-105.998442,43.689267],[-106.00348,43.689176]]]}},{"type":"Feature","properties":{"q":"NWSE","ac":41.6},"geometry":{"type":"Polygon","coordinates":[[[-106.033764,43.726294],[-106.038789,43.726304],[-106.038791,43.730043],[-106.033764,43.730042],[-106.033764,43.726294]]]}},{"type":"Feature","properties":{"q":"SWSW","ac":41.9},"geometry":{"type":"Polygon","coordinates":[[[-106.028739,43.722525],[-106.028738,43.726284],[-106.023692,43.726316],[-106.023688,43.722563],[-106.028739,43.722525]]]}},{"type":"Feature","properties":{"q":"SWSE","ac":41.7},"geometry":{"type":"Polygon","coordinates":[[[-106.038783,43.70761],[-106.038784,43.711349],[-106.033756,43.711301],[-106.033753,43.707552],[-106.038783,43.70761]]]}},{"type":"Feature","properties":{"q":"SESE","ac":41.3},"geometry":{"type":"Polygon","coordinates":[[[-105.988392,43.722812],[-105.993428,43.722778],[-105.993452,43.726493],[-105.988418,43.72652],[-105.988392,43.722812]]]}},{"type":"Feature","properties":{"q":"NESE","ac":41.2},"geometry":{"type":"Polygon","coordinates":[[[-106.008605,43.681621],[-106.013607,43.681539],[-106.01358,43.685245],[-106.008561,43.685354],[-106.008605,43.681621]]]}},{"type":"Feature","properties":{"q":"SESE","ac":41.5},"geometry":{"type":"Polygon","coordinates":[[[-105.993561,43.667078],[-105.988488,43.667204],[-105.988464,43.663496],[-105.993554,43.663402],[-105.993561,43.667078]]]}},{"type":"Feature","properties":{"q":"SESW","ac":41.1},"geometry":{"type":"Polygon","coordinates":[[[-105.978464,43.682103],[-105.978531,43.678408],[-105.983545,43.678367],[-105.983479,43.682068],[-105.978464,43.682103]]]}},{"type":"Feature","properties":{"q":"SWNE","ac":40.7},"geometry":{"type":"Polygon","coordinates":[[[-106.038572,43.670581],[-106.038611,43.674233],[-106.033569,43.674137],[-106.03352,43.6705],[-106.038572,43.670581]]]}},{"type":"Feature","properties":{"q":"3","ac":39.8},"geometry":{"type":"Polygon","coordinates":[[[-106.043506,43.652341],[-106.048402,43.652317],[-106.048422,43.656002],[-106.043526,43.656003],[-106.043506,43.652341]]]}},{"type":"Feature","properties":{"q":"SESW","ac":41.4},"geometry":{"type":"Polygon","coordinates":[[[-106.003626,43.677998],[-106.003578,43.681725],[-105.99855,43.681828],[-105.998604,43.678108],[-106.003626,43.677998]]]}},{"type":"Feature","properties":{"q":"SENW","ac":42.9},"geometry":{"type":"Polygon","coordinates":[[[-106.00381,43.670435],[-106.003718,43.674217],[-105.998614,43.674352],[-105.998624,43.670597],[-106.00381,43.670435]]]}},{"type":"Feature","properties":{"q":"NWNE","ac":41.2},"geometry":{"type":"Polygon","coordinates":[[[-105.938178,43.678456],[-105.933128,43.678574],[-105.933053,43.674876],[-105.938058,43.674752],[-105.938178,43.678456]]]}},{"type":"Feature","properties":{"q":"SESE","ac":40.7},"geometry":{"type":"Polygon","coordinates":[[[-106.028408,43.666798],[-106.028348,43.663176],[-106.033422,43.663224],[-106.033471,43.666862],[-106.028408,43.666798]]]}},{"type":"Feature","properties":{"q":"SESW","ac":40.8},"geometry":{"type":"Polygon","coordinates":[[[-106.038649,43.677885],[-106.043681,43.677998],[-106.043709,43.681669],[-106.038676,43.681542],[-106.038649,43.677885]]]}},{"type":"Feature","properties":{"q":"NWSE","ac":42.0},"geometry":{"type":"Polygon","coordinates":[[[-105.952784,43.667159],[-105.957921,43.667253],[-105.958077,43.670954],[-105.952967,43.670868],[-105.952784,43.667159]]]}},{"type":"Feature","properties":{"q":"SWNE","ac":40.9},"geometry":{"type":"Polygon","coordinates":[[[-105.957949,43.656281],[-105.957856,43.659917],[-105.952734,43.659842],[-105.952867,43.656234],[-105.957949,43.656281]]]}},{"type":"Feature","properties":{"q":"NENW","ac":39.2},"geometry":{"type":"Polygon","coordinates":[[[-105.942691,43.659885],[-105.942567,43.663491],[-105.937697,43.663638],[-105.937771,43.660003],[-105.942691,43.659885]]]}},{"type":"Feature","properties":{"q":"NESW","ac":38.9},"geometry":{"type":"Polygon","coordinates":[[[-106.023535,43.670383],[-106.018602,43.670346],[-106.018595,43.666798],[-106.023501,43.666798],[-106.023535,43.670383]]]}},{"type":"Feature","properties":{"q":"SENE","ac":40.5},"geometry":{"type":"Polygon","coordinates":[[[-106.028468,43.670419],[-106.03352,43.6705],[-106.033569,43.674137],[-106.028527,43.674041],[-106.028468,43.670419]]]}},{"type":"Feature","properties":{"q":"NWNE","ac":41.3},"geometry":{"type":"Polygon","coordinates":[[[-105.973181,43.660014],[-105.97825,43.659961],[-105.978284,43.663627],[-105.973194,43.663692],[-105.973181,43.660014]]]}},{"type":"Feature","properties":{"q":"SWNW","ac":41.6},"geometry":{"type":"Polygon","coordinates":[[[-105.968304,43.671124],[-105.968404,43.674807],[-105.963319,43.674731],[-105.963191,43.671039],[-105.968304,43.671124]]]}},{"type":"Feature","properties":{"q":"NWNW","ac":41.8},"geometry":{"type":"Polygon","coordinates":[[[-106.028724,43.707494],[-106.023706,43.707558],[-106.023688,43.703803],[-106.028714,43.703732],[-106.028724,43.707494]]]}},{"type":"Feature","properties":{"q":"NENW","ac":41.3},"geometry":{"type":"Polygon","coordinates":[[[-106.003591,43.704081],[-106.003644,43.707806],[-105.998635,43.707866],[-105.998573,43.704146],[-106.003591,43.704081]]]}},{"type":"Feature","properties":{"q":"SENE","ac":41.2},"geometry":{"type":"Polygon","coordinates":[[[-105.988504,43.715398],[-105.993527,43.715352],[-105.993477,43.719065],[-105.988448,43.719105],[-105.988504,43.715398]]]}},{"type":"Feature","properties":{"q":"NWSE","ac":41.3},"geometry":{"type":"Polygon","coordinates":[[[-105.998592,43.711585],[-105.998549,43.715305],[-105.993527,43.715352],[-105.993576,43.711638],[-105.998592,43.711585]]]}},{"type":"Feature","properties":{"q":"NESE","ac":41.3},"geometry":{"type":"Polygon","coordinates":[[[-105.988418,43.72652],[-105.993452,43.726493],[-105.993477,43.730207],[-105.988444,43.730227],[-105.988418,43.72652]]]}},{"type":"Feature","properties":{"q":"NWSW","ac":41.1},"geometry":{"type":"Polygon","coordinates":[[[-106.00891,43.666696],[-106.008996,43.670274],[-106.00381,43.670435],[-106.003772,43.666824],[-106.00891,43.666696]]]}},{"type":"Feature","properties":{"q":"NWSE","ac":40.8},"geometry":{"type":"Polygon","coordinates":[[[-106.03352,43.6705],[-106.033471,43.666862],[-106.038534,43.666927],[-106.038572,43.670581],[-106.03352,43.6705]]]}},{"type":"Feature","properties":{"q":"SESE","ac":40.5},"geometry":{"type":"Polygon","coordinates":[[[-106.033618,43.677774],[-106.033643,43.681417],[-106.028611,43.681291],[-106.028587,43.677663],[-106.033618,43.677774]]]}},{"type":"Feature","properties":{"q":"NESW","ac":40.7},"geometry":{"type":"Polygon","coordinates":[[[-106.02361,43.681374],[-106.023617,43.685028],[-106.018599,43.685137],[-106.018608,43.681456],[-106.02361,43.681374]]]}},{"type":"Feature","properties":{"q":"NWSW","ac":40.7},"geometry":{"type":"Polygon","coordinates":[[[-105.983262,43.656257],[-105.983206,43.652604],[-105.988231,43.652577],[-105.988309,43.656217],[-105.983262,43.656257]]]}},{"type":"Feature","properties":{"q":"SENE","ac":40.6},"geometry":{"type":"Polygon","coordinates":[[[-105.947785,43.656188],[-105.952867,43.656234],[-105.952734,43.659842],[-105.947611,43.659766],[-105.947785,43.656188]]]}},{"type":"Feature","properties":{"q":"SESW","ac":41.6},"geometry":{"type":"Polygon","coordinates":[[[-105.983374,43.663562],[-105.983417,43.667263],[-105.978346,43.667322],[-105.978284,43.663627],[-105.983374,43.663562]]]}},{"type":"Feature","properties":{"q":"NESW","ac":40.1},"geometry":{"type":"Polygon","coordinates":[[[-106.003306,43.652472],[-106.003449,43.656052],[-105.998402,43.656107],[-105.998281,43.652507],[-106.003306,43.652472]]]}},{"type":"Feature","properties":{"q":"SWNW","ac":41.6},"geometry":{"type":"Polygon","coordinates":[[[-105.968122,43.656374],[-105.968113,43.660066],[-105.962985,43.659991],[-105.963036,43.656328],[-105.968122,43.656374]]]}},{"type":"Feature","properties":{"q":"SESW","ac":41.4},"geometry":{"type":"Polygon","coordinates":[[[-105.94322,43.682051],[-105.938182,43.682161],[-105.938178,43.678456],[-105.943228,43.678338],[-105.94322,43.682051]]]}},{"type":"Feature","properties":{"q":"NWSW","ac":41.5},"geometry":{"type":"Polygon","coordinates":[[[-105.988488,43.667204],[-105.988511,43.670911],[-105.98346,43.670965],[-105.983417,43.667263],[-105.988488,43.667204]]]}},{"type":"Feature","properties":{"q":"NWNE","ac":40.7},"geometry":{"type":"Polygon","coordinates":[[[-106.033387,43.659614],[-106.038467,43.659638],[-106.038496,43.663272],[-106.033422,43.663224],[-106.033387,43.659614]]]}},{"type":"Feature","properties":{"q":"SWSE","ac":41.5},"geometry":{"type":"Polygon","coordinates":[[[-105.973194,43.663692],[-105.978284,43.663627],[-105.978346,43.667322],[-105.973275,43.667382],[-105.973194,43.663692]]]}},{"type":"Feature","properties":{"q":"NWNW","ac":41.2},"geometry":{"type":"Polygon","coordinates":[[[-105.988535,43.674618],[-105.988558,43.678326],[-105.983545,43.678367],[-105.983502,43.674666],[-105.988535,43.674618]]]}},{"type":"Feature","properties":{"q":"SWNW","ac":39.2},"geometry":{"type":"Polygon","coordinates":[[[-106.028307,43.65959],[-106.023395,43.659608],[-106.023322,43.656002],[-106.028265,43.656004],[-106.028307,43.65959]]]}},{"type":"Feature","properties":{"q":"NWSW","ac":39.3},"geometry":{"type":"Polygon","coordinates":[[[-106.023535,43.670383],[-106.023501,43.666798],[-106.028408,43.666798],[-106.028468,43.670419],[-106.023535,43.670383]]]}},{"type":"Feature","properties":{"q":"NWSW","ac":41.5},"geometry":{"type":"Polygon","coordinates":[[[-106.003578,43.681725],[-106.008605,43.681621],[-106.008561,43.685354],[-106.003529,43.685451],[-106.003578,43.681725]]]}},{"type":"Feature","properties":{"q":"SESE","ac":38.4},"geometry":{"type":"Polygon","coordinates":[[[-106.008825,43.663118],[-106.013706,43.663184],[-106.013753,43.666747],[-106.00891,43.666696],[-106.008825,43.663118]]]}},{"type":"Feature","properties":{"q":"SWSW","ac":39.7},"geometry":{"type":"Polygon","coordinates":[[[-106.003164,43.648891],[-106.008167,43.648876],[-106.008331,43.652436],[-106.003306,43.652472],[-106.003164,43.648891]]]}},{"type":"Feature","properties":{"q":"1","ac":39.7},"geometry":{"type":"Polygon","coordinates":[[[-106.043681,43.677998],[-106.043653,43.67433],[-106.048538,43.674424],[-106.048564,43.678108],[-106.043681,43.677998]]]}},{"type":"Feature","properties":{"q":"SWNE","ac":40.8},"geometry":{"type":"Polygon","coordinates":[[[-106.033352,43.656004],[-106.038439,43.656003],[-106.038467,43.659638],[-106.033387,43.659614],[-106.033352,43.656004]]]}},{"type":"Feature","properties":{"q":"NENE","ac":40.5},"geometry":{"type":"Polygon","coordinates":[[[-106.028527,43.674041],[-106.033569,43.674137],[-106.033618,43.677774],[-106.028587,43.677663],[-106.028527,43.674041]]]}},{"type":"Feature","properties":{"q":"4","ac":39.8},"geometry":{"type":"Polygon","coordinates":[[[-106.043568,43.663322],[-106.048462,43.663371],[-106.048487,43.667055],[-106.043597,43.666992],[-106.043568,43.663322]]]}},{"type":"Feature","properties":{"q":"NENE","ac":41.4},"geometry":{"type":"Polygon","coordinates":[[[-105.988304,43.693155],[-105.988367,43.689447],[-105.993405,43.689357],[-105.993346,43.69307],[-105.988304,43.693155]]]}},{"type":"Feature","properties":{"q":"SWSE","ac":41.8},"geometry":{"type":"Polygon","coordinates":[[[-106.038763,43.696386],[-106.033729,43.696297],[-106.03372,43.692544],[-106.038756,43.692645],[-106.038763,43.696386]]]}},{"type":"Feature","properties":{"q":"NWSE","ac":41.8},"geometry":{"type":"Polygon","coordinates":[[[-106.013563,43.696465],[-106.018607,43.696379],[-106.018634,43.700126],[-106.013598,43.700205],[-106.013563,43.696465]]]}},{"type":"Feature","properties":{"q":"SWSE","ac":41.2},"geometry":{"type":"Polygon","coordinates":[[[-105.993625,43.707925],[-105.998635,43.707866],[-105.998592,43.711585],[-105.993576,43.711638],[-105.993625,43.707925]]]}},{"type":"Feature","properties":{"q":"7","ac":40.4},"geometry":{"type":"Polygon","coordinates":[[[-106.048722,43.726323],[-106.043816,43.726314],[-106.043814,43.722585],[-106.048714,43.722604],[-106.048722,43.726323]]]}},{"type":"Feature","properties":{"q":"NWSE","ac":40.3},"geometry":{"type":"Polygon","coordinates":[[[-105.998281,43.652507],[-105.998402,43.656107],[-105.993355,43.656162],[-105.993256,43.652542],[-105.998281,43.652507]]]}},{"type":"Feature","properties":{"q":"NESW","ac":40.8},"geometry":{"type":"Polygon","coordinates":[[[-105.978181,43.65263],[-105.983206,43.652604],[-105.983262,43.656257],[-105.978215,43.656296],[-105.978181,43.65263]]]}},{"type":"Feature","properties":{"q":"SWSW","ac":41.2},"geometry":{"type":"Polygon","coordinates":[[[-105.963448,43.678422],[-105.968505,43.67849],[-105.968433,43.682173],[-105.963389,43.682115],[-105.963448,43.678422]]]}},{"type":"Feature","properties":{"q":"NESW","ac":40.8},"geometry":{"type":"Polygon","coordinates":[[[-106.038702,43.6852],[-106.038676,43.681542],[-106.043709,43.681669],[-106.043736,43.68534],[-106.038702,43.6852]]]}},{"type":"Feature","properties":{"q":"SWSE","ac":40.7},"geometry":{"type":"Polygon","coordinates":[[[-105.937991,43.649104],[-105.937918,43.652737],[-105.932899,43.652798],[-105.932923,43.649137],[-105.937991,43.649104]]]}},{"type":"Feature","properties":{"q":"SESE","ac":39.4},"geometry":{"type":"Polygon","coordinates":[[[-106.013171,43.648865],[-106.013304,43.652432],[-106.008331,43.652436],[-106.008167,43.648876],[-106.013171,43.648865]]]}},{"type":"Feature","properties":{"q":"NWSW","ac":39.3},"geometry":{"type":"Polygon","coordinates":[[[-106.02325,43.652423],[-106.028224,43.652418],[-106.028265,43.656004],[-106.023322,43.656002],[-106.02325,43.652423]]]}},{"type":"Feature","properties":{"q":"NWNW","ac":41.9},"geometry":{"type":"Polygon","coordinates":[[[-105.968104,43.663758],[-105.962934,43.663655],[-105.962985,43.659991],[-105.968113,43.660066],[-105.968104,43.663758]]]}},{"type":"Feature","properties":{"q":"NENW","ac":41.6},"geometry":{"type":"Polygon","coordinates":[[[-105.962985,43.659991],[-105.962934,43.663655],[-105.957764,43.663552],[-105.957856,43.659917],[-105.962985,43.659991]]]}},{"type":"Feature","properties":{"q":"NWNE","ac":41.6},"geometry":{"type":"Polygon","coordinates":[[[-105.953335,43.678288],[-105.953151,43.674578],[-105.958234,43.674654],[-105.958391,43.678355],[-105.953335,43.678288]]]}},{"type":"Feature","properties":{"q":"NWNW","ac":41.4},"geometry":{"type":"Polygon","coordinates":[[[-105.968404,43.674807],[-105.968505,43.67849],[-105.963448,43.678422],[-105.963319,43.674731],[-105.968404,43.674807]]]}},{"type":"Feature","properties":{"q":"NWSE","ac":41.1},"geometry":{"type":"Polygon","coordinates":[[[-105.993561,43.667078],[-105.998634,43.666952],[-105.998624,43.670597],[-105.993568,43.670754],[-105.993561,43.667078]]]}},{"type":"Feature","properties":{"q":"SWNE","ac":41.1},"geometry":{"type":"Polygon","coordinates":[[[-105.973169,43.656335],[-105.978215,43.656296],[-105.97825,43.659961],[-105.973181,43.660014],[-105.973169,43.656335]]]}},{"type":"Feature","properties":{"q":"SWSW","ac":40.3},"geometry":{"type":"Polygon","coordinates":[[[-105.947437,43.663345],[-105.947647,43.667064],[-105.942732,43.667203],[-105.942567,43.663491],[-105.947437,43.663345]]]}},{"type":"Feature","properties":{"q":"NWNE","ac":41.7},"geometry":{"type":"Polygon","coordinates":[[[-105.998614,43.674352],[-105.998604,43.678108],[-105.993581,43.678217],[-105.993574,43.674485],[-105.998614,43.674352]]]}},{"type":"Feature","properties":{"q":"SENW","ac":39.6},"geometry":{"type":"Polygon","coordinates":[[[-105.942691,43.659885],[-105.937771,43.660003],[-105.937844,43.656369],[-105.942815,43.656279],[-105.942691,43.659885]]]}},{"type":"Feature","properties":{"q":"NENE","ac":38.8},"geometry":{"type":"Polygon","coordinates":[[[-106.013572,43.659591],[-106.013706,43.663184],[-106.008825,43.663118],[-106.00866,43.659557],[-106.013572,43.659591]]]}},{"type":"Feature","properties":{"q":"NESW","ac":41.3},"geometry":{"type":"Polygon","coordinates":[[[-105.94322,43.682051],[-105.943211,43.685763],[-105.938185,43.685866],[-105.938182,43.682161],[-105.94322,43.682051]]]}},{"type":"Feature","properties":{"q":"SWNW","ac":39.9},"geometry":{"type":"Polygon","coordinates":[[[-106.028527,43.674041],[-106.023569,43.674051],[-106.023535,43.670383],[-106.028468,43.670419],[-106.028527,43.674041]]]}},{"type":"Feature","properties":{"q":"SENE","ac":41.9},"geometry":{"type":"Polygon","coordinates":[[[-105.947858,43.670783],[-105.952967,43.670868],[-105.953151,43.674578],[-105.948068,43.674502],[-105.947858,43.670783]]]}},{"type":"Feature","properties":{"q":"NESE","ac":40.7},"geometry":{"type":"Polygon","coordinates":[[[-105.92788,43.65286],[-105.932899,43.652798],[-105.932875,43.65646],[-105.927906,43.65655],[-105.92788,43.65286]]]}},{"type":"Feature","properties":{"q":"NESE","ac":39.1},"geometry":{"type":"Polygon","coordinates":[[[-106.008496,43.655997],[-106.008331,43.652436],[-106.013304,43.652432],[-106.013438,43.655999],[-106.008496,43.655997]]]}},{"type":"Feature","properties":{"q":"NWSE","ac":38.0},"geometry":{"type":"Polygon","coordinates":[[[-106.018602,43.670346],[-106.013799,43.67031],[-106.013753,43.666747],[-106.018595,43.666798],[-106.018602,43.670346]]]}},{"type":"Feature","properties":{"q":"NESE","ac":41.2},"geometry":{"type":"Polygon","coordinates":[[[-105.928105,43.682382],[-105.933144,43.682271],[-105.933159,43.685969],[-105.928133,43.686072],[-105.928105,43.682382]]]}},{"type":"Feature","properties":{"q":"SWNW","ac":40.8},"geometry":{"type":"Polygon","coordinates":[[[-105.988309,43.656217],[-105.988386,43.659857],[-105.983318,43.659909],[-105.983262,43.656257],[-105.988309,43.656217]]]}},{"type":"Feature","properties":{"q":"SWNW","ac":41.4},"geometry":{"type":"Polygon","coordinates":[[[-105.983502,43.674666],[-105.98346,43.670965],[-105.988511,43.670911],[-105.988535,43.674618],[-105.983502,43.674666]]]}},{"type":"Feature","properties":{"q":"SWSW","ac":41.7},"geometry":{"type":"Polygon","coordinates":[[[-105.983374,43.663562],[-105.988464,43.663496],[-105.988488,43.667204],[-105.983417,43.667263],[-105.983374,43.663562]]]}},{"type":"Feature","properties":{"q":"SENW","ac":40.9},"geometry":{"type":"Polygon","coordinates":[[[-105.937938,43.671047],[-105.942898,43.670915],[-105.943063,43.674627],[-105.938058,43.674752],[-105.937938,43.671047]]]}},{"type":"Feature","properties":{"q":"NWSE","ac":40.6},"geometry":{"type":"Polygon","coordinates":[[[-105.958042,43.652648],[-105.957949,43.656281],[-105.952867,43.656234],[-105.952999,43.652631],[-105.958042,43.652648]]]}},{"type":"Feature","properties":{"q":"NESE","ac":40.5},"geometry":{"type":"Polygon","coordinates":[[[-106.028635,43.684919],[-106.028611,43.681291],[-106.033643,43.681417],[-106.033669,43.685059],[-106.028635,43.684919]]]}},{"type":"Feature","properties":{"q":"SESW","ac":41.1},"geometry":{"type":"Polygon","coordinates":[[[-106.003734,43.663212],[-106.003772,43.666824],[-105.998634,43.666952],[-105.998644,43.663307],[-106.003734,43.663212]]]}},{"type":"Feature","properties":{"q":"NESW","ac":41.4},"geometry":{"type":"Polygon","coordinates":[[[-105.99855,43.681828],[-106.003578,43.681725],[-106.003529,43.685451],[-105.998496,43.685547],[-105.99855,43.681828]]]}},{"type":"Feature","properties":{"q":"SESW","ac":38.6},"geometry":{"type":"Polygon","coordinates":[[[-106.018587,43.66325],[-106.023468,43.663213],[-106.023501,43.666798],[-106.018595,43.666798],[-106.018587,43.66325]]]}},{"type":"Feature","properties":{"q":"SWNE","ac":40.1},"geometry":{"type":"Polygon","coordinates":[[[-106.018602,43.670346],[-106.01861,43.674061],[-106.013716,43.674071],[-106.013799,43.67031],[-106.018602,43.670346]]]}},{"type":"Feature","properties":{"q":"NWNW","ac":40.1},"geometry":{"type":"Polygon","coordinates":[[[-106.028587,43.677663],[-106.023602,43.677719],[-106.023569,43.674051],[-106.028527,43.674041],[-106.028587,43.677663]]]}},{"type":"Feature","properties":{"q":"SENE","ac":40.5},"geometry":{"type":"Polygon","coordinates":[[[-106.028265,43.656004],[-106.033352,43.656004],[-106.033387,43.659614],[-106.028307,43.65959],[-106.028265,43.656004]]]}},{"type":"Feature","properties":{"q":"SESW","ac":41.3},"geometry":{"type":"Polygon","coordinates":[[[-105.963448,43.678422],[-105.963389,43.682115],[-105.958345,43.682057],[-105.958391,43.678355],[-105.963448,43.678422]]]}},{"type":"Feature","properties":{"q":"NESE","ac":41.1},"geometry":{"type":"Polygon","coordinates":[[[-105.968131,43.652682],[-105.973156,43.652656],[-105.973169,43.656335],[-105.968122,43.656374],[-105.968131,43.652682]]]}},{"type":"Feature","properties":{"q":"SESE","ac":40.0},"geometry":{"type":"Polygon","coordinates":[[[-105.932828,43.663784],[-105.932903,43.667482],[-105.927988,43.667621],[-105.927958,43.66393],[-105.932828,43.663784]]]}},{"type":"Feature","properties":{"q":"NESE","ac":40.9},"geometry":{"type":"Polygon","coordinates":[[[-105.968433,43.682173],[-105.973448,43.682138],[-105.973379,43.685828],[-105.968361,43.685856],[-105.968433,43.682173]]]}},{"type":"Feature","properties":{"q":"NESE","ac":40.5},"geometry":{"type":"Polygon","coordinates":[[[-105.988231,43.652577],[-105.993256,43.652542],[-105.993355,43.656162],[-105.988309,43.656217],[-105.988231,43.652577]]]}},{"type":"Feature","properties":{"q":"SESE","ac":40.9},"geometry":{"type":"Polygon","coordinates":[[[-105.973143,43.648977],[-105.973156,43.652656],[-105.968131,43.652682],[-105.96814,43.64899],[-105.973143,43.648977]]]}},{"type":"Feature","properties":{"q":"SENE","ac":41.6},"geometry":{"type":"Polygon","coordinates":[[[-105.993574,43.674485],[-105.988535,43.674618],[-105.988511,43.670911],[-105.993568,43.670754],[-105.993574,43.674485]]]}},{"type":"Feature","properties":{"q":"SESW","ac":42.2},"geometry":{"type":"Polygon","coordinates":[[[-105.957921,43.667253],[-105.957764,43.663552],[-105.962934,43.663655],[-105.963062,43.667347],[-105.957921,43.667253]]]}},{"type":"Feature","properties":{"q":"SENW","ac":40.2},"geometry":{"type":"Polygon","coordinates":[[[-106.003449,43.656052],[-106.003592,43.659632],[-105.998523,43.659707],[-105.998402,43.656107],[-106.003449,43.656052]]]}},{"type":"Feature","properties":{"q":"NWSE","ac":40.5},"geometry":{"type":"Polygon","coordinates":[[[-105.937938,43.671047],[-105.932978,43.671179],[-105.932903,43.667482],[-105.937818,43.667342],[-105.937938,43.671047]]]}},{"type":"Feature","properties":{"q":"SESE","ac":40.6},"geometry":{"type":"Polygon","coordinates":[[[-106.028224,43.652418],[-106.028182,43.648832],[-106.033282,43.64878],[-106.033317,43.652392],[-106.028224,43.652418]]]}},{"type":"Feature","properties":{"q":"NENE","ac":41.0},"geometry":{"type":"Polygon","coordinates":[[[-105.973437,43.67476],[-105.973518,43.678449],[-105.968505,43.67849],[-105.968404,43.674807],[-105.973437,43.67476]]]}},{"type":"Feature","properties":{"q":"NESE","ac":41.3},"geometry":{"type":"Polygon","coordinates":[[[-105.993522,43.68193],[-105.993464,43.685644],[-105.988431,43.68574],[-105.988495,43.682033],[-105.993522,43.68193]]]}},{"type":"Feature","properties":{"q":"SESE","ac":41.3},"geometry":{"type":"Polygon","coordinates":[[[-105.933128,43.678574],[-105.933144,43.682271],[-105.928105,43.682382],[-105.928078,43.678691],[-105.933128,43.678574]]]}},{"type":"Feature","properties":{"q":"NWSW","ac":41.4},"geometry":{"type":"Polygon","coordinates":[[[-105.948258,43.68194],[-105.948237,43.685659],[-105.943211,43.685763],[-105.94322,43.682051],[-105.948258,43.68194]]]}},{"type":"Feature","properties":{"q":"NWSW","ac":41.3},"geometry":{"type":"Polygon","coordinates":[[[-105.968131,43.652682],[-105.968122,43.656374],[-105.963036,43.656328],[-105.963086,43.652665],[-105.968131,43.652682]]]}},{"type":"Feature","properties":{"q":"NENE","ac":41.8},"geometry":{"type":"Polygon","coordinates":[[[-106.02866,43.688681],[-106.033694,43.688802],[-106.03372,43.692544],[-106.028685,43.692444],[-106.02866,43.688681]]]}},{"type":"Feature","properties":{"q":"SWSE","ac":41.6},"geometry":{"type":"Polygon","coordinates":[[[-106.033764,43.722545],[-106.038788,43.722565],[-106.038789,43.726304],[-106.033764,43.726294],[-106.033764,43.722545]]]}},{"type":"Feature","properties":{"q":"SWSW","ac":41.6},"geometry":{"type":"Polygon","coordinates":[[[-106.003499,43.722711],[-106.008534,43.722677],[-106.008555,43.726411],[-106.003521,43.726438],[-106.003499,43.722711]]]}},{"type":"Feature","properties":{"q":"SENW","ac":41.8},"geometry":{"type":"Polygon","coordinates":[[[-106.023696,43.730068],[-106.023701,43.733819],[-106.018666,43.733839],[-106.018656,43.730094],[-106.023696,43.730068]]]}},{"type":"Feature","properties":{"q":"2","ac":40.3},"geometry":{"type":"Polygon","coordinates":[[[-106.043803,43.700207],[-106.048686,43.700283],[-106.048693,43.704004],[-106.043808,43.703937],[-106.043803,43.700207]]]}},{"type":"Feature","properties":{"q":"SWNW","ac":41.6},"geometry":{"type":"Polygon","coordinates":[[[-106.003529,43.685451],[-106.008561,43.685354],[-106.008518,43.689086],[-106.00348,43.689176],[-106.003529,43.685451]]]}},{"type":"Feature","properties":{"q":"SENW","ac":41.7},"geometry":{"type":"Polygon","coordinates":[[[-106.018599,43.685137],[-106.023617,43.685028],[-106.023625,43.688783],[-106.018589,43.688884],[-106.018599,43.685137]]]}},{"type":"Feature","properties":{"q":"NWSE","ac":41.0},"geometry":{"type":"Polygon","coordinates":[[[-105.978181,43.65263],[-105.978215,43.656296],[-105.973169,43.656335],[-105.973156,43.652656],[-105.978181,43.65263]]]}},{"type":"Feature","properties":{"q":"NWSW","ac":40.7},"geometry":{"type":"Polygon","coordinates":[[[-105.947647,43.667064],[-105.947858,43.670783],[-105.942898,43.670915],[-105.942732,43.667203],[-105.947647,43.667064]]]}},{"type":"Feature","properties":{"q":"NWSE","ac":40.3},"geometry":{"type":"Polygon","coordinates":[[[-105.937918,43.652737],[-105.937844,43.656369],[-105.932875,43.65646],[-105.932899,43.652798],[-105.937918,43.652737]]]}},{"type":"Feature","properties":{"q":"SENE","ac":40.3},"geometry":{"type":"Polygon","coordinates":[[[-105.932851,43.660122],[-105.927932,43.66024],[-105.927906,43.65655],[-105.932875,43.65646],[-105.932851,43.660122]]]}},{"type":"Feature","properties":{"q":"SWSE","ac":40.1},"geometry":{"type":"Polygon","coordinates":[[[-105.932828,43.663784],[-105.937697,43.663638],[-105.937818,43.667342],[-105.932903,43.667482],[-105.932828,43.663784]]]}},{"type":"Feature","properties":{"q":"NESE","ac":41.4},"geometry":{"type":"Polygon","coordinates":[[[-105.993561,43.667078],[-105.993568,43.670754],[-105.988511,43.670911],[-105.988488,43.667204],[-105.993561,43.667078]]]}},{"type":"Feature","properties":{"q":"SENW","ac":39.4},"geometry":{"type":"Polygon","coordinates":[[[-106.018483,43.659625],[-106.018379,43.656001],[-106.023322,43.656002],[-106.023395,43.659608],[-106.018483,43.659625]]]}},{"type":"Feature","properties":{"q":"NESW","ac":41.5},"geometry":{"type":"Polygon","coordinates":[[[-106.003772,43.666824],[-106.00381,43.670435],[-105.998624,43.670597],[-105.998634,43.666952],[-106.003772,43.666824]]]}},{"type":"Feature","properties":{"q":"SWSW","ac":40.1},"geometry":{"type":"Polygon","coordinates":[[[-105.94306,43.649072],[-105.948128,43.649039],[-105.947957,43.652613],[-105.942937,43.652675],[-105.94306,43.649072]]]}},{"type":"Feature","properties":{"q":"NWSW","ac":40.4},"geometry":{"type":"Polygon","coordinates":[[[-106.02361,43.681374],[-106.028611,43.681291],[-106.028635,43.684919],[-106.023617,43.685028],[-106.02361,43.681374]]]}},{"type":"Feature","properties":{"q":"NESE","ac":40.2},"geometry":{"type":"Polygon","coordinates":[[[-105.947957,43.652613],[-105.952999,43.652631],[-105.952867,43.656234],[-105.947785,43.656188],[-105.947957,43.652613]]]}},{"type":"Feature","properties":{"q":"NESE","ac":40.6},"geometry":{"type":"Polygon","coordinates":[[[-106.028224,43.652418],[-106.033317,43.652392],[-106.033352,43.656004],[-106.028265,43.656004],[-106.028224,43.652418]]]}},{"type":"Feature","properties":{"q":"SENW","ac":41.3},"geometry":{"type":"Polygon","coordinates":[[[-105.957949,43.656281],[-105.963036,43.656328],[-105.962985,43.659991],[-105.957856,43.659917],[-105.957949,43.656281]]]}},{"type":"Feature","properties":{"q":"SWNW","ac":41.0},"geometry":{"type":"Polygon","coordinates":[[[-105.947858,43.670783],[-105.948068,43.674502],[-105.943063,43.674627],[-105.942898,43.670915],[-105.947858,43.670783]]]}},{"type":"Feature","properties":{"q":"SWNE","ac":40.9},"geometry":{"type":"Polygon","coordinates":[[[-105.932978,43.671179],[-105.937938,43.671047],[-105.938058,43.674752],[-105.933053,43.674876],[-105.932978,43.671179]]]}},{"type":"Feature","properties":{"q":"3","ac":39.7},"geometry":{"type":"Polygon","coordinates":[[[-106.048618,43.685475],[-106.043736,43.68534],[-106.043709,43.681669],[-106.048591,43.681792],[-106.048618,43.685475]]]}},{"type":"Feature","properties":{"q":"SWSW","ac":39.6},"geometry":{"type":"Polygon","coordinates":[[[-106.028224,43.652418],[-106.02325,43.652423],[-106.023178,43.648843],[-106.028182,43.648832],[-106.028224,43.652418]]]}},{"type":"Feature","properties":{"q":"SWSE","ac":41.3},"geometry":{"type":"Polygon","coordinates":[[[-105.998604,43.678108],[-105.99855,43.681828],[-105.993522,43.68193],[-105.993581,43.678217],[-105.998604,43.678108]]]}},{"type":"Feature","properties":{"q":"NENW","ac":40.6},"geometry":{"type":"Polygon","coordinates":[[[-106.018618,43.677776],[-106.01861,43.674061],[-106.023569,43.674051],[-106.023602,43.677719],[-106.018618,43.677776]]]}},{"type":"Feature","properties":{"q":"NESW","ac":41.1},"geometry":{"type":"Polygon","coordinates":[[[-106.038439,43.656003],[-106.038411,43.652366],[-106.043506,43.652341],[-106.043526,43.656003],[-106.038439,43.656003]]]}},{"type":"Feature","properties":{"q":"SESW","ac":39.9},"geometry":{"type":"Polygon","coordinates":[[[-106.003164,43.648891],[-106.003306,43.652472],[-105.998281,43.652507],[-105.99816,43.648907],[-106.003164,43.648891]]]}},{"type":"Feature","properties":{"q":"SWSW","ac":39.0},"geometry":{"type":"Polygon","coordinates":[[[-106.028408,43.666798],[-106.023501,43.666798],[-106.023468,43.663213],[-106.028348,43.663176],[-106.028408,43.666798]]]}},{"type":"Feature","properties":{"q":"SWSW","ac":40.2},"geometry":{"type":"Polygon","coordinates":[[[-106.023602,43.677719],[-106.028587,43.677663],[-106.028611,43.681291],[-106.02361,43.681374],[-106.023602,43.677719]]]}},{"type":"Feature","properties":{"q":"NWSE","ac":41.3},"geometry":{"type":"Polygon","coordinates":[[[-105.953302,43.681998],[-105.958345,43.682057],[-105.958299,43.685758],[-105.953268,43.685709],[-105.953302,43.681998]]]}},{"type":"Feature","properties":{"q":"SWSE","ac":40.8},"geometry":{"type":"Polygon","coordinates":[[[-106.013634,43.677833],[-106.018618,43.677776],[-106.018608,43.681456],[-106.013607,43.681539],[-106.013634,43.677833]]]}},{"type":"Feature","properties":{"q":"SENW","ac":41.0},"geometry":{"type":"Polygon","coordinates":[[[-105.983318,43.659909],[-105.97825,43.659961],[-105.978215,43.656296],[-105.983262,43.656257],[-105.983318,43.659909]]]}},{"type":"Feature","properties":{"q":"SWSE","ac":38.3},"geometry":{"type":"Polygon","coordinates":[[[-106.013706,43.663184],[-106.018587,43.66325],[-106.018595,43.666798],[-106.013753,43.666747],[-106.013706,43.663184]]]}},{"type":"Feature","properties":{"q":"NESE","ac":41.4},"geometry":{"type":"Polygon","coordinates":[[[-105.953268,43.685709],[-105.948237,43.685659],[-105.948258,43.68194],[-105.953302,43.681998],[-105.953268,43.685709]]]}},{"type":"Feature","properties":{"q":"NWSE","ac":39.2},"geometry":{"type":"Polygon","coordinates":[[[-106.018379,43.656001],[-106.013438,43.655999],[-106.013304,43.652432],[-106.018277,43.652427],[-106.018379,43.656001]]]}},{"type":"Feature","properties":{"q":"SWSE","ac":42.2},"geometry":{"type":"Polygon","coordinates":[[[-105.957921,43.667253],[-105.952784,43.667159],[-105.9526,43.663449],[-105.957764,43.663552],[-105.957921,43.667253]]]}},{"type":"Feature","properties":{"q":"NWSW","ac":39.8},"geometry":{"type":"Polygon","coordinates":[[[-106.008496,43.655997],[-106.003449,43.656052],[-106.003306,43.652472],[-106.008331,43.652436],[-106.008496,43.655997]]]}},{"type":"Feature","properties":{"q":"SENW","ac":41.1},"geometry":{"type":"Polygon","coordinates":[[[-106.043526,43.656003],[-106.043547,43.659663],[-106.038467,43.659638],[-106.038439,43.656003],[-106.043526,43.656003]]]}},{"type":"Feature","properties":{"q":"SESE","ac":41.1},"geometry":{"type":"Polygon","coordinates":[[[-105.92788,43.65286],[-105.927854,43.64917],[-105.932923,43.649137],[-105.932899,43.652798],[-105.92788,43.65286]]]}},{"type":"Feature","properties":{"q":"NESW","ac":41.0},"geometry":{"type":"Polygon","coordinates":[[[-106.043597,43.666992],[-106.043625,43.670662],[-106.038572,43.670581],[-106.038534,43.666927],[-106.043597,43.666992]]]}},{"type":"Feature","properties":{"q":"SWSE","ac":39.4},"geometry":{"type":"Polygon","coordinates":[[[-106.013171,43.648865],[-106.018175,43.648854],[-106.018277,43.652427],[-106.013304,43.652432],[-106.013171,43.648865]]]}},{"type":"Feature","properties":{"q":"NENW","ac":41.1},"geometry":{"type":"Polygon","coordinates":[[[-105.983545,43.678367],[-105.978531,43.678408],[-105.97847,43.674713],[-105.983502,43.674666],[-105.983545,43.678367]]]}},{"type":"Feature","properties":{"q":"SESE","ac":41.5},"geometry":{"type":"Polygon","coordinates":[[[-105.968104,43.663758],[-105.973194,43.663692],[-105.973275,43.667382],[-105.968204,43.667441],[-105.968104,43.663758]]]}},{"type":"Feature","properties":{"q":"NWNW","ac":41.4},"geometry":{"type":"Polygon","coordinates":[[[-105.943228,43.678338],[-105.943063,43.674627],[-105.948068,43.674502],[-105.948278,43.678221],[-105.943228,43.678338]]]}},{"type":"Feature","properties":{"q":"NESE","ac":38.1},"geometry":{"type":"Polygon","coordinates":[[[-106.008996,43.670274],[-106.00891,43.666696],[-106.013753,43.666747],[-106.013799,43.67031],[-106.008996,43.670274]]]}},{"type":"Feature","properties":{"q":"SESW","ac":41.1},"geometry":{"type":"Polygon","coordinates":[[[-106.043597,43.666992],[-106.038534,43.666927],[-106.038496,43.663272],[-106.043568,43.663322],[-106.043597,43.666992]]]}},{"type":"Feature","properties":{"q":"NESE","ac":40.4},"geometry":{"type":"Polygon","coordinates":[[[-105.932903,43.667482],[-105.932978,43.671179],[-105.928018,43.671311],[-105.927988,43.667621],[-105.932903,43.667482]]]}},{"type":"Feature","properties":{"q":"NESW","ac":41.1},"geometry":{"type":"Polygon","coordinates":[[[-105.978396,43.685799],[-105.978464,43.682103],[-105.983479,43.682068],[-105.983414,43.68577],[-105.978396,43.685799]]]}},{"type":"Feature","properties":{"q":"NESW","ac":40.6},"geometry":{"type":"Polygon","coordinates":[[[-105.937938,43.671047],[-105.937818,43.667342],[-105.942732,43.667203],[-105.942898,43.670915],[-105.937938,43.671047]]]}},{"type":"Feature","properties":{"q":"NWSE","ac":41.0},"geometry":{"type":"Polygon","coordinates":[[[-105.973379,43.685828],[-105.973448,43.682138],[-105.978464,43.682103],[-105.978396,43.685799],[-105.973379,43.685828]]]}},{"type":"Feature","properties":{"q":"NWNW","ac":39.0},"geometry":{"type":"Polygon","coordinates":[[[-106.023468,43.663213],[-106.023395,43.659608],[-106.028307,43.65959],[-106.028348,43.663176],[-106.023468,43.663213]]]}},{"type":"Feature","properties":{"q":"NESW","ac":39.3},"geometry":{"type":"Polygon","coordinates":[[[-106.02325,43.652423],[-106.023322,43.656002],[-106.018379,43.656001],[-106.018277,43.652427],[-106.02325,43.652423]]]}},{"type":"Feature","properties":{"q":"SENW","ac":41.3},"geometry":{"type":"Polygon","coordinates":[[[-105.98346,43.670965],[-105.983502,43.674666],[-105.97847,43.674713],[-105.978408,43.671018],[-105.98346,43.670965]]]}},{"type":"Feature","properties":{"q":"NWSE","ac":41.0},"geometry":{"type":"Polygon","coordinates":[[[-106.013607,43.681539],[-106.018608,43.681456],[-106.018599,43.685137],[-106.01358,43.685245],[-106.013607,43.681539]]]}},{"type":"Feature","properties":{"q":"NWNW","ac":41.0},"geometry":{"type":"Polygon","coordinates":[[[-105.983318,43.659909],[-105.988386,43.659857],[-105.988464,43.663496],[-105.983374,43.663562],[-105.983318,43.659909]]]}},{"type":"Feature","properties":{"q":"NWSE","ac":41.4},"geometry":{"type":"Polygon","coordinates":[[[-105.99855,43.681828],[-105.998496,43.685547],[-105.993464,43.685644],[-105.993522,43.68193],[-105.99855,43.681828]]]}},{"type":"Feature","properties":{"q":"SESW","ac":40.2},"geometry":{"type":"Polygon","coordinates":[[[-105.942567,43.663491],[-105.942732,43.667203],[-105.937818,43.667342],[-105.937697,43.663638],[-105.942567,43.663491]]]}},{"type":"Feature","properties":{"q":"SWSE","ac":40.9},"geometry":{"type":"Polygon","coordinates":[[[-106.038383,43.648729],[-106.038411,43.652366],[-106.033317,43.652392],[-106.033282,43.64878],[-106.038383,43.648729]]]}},{"type":"Feature","properties":{"q":"SWNW","ac":43.2},"geometry":{"type":"Polygon","coordinates":[[[-106.008823,43.674081],[-106.003718,43.674217],[-106.00381,43.670435],[-106.008996,43.670274],[-106.008823,43.674081]]]}},{"type":"Feature","properties":{"q":"SWSE","ac":40.8},"geometry":{"type":"Polygon","coordinates":[[[-105.978181,43.65263],[-105.973156,43.652656],[-105.973143,43.648977],[-105.978147,43.648964],[-105.978181,43.65263]]]}},{"type":"Feature","properties":{"q":"SWNW","ac":39.3},"geometry":{"type":"Polygon","coordinates":[[[-105.942815,43.656279],[-105.947785,43.656188],[-105.947611,43.659766],[-105.942691,43.659885],[-105.942815,43.656279]]]}},{"type":"Feature","properties":{"q":"SESE","ac":39.9},"geometry":{"type":"Polygon","coordinates":[[[-105.947957,43.652613],[-105.948128,43.649039],[-105.953131,43.649027],[-105.952999,43.652631],[-105.947957,43.652613]]]}},{"type":"Feature","properties":{"q":"SWNE","ac":39.9},"geometry":{"type":"Polygon","coordinates":[[[-105.937844,43.656369],[-105.937771,43.660003],[-105.932851,43.660122],[-105.932875,43.65646],[-105.937844,43.656369]]]}},{"type":"Feature","properties":{"q":"SESE","ac":41.5},"geometry":{"type":"Polygon","coordinates":[[[-105.948278,43.678221],[-105.953335,43.678288],[-105.953302,43.681998],[-105.948258,43.68194],[-105.948278,43.678221]]]}},{"type":"Feature","properties":{"q":"NWSW","ac":41.1},"geometry":{"type":"Polygon","coordinates":[[[-105.968361,43.685856],[-105.96333,43.685807],[-105.963389,43.682115],[-105.968433,43.682173],[-105.968361,43.685856]]]}},{"type":"Feature","properties":{"q":"NENE","ac":41.0},"geometry":{"type":"Polygon","coordinates":[[[-105.9526,43.663449],[-105.947437,43.663345],[-105.947611,43.659766],[-105.952734,43.659842],[-105.9526,43.663449]]]}},{"type":"Feature","properties":{"q":"NESW","ac":40.0},"geometry":{"type":"Polygon","coordinates":[[[-105.942937,43.652675],[-105.942815,43.656279],[-105.937844,43.656369],[-105.937918,43.652737],[-105.942937,43.652675]]]}},{"type":"Feature","properties":{"q":"SWNW","ac":40.0},"geometry":{"type":"Polygon","coordinates":[[[-106.008496,43.655997],[-106.00866,43.659557],[-106.003592,43.659632],[-106.003449,43.656052],[-106.008496,43.655997]]]}},{"type":"Feature","properties":{"q":"SWSW","ac":41.5},"geometry":{"type":"Polygon","coordinates":[[[-105.948278,43.678221],[-105.948258,43.68194],[-105.94322,43.682051],[-105.943228,43.678338],[-105.948278,43.678221]]]}},{"type":"Feature","properties":{"q":"SWNE","ac":39.4},"geometry":{"type":"Polygon","coordinates":[[[-106.013572,43.659591],[-106.013438,43.655999],[-106.018379,43.656001],[-106.018483,43.659625],[-106.013572,43.659591]]]}},{"type":"Feature","properties":{"q":"SENW","ac":40.9},"geometry":{"type":"Polygon","coordinates":[[[-106.038572,43.670581],[-106.043625,43.670662],[-106.043653,43.67433],[-106.038611,43.674233],[-106.038572,43.670581]]]}},{"type":"Feature","properties":{"q":"NESE","ac":40.6},"geometry":{"type":"Polygon","coordinates":[[[-106.028468,43.670419],[-106.028408,43.666798],[-106.033471,43.666862],[-106.03352,43.6705],[-106.028468,43.670419]]]}},{"type":"Feature","properties":{"q":"NWNE","ac":40.9},"geometry":{"type":"Polygon","coordinates":[[[-106.01861,43.674061],[-106.018618,43.677776],[-106.013634,43.677833],[-106.013716,43.674071],[-106.01861,43.674061]]]}},{"type":"Feature","properties":{"q":"NWNW","ac":42.5},"geometry":{"type":"Polygon","coordinates":[[[-106.003626,43.677998],[-106.003718,43.674217],[-106.008823,43.674081],[-106.008649,43.677889],[-106.003626,43.677998]]]}},{"type":"Feature","properties":{"q":"SESW","ac":40.6},"geometry":{"type":"Polygon","coordinates":[[[-105.958134,43.649015],[-105.963137,43.649002],[-105.963086,43.652665],[-105.958042,43.652648],[-105.958134,43.649015]]]}},{"type":"Feature","properties":{"q":"SWSE","ac":41.3},"geometry":{"type":"Polygon","coordinates":[[[-105.933128,43.678574],[-105.938178,43.678456],[-105.938182,43.682161],[-105.933144,43.682271],[-105.933128,43.678574]]]}},{"type":"Feature","properties":{"q":"NWNW","ac":38.9},"geometry":{"type":"Polygon","coordinates":[[[-105.942567,43.663491],[-105.942691,43.659885],[-105.947611,43.659766],[-105.947437,43.663345],[-105.942567,43.663491]]]}},{"type":"Feature","properties":{"q":"NENE","ac":41.5},"geometry":{"type":"Polygon","coordinates":[[[-105.968104,43.663758],[-105.968113,43.660066],[-105.973181,43.660014],[-105.973194,43.663692],[-105.968104,43.663758]]]}},{"type":"Feature","properties":{"q":"SWSE","ac":40.3},"geometry":{"type":"Polygon","coordinates":[[[-105.953131,43.649027],[-105.958134,43.649015],[-105.958042,43.652648],[-105.952999,43.652631],[-105.953131,43.649027]]]}},{"type":"Feature","properties":{"q":"NWNE","ac":39.1},"geometry":{"type":"Polygon","coordinates":[[[-106.018483,43.659625],[-106.018587,43.66325],[-106.013706,43.663184],[-106.013572,43.659591],[-106.018483,43.659625]]]}},{"type":"Feature","properties":{"q":"NWNE","ac":41.1},"geometry":{"type":"Polygon","coordinates":[[[-105.973437,43.67476],[-105.97847,43.674713],[-105.978531,43.678408],[-105.973518,43.678449],[-105.973437,43.67476]]]}},{"type":"Feature","properties":{"q":"NENW","ac":40.4},"geometry":{"type":"Polygon","coordinates":[[[-106.003734,43.663212],[-105.998644,43.663307],[-105.998523,43.659707],[-106.003592,43.659632],[-106.003734,43.663212]]]}},{"type":"Feature","properties":{"q":"NENE","ac":40.8},"geometry":{"type":"Polygon","coordinates":[[[-105.988464,43.663496],[-105.988386,43.659857],[-105.993455,43.659782],[-105.993554,43.663402],[-105.988464,43.663496]]]}},{"type":"Feature","properties":{"q":"NENE","ac":40.5},"geometry":{"type":"Polygon","coordinates":[[[-106.028307,43.65959],[-106.033387,43.659614],[-106.033422,43.663224],[-106.028348,43.663176],[-106.028307,43.65959]]]}},{"type":"Feature","properties":{"q":"SENE","ac":39.0},"geometry":{"type":"Polygon","coordinates":[[[-106.008496,43.655997],[-106.013438,43.655999],[-106.013572,43.659591],[-106.00866,43.659557],[-106.008496,43.655997]]]}},{"type":"Feature","properties":{"q":"SWSE","ac":41.4},"geometry":{"type":"Polygon","coordinates":[[[-105.958391,43.678355],[-105.958345,43.682057],[-105.953302,43.681998],[-105.953335,43.678288],[-105.958391,43.678355]]]}},{"type":"Feature","properties":{"q":"SWNE","ac":41.2},"geometry":{"type":"Polygon","coordinates":[[[-105.973437,43.67476],[-105.973356,43.671071],[-105.978408,43.671018],[-105.97847,43.674713],[-105.973437,43.67476]]]}},{"type":"Feature","properties":{"q":"NWNE","ac":39.5},"geometry":{"type":"Polygon","coordinates":[[[-105.937697,43.663638],[-105.932828,43.663784],[-105.932851,43.660122],[-105.937771,43.660003],[-105.937697,43.663638]]]}},{"type":"Feature","properties":{"q":"NWSE","ac":40.7},"geometry":{"type":"Polygon","coordinates":[[[-106.033643,43.681417],[-106.038676,43.681542],[-106.038702,43.6852],[-106.033669,43.685059],[-106.033643,43.681417]]]}},{"type":"Feature","properties":{"q":"SWNE","ac":40.4},"geometry":{"type":"Polygon","coordinates":[[[-105.993355,43.656162],[-105.998402,43.656107],[-105.998523,43.659707],[-105.993455,43.659782],[-105.993355,43.656162]]]}},{"type":"Feature","properties":{"q":"SWNW","ac":41.8},"geometry":{"type":"Polygon","coordinates":[[[-106.028635,43.684919],[-106.02866,43.688681],[-106.023625,43.688783],[-106.023617,43.685028],[-106.028635,43.684919]]]}},{"type":"Feature","properties":{"q":"NWNE","ac":41.8},"geometry":{"type":"Polygon","coordinates":[[[-106.018589,43.688884],[-106.018579,43.692631],[-106.013527,43.692725],[-106.013553,43.688985],[-106.018589,43.688884]]]}},{"type":"Feature","properties":{"q":"4","ac":40.5},"geometry":{"type":"Polygon","coordinates":[[[-106.043821,43.733772],[-106.048736,43.733763],[-106.048743,43.737484],[-106.043823,43.737495],[-106.043821,43.733772]]]}},{"type":"Feature","properties":{"q":"SESE","ac":41.5},"geometry":{"type":"Polygon","coordinates":[[[-106.01367,43.707684],[-106.013649,43.711423],[-106.008623,43.71148],[-106.008653,43.707747],[-106.01367,43.707684]]]}},{"type":"Feature","properties":{"q":"NWSW","ac":41.5},"geometry":{"type":"Polygon","coordinates":[[[-106.008563,43.700283],[-106.003537,43.700355],[-106.003484,43.696628],[-106.008518,43.69655],[-106.008563,43.700283]]]}},{"type":"Feature","properties":{"q":"4","ac":41.4},"geometry":{"type":"Polygon","coordinates":[[[-106.023701,43.733819],[-106.028735,43.7338],[-106.028734,43.737523],[-106.023705,43.737535],[-106.023701,43.733819]]]}},{"type":"Feature","properties":{"q":"SENW","ac":41.5},"geometry":{"type":"Polygon","coordinates":[[[-106.038786,43.715088],[-106.043814,43.715126],[-106.043814,43.718856],[-106.038787,43.718826],[-106.038786,43.715088]]]}},{"type":"Feature","properties":{"q":"NWNW","ac":41.6},"geometry":{"type":"Polygon","coordinates":[[[-106.008518,43.689086],[-106.008474,43.692818],[-106.003431,43.692902],[-106.00348,43.689176],[-106.008518,43.689086]]]}},{"type":"Feature","properties":{"q":"SWNW","ac":41.9},"geometry":{"type":"Polygon","coordinates":[[[-106.023669,43.700048],[-106.028704,43.699969],[-106.028714,43.703732],[-106.023688,43.703803],[-106.023669,43.700048]]]}},{"type":"Feature","properties":{"q":"SWNE","ac":41.6},"geometry":{"type":"Polygon","coordinates":[[[-106.038791,43.730043],[-106.038792,43.733782],[-106.033764,43.733791],[-106.033764,43.730042],[-106.038791,43.730043]]]}},{"type":"Feature","properties":{"q":"SESW","ac":41.6},"geometry":{"type":"Polygon","coordinates":[[[-106.038763,43.696386],[-106.038756,43.692645],[-106.043792,43.692745],[-106.043798,43.696476],[-106.038763,43.696386]]]}},{"type":"Feature","properties":{"q":"SWNE","ac":41.3},"geometry":{"type":"Polygon","coordinates":[[[-105.993527,43.715352],[-105.998549,43.715305],[-105.998506,43.719025],[-105.993477,43.719065],[-105.993527,43.715352]]]}},{"type":"Feature","properties":{"q":"SESE","ac":41.7},"geometry":{"type":"Polygon","coordinates":[[[-106.008534,43.722677],[-106.013585,43.722639],[-106.0136,43.726379],[-106.008555,43.726411],[-106.008534,43.722677]]]}},{"type":"Feature","properties":{"q":"NENW","ac":41.8},"geometry":{"type":"Polygon","coordinates":[[[-106.018649,43.718856],[-106.023692,43.718812],[-106.023688,43.722563],[-106.018636,43.722601],[-106.018649,43.718856]]]}},{"type":"Feature","properties":{"q":"NWNE","ac":41.8},"geometry":{"type":"Polygon","coordinates":[[[-106.018649,43.718856],[-106.018636,43.722601],[-106.013585,43.722639],[-106.013607,43.7189],[-106.018649,43.718856]]]}},{"type":"Feature","properties":{"q":"SESE","ac":41.9},"geometry":{"type":"Polygon","coordinates":[[[-106.033729,43.696297],[-106.028695,43.696207],[-106.028685,43.692444],[-106.03372,43.692544],[-106.033729,43.696297]]]}},{"type":"Feature","properties":{"q":"SESW","ac":41.3},"geometry":{"type":"Polygon","coordinates":[[[-105.998635,43.707866],[-106.003644,43.707806],[-106.003607,43.711533],[-105.998592,43.711585],[-105.998635,43.707866]]]}},{"type":"Feature","properties":{"q":"SWNW","ac":41.5},"geometry":{"type":"Polygon","coordinates":[[[-106.003566,43.733893],[-106.003543,43.730166],[-106.008575,43.730145],[-106.008596,43.733878],[-106.003566,43.733893]]]}},{"type":"Feature","properties":{"q":"NESE","ac":41.7},"geometry":{"type":"Polygon","coordinates":[[[-106.013563,43.696465],[-106.013598,43.700205],[-106.008563,43.700283],[-106.008518,43.69655],[-106.013563,43.696465]]]}},{"type":"Feature","properties":{"q":"NWNE","ac":41.7},"geometry":{"type":"Polygon","coordinates":[[[-106.038776,43.703869],[-106.038783,43.70761],[-106.033753,43.707552],[-106.033745,43.7038],[-106.038776,43.703869]]]}},{"type":"Feature","properties":{"q":"NESE","ac":41.7},"geometry":{"type":"Polygon","coordinates":[[[-106.0136,43.726379],[-106.013616,43.730119],[-106.008575,43.730145],[-106.008555,43.726411],[-106.0136,43.726379]]]}},{"type":"Feature","properties":{"q":"SENE","ac":41.6},"geometry":{"type":"Polygon","coordinates":[[[-106.01358,43.685245],[-106.013553,43.688985],[-106.008518,43.689086],[-106.008561,43.685354],[-106.01358,43.685245]]]}},{"type":"Feature","properties":{"q":"3","ac":41.4},"geometry":{"type":"Polygon","coordinates":[[[-106.038792,43.733782],[-106.043821,43.733772],[-106.043823,43.737495],[-106.038793,43.737505],[-106.038792,43.733782]]]}},{"type":"Feature","properties":{"q":"SWNE","ac":41.7},"geometry":{"type":"Polygon","coordinates":[[[-106.018649,43.718856],[-106.013607,43.7189],[-106.013628,43.715162],[-106.018662,43.715111],[-106.018649,43.718856]]]}},{"type":"Feature","properties":{"q":"NWNE","ac":41.6},"geometry":{"type":"Polygon","coordinates":[[[-106.03372,43.692544],[-106.033694,43.688802],[-106.038729,43.688922],[-106.038756,43.692645],[-106.03372,43.692544]]]}},{"type":"Feature","properties":{"q":"NESW","ac":41.8},"geometry":{"type":"Polygon","coordinates":[[[-106.018646,43.726347],[-106.023692,43.726316],[-106.023696,43.730068],[-106.018656,43.730094],[-106.018646,43.726347]]]}},{"type":"Feature","properties":{"q":"1","ac":40.3},"geometry":{"type":"Polygon","coordinates":[[[-106.0487,43.707724],[-106.043814,43.707668],[-106.043808,43.703937],[-106.048693,43.704004],[-106.0487,43.707724]]]}},{"type":"Feature","properties":{"q":"SESW","ac":41.5},"geometry":{"type":"Polygon","coordinates":[[[-106.038788,43.722565],[-106.043814,43.722585],[-106.043816,43.726314],[-106.038789,43.726304],[-106.038788,43.722565]]]}},{"type":"Feature","properties":{"q":"SWNE","ac":41.4},"geometry":{"type":"Polygon","coordinates":[[[-105.998496,43.685547],[-105.998442,43.689267],[-105.993405,43.689357],[-105.993464,43.685644],[-105.998496,43.685547]]]}},{"type":"Feature","properties":{"q":"SENE","ac":41.3},"geometry":{"type":"Polygon","coordinates":[[[-105.988431,43.68574],[-105.993464,43.685644],[-105.993405,43.689357],[-105.988367,43.689447],[-105.988431,43.68574]]]}},{"type":"Feature","properties":{"q":"SENW","ac":41.4},"geometry":{"type":"Polygon","coordinates":[[[-106.003591,43.704081],[-105.998573,43.704146],[-105.998512,43.700426],[-106.003537,43.700355],[-106.003591,43.704081]]]}},{"type":"Feature","properties":{"q":"4","ac":41.1},"geometry":{"type":"Polygon","coordinates":[[[-106.008596,43.733878],[-106.008618,43.73757],[-106.003588,43.737582],[-106.003566,43.733893],[-106.008596,43.733878]]]}},{"type":"Feature","properties":{"q":"SENW","ac":41.4},"geometry":{"type":"Polygon","coordinates":[[[-106.003571,43.715259],[-106.003535,43.718985],[-105.998506,43.719025],[-105.998549,43.715305],[-106.003571,43.715259]]]}},{"type":"Feature","properties":{"q":"NESW","ac":41.7},"geometry":{"type":"Polygon","coordinates":[[[-106.018675,43.711366],[-106.023701,43.711309],[-106.023697,43.715061],[-106.018662,43.715111],[-106.018675,43.711366]]]}},{"type":"Feature","properties":{"q":"1","ac":40.4},"geometry":{"type":"Polygon","coordinates":[[[-106.043814,43.718856],[-106.048711,43.718884],[-106.048714,43.722604],[-106.043814,43.722585],[-106.043814,43.718856]]]}},{"type":"Feature","properties":{"q":"SESW","ac":41.7},"geometry":{"type":"Polygon","coordinates":[[[-106.023706,43.707558],[-106.023701,43.711309],[-106.018675,43.711366],[-106.018688,43.707621],[-106.023706,43.707558]]]}},{"type":"Feature","properties":{"q":"NESE","ac":41.7},"geometry":{"type":"Polygon","coordinates":[[[-106.028738,43.726284],[-106.033764,43.726294],[-106.033764,43.730042],[-106.028737,43.730042],[-106.028738,43.726284]]]}},{"type":"Feature","properties":{"q":"NWSW","ac":41.9},"geometry":{"type":"Polygon","coordinates":[[[-106.023692,43.726316],[-106.028738,43.726284],[-106.028737,43.730042],[-106.023696,43.730068],[-106.023692,43.726316]]]}},{"type":"Feature","properties":{"q":"NESW","ac":41.5},"geometry":{"type":"Polygon","coordinates":[[[-105.998487,43.726465],[-106.003521,43.726438],[-106.003543,43.730166],[-105.998511,43.730187],[-105.998487,43.726465]]]}},{"type":"Feature","properties":{"q":"3","ac":41.3},"geometry":{"type":"Polygon","coordinates":[[[-106.023701,43.733819],[-106.023705,43.737535],[-106.018676,43.737547],[-106.018666,43.733839],[-106.023701,43.733819]]]}},{"type":"Feature","properties":{"q":"3","ac":40.3},"geometry":{"type":"Polygon","coordinates":[[[-106.043814,43.711397],[-106.048704,43.711444],[-106.048707,43.715164],[-106.043814,43.715126],[-106.043814,43.711397]]]}},{"type":"Feature","properties":{"q":"SENW","ac":41.6},"geometry":{"type":"Polygon","coordinates":[[[-106.03877,43.700128],[-106.043803,43.700207],[-106.043808,43.703937],[-106.038776,43.703869],[-106.03877,43.700128]]]}},{"type":"Feature","properties":{"q":"NESW","ac":41.8},"geometry":{"type":"Polygon","coordinates":[[[-106.023651,43.696293],[-106.023669,43.700048],[-106.018634,43.700126],[-106.018607,43.696379],[-106.023651,43.696293]]]}},{"type":"Feature","properties":{"q":"3","ac":41.0},"geometry":{"type":"Polygon","coordinates":[[[-105.998535,43.733907],[-106.003566,43.733893],[-106.003588,43.737582],[-105.998559,43.737593],[-105.998535,43.733907]]]}},{"type":"Feature","properties":{"q":"NWSW","ac":41.5},"geometry":{"type":"Polygon","coordinates":[[[-106.003521,43.726438],[-106.008555,43.726411],[-106.008575,43.730145],[-106.003543,43.730166],[-106.003521,43.726438]]]}},{"type":"Feature","properties":{"q":"NENW","ac":41.9},"geometry":{"type":"Polygon","coordinates":[[[-106.023625,43.688783],[-106.023632,43.692538],[-106.018579,43.692631],[-106.018589,43.688884],[-106.023625,43.688783]]]}},{"type":"Feature","properties":{"q":"NWSE","ac":41.6},"geometry":{"type":"Polygon","coordinates":[[[-106.038784,43.711349],[-106.038786,43.715088],[-106.033758,43.715049],[-106.033756,43.711301],[-106.038784,43.711349]]]}},{"type":"Feature","properties":{"q":"SWNE","ac":41.7},"geometry":{"type":"Polygon","coordinates":[[[-106.018634,43.700126],[-106.018661,43.703874],[-106.013634,43.703944],[-106.013598,43.700205],[-106.018634,43.700126]]]}},{"type":"Feature","properties":{"q":"NWSW","ac":41.4},"geometry":{"type":"Polygon","coordinates":[[[-106.008623,43.71148],[-106.008593,43.715212],[-106.003571,43.715259],[-106.003607,43.711533],[-106.008623,43.71148]]]}},{"type":"Feature","properties":{"q":"NWNW","ac":41.5},"geometry":{"type":"Polygon","coordinates":[[[-106.003535,43.718985],[-106.008564,43.718945],[-106.008534,43.722677],[-106.003499,43.722711],[-106.003535,43.718985]]]}},{"type":"Feature","properties":{"q":"SWSE","ac":41.8},"geometry":{"type":"Polygon","coordinates":[[[-106.013527,43.692725],[-106.018579,43.692631],[-106.018607,43.696379],[-106.013563,43.696465],[-106.013527,43.692725]]]}},{"type":"Feature","properties":{"q":"SWNE","ac":41.6},"geometry":{"type":"Polygon","coordinates":[[[-106.033669,43.685059],[-106.038702,43.6852],[-106.038729,43.688922],[-106.033694,43.688802],[-106.033669,43.685059]]]}},{"type":"Feature","properties":{"q":"2","ac":40.3},"geometry":{"type":"Polygon","coordinates":[[[-106.043814,43.715126],[-106.048707,43.715164],[-106.048711,43.718884],[-106.043814,43.718856],[-106.043814,43.715126]]]}},{"type":"Feature","properties":{"q":"2","ac":41.4},"geometry":{"type":"Polygon","coordinates":[[[-106.033764,43.733791],[-106.038792,43.733782],[-106.038793,43.737505],[-106.033764,43.737514],[-106.033764,43.733791]]]}},{"type":"Feature","properties":{"q":"SENE","ac":41.7},"geometry":{"type":"Polygon","coordinates":[[[-106.033761,43.718797],[-106.028735,43.718767],[-106.028731,43.71501],[-106.033758,43.715049],[-106.033761,43.718797]]]}},{"type":"Feature","properties":{"q":"NWNE","ac":41.6},"geometry":{"type":"Polygon","coordinates":[[[-106.033764,43.722545],[-106.033761,43.718797],[-106.038787,43.718826],[-106.038788,43.722565],[-106.033764,43.722545]]]}},{"type":"Feature","properties":{"q":"SWNE","ac":41.7},"geometry":{"type":"Polygon","coordinates":[[[-106.013616,43.730119],[-106.018656,43.730094],[-106.018666,43.733839],[-106.013631,43.733859],[-106.013616,43.730119]]]}},{"type":"Feature","properties":{"q":"SENW","ac":41.8},"geometry":{"type":"Polygon","coordinates":[[[-106.023669,43.700048],[-106.023688,43.703803],[-106.018661,43.703874],[-106.018634,43.700126],[-106.023669,43.700048]]]}},{"type":"Feature","properties":{"q":"SENW","ac":41.5},"geometry":{"type":"Polygon","coordinates":[[[-106.038791,43.730043],[-106.043819,43.730043],[-106.043821,43.733772],[-106.038792,43.733782],[-106.038791,43.730043]]]}},{"type":"Feature","properties":{"q":"SENW","ac":41.4},"geometry":{"type":"Polygon","coordinates":[[[-106.003543,43.730166],[-106.003566,43.733893],[-105.998535,43.733907],[-105.998511,43.730187],[-106.003543,43.730166]]]}},{"type":"Feature","properties":{"q":"NWNW","ac":42.0},"geometry":{"type":"Polygon","coordinates":[[[-106.02866,43.688681],[-106.028685,43.692444],[-106.023632,43.692538],[-106.023625,43.688783],[-106.02866,43.688681]]]}},{"type":"Feature","properties":{"q":"SWNE","ac":41.4},"geometry":{"type":"Polygon","coordinates":[[[-105.993477,43.730207],[-105.998511,43.730187],[-105.998535,43.733907],[-105.993504,43.733922],[-105.993477,43.730207]]]}},{"type":"Feature","properties":{"q":"4","ac":40.3},"geometry":{"type":"Polygon","coordinates":[[[-106.0487,43.707724],[-106.048704,43.711444],[-106.043814,43.711397],[-106.043814,43.707668],[-106.0487,43.707724]]]}},{"type":"Feature","properties":{"q":"SWNW","ac":41.5},"geometry":{"type":"Polygon","coordinates":[[[-106.008593,43.715212],[-106.008564,43.718945],[-106.003535,43.718985],[-106.003571,43.715259],[-106.008593,43.715212]]]}},{"type":"Feature","properties":{"q":"6","ac":40.4},"geometry":{"type":"Polygon","coordinates":[[[-106.048722,43.726323],[-106.04873,43.730043],[-106.043819,43.730043],[-106.043816,43.726314],[-106.048722,43.726323]]]}},{"type":"Feature","properties":{"q":"NESE","ac":41.6},"geometry":{"type":"Polygon","coordinates":[[[-106.013649,43.711423],[-106.013628,43.715162],[-106.008593,43.715212],[-106.008623,43.71148],[-106.013649,43.711423]]]}},{"type":"Feature","properties":{"q":"NESW","ac":41.5},"geometry":{"type":"Polygon","coordinates":[[[-106.038789,43.726304],[-106.043816,43.726314],[-106.043819,43.730043],[-106.038791,43.730043],[-106.038789,43.726304]]]}},{"type":"Feature","properties":{"q":"SESE","ac":41.1},"geometry":{"type":"Polygon","coordinates":[[[-105.993625,43.707925],[-105.993576,43.711638],[-105.98856,43.711691],[-105.988616,43.707984],[-105.993625,43.707925]]]}},{"type":"Feature","properties":{"q":"SESW","ac":41.9},"geometry":{"type":"Polygon","coordinates":[[[-106.023632,43.692538],[-106.023651,43.696293],[-106.018607,43.696379],[-106.018579,43.692631],[-106.023632,43.692538]]]}},{"type":"Feature","properties":{"q":"NENW","ac":41.4},"geometry":{"type":"Polygon","coordinates":[[[-106.003535,43.718985],[-106.003499,43.722711],[-105.998463,43.722744],[-105.998506,43.719025],[-106.003535,43.718985]]]}},{"type":"Feature","properties":{"q":"NWSW","ac":41.8},"geometry":{"type":"Polygon","coordinates":[[[-106.023697,43.715061],[-106.023701,43.711309],[-106.028728,43.711252],[-106.028731,43.71501],[-106.023697,43.715061]]]}},{"type":"Feature","properties":{"q":"SENW","ac":41.8},"geometry":{"type":"Polygon","coordinates":[[[-106.023697,43.715061],[-106.023692,43.718812],[-106.018649,43.718856],[-106.018662,43.715111],[-106.023697,43.715061]]]}},{"type":"Feature","properties":{"q":"NESW","ac":41.6},"geometry":{"type":"Polygon","coordinates":[[[-106.043798,43.696476],[-106.043803,43.700207],[-106.03877,43.700128],[-106.038763,43.696386],[-106.043798,43.696476]]]}},{"type":"Feature","properties":{"q":"SESE","ac":41.8},"geometry":{"type":"Polygon","coordinates":[[[-106.008474,43.692818],[-106.013527,43.692725],[-106.013563,43.696465],[-106.008518,43.69655],[-106.008474,43.692818]]]}},{"type":"Feature","properties":{"q":"SWSE","ac":41.8},"geometry":{"type":"Polygon","coordinates":[[[-106.0136,43.726379],[-106.013585,43.722639],[-106.018636,43.722601],[-106.018646,43.726347],[-106.0136,43.726379]]]}},{"type":"Feature","properties":{"q":"SWNE","ac":41.7},"geometry":{"type":"Polygon","coordinates":[[[-106.033737,43.700049],[-106.03877,43.700128],[-106.038776,43.703869],[-106.033745,43.7038],[-106.033737,43.700049]]]}},{"type":"Feature","properties":{"q":"NENW","ac":41.4},"geometry":{"type":"Polygon","coordinates":[[[-106.038729,43.688922],[-106.043764,43.689043],[-106.043792,43.692745],[-106.038756,43.692645],[-106.038729,43.688922]]]}},{"type":"Feature","properties":{"q":"1","ac":41.1},"geometry":{"type":"Polygon","coordinates":[[[-106.008596,43.733878],[-106.013631,43.733859],[-106.013647,43.737558],[-106.008618,43.73757],[-106.008596,43.733878]]]}},{"type":"Feature","properties":{"q":"SWSW","ac":41.7},"geometry":{"type":"Polygon","coordinates":[[[-106.028724,43.707494],[-106.028728,43.711252],[-106.023701,43.711309],[-106.023706,43.707558],[-106.028724,43.707494]]]}},{"type":"Feature","properties":{"q":"NESE","ac":41.8},"geometry":{"type":"Polygon","coordinates":[[[-106.028728,43.711252],[-106.033756,43.711301],[-106.033758,43.715049],[-106.028731,43.71501],[-106.028728,43.711252]]]}},{"type":"Feature","properties":{"q":"NWSE","ac":41.8},"geometry":{"type":"Polygon","coordinates":[[[-106.0136,43.726379],[-106.018646,43.726347],[-106.018656,43.730094],[-106.013616,43.730119],[-106.0136,43.726379]]]}},{"type":"Feature","properties":{"q":"NENE","ac":41.3},"geometry":{"type":"Polygon","coordinates":[[[-105.988448,43.719105],[-105.993477,43.719065],[-105.993428,43.722778],[-105.988392,43.722812],[-105.988448,43.719105]]]}},{"type":"Feature","properties":{"q":"SWSW","ac":42.0},"geometry":{"type":"Polygon","coordinates":[[[-106.028685,43.692444],[-106.028695,43.696207],[-106.023651,43.696293],[-106.023632,43.692538],[-106.028685,43.692444]]]}},{"type":"Feature","properties":{"q":"2","ac":41.0},"geometry":{"type":"Polygon","coordinates":[[[-105.998535,43.733907],[-105.998559,43.737593],[-105.99353,43.737604],[-105.993504,43.733922],[-105.998535,43.733907]]]}},{"type":"Feature","properties":{"q":"NESE","ac":41.9},"geometry":{"type":"Polygon","coordinates":[[[-106.028704,43.699969],[-106.028695,43.696207],[-106.033729,43.696297],[-106.033737,43.700049],[-106.028704,43.699969]]]}},{"type":"Feature","properties":{"q":"NENE","ac":41.7},"geometry":{"type":"Polygon","coordinates":[[[-106.008564,43.718945],[-106.013607,43.7189],[-106.013585,43.722639],[-106.008534,43.722677],[-106.008564,43.718945]]]}},{"type":"Feature","properties":{"q":"NENW","ac":41.6},"geometry":{"type":"Polygon","coordinates":[[[-106.038783,43.70761],[-106.038776,43.703869],[-106.043808,43.703937],[-106.043814,43.707668],[-106.038783,43.70761]]]}},{"type":"Feature","properties":{"q":"NENE","ac":41.2},"geometry":{"type":"Polygon","coordinates":[[[-105.993556,43.704211],[-105.993625,43.707925],[-105.988616,43.707984],[-105.988538,43.704276],[-105.993556,43.704211]]]}},{"type":"Feature","properties":{"q":"NESW","ac":41.6},"geometry":{"type":"Polygon","coordinates":[[[-106.038784,43.711349],[-106.043814,43.711397],[-106.043814,43.715126],[-106.038786,43.715088],[-106.038784,43.711349]]]}},{"type":"Feature","properties":{"q":"NESE","ac":41.2},"geometry":{"type":"Polygon","coordinates":[[[-105.98856,43.711691],[-105.993576,43.711638],[-105.993527,43.715352],[-105.988504,43.715398],[-105.98856,43.711691]]]}},{"type":"Feature","properties":{"q":"NENE","ac":41.7},"geometry":{"type":"Polygon","coordinates":[[[-106.028735,43.718767],[-106.033761,43.718797],[-106.033764,43.722545],[-106.028739,43.722525],[-106.028735,43.718767]]]}},{"type":"Feature","properties":{"q":"SESE","ac":41.4},"geometry":{"type":"Polygon","coordinates":[[[-105.993346,43.69307],[-105.993416,43.696784],[-105.988382,43.696862],[-105.988304,43.693155],[-105.993346,43.69307]]]}},{"type":"Feature","properties":{"q":"SENE","ac":41.6},"geometry":{"type":"Polygon","coordinates":[[[-106.013628,43.715162],[-106.013607,43.7189],[-106.008564,43.718945],[-106.008593,43.715212],[-106.013628,43.715162]]]}},{"type":"Feature","properties":{"q":"SWNW","ac":41.8},"geometry":{"type":"Polygon","coordinates":[[[-106.023696,43.730068],[-106.028737,43.730042],[-106.028735,43.7338],[-106.023701,43.733819],[-106.023696,43.730068]]]}},{"type":"Feature","properties":{"q":"SWNW","ac":41.4},"geometry":{"type":"Polygon","coordinates":[[[-106.008563,43.700283],[-106.008608,43.704015],[-106.003591,43.704081],[-106.003537,43.700355],[-106.008563,43.700283]]]}},{"type":"Feature","properties":{"q":"NENE","ac":41.8},"geometry":{"type":"Polygon","coordinates":[[[-106.028714,43.703732],[-106.033745,43.7038],[-106.033753,43.707552],[-106.028724,43.707494],[-106.028714,43.703732]]]}},{"type":"Feature","properties":{"q":"SWNE","ac":41.3},"geometry":{"type":"Polygon","coordinates":[[[-105.998512,43.700426],[-105.998573,43.704146],[-105.993556,43.704211],[-105.993486,43.700498],[-105.998512,43.700426]]]}},{"type":"Feature","properties":{"q":"SWSW","ac":41.4},"geometry":{"type":"Polygon","coordinates":[[[-106.003644,43.707806],[-106.008653,43.707747],[-106.008623,43.71148],[-106.003607,43.711533],[-106.003644,43.707806]]]}},{"type":"Feature","properties":{"q":"SENE","ac":41.6},"geometry":{"type":"Polygon","coordinates":[[[-106.013598,43.700205],[-106.013634,43.703944],[-106.008608,43.704015],[-106.008563,43.700283],[-106.013598,43.700205]]]}},{"type":"Feature","properties":{"q":"NESW","ac":41.3},"geometry":{"type":"Polygon","coordinates":[[[-106.003607,43.711533],[-106.003571,43.715259],[-105.998549,43.715305],[-105.998592,43.711585],[-106.003607,43.711533]]]}},{"type":"Feature","properties":{"q":"SESE","ac":41.7},"geometry":{"type":"Polygon","coordinates":[[[-106.033764,43.726294],[-106.028738,43.726284],[-106.028739,43.722525],[-106.033764,43.722545],[-106.033764,43.726294]]]}},{"type":"Feature","properties":{"q":"NWSW","ac":41.9},"geometry":{"type":"Polygon","coordinates":[[[-106.028695,43.696207],[-106.028704,43.699969],[-106.023669,43.700048],[-106.023651,43.696293],[-106.028695,43.696207]]]}},{"type":"Feature","properties":{"q":"1","ac":41.0},"geometry":{"type":"Polygon","coordinates":[[[-105.988472,43.733936],[-105.993504,43.733922],[-105.99353,43.737604],[-105.9885,43.737615],[-105.988472,43.733936]]]}},{"type":"Feature","properties":{"q":"NESE","ac":41.3},"geometry":{"type":"Polygon","coordinates":[[[-105.993416,43.696784],[-105.993486,43.700498],[-105.98846,43.700569],[-105.988382,43.696862],[-105.993416,43.696784]]]}},{"type":"Feature","properties":{"q":"NWNE","ac":41.2},"geometry":{"type":"Polygon","coordinates":[[[-105.998573,43.704146],[-105.998635,43.707866],[-105.993625,43.707925],[-105.993556,43.704211],[-105.998573,43.704146]]]}},{"type":"Feature","properties":{"q":"NWNE","ac":41.4},"geometry":{"type":"Polygon","coordinates":[[[-105.993477,43.719065],[-105.998506,43.719025],[-105.998463,43.722744],[-105.993428,43.722778],[-105.993477,43.719065]]]}},{"type":"Feature","properties":{"q":"NENE","ac":41.5},"geometry":{"type":"Polygon","coordinates":[[[-106.013634,43.703944],[-106.01367,43.707684],[-106.008653,43.707747],[-106.008608,43.704015],[-106.013634,43.703944]]]}},{"type":"Feature","properties":{"q":"NWSW","ac":41.1},"geometry":{"type":"Polygon","coordinates":[[[-105.96328,43.726461],[-105.968252,43.726423],[-105.968294,43.730159],[-105.963315,43.730193],[-105.96328,43.726461]]]}},{"type":"Feature","properties":{"q":"SWNE","ac":41.0},"geometry":{"type":"Polygon","coordinates":[[[-105.973379,43.685828],[-105.978396,43.685799],[-105.978329,43.689494],[-105.973309,43.689517],[-105.973379,43.685828]]]}},{"type":"Feature","properties":{"q":"NENW","ac":40.9},"geometry":{"type":"Polygon","coordinates":[[[-105.983532,43.704275],[-105.983616,43.707977],[-105.978615,43.707969],[-105.978527,43.704274],[-105.983532,43.704275]]]}},{"type":"Feature","properties":{"q":"NWSE","ac":41.0},"geometry":{"type":"Polygon","coordinates":[[[-105.973333,43.696895],[-105.97835,43.696884],[-105.978438,43.700579],[-105.973427,43.700584],[-105.973333,43.696895]]]}},{"type":"Feature","properties":{"q":"NESW","ac":41.1},"geometry":{"type":"Polygon","coordinates":[[[-105.958286,43.696861],[-105.963302,43.696884],[-105.963391,43.700576],[-105.958365,43.700563],[-105.958286,43.696861]]]}},{"type":"Feature","properties":{"q":"1","ac":41.0},"geometry":{"type":"Polygon","coordinates":[[[-105.953373,43.733985],[-105.953392,43.737705],[-105.948396,43.737719],[-105.948385,43.734014],[-105.953373,43.733985]]]}},{"type":"Feature","properties":{"q":"SENE","ac":41.0},"geometry":{"type":"Polygon","coordinates":[[[-105.968412,43.715321],[-105.973435,43.71534],[-105.973345,43.719029],[-105.968311,43.719004],[-105.968412,43.715321]]]}},{"type":"Feature","properties":{"q":"NENE","ac":41.2},"geometry":{"type":"Polygon","coordinates":[[[-105.953235,43.689419],[-105.953202,43.693129],[-105.948197,43.693098],[-105.948217,43.689378],[-105.953235,43.689419]]]}},{"type":"Feature","properties":{"q":"NWNW","ac":41.3},"geometry":{"type":"Polygon","coordinates":[[[-105.983414,43.71908],[-105.988448,43.719105],[-105.988392,43.722812],[-105.983346,43.72278],[-105.983414,43.71908]]]}},{"type":"Feature","properties":{"q":"SWNW","ac":41.1},"geometry":{"type":"Polygon","coordinates":[[[-105.983449,43.700574],[-105.98846,43.700569],[-105.988538,43.704276],[-105.983532,43.704275],[-105.983449,43.700574]]]}},{"type":"Feature","properties":{"q":"NWSE","ac":41.0},"geometry":{"type":"Polygon","coordinates":[[[-105.978537,43.711664],[-105.978458,43.71536],[-105.973435,43.71534],[-105.973525,43.711651],[-105.978537,43.711664]]]}},{"type":"Feature","properties":{"q":"NENE","ac":41.1},"geometry":{"type":"Polygon","coordinates":[[[-105.973345,43.719029],[-105.973255,43.722718],[-105.968209,43.722687],[-105.968311,43.719004],[-105.973345,43.719029]]]}},{"type":"Feature","properties":{"q":"SENE","ac":40.9},"geometry":{"type":"Polygon","coordinates":[[[-105.968361,43.685856],[-105.973379,43.685828],[-105.973309,43.689517],[-105.96829,43.689539],[-105.968361,43.685856]]]}},{"type":"Feature","properties":{"q":"NESE","ac":41.3},"geometry":{"type":"Polygon","coordinates":[[[-105.953271,43.696839],[-105.95334,43.700549],[-105.948314,43.700536],[-105.948256,43.696817],[-105.953271,43.696839]]]}},{"type":"Feature","properties":{"q":"SWNW","ac":41.3},"geometry":{"type":"Polygon","coordinates":[[[-105.943296,43.70061],[-105.948314,43.700536],[-105.948373,43.704255],[-105.943346,43.704322],[-105.943296,43.70061]]]}},{"type":"Feature","properties":{"q":"NWNW","ac":41.2},"geometry":{"type":"Polygon","coordinates":[[[-105.943203,43.689475],[-105.948217,43.689378],[-105.948197,43.693098],[-105.943194,43.693186],[-105.943203,43.689475]]]}},{"type":"Feature","properties":{"q":"SENE","ac":41.6},"geometry":{"type":"Polygon","coordinates":[[[-105.968294,43.730159],[-105.973332,43.730177],[-105.973372,43.733907],[-105.968337,43.733896],[-105.968294,43.730159]]]}},{"type":"Feature","properties":{"q":"SESE","ac":41.7},"geometry":{"type":"Polygon","coordinates":[[[-105.968209,43.722687],[-105.973255,43.722718],[-105.973294,43.726447],[-105.968252,43.726423],[-105.968209,43.722687]]]}},{"type":"Feature","properties":{"q":"NWNW","ac":41.0},"geometry":{"type":"Polygon","coordinates":[[[-105.948374,43.719132],[-105.948355,43.722851],[-105.943368,43.722882],[-105.943376,43.71917],[-105.948374,43.719132]]]}},{"type":"Feature","properties":{"q":"NESW","ac":41.0},"geometry":{"type":"Polygon","coordinates":[[[-105.958463,43.711666],[-105.963488,43.711652],[-105.963407,43.715344],[-105.958403,43.715367],[-105.958463,43.711666]]]}},{"type":"Feature","properties":{"q":"NWSE","ac":41.1},"geometry":{"type":"Polygon","coordinates":[[[-105.933361,43.715549],[-105.933343,43.711852],[-105.938366,43.711799],[-105.938372,43.715504],[-105.933361,43.715549]]]}},{"type":"Feature","properties":{"q":"NENW","ac":41.1},"geometry":{"type":"Polygon","coordinates":[[[-105.978329,43.689494],[-105.983348,43.689471],[-105.983282,43.693172],[-105.978261,43.693189],[-105.978329,43.689494]]]}},{"type":"Feature","properties":{"q":"SWSE","ac":41.0},"geometry":{"type":"Polygon","coordinates":[[[-105.97324,43.693206],[-105.978261,43.693189],[-105.97835,43.696884],[-105.973333,43.696895],[-105.97324,43.693206]]]}},{"type":"Feature","properties":{"q":"NESW","ac":41.2},"geometry":{"type":"Polygon","coordinates":[[[-105.943383,43.715458],[-105.938372,43.715504],[-105.938366,43.711799],[-105.94339,43.711746],[-105.943383,43.715458]]]}},{"type":"Feature","properties":{"q":"SWSE","ac":41.1},"geometry":{"type":"Polygon","coordinates":[[[-105.953202,43.693129],[-105.958208,43.69316],[-105.958286,43.696861],[-105.953271,43.696839],[-105.953202,43.693129]]]}},{"type":"Feature","properties":{"q":"SWNW","ac":40.7},"geometry":{"type":"Polygon","coordinates":[[[-105.963407,43.715344],[-105.968412,43.715321],[-105.968311,43.719004],[-105.963327,43.719036],[-105.963407,43.715344]]]}},{"type":"Feature","properties":{"q":"SENW","ac":41.1},"geometry":{"type":"Polygon","coordinates":[[[-105.943383,43.715458],[-105.943376,43.71917],[-105.938377,43.719208],[-105.938372,43.715504],[-105.943383,43.715458]]]}},{"type":"Feature","properties":{"q":"NENE","ac":41.4},"geometry":{"type":"Polygon","coordinates":[[[-105.953409,43.704259],[-105.953478,43.707969],[-105.948432,43.707974],[-105.948373,43.704255],[-105.953409,43.704259]]]}},{"type":"Feature","properties":{"q":"NWSE","ac":40.7},"geometry":{"type":"Polygon","coordinates":[[[-105.938387,43.726623],[-105.938392,43.730332],[-105.93343,43.730351],[-105.933413,43.726648],[-105.938387,43.726623]]]}},{"type":"Feature","properties":{"q":"SESW","ac":41.2},"geometry":{"type":"Polygon","coordinates":[[[-105.958523,43.707964],[-105.963569,43.707959],[-105.963488,43.711652],[-105.958463,43.711666],[-105.958523,43.707964]]]}},{"type":"Feature","properties":{"q":"NWSE","ac":41.1},"geometry":{"type":"Polygon","coordinates":[[[-105.938234,43.69698],[-105.938277,43.700685],[-105.933258,43.700759],[-105.933224,43.697061],[-105.938234,43.69698]]]}},{"type":"Feature","properties":{"q":"NWSW","ac":41.0},"geometry":{"type":"Polygon","coordinates":[[[-105.963302,43.696884],[-105.968317,43.696906],[-105.968416,43.700589],[-105.963391,43.700576],[-105.963302,43.696884]]]}},{"type":"Feature","properties":{"q":"SWSE","ac":41.0},"geometry":{"type":"Polygon","coordinates":[[[-105.953319,43.72281],[-105.958282,43.722769],[-105.958309,43.726498],[-105.953337,43.726535],[-105.953319,43.72281]]]}},{"type":"Feature","properties":{"q":"NESE","ac":41.0},"geometry":{"type":"Polygon","coordinates":[[[-105.933224,43.697061],[-105.933258,43.700759],[-105.928239,43.700833],[-105.928213,43.697143],[-105.933224,43.697061]]]}},{"type":"Feature","properties":{"q":"NWNE","ac":41.2},"geometry":{"type":"Polygon","coordinates":[[[-105.973255,43.722718],[-105.973345,43.719029],[-105.978379,43.719054],[-105.978301,43.722749],[-105.973255,43.722718]]]}},{"type":"Feature","properties":{"q":"SESW","ac":41.0},"geometry":{"type":"Polygon","coordinates":[[[-105.978615,43.707969],[-105.983616,43.707977],[-105.983548,43.711678],[-105.978537,43.711664],[-105.978615,43.707969]]]}},{"type":"Feature","properties":{"q":"NWSW","ac":41.2},"geometry":{"type":"Polygon","coordinates":[[[-105.943245,43.696898],[-105.948256,43.696817],[-105.948314,43.700536],[-105.943296,43.70061],[-105.943245,43.696898]]]}},{"type":"Feature","properties":{"q":"SWNW","ac":41.0},"geometry":{"type":"Polygon","coordinates":[[[-105.96333,43.685807],[-105.968361,43.685856],[-105.96829,43.689539],[-105.963272,43.689499],[-105.96333,43.685807]]]}},{"type":"Feature","properties":{"q":"SESE","ac":41.8},"geometry":{"type":"Polygon","coordinates":[[[-106.028724,43.707494],[-106.033753,43.707552],[-106.033756,43.711301],[-106.028728,43.711252],[-106.028724,43.707494]]]}},{"type":"Feature","properties":{"q":"5","ac":40.5},"geometry":{"type":"Polygon","coordinates":[[[-106.043819,43.730043],[-106.04873,43.730043],[-106.048736,43.733763],[-106.043821,43.733772],[-106.043819,43.730043]]]}},{"type":"Feature","properties":{"q":"SENE","ac":41.7},"geometry":{"type":"Polygon","coordinates":[[[-106.028737,43.730042],[-106.033764,43.730042],[-106.033764,43.733791],[-106.028735,43.7338],[-106.028737,43.730042]]]}},{"type":"Feature","properties":{"q":"1","ac":41.4},"geometry":{"type":"Polygon","coordinates":[[[-106.028735,43.7338],[-106.033764,43.733791],[-106.033764,43.737514],[-106.028734,43.737523],[-106.028735,43.7338]]]}},{"type":"Feature","properties":{"q":"NENW","ac":41.7},"geometry":{"type":"Polygon","coordinates":[[[-106.023688,43.703803],[-106.023706,43.707558],[-106.018688,43.707621],[-106.018661,43.703874],[-106.023688,43.703803]]]}},{"type":"Feature","properties":{"q":"2","ac":41.2},"geometry":{"type":"Polygon","coordinates":[[[-106.013631,43.733859],[-106.018666,43.733839],[-106.018676,43.737547],[-106.013647,43.737558],[-106.013631,43.733859]]]}},{"type":"Feature","properties":{"q":"SWNW","ac":41.9},"geometry":{"type":"Polygon","coordinates":[[[-106.028731,43.71501],[-106.028735,43.718767],[-106.023692,43.718812],[-106.023697,43.715061],[-106.028731,43.71501]]]}},{"type":"Feature","properties":{"q":"NWSE","ac":41.6},"geometry":{"type":"Polygon","coordinates":[[[-106.018675,43.711366],[-106.018662,43.715111],[-106.013628,43.715162],[-106.013649,43.711423],[-106.018675,43.711366]]]}},{"type":"Feature","properties":{"q":"SENE","ac":41.2},"geometry":{"type":"Polygon","coordinates":[[[-105.98846,43.700569],[-105.993486,43.700498],[-105.993556,43.704211],[-105.988538,43.704276],[-105.98846,43.700569]]]}},{"type":"Feature","properties":{"q":"SESW","ac":41.6},"geometry":{"type":"Polygon","coordinates":[[[-106.038783,43.70761],[-106.043814,43.707668],[-106.043814,43.711397],[-106.038784,43.711349],[-106.038783,43.70761]]]}},{"type":"Feature","properties":{"q":"SENE","ac":41.8},"geometry":{"type":"Polygon","coordinates":[[[-106.028635,43.684919],[-106.033669,43.685059],[-106.033694,43.688802],[-106.02866,43.688681],[-106.028635,43.684919]]]}},{"type":"Feature","properties":{"q":"NENE","ac":41.7},"geometry":{"type":"Polygon","coordinates":[[[-106.013553,43.688985],[-106.013527,43.692725],[-106.008474,43.692818],[-106.008518,43.689086],[-106.013553,43.688985]]]}},{"type":"Feature","properties":{"q":"2","ac":39.9},"geometry":{"type":"Polygon","coordinates":[[[-106.043764,43.689043],[-106.043736,43.68534],[-106.048618,43.685475],[-106.048644,43.689159],[-106.043764,43.689043]]]}},{"type":"Feature","properties":{"q":"3","ac":40.3},"geometry":{"type":"Polygon","coordinates":[[[-106.043798,43.696476],[-106.048679,43.696563],[-106.048686,43.700283],[-106.043803,43.700207],[-106.043798,43.696476]]]}},{"type":"Feature","properties":{"q":"SENW","ac":41.5},"geometry":{"type":"Polygon","coordinates":[[[-106.003529,43.685451],[-106.00348,43.689176],[-105.998442,43.689267],[-105.998496,43.685547],[-106.003529,43.685451]]]}},{"type":"Feature","properties":{"q":"NWNE","ac":41.6},"geometry":{"type":"Polygon","coordinates":[[[-106.018661,43.703874],[-106.018688,43.707621],[-106.01367,43.707684],[-106.013634,43.703944],[-106.018661,43.703874]]]}},{"type":"Feature","properties":{"q":"SENE","ac":41.6},"geometry":{"type":"Polygon","coordinates":[[[-106.008575,43.730145],[-106.013616,43.730119],[-106.013631,43.733859],[-106.008596,43.733878],[-106.008575,43.730145]]]}},{"type":"Feature","properties":{"q":"SESW","ac":41.5},"geometry":{"type":"Polygon","coordinates":[[[-106.003431,43.692902],[-106.003484,43.696628],[-105.99845,43.696706],[-105.998389,43.692986],[-106.003431,43.692902]]]}},{"type":"Feature","properties":{"q":"SWSW","ac":41.6},"geometry":{"type":"Polygon","coordinates":[[[-106.008474,43.692818],[-106.008518,43.69655],[-106.003484,43.696628],[-106.003431,43.692902],[-106.008474,43.692818]]]}},{"type":"Feature","properties":{"q":"NWNW","ac":41.4},"geometry":{"type":"Polygon","coordinates":[[[-106.008608,43.704015],[-106.008653,43.707747],[-106.003644,43.707806],[-106.003591,43.704081],[-106.008608,43.704015]]]}},{"type":"Feature","properties":{"q":"NWNE","ac":41.4},"geometry":{"type":"Polygon","coordinates":[[[-105.993405,43.689357],[-105.998442,43.689267],[-105.998389,43.692986],[-105.993346,43.69307],[-105.993405,43.689357]]]}},{"type":"Feature","properties":{"q":"NWSE","ac":41.7},"geometry":{"type":"Polygon","coordinates":[[[-106.033729,43.696297],[-106.038763,43.696386],[-106.03877,43.700128],[-106.033737,43.700049],[-106.033729,43.696297]]]}},{"type":"Feature","properties":{"q":"NESE","ac":41.0},"geometry":{"type":"Polygon","coordinates":[[[-105.948365,43.726572],[-105.953337,43.726535],[-105.953355,43.73026],[-105.948374,43.730293],[-105.948365,43.726572]]]}},{"type":"Feature","properties":{"q":"SWSE","ac":40.9},"geometry":{"type":"Polygon","coordinates":[[[-105.978615,43.707969],[-105.978537,43.711664],[-105.973525,43.711651],[-105.973615,43.707962],[-105.978615,43.707969]]]}},{"type":"Feature","properties":{"q":"NESW","ac":41.1},"geometry":{"type":"Polygon","coordinates":[[[-105.958309,43.726498],[-105.96328,43.726461],[-105.963315,43.730193],[-105.958335,43.730227],[-105.958309,43.726498]]]}},{"type":"Feature","properties":{"q":"NENE","ac":41.1},"geometry":{"type":"Polygon","coordinates":[[[-105.933292,43.704457],[-105.933326,43.708154],[-105.92829,43.708214],[-105.928264,43.704523],[-105.933292,43.704457]]]}},{"type":"Feature","properties":{"q":"NWSW","ac":41.1},"geometry":{"type":"Polygon","coordinates":[[[-105.983548,43.711678],[-105.98856,43.711691],[-105.988504,43.715398],[-105.983481,43.715379],[-105.983548,43.711678]]]}},{"type":"Feature","properties":{"q":"NESE","ac":40.9},"geometry":{"type":"Polygon","coordinates":[[[-105.968317,43.696906],[-105.973333,43.696895],[-105.973427,43.700584],[-105.968416,43.700589],[-105.968317,43.696906]]]}},{"type":"Feature","properties":{"q":"SENW","ac":41.2},"geometry":{"type":"Polygon","coordinates":[[[-105.943211,43.685763],[-105.943203,43.689475],[-105.938189,43.68957],[-105.938185,43.685866],[-105.943211,43.685763]]]}},{"type":"Feature","properties":{"q":"SENE","ac":40.7},"geometry":{"type":"Polygon","coordinates":[[[-105.928468,43.73037],[-105.93343,43.730351],[-105.933418,43.734053],[-105.928439,43.734066],[-105.928468,43.73037]]]}},{"type":"Feature","properties":{"q":"NENW","ac":41.1},"geometry":{"type":"Polygon","coordinates":[[[-105.943203,43.689475],[-105.943194,43.693186],[-105.938192,43.693275],[-105.938189,43.68957],[-105.943203,43.689475]]]}},{"type":"Feature","properties":{"q":"SENE","ac":41.1},"geometry":{"type":"Polygon","coordinates":[[[-105.933159,43.685969],[-105.933175,43.689666],[-105.92816,43.689762],[-105.928133,43.686072],[-105.933159,43.685969]]]}},{"type":"Feature","properties":{"q":"NWNE","ac":40.8},"geometry":{"type":"Polygon","coordinates":[[[-105.953358,43.7191],[-105.958342,43.719068],[-105.958282,43.722769],[-105.953319,43.72281],[-105.953358,43.7191]]]}},{"type":"Feature","properties":{"q":"SWSW","ac":41.1},"geometry":{"type":"Polygon","coordinates":[[[-105.968614,43.707955],[-105.968513,43.711638],[-105.963488,43.711652],[-105.963569,43.707959],[-105.968614,43.707955]]]}},{"type":"Feature","properties":{"q":"SESW","ac":41.0},"geometry":{"type":"Polygon","coordinates":[[[-105.943368,43.722882],[-105.943376,43.726598],[-105.938387,43.726623],[-105.938382,43.722913],[-105.943368,43.722882]]]}},{"type":"Feature","properties":{"q":"SWNW","ac":41.1},"geometry":{"type":"Polygon","coordinates":[[[-105.948394,43.715413],[-105.948374,43.719132],[-105.943376,43.71917],[-105.943383,43.715458],[-105.948394,43.715413]]]}},{"type":"Feature","properties":{"q":"SWNE","ac":40.9},"geometry":{"type":"Polygon","coordinates":[[[-105.958342,43.719068],[-105.953358,43.7191],[-105.953398,43.71539],[-105.958403,43.715367],[-105.958342,43.719068]]]}},{"type":"Feature","properties":{"q":"NESE","ac":41.0},"geometry":{"type":"Polygon","coordinates":[[[-105.933343,43.711852],[-105.933361,43.715549],[-105.928349,43.715594],[-105.92832,43.711904],[-105.933343,43.711852]]]}},{"type":"Feature","properties":{"q":"SWSE","ac":41.0},"geometry":{"type":"Polygon","coordinates":[[[-105.938192,43.693275],[-105.938234,43.69698],[-105.933224,43.697061],[-105.93319,43.693364],[-105.938192,43.693275]]]}},{"type":"Feature","properties":{"q":"SESE","ac":41.2},"geometry":{"type":"Polygon","coordinates":[[[-105.948197,43.693098],[-105.953202,43.693129],[-105.953271,43.696839],[-105.948256,43.696817],[-105.948197,43.693098]]]}},{"type":"Feature","properties":{"q":"NENE","ac":41.0},"geometry":{"type":"Polygon","coordinates":[[[-105.96829,43.689539],[-105.973309,43.689517],[-105.97324,43.693206],[-105.968218,43.693223],[-105.96829,43.689539]]]}},{"type":"Feature","properties":{"q":"SWNE","ac":41.1},"geometry":{"type":"Polygon","coordinates":[[[-105.933159,43.685969],[-105.938185,43.685866],[-105.938189,43.68957],[-105.933175,43.689666],[-105.933159,43.685969]]]}},{"type":"Feature","properties":{"q":"SESW","ac":41.0},"geometry":{"type":"Polygon","coordinates":[[[-105.958282,43.722769],[-105.963246,43.722728],[-105.96328,43.726461],[-105.958309,43.726498],[-105.958282,43.722769]]]}},{"type":"Feature","properties":{"q":"SENW","ac":41.1},"geometry":{"type":"Polygon","coordinates":[[[-105.978458,43.71536],[-105.983481,43.715379],[-105.983414,43.71908],[-105.978379,43.719054],[-105.978458,43.71536]]]}},{"type":"Feature","properties":{"q":"SENE","ac":41.3},"geometry":{"type":"Polygon","coordinates":[[[-105.953268,43.685709],[-105.953235,43.689419],[-105.948217,43.689378],[-105.948237,43.685659],[-105.953268,43.685709]]]}},{"type":"Feature","properties":{"q":"SESE","ac":40.9},"geometry":{"type":"Polygon","coordinates":[[[-105.948365,43.726572],[-105.948355,43.722851],[-105.953319,43.72281],[-105.953337,43.726535],[-105.948365,43.726572]]]}},{"type":"Feature","properties":{"q":"SWNE","ac":41.0},"geometry":{"type":"Polygon","coordinates":[[[-105.938372,43.715504],[-105.938377,43.719208],[-105.933378,43.719247],[-105.933361,43.715549],[-105.938372,43.715504]]]}},{"type":"Feature","properties":{"q":"SENW","ac":41.1},"geometry":{"type":"Polygon","coordinates":[[[-105.963391,43.700576],[-105.96348,43.704268],[-105.958444,43.704263],[-105.958365,43.700563],[-105.963391,43.700576]]]}},{"type":"Feature","properties":{"q":"2","ac":41.6},"geometry":{"type":"Polygon","coordinates":[[[-105.973372,43.733907],[-105.978406,43.733916],[-105.978441,43.737639],[-105.973411,43.737651],[-105.973372,43.733907]]]}},{"type":"Feature","properties":{"q":"SENE","ac":40.9},"geometry":{"type":"Polygon","coordinates":[[[-105.933361,43.715549],[-105.933378,43.719247],[-105.928379,43.719285],[-105.928349,43.715594],[-105.933361,43.715549]]]}},{"type":"Feature","properties":{"q":"SWNW","ac":41.1},"geometry":{"type":"Polygon","coordinates":[[[-105.943383,43.730313],[-105.948374,43.730293],[-105.948385,43.734014],[-105.943391,43.734027],[-105.943383,43.730313]]]}},{"type":"Feature","properties":{"q":"SENE","ac":41.4},"geometry":{"type":"Polygon","coordinates":[[[-105.948314,43.700536],[-105.95334,43.700549],[-105.953409,43.704259],[-105.948373,43.704255],[-105.948314,43.700536]]]}},{"type":"Feature","properties":{"q":"NWSE","ac":41.1},"geometry":{"type":"Polygon","coordinates":[[[-105.953438,43.71168],[-105.958463,43.711666],[-105.958403,43.715367],[-105.953398,43.71539],[-105.953438,43.71168]]]}},{"type":"Feature","properties":{"q":"NWNE","ac":41.2},"geometry":{"type":"Polygon","coordinates":[[[-105.938361,43.708094],[-105.933326,43.708154],[-105.933292,43.704457],[-105.938319,43.704389],[-105.938361,43.708094]]]}},{"type":"Feature","properties":{"q":"SWSW","ac":41.4},"geometry":{"type":"Polygon","coordinates":[[[-105.988392,43.722812],[-105.988418,43.72652],[-105.983377,43.726496],[-105.983346,43.72278],[-105.988392,43.722812]]]}},{"type":"Feature","properties":{"q":"1","ac":41.8},"geometry":{"type":"Polygon","coordinates":[[[-105.968337,43.733896],[-105.973372,43.733907],[-105.973411,43.737651],[-105.968381,43.737662],[-105.968337,43.733896]]]}},{"type":"Feature","properties":{"q":"SESW","ac":41.1},"geometry":{"type":"Polygon","coordinates":[[[-105.978261,43.693189],[-105.983282,43.693172],[-105.983366,43.696873],[-105.97835,43.696884],[-105.978261,43.693189]]]}},{"type":"Feature","properties":{"q":"NENW","ac":41.0},"geometry":{"type":"Polygon","coordinates":[[[-105.958253,43.689459],[-105.963272,43.689499],[-105.963213,43.693191],[-105.958208,43.69316],[-105.958253,43.689459]]]}},{"type":"Feature","properties":{"q":"4","ac":41.1},"geometry":{"type":"Polygon","coordinates":[[[-105.983439,43.733926],[-105.988472,43.733936],[-105.9885,43.737615],[-105.983471,43.737627],[-105.983439,43.733926]]]}},{"type":"Feature","properties":{"q":"NWSE","ac":41.5},"geometry":{"type":"Polygon","coordinates":[[[-105.973294,43.726447],[-105.978336,43.726471],[-105.978371,43.730194],[-105.973332,43.730177],[-105.973294,43.726447]]]}},{"type":"Feature","properties":{"q":"SESE","ac":40.8},"geometry":{"type":"Polygon","coordinates":[[[-105.933413,43.726648],[-105.928438,43.726672],[-105.928409,43.722975],[-105.933395,43.722944],[-105.933413,43.726648]]]}},{"type":"Feature","properties":{"q":"NESE","ac":40.9},"geometry":{"type":"Polygon","coordinates":[[[-105.968513,43.711638],[-105.973525,43.711651],[-105.973435,43.71534],[-105.968412,43.715321],[-105.968513,43.711638]]]}},{"type":"Feature","properties":{"q":"SENW","ac":41.1},"geometry":{"type":"Polygon","coordinates":[[[-105.958299,43.685758],[-105.96333,43.685807],[-105.963272,43.689499],[-105.958253,43.689459],[-105.958299,43.685758]]]}},{"type":"Feature","properties":{"q":"NWNW","ac":41.2},"geometry":{"type":"Polygon","coordinates":[[[-105.983348,43.689471],[-105.988367,43.689447],[-105.988304,43.693155],[-105.983282,43.693172],[-105.983348,43.689471]]]}},{"type":"Feature","properties":{"q":"SWSE","ac":41.2},"geometry":{"type":"Polygon","coordinates":[[[-105.938361,43.708094],[-105.938366,43.711799],[-105.933343,43.711852],[-105.933326,43.708154],[-105.938361,43.708094]]]}},{"type":"Feature","properties":{"q":"NWSW","ac":41.4},"geometry":{"type":"Polygon","coordinates":[[[-105.988418,43.72652],[-105.988444,43.730227],[-105.983407,43.730211],[-105.983377,43.726496],[-105.988418,43.72652]]]}},{"type":"Feature","properties":{"q":"SESW","ac":41.3},"geometry":{"type":"Polygon","coordinates":[[[-105.943397,43.708034],[-105.94339,43.711746],[-105.938366,43.711799],[-105.938361,43.708094],[-105.943397,43.708034]]]}},{"type":"Feature","properties":{"q":"SENW","ac":41.4},"geometry":{"type":"Polygon","coordinates":[[[-105.978371,43.730194],[-105.983407,43.730211],[-105.983439,43.733926],[-105.978406,43.733916],[-105.978371,43.730194]]]}},{"type":"Feature","properties":{"q":"NESE","ac":41.6},"geometry":{"type":"Polygon","coordinates":[[[-105.973294,43.726447],[-105.973332,43.730177],[-105.968294,43.730159],[-105.968252,43.726423],[-105.973294,43.726447]]]}},{"type":"Feature","properties":{"q":"NENE","ac":41.0},"geometry":{"type":"Polygon","coordinates":[[[-105.92816,43.689762],[-105.933175,43.689666],[-105.93319,43.693364],[-105.928188,43.693452],[-105.92816,43.689762]]]}},{"type":"Feature","properties":{"q":"NWNW","ac":40.6},"geometry":{"type":"Polygon","coordinates":[[[-105.963327,43.719036],[-105.968311,43.719004],[-105.968209,43.722687],[-105.963246,43.722728],[-105.963327,43.719036]]]}},{"type":"Feature","properties":{"q":"NWSW","ac":41.1},"geometry":{"type":"Polygon","coordinates":[[[-105.988382,43.696862],[-105.98846,43.700569],[-105.983449,43.700574],[-105.983366,43.696873],[-105.988382,43.696862]]]}},{"type":"Feature","properties":{"q":"SESE","ac":40.9},"geometry":{"type":"Polygon","coordinates":[[[-105.93319,43.693364],[-105.933224,43.697061],[-105.928213,43.697143],[-105.928188,43.693452],[-105.93319,43.693364]]]}},{"type":"Feature","properties":{"q":"SENW","ac":41.1},"geometry":{"type":"Polygon","coordinates":[[[-105.978396,43.685799],[-105.983414,43.68577],[-105.983348,43.689471],[-105.978329,43.689494],[-105.978396,43.685799]]]}},{"type":"Feature","properties":{"q":"NWNW","ac":41.1},"geometry":{"type":"Polygon","coordinates":[[[-105.968614,43.707955],[-105.963569,43.707959],[-105.96348,43.704268],[-105.968515,43.704272],[-105.968614,43.707955]]]}},{"type":"Feature","properties":{"q":"SESW","ac":41.0},"geometry":{"type":"Polygon","coordinates":[[[-105.958208,43.69316],[-105.963213,43.693191],[-105.963302,43.696884],[-105.958286,43.696861],[-105.958208,43.69316]]]}},{"type":"Feature","properties":{"q":"SWSW","ac":41.0},"geometry":{"type":"Polygon","coordinates":[[[-105.96328,43.726461],[-105.963246,43.722728],[-105.968209,43.722687],[-105.968252,43.726423],[-105.96328,43.726461]]]}},{"type":"Feature","properties":{"q":"SWNE","ac":41.2},"geometry":{"type":"Polygon","coordinates":[[[-105.953268,43.685709],[-105.958299,43.685758],[-105.958253,43.689459],[-105.953235,43.689419],[-105.953268,43.685709]]]}},{"type":"Feature","properties":{"q":"SESE","ac":40.8},"geometry":{"type":"Polygon","coordinates":[[[-105.968614,43.707955],[-105.973615,43.707962],[-105.973525,43.711651],[-105.968513,43.711638],[-105.968614,43.707955]]]}},{"type":"Feature","properties":{"q":"NWNW","ac":41.4},"geometry":{"type":"Polygon","coordinates":[[[-105.948373,43.704255],[-105.948432,43.707974],[-105.943397,43.708034],[-105.943346,43.704322],[-105.948373,43.704255]]]}},{"type":"Feature","properties":{"q":"NESW","ac":41.0},"geometry":{"type":"Polygon","coordinates":[[[-105.97835,43.696884],[-105.983366,43.696873],[-105.983449,43.700574],[-105.978438,43.700579],[-105.97835,43.696884]]]}},{"type":"Feature","properties":{"q":"NWNW","ac":40.9},"geometry":{"type":"Polygon","coordinates":[[[-105.963272,43.689499],[-105.96829,43.689539],[-105.968218,43.693223],[-105.963213,43.693191],[-105.963272,43.689499]]]}},{"type":"Feature","properties":{"q":"NESW","ac":41.2},"geometry":{"type":"Polygon","coordinates":[[[-105.943245,43.696898],[-105.943296,43.70061],[-105.938277,43.700685],[-105.938234,43.69698],[-105.943245,43.696898]]]}},{"type":"Feature","properties":{"q":"SESE","ac":41.4},"geometry":{"type":"Polygon","coordinates":[[[-105.953478,43.707969],[-105.953438,43.71168],[-105.948413,43.711693],[-105.948432,43.707974],[-105.953478,43.707969]]]}},{"type":"Feature","properties":{"q":"NENW","ac":41.0},"geometry":{"type":"Polygon","coordinates":[[[-105.938377,43.719208],[-105.943376,43.71917],[-105.943368,43.722882],[-105.938382,43.722913],[-105.938377,43.719208]]]}},{"type":"Feature","properties":{"q":"NESW","ac":41.1},"geometry":{"type":"Polygon","coordinates":[[[-105.978537,43.711664],[-105.983548,43.711678],[-105.983481,43.715379],[-105.978458,43.71536],[-105.978537,43.711664]]]}},{"type":"Feature","properties":{"q":"SENW","ac":41.0},"geometry":{"type":"Polygon","coordinates":[[[-105.978438,43.700579],[-105.983449,43.700574],[-105.983532,43.704275],[-105.978527,43.704274],[-105.978438,43.700579]]]}},{"type":"Feature","properties":{"q":"NENE","ac":40.8},"geometry":{"type":"Polygon","coordinates":[[[-105.968614,43.707955],[-105.968515,43.704272],[-105.973521,43.704273],[-105.973615,43.707962],[-105.968614,43.707955]]]}},{"type":"Feature","properties":{"q":"NWSW","ac":40.9},"geometry":{"type":"Polygon","coordinates":[[[-105.963488,43.711652],[-105.968513,43.711638],[-105.968412,43.715321],[-105.963407,43.715344],[-105.963488,43.711652]]]}},{"type":"Feature","properties":{"q":"SWNW","ac":41.2},"geometry":{"type":"Polygon","coordinates":[[[-105.983481,43.715379],[-105.988504,43.715398],[-105.988448,43.719105],[-105.983414,43.71908],[-105.983481,43.715379]]]}},{"type":"Feature","properties":{"q":"SWNE","ac":41.1},"geometry":{"type":"Polygon","coordinates":[[[-105.953355,43.73026],[-105.958335,43.730227],[-105.958362,43.733956],[-105.953373,43.733985],[-105.953355,43.73026]]]}},{"type":"Feature","properties":{"q":"SENW","ac":41.0},"geometry":{"type":"Polygon","coordinates":[[[-105.938392,43.730332],[-105.943383,43.730313],[-105.943391,43.734027],[-105.938398,43.73404],[-105.938392,43.730332]]]}},{"type":"Feature","properties":{"q":"SWSW","ac":41.0},"geometry":{"type":"Polygon","coordinates":[[[-105.943368,43.722882],[-105.948355,43.722851],[-105.948365,43.726572],[-105.943376,43.726598],[-105.943368,43.722882]]]}},{"type":"Feature","properties":{"q":"4","ac":41.5},"geometry":{"type":"Polygon","coordinates":[[[-105.96335,43.733926],[-105.968337,43.733896],[-105.968381,43.737662],[-105.963385,43.737676],[-105.96335,43.733926]]]}},{"type":"Feature","properties":{"q":"SWNE","ac":41.1},"geometry":{"type":"Polygon","coordinates":[[[-105.973435,43.71534],[-105.978458,43.71536],[-105.978379,43.719054],[-105.973345,43.719029],[-105.973435,43.71534]]]}},{"type":"Feature","properties":{"q":"SENW","ac":41.2},"geometry":{"type":"Polygon","coordinates":[[[-105.943296,43.70061],[-105.943346,43.704322],[-105.938319,43.704389],[-105.938277,43.700685],[-105.943296,43.70061]]]}},{"type":"Feature","properties":{"q":"SWSE","ac":41.6},"geometry":{"type":"Polygon","coordinates":[[[-105.973255,43.722718],[-105.978301,43.722749],[-105.978336,43.726471],[-105.973294,43.726447],[-105.973255,43.722718]]]}},{"type":"Feature","properties":{"q":"SESW","ac":41.1},"geometry":{"type":"Polygon","coordinates":[[[-105.943194,43.693186],[-105.943245,43.696898],[-105.938234,43.69698],[-105.938192,43.693275],[-105.943194,43.693186]]]}},{"type":"Feature","properties":{"q":"NWNW","ac":41.0},"geometry":{"type":"Polygon","coordinates":[[[-105.983532,43.704275],[-105.988538,43.704276],[-105.988616,43.707984],[-105.983616,43.707977],[-105.983532,43.704275]]]}},{"type":"Feature","properties":{"q":"SWNE","ac":41.5},"geometry":{"type":"Polygon","coordinates":[[[-105.973332,43.730177],[-105.978371,43.730194],[-105.978406,43.733916],[-105.973372,43.733907],[-105.973332,43.730177]]]}},{"type":"Feature","properties":{"q":"SESE","ac":40.9},"geometry":{"type":"Polygon","coordinates":[[[-105.97324,43.693206],[-105.973333,43.696895],[-105.968317,43.696906],[-105.968218,43.693223],[-105.97324,43.693206]]]}},{"type":"Feature","properties":{"q":"SESW","ac":41.5},"geometry":{"type":"Polygon","coordinates":[[[-105.978301,43.722749],[-105.983346,43.72278],[-105.983377,43.726496],[-105.978336,43.726471],[-105.978301,43.722749]]]}},{"type":"Feature","properties":{"q":"4","ac":40.9},"geometry":{"type":"Polygon","coordinates":[[[-105.948385,43.734014],[-105.948396,43.737719],[-105.943399,43.73773],[-105.943391,43.734027],[-105.948385,43.734014]]]}},{"type":"Feature","properties":{"q":"SWSW","ac":41.2},"geometry":{"type":"Polygon","coordinates":[[[-105.983282,43.693172],[-105.988304,43.693155],[-105.988382,43.696862],[-105.983366,43.696873],[-105.983282,43.693172]]]}},{"type":"Feature","properties":{"q":"NWNE","ac":40.9},"geometry":{"type":"Polygon","coordinates":[[[-105.978527,43.704274],[-105.978615,43.707969],[-105.973615,43.707962],[-105.973521,43.704273],[-105.978527,43.704274]]]}},{"type":"Feature","properties":{"q":"NESW","ac":41.0},"geometry":{"type":"Polygon","coordinates":[[[-105.943383,43.730313],[-105.938392,43.730332],[-105.938387,43.726623],[-105.943376,43.726598],[-105.943383,43.730313]]]}},{"type":"Feature","properties":{"q":"SESE","ac":41.1},"geometry":{"type":"Polygon","coordinates":[[[-105.933326,43.708154],[-105.933343,43.711852],[-105.92832,43.711904],[-105.92829,43.708214],[-105.933326,43.708154]]]}},{"type":"Feature","properties":{"q":"SWNW","ac":41.3},"geometry":{"type":"Polygon","coordinates":[[[-105.943211,43.685763],[-105.948237,43.685659],[-105.948217,43.689378],[-105.943203,43.689475],[-105.943211,43.685763]]]}},{"type":"Feature","properties":{"q":"SWSW","ac":40.9},"geometry":{"type":"Polygon","coordinates":[[[-105.963213,43.693191],[-105.968218,43.693223],[-105.968317,43.696906],[-105.963302,43.696884],[-105.963213,43.693191]]]}},{"type":"Feature","properties":{"q":"3","ac":41.3},"geometry":{"type":"Polygon","coordinates":[[[-105.958362,43.733956],[-105.96335,43.733926],[-105.963385,43.737676],[-105.958388,43.737691],[-105.958362,43.733956]]]}},{"type":"Feature","properties":{"q":"SENW","ac":40.8},"geometry":{"type":"Polygon","coordinates":[[[-105.958403,43.715367],[-105.963407,43.715344],[-105.963327,43.719036],[-105.958342,43.719068],[-105.958403,43.715367]]]}},{"type":"Feature","properties":{"q":"SENE","ac":40.9},"geometry":{"type":"Polygon","coordinates":[[[-105.973521,43.704273],[-105.968515,43.704272],[-105.968416,43.700589],[-105.973427,43.700584],[-105.973521,43.704273]]]}},{"type":"Feature","properties":{"q":"NESW","ac":41.4},"geometry":{"type":"Polygon","coordinates":[[[-105.978336,43.726471],[-105.983377,43.726496],[-105.983407,43.730211],[-105.978371,43.730194],[-105.978336,43.726471]]]}},{"type":"Feature","properties":{"q":"2","ac":40.8},"geometry":{"type":"Polygon","coordinates":[[[-105.933418,43.734053],[-105.938398,43.73404],[-105.938403,43.737741],[-105.933406,43.737753],[-105.933418,43.734053]]]}},{"type":"Feature","properties":{"q":"NWNE","ac":41.0},"geometry":{"type":"Polygon","coordinates":[[[-105.938192,43.693275],[-105.93319,43.693364],[-105.933175,43.689666],[-105.938189,43.68957],[-105.938192,43.693275]]]}},{"type":"Feature","properties":{"q":"NENE","ac":40.9},"geometry":{"type":"Polygon","coordinates":[[[-105.953358,43.7191],[-105.953319,43.72281],[-105.948355,43.722851],[-105.948374,43.719132],[-105.953358,43.7191]]]}},{"type":"Feature","properties":{"q":"NWSE","ac":41.0},"geometry":{"type":"Polygon","coordinates":[[[-105.953355,43.73026],[-105.953337,43.726535],[-105.958309,43.726498],[-105.958335,43.730227],[-105.953355,43.73026]]]}},{"type":"Feature","properties":{"q":"SWNW","ac":41.2},"geometry":{"type":"Polygon","coordinates":[[[-105.968337,43.733896],[-105.96335,43.733926],[-105.963315,43.730193],[-105.968294,43.730159],[-105.968337,43.733896]]]}},{"type":"Feature","properties":{"q":"SWNE","ac":41.2},"geometry":{"type":"Polygon","coordinates":[[[-105.953409,43.704259],[-105.95334,43.700549],[-105.958365,43.700563],[-105.958444,43.704263],[-105.953409,43.704259]]]}},{"type":"Feature","properties":{"q":"NWNE","ac":41.3},"geometry":{"type":"Polygon","coordinates":[[[-105.953409,43.704259],[-105.958444,43.704263],[-105.958523,43.707964],[-105.953478,43.707969],[-105.953409,43.704259]]]}},{"type":"Feature","properties":{"q":"SENE","ac":41.0},"geometry":{"type":"Polygon","coordinates":[[[-105.953358,43.7191],[-105.948374,43.719132],[-105.948394,43.715413],[-105.953398,43.71539],[-105.953358,43.7191]]]}},{"type":"Feature","properties":{"q":"3","ac":41.3},"geometry":{"type":"Polygon","coordinates":[[[-105.978406,43.733916],[-105.983439,43.733926],[-105.983471,43.737627],[-105.978441,43.737639],[-105.978406,43.733916]]]}},{"type":"Feature","properties":{"q":"SWSW","ac":41.0},"geometry":{"type":"Polygon","coordinates":[[[-105.988616,43.707984],[-105.98856,43.711691],[-105.983548,43.711678],[-105.983616,43.707977],[-105.988616,43.707984]]]}},{"type":"Feature","properties":{"q":"NWNE","ac":41.0},"geometry":{"type":"Polygon","coordinates":[[[-105.973309,43.689517],[-105.978329,43.689494],[-105.978261,43.693189],[-105.97324,43.693206],[-105.973309,43.689517]]]}},{"type":"Feature","properties":{"q":"SENW","ac":41.1},"geometry":{"type":"Polygon","coordinates":[[[-105.96335,43.733926],[-105.958362,43.733956],[-105.958335,43.730227],[-105.963315,43.730193],[-105.96335,43.733926]]]}},{"type":"Feature","properties":{"q":"NENW","ac":40.7},"geometry":{"type":"Polygon","coordinates":[[[-105.958342,43.719068],[-105.963327,43.719036],[-105.963246,43.722728],[-105.958282,43.722769],[-105.958342,43.719068]]]}},{"type":"Feature","properties":{"q":"SWNE","ac":41.1},"geometry":{"type":"Polygon","coordinates":[[[-105.938277,43.700685],[-105.938319,43.704389],[-105.933292,43.704457],[-105.933258,43.700759],[-105.938277,43.700685]]]}},{"type":"Feature","properties":{"q":"SWNE","ac":40.9},"geometry":{"type":"Polygon","coordinates":[[[-105.973427,43.700584],[-105.978438,43.700579],[-105.978527,43.704274],[-105.973521,43.704273],[-105.973427,43.700584]]]}},{"type":"Feature","properties":{"q":"SWSE","ac":40.8},"geometry":{"type":"Polygon","coordinates":[[[-105.933413,43.726648],[-105.933395,43.722944],[-105.938382,43.722913],[-105.938387,43.726623],[-105.933413,43.726648]]]}},{"type":"Feature","properties":{"q":"NWNE","ac":40.9},"geometry":{"type":"Polygon","coordinates":[[[-105.938377,43.719208],[-105.938382,43.722913],[-105.933395,43.722944],[-105.933378,43.719247],[-105.938377,43.719208]]]}},{"type":"Feature","properties":{"q":"NENW","ac":41.2},"geometry":{"type":"Polygon","coordinates":[[[-105.983414,43.71908],[-105.983346,43.72278],[-105.978301,43.722749],[-105.978379,43.719054],[-105.983414,43.71908]]]}},{"type":"Feature","properties":{"q":"NENW","ac":41.2},"geometry":{"type":"Polygon","coordinates":[[[-105.96348,43.704268],[-105.963569,43.707959],[-105.958523,43.707964],[-105.958444,43.704263],[-105.96348,43.704268]]]}},{"type":"Feature","properties":{"q":"SWNW","ac":41.0},"geometry":{"type":"Polygon","coordinates":[[[-105.963391,43.700576],[-105.968416,43.700589],[-105.968515,43.704272],[-105.96348,43.704268],[-105.963391,43.700576]]]}},{"type":"Feature","properties":{"q":"SENE","ac":41.1},"geometry":{"type":"Polygon","coordinates":[[[-105.928239,43.700833],[-105.933258,43.700759],[-105.933292,43.704457],[-105.928264,43.704523],[-105.928239,43.700833]]]}},{"type":"Feature","properties":{"q":"2","ac":41.2},"geometry":{"type":"Polygon","coordinates":[[[-105.958388,43.737691],[-105.953392,43.737705],[-105.953373,43.733985],[-105.958362,43.733956],[-105.958388,43.737691]]]}},{"type":"Feature","properties":{"q":"SENE","ac":41.0},"geometry":{"type":"Polygon","coordinates":[[[-105.948374,43.730293],[-105.953355,43.73026],[-105.953373,43.733985],[-105.948385,43.734014],[-105.948374,43.730293]]]}},{"type":"Feature","properties":{"q":"NENW","ac":41.3},"geometry":{"type":"Polygon","coordinates":[[[-105.943346,43.704322],[-105.943397,43.708034],[-105.938361,43.708094],[-105.938319,43.704389],[-105.943346,43.704322]]]}},{"type":"Feature","properties":{"q":"SWNW","ac":41.1},"geometry":{"type":"Polygon","coordinates":[[[-105.983414,43.68577],[-105.988431,43.68574],[-105.988367,43.689447],[-105.983348,43.689471],[-105.983414,43.68577]]]}},{"type":"Feature","properties":{"q":"NWSE","ac":41.2},"geometry":{"type":"Polygon","coordinates":[[[-105.958286,43.696861],[-105.958365,43.700563],[-105.95334,43.700549],[-105.953271,43.696839],[-105.958286,43.696861]]]}},{"type":"Feature","properties":{"q":"SWNW","ac":41.3},"geometry":{"type":"Polygon","coordinates":[[[-105.983407,43.730211],[-105.988444,43.730227],[-105.988472,43.733936],[-105.983439,43.733926],[-105.983407,43.730211]]]}},{"type":"Feature","properties":{"q":"SWNE","ac":40.7},"geometry":{"type":"Polygon","coordinates":[[[-105.938398,43.73404],[-105.933418,43.734053],[-105.93343,43.730351],[-105.938392,43.730332],[-105.938398,43.73404]]]}},{"type":"Feature","properties":{"q":"NESE","ac":40.7},"geometry":{"type":"Polygon","coordinates":[[[-105.928438,43.726672],[-105.933413,43.726648],[-105.93343,43.730351],[-105.928468,43.73037],[-105.928438,43.726672]]]}},{"type":"Feature","properties":{"q":"SWSW","ac":41.4},"geometry":{"type":"Polygon","coordinates":[[[-105.948432,43.707974],[-105.948413,43.711693],[-105.94339,43.711746],[-105.943397,43.708034],[-105.948432,43.707974]]]}},{"type":"Feature","properties":{"q":"NWSW","ac":41.0},"geometry":{"type":"Polygon","coordinates":[[[-105.948365,43.726572],[-105.948374,43.730293],[-105.943383,43.730313],[-105.943376,43.726598],[-105.948365,43.726572]]]}},{"type":"Feature","properties":{"q":"NWNE","ac":41.1},"geometry":{"type":"Polygon","coordinates":[[[-105.953235,43.689419],[-105.958253,43.689459],[-105.958208,43.69316],[-105.953202,43.693129],[-105.953235,43.689419]]]}},{"type":"Feature","properties":{"q":"SWSW","ac":41.2},"geometry":{"type":"Polygon","coordinates":[[[-105.948197,43.693098],[-105.948256,43.696817],[-105.943245,43.696898],[-105.943194,43.693186],[-105.948197,43.693098]]]}},{"type":"Feature","properties":{"q":"SWSE","ac":41.3},"geometry":{"type":"Polygon","coordinates":[[[-105.958463,43.711666],[-105.953438,43.71168],[-105.953478,43.707969],[-105.958523,43.707964],[-105.958463,43.711666]]]}},{"type":"Feature","properties":{"q":"NENE","ac":40.8},"geometry":{"type":"Polygon","coordinates":[[[-105.928379,43.719285],[-105.933378,43.719247],[-105.933395,43.722944],[-105.928409,43.722975],[-105.928379,43.719285]]]}},{"type":"Feature","properties":{"q":"1","ac":40.8},"geometry":{"type":"Polygon","coordinates":[[[-105.92841,43.737764],[-105.928439,43.734066],[-105.933418,43.734053],[-105.933406,43.737753],[-105.92841,43.737764]]]}},{"type":"Feature","properties":{"q":"3","ac":40.9},"geometry":{"type":"Polygon","coordinates":[[[-105.938398,43.73404],[-105.943391,43.734027],[-105.943399,43.73773],[-105.938403,43.737741],[-105.938398,43.73404]]]}},{"type":"Feature","properties":{"q":"NWSW","ac":41.2},"geometry":{"type":"Polygon","coordinates":[[[-105.948413,43.711693],[-105.948394,43.715413],[-105.943383,43.715458],[-105.94339,43.711746],[-105.948413,43.711693]]]}},{"type":"Feature","properties":{"q":"NESE","ac":41.2},"geometry":{"type":"Polygon","coordinates":[[[-105.948413,43.711693],[-105.953438,43.71168],[-105.953398,43.71539],[-105.948394,43.715413],[-105.948413,43.711693]]]}}]}