{"type":"FeatureCollection","note":"BLM Public Land Survey System. Provided by the Bureau of Land Management as is. These data are neither legal documents nor land surveys and must not be used as such.","features":[{"type":"Feature","properties":{"q":"5","ac":39.7},"geometry":{"type":"Polygon","coordinates":[[[-105.88948,43.066042],[-105.894393,43.066015],[-105.894391,43.069632],[-105.88948,43.069658],[-105.88948,43.066042]]]}},{"type":"Feature","properties":{"q":"11","ac":40.4},"geometry":{"type":"Polygon","coordinates":[[[-105.899707,43.109359],[-105.894697,43.109328],[-105.894693,43.105718],[-105.899686,43.105744],[-105.899707,43.109359]]]}},{"type":"Feature","properties":{"q":"9","ac":40.1},"geometry":{"type":"Polygon","coordinates":[[[-105.845526,43.102382],[-105.850422,43.102411],[-105.850472,43.10607],[-105.845558,43.106032],[-105.845526,43.102382]]]}},{"type":"Feature","properties":{"q":"8","ac":39.6},"geometry":{"type":"Polygon","coordinates":[[[-105.869913,43.106101],[-105.874859,43.105999],[-105.874881,43.109596],[-105.869976,43.10969],[-105.869913,43.106101]]]}},{"type":"Feature","properties":{"q":"2","ac":39.8},"geometry":{"type":"Polygon","coordinates":[[[-105.835417,43.051574],[-105.840334,43.051583],[-105.840337,43.055203],[-105.835424,43.055194],[-105.835417,43.051574]]]}},{"type":"Feature","properties":{"q":"13","ac":39.7},"geometry":{"type":"Polygon","coordinates":[[[-105.825568,43.040705],[-105.830475,43.040706],[-105.830484,43.044326],[-105.825587,43.044324],[-105.825568,43.040705]]]}},{"type":"Feature","properties":{"q":"12","ac":39.5},"geometry":{"type":"Polygon","coordinates":[[[-105.825734,43.073274],[-105.830606,43.073286],[-105.83061,43.076912],[-105.825739,43.076898],[-105.825734,43.073274]]]}},{"type":"Feature","properties":{"q":"11","ac":39.6},"geometry":{"type":"Polygon","coordinates":[[[-105.820691,43.044322],[-105.825587,43.044324],[-105.825607,43.047943],[-105.820721,43.04794],[-105.820691,43.044322]]]}},{"type":"Feature","properties":{"q":"2","ac":40.0},"geometry":{"type":"Polygon","coordinates":[[[-105.879632,43.069785],[-105.874708,43.069849],[-105.874722,43.066214],[-105.879656,43.066156],[-105.879632,43.069785]]]}},{"type":"Feature","properties":{"q":"12","ac":39.9},"geometry":{"type":"Polygon","coordinates":[[[-105.864897,43.073506],[-105.869788,43.073566],[-105.869792,43.077219],[-105.864905,43.077151],[-105.864897,43.073506]]]}},{"type":"Feature","properties":{"q":"13","ac":39.8},"geometry":{"type":"Polygon","coordinates":[[[-105.889499,43.073261],[-105.884569,43.073338],[-105.884556,43.069722],[-105.88948,43.069658],[-105.889499,43.073261]]]}},{"type":"Feature","properties":{"q":"9","ac":39.8},"geometry":{"type":"Polygon","coordinates":[[[-105.850169,43.044357],[-105.85508,43.044372],[-105.855067,43.048],[-105.850163,43.04798],[-105.850169,43.044357]]]}},{"type":"Feature","properties":{"q":"4","ac":39.3},"geometry":{"type":"Polygon","coordinates":[[[-105.806206,43.058775],[-105.811067,43.058779],[-105.811081,43.062394],[-105.806218,43.062383],[-105.806206,43.058775]]]}},{"type":"Feature","properties":{"q":"8","ac":40.1},"geometry":{"type":"Polygon","coordinates":[[[-105.869822,43.048058],[-105.874762,43.048046],[-105.874763,43.051661],[-105.869811,43.051701],[-105.869822,43.048058]]]}},{"type":"Feature","properties":{"q":"5","ac":39.3},"geometry":{"type":"Polygon","coordinates":[[[-105.8846,43.04802],[-105.889498,43.048007],[-105.88949,43.051602],[-105.884602,43.051611],[-105.8846,43.04802]]]}},{"type":"Feature","properties":{"q":"8","ac":39.8},"geometry":{"type":"Polygon","coordinates":[[[-105.830614,43.080539],[-105.83061,43.076912],[-105.83552,43.076921],[-105.835528,43.080547],[-105.830614,43.080539]]]}},{"type":"Feature","properties":{"q":"NENW","ac":39.7},"geometry":{"type":"Polygon","coordinates":[[[-105.806239,43.080462],[-105.806238,43.084083],[-105.801335,43.084082],[-105.801344,43.080455],[-105.806239,43.080462]]]}},{"type":"Feature","properties":{"q":"15","ac":39.7},"geometry":{"type":"Polygon","coordinates":[[[-105.835503,43.069671],[-105.840404,43.069682],[-105.840417,43.073306],[-105.835511,43.073296],[-105.835503,43.069671]]]}},{"type":"Feature","properties":{"q":"11","ac":39.8},"geometry":{"type":"Polygon","coordinates":[[[-105.860006,43.073446],[-105.864897,43.073506],[-105.864905,43.077151],[-105.860017,43.077083],[-105.860006,43.073446]]]}},{"type":"Feature","properties":{"q":"5","ac":39.8},"geometry":{"type":"Polygon","coordinates":[[[-105.845339,43.076937],[-105.850249,43.076946],[-105.850271,43.080566],[-105.845359,43.08056],[-105.845339,43.076937]]]}},{"type":"Feature","properties":{"q":"NESE","ac":39.6},"geometry":{"type":"Polygon","coordinates":[[[-105.7913,43.044319],[-105.796198,43.044319],[-105.796292,43.047937],[-105.791407,43.047938],[-105.7913,43.044319]]]}},{"type":"Feature","properties":{"q":"6","ac":39.7},"geometry":{"type":"Polygon","coordinates":[[[-105.840536,43.091451],[-105.84544,43.091468],[-105.845467,43.0951],[-105.840576,43.095081],[-105.840536,43.091451]]]}},{"type":"Feature","properties":{"q":"10","ac":40.0},"geometry":{"type":"Polygon","coordinates":[[[-105.879647,43.077043],[-105.87472,43.077131],[-105.874714,43.07349],[-105.87964,43.073414],[-105.879647,43.077043]]]}},{"type":"Feature","properties":{"q":"4","ac":39.2},"geometry":{"type":"Polygon","coordinates":[[[-105.884602,43.051611],[-105.88949,43.051602],[-105.889482,43.055196],[-105.884604,43.055202],[-105.884602,43.051611]]]}},{"type":"Feature","properties":{"q":"14","ac":40.0},"geometry":{"type":"Polygon","coordinates":[[[-105.86001,43.040754],[-105.864927,43.040763],[-105.864912,43.044401],[-105.85999,43.044387],[-105.86001,43.040754]]]}},{"type":"Feature","properties":{"q":"15","ac":39.3},"geometry":{"type":"Polygon","coordinates":[[[-105.811053,43.055164],[-105.815917,43.055169],[-105.815933,43.058782],[-105.811067,43.058779],[-105.811053,43.055164]]]}},{"type":"Feature","properties":{"q":"1","ac":39.4},"geometry":{"type":"Polygon","coordinates":[[[-105.811133,43.080469],[-105.816003,43.080487],[-105.81601,43.084105],[-105.81114,43.084085],[-105.811133,43.080469]]]}},{"type":"Feature","properties":{"q":"NENW","ac":39.3},"geometry":{"type":"Polygon","coordinates":[[[-105.801256,43.051553],[-105.806127,43.051551],[-105.806195,43.055167],[-105.801336,43.05517],[-105.801256,43.051553]]]}},{"type":"Feature","properties":{"q":"12","ac":39.8},"geometry":{"type":"Polygon","coordinates":[[[-105.889499,43.073261],[-105.889518,43.076865],[-105.884583,43.076954],[-105.884569,43.073338],[-105.889499,43.073261]]]}},{"type":"Feature","properties":{"q":"12","ac":41.0},"geometry":{"type":"Polygon","coordinates":[[[-105.874951,43.120343],[-105.874977,43.123965],[-105.869847,43.124048],[-105.869912,43.120459],[-105.874951,43.120343]]]}},{"type":"Feature","properties":{"q":"9","ac":37.1},"geometry":{"type":"Polygon","coordinates":[[[-105.860565,43.12408],[-105.865206,43.124064],[-105.865217,43.127676],[-105.862849,43.127682],[-105.860652,43.127687],[-105.860565,43.12408]]]}},{"type":"Feature","properties":{"q":"11","ac":41.3},"geometry":{"type":"Polygon","coordinates":[[[-105.880107,43.123882],[-105.874977,43.123965],[-105.874951,43.120343],[-105.879991,43.120226],[-105.880107,43.123882]]]}},{"type":"Feature","properties":{"q":"12","ac":37.4},"geometry":{"type":"Polygon","coordinates":[[[-105.851047,43.12054],[-105.855763,43.12052],[-105.855925,43.124098],[-105.851284,43.124116],[-105.851047,43.12054]]]}},{"type":"Feature","properties":{"q":"3","ac":42.7},"geometry":{"type":"Polygon","coordinates":[[[-105.806738,43.124169],[-105.806881,43.127896],[-105.803464,43.127917],[-105.80176,43.127928],[-105.801663,43.124164],[-105.806738,43.124169]]]}},{"type":"Feature","properties":{"q":"14","ac":40.2},"geometry":{"type":"Polygon","coordinates":[[[-105.894689,43.10211],[-105.899666,43.102131],[-105.899686,43.105744],[-105.894693,43.105718],[-105.894689,43.10211]]]}},{"type":"Feature","properties":{"q":"12","ac":39.7},"geometry":{"type":"Polygon","coordinates":[[[-105.889481,43.062427],[-105.894395,43.062397],[-105.894393,43.066015],[-105.88948,43.066042],[-105.889481,43.062427]]]}},{"type":"Feature","properties":{"q":"20","ac":39.8},"geometry":{"type":"Polygon","coordinates":[[[-105.894398,43.055162],[-105.894396,43.05878],[-105.889482,43.058812],[-105.889482,43.055196],[-105.894398,43.055162]]]}},{"type":"Feature","properties":{"q":"8","ac":35.6},"geometry":{"type":"Polygon","coordinates":[[[-105.90423,43.055093],[-105.904222,43.051476],[-105.908605,43.051438],[-105.90863,43.055062],[-105.90423,43.055093]]]}},{"type":"Feature","properties":{"q":"16","ac":39.7},"geometry":{"type":"Polygon","coordinates":[[[-105.830601,43.06966],[-105.835503,43.069671],[-105.835511,43.073296],[-105.830606,43.073286],[-105.830601,43.06966]]]}},{"type":"Feature","properties":{"q":"9","ac":40.4},"geometry":{"type":"Polygon","coordinates":[[[-105.874749,43.058927],[-105.874735,43.062578],[-105.869792,43.062628],[-105.869796,43.058986],[-105.874749,43.058927]]]}},{"type":"Feature","properties":{"q":"11","ac":40.6},"geometry":{"type":"Polygon","coordinates":[[[-105.80145,43.102247],[-105.80643,43.102228],[-105.806393,43.105885],[-105.801427,43.105901],[-105.80145,43.102247]]]}},{"type":"Feature","properties":{"q":"5","ac":39.5},"geometry":{"type":"Polygon","coordinates":[[[-105.825607,43.047943],[-105.830493,43.047945],[-105.830501,43.051565],[-105.825626,43.051561],[-105.825607,43.047943]]]}},{"type":"Feature","properties":{"q":"1","ac":39.5},"geometry":{"type":"Polygon","coordinates":[[[-105.850271,43.080566],[-105.855149,43.080634],[-105.855165,43.084254],[-105.850292,43.084187],[-105.850271,43.080566]]]}},{"type":"Feature","properties":{"q":"10","ac":40.1},"geometry":{"type":"Polygon","coordinates":[[[-105.874748,43.087972],[-105.879709,43.087872],[-105.879755,43.091482],[-105.874771,43.091585],[-105.874748,43.087972]]]}},{"type":"Feature","properties":{"q":"14","ac":39.7},"geometry":{"type":"Polygon","coordinates":[[[-105.879679,43.040796],[-105.884596,43.040807],[-105.884598,43.044414],[-105.879691,43.044414],[-105.879679,43.040796]]]}},{"type":"Feature","properties":{"q":"6","ac":39.8},"geometry":{"type":"Polygon","coordinates":[[[-105.845339,43.076937],[-105.845359,43.08056],[-105.840443,43.080554],[-105.84043,43.076929],[-105.845339,43.076937]]]}},{"type":"Feature","properties":{"q":"12","ac":39.9},"geometry":{"type":"Polygon","coordinates":[[[-105.889724,43.098485],[-105.889712,43.102089],[-105.884769,43.102177],[-105.884786,43.098559],[-105.889724,43.098485]]]}},{"type":"Feature","properties":{"q":"SWSW","ac":39.4},"geometry":{"type":"Polygon","coordinates":[[[-105.864914,43.084387],[-105.869788,43.084453],[-105.869788,43.08807],[-105.864918,43.088012],[-105.864914,43.084387]]]}},{"type":"Feature","properties":{"q":"14","ac":39.6},"geometry":{"type":"Polygon","coordinates":[[[-105.855049,43.055261],[-105.859932,43.055301],[-105.859948,43.058923],[-105.855062,43.058883],[-105.855049,43.055261]]]}},{"type":"Feature","properties":{"q":"6","ac":39.8},"geometry":{"type":"Polygon","coordinates":[[[-105.84037,43.062431],[-105.845278,43.062447],[-105.845291,43.06607],[-105.840387,43.066057],[-105.84037,43.062431]]]}},{"type":"Feature","properties":{"q":"15","ac":39.4},"geometry":{"type":"Polygon","coordinates":[[[-105.815983,43.069633],[-105.820856,43.069642],[-105.820862,43.073263],[-105.81599,43.073251],[-105.815983,43.069633]]]}},{"type":"Feature","properties":{"q":"13","ac":40.8},"geometry":{"type":"Polygon","coordinates":[[[-105.81146,43.098547],[-105.81141,43.102208],[-105.80643,43.102228],[-105.806467,43.09857],[-105.81146,43.098547]]]}},{"type":"Feature","properties":{"q":"NENE","ac":39.4},"geometry":{"type":"Polygon","coordinates":[[[-105.815966,43.066014],[-105.815983,43.069633],[-105.81111,43.069624],[-105.811096,43.066009],[-105.815966,43.066014]]]}},{"type":"Feature","properties":{"q":"1","ac":39.2},"geometry":{"type":"Polygon","coordinates":[[[-105.81146,43.098547],[-105.81138,43.094931],[-105.816235,43.09496],[-105.816311,43.098578],[-105.81146,43.098547]]]}},{"type":"Feature","properties":{"q":"9","ac":40.5},"geometry":{"type":"Polygon","coordinates":[[[-105.791496,43.105931],[-105.791491,43.102285],[-105.796471,43.102266],[-105.796462,43.105916],[-105.791496,43.105931]]]}},{"type":"Feature","properties":{"q":"2","ac":39.7},"geometry":{"type":"Polygon","coordinates":[[[-105.859995,43.069809],[-105.855101,43.069756],[-105.855088,43.066131],[-105.859979,43.066177],[-105.859995,43.069809]]]}},{"type":"Feature","properties":{"q":"13","ac":40.0},"geometry":{"type":"Polygon","coordinates":[[[-105.840456,43.084179],[-105.845379,43.084183],[-105.84541,43.087825],[-105.840496,43.087815],[-105.840456,43.084179]]]}},{"type":"Feature","properties":{"q":"7","ac":40.5},"geometry":{"type":"Polygon","coordinates":[[[-105.801405,43.109555],[-105.796453,43.109567],[-105.796462,43.105916],[-105.801427,43.105901],[-105.801405,43.109555]]]}},{"type":"Feature","properties":{"q":"SWNW","ac":39.3},"geometry":{"type":"Polygon","coordinates":[[[-105.869787,43.091687],[-105.869787,43.095304],[-105.864928,43.095258],[-105.864923,43.091637],[-105.869787,43.091687]]]}},{"type":"Feature","properties":{"q":"7","ac":39.4},"geometry":{"type":"Polygon","coordinates":[[[-105.815996,43.076869],[-105.820867,43.076884],[-105.820873,43.080504],[-105.816003,43.080487],[-105.815996,43.076869]]]}},{"type":"Feature","properties":{"q":"8","ac":39.5},"geometry":{"type":"Polygon","coordinates":[[[-105.815875,43.051553],[-105.810998,43.051549],[-105.810944,43.047934],[-105.815833,43.047937],[-105.815875,43.051553]]]}},{"type":"Feature","properties":{"q":"4","ac":39.4},"geometry":{"type":"Polygon","coordinates":[[[-105.869788,43.084453],[-105.864914,43.084387],[-105.864909,43.080769],[-105.86979,43.080836],[-105.869788,43.084453]]]}},{"type":"Feature","properties":{"q":"10","ac":39.9},"geometry":{"type":"Polygon","coordinates":[[[-105.806295,43.087705],[-105.81122,43.0877],[-105.8113,43.091316],[-105.806352,43.091327],[-105.806295,43.087705]]]}},{"type":"Feature","properties":{"q":"7","ac":41.3},"geometry":{"type":"Polygon","coordinates":[[[-105.826571,43.124069],[-105.831491,43.124033],[-105.831653,43.1278],[-105.828194,43.127813],[-105.82674,43.127818],[-105.826571,43.124069]]]}},{"type":"Feature","properties":{"q":"26","ac":40.9},"geometry":{"type":"Polygon","coordinates":[[[-105.806459,43.116856],[-105.811443,43.116853],[-105.811628,43.120513],[-105.806599,43.120512],[-105.806459,43.116856]]]}},{"type":"Feature","properties":{"q":"16","ac":39.2},"geometry":{"type":"Polygon","coordinates":[[[-105.889674,43.1129],[-105.88969,43.116451],[-105.884784,43.116558],[-105.884719,43.113002],[-105.889674,43.1129]]]}},{"type":"Feature","properties":{"q":"10","ac":40.4},"geometry":{"type":"Polygon","coordinates":[[[-105.904673,43.105769],[-105.904714,43.10939],[-105.899707,43.109359],[-105.899686,43.105744],[-105.904673,43.105769]]]}},{"type":"Feature","properties":{"q":"16","ac":36.3},"geometry":{"type":"Polygon","coordinates":[[[-105.904213,43.069581],[-105.908732,43.069557],[-105.908755,43.073164],[-105.904263,43.073187],[-105.904213,43.069581]]]}},{"type":"Feature","properties":{"q":"13","ac":39.7},"geometry":{"type":"Polygon","coordinates":[[[-105.894421,43.073237],[-105.899343,43.073212],[-105.899383,43.076817],[-105.894451,43.076841],[-105.894421,43.073237]]]}},{"type":"Feature","properties":{"q":"15","ac":40.2},"geometry":{"type":"Polygon","coordinates":[[[-105.899666,43.102131],[-105.904639,43.102151],[-105.904673,43.105769],[-105.899686,43.105744],[-105.899666,43.102131]]]}},{"type":"Feature","properties":{"q":"11","ac":39.9},"geometry":{"type":"Polygon","coordinates":[[[-105.889518,43.076865],[-105.894451,43.076841],[-105.894475,43.080454],[-105.889527,43.080468],[-105.889518,43.076865]]]}},{"type":"Feature","properties":{"q":"SWNW","ac":39.4},"geometry":{"type":"Polygon","coordinates":[[[-105.806127,43.051551],[-105.80606,43.047935],[-105.810944,43.047934],[-105.810998,43.051549],[-105.806127,43.051551]]]}},{"type":"Feature","properties":{"q":"3","ac":39.8},"geometry":{"type":"Polygon","coordinates":[[[-105.840334,43.051583],[-105.845249,43.051592],[-105.845251,43.055212],[-105.840337,43.055203],[-105.840334,43.051583]]]}},{"type":"Feature","properties":{"q":"SWNW","ac":40.4},"geometry":{"type":"Polygon","coordinates":[[[-105.84559,43.109719],[-105.845558,43.106032],[-105.850472,43.10607],[-105.850522,43.109728],[-105.84559,43.109719]]]}},{"type":"Feature","properties":{"q":"6","ac":39.8},"geometry":{"type":"Polygon","coordinates":[[[-105.845246,43.047972],[-105.845249,43.051592],[-105.840334,43.051583],[-105.84033,43.047963],[-105.845246,43.047972]]]}},{"type":"Feature","properties":{"q":"4","ac":39.8},"geometry":{"type":"Polygon","coordinates":[[[-105.88948,43.066042],[-105.88948,43.069658],[-105.884556,43.069722],[-105.884568,43.0661],[-105.88948,43.066042]]]}},{"type":"Feature","properties":{"q":"15","ac":39.7},"geometry":{"type":"Polygon","coordinates":[[[-105.81146,43.098547],[-105.816311,43.098578],[-105.816283,43.10223],[-105.81141,43.102208],[-105.81146,43.098547]]]}},{"type":"Feature","properties":{"q":"SWSW","ac":39.7},"geometry":{"type":"Polygon","coordinates":[[[-105.805926,43.040703],[-105.810836,43.040704],[-105.81089,43.044319],[-105.805993,43.044319],[-105.805926,43.040703]]]}},{"type":"Feature","properties":{"q":"13","ac":39.6},"geometry":{"type":"Polygon","coordinates":[[[-105.884596,43.040807],[-105.889514,43.040818],[-105.889506,43.044413],[-105.884598,43.044414],[-105.884596,43.040807]]]}},{"type":"Feature","properties":{"q":"10","ac":39.6},"geometry":{"type":"Polygon","coordinates":[[[-105.855062,43.058883],[-105.859948,43.058923],[-105.859964,43.062546],[-105.855075,43.062505],[-105.855062,43.058883]]]}},{"type":"Feature","properties":{"q":"8","ac":39.8},"geometry":{"type":"Polygon","coordinates":[[[-105.87472,43.077131],[-105.874722,43.080745],[-105.86979,43.080836],[-105.869792,43.077219],[-105.87472,43.077131]]]}},{"type":"Feature","properties":{"q":"6","ac":39.1},"geometry":{"type":"Polygon","coordinates":[[[-105.864992,43.102486],[-105.869849,43.102511],[-105.869913,43.106101],[-105.865052,43.106093],[-105.864992,43.102486]]]}},{"type":"Feature","properties":{"q":"13","ac":39.9},"geometry":{"type":"Polygon","coordinates":[[[-105.845246,43.040727],[-105.850175,43.040734],[-105.850169,43.044357],[-105.845246,43.044349],[-105.845246,43.040727]]]}},{"type":"Feature","properties":{"q":"12","ac":40.0},"geometry":{"type":"Polygon","coordinates":[[[-105.864872,43.058955],[-105.869796,43.058986],[-105.869792,43.062628],[-105.864878,43.062587],[-105.864872,43.058955]]]}},{"type":"Feature","properties":{"q":"1","ac":39.0},"geometry":{"type":"Polygon","coordinates":[[[-105.791624,43.058763],[-105.796485,43.058767],[-105.796491,43.062361],[-105.791627,43.062349],[-105.791624,43.058763]]]}},{"type":"Feature","properties":{"q":"9","ac":39.7},"geometry":{"type":"Polygon","coordinates":[[[-105.835449,43.062415],[-105.830527,43.062399],[-105.830518,43.058792],[-105.835436,43.058805],[-105.835449,43.062415]]]}},{"type":"Feature","properties":{"q":"1","ac":40.5},"geometry":{"type":"Polygon","coordinates":[[[-105.869787,43.095304],[-105.874794,43.095181],[-105.874817,43.098777],[-105.869786,43.098921],[-105.869787,43.095304]]]}},{"type":"Feature","properties":{"q":"1","ac":39.6},"geometry":{"type":"Polygon","coordinates":[[[-105.830801,43.095044],[-105.835689,43.095063],[-105.835739,43.098691],[-105.830862,43.09867],[-105.830801,43.095044]]]}},{"type":"Feature","properties":{"q":"9","ac":40.2},"geometry":{"type":"Polygon","coordinates":[[[-105.869788,43.08807],[-105.874748,43.087972],[-105.874771,43.091585],[-105.869787,43.091687],[-105.869788,43.08807]]]}},{"type":"Feature","properties":{"q":"SWNE","ac":39.5},"geometry":{"type":"Polygon","coordinates":[[[-105.855332,43.106078],[-105.860192,43.106085],[-105.860249,43.109709],[-105.855386,43.109719],[-105.855332,43.106078]]]}},{"type":"Feature","properties":{"q":"3","ac":39.1},"geometry":{"type":"Polygon","coordinates":[[[-105.865052,43.106093],[-105.869913,43.106101],[-105.869976,43.10969],[-105.865113,43.1097],[-105.865052,43.106093]]]}},{"type":"Feature","properties":{"q":"8","ac":39.7},"geometry":{"type":"Polygon","coordinates":[[[-105.83074,43.091418],[-105.835638,43.091435],[-105.835689,43.095063],[-105.830801,43.095044],[-105.83074,43.091418]]]}},{"type":"Feature","properties":{"q":"8","ac":39.7},"geometry":{"type":"Polygon","coordinates":[[[-105.850163,43.04798],[-105.855067,43.048],[-105.855058,43.051631],[-105.850164,43.051601],[-105.850163,43.04798]]]}},{"type":"Feature","properties":{"q":"10","ac":39.8},"geometry":{"type":"Polygon","coordinates":[[[-105.84043,43.076929],[-105.83552,43.076921],[-105.835511,43.073296],[-105.840417,43.073306],[-105.84043,43.076929]]]}},{"type":"Feature","properties":{"q":"11","ac":39.9},"geometry":{"type":"Polygon","coordinates":[[[-105.840496,43.087815],[-105.84541,43.087825],[-105.84544,43.091468],[-105.840536,43.091451],[-105.840496,43.087815]]]}},{"type":"Feature","properties":{"q":"27","ac":40.6},"geometry":{"type":"Polygon","coordinates":[[[-105.80632,43.1132],[-105.811258,43.113192],[-105.811443,43.116853],[-105.806459,43.116856],[-105.80632,43.1132]]]}},{"type":"Feature","properties":{"q":"2","ac":39.3},"geometry":{"type":"Polygon","coordinates":[[[-105.879785,43.109501],[-105.879765,43.113105],[-105.874902,43.113192],[-105.874881,43.109596],[-105.879785,43.109501]]]}},{"type":"Feature","properties":{"q":"2","ac":40.2},"geometry":{"type":"Polygon","coordinates":[[[-105.821145,43.109538],[-105.82114,43.113181],[-105.816199,43.113186],[-105.816227,43.109534],[-105.821145,43.109538]]]}},{"type":"Feature","properties":{"q":"28","ac":40.5},"geometry":{"type":"Polygon","coordinates":[[[-105.801382,43.113209],[-105.80632,43.1132],[-105.806459,43.116856],[-105.801476,43.11686],[-105.801382,43.113209]]]}},{"type":"Feature","properties":{"q":"14","ac":39.7},"geometry":{"type":"Polygon","coordinates":[[[-105.904263,43.073187],[-105.904312,43.076793],[-105.899383,43.076817],[-105.899343,43.073212],[-105.904263,43.073187]]]}},{"type":"Feature","properties":{"q":"12","ac":40.0},"geometry":{"type":"Polygon","coordinates":[[[-105.889677,43.094882],[-105.88963,43.091278],[-105.894593,43.091291],[-105.894639,43.094896],[-105.889677,43.094882]]]}},{"type":"Feature","properties":{"q":"NENE","ac":40.0},"geometry":{"type":"Polygon","coordinates":[[[-105.894475,43.080454],[-105.8945,43.084067],[-105.889536,43.084072],[-105.889527,43.080468],[-105.894475,43.080454]]]}},{"type":"Feature","properties":{"q":"12","ac":40.1},"geometry":{"type":"Polygon","coordinates":[[[-105.864912,43.044401],[-105.869833,43.044416],[-105.869822,43.048058],[-105.864896,43.048039],[-105.864912,43.044401]]]}},{"type":"Feature","properties":{"q":"5","ac":40.3},"geometry":{"type":"Polygon","coordinates":[[[-105.796452,43.091348],[-105.801404,43.091338],[-105.801439,43.094965],[-105.796466,43.094982],[-105.796452,43.091348]]]}},{"type":"Feature","properties":{"q":"NWSE","ac":39.4},"geometry":{"type":"Polygon","coordinates":[[[-105.860192,43.106085],[-105.855332,43.106078],[-105.855278,43.102436],[-105.860135,43.102461],[-105.860192,43.106085]]]}},{"type":"Feature","properties":{"q":"5","ac":39.2},"geometry":{"type":"Polygon","coordinates":[[[-105.811053,43.055164],[-105.811067,43.058779],[-105.806206,43.058775],[-105.806195,43.055167],[-105.811053,43.055164]]]}},{"type":"Feature","properties":{"q":"11","ac":39.8},"geometry":{"type":"Polygon","coordinates":[[[-105.845494,43.098732],[-105.845526,43.102382],[-105.84063,43.102353],[-105.840616,43.098711],[-105.845494,43.098732]]]}},{"type":"Feature","properties":{"q":"6","ac":39.8},"geometry":{"type":"Polygon","coordinates":[[[-105.884753,43.105795],[-105.884736,43.109399],[-105.879785,43.109501],[-105.879806,43.105897],[-105.884753,43.105795]]]}},{"type":"Feature","properties":{"q":"7","ac":39.7},"geometry":{"type":"Polygon","coordinates":[[[-105.855075,43.062505],[-105.859964,43.062546],[-105.859979,43.066177],[-105.855088,43.066131],[-105.855075,43.062505]]]}},{"type":"Feature","properties":{"q":"4","ac":39.7},"geometry":{"type":"Polygon","coordinates":[[[-105.845467,43.0951],[-105.850358,43.095118],[-105.850371,43.098753],[-105.845494,43.098732],[-105.845467,43.0951]]]}},{"type":"Feature","properties":{"q":"2","ac":39.6},"geometry":{"type":"Polygon","coordinates":[[[-105.801353,43.076828],[-105.806239,43.076841],[-105.806239,43.080462],[-105.801344,43.080455],[-105.801353,43.076828]]]}},{"type":"Feature","properties":{"q":"3","ac":39.2},"geometry":{"type":"Polygon","coordinates":[[[-105.801354,43.062372],[-105.801345,43.058771],[-105.806206,43.058775],[-105.806218,43.062383],[-105.801354,43.062372]]]}},{"type":"Feature","properties":{"q":"7","ac":40.2},"geometry":{"type":"Polygon","coordinates":[[[-105.791514,43.087719],[-105.796442,43.087714],[-105.796452,43.091348],[-105.791499,43.091358],[-105.791514,43.087719]]]}},{"type":"Feature","properties":{"q":"14","ac":39.9},"geometry":{"type":"Polygon","coordinates":[[[-105.840322,43.04072],[-105.845246,43.040727],[-105.845246,43.044349],[-105.840326,43.044341],[-105.840322,43.04072]]]}},{"type":"Feature","properties":{"q":"7","ac":39.3},"geometry":{"type":"Polygon","coordinates":[[[-105.82102,43.091367],[-105.821091,43.094988],[-105.816235,43.09496],[-105.81616,43.091342],[-105.82102,43.091367]]]}},{"type":"Feature","properties":{"q":"NENE","ac":39.4},"geometry":{"type":"Polygon","coordinates":[[[-105.850358,43.095118],[-105.855213,43.095165],[-105.855225,43.098795],[-105.850371,43.098753],[-105.850358,43.095118]]]}},{"type":"Feature","properties":{"q":"5","ac":39.3},"geometry":{"type":"Polygon","coordinates":[[[-105.83074,43.091418],[-105.830801,43.095044],[-105.825946,43.095016],[-105.82588,43.091393],[-105.83074,43.091418]]]}},{"type":"Feature","properties":{"q":"16","ac":39.9},"geometry":{"type":"Polygon","coordinates":[[[-105.850175,43.040734],[-105.855093,43.040744],[-105.85508,43.044372],[-105.850169,43.044357],[-105.850175,43.040734]]]}},{"type":"Feature","properties":{"q":"3","ac":39.7},"geometry":{"type":"Polygon","coordinates":[[[-105.840404,43.069682],[-105.840387,43.066057],[-105.845291,43.06607],[-105.845305,43.069693],[-105.840404,43.069682]]]}},{"type":"Feature","properties":{"q":"11","ac":39.9},"geometry":{"type":"Polygon","coordinates":[[[-105.859948,43.058923],[-105.864872,43.058955],[-105.864878,43.062587],[-105.859964,43.062546],[-105.859948,43.058923]]]}},{"type":"Feature","properties":{"q":"14","ac":40.7},"geometry":{"type":"Polygon","coordinates":[[[-105.801473,43.098592],[-105.806467,43.09857],[-105.80643,43.102228],[-105.80145,43.102247],[-105.801473,43.098592]]]}},{"type":"Feature","properties":{"q":"10","ac":39.4},"geometry":{"type":"Polygon","coordinates":[[[-105.81599,43.073251],[-105.820862,43.073263],[-105.820867,43.076884],[-105.815996,43.076869],[-105.81599,43.073251]]]}},{"type":"Feature","properties":{"q":"13","ac":40.1},"geometry":{"type":"Polygon","coordinates":[[[-105.864866,43.055322],[-105.869799,43.055343],[-105.869796,43.058986],[-105.864872,43.058955],[-105.864866,43.055322]]]}},{"type":"Feature","properties":{"q":"NENW","ac":40.4},"geometry":{"type":"Polygon","coordinates":[[[-105.801439,43.094965],[-105.80641,43.094948],[-105.806467,43.09857],[-105.801473,43.098592],[-105.801439,43.094965]]]}},{"type":"Feature","properties":{"q":"NESW","ac":39.6},"geometry":{"type":"Polygon","coordinates":[[[-105.801096,43.044319],[-105.805993,43.044319],[-105.80606,43.047935],[-105.801176,43.047936],[-105.801096,43.044319]]]}},{"type":"Feature","properties":{"q":"1","ac":39.4},"geometry":{"type":"Polygon","coordinates":[[[-105.815966,43.066014],[-105.820837,43.066019],[-105.820856,43.069642],[-105.815983,43.069633],[-105.815966,43.066014]]]}},{"type":"Feature","properties":{"q":"2","ac":39.2},"geometry":{"type":"Polygon","coordinates":[[[-105.816235,43.09496],[-105.821091,43.094988],[-105.821161,43.098609],[-105.816311,43.098578],[-105.816235,43.09496]]]}},{"type":"Feature","properties":{"q":"5","ac":40.1},"geometry":{"type":"Polygon","coordinates":[[[-105.864881,43.051681],[-105.864896,43.048039],[-105.869822,43.048058],[-105.869811,43.051701],[-105.864881,43.051681]]]}},{"type":"Feature","properties":{"q":"13","ac":39.6},"geometry":{"type":"Polygon","coordinates":[[[-105.884604,43.055202],[-105.889482,43.055196],[-105.889482,43.058812],[-105.884592,43.05884],[-105.884604,43.055202]]]}},{"type":"Feature","properties":{"q":"21","ac":40.1},"geometry":{"type":"Polygon","coordinates":[[[-105.904858,43.116601],[-105.899877,43.116552],[-105.899728,43.112974],[-105.904756,43.11301],[-105.904858,43.116601]]]}},{"type":"Feature","properties":{"q":"4","ac":42.3},"geometry":{"type":"Polygon","coordinates":[[[-105.806881,43.127896],[-105.806738,43.124169],[-105.811814,43.124174],[-105.812001,43.127873],[-105.808418,43.127886],[-105.806881,43.127896]]]}},{"type":"Feature","properties":{"q":"1","ac":39.4},"geometry":{"type":"Polygon","coordinates":[[[-105.830981,43.109545],[-105.83582,43.109627],[-105.835846,43.113297],[-105.831021,43.113169],[-105.830981,43.109545]]]}},{"type":"Feature","properties":{"q":"16","ac":39.2},"geometry":{"type":"Polygon","coordinates":[[[-105.845853,43.116957],[-105.840897,43.116951],[-105.840672,43.113426],[-105.845622,43.113406],[-105.845853,43.116957]]]}},{"type":"Feature","properties":{"q":"8","ac":37.1},"geometry":{"type":"Polygon","coordinates":[[[-105.855925,43.124098],[-105.860565,43.12408],[-105.860652,43.127687],[-105.857941,43.127694],[-105.856088,43.127701],[-105.855925,43.124098]]]}},{"type":"Feature","properties":{"q":"6","ac":37.5},"geometry":{"type":"Polygon","coordinates":[[[-105.865195,43.120479],[-105.869912,43.120459],[-105.869847,43.124048],[-105.865206,43.124064],[-105.865195,43.120479]]]}},{"type":"Feature","properties":{"q":"30","ac":40.4},"geometry":{"type":"Polygon","coordinates":[[[-105.791505,43.113225],[-105.796444,43.113217],[-105.796492,43.116864],[-105.791508,43.116867],[-105.791505,43.113225]]]}},{"type":"Feature","properties":{"q":"16","ac":35.5},"geometry":{"type":"Polygon","coordinates":[[[-105.904639,43.102151],[-105.909033,43.102169],[-105.909055,43.105792],[-105.904673,43.105769],[-105.904639,43.102151]]]}},{"type":"Feature","properties":{"q":"20","ac":40.0},"geometry":{"type":"Polygon","coordinates":[[[-105.894685,43.098501],[-105.894689,43.10211],[-105.889712,43.102089],[-105.889724,43.098485],[-105.894685,43.098501]]]}},{"type":"Feature","properties":{"q":"9","ac":35.5},"geometry":{"type":"Polygon","coordinates":[[[-105.904673,43.105769],[-105.909055,43.105792],[-105.909092,43.109416],[-105.904714,43.10939],[-105.904673,43.105769]]]}},{"type":"Feature","properties":{"q":"6","ac":39.6},"geometry":{"type":"Polygon","coordinates":[[[-105.899323,43.051518],[-105.899314,43.055127],[-105.894398,43.055162],[-105.894407,43.05156],[-105.899323,43.051518]]]}},{"type":"Feature","properties":{"q":"9","ac":36.2},"geometry":{"type":"Polygon","coordinates":[[[-105.908681,43.062309],[-105.908706,43.065933],[-105.904217,43.065959],[-105.904222,43.062337],[-105.908681,43.062309]]]}},{"type":"Feature","properties":{"q":"7","ac":39.8},"geometry":{"type":"Polygon","coordinates":[[[-105.904217,43.065959],[-105.904213,43.069581],[-105.899302,43.069607],[-105.899305,43.065987],[-105.904217,43.065959]]]}},{"type":"Feature","properties":{"q":"5","ac":39.7},"geometry":{"type":"Polygon","coordinates":[[[-105.884568,43.0661],[-105.88458,43.062477],[-105.889481,43.062427],[-105.88948,43.066042],[-105.884568,43.0661]]]}},{"type":"Feature","properties":{"q":"5","ac":40.5},"geometry":{"type":"Polygon","coordinates":[[[-105.806393,43.105885],[-105.811359,43.10587],[-105.811309,43.109531],[-105.806357,43.109543],[-105.806393,43.105885]]]}},{"type":"Feature","properties":{"q":"3","ac":39.8},"geometry":{"type":"Polygon","coordinates":[[[-105.864884,43.066224],[-105.86489,43.069861],[-105.859995,43.069809],[-105.859979,43.066177],[-105.864884,43.066224]]]}},{"type":"Feature","properties":{"q":"6","ac":39.4},"geometry":{"type":"Polygon","coordinates":[[[-105.835793,43.105957],[-105.830942,43.10592],[-105.830902,43.102295],[-105.835766,43.102324],[-105.835793,43.105957]]]}},{"type":"Feature","properties":{"q":"SWSW","ac":39.8},"geometry":{"type":"Polygon","coordinates":[[[-105.806238,43.084083],[-105.81114,43.084085],[-105.81122,43.0877],[-105.806295,43.087705],[-105.806238,43.084083]]]}},{"type":"Feature","properties":{"q":"14","ac":39.4},"geometry":{"type":"Polygon","coordinates":[[[-105.820879,43.084125],[-105.825749,43.084146],[-105.825814,43.087769],[-105.82095,43.087746],[-105.820879,43.084125]]]}},{"type":"Feature","properties":{"q":"NESE","ac":39.6},"geometry":{"type":"Polygon","coordinates":[[[-105.850422,43.102411],[-105.855278,43.102436],[-105.855332,43.106078],[-105.850472,43.10607],[-105.850422,43.102411]]]}},{"type":"Feature","properties":{"q":"SESE","ac":39.6},"geometry":{"type":"Polygon","coordinates":[[[-105.850371,43.098753],[-105.855225,43.098795],[-105.855278,43.102436],[-105.850422,43.102411],[-105.850371,43.098753]]]}},{"type":"Feature","properties":{"q":"2","ac":40.2},"geometry":{"type":"Polygon","coordinates":[[[-105.879801,43.095058],[-105.879847,43.098633],[-105.874817,43.098777],[-105.874794,43.095181],[-105.879801,43.095058]]]}},{"type":"Feature","properties":{"q":"15","ac":39.7},"geometry":{"type":"Polygon","coordinates":[[[-105.840337,43.055203],[-105.840354,43.058817],[-105.835436,43.058805],[-105.835424,43.055194],[-105.840337,43.055203]]]}},{"type":"Feature","properties":{"q":"3","ac":39.9},"geometry":{"type":"Polygon","coordinates":[[[-105.884568,43.0661],[-105.884556,43.069722],[-105.879632,43.069785],[-105.879656,43.066156],[-105.884568,43.0661]]]}},{"type":"Feature","properties":{"q":"7","ac":39.8},"geometry":{"type":"Polygon","coordinates":[[[-105.83552,43.076921],[-105.84043,43.076929],[-105.840443,43.080554],[-105.835528,43.080547],[-105.83552,43.076921]]]}},{"type":"Feature","properties":{"q":"3","ac":40.1},"geometry":{"type":"Polygon","coordinates":[[[-105.81138,43.094931],[-105.80641,43.094948],[-105.806352,43.091327],[-105.8113,43.091316],[-105.81138,43.094931]]]}},{"type":"Feature","properties":{"q":"10","ac":39.9},"geometry":{"type":"Polygon","coordinates":[[[-105.85508,43.044372],[-105.85999,43.044387],[-105.859971,43.04802],[-105.855067,43.048],[-105.85508,43.044372]]]}},{"type":"Feature","properties":{"q":"5","ac":39.5},"geometry":{"type":"Polygon","coordinates":[[[-105.83061,43.076912],[-105.830614,43.080539],[-105.825744,43.080522],[-105.825739,43.076898],[-105.83061,43.076912]]]}},{"type":"Feature","properties":{"q":"13","ac":39.7},"geometry":{"type":"Polygon","coordinates":[[[-105.850206,43.069704],[-105.850228,43.073325],[-105.845322,43.073315],[-105.845305,43.069693],[-105.850206,43.069704]]]}},{"type":"Feature","properties":{"q":"13","ac":39.5},"geometry":{"type":"Polygon","coordinates":[[[-105.825729,43.069651],[-105.830601,43.06966],[-105.830606,43.073286],[-105.825734,43.073274],[-105.825729,43.069651]]]}},{"type":"Feature","properties":{"q":"SESE","ac":39.7},"geometry":{"type":"Polygon","coordinates":[[[-105.850292,43.084187],[-105.855165,43.084254],[-105.855184,43.087895],[-105.850318,43.087835],[-105.850292,43.084187]]]}},{"type":"Feature","properties":{"q":"11","ac":39.4},"geometry":{"type":"Polygon","coordinates":[[[-105.825814,43.087769],[-105.82588,43.091393],[-105.82102,43.091367],[-105.82095,43.087746],[-105.825814,43.087769]]]}},{"type":"Feature","properties":{"q":"2","ac":39.1},"geometry":{"type":"Polygon","coordinates":[[[-105.865113,43.1097],[-105.869976,43.10969],[-105.870039,43.11328],[-105.865173,43.113306],[-105.865113,43.1097]]]}},{"type":"Feature","properties":{"q":"6","ac":41.1},"geometry":{"type":"Polygon","coordinates":[[[-105.821652,43.124104],[-105.826571,43.124069],[-105.82674,43.127818],[-105.82325,43.127831],[-105.821827,43.127837],[-105.821652,43.124104]]]}},{"type":"Feature","properties":{"q":"18","ac":38.7},"geometry":{"type":"Polygon","coordinates":[[[-105.860306,43.113333],[-105.865173,43.113306],[-105.865184,43.116893],[-105.860392,43.116916],[-105.860306,43.113333]]]}},{"type":"Feature","properties":{"q":"2","ac":41.0},"geometry":{"type":"Polygon","coordinates":[[[-105.836421,43.124055],[-105.841353,43.124076],[-105.841588,43.127761],[-105.838081,43.127775],[-105.836621,43.127781],[-105.836421,43.124055]]]}},{"type":"Feature","properties":{"q":"NWNW","ac":40.6},"geometry":{"type":"Polygon","coordinates":[[[-105.84559,43.109719],[-105.850522,43.109728],[-105.850573,43.113387],[-105.845622,43.113406],[-105.84559,43.109719]]]}},{"type":"Feature","properties":{"q":"13","ac":39.4},"geometry":{"type":"Polygon","coordinates":[[[-105.889506,43.044413],[-105.894423,43.044393],[-105.894415,43.047958],[-105.889498,43.048007],[-105.889506,43.044413]]]}},{"type":"Feature","properties":{"q":"5","ac":40.1},"geometry":{"type":"Polygon","coordinates":[[[-105.894475,43.080454],[-105.899424,43.08044],[-105.899465,43.084063],[-105.8945,43.084067],[-105.894475,43.080454]]]}},{"type":"Feature","properties":{"q":"18","ac":39.6},"geometry":{"type":"Polygon","coordinates":[[[-105.894391,43.069632],[-105.899302,43.069607],[-105.899343,43.073212],[-105.894421,43.073237],[-105.894391,43.069632]]]}},{"type":"Feature","properties":{"q":"16","ac":36.0},"geometry":{"type":"Polygon","coordinates":[[[-105.908681,43.062309],[-105.904222,43.062337],[-105.904226,43.058715],[-105.908656,43.058686],[-105.908681,43.062309]]]}},{"type":"Feature","properties":{"q":"16","ac":35.1},"geometry":{"type":"Polygon","coordinates":[[[-105.908555,43.04419],[-105.90858,43.047814],[-105.904213,43.047859],[-105.904204,43.044277],[-105.908555,43.04419]]]}},{"type":"Feature","properties":{"q":"7","ac":39.6},"geometry":{"type":"Polygon","coordinates":[[[-105.879806,43.105897],[-105.879785,43.109501],[-105.874881,43.109596],[-105.874859,43.105999],[-105.879806,43.105897]]]}},{"type":"Feature","properties":{"q":"12","ac":39.8},"geometry":{"type":"Polygon","coordinates":[[[-105.884693,43.091381],[-105.884646,43.087774],[-105.889583,43.087675],[-105.88963,43.091278],[-105.884693,43.091381]]]}},{"type":"Feature","properties":{"q":"NENW","ac":39.2},"geometry":{"type":"Polygon","coordinates":[[[-105.801363,43.065972],[-105.80623,43.065991],[-105.806241,43.069598],[-105.801372,43.069573],[-105.801363,43.065972]]]}},{"type":"Feature","properties":{"q":"3","ac":39.4},"geometry":{"type":"Polygon","coordinates":[[[-105.820873,43.080504],[-105.825744,43.080522],[-105.825749,43.084146],[-105.820879,43.084125],[-105.820873,43.080504]]]}},{"type":"Feature","properties":{"q":"15","ac":39.7},"geometry":{"type":"Polygon","coordinates":[[[-105.855101,43.069756],[-105.859995,43.069809],[-105.860006,43.073446],[-105.855117,43.073385],[-105.855101,43.069756]]]}},{"type":"Feature","properties":{"q":"5","ac":39.8},"geometry":{"type":"Polygon","coordinates":[[[-105.791595,43.073161],[-105.796479,43.073181],[-105.796455,43.076814],[-105.791556,43.0768],[-105.791595,43.073161]]]}},{"type":"Feature","properties":{"q":"4","ac":39.7},"geometry":{"type":"Polygon","coordinates":[[[-105.889677,43.094882],[-105.889724,43.098485],[-105.884786,43.098559],[-105.884739,43.09497],[-105.889677,43.094882]]]}},{"type":"Feature","properties":{"q":"1","ac":39.8},"geometry":{"type":"Polygon","coordinates":[[[-105.830501,43.051565],[-105.835417,43.051574],[-105.835424,43.055194],[-105.83051,43.055185],[-105.830501,43.051565]]]}},{"type":"Feature","properties":{"q":"4","ac":39.7},"geometry":{"type":"Polygon","coordinates":[[[-105.845291,43.06607],[-105.850196,43.066084],[-105.850206,43.069704],[-105.845305,43.069693],[-105.845291,43.06607]]]}},{"type":"Feature","properties":{"q":"2","ac":39.4},"geometry":{"type":"Polygon","coordinates":[[[-105.816003,43.080487],[-105.820873,43.080504],[-105.820879,43.084125],[-105.81601,43.084105],[-105.816003,43.080487]]]}},{"type":"Feature","properties":{"q":"13","ac":40.1},"geometry":{"type":"Polygon","coordinates":[[[-105.869844,43.040773],[-105.869833,43.044416],[-105.864912,43.044401],[-105.864927,43.040763],[-105.869844,43.040773]]]}},{"type":"Feature","properties":{"q":"SWNE","ac":39.5},"geometry":{"type":"Polygon","coordinates":[[[-105.801176,43.047936],[-105.801256,43.051553],[-105.796385,43.051556],[-105.796292,43.047937],[-105.801176,43.047936]]]}},{"type":"Feature","properties":{"q":"14","ac":39.5},"geometry":{"type":"Polygon","coordinates":[[[-105.820856,43.069642],[-105.825729,43.069651],[-105.825734,43.073274],[-105.820862,43.073263],[-105.820856,43.069642]]]}},{"type":"Feature","properties":{"q":"9","ac":39.3},"geometry":{"type":"Polygon","coordinates":[[[-105.81122,43.0877],[-105.816085,43.087723],[-105.81616,43.091342],[-105.8113,43.091316],[-105.81122,43.0877]]]}},{"type":"Feature","properties":{"q":"8","ac":39.8},"geometry":{"type":"Polygon","coordinates":[[[-105.830493,43.047945],[-105.835411,43.047954],[-105.835417,43.051574],[-105.830501,43.051565],[-105.830493,43.047945]]]}},{"type":"Feature","properties":{"q":"NENE","ac":39.1},"geometry":{"type":"Polygon","coordinates":[[[-105.791631,43.065935],[-105.796497,43.065954],[-105.796503,43.069547],[-105.791634,43.069521],[-105.791631,43.065935]]]}},{"type":"Feature","properties":{"q":"10","ac":39.7},"geometry":{"type":"Polygon","coordinates":[[[-105.821156,43.102252],[-105.826029,43.102273],[-105.826046,43.105907],[-105.82115,43.105895],[-105.821156,43.102252]]]}},{"type":"Feature","properties":{"q":"4","ac":39.8},"geometry":{"type":"Polygon","coordinates":[[[-105.845359,43.08056],[-105.850271,43.080566],[-105.850292,43.084187],[-105.845379,43.084183],[-105.845359,43.08056]]]}},{"type":"Feature","properties":{"q":"10","ac":40.6},"geometry":{"type":"Polygon","coordinates":[[[-105.900179,43.123783],[-105.905063,43.123817],[-105.905169,43.12753],[-105.901645,43.127545],[-105.900336,43.12755],[-105.900179,43.123783]]]}},{"type":"Feature","properties":{"q":"3","ac":39.9},"geometry":{"type":"Polygon","coordinates":[[[-105.879765,43.113105],[-105.879785,43.109501],[-105.884736,43.109399],[-105.884719,43.113002],[-105.879765,43.113105]]]}},{"type":"Feature","properties":{"q":"6","ac":40.7},"geometry":{"type":"Polygon","coordinates":[[[-105.841588,43.127761],[-105.841353,43.124076],[-105.846318,43.124096],[-105.846556,43.12774],[-105.843046,43.127755],[-105.841588,43.127761]]]}},{"type":"Feature","properties":{"q":"14","ac":40.1},"geometry":{"type":"Polygon","coordinates":[[[-105.894546,43.087679],[-105.89951,43.087683],[-105.899555,43.091303],[-105.894593,43.091291],[-105.894546,43.087679]]]}},{"type":"Feature","properties":{"q":"14","ac":39.8},"geometry":{"type":"Polygon","coordinates":[[[-105.894396,43.05878],[-105.899311,43.058747],[-105.899308,43.062367],[-105.894395,43.062397],[-105.894396,43.05878]]]}},{"type":"Feature","properties":{"q":"15","ac":38.8},"geometry":{"type":"Polygon","coordinates":[[[-105.899332,43.047908],[-105.89934,43.044374],[-105.904204,43.044277],[-105.904213,43.047859],[-105.899332,43.047908]]]}},{"type":"Feature","properties":{"q":"17","ac":35.8},"geometry":{"type":"Polygon","coordinates":[[[-105.904226,43.058715],[-105.90423,43.055093],[-105.90863,43.055062],[-105.908656,43.058686],[-105.904226,43.058715]]]}},{"type":"Feature","properties":{"q":"19","ac":40.1},"geometry":{"type":"Polygon","coordinates":[[[-105.894685,43.098501],[-105.899645,43.098517],[-105.899666,43.102131],[-105.894689,43.10211],[-105.894685,43.098501]]]}},{"type":"Feature","properties":{"q":"19","ac":40.0},"geometry":{"type":"Polygon","coordinates":[[[-105.8945,43.084067],[-105.894546,43.087679],[-105.889583,43.087675],[-105.889536,43.084072],[-105.8945,43.084067]]]}},{"type":"Feature","properties":{"q":"11","ac":39.8},"geometry":{"type":"Polygon","coordinates":[[[-105.894395,43.062397],[-105.899308,43.062367],[-105.899305,43.065987],[-105.894393,43.066015],[-105.894395,43.062397]]]}},{"type":"Feature","properties":{"q":"1","ac":39.6},"geometry":{"type":"Polygon","coordinates":[[[-105.850196,43.066084],[-105.855088,43.066131],[-105.855101,43.069756],[-105.850206,43.069704],[-105.850196,43.066084]]]}},{"type":"Feature","properties":{"q":"3","ac":39.6},"geometry":{"type":"Polygon","coordinates":[[[-105.845467,43.0951],[-105.845494,43.098732],[-105.840616,43.098711],[-105.840576,43.095081],[-105.845467,43.0951]]]}},{"type":"Feature","properties":{"q":"NWNW","ac":39.3},"geometry":{"type":"Polygon","coordinates":[[[-105.864928,43.095258],[-105.869787,43.095304],[-105.869786,43.098921],[-105.864932,43.098879],[-105.864928,43.095258]]]}},{"type":"Feature","properties":{"q":"8","ac":40.2},"geometry":{"type":"Polygon","coordinates":[[[-105.869792,43.062628],[-105.874735,43.062578],[-105.874722,43.066214],[-105.869788,43.066271],[-105.869792,43.062628]]]}},{"type":"Feature","properties":{"q":"13","ac":39.8},"geometry":{"type":"Polygon","coordinates":[[[-105.889536,43.084072],[-105.889583,43.087675],[-105.884646,43.087774],[-105.884599,43.084167],[-105.889536,43.084072]]]}},{"type":"Feature","properties":{"q":"SESW","ac":40.0},"geometry":{"type":"Polygon","coordinates":[[[-105.859932,43.055301],[-105.864866,43.055322],[-105.864872,43.058955],[-105.859948,43.058923],[-105.859932,43.055301]]]}},{"type":"Feature","properties":{"q":"12","ac":39.7},"geometry":{"type":"Polygon","coordinates":[[[-105.845322,43.073315],[-105.850228,43.073325],[-105.850249,43.076946],[-105.845339,43.076937],[-105.845322,43.073315]]]}},{"type":"Feature","properties":{"q":"3","ac":39.2},"geometry":{"type":"Polygon","coordinates":[[[-105.879715,43.05162],[-105.884602,43.051611],[-105.884604,43.055202],[-105.879726,43.055207],[-105.879715,43.05162]]]}},{"type":"Feature","properties":{"q":"NWNE","ac":39.4},"geometry":{"type":"Polygon","coordinates":[[[-105.855213,43.095165],[-105.860069,43.095212],[-105.860079,43.098837],[-105.855225,43.098795],[-105.855213,43.095165]]]}},{"type":"Feature","properties":{"q":"NWSW","ac":40.0},"geometry":{"type":"Polygon","coordinates":[[[-105.850318,43.087835],[-105.850345,43.091484],[-105.84544,43.091468],[-105.84541,43.087825],[-105.850318,43.087835]]]}},{"type":"Feature","properties":{"q":"8","ac":39.5},"geometry":{"type":"Polygon","coordinates":[[[-105.850249,43.076946],[-105.855133,43.077014],[-105.855149,43.080634],[-105.850271,43.080566],[-105.850249,43.076946]]]}},{"type":"Feature","properties":{"q":"12","ac":40.7},"geometry":{"type":"Polygon","coordinates":[[[-105.80643,43.102228],[-105.81141,43.102208],[-105.811359,43.10587],[-105.806393,43.105885],[-105.80643,43.102228]]]}},{"type":"Feature","properties":{"q":"1","ac":39.9},"geometry":{"type":"Polygon","coordinates":[[[-105.86979,43.080836],[-105.874722,43.080745],[-105.874725,43.084358],[-105.869788,43.084453],[-105.86979,43.080836]]]}},{"type":"Feature","properties":{"q":"2","ac":40.4},"geometry":{"type":"Polygon","coordinates":[[[-105.801439,43.094965],[-105.801473,43.098592],[-105.79648,43.098615],[-105.796466,43.094982],[-105.801439,43.094965]]]}},{"type":"Feature","properties":{"q":"5","ac":39.8},"geometry":{"type":"Polygon","coordinates":[[[-105.845246,43.047972],[-105.850163,43.04798],[-105.850164,43.051601],[-105.845249,43.051592],[-105.845246,43.047972]]]}},{"type":"Feature","properties":{"q":"SESW","ac":39.5},"geometry":{"type":"Polygon","coordinates":[[[-105.860049,43.087954],[-105.860039,43.084321],[-105.864914,43.084387],[-105.864918,43.088012],[-105.860049,43.087954]]]}},{"type":"Feature","properties":{"q":"8","ac":40.0},"geometry":{"type":"Polygon","coordinates":[[[-105.845558,43.106032],[-105.840644,43.105995],[-105.84063,43.102353],[-105.845526,43.102382],[-105.845558,43.106032]]]}},{"type":"Feature","properties":{"q":"SESE","ac":40.0},"geometry":{"type":"Polygon","coordinates":[[[-105.791529,43.084079],[-105.796432,43.084081],[-105.796442,43.087714],[-105.791514,43.087719],[-105.791529,43.084079]]]}},{"type":"Feature","properties":{"q":"7","ac":39.5},"geometry":{"type":"Polygon","coordinates":[[[-105.855133,43.077014],[-105.860017,43.077083],[-105.860028,43.080702],[-105.855149,43.080634],[-105.855133,43.077014]]]}},{"type":"Feature","properties":{"q":"12","ac":39.6},"geometry":{"type":"Polygon","coordinates":[[[-105.84063,43.102353],[-105.835766,43.102324],[-105.835739,43.098691],[-105.840616,43.098711],[-105.84063,43.102353]]]}},{"type":"Feature","properties":{"q":"15","ac":39.9},"geometry":{"type":"Polygon","coordinates":[[[-105.835405,43.044334],[-105.835399,43.040713],[-105.840322,43.04072],[-105.840326,43.044341],[-105.835405,43.044334]]]}},{"type":"Feature","properties":{"q":"3","ac":40.2},"geometry":{"type":"Polygon","coordinates":[[[-105.859932,43.055301],[-105.859952,43.05166],[-105.864881,43.051681],[-105.864866,43.055322],[-105.859932,43.055301]]]}},{"type":"Feature","properties":{"q":"4","ac":39.4},"geometry":{"type":"Polygon","coordinates":[[[-105.825626,43.051561],[-105.830501,43.051565],[-105.83051,43.055185],[-105.825646,43.055179],[-105.825626,43.051561]]]}},{"type":"Feature","properties":{"q":"6","ac":40.5},"geometry":{"type":"Polygon","coordinates":[[[-105.801427,43.105901],[-105.806393,43.105885],[-105.806357,43.109543],[-105.801405,43.109555],[-105.801427,43.105901]]]}},{"type":"Feature","properties":{"q":"8","ac":42.3},"geometry":{"type":"Polygon","coordinates":[[[-105.895503,43.127571],[-105.892017,43.127585],[-105.89067,43.12759],[-105.890177,43.123711],[-105.895178,43.123747],[-105.895503,43.127571]]]}},{"type":"Feature","properties":{"q":"11","ac":35.5},"geometry":{"type":"Polygon","coordinates":[[[-105.909384,43.123847],[-105.90947,43.127512],[-105.90646,43.127525],[-105.905169,43.12753],[-105.905063,43.123817],[-105.909384,43.123847]]]}},{"type":"Feature","properties":{"q":"1","ac":39.3},"geometry":{"type":"Polygon","coordinates":[[[-105.860249,43.109709],[-105.865113,43.1097],[-105.865173,43.113306],[-105.860306,43.113333],[-105.860249,43.109709]]]}},{"type":"Feature","properties":{"q":"4","ac":39.9},"geometry":{"type":"Polygon","coordinates":[[[-105.889687,43.109296],[-105.889674,43.1129],[-105.884719,43.113002],[-105.884736,43.109399],[-105.889687,43.109296]]]}},{"type":"Feature","properties":{"q":"17","ac":39.6},"geometry":{"type":"Polygon","coordinates":[[[-105.899302,43.069607],[-105.904213,43.069581],[-105.904263,43.073187],[-105.899343,43.073212],[-105.899302,43.069607]]]}},{"type":"Feature","properties":{"q":"7","ac":40.0},"geometry":{"type":"Polygon","coordinates":[[[-105.904557,43.094924],[-105.904605,43.098533],[-105.899645,43.098517],[-105.8996,43.09491],[-105.904557,43.094924]]]}},{"type":"Feature","properties":{"q":"8","ac":36.2},"geometry":{"type":"Polygon","coordinates":[[[-105.904312,43.076793],[-105.908778,43.076771],[-105.908818,43.080413],[-105.904371,43.080426],[-105.904312,43.076793]]]}},{"type":"Feature","properties":{"q":"6","ac":40.2},"geometry":{"type":"Polygon","coordinates":[[[-105.899424,43.08044],[-105.904371,43.080426],[-105.904429,43.084059],[-105.899465,43.084063],[-105.899424,43.08044]]]}},{"type":"Feature","properties":{"q":"12","ac":39.6},"geometry":{"type":"Polygon","coordinates":[[[-105.88949,43.051602],[-105.889498,43.048007],[-105.894415,43.047958],[-105.894407,43.05156],[-105.88949,43.051602]]]}},{"type":"Feature","properties":{"q":"11","ac":39.9},"geometry":{"type":"Polygon","coordinates":[[[-105.884769,43.102177],[-105.889712,43.102089],[-105.889699,43.105693],[-105.884753,43.105795],[-105.884769,43.102177]]]}},{"type":"Feature","properties":{"q":"10","ac":40.5},"geometry":{"type":"Polygon","coordinates":[[[-105.879703,43.058867],[-105.879679,43.062528],[-105.874735,43.062578],[-105.874749,43.058927],[-105.879703,43.058867]]]}},{"type":"Feature","properties":{"q":"SWNW","ac":39.3},"geometry":{"type":"Polygon","coordinates":[[[-105.806218,43.062383],[-105.811081,43.062394],[-105.811096,43.066009],[-105.80623,43.065991],[-105.806218,43.062383]]]}},{"type":"Feature","properties":{"q":"4","ac":39.8},"geometry":{"type":"Polygon","coordinates":[[[-105.884599,43.084167],[-105.884591,43.08056],[-105.889527,43.080468],[-105.889536,43.084072],[-105.884599,43.084167]]]}},{"type":"Feature","properties":{"q":"15","ac":39.7},"geometry":{"type":"Polygon","coordinates":[[[-105.815748,43.040704],[-105.820661,43.040705],[-105.820691,43.044322],[-105.81579,43.044321],[-105.815748,43.040704]]]}},{"type":"Feature","properties":{"q":"9","ac":39.8},"geometry":{"type":"Polygon","coordinates":[[[-105.816283,43.10223],[-105.821156,43.102252],[-105.82115,43.105895],[-105.816255,43.105882],[-105.816283,43.10223]]]}},{"type":"Feature","properties":{"q":"5","ac":40.0},"geometry":{"type":"Polygon","coordinates":[[[-105.864878,43.062587],[-105.869792,43.062628],[-105.869788,43.066271],[-105.864884,43.066224],[-105.864878,43.062587]]]}},{"type":"Feature","properties":{"q":"9","ac":39.4},"geometry":{"type":"Polygon","coordinates":[[[-105.806241,43.069598],[-105.81111,43.069624],[-105.811118,43.073239],[-105.80624,43.07322],[-105.806241,43.069598]]]}},{"type":"Feature","properties":{"q":"NESW","ac":39.5},"geometry":{"type":"Polygon","coordinates":[[[-105.860049,43.087954],[-105.864918,43.088012],[-105.864923,43.091637],[-105.860059,43.091586],[-105.860049,43.087954]]]}},{"type":"Feature","properties":{"q":"15","ac":39.9},"geometry":{"type":"Polygon","coordinates":[[[-105.879679,43.040796],[-105.879691,43.044414],[-105.874762,43.044415],[-105.874761,43.040785],[-105.879679,43.040796]]]}},{"type":"Feature","properties":{"q":"NWSE","ac":39.5},"geometry":{"type":"Polygon","coordinates":[[[-105.855184,43.087895],[-105.860049,43.087954],[-105.860059,43.091586],[-105.855202,43.091535],[-105.855184,43.087895]]]}},{"type":"Feature","properties":{"q":"11","ac":39.7},"geometry":{"type":"Polygon","coordinates":[[[-105.840354,43.058817],[-105.845265,43.05883],[-105.845278,43.062447],[-105.84037,43.062431],[-105.840354,43.058817]]]}},{"type":"Feature","properties":{"q":"NWNE","ac":39.1},"geometry":{"type":"Polygon","coordinates":[[[-105.801363,43.065972],[-105.801372,43.069573],[-105.796503,43.069547],[-105.796497,43.065954],[-105.801363,43.065972]]]}},{"type":"Feature","properties":{"q":"2","ac":39.4},"geometry":{"type":"Polygon","coordinates":[[[-105.815875,43.051553],[-105.820751,43.051557],[-105.820781,43.055174],[-105.815917,43.055169],[-105.815875,43.051553]]]}},{"type":"Feature","properties":{"q":"10","ac":39.8},"geometry":{"type":"Polygon","coordinates":[[[-105.840536,43.091451],[-105.835638,43.091435],[-105.835587,43.087804],[-105.840496,43.087815],[-105.840536,43.091451]]]}},{"type":"Feature","properties":{"q":"7","ac":40.1},"geometry":{"type":"Polygon","coordinates":[[[-105.879679,43.062528],[-105.879656,43.066156],[-105.874722,43.066214],[-105.874735,43.062578],[-105.879679,43.062528]]]}},{"type":"Feature","properties":{"q":"5","ac":39.3},"geometry":{"type":"Polygon","coordinates":[[[-105.865052,43.106093],[-105.860192,43.106085],[-105.860135,43.102461],[-105.864992,43.102486],[-105.865052,43.106093]]]}},{"type":"Feature","properties":{"q":"2","ac":39.6},"geometry":{"type":"Polygon","coordinates":[[[-105.835689,43.095063],[-105.840576,43.095081],[-105.840616,43.098711],[-105.835739,43.098691],[-105.835689,43.095063]]]}},{"type":"Feature","properties":{"q":"NENE","ac":39.4},"geometry":{"type":"Polygon","coordinates":[[[-105.796478,43.055174],[-105.79162,43.055177],[-105.791514,43.051558],[-105.796385,43.051556],[-105.796478,43.055174]]]}},{"type":"Feature","properties":{"q":"3","ac":39.5},"geometry":{"type":"Polygon","coordinates":[[[-105.879801,43.095058],[-105.884739,43.09497],[-105.884786,43.098559],[-105.879847,43.098633],[-105.879801,43.095058]]]}},{"type":"Feature","properties":{"q":"15","ac":40.0},"geometry":{"type":"Polygon","coordinates":[[[-105.874725,43.084358],[-105.879662,43.084262],[-105.879709,43.087872],[-105.874748,43.087972],[-105.874725,43.084358]]]}},{"type":"Feature","properties":{"q":"7","ac":39.8},"geometry":{"type":"Polygon","coordinates":[[[-105.874762,43.048046],[-105.879703,43.048033],[-105.879715,43.05162],[-105.874763,43.051661],[-105.874762,43.048046]]]}},{"type":"Feature","properties":{"q":"SWSE","ac":39.6},"geometry":{"type":"Polygon","coordinates":[[[-105.860039,43.084321],[-105.860049,43.087954],[-105.855184,43.087895],[-105.855165,43.084254],[-105.860039,43.084321]]]}},{"type":"Feature","properties":{"q":"2","ac":39.5},"geometry":{"type":"Polygon","coordinates":[[[-105.825729,43.069651],[-105.820856,43.069642],[-105.820837,43.066019],[-105.825701,43.066024],[-105.825729,43.069651]]]}},{"type":"Feature","properties":{"q":"14","ac":39.7},"geometry":{"type":"Polygon","coordinates":[[[-105.845305,43.069693],[-105.845322,43.073315],[-105.840417,43.073306],[-105.840404,43.069682],[-105.845305,43.069693]]]}},{"type":"Feature","properties":{"q":"15","ac":40.0},"geometry":{"type":"Polygon","coordinates":[[[-105.879632,43.069785],[-105.87964,43.073414],[-105.874714,43.07349],[-105.874708,43.069849],[-105.879632,43.069785]]]}},{"type":"Feature","properties":{"q":"14","ac":39.6},"geometry":{"type":"Polygon","coordinates":[[[-105.821161,43.098609],[-105.821156,43.102252],[-105.816283,43.10223],[-105.816311,43.098578],[-105.821161,43.098609]]]}},{"type":"Feature","properties":{"q":"SESW","ac":39.7},"geometry":{"type":"Polygon","coordinates":[[[-105.805926,43.040703],[-105.805993,43.044319],[-105.801096,43.044319],[-105.801016,43.040701],[-105.805926,43.040703]]]}},{"type":"Feature","properties":{"q":"SENW","ac":39.4},"geometry":{"type":"Polygon","coordinates":[[[-105.860059,43.091586],[-105.864923,43.091637],[-105.864928,43.095258],[-105.860069,43.095212],[-105.860059,43.091586]]]}},{"type":"Feature","properties":{"q":"11","ac":39.8},"geometry":{"type":"Polygon","coordinates":[[[-105.840326,43.044341],[-105.845246,43.044349],[-105.845246,43.047972],[-105.84033,43.047963],[-105.840326,43.044341]]]}},{"type":"Feature","properties":{"q":"1","ac":40.5},"geometry":{"type":"Polygon","coordinates":[[[-105.791492,43.094998],[-105.796466,43.094982],[-105.79648,43.098615],[-105.791486,43.098638],[-105.791492,43.094998]]]}},{"type":"Feature","properties":{"q":"12","ac":39.2},"geometry":{"type":"Polygon","coordinates":[[[-105.825659,43.058789],[-105.825646,43.055179],[-105.83051,43.055185],[-105.830518,43.058792],[-105.825659,43.058789]]]}},{"type":"Feature","properties":{"q":"8","ac":39.0},"geometry":{"type":"Polygon","coordinates":[[[-105.796478,43.055174],[-105.796485,43.058767],[-105.791624,43.058763],[-105.79162,43.055177],[-105.796478,43.055174]]]}},{"type":"Feature","properties":{"q":"8","ac":40.3},"geometry":{"type":"Polygon","coordinates":[[[-105.874771,43.091585],[-105.874794,43.095181],[-105.869787,43.095304],[-105.869787,43.091687],[-105.874771,43.091585]]]}},{"type":"Feature","properties":{"q":"5","ac":39.7},"geometry":{"type":"Polygon","coordinates":[[[-105.845278,43.062447],[-105.850185,43.062463],[-105.850196,43.066084],[-105.845291,43.06607],[-105.845278,43.062447]]]}},{"type":"Feature","properties":{"q":"7","ac":39.1},"geometry":{"type":"Polygon","coordinates":[[[-105.796478,43.055174],[-105.801336,43.05517],[-105.801345,43.058771],[-105.796485,43.058767],[-105.796478,43.055174]]]}},{"type":"Feature","properties":{"q":"NWNE","ac":39.8},"geometry":{"type":"Polygon","coordinates":[[[-105.796443,43.080447],[-105.801344,43.080455],[-105.801335,43.084082],[-105.796432,43.084081],[-105.796443,43.080447]]]}},{"type":"Feature","properties":{"q":"1","ac":39.8},"geometry":{"type":"Polygon","coordinates":[[[-105.835503,43.069671],[-105.830601,43.06966],[-105.830564,43.066029],[-105.835476,43.066043],[-105.835503,43.069671]]]}},{"type":"Feature","properties":{"q":"8","ac":40.1},"geometry":{"type":"Polygon","coordinates":[[[-105.796442,43.087714],[-105.801369,43.08771],[-105.801404,43.091338],[-105.796452,43.091348],[-105.796442,43.087714]]]}},{"type":"Feature","properties":{"q":"16","ac":40.7},"geometry":{"type":"Polygon","coordinates":[[[-105.88969,43.116451],[-105.894784,43.116502],[-105.894866,43.120066],[-105.889706,43.120002],[-105.88969,43.116451]]]}},{"type":"Feature","properties":{"q":"19","ac":38.7},"geometry":{"type":"Polygon","coordinates":[[[-105.855439,43.11336],[-105.860306,43.113333],[-105.860392,43.116916],[-105.855601,43.11694],[-105.855439,43.11336]]]}},{"type":"Feature","properties":{"q":"9","ac":39.8},"geometry":{"type":"Polygon","coordinates":[[[-105.841122,43.120476],[-105.846085,43.120508],[-105.846318,43.124096],[-105.841353,43.124076],[-105.841122,43.120476]]]}},{"type":"Feature","properties":{"q":"8","ac":39.7},"geometry":{"type":"Polygon","coordinates":[[[-105.846085,43.120508],[-105.851047,43.12054],[-105.851284,43.124116],[-105.846318,43.124096],[-105.846085,43.120508]]]}},{"type":"Feature","properties":{"q":"10","ac":39.7},"geometry":{"type":"Polygon","coordinates":[[[-105.836228,43.120444],[-105.836421,43.124055],[-105.831491,43.124033],[-105.831334,43.120412],[-105.836228,43.120444]]]}},{"type":"Feature","properties":{"q":"13","ac":39.2},"geometry":{"type":"Polygon","coordinates":[[[-105.841122,43.120476],[-105.840897,43.116951],[-105.845853,43.116957],[-105.846085,43.120508],[-105.841122,43.120476]]]}},{"type":"Feature","properties":{"q":"9","ac":40.1},"geometry":{"type":"Polygon","coordinates":[[[-105.904312,43.076793],[-105.904371,43.080426],[-105.899424,43.08044],[-105.899383,43.076817],[-105.904312,43.076793]]]}},{"type":"Feature","properties":{"q":"5","ac":39.6},"geometry":{"type":"Polygon","coordinates":[[[-105.894407,43.05156],[-105.894398,43.055162],[-105.889482,43.055196],[-105.88949,43.051602],[-105.894407,43.05156]]]}},{"type":"Feature","properties":{"q":"11","ac":39.7},"geometry":{"type":"Polygon","coordinates":[[[-105.899332,43.047908],[-105.899323,43.051518],[-105.894407,43.05156],[-105.894415,43.047958],[-105.899332,43.047908]]]}},{"type":"Feature","properties":{"q":"8","ac":35.5},"geometry":{"type":"Polygon","coordinates":[[[-105.904557,43.094924],[-105.908963,43.094936],[-105.90901,43.098547],[-105.904605,43.098533],[-105.904557,43.094924]]]}},{"type":"Feature","properties":{"q":"6","ac":39.7},"geometry":{"type":"Polygon","coordinates":[[[-105.894393,43.066015],[-105.899305,43.065987],[-105.899302,43.069607],[-105.894391,43.069632],[-105.894393,43.066015]]]}},{"type":"Feature","properties":{"q":"18","ac":38.6},"geometry":{"type":"Polygon","coordinates":[[[-105.904195,43.040695],[-105.904204,43.044277],[-105.89934,43.044374],[-105.899349,43.04084],[-105.904195,43.040695]]]}},{"type":"Feature","properties":{"q":"10","ac":40.0},"geometry":{"type":"Polygon","coordinates":[[[-105.904508,43.091314],[-105.904557,43.094924],[-105.8996,43.09491],[-105.899555,43.091303],[-105.904508,43.091314]]]}},{"type":"Feature","properties":{"q":"12","ac":40.3},"geometry":{"type":"Polygon","coordinates":[[[-105.889687,43.109296],[-105.889699,43.105693],[-105.894693,43.105718],[-105.894697,43.109328],[-105.889687,43.109296]]]}},{"type":"Feature","properties":{"q":"19","ac":39.6},"geometry":{"type":"Polygon","coordinates":[[[-105.894391,43.069632],[-105.894421,43.073237],[-105.889499,43.073261],[-105.88948,43.069658],[-105.894391,43.069632]]]}},{"type":"Feature","properties":{"q":"17","ac":40.2},"geometry":{"type":"Polygon","coordinates":[[[-105.904469,43.087687],[-105.89951,43.087683],[-105.899465,43.084063],[-105.904429,43.084059],[-105.904469,43.087687]]]}},{"type":"Feature","properties":{"q":"10","ac":40.0},"geometry":{"type":"Polygon","coordinates":[[[-105.899424,43.08044],[-105.894475,43.080454],[-105.894451,43.076841],[-105.899383,43.076817],[-105.899424,43.08044]]]}},{"type":"Feature","properties":{"q":"20","ac":39.4},"geometry":{"type":"Polygon","coordinates":[[[-105.894423,43.044393],[-105.889506,43.044413],[-105.889514,43.040818],[-105.894431,43.040829],[-105.894423,43.044393]]]}},{"type":"Feature","properties":{"q":"12","ac":39.7},"geometry":{"type":"Polygon","coordinates":[[[-105.894421,43.073237],[-105.894451,43.076841],[-105.889518,43.076865],[-105.889499,43.073261],[-105.894421,43.073237]]]}},{"type":"Feature","properties":{"q":"9","ac":35.6},"geometry":{"type":"Polygon","coordinates":[[[-105.904508,43.091314],[-105.908917,43.091325],[-105.908963,43.094936],[-105.904557,43.094924],[-105.904508,43.091314]]]}},{"type":"Feature","properties":{"q":"7","ac":36.1},"geometry":{"type":"Polygon","coordinates":[[[-105.904371,43.080426],[-105.908818,43.080413],[-105.908857,43.084055],[-105.904429,43.084059],[-105.904371,43.080426]]]}},{"type":"Feature","properties":{"q":"NESW","ac":40.1},"geometry":{"type":"Polygon","coordinates":[[[-105.89951,43.087683],[-105.904469,43.087687],[-105.904508,43.091314],[-105.899555,43.091303],[-105.89951,43.087683]]]}},{"type":"Feature","properties":{"q":"14","ac":39.0},"geometry":{"type":"Polygon","coordinates":[[[-105.894423,43.044393],[-105.89934,43.044374],[-105.899332,43.047908],[-105.894415,43.047958],[-105.894423,43.044393]]]}},{"type":"Feature","properties":{"q":"17","ac":35.0},"geometry":{"type":"Polygon","coordinates":[[[-105.908529,43.040566],[-105.908555,43.04419],[-105.904204,43.044277],[-105.904195,43.040695],[-105.908529,43.040566]]]}},{"type":"Feature","properties":{"q":"17","ac":35.6},"geometry":{"type":"Polygon","coordinates":[[[-105.909033,43.102169],[-105.904639,43.102151],[-105.904605,43.098533],[-105.90901,43.098547],[-105.909033,43.102169]]]}},{"type":"Feature","properties":{"q":"16","ac":35.9},"geometry":{"type":"Polygon","coordinates":[[[-105.908887,43.08769],[-105.904469,43.087687],[-105.904429,43.084059],[-105.908857,43.084055],[-105.908887,43.08769]]]}},{"type":"Feature","properties":{"q":"6","ac":40.0},"geometry":{"type":"Polygon","coordinates":[[[-105.894639,43.094896],[-105.8996,43.09491],[-105.899645,43.098517],[-105.894685,43.098501],[-105.894639,43.094896]]]}},{"type":"Feature","properties":{"q":"15","ac":39.8},"geometry":{"type":"Polygon","coordinates":[[[-105.899311,43.058747],[-105.904226,43.058715],[-105.904222,43.062337],[-105.899308,43.062367],[-105.899311,43.058747]]]}},{"type":"Feature","properties":{"q":"19","ac":39.0},"geometry":{"type":"Polygon","coordinates":[[[-105.894431,43.040829],[-105.899349,43.04084],[-105.89934,43.044374],[-105.894423,43.044393],[-105.894431,43.040829]]]}},{"type":"Feature","properties":{"q":"7","ac":39.7},"geometry":{"type":"Polygon","coordinates":[[[-105.899323,43.051518],[-105.904222,43.051476],[-105.90423,43.055093],[-105.899314,43.055127],[-105.899323,43.051518]]]}},{"type":"Feature","properties":{"q":"9","ac":35.4},"geometry":{"type":"Polygon","coordinates":[[[-105.90858,43.047814],[-105.908605,43.051438],[-105.904222,43.051476],[-105.904213,43.047859],[-105.90858,43.047814]]]}},{"type":"Feature","properties":{"q":"13","ac":40.0},"geometry":{"type":"Polygon","coordinates":[[[-105.889583,43.087675],[-105.894546,43.087679],[-105.894593,43.091291],[-105.88963,43.091278],[-105.889583,43.087675]]]}},{"type":"Feature","properties":{"q":"15","ac":35.8},"geometry":{"type":"Polygon","coordinates":[[[-105.904469,43.087687],[-105.908887,43.08769],[-105.908917,43.091325],[-105.904508,43.091314],[-105.904469,43.087687]]]}},{"type":"Feature","properties":{"q":"15","ac":36.1},"geometry":{"type":"Polygon","coordinates":[[[-105.904263,43.073187],[-105.908755,43.073164],[-105.908778,43.076771],[-105.904312,43.076793],[-105.904263,43.073187]]]}},{"type":"Feature","properties":{"q":"11","ac":40.0},"geometry":{"type":"Polygon","coordinates":[[[-105.894639,43.094896],[-105.894593,43.091291],[-105.899555,43.091303],[-105.8996,43.09491],[-105.894639,43.094896]]]}},{"type":"Feature","properties":{"q":"18","ac":40.1},"geometry":{"type":"Polygon","coordinates":[[[-105.899645,43.098517],[-105.904605,43.098533],[-105.904639,43.102151],[-105.899666,43.102131],[-105.899645,43.098517]]]}},{"type":"Feature","properties":{"q":"18","ac":39.8},"geometry":{"type":"Polygon","coordinates":[[[-105.899311,43.058747],[-105.899314,43.055127],[-105.90423,43.055093],[-105.904226,43.058715],[-105.899311,43.058747]]]}},{"type":"Feature","properties":{"q":"13","ac":39.7},"geometry":{"type":"Polygon","coordinates":[[[-105.889482,43.058812],[-105.894396,43.05878],[-105.894395,43.062397],[-105.889481,43.062427],[-105.889482,43.058812]]]}},{"type":"Feature","properties":{"q":"13","ac":40.2},"geometry":{"type":"Polygon","coordinates":[[[-105.894689,43.10211],[-105.894693,43.105718],[-105.889699,43.105693],[-105.889712,43.102089],[-105.894689,43.10211]]]}},{"type":"Feature","properties":{"q":"18","ac":40.1},"geometry":{"type":"Polygon","coordinates":[[[-105.8945,43.084067],[-105.899465,43.084063],[-105.89951,43.087683],[-105.894546,43.087679],[-105.8945,43.084067]]]}},{"type":"Feature","properties":{"q":"5","ac":40.0},"geometry":{"type":"Polygon","coordinates":[[[-105.889677,43.094882],[-105.894639,43.094896],[-105.894685,43.098501],[-105.889724,43.098485],[-105.889677,43.094882]]]}},{"type":"Feature","properties":{"q":"10","ac":39.8},"geometry":{"type":"Polygon","coordinates":[[[-105.904222,43.062337],[-105.904217,43.065959],[-105.899305,43.065987],[-105.899308,43.062367],[-105.904222,43.062337]]]}},{"type":"Feature","properties":{"q":"10","ac":39.5},"geometry":{"type":"Polygon","coordinates":[[[-105.904213,43.047859],[-105.904222,43.051476],[-105.899323,43.051518],[-105.899332,43.047908],[-105.904213,43.047859]]]}},{"type":"Feature","properties":{"q":"19","ac":39.8},"geometry":{"type":"Polygon","coordinates":[[[-105.894398,43.055162],[-105.899314,43.055127],[-105.899311,43.058747],[-105.894396,43.05878],[-105.894398,43.055162]]]}},{"type":"Feature","properties":{"q":"8","ac":36.5},"geometry":{"type":"Polygon","coordinates":[[[-105.904217,43.065959],[-105.908706,43.065933],[-105.908732,43.069557],[-105.904213,43.069581],[-105.904217,43.065959]]]}},{"type":"Feature","properties":{"q":"5","ac":39.9},"geometry":{"type":"Polygon","coordinates":[[[-105.82115,43.105895],[-105.826046,43.105907],[-105.826063,43.109541],[-105.821145,43.109538],[-105.82115,43.105895]]]}},{"type":"Feature","properties":{"q":"6","ac":39.4},"geometry":{"type":"Polygon","coordinates":[[[-105.81595,43.062395],[-105.820818,43.062397],[-105.820837,43.066019],[-105.815966,43.066014],[-105.81595,43.062395]]]}},{"type":"Feature","properties":{"q":"12","ac":39.7},"geometry":{"type":"Polygon","coordinates":[[[-105.884592,43.05884],[-105.889482,43.058812],[-105.889481,43.062427],[-105.88458,43.062477],[-105.884592,43.05884]]]}},{"type":"Feature","properties":{"q":"9","ac":40.2},"geometry":{"type":"Polygon","coordinates":[[[-105.879827,43.102265],[-105.879806,43.105897],[-105.874859,43.105999],[-105.874838,43.102388],[-105.879827,43.102265]]]}},{"type":"Feature","properties":{"q":"14","ac":39.8},"geometry":{"type":"Polygon","coordinates":[[[-105.859995,43.069809],[-105.86489,43.069861],[-105.864897,43.073506],[-105.860006,43.073446],[-105.859995,43.069809]]]}},{"type":"Feature","properties":{"q":"SWNE","ac":39.1},"geometry":{"type":"Polygon","coordinates":[[[-105.796491,43.062361],[-105.801354,43.062372],[-105.801363,43.065972],[-105.796497,43.065954],[-105.796491,43.062361]]]}},{"type":"Feature","properties":{"q":"13","ac":39.3},"geometry":{"type":"Polygon","coordinates":[[[-105.820781,43.055174],[-105.825646,43.055179],[-105.825659,43.058789],[-105.8208,43.058785],[-105.820781,43.055174]]]}},{"type":"Feature","properties":{"q":"9","ac":39.3},"geometry":{"type":"Polygon","coordinates":[[[-105.815933,43.058782],[-105.8208,43.058785],[-105.820818,43.062397],[-105.81595,43.062395],[-105.815933,43.058782]]]}},{"type":"Feature","properties":{"q":"13","ac":39.5},"geometry":{"type":"Polygon","coordinates":[[[-105.821161,43.098609],[-105.826011,43.098639],[-105.826029,43.102273],[-105.821156,43.102252],[-105.821161,43.098609]]]}},{"type":"Feature","properties":{"q":"16","ac":40.0},"geometry":{"type":"Polygon","coordinates":[[[-105.874725,43.084358],[-105.874748,43.087972],[-105.869788,43.08807],[-105.869788,43.084453],[-105.874725,43.084358]]]}},{"type":"Feature","properties":{"q":"SENE","ac":39.1},"geometry":{"type":"Polygon","coordinates":[[[-105.791627,43.062349],[-105.796491,43.062361],[-105.796497,43.065954],[-105.791631,43.065935],[-105.791627,43.062349]]]}},{"type":"Feature","properties":{"q":"14","ac":39.9},"geometry":{"type":"Polygon","coordinates":[[[-105.884556,43.069722],[-105.884569,43.073338],[-105.87964,43.073414],[-105.879632,43.069785],[-105.884556,43.069722]]]}},{"type":"Feature","properties":{"q":"SWNE","ac":40.0},"geometry":{"type":"Polygon","coordinates":[[[-105.835793,43.105957],[-105.840644,43.105995],[-105.840658,43.10971],[-105.83582,43.109627],[-105.835793,43.105957]]]}},{"type":"Feature","properties":{"q":"SWSE","ac":39.4},"geometry":{"type":"Polygon","coordinates":[[[-105.855225,43.098795],[-105.860079,43.098837],[-105.860135,43.102461],[-105.855278,43.102436],[-105.855225,43.098795]]]}},{"type":"Feature","properties":{"q":"3","ac":39.3},"geometry":{"type":"Polygon","coordinates":[[[-105.821091,43.094988],[-105.825946,43.095016],[-105.826011,43.098639],[-105.821161,43.098609],[-105.821091,43.094988]]]}},{"type":"Feature","properties":{"q":"11","ac":39.4},"geometry":{"type":"Polygon","coordinates":[[[-105.820862,43.073263],[-105.825734,43.073274],[-105.825739,43.076898],[-105.820867,43.076884],[-105.820862,43.073263]]]}},{"type":"Feature","properties":{"q":"12","ac":40.0},"geometry":{"type":"Polygon","coordinates":[[[-105.845379,43.084183],[-105.850292,43.084187],[-105.850318,43.087835],[-105.84541,43.087825],[-105.845379,43.084183]]]}},{"type":"Feature","properties":{"q":"11","ac":39.6},"geometry":{"type":"Polygon","coordinates":[[[-105.879691,43.044414],[-105.884598,43.044414],[-105.8846,43.04802],[-105.879703,43.048033],[-105.879691,43.044414]]]}},{"type":"Feature","properties":{"q":"10","ac":39.9},"geometry":{"type":"Polygon","coordinates":[[[-105.845494,43.098732],[-105.850371,43.098753],[-105.850422,43.102411],[-105.845526,43.102382],[-105.845494,43.098732]]]}},{"type":"Feature","properties":{"q":"15","ac":39.9},"geometry":{"type":"Polygon","coordinates":[[[-105.855093,43.040744],[-105.86001,43.040754],[-105.85999,43.044387],[-105.85508,43.044372],[-105.855093,43.040744]]]}},{"type":"Feature","properties":{"q":"SENE","ac":39.4},"geometry":{"type":"Polygon","coordinates":[[[-105.850345,43.091484],[-105.855202,43.091535],[-105.855213,43.095165],[-105.850358,43.095118],[-105.850345,43.091484]]]}},{"type":"Feature","properties":{"q":"9","ac":40.0},"geometry":{"type":"Polygon","coordinates":[[[-105.801369,43.08771],[-105.806295,43.087705],[-105.806352,43.091327],[-105.801404,43.091338],[-105.801369,43.08771]]]}},{"type":"Feature","properties":{"q":"7","ac":39.9},"geometry":{"type":"Polygon","coordinates":[[[-105.835449,43.062415],[-105.84037,43.062431],[-105.840387,43.066057],[-105.835476,43.066043],[-105.835449,43.062415]]]}},{"type":"Feature","properties":{"q":"15","ac":39.9},"geometry":{"type":"Polygon","coordinates":[[[-105.830618,43.084166],[-105.835537,43.084172],[-105.835587,43.087804],[-105.830679,43.087792],[-105.830618,43.084166]]]}},{"type":"Feature","properties":{"q":"NWSW","ac":39.4},"geometry":{"type":"Polygon","coordinates":[[[-105.864918,43.088012],[-105.869788,43.08807],[-105.869787,43.091687],[-105.864923,43.091637],[-105.864918,43.088012]]]}},{"type":"Feature","properties":{"q":"7","ac":39.4},"geometry":{"type":"Polygon","coordinates":[[[-105.811081,43.062394],[-105.81595,43.062395],[-105.815966,43.066014],[-105.811096,43.066009],[-105.811081,43.062394]]]}},{"type":"Feature","properties":{"q":"9","ac":39.8},"geometry":{"type":"Polygon","coordinates":[[[-105.830484,43.044326],[-105.835405,43.044334],[-105.835411,43.047954],[-105.830493,43.047945],[-105.830484,43.044326]]]}},{"type":"Feature","properties":{"q":"10","ac":39.5},"geometry":{"type":"Polygon","coordinates":[[[-105.801372,43.069573],[-105.806241,43.069598],[-105.80624,43.07322],[-105.801363,43.0732],[-105.801372,43.069573]]]}},{"type":"Feature","properties":{"q":"8","ac":39.5},"geometry":{"type":"Polygon","coordinates":[[[-105.80624,43.07322],[-105.811118,43.073239],[-105.811125,43.076854],[-105.806239,43.076841],[-105.80624,43.07322]]]}},{"type":"Feature","properties":{"q":"3","ac":39.4},"geometry":{"type":"Polygon","coordinates":[[[-105.820751,43.051557],[-105.825626,43.051561],[-105.825646,43.055179],[-105.820781,43.055174],[-105.820751,43.051557]]]}},{"type":"Feature","properties":{"q":"6","ac":40.0},"geometry":{"type":"Polygon","coordinates":[[[-105.816255,43.105882],[-105.82115,43.105895],[-105.821145,43.109538],[-105.816227,43.109534],[-105.816255,43.105882]]]}},{"type":"Feature","properties":{"q":"12","ac":39.5},"geometry":{"type":"Polygon","coordinates":[[[-105.884598,43.044414],[-105.889506,43.044413],[-105.889498,43.048007],[-105.8846,43.04802],[-105.884598,43.044414]]]}},{"type":"Feature","properties":{"q":"11","ac":39.9},"geometry":{"type":"Polygon","coordinates":[[[-105.879703,43.058867],[-105.884592,43.05884],[-105.88458,43.062477],[-105.879679,43.062528],[-105.879703,43.058867]]]}},{"type":"Feature","properties":{"q":"7","ac":39.8},"geometry":{"type":"Polygon","coordinates":[[[-105.855067,43.048],[-105.859971,43.04802],[-105.859952,43.05166],[-105.855058,43.051631],[-105.855067,43.048]]]}},{"type":"Feature","properties":{"q":"4","ac":39.3},"geometry":{"type":"Polygon","coordinates":[[[-105.860192,43.106085],[-105.865052,43.106093],[-105.865113,43.1097],[-105.860249,43.109709],[-105.860192,43.106085]]]}},{"type":"Feature","properties":{"q":"NESE","ac":40.0},"geometry":{"type":"Polygon","coordinates":[[[-105.869849,43.102511],[-105.874838,43.102388],[-105.874859,43.105999],[-105.869913,43.106101],[-105.869849,43.102511]]]}},{"type":"Feature","properties":{"q":"10","ac":39.3},"geometry":{"type":"Polygon","coordinates":[[[-105.816085,43.087723],[-105.82095,43.087746],[-105.82102,43.091367],[-105.81616,43.091342],[-105.816085,43.087723]]]}},{"type":"Feature","properties":{"q":"16","ac":39.7},"geometry":{"type":"Polygon","coordinates":[[[-105.815748,43.040704],[-105.81579,43.044321],[-105.81089,43.044319],[-105.810836,43.040704],[-105.815748,43.040704]]]}},{"type":"Feature","properties":{"q":"10","ac":39.7},"geometry":{"type":"Polygon","coordinates":[[[-105.835449,43.062415],[-105.835436,43.058805],[-105.840354,43.058817],[-105.84037,43.062431],[-105.835449,43.062415]]]}},{"type":"Feature","properties":{"q":"16","ac":40.2},"geometry":{"type":"Polygon","coordinates":[[[-105.869788,43.073566],[-105.869784,43.069913],[-105.874708,43.069849],[-105.874714,43.07349],[-105.869788,43.073566]]]}},{"type":"Feature","properties":{"q":"10","ac":40.0},"geometry":{"type":"Polygon","coordinates":[[[-105.879827,43.102265],[-105.884769,43.102177],[-105.884753,43.105795],[-105.879806,43.105897],[-105.879827,43.102265]]]}},{"type":"Feature","properties":{"q":"2","ac":39.8},"geometry":{"type":"Polygon","coordinates":[[[-105.879655,43.080653],[-105.879662,43.084262],[-105.874725,43.084358],[-105.874722,43.080745],[-105.879655,43.080653]]]}},{"type":"Feature","properties":{"q":"6","ac":40.1},"geometry":{"type":"Polygon","coordinates":[[[-105.859971,43.04802],[-105.864896,43.048039],[-105.864881,43.051681],[-105.859952,43.05166],[-105.859971,43.04802]]]}},{"type":"Feature","properties":{"q":"SESE","ac":39.7},"geometry":{"type":"Polygon","coordinates":[[[-105.796198,43.044319],[-105.7913,43.044319],[-105.791194,43.040699],[-105.796105,43.0407],[-105.796198,43.044319]]]}},{"type":"Feature","properties":{"q":"8","ac":39.9},"geometry":{"type":"Polygon","coordinates":[[[-105.830527,43.062399],[-105.835449,43.062415],[-105.835476,43.066043],[-105.830564,43.066029],[-105.830527,43.062399]]]}},{"type":"Feature","properties":{"q":"14","ac":39.7},"geometry":{"type":"Polygon","coordinates":[[[-105.845251,43.055212],[-105.845265,43.05883],[-105.840354,43.058817],[-105.840337,43.055203],[-105.845251,43.055212]]]}},{"type":"Feature","properties":{"q":"10","ac":39.2},"geometry":{"type":"Polygon","coordinates":[[[-105.825659,43.058789],[-105.825673,43.062398],[-105.820818,43.062397],[-105.8208,43.058785],[-105.825659,43.058789]]]}},{"type":"Feature","properties":{"q":"6","ac":39.8},"geometry":{"type":"Polygon","coordinates":[[[-105.884583,43.076954],[-105.884591,43.08056],[-105.879655,43.080653],[-105.879647,43.077043],[-105.884583,43.076954]]]}},{"type":"Feature","properties":{"q":"12","ac":39.7},"geometry":{"type":"Polygon","coordinates":[[[-105.850185,43.062463],[-105.845278,43.062447],[-105.845265,43.05883],[-105.850175,43.058842],[-105.850185,43.062463]]]}},{"type":"Feature","properties":{"q":"12","ac":39.9},"geometry":{"type":"Polygon","coordinates":[[[-105.845246,43.044349],[-105.850169,43.044357],[-105.850163,43.04798],[-105.845246,43.047972],[-105.845246,43.044349]]]}},{"type":"Feature","properties":{"q":"6","ac":39.5},"geometry":{"type":"Polygon","coordinates":[[[-105.860028,43.080702],[-105.860017,43.077083],[-105.864905,43.077151],[-105.864909,43.080769],[-105.860028,43.080702]]]}},{"type":"Feature","properties":{"q":"3","ac":39.8},"geometry":{"type":"Polygon","coordinates":[[[-105.884599,43.084167],[-105.879662,43.084262],[-105.879655,43.080653],[-105.884591,43.08056],[-105.884599,43.084167]]]}},{"type":"Feature","properties":{"q":"15","ac":39.4},"geometry":{"type":"Polygon","coordinates":[[[-105.81601,43.084105],[-105.820879,43.084125],[-105.82095,43.087746],[-105.816085,43.087723],[-105.81601,43.084105]]]}},{"type":"Feature","properties":{"q":"4","ac":39.4},"geometry":{"type":"Polygon","coordinates":[[[-105.825701,43.066024],[-105.825673,43.062398],[-105.830527,43.062399],[-105.830564,43.066029],[-105.825701,43.066024]]]}},{"type":"Feature","properties":{"q":"16","ac":40.7},"geometry":{"type":"Polygon","coordinates":[[[-105.791486,43.098638],[-105.79648,43.098615],[-105.796471,43.102266],[-105.791491,43.102285],[-105.791486,43.098638]]]}},{"type":"Feature","properties":{"q":"6","ac":39.5},"geometry":{"type":"Polygon","coordinates":[[[-105.825626,43.051561],[-105.820751,43.051557],[-105.820721,43.04794],[-105.825607,43.047943],[-105.825626,43.051561]]]}},{"type":"Feature","properties":{"q":"11","ac":39.9},"geometry":{"type":"Polygon","coordinates":[[[-105.879647,43.077043],[-105.87964,43.073414],[-105.884569,43.073338],[-105.884583,43.076954],[-105.879647,43.077043]]]}},{"type":"Feature","properties":{"q":"4","ac":40.7},"geometry":{"type":"Polygon","coordinates":[[[-105.84559,43.109719],[-105.840658,43.10971],[-105.840644,43.105995],[-105.845558,43.106032],[-105.84559,43.109719]]]}},{"type":"Feature","properties":{"q":"7","ac":40.1},"geometry":{"type":"Polygon","coordinates":[[[-105.811359,43.10587],[-105.816255,43.105882],[-105.816227,43.109534],[-105.811309,43.109531],[-105.811359,43.10587]]]}},{"type":"Feature","properties":{"q":"2","ac":39.8},"geometry":{"type":"Polygon","coordinates":[[[-105.859952,43.05166],[-105.859932,43.055301],[-105.855049,43.055261],[-105.855058,43.051631],[-105.859952,43.05166]]]}},{"type":"Feature","properties":{"q":"SWSE","ac":39.9},"geometry":{"type":"Polygon","coordinates":[[[-105.796432,43.084081],[-105.801335,43.084082],[-105.801369,43.08771],[-105.796442,43.087714],[-105.796432,43.084081]]]}},{"type":"Feature","properties":{"q":"4","ac":39.8},"geometry":{"type":"Polygon","coordinates":[[[-105.791556,43.0768],[-105.796455,43.076814],[-105.796443,43.080447],[-105.791543,43.08044],[-105.791556,43.0768]]]}},{"type":"Feature","properties":{"q":"13","ac":39.5},"geometry":{"type":"Polygon","coordinates":[[[-105.830862,43.09867],[-105.835739,43.098691],[-105.835766,43.102324],[-105.830902,43.102295],[-105.830862,43.09867]]]}},{"type":"Feature","properties":{"q":"8","ac":39.2},"geometry":{"type":"Polygon","coordinates":[[[-105.860079,43.098837],[-105.864932,43.098879],[-105.864992,43.102486],[-105.860135,43.102461],[-105.860079,43.098837]]]}},{"type":"Feature","properties":{"q":"2","ac":39.1},"geometry":{"type":"Polygon","coordinates":[[[-105.796485,43.058767],[-105.801345,43.058771],[-105.801354,43.062372],[-105.796491,43.062361],[-105.796485,43.058767]]]}},{"type":"Feature","properties":{"q":"11","ac":39.2},"geometry":{"type":"Polygon","coordinates":[[[-105.825659,43.058789],[-105.830518,43.058792],[-105.830527,43.062399],[-105.825673,43.062398],[-105.825659,43.058789]]]}},{"type":"Feature","properties":{"q":"NWSE","ac":39.6},"geometry":{"type":"Polygon","coordinates":[[[-105.796198,43.044319],[-105.801096,43.044319],[-105.801176,43.047936],[-105.796292,43.047937],[-105.796198,43.044319]]]}},{"type":"Feature","properties":{"q":"3","ac":39.8},"geometry":{"type":"Polygon","coordinates":[[[-105.801344,43.080455],[-105.796443,43.080447],[-105.796455,43.076814],[-105.801353,43.076828],[-105.801344,43.080455]]]}},{"type":"Feature","properties":{"q":"5","ac":39.5},"geometry":{"type":"Polygon","coordinates":[[[-105.864905,43.077151],[-105.869792,43.077219],[-105.86979,43.080836],[-105.864909,43.080769],[-105.864905,43.077151]]]}},{"type":"Feature","properties":{"q":"6","ac":39.8},"geometry":{"type":"Polygon","coordinates":[[[-105.879679,43.062528],[-105.88458,43.062477],[-105.884568,43.0661],[-105.879656,43.066156],[-105.879679,43.062528]]]}},{"type":"Feature","properties":{"q":"8","ac":39.4},"geometry":{"type":"Polygon","coordinates":[[[-105.811125,43.076854],[-105.815996,43.076869],[-105.816003,43.080487],[-105.811133,43.080469],[-105.811125,43.076854]]]}},{"type":"Feature","properties":{"q":"15","ac":39.6},"geometry":{"type":"Polygon","coordinates":[[[-105.855049,43.055261],[-105.855062,43.058883],[-105.850175,43.058842],[-105.850165,43.055222],[-105.855049,43.055261]]]}},{"type":"Feature","properties":{"q":"14","ac":40.5},"geometry":{"type":"Polygon","coordinates":[[[-105.879847,43.098633],[-105.879827,43.102265],[-105.874838,43.102388],[-105.874817,43.098777],[-105.879847,43.098633]]]}},{"type":"Feature","properties":{"q":"4","ac":39.8},"geometry":{"type":"Polygon","coordinates":[[[-105.845249,43.051592],[-105.850164,43.051601],[-105.850165,43.055222],[-105.845251,43.055212],[-105.845249,43.051592]]]}},{"type":"Feature","properties":{"q":"NWNW","ac":40.3},"geometry":{"type":"Polygon","coordinates":[[[-105.80641,43.094948],[-105.81138,43.094931],[-105.81146,43.098547],[-105.806467,43.09857],[-105.80641,43.094948]]]}},{"type":"Feature","properties":{"q":"1","ac":40.1},"geometry":{"type":"Polygon","coordinates":[[[-105.874722,43.066214],[-105.874708,43.069849],[-105.869784,43.069913],[-105.869788,43.066271],[-105.874722,43.066214]]]}},{"type":"Feature","properties":{"q":"8","ac":39.3},"geometry":{"type":"Polygon","coordinates":[[[-105.816235,43.09496],[-105.81138,43.094931],[-105.8113,43.091316],[-105.81616,43.091342],[-105.816235,43.09496]]]}},{"type":"Feature","properties":{"q":"16","ac":39.9},"geometry":{"type":"Polygon","coordinates":[[[-105.830475,43.040706],[-105.835399,43.040713],[-105.835405,43.044334],[-105.830484,43.044326],[-105.830475,43.040706]]]}},{"type":"Feature","properties":{"q":"12","ac":39.4},"geometry":{"type":"Polygon","coordinates":[[[-105.825814,43.087769],[-105.830679,43.087792],[-105.83074,43.091418],[-105.82588,43.091393],[-105.825814,43.087769]]]}},{"type":"Feature","properties":{"q":"9","ac":39.4},"geometry":{"type":"Polygon","coordinates":[[[-105.811118,43.073239],[-105.81599,43.073251],[-105.815996,43.076869],[-105.811125,43.076854],[-105.811118,43.073239]]]}},{"type":"Feature","properties":{"q":"6","ac":39.7},"geometry":{"type":"Polygon","coordinates":[[[-105.801353,43.076828],[-105.796455,43.076814],[-105.796479,43.073181],[-105.801363,43.0732],[-105.801353,43.076828]]]}},{"type":"Feature","properties":{"q":"7","ac":39.5},"geometry":{"type":"Polygon","coordinates":[[[-105.815833,43.047937],[-105.820721,43.04794],[-105.820751,43.051557],[-105.815875,43.051553],[-105.815833,43.047937]]]}},{"type":"Feature","properties":{"q":"13","ac":39.8},"geometry":{"type":"Polygon","coordinates":[[[-105.845251,43.055212],[-105.850165,43.055222],[-105.850175,43.058842],[-105.845265,43.05883],[-105.845251,43.055212]]]}},{"type":"Feature","properties":{"q":"9","ac":39.8},"geometry":{"type":"Polygon","coordinates":[[[-105.830606,43.073286],[-105.835511,43.073296],[-105.83552,43.076921],[-105.83061,43.076912],[-105.830606,43.073286]]]}},{"type":"Feature","properties":{"q":"14","ac":39.7},"geometry":{"type":"Polygon","coordinates":[[[-105.825568,43.040705],[-105.825587,43.044324],[-105.820691,43.044322],[-105.820661,43.040705],[-105.825568,43.040705]]]}},{"type":"Feature","properties":{"q":"16","ac":39.4},"geometry":{"type":"Polygon","coordinates":[[[-105.81599,43.073251],[-105.811118,43.073239],[-105.81111,43.069624],[-105.815983,43.069633],[-105.81599,43.073251]]]}},{"type":"Feature","properties":{"q":"SENE","ac":39.7},"geometry":{"type":"Polygon","coordinates":[[[-105.850472,43.10607],[-105.855332,43.106078],[-105.855386,43.109719],[-105.850522,43.109728],[-105.850472,43.10607]]]}},{"type":"Feature","properties":{"q":"6","ac":39.3},"geometry":{"type":"Polygon","coordinates":[[[-105.879703,43.048033],[-105.8846,43.04802],[-105.884602,43.051611],[-105.879715,43.05162],[-105.879703,43.048033]]]}},{"type":"Feature","properties":{"q":"15","ac":40.3},"geometry":{"type":"Polygon","coordinates":[[[-105.874838,43.102388],[-105.869849,43.102511],[-105.869786,43.098921],[-105.874817,43.098777],[-105.874838,43.102388]]]}},{"type":"Feature","properties":{"q":"7","ac":40.0},"geometry":{"type":"Polygon","coordinates":[[[-105.874771,43.091585],[-105.879755,43.091482],[-105.879801,43.095058],[-105.874794,43.095181],[-105.874771,43.091585]]]}},{"type":"Feature","properties":{"q":"7","ac":39.8},"geometry":{"type":"Polygon","coordinates":[[[-105.87472,43.077131],[-105.879647,43.077043],[-105.879655,43.080653],[-105.874722,43.080745],[-105.87472,43.077131]]]}},{"type":"Feature","properties":{"q":"4","ac":40.2},"geometry":{"type":"Polygon","coordinates":[[[-105.869799,43.055343],[-105.864866,43.055322],[-105.864881,43.051681],[-105.869811,43.051701],[-105.869799,43.055343]]]}},{"type":"Feature","properties":{"q":"5","ac":39.8},"geometry":{"type":"Polygon","coordinates":[[[-105.850358,43.095118],[-105.845467,43.0951],[-105.84544,43.091468],[-105.850345,43.091484],[-105.850358,43.095118]]]}},{"type":"Feature","properties":{"q":"NWNE","ac":39.4},"geometry":{"type":"Polygon","coordinates":[[[-105.801256,43.051553],[-105.801336,43.05517],[-105.796478,43.055174],[-105.796385,43.051556],[-105.801256,43.051553]]]}},{"type":"Feature","properties":{"q":"2","ac":39.5},"geometry":{"type":"Polygon","coordinates":[[[-105.855149,43.080634],[-105.860028,43.080702],[-105.860039,43.084321],[-105.855165,43.084254],[-105.855149,43.080634]]]}},{"type":"Feature","properties":{"q":"7","ac":39.0},"geometry":{"type":"Polygon","coordinates":[[[-105.864932,43.098879],[-105.869786,43.098921],[-105.869849,43.102511],[-105.864992,43.102486],[-105.864932,43.098879]]]}},{"type":"Feature","properties":{"q":"5","ac":39.8},"geometry":{"type":"Polygon","coordinates":[[[-105.889699,43.105693],[-105.889687,43.109296],[-105.884736,43.109399],[-105.884753,43.105795],[-105.889699,43.105693]]]}},{"type":"Feature","properties":{"q":"1","ac":39.6},"geometry":{"type":"Polygon","coordinates":[[[-105.850164,43.051601],[-105.855058,43.051631],[-105.855049,43.055261],[-105.850165,43.055222],[-105.850164,43.051601]]]}},{"type":"Feature","properties":{"q":"1","ac":39.4},"geometry":{"type":"Polygon","coordinates":[[[-105.810998,43.051549],[-105.815875,43.051553],[-105.815917,43.055169],[-105.811053,43.055164],[-105.810998,43.051549]]]}},{"type":"Feature","properties":{"q":"10","ac":39.7},"geometry":{"type":"Polygon","coordinates":[[[-105.860006,43.073446],[-105.860017,43.077083],[-105.855133,43.077014],[-105.855117,43.073385],[-105.860006,43.073446]]]}},{"type":"Feature","properties":{"q":"4","ac":39.8},"geometry":{"type":"Polygon","coordinates":[[[-105.826046,43.105907],[-105.830942,43.10592],[-105.830981,43.109545],[-105.826063,43.109541],[-105.826046,43.105907]]]}},{"type":"Feature","properties":{"q":"1","ac":40.2},"geometry":{"type":"Polygon","coordinates":[[[-105.874763,43.051661],[-105.874763,43.055275],[-105.869799,43.055343],[-105.869811,43.051701],[-105.874763,43.051661]]]}},{"type":"Feature","properties":{"q":"9","ac":39.8},"geometry":{"type":"Polygon","coordinates":[[[-105.830679,43.087792],[-105.835587,43.087804],[-105.835638,43.091435],[-105.83074,43.091418],[-105.830679,43.087792]]]}},{"type":"Feature","properties":{"q":"SESW","ac":39.8},"geometry":{"type":"Polygon","coordinates":[[[-105.801335,43.084082],[-105.806238,43.084083],[-105.806295,43.087705],[-105.801369,43.08771],[-105.801335,43.084082]]]}},{"type":"Feature","properties":{"q":"12","ac":39.7},"geometry":{"type":"Polygon","coordinates":[[[-105.791634,43.069521],[-105.796503,43.069547],[-105.796479,43.073181],[-105.791595,43.073161],[-105.791634,43.069521]]]}},{"type":"Feature","properties":{"q":"2","ac":39.8},"geometry":{"type":"Polygon","coordinates":[[[-105.840387,43.066057],[-105.840404,43.069682],[-105.835503,43.069671],[-105.835476,43.066043],[-105.840387,43.066057]]]}},{"type":"Feature","properties":{"q":"8","ac":39.3},"geometry":{"type":"Polygon","coordinates":[[[-105.811081,43.062394],[-105.811067,43.058779],[-105.815933,43.058782],[-105.81595,43.062395],[-105.811081,43.062394]]]}},{"type":"Feature","properties":{"q":"11","ac":39.6},"geometry":{"type":"Polygon","coordinates":[[[-105.796503,43.069547],[-105.801372,43.069573],[-105.801363,43.0732],[-105.796479,43.073181],[-105.796503,43.069547]]]}},{"type":"Feature","properties":{"q":"5","ac":39.8},"geometry":{"type":"Polygon","coordinates":[[[-105.889518,43.076865],[-105.889527,43.080468],[-105.884591,43.08056],[-105.884583,43.076954],[-105.889518,43.076865]]]}},{"type":"Feature","properties":{"q":"3","ac":39.5},"geometry":{"type":"Polygon","coordinates":[[[-105.864909,43.080769],[-105.864914,43.084387],[-105.860039,43.084321],[-105.860028,43.080702],[-105.864909,43.080769]]]}},{"type":"Feature","properties":{"q":"4","ac":39.9},"geometry":{"type":"Polygon","coordinates":[[[-105.864884,43.066224],[-105.869788,43.066271],[-105.869784,43.069913],[-105.86489,43.069861],[-105.864884,43.066224]]]}},{"type":"Feature","properties":{"q":"10","ac":40.0},"geometry":{"type":"Polygon","coordinates":[[[-105.879691,43.044414],[-105.879703,43.048033],[-105.874762,43.048046],[-105.874762,43.044415],[-105.879691,43.044414]]]}},{"type":"Feature","properties":{"q":"16","ac":39.7},"geometry":{"type":"Polygon","coordinates":[[[-105.835424,43.055194],[-105.835436,43.058805],[-105.830518,43.058792],[-105.83051,43.055185],[-105.835424,43.055194]]]}},{"type":"Feature","properties":{"q":"10","ac":39.9},"geometry":{"type":"Polygon","coordinates":[[[-105.835405,43.044334],[-105.840326,43.044341],[-105.84033,43.047963],[-105.835411,43.047954],[-105.835405,43.044334]]]}},{"type":"Feature","properties":{"q":"6","ac":39.9},"geometry":{"type":"Polygon","coordinates":[[[-105.859964,43.062546],[-105.864878,43.062587],[-105.864884,43.066224],[-105.859979,43.066177],[-105.859964,43.062546]]]}},{"type":"Feature","properties":{"q":"14","ac":39.9},"geometry":{"type":"Polygon","coordinates":[[[-105.879703,43.058867],[-105.879726,43.055207],[-105.884604,43.055202],[-105.884592,43.05884],[-105.879703,43.058867]]]}},{"type":"Feature","properties":{"q":"1","ac":39.9},"geometry":{"type":"Polygon","coordinates":[[[-105.830614,43.080539],[-105.835528,43.080547],[-105.835537,43.084172],[-105.830618,43.084166],[-105.830614,43.080539]]]}},{"type":"Feature","properties":{"q":"8","ac":39.6},"geometry":{"type":"Polygon","coordinates":[[[-105.855075,43.062505],[-105.855088,43.066131],[-105.850196,43.066084],[-105.850185,43.062463],[-105.855075,43.062505]]]}},{"type":"Feature","properties":{"q":"6","ac":39.4},"geometry":{"type":"Polygon","coordinates":[[[-105.825739,43.076898],[-105.825744,43.080522],[-105.820873,43.080504],[-105.820867,43.076884],[-105.825739,43.076898]]]}},{"type":"Feature","properties":{"q":"SENW","ac":39.5},"geometry":{"type":"Polygon","coordinates":[[[-105.801176,43.047936],[-105.80606,43.047935],[-105.806127,43.051551],[-105.801256,43.051553],[-105.801176,43.047936]]]}},{"type":"Feature","properties":{"q":"14","ac":39.9},"geometry":{"type":"Polygon","coordinates":[[[-105.835537,43.084172],[-105.840456,43.084179],[-105.840496,43.087815],[-105.835587,43.087804],[-105.835537,43.084172]]]}},{"type":"Feature","properties":{"q":"8","ac":39.9},"geometry":{"type":"Polygon","coordinates":[[[-105.816283,43.10223],[-105.816255,43.105882],[-105.811359,43.10587],[-105.81141,43.102208],[-105.816283,43.10223]]]}},{"type":"Feature","properties":{"q":"7","ac":39.5},"geometry":{"type":"Polygon","coordinates":[[[-105.835793,43.105957],[-105.835766,43.102324],[-105.84063,43.102353],[-105.840644,43.105995],[-105.835793,43.105957]]]}},{"type":"Feature","properties":{"q":"16","ac":40.4},"geometry":{"type":"Polygon","coordinates":[[[-105.874763,43.055275],[-105.874749,43.058927],[-105.869796,43.058986],[-105.869799,43.055343],[-105.874763,43.055275]]]}},{"type":"Feature","properties":{"q":"15","ac":40.5},"geometry":{"type":"Polygon","coordinates":[[[-105.874763,43.055275],[-105.879726,43.055207],[-105.879703,43.058867],[-105.874749,43.058927],[-105.874763,43.055275]]]}},{"type":"Feature","properties":{"q":"8","ac":40.4},"geometry":{"type":"Polygon","coordinates":[[[-105.791496,43.105931],[-105.796462,43.105916],[-105.796453,43.109567],[-105.7915,43.109578],[-105.791496,43.105931]]]}},{"type":"Feature","properties":{"q":"SENE","ac":39.5},"geometry":{"type":"Polygon","coordinates":[[[-105.791407,43.047938],[-105.796292,43.047937],[-105.796385,43.051556],[-105.791514,43.051558],[-105.791407,43.047938]]]}},{"type":"Feature","properties":{"q":"13","ac":39.9},"geometry":{"type":"Polygon","coordinates":[[[-105.864897,43.073506],[-105.86489,43.069861],[-105.869784,43.069913],[-105.869788,43.073566],[-105.864897,43.073506]]]}},{"type":"Feature","properties":{"q":"16","ac":40.0},"geometry":{"type":"Polygon","coordinates":[[[-105.869844,43.040773],[-105.874761,43.040785],[-105.874762,43.044415],[-105.869833,43.044416],[-105.869844,43.040773]]]}},{"type":"Feature","properties":{"q":"9","ac":39.6},"geometry":{"type":"Polygon","coordinates":[[[-105.850228,43.073325],[-105.855117,43.073385],[-105.855133,43.077014],[-105.850249,43.076946],[-105.850228,43.073325]]]}},{"type":"Feature","properties":{"q":"15","ac":40.7},"geometry":{"type":"Polygon","coordinates":[[[-105.79648,43.098615],[-105.801473,43.098592],[-105.80145,43.102247],[-105.796471,43.102266],[-105.79648,43.098615]]]}},{"type":"Feature","properties":{"q":"11","ac":39.7},"geometry":{"type":"Polygon","coordinates":[[[-105.840417,43.073306],[-105.845322,43.073315],[-105.845339,43.076937],[-105.84043,43.076929],[-105.840417,43.073306]]]}},{"type":"Feature","properties":{"q":"NESE","ac":39.6},"geometry":{"type":"Polygon","coordinates":[[[-105.850318,43.087835],[-105.855184,43.087895],[-105.855202,43.091535],[-105.850345,43.091484],[-105.850318,43.087835]]]}},{"type":"Feature","properties":{"q":"SWNE","ac":39.4},"geometry":{"type":"Polygon","coordinates":[[[-105.855202,43.091535],[-105.860059,43.091586],[-105.860069,43.095212],[-105.855213,43.095165],[-105.855202,43.091535]]]}},{"type":"Feature","properties":{"q":"5","ac":39.5},"geometry":{"type":"Polygon","coordinates":[[[-105.830942,43.10592],[-105.835793,43.105957],[-105.83582,43.109627],[-105.830981,43.109545],[-105.830942,43.10592]]]}},{"type":"Feature","properties":{"q":"12","ac":39.6},"geometry":{"type":"Polygon","coordinates":[[[-105.825587,43.044324],[-105.830484,43.044326],[-105.830493,43.047945],[-105.825607,43.047943],[-105.825587,43.044324]]]}},{"type":"Feature","properties":{"q":"9","ac":40.1},"geometry":{"type":"Polygon","coordinates":[[[-105.869833,43.044416],[-105.874762,43.044415],[-105.874762,43.048046],[-105.869822,43.048058],[-105.869833,43.044416]]]}},{"type":"Feature","properties":{"q":"5","ac":39.4},"geometry":{"type":"Polygon","coordinates":[[[-105.820818,43.062397],[-105.825673,43.062398],[-105.825701,43.066024],[-105.820837,43.066019],[-105.820818,43.062397]]]}},{"type":"Feature","properties":{"q":"13","ac":40.0},"geometry":{"type":"Polygon","coordinates":[[[-105.879847,43.098633],[-105.884786,43.098559],[-105.884769,43.102177],[-105.879827,43.102265],[-105.879847,43.098633]]]}},{"type":"Feature","properties":{"q":"2","ac":39.9},"geometry":{"type":"Polygon","coordinates":[[[-105.879715,43.05162],[-105.879726,43.055207],[-105.874763,43.055275],[-105.874763,43.051661],[-105.879715,43.05162]]]}},{"type":"Feature","properties":{"q":"12","ac":39.4},"geometry":{"type":"Polygon","coordinates":[[[-105.826011,43.098639],[-105.830862,43.09867],[-105.830902,43.102295],[-105.826029,43.102273],[-105.826011,43.098639]]]}},{"type":"Feature","properties":{"q":"6","ac":39.3},"geometry":{"type":"Polygon","coordinates":[[[-105.82102,43.091367],[-105.82588,43.091393],[-105.825946,43.095016],[-105.821091,43.094988],[-105.82102,43.091367]]]}},{"type":"Feature","properties":{"q":"10","ac":40.6},"geometry":{"type":"Polygon","coordinates":[[[-105.801427,43.105901],[-105.796462,43.105916],[-105.796471,43.102266],[-105.80145,43.102247],[-105.801427,43.105901]]]}},{"type":"Feature","properties":{"q":"7","ac":39.7},"geometry":{"type":"Polygon","coordinates":[[[-105.840536,43.091451],[-105.840576,43.095081],[-105.835689,43.095063],[-105.835638,43.091435],[-105.840536,43.091451]]]}},{"type":"Feature","properties":{"q":"NWNW","ac":39.3},"geometry":{"type":"Polygon","coordinates":[[[-105.80623,43.065991],[-105.811096,43.066009],[-105.81111,43.069624],[-105.806241,43.069598],[-105.80623,43.065991]]]}},{"type":"Feature","properties":{"q":"9","ac":39.6},"geometry":{"type":"Polygon","coordinates":[[[-105.850175,43.058842],[-105.855062,43.058883],[-105.855075,43.062505],[-105.850185,43.062463],[-105.850175,43.058842]]]}},{"type":"Feature","properties":{"q":"16","ac":39.6},"geometry":{"type":"Polygon","coordinates":[[[-105.855117,43.073385],[-105.850228,43.073325],[-105.850206,43.069704],[-105.855101,43.069756],[-105.855117,43.073385]]]}},{"type":"Feature","properties":{"q":"7","ac":39.8},"geometry":{"type":"Polygon","coordinates":[[[-105.84033,43.047963],[-105.840334,43.051583],[-105.835417,43.051574],[-105.835411,43.047954],[-105.84033,43.047963]]]}},{"type":"Feature","properties":{"q":"14","ac":39.3},"geometry":{"type":"Polygon","coordinates":[[[-105.8208,43.058785],[-105.815933,43.058782],[-105.815917,43.055169],[-105.820781,43.055174],[-105.8208,43.058785]]]}},{"type":"Feature","properties":{"q":"NENE","ac":39.8},"geometry":{"type":"Polygon","coordinates":[[[-105.791543,43.08044],[-105.796443,43.080447],[-105.796432,43.084081],[-105.791529,43.084079],[-105.791543,43.08044]]]}},{"type":"Feature","properties":{"q":"11","ac":39.8},"geometry":{"type":"Polygon","coordinates":[[[-105.879709,43.087872],[-105.884646,43.087774],[-105.884693,43.091381],[-105.879755,43.091482],[-105.879709,43.087872]]]}},{"type":"Feature","properties":{"q":"10","ac":39.6},"geometry":{"type":"Polygon","coordinates":[[[-105.820691,43.044322],[-105.820721,43.04794],[-105.815833,43.047937],[-105.81579,43.044321],[-105.820691,43.044322]]]}},{"type":"Feature","properties":{"q":"NWSW","ac":39.6},"geometry":{"type":"Polygon","coordinates":[[[-105.81089,43.044319],[-105.810944,43.047934],[-105.80606,43.047935],[-105.805993,43.044319],[-105.81089,43.044319]]]}},{"type":"Feature","properties":{"q":"NWNW","ac":39.3},"geometry":{"type":"Polygon","coordinates":[[[-105.810998,43.051549],[-105.811053,43.055164],[-105.806195,43.055167],[-105.806127,43.051551],[-105.810998,43.051549]]]}},{"type":"Feature","properties":{"q":"14","ac":39.8},"geometry":{"type":"Polygon","coordinates":[[[-105.884646,43.087774],[-105.879709,43.087872],[-105.879662,43.084262],[-105.884599,43.084167],[-105.884646,43.087774]]]}},{"type":"Feature","properties":{"q":"7","ac":39.6},"geometry":{"type":"Polygon","coordinates":[[[-105.801363,43.0732],[-105.80624,43.07322],[-105.806239,43.076841],[-105.801353,43.076828],[-105.801363,43.0732]]]}},{"type":"Feature","properties":{"q":"3","ac":39.9},"geometry":{"type":"Polygon","coordinates":[[[-105.845359,43.08056],[-105.845379,43.084183],[-105.840456,43.084179],[-105.840443,43.080554],[-105.845359,43.08056]]]}},{"type":"Feature","properties":{"q":"2","ac":39.8},"geometry":{"type":"Polygon","coordinates":[[[-105.840456,43.084179],[-105.835537,43.084172],[-105.835528,43.080547],[-105.840443,43.080554],[-105.840456,43.084179]]]}},{"type":"Feature","properties":{"q":"SWSE","ac":39.7},"geometry":{"type":"Polygon","coordinates":[[[-105.796198,43.044319],[-105.796105,43.0407],[-105.801016,43.040701],[-105.801096,43.044319],[-105.796198,43.044319]]]}},{"type":"Feature","properties":{"q":"13","ac":39.4},"geometry":{"type":"Polygon","coordinates":[[[-105.825749,43.084146],[-105.830618,43.084166],[-105.830679,43.087792],[-105.825814,43.087769],[-105.825749,43.084146]]]}},{"type":"Feature","properties":{"q":"SENW","ac":39.2},"geometry":{"type":"Polygon","coordinates":[[[-105.801354,43.062372],[-105.806218,43.062383],[-105.80623,43.065991],[-105.801363,43.065972],[-105.801354,43.062372]]]}},{"type":"Feature","properties":{"q":"11","ac":40.0},"geometry":{"type":"Polygon","coordinates":[[[-105.85999,43.044387],[-105.864912,43.044401],[-105.864896,43.048039],[-105.859971,43.04802],[-105.85999,43.044387]]]}},{"type":"Feature","properties":{"q":"9","ac":39.6},"geometry":{"type":"Polygon","coordinates":[[[-105.81089,43.044319],[-105.81579,43.044321],[-105.815833,43.047937],[-105.810944,43.047934],[-105.81089,43.044319]]]}},{"type":"Feature","properties":{"q":"4","ac":39.5},"geometry":{"type":"Polygon","coordinates":[[[-105.825744,43.080522],[-105.830614,43.080539],[-105.830618,43.084166],[-105.825749,43.084146],[-105.825744,43.080522]]]}},{"type":"Feature","properties":{"q":"4","ac":40.2},"geometry":{"type":"Polygon","coordinates":[[[-105.801404,43.091338],[-105.806352,43.091327],[-105.80641,43.094948],[-105.801439,43.094965],[-105.801404,43.091338]]]}},{"type":"Feature","properties":{"q":"NENW","ac":39.3},"geometry":{"type":"Polygon","coordinates":[[[-105.864932,43.098879],[-105.860079,43.098837],[-105.860069,43.095212],[-105.864928,43.095258],[-105.864932,43.098879]]]}},{"type":"Feature","properties":{"q":"11","ac":39.6},"geometry":{"type":"Polygon","coordinates":[[[-105.826029,43.102273],[-105.830902,43.102295],[-105.830942,43.10592],[-105.826046,43.105907],[-105.826029,43.102273]]]}},{"type":"Feature","properties":{"q":"5","ac":39.7},"geometry":{"type":"Polygon","coordinates":[[[-105.88963,43.091278],[-105.889677,43.094882],[-105.884739,43.09497],[-105.884693,43.091381],[-105.88963,43.091278]]]}},{"type":"Feature","properties":{"q":"1","ac":39.6},"geometry":{"type":"Polygon","coordinates":[[[-105.806239,43.080462],[-105.806239,43.076841],[-105.811125,43.076854],[-105.811133,43.080469],[-105.806239,43.080462]]]}},{"type":"Feature","properties":{"q":"4","ac":39.3},"geometry":{"type":"Polygon","coordinates":[[[-105.825946,43.095016],[-105.830801,43.095044],[-105.830862,43.09867],[-105.826011,43.098639],[-105.825946,43.095016]]]}},{"type":"Feature","properties":{"q":"9","ac":40.2},"geometry":{"type":"Polygon","coordinates":[[[-105.874714,43.07349],[-105.87472,43.077131],[-105.869792,43.077219],[-105.869788,43.073566],[-105.874714,43.07349]]]}},{"type":"Feature","properties":{"q":"6","ac":39.5},"geometry":{"type":"Polygon","coordinates":[[[-105.879755,43.091482],[-105.884693,43.091381],[-105.884739,43.09497],[-105.879801,43.095058],[-105.879755,43.091482]]]}},{"type":"Feature","properties":{"q":"6","ac":39.2},"geometry":{"type":"Polygon","coordinates":[[[-105.801336,43.05517],[-105.806195,43.055167],[-105.806206,43.058775],[-105.801345,43.058771],[-105.801336,43.05517]]]}},{"type":"Feature","properties":{"q":"NWNW","ac":39.6},"geometry":{"type":"Polygon","coordinates":[[[-105.81114,43.084085],[-105.806238,43.084083],[-105.806239,43.080462],[-105.811133,43.080469],[-105.81114,43.084085]]]}},{"type":"Feature","properties":{"q":"3","ac":39.5},"geometry":{"type":"Polygon","coordinates":[[[-105.825701,43.066024],[-105.830564,43.066029],[-105.830601,43.06966],[-105.825729,43.069651],[-105.825701,43.066024]]]}},{"type":"Feature","properties":{"q":"6","ac":40.3},"geometry":{"type":"Polygon","coordinates":[[[-105.791499,43.091358],[-105.796452,43.091348],[-105.796466,43.094982],[-105.791492,43.094998],[-105.791499,43.091358]]]}},{"type":"Feature","properties":{"q":"16","ac":39.3},"geometry":{"type":"Polygon","coordinates":[[[-105.81114,43.084085],[-105.81601,43.084105],[-105.816085,43.087723],[-105.81122,43.0877],[-105.81114,43.084085]]]}},{"type":"Feature","properties":{"q":"22","ac":40.4},"geometry":{"type":"Polygon","coordinates":[[[-105.894701,43.112937],[-105.899728,43.112974],[-105.899877,43.116552],[-105.894784,43.116502],[-105.894701,43.112937]]]}},{"type":"Feature","properties":{"q":"9","ac":41.7},"geometry":{"type":"Polygon","coordinates":[[[-105.895178,43.123747],[-105.900179,43.123783],[-105.900336,43.12755],[-105.896831,43.127565],[-105.895503,43.127571],[-105.895178,43.123747]]]}},{"type":"Feature","properties":{"q":"2","ac":39.9},"geometry":{"type":"Polygon","coordinates":[[[-105.83582,43.109627],[-105.840658,43.10971],[-105.840672,43.113426],[-105.835846,43.113297],[-105.83582,43.109627]]]}},{"type":"Feature","properties":{"q":"3","ac":40.4},"geometry":{"type":"Polygon","coordinates":[[[-105.801382,43.113209],[-105.801405,43.109555],[-105.806357,43.109543],[-105.80632,43.1132],[-105.801382,43.113209]]]}},{"type":"Feature","properties":{"q":"13","ac":38.0},"geometry":{"type":"Polygon","coordinates":[[[-105.85081,43.116963],[-105.855601,43.11694],[-105.855763,43.12052],[-105.851047,43.12054],[-105.85081,43.116963]]]}},{"type":"Feature","properties":{"q":"SWNE","ac":39.6},"geometry":{"type":"Polygon","coordinates":[[[-105.841122,43.120476],[-105.841353,43.124076],[-105.836421,43.124055],[-105.836228,43.120444],[-105.841122,43.120476]]]}},{"type":"Feature","properties":{"q":"23","ac":40.8},"geometry":{"type":"Polygon","coordinates":[[[-105.791511,43.120508],[-105.791508,43.116867],[-105.796492,43.116864],[-105.79654,43.12051],[-105.791511,43.120508]]]}},{"type":"Feature","properties":{"q":"1","ac":40.3},"geometry":{"type":"Polygon","coordinates":[[[-105.811309,43.109531],[-105.816227,43.109534],[-105.816199,43.113186],[-105.811258,43.113192],[-105.811309,43.109531]]]}},{"type":"Feature","properties":{"q":"6","ac":40.5},"geometry":{"type":"Polygon","coordinates":[[[-105.894697,43.109328],[-105.899707,43.109359],[-105.899728,43.112974],[-105.894701,43.112937],[-105.894697,43.109328]]]}},{"type":"Feature","properties":{"q":"15","ac":41.9},"geometry":{"type":"Polygon","coordinates":[[[-105.889706,43.120002],[-105.894866,43.120066],[-105.895178,43.123747],[-105.890177,43.123711],[-105.889706,43.120002]]]}},{"type":"Feature","properties":{"q":"20","ac":35.1},"geometry":{"type":"Polygon","coordinates":[[[-105.904756,43.11301],[-105.909129,43.113041],[-105.909214,43.116643],[-105.904858,43.116601],[-105.904756,43.11301]]]}},{"type":"Feature","properties":{"q":"18","ac":39.7},"geometry":{"type":"Polygon","coordinates":[[[-105.899877,43.116552],[-105.904858,43.116601],[-105.904959,43.120191],[-105.900026,43.12013],[-105.899877,43.116552]]]}},{"type":"Feature","properties":{"q":"17","ac":40.9},"geometry":{"type":"Polygon","coordinates":[[[-105.894866,43.120066],[-105.894784,43.116502],[-105.899877,43.116552],[-105.900026,43.12013],[-105.894866,43.120066]]]}},{"type":"Feature","properties":{"q":"23","ac":40.2},"geometry":{"type":"Polygon","coordinates":[[[-105.889674,43.1129],[-105.894701,43.112937],[-105.894784,43.116502],[-105.88969,43.116451],[-105.889674,43.1129]]]}},{"type":"Feature","properties":{"q":"8","ac":35.4},"geometry":{"type":"Polygon","coordinates":[[[-105.909129,43.113041],[-105.904756,43.11301],[-105.904714,43.10939],[-105.909092,43.109416],[-105.909129,43.113041]]]}},{"type":"Feature","properties":{"q":"13","ac":39.9},"geometry":{"type":"Polygon","coordinates":[[[-105.904959,43.120191],[-105.905063,43.123817],[-105.900179,43.123783],[-105.900026,43.12013],[-105.904959,43.120191]]]}},{"type":"Feature","properties":{"q":"5","ac":40.4},"geometry":{"type":"Polygon","coordinates":[[[-105.889687,43.109296],[-105.894697,43.109328],[-105.894701,43.112937],[-105.889674,43.1129],[-105.889687,43.109296]]]}},{"type":"Feature","properties":{"q":"7","ac":40.6},"geometry":{"type":"Polygon","coordinates":[[[-105.899707,43.109359],[-105.904714,43.10939],[-105.904756,43.11301],[-105.899728,43.112974],[-105.899707,43.109359]]]}},{"type":"Feature","properties":{"q":"19","ac":34.9},"geometry":{"type":"Polygon","coordinates":[[[-105.904858,43.116601],[-105.909214,43.116643],[-105.909299,43.120245],[-105.904959,43.120191],[-105.904858,43.116601]]]}},{"type":"Feature","properties":{"q":"12","ac":35.0},"geometry":{"type":"Polygon","coordinates":[[[-105.904959,43.120191],[-105.909299,43.120245],[-105.909384,43.123847],[-105.905063,43.123817],[-105.904959,43.120191]]]}},{"type":"Feature","properties":{"q":"14","ac":41.6},"geometry":{"type":"Polygon","coordinates":[[[-105.900026,43.12013],[-105.900179,43.123783],[-105.895178,43.123747],[-105.894866,43.120066],[-105.900026,43.12013]]]}},{"type":"Feature","properties":{"q":"NWNW","ac":40.0},"geometry":{"type":"Polygon","coordinates":[[[-105.826063,43.109541],[-105.830981,43.109545],[-105.831021,43.113169],[-105.826081,43.113175],[-105.826063,43.109541]]]}},{"type":"Feature","properties":{"q":"20","ac":38.6},"geometry":{"type":"Polygon","coordinates":[[[-105.850573,43.113387],[-105.855439,43.11336],[-105.855601,43.11694],[-105.85081,43.116963],[-105.850573,43.113387]]]}},{"type":"Feature","properties":{"q":"15","ac":38.8},"geometry":{"type":"Polygon","coordinates":[[[-105.88969,43.116451],[-105.889706,43.120002],[-105.884848,43.120114],[-105.884784,43.116558],[-105.88969,43.116451]]]}},{"type":"Feature","properties":{"q":"4","ac":40.4},"geometry":{"type":"Polygon","coordinates":[[[-105.811309,43.109531],[-105.811258,43.113192],[-105.80632,43.1132],[-105.806357,43.109543],[-105.811309,43.109531]]]}},{"type":"Feature","properties":{"q":"5","ac":43.0},"geometry":{"type":"Polygon","coordinates":[[[-105.880107,43.123882],[-105.880226,43.127634],[-105.877574,43.127645],[-105.875004,43.127652],[-105.874977,43.123965],[-105.880107,43.123882]]]}},{"type":"Feature","properties":{"q":"NWNE","ac":39.5},"geometry":{"type":"Polygon","coordinates":[[[-105.855386,43.109719],[-105.860249,43.109709],[-105.860306,43.113333],[-105.855439,43.11336],[-105.855386,43.109719]]]}},{"type":"Feature","properties":{"q":"22","ac":41.1},"geometry":{"type":"Polygon","coordinates":[[[-105.791511,43.120508],[-105.79654,43.12051],[-105.796589,43.124157],[-105.791515,43.12415],[-105.791511,43.120508]]]}},{"type":"Feature","properties":{"q":"20","ac":41.3},"geometry":{"type":"Polygon","coordinates":[[[-105.801569,43.120511],[-105.806599,43.120512],[-105.806738,43.124169],[-105.801663,43.124164],[-105.801569,43.120511]]]}},{"type":"Feature","properties":{"q":"11","ac":39.2},"geometry":{"type":"Polygon","coordinates":[[[-105.836228,43.120444],[-105.831334,43.120412],[-105.831178,43.116791],[-105.836037,43.116871],[-105.836228,43.120444]]]}},{"type":"Feature","properties":{"q":"5","ac":40.9},"geometry":{"type":"Polygon","coordinates":[[[-105.816733,43.124139],[-105.821652,43.124104],[-105.821827,43.127837],[-105.818306,43.12785],[-105.816914,43.127855],[-105.816733,43.124139]]]}},{"type":"Feature","properties":{"q":"1","ac":40.7},"geometry":{"type":"Polygon","coordinates":[[[-105.816914,43.127855],[-105.813362,43.127868],[-105.812001,43.127873],[-105.811814,43.124174],[-105.816733,43.124139],[-105.816914,43.127855]]]}},{"type":"Feature","properties":{"q":"NENE","ac":39.7},"geometry":{"type":"Polygon","coordinates":[[[-105.855386,43.109719],[-105.855439,43.11336],[-105.850573,43.113387],[-105.850522,43.109728],[-105.855386,43.109719]]]}},{"type":"Feature","properties":{"q":"25","ac":40.9},"geometry":{"type":"Polygon","coordinates":[[[-105.801476,43.11686],[-105.806459,43.116856],[-105.806599,43.120512],[-105.801569,43.120511],[-105.801476,43.11686]]]}},{"type":"Feature","properties":{"q":"17","ac":38.4},"geometry":{"type":"Polygon","coordinates":[[[-105.840672,43.113426],[-105.840897,43.116951],[-105.836037,43.116871],[-105.835846,43.113297],[-105.840672,43.113426]]]}},{"type":"Feature","properties":{"q":"5","ac":41.4},"geometry":{"type":"Polygon","coordinates":[[[-105.831491,43.124033],[-105.836421,43.124055],[-105.836621,43.127781],[-105.833138,43.127794],[-105.831653,43.1278],[-105.831491,43.124033]]]}},{"type":"Feature","properties":{"q":"18","ac":38.9},"geometry":{"type":"Polygon","coordinates":[[[-105.831021,43.113169],[-105.835846,43.113297],[-105.836037,43.116871],[-105.831178,43.116791],[-105.831021,43.113169]]]}},{"type":"Feature","properties":{"q":"9","ac":40.9},"geometry":{"type":"Polygon","coordinates":[[[-105.889706,43.120002],[-105.890177,43.123711],[-105.885143,43.123797],[-105.884848,43.120114],[-105.889706,43.120002]]]}},{"type":"Feature","properties":{"q":"8","ac":39.9},"geometry":{"type":"Polygon","coordinates":[[[-105.826408,43.120438],[-105.831334,43.120412],[-105.831491,43.124033],[-105.826571,43.124069],[-105.826408,43.120438]]]}},{"type":"Feature","properties":{"q":"13","ac":39.9},"geometry":{"type":"Polygon","coordinates":[[[-105.826244,43.116806],[-105.831178,43.116791],[-105.831334,43.120412],[-105.826408,43.120438],[-105.826244,43.116806]]]}},{"type":"Feature","properties":{"q":"5","ac":37.2},"geometry":{"type":"Polygon","coordinates":[[[-105.865206,43.124064],[-105.869847,43.124048],[-105.869782,43.127665],[-105.867757,43.12767],[-105.865217,43.127676],[-105.865206,43.124064]]]}},{"type":"Feature","properties":{"q":"7","ac":40.2},"geometry":{"type":"Polygon","coordinates":[[[-105.848011,43.127734],[-105.846556,43.12774],[-105.846318,43.124096],[-105.851284,43.124116],[-105.851523,43.12772],[-105.848011,43.127734]]]}},{"type":"Feature","properties":{"q":"19","ac":41.3},"geometry":{"type":"Polygon","coordinates":[[[-105.806738,43.124169],[-105.806599,43.120512],[-105.811628,43.120513],[-105.811814,43.124174],[-105.806738,43.124169]]]}},{"type":"Feature","properties":{"q":"2","ac":40.4},"geometry":{"type":"Polygon","coordinates":[[[-105.796453,43.109567],[-105.801405,43.109555],[-105.801382,43.113209],[-105.796444,43.113217],[-105.796453,43.109567]]]}},{"type":"Feature","properties":{"q":"10","ac":37.4},"geometry":{"type":"Polygon","coordinates":[[[-105.860479,43.1205],[-105.865195,43.120479],[-105.865206,43.124064],[-105.860565,43.12408],[-105.860479,43.1205]]]}},{"type":"Feature","properties":{"q":"3","ac":40.9},"geometry":{"type":"Polygon","coordinates":[[[-105.840658,43.10971],[-105.84559,43.109719],[-105.845622,43.113406],[-105.840672,43.113426],[-105.840658,43.10971]]]}},{"type":"Feature","properties":{"q":"15","ac":39.4},"geometry":{"type":"Polygon","coordinates":[[[-105.845622,43.113406],[-105.850573,43.113387],[-105.85081,43.116963],[-105.845853,43.116957],[-105.845622,43.113406]]]}},{"type":"Feature","properties":{"q":"1","ac":39.2},"geometry":{"type":"Polygon","coordinates":[[[-105.874881,43.109596],[-105.874902,43.113192],[-105.870039,43.11328],[-105.869976,43.10969],[-105.874881,43.109596]]]}},{"type":"Feature","properties":{"q":"15","ac":38.1},"geometry":{"type":"Polygon","coordinates":[[[-105.86519,43.118686],[-105.865195,43.120479],[-105.860479,43.1205],[-105.860392,43.116916],[-105.865184,43.116893],[-105.86519,43.118686]]]}},{"type":"Feature","properties":{"q":"10","ac":40.1},"geometry":{"type":"Polygon","coordinates":[[[-105.816555,43.120488],[-105.821481,43.120463],[-105.821652,43.124104],[-105.816733,43.124139],[-105.816555,43.120488]]]}},{"type":"Feature","properties":{"q":"18","ac":39.1},"geometry":{"type":"Polygon","coordinates":[[[-105.879765,43.113105],[-105.879878,43.116666],[-105.874926,43.116768],[-105.874902,43.113192],[-105.879765,43.113105]]]}},{"type":"Feature","properties":{"q":"12","ac":40.1},"geometry":{"type":"Polygon","coordinates":[[[-105.821311,43.116822],[-105.826244,43.116806],[-105.826408,43.120438],[-105.821481,43.120463],[-105.821311,43.116822]]]}},{"type":"Feature","properties":{"q":"14","ac":39.5},"geometry":{"type":"Polygon","coordinates":[[[-105.845853,43.116957],[-105.85081,43.116963],[-105.851047,43.12054],[-105.846085,43.120508],[-105.845853,43.116957]]]}},{"type":"Feature","properties":{"q":"14","ac":38.0},"geometry":{"type":"Polygon","coordinates":[[[-105.855601,43.11694],[-105.860392,43.116916],[-105.860479,43.1205],[-105.855763,43.12052],[-105.855601,43.11694]]]}},{"type":"Feature","properties":{"q":"SENE","ac":40.2},"geometry":{"type":"Polygon","coordinates":[[[-105.816555,43.120488],[-105.816733,43.124139],[-105.811814,43.124174],[-105.811628,43.120513],[-105.816555,43.120488]]]}},{"type":"Feature","properties":{"q":"9","ac":40.0},"geometry":{"type":"Polygon","coordinates":[[[-105.826571,43.124069],[-105.821652,43.124104],[-105.821481,43.120463],[-105.826408,43.120438],[-105.826571,43.124069]]]}},{"type":"Feature","properties":{"q":"1","ac":40.3},"geometry":{"type":"Polygon","coordinates":[[[-105.7915,43.109578],[-105.796453,43.109567],[-105.796444,43.113217],[-105.791505,43.113225],[-105.7915,43.109578]]]}},{"type":"Feature","properties":{"q":"11","ac":40.2},"geometry":{"type":"Polygon","coordinates":[[[-105.821311,43.116822],[-105.821481,43.120463],[-105.816555,43.120488],[-105.816377,43.116837],[-105.821311,43.116822]]]}},{"type":"Feature","properties":{"q":"14","ac":40.0},"geometry":{"type":"Polygon","coordinates":[[[-105.826081,43.113175],[-105.831021,43.113169],[-105.831178,43.116791],[-105.826244,43.116806],[-105.826081,43.113175]]]}},{"type":"Feature","properties":{"q":"17","ac":38.7},"geometry":{"type":"Polygon","coordinates":[[[-105.865173,43.113306],[-105.870039,43.11328],[-105.869975,43.116869],[-105.865184,43.116893],[-105.865173,43.113306]]]}},{"type":"Feature","properties":{"q":"12","ac":38.6},"geometry":{"type":"Polygon","coordinates":[[[-105.836228,43.120444],[-105.836037,43.116871],[-105.840897,43.116951],[-105.841122,43.120476],[-105.836228,43.120444]]]}},{"type":"Feature","properties":{"q":"2","ac":43.1},"geometry":{"type":"Polygon","coordinates":[[[-105.796589,43.124157],[-105.801663,43.124164],[-105.80176,43.127928],[-105.79851,43.127948],[-105.796639,43.127955],[-105.796589,43.124157]]]}},{"type":"Feature","properties":{"q":"10","ac":40.6},"geometry":{"type":"Polygon","coordinates":[[[-105.879991,43.120226],[-105.884848,43.120114],[-105.885143,43.123797],[-105.880107,43.123882],[-105.879991,43.120226]]]}},{"type":"Feature","properties":{"q":"NESE","ac":40.3},"geometry":{"type":"Polygon","coordinates":[[[-105.811443,43.116853],[-105.816377,43.116837],[-105.816555,43.120488],[-105.811628,43.120513],[-105.811443,43.116853]]]}},{"type":"Feature","properties":{"q":"11","ac":37.4},"geometry":{"type":"Polygon","coordinates":[[[-105.855763,43.12052],[-105.860479,43.1205],[-105.860565,43.12408],[-105.855925,43.124098],[-105.855763,43.12052]]]}},{"type":"Feature","properties":{"q":"7","ac":37.1},"geometry":{"type":"Polygon","coordinates":[[[-105.851284,43.124116],[-105.855925,43.124098],[-105.856088,43.127701],[-105.852976,43.127714],[-105.851523,43.12772],[-105.851284,43.124116]]]}},{"type":"Feature","properties":{"q":"19","ac":39.3},"geometry":{"type":"Polygon","coordinates":[[[-105.874902,43.113192],[-105.874926,43.116768],[-105.869975,43.116869],[-105.870039,43.11328],[-105.874902,43.113192]]]}},{"type":"Feature","properties":{"q":"14","ac":38.8},"geometry":{"type":"Polygon","coordinates":[[[-105.879878,43.116666],[-105.884784,43.116558],[-105.884848,43.120114],[-105.879991,43.120226],[-105.879878,43.116666]]]}},{"type":"Feature","properties":{"q":"15","ac":40.1},"geometry":{"type":"Polygon","coordinates":[[[-105.82114,43.113181],[-105.826081,43.113175],[-105.826244,43.116806],[-105.821311,43.116822],[-105.82114,43.113181]]]}},{"type":"Feature","properties":{"q":"21","ac":41.2},"geometry":{"type":"Polygon","coordinates":[[[-105.79654,43.12051],[-105.801569,43.120511],[-105.801663,43.124164],[-105.796589,43.124157],[-105.79654,43.12051]]]}},{"type":"Feature","properties":{"q":"18","ac":43.4},"geometry":{"type":"Polygon","coordinates":[[[-105.796639,43.127955],[-105.793554,43.127967],[-105.791518,43.127974],[-105.791515,43.12415],[-105.796589,43.124157],[-105.796639,43.127955]]]}},{"type":"Feature","properties":{"q":"29","ac":40.4},"geometry":{"type":"Polygon","coordinates":[[[-105.801476,43.11686],[-105.796492,43.116864],[-105.796444,43.113217],[-105.801382,43.113209],[-105.801476,43.11686]]]}},{"type":"Feature","properties":{"q":"22","ac":19.1},"geometry":{"type":"Polygon","coordinates":[[[-105.865184,43.116893],[-105.869975,43.116869],[-105.869943,43.118664],[-105.86519,43.118686],[-105.865184,43.116893]]]}},{"type":"Feature","properties":{"q":"6","ac":43.4},"geometry":{"type":"Polygon","coordinates":[[[-105.885143,43.123797],[-105.885448,43.127612],[-105.882388,43.127625],[-105.880226,43.127634],[-105.880107,43.123882],[-105.885143,43.123797]]]}},{"type":"Feature","properties":{"q":"13","ac":39.8},"geometry":{"type":"Polygon","coordinates":[[[-105.879878,43.116666],[-105.879991,43.120226],[-105.874951,43.120343],[-105.874926,43.116768],[-105.879878,43.116666]]]}},{"type":"Feature","properties":{"q":"SWSE","ac":40.2},"geometry":{"type":"Polygon","coordinates":[[[-105.82114,43.113181],[-105.821311,43.116822],[-105.816377,43.116837],[-105.816199,43.113186],[-105.82114,43.113181]]]}},{"type":"Feature","properties":{"q":"21","ac":19.0},"geometry":{"type":"Polygon","coordinates":[[[-105.865195,43.120479],[-105.86519,43.118686],[-105.869943,43.118664],[-105.869912,43.120459],[-105.865195,43.120479]]]}},{"type":"Feature","properties":{"q":"8","ac":42.2},"geometry":{"type":"Polygon","coordinates":[[[-105.874977,43.123965],[-105.875004,43.127652],[-105.872666,43.127658],[-105.869782,43.127665],[-105.869847,43.124048],[-105.874977,43.123965]]]}},{"type":"Feature","properties":{"q":"17","ac":39.2},"geometry":{"type":"Polygon","coordinates":[[[-105.884719,43.113002],[-105.884784,43.116558],[-105.879878,43.116666],[-105.879765,43.113105],[-105.884719,43.113002]]]}},{"type":"Feature","properties":{"q":"24","ac":40.8},"geometry":{"type":"Polygon","coordinates":[[[-105.801476,43.11686],[-105.801569,43.120511],[-105.79654,43.12051],[-105.796492,43.116864],[-105.801476,43.11686]]]}},{"type":"Feature","properties":{"q":"7","ac":44.1},"geometry":{"type":"Polygon","coordinates":[[[-105.890177,43.123711],[-105.89067,43.12759],[-105.887203,43.127605],[-105.885448,43.127612],[-105.885143,43.123797],[-105.890177,43.123711]]]}},{"type":"Feature","properties":{"q":"SESE","ac":40.3},"geometry":{"type":"Polygon","coordinates":[[[-105.811258,43.113192],[-105.816199,43.113186],[-105.816377,43.116837],[-105.811443,43.116853],[-105.811258,43.113192]]]}},{"type":"Feature","properties":{"q":"3","ac":40.1},"geometry":{"type":"Polygon","coordinates":[[[-105.821145,43.109538],[-105.826063,43.109541],[-105.826081,43.113175],[-105.82114,43.113181],[-105.821145,43.109538]]]}},{"type":"Feature","properties":{"q":"NESE","ac":40.0},"geometry":{"type":"Polygon","coordinates":[[[-105.869975,43.116869],[-105.874926,43.116768],[-105.874951,43.120343],[-105.869912,43.120459],[-105.869943,43.118664],[-105.869975,43.116869]]]}}]}