{"type":"FeatureCollection","note":"BLM Public Land Survey System. Provided by the Bureau of Land Management as is. These data are neither legal documents nor land surveys and must not be used as such.","features":[{"type":"Feature","properties":{"q":"NWNW","ac":40.0},"geometry":{"type":"Polygon","coordinates":[[[-107.580324,44.17864],[-107.580335,44.182263],[-107.575307,44.182262],[-107.575298,44.17864],[-107.580324,44.17864]]]}},{"type":"Feature","properties":{"q":"3","ac":39.9},"geometry":{"type":"Polygon","coordinates":[[[-107.575289,44.175017],[-107.570266,44.175017],[-107.57026,44.171395],[-107.575283,44.171396],[-107.575289,44.175017]]]}},{"type":"Feature","properties":{"q":"5","ac":39.9},"geometry":{"type":"Polygon","coordinates":[[[-107.575276,44.167774],[-107.580297,44.167774],[-107.580305,44.171396],[-107.575283,44.171396],[-107.575276,44.167774]]]}},{"type":"Feature","properties":{"q":"SENE","ac":40.0},"geometry":{"type":"Polygon","coordinates":[[[-107.585423,44.20764],[-107.580391,44.207641],[-107.580392,44.204016],[-107.585424,44.204016],[-107.585423,44.20764]]]}},{"type":"Feature","properties":{"q":"NWSW","ac":40.0},"geometry":{"type":"Polygon","coordinates":[[[-107.58035,44.185889],[-107.580364,44.189514],[-107.575337,44.189513],[-107.575322,44.185888],[-107.58035,44.185889]]]}},{"type":"Feature","properties":{"q":"NWNW","ac":40.0},"geometry":{"type":"Polygon","coordinates":[[[-107.555237,44.19313],[-107.560269,44.193131],[-107.560284,44.196755],[-107.555252,44.196754],[-107.555237,44.19313]]]}},{"type":"Feature","properties":{"q":"NESE","ac":40.0},"geometry":{"type":"Polygon","coordinates":[[[-107.585424,44.200391],[-107.585424,44.204016],[-107.580392,44.204016],[-107.580393,44.200391],[-107.585424,44.200391]]]}},{"type":"Feature","properties":{"q":"SESE","ac":40.0},"geometry":{"type":"Polygon","coordinates":[[[-107.525017,44.182273],[-107.525029,44.185898],[-107.52,44.185905],[-107.519988,44.18228],[-107.525017,44.182273]]]}},{"type":"Feature","properties":{"q":"NWSE","ac":40.0},"geometry":{"type":"Polygon","coordinates":[[[-107.530088,44.214888],[-107.530086,44.218512],[-107.525056,44.218518],[-107.525059,44.214894],[-107.530088,44.214888]]]}},{"type":"Feature","properties":{"q":"NESE","ac":40.0},"geometry":{"type":"Polygon","coordinates":[[[-107.520034,44.200403],[-107.525063,44.200397],[-107.525063,44.204022],[-107.520034,44.204028],[-107.520034,44.200403]]]}},{"type":"Feature","properties":{"q":"SWNE","ac":40.0},"geometry":{"type":"Polygon","coordinates":[[[-107.509926,44.175049],[-107.509927,44.17867],[-107.504896,44.178676],[-107.504893,44.175055],[-107.509926,44.175049]]]}},{"type":"Feature","properties":{"q":"NWSE","ac":40.2},"geometry":{"type":"Polygon","coordinates":[[[-107.484792,44.204041],[-107.484804,44.200413],[-107.489843,44.200413],[-107.489839,44.204041],[-107.484792,44.204041]]]}},{"type":"Feature","properties":{"q":"1","ac":39.2},"geometry":{"type":"Polygon","coordinates":[[[-107.481131,44.196451],[-107.481128,44.196336],[-107.481035,44.193171],[-107.484807,44.19317],[-107.485896,44.19317],[-107.486147,44.19679],[-107.484816,44.19679],[-107.481134,44.196792],[-107.481131,44.196451]]]}},{"type":"Feature","properties":{"q":"SWSW","ac":40.0},"geometry":{"type":"Polygon","coordinates":[[[-107.494874,44.200414],[-107.494877,44.19679],[-107.499907,44.196791],[-107.499904,44.200415],[-107.494874,44.200414]]]}},{"type":"Feature","properties":{"q":"SENE","ac":40.0},"geometry":{"type":"Polygon","coordinates":[[[-107.580431,44.23664],[-107.580425,44.233015],[-107.58546,44.233011],[-107.585467,44.236636],[-107.580431,44.23664]]]}},{"type":"Feature","properties":{"q":"10","ac":58.7},"geometry":{"type":"Polygon","coordinates":[[[-107.592863,44.243873],[-107.590497,44.243877],[-107.585464,44.243882],[-107.585474,44.240261],[-107.590509,44.240258],[-107.592856,44.240254],[-107.592863,44.243873]]]}},{"type":"Feature","properties":{"q":"NENW","ac":40.0},"geometry":{"type":"Polygon","coordinates":[[[-107.57538,44.222138],[-107.575386,44.225762],[-107.570361,44.225758],[-107.570354,44.222134],[-107.57538,44.222138]]]}},{"type":"Feature","properties":{"q":"SWNW","ac":40.0},"geometry":{"type":"Polygon","coordinates":[[[-107.575403,44.236636],[-107.575397,44.233012],[-107.580425,44.233015],[-107.580431,44.23664],[-107.575403,44.236636]]]}},{"type":"Feature","properties":{"q":"6","ac":33.2},"geometry":{"type":"Polygon","coordinates":[[[-107.555236,44.24749],[-107.560276,44.24749],[-107.560261,44.250494],[-107.558023,44.250492],[-107.555221,44.250487],[-107.555236,44.24749]]]}},{"type":"Feature","properties":{"q":"SENW","ac":40.0},"geometry":{"type":"Polygon","coordinates":[[[-107.570354,44.222134],[-107.570347,44.218509],[-107.575374,44.218513],[-107.57538,44.222138],[-107.570354,44.222134]]]}},{"type":"Feature","properties":{"q":"NWNW","ac":40.1},"geometry":{"type":"Polygon","coordinates":[[[-107.555271,44.236622],[-107.560316,44.236622],[-107.560318,44.240247],[-107.555272,44.240246],[-107.555271,44.236622]]]}},{"type":"Feature","properties":{"q":"NENW","ac":40.0},"geometry":{"type":"Polygon","coordinates":[[[-107.59048,44.225762],[-107.590474,44.222137],[-107.595508,44.222134],[-107.595514,44.225758],[-107.59048,44.225762]]]}},{"type":"Feature","properties":{"q":"NESE","ac":40.0},"geometry":{"type":"Polygon","coordinates":[[[-107.565331,44.243873],[-107.565314,44.247495],[-107.560276,44.24749],[-107.560297,44.243868],[-107.565331,44.243873]]]}},{"type":"Feature","properties":{"q":"7","ac":33.1},"geometry":{"type":"Polygon","coordinates":[[[-107.555236,44.24749],[-107.555221,44.250487],[-107.552955,44.250483],[-107.550183,44.250479],[-107.550195,44.24749],[-107.555236,44.24749]]]}},{"type":"Feature","properties":{"q":"NENW","ac":40.0},"geometry":{"type":"Polygon","coordinates":[[[-107.535103,44.240248],[-107.530071,44.240251],[-107.530074,44.236628],[-107.535105,44.236624],[-107.535103,44.240248]]]}},{"type":"Feature","properties":{"q":"NENE","ac":40.1},"geometry":{"type":"Polygon","coordinates":[[[-107.540145,44.222124],[-107.545184,44.222125],[-107.545186,44.225749],[-107.540145,44.225749],[-107.540145,44.222124]]]}},{"type":"Feature","properties":{"q":"SENW","ac":40.1},"geometry":{"type":"Polygon","coordinates":[[[-107.514974,44.233013],[-107.514969,44.236636],[-107.509927,44.236638],[-107.509933,44.233015],[-107.514974,44.233013]]]}},{"type":"Feature","properties":{"q":"10","ac":22.1},"geometry":{"type":"Polygon","coordinates":[[[-107.484731,44.243848],[-107.484735,44.247469],[-107.481975,44.247462],[-107.481972,44.247064],[-107.48197,44.246917],[-107.48193,44.243843],[-107.484731,44.243848]]]}},{"type":"Feature","properties":{"q":"9","ac":21.8},"geometry":{"type":"Polygon","coordinates":[[[-107.484735,44.247469],[-107.484723,44.251089],[-107.481998,44.251081],[-107.481994,44.250537],[-107.481975,44.247462],[-107.484735,44.247469]]]}},{"type":"Feature","properties":{"q":"1","ac":5.1},"geometry":{"type":"Polygon","coordinates":[[[-107.481589,44.225301],[-107.484769,44.225303],[-107.486628,44.225303],[-107.48663,44.225761],[-107.484768,44.225761],[-107.481597,44.225759],[-107.481589,44.225301]]]}},{"type":"Feature","properties":{"q":"7","ac":36.7},"geometry":{"type":"Polygon","coordinates":[[[-107.509895,44.25113],[-107.514931,44.251127],[-107.514921,44.254447],[-107.509887,44.254459],[-107.509895,44.25113]]]}},{"type":"Feature","properties":{"q":"SWNW","ac":40.1},"geometry":{"type":"Polygon","coordinates":[[[-107.520016,44.233011],[-107.520012,44.236634],[-107.514969,44.236636],[-107.514974,44.233013],[-107.520016,44.233011]]]}},{"type":"Feature","properties":{"q":"SWNW","ac":40.0},"geometry":{"type":"Polygon","coordinates":[[[-107.560215,44.175015],[-107.560218,44.178637],[-107.555189,44.178635],[-107.555187,44.175014],[-107.560215,44.175015]]]}},{"type":"Feature","properties":{"q":"SENW","ac":40.0},"geometry":{"type":"Polygon","coordinates":[[[-107.595488,44.204014],[-107.595488,44.207638],[-107.590456,44.20764],[-107.590456,44.204015],[-107.595488,44.204014]]]}},{"type":"Feature","properties":{"q":"NESW","ac":40.0},"geometry":{"type":"Polygon","coordinates":[[[-107.595456,44.189519],[-107.590425,44.189517],[-107.59041,44.185894],[-107.59544,44.185895],[-107.595456,44.189519]]]}},{"type":"Feature","properties":{"q":"SESE","ac":40.0},"geometry":{"type":"Polygon","coordinates":[[[-107.580393,44.200391],[-107.580394,44.196766],[-107.585425,44.196766],[-107.585424,44.200391],[-107.580393,44.200391]]]}},{"type":"Feature","properties":{"q":"SWSW","ac":40.0},"geometry":{"type":"Polygon","coordinates":[[[-107.555242,44.211252],[-107.560274,44.211253],[-107.560283,44.214877],[-107.555249,44.214877],[-107.555242,44.211252]]]}},{"type":"Feature","properties":{"q":"NWSW","ac":40.0},"geometry":{"type":"Polygon","coordinates":[[[-107.580392,44.204016],[-107.575364,44.204013],[-107.575365,44.200388],[-107.580393,44.200391],[-107.580392,44.204016]]]}},{"type":"Feature","properties":{"q":"SWSW","ac":40.0},"geometry":{"type":"Polygon","coordinates":[[[-107.555252,44.196754],[-107.560284,44.196755],[-107.560282,44.20038],[-107.555249,44.200379],[-107.555252,44.196754]]]}},{"type":"Feature","properties":{"q":"NESW","ac":40.0},"geometry":{"type":"Polygon","coordinates":[[[-107.535116,44.218506],[-107.530086,44.218512],[-107.530088,44.214888],[-107.535117,44.214882],[-107.535116,44.218506]]]}},{"type":"Feature","properties":{"q":"NENE","ac":40.0},"geometry":{"type":"Polygon","coordinates":[[[-107.520022,44.193154],[-107.525052,44.193148],[-107.525064,44.196772],[-107.520034,44.196779],[-107.520022,44.193154]]]}},{"type":"Feature","properties":{"q":"NESW","ac":40.0},"geometry":{"type":"Polygon","coordinates":[[[-107.555249,44.214877],[-107.555256,44.218501],[-107.550219,44.218501],[-107.550215,44.214876],[-107.555249,44.214877]]]}},{"type":"Feature","properties":{"q":"NWNW","ac":40.0},"geometry":{"type":"Polygon","coordinates":[[[-107.514958,44.178664],[-107.519989,44.178658],[-107.519988,44.18228],[-107.514959,44.182286],[-107.514958,44.178664]]]}},{"type":"Feature","properties":{"q":"SESE","ac":40.0},"geometry":{"type":"Polygon","coordinates":[[[-107.499907,44.196791],[-107.504938,44.196788],[-107.504937,44.200413],[-107.499904,44.200415],[-107.499907,44.196791]]]}},{"type":"Feature","properties":{"q":"SWNW","ac":40.0},"geometry":{"type":"Polygon","coordinates":[[[-107.515,44.207658],[-107.515001,44.204031],[-107.520034,44.204028],[-107.520034,44.207653],[-107.515,44.207658]]]}},{"type":"Feature","properties":{"q":"SESW","ac":40.0},"geometry":{"type":"Polygon","coordinates":[[[-107.575386,44.225762],[-107.575392,44.229387],[-107.570365,44.229383],[-107.570361,44.225758],[-107.575386,44.225762]]]}},{"type":"Feature","properties":{"q":"SENE","ac":40.0},"geometry":{"type":"Polygon","coordinates":[[[-107.580406,44.222141],[-107.580401,44.218516],[-107.585434,44.218514],[-107.58544,44.222139],[-107.580406,44.222141]]]}},{"type":"Feature","properties":{"q":"NESW","ac":40.0},"geometry":{"type":"Polygon","coordinates":[[[-107.595501,44.21851],[-107.590468,44.218512],[-107.590462,44.214888],[-107.595495,44.214886],[-107.595501,44.21851]]]}},{"type":"Feature","properties":{"q":"NWSW","ac":40.0},"geometry":{"type":"Polygon","coordinates":[[[-107.535111,44.229378],[-107.540142,44.229373],[-107.54014,44.232997],[-107.535108,44.233001],[-107.535111,44.229378]]]}},{"type":"Feature","properties":{"q":"SENE","ac":40.1},"geometry":{"type":"Polygon","coordinates":[[[-107.545182,44.236621],[-107.540137,44.236621],[-107.54014,44.232997],[-107.545183,44.232997],[-107.545182,44.236621]]]}},{"type":"Feature","properties":{"q":"SWNE","ac":40.1},"geometry":{"type":"Polygon","coordinates":[[[-107.550219,44.218501],[-107.550223,44.222125],[-107.545184,44.222125],[-107.545182,44.2185],[-107.550219,44.218501]]]}},{"type":"Feature","properties":{"q":"SWSW","ac":40.0},"geometry":{"type":"Polygon","coordinates":[[[-107.535114,44.225754],[-107.540145,44.225749],[-107.540142,44.229373],[-107.535111,44.229378],[-107.535114,44.225754]]]}},{"type":"Feature","properties":{"q":"6","ac":36.6},"geometry":{"type":"Polygon","coordinates":[[[-107.530025,44.254431],[-107.52499,44.254433],[-107.525001,44.251121],[-107.530036,44.251118],[-107.530025,44.254431]]]}},{"type":"Feature","properties":{"q":"NWNE","ac":40.1},"geometry":{"type":"Polygon","coordinates":[[[-107.545186,44.225749],[-107.545184,44.222125],[-107.550223,44.222125],[-107.550228,44.225749],[-107.545186,44.225749]]]}},{"type":"Feature","properties":{"q":"SWSE","ac":40.0},"geometry":{"type":"Polygon","coordinates":[[[-107.525051,44.225765],[-107.530082,44.22576],[-107.530079,44.229382],[-107.525049,44.229386],[-107.525051,44.225765]]]}},{"type":"Feature","properties":{"q":"5","ac":38.2},"geometry":{"type":"Polygon","coordinates":[[[-107.511796,44.222149],[-107.511797,44.221703],[-107.509951,44.221701],[-107.509955,44.218528],[-107.51499,44.218526],[-107.514986,44.222148],[-107.511796,44.222149]]]}},{"type":"Feature","properties":{"q":"NESW","ac":40.0},"geometry":{"type":"Polygon","coordinates":[[[-107.514978,44.229391],[-107.514974,44.233013],[-107.509933,44.233015],[-107.509939,44.229393],[-107.514978,44.229391]]]}},{"type":"Feature","properties":{"q":"SWNW","ac":40.0},"geometry":{"type":"Polygon","coordinates":[[[-107.499822,44.247508],[-107.499819,44.25113],[-107.494785,44.251116],[-107.494788,44.247495],[-107.499822,44.247508]]]}},{"type":"Feature","properties":{"q":"1","ac":49.7},"geometry":{"type":"Polygon","coordinates":[[[-107.501731,44.225314],[-107.499869,44.225319],[-107.499875,44.222155],[-107.499882,44.218533],[-107.504919,44.218531],[-107.504913,44.221697],[-107.501729,44.221694],[-107.50173,44.222154],[-107.501731,44.225314]]]}},{"type":"Feature","properties":{"q":"NWNW","ac":40.0},"geometry":{"type":"Polygon","coordinates":[[[-107.560221,44.182259],[-107.555192,44.182257],[-107.555189,44.178635],[-107.560218,44.178637],[-107.560221,44.182259]]]}},{"type":"Feature","properties":{"q":"NWNE","ac":40.0},"geometry":{"type":"Polygon","coordinates":[[[-107.570272,44.178639],[-107.570278,44.182261],[-107.565249,44.18226],[-107.565245,44.178638],[-107.570272,44.178639]]]}},{"type":"Feature","properties":{"q":"SENE","ac":40.0},"geometry":{"type":"Polygon","coordinates":[[[-107.565245,44.178638],[-107.560218,44.178637],[-107.560215,44.175015],[-107.56524,44.175016],[-107.565245,44.178638]]]}},{"type":"Feature","properties":{"q":"SWNE","ac":40.0},"geometry":{"type":"Polygon","coordinates":[[[-107.56524,44.175016],[-107.570266,44.175017],[-107.570272,44.178639],[-107.565245,44.178638],[-107.56524,44.175016]]]}},{"type":"Feature","properties":{"q":"1","ac":40.0},"geometry":{"type":"Polygon","coordinates":[[[-107.56524,44.175016],[-107.560215,44.175015],[-107.560212,44.171394],[-107.565236,44.171395],[-107.56524,44.175016]]]}},{"type":"Feature","properties":{"q":"SESW","ac":40.0},"geometry":{"type":"Polygon","coordinates":[[[-107.575307,44.182262],[-107.575322,44.185888],[-107.570293,44.185886],[-107.570278,44.182261],[-107.575307,44.182262]]]}},{"type":"Feature","properties":{"q":"NWNE","ac":40.0},"geometry":{"type":"Polygon","coordinates":[[[-107.570324,44.193136],[-107.570339,44.19676],[-107.565312,44.196758],[-107.565296,44.193134],[-107.570324,44.193136]]]}},{"type":"Feature","properties":{"q":"SENE","ac":40.0},"geometry":{"type":"Polygon","coordinates":[[[-107.565281,44.189509],[-107.565296,44.193134],[-107.560269,44.193131],[-107.560253,44.189507],[-107.565281,44.189509]]]}},{"type":"Feature","properties":{"q":"SWNW","ac":40.0},"geometry":{"type":"Polygon","coordinates":[[[-107.560269,44.193131],[-107.555237,44.19313],[-107.555222,44.189506],[-107.560253,44.189507],[-107.560269,44.193131]]]}},{"type":"Feature","properties":{"q":"NESE","ac":40.0},"geometry":{"type":"Polygon","coordinates":[[[-107.540146,44.2185],[-107.540146,44.214875],[-107.54518,44.214876],[-107.545182,44.2185],[-107.540146,44.2185]]]}},{"type":"Feature","properties":{"q":"NWNE","ac":40.0},"geometry":{"type":"Polygon","coordinates":[[[-107.550212,44.207627],[-107.55021,44.211252],[-107.545178,44.211251],[-107.54518,44.207627],[-107.550212,44.207627]]]}},{"type":"Feature","properties":{"q":"1","ac":33.3},"geometry":{"type":"Polygon","coordinates":[[[-107.499871,44.181938],[-107.500857,44.181941],[-107.500746,44.178681],[-107.504896,44.178676],[-107.5049,44.182298],[-107.49987,44.182304],[-107.499871,44.181938]]]}},{"type":"Feature","properties":{"q":"2","ac":5.4},"geometry":{"type":"Polygon","coordinates":[[[-107.484774,44.181914],[-107.489804,44.181894],[-107.490816,44.18189],[-107.490812,44.182309],[-107.489804,44.182309],[-107.484774,44.182309],[-107.484774,44.181914]]]}},{"type":"Feature","properties":{"q":"5","ac":7.7},"geometry":{"type":"Polygon","coordinates":[[[-107.520706,44.171413],[-107.51999,44.171415],[-107.519991,44.166515],[-107.520711,44.16649],[-107.520704,44.17011],[-107.520706,44.171413]]]}},{"type":"Feature","properties":{"q":"SWNE","ac":40.0},"geometry":{"type":"Polygon","coordinates":[[[-107.504918,44.189542],[-107.50995,44.189538],[-107.50996,44.193162],[-107.504928,44.193165],[-107.504918,44.189542]]]}},{"type":"Feature","properties":{"q":"SESW","ac":40.0},"geometry":{"type":"Polygon","coordinates":[[[-107.514999,44.211284],[-107.514995,44.214905],[-107.50996,44.214909],[-107.509965,44.21129],[-107.514999,44.211284]]]}},{"type":"Feature","properties":{"q":"NWNW","ac":40.0},"geometry":{"type":"Polygon","coordinates":[[[-107.514991,44.193158],[-107.520022,44.193154],[-107.520034,44.196779],[-107.515002,44.196782],[-107.514991,44.193158]]]}},{"type":"Feature","properties":{"q":"7","ac":26.5},"geometry":{"type":"Polygon","coordinates":[[[-107.481471,44.217995],[-107.481419,44.214907],[-107.484793,44.214908],[-107.484786,44.218526],[-107.481481,44.218524],[-107.481473,44.218089],[-107.481471,44.217995]]]}},{"type":"Feature","properties":{"q":"SWSE","ac":40.0},"geometry":{"type":"Polygon","coordinates":[[[-107.565348,44.240251],[-107.570378,44.240256],[-107.570365,44.243878],[-107.565331,44.243873],[-107.565348,44.240251]]]}},{"type":"Feature","properties":{"q":"NESW","ac":40.0},"geometry":{"type":"Polygon","coordinates":[[[-107.575367,44.214888],[-107.575374,44.218513],[-107.570347,44.218509],[-107.570339,44.214884],[-107.575367,44.214888]]]}},{"type":"Feature","properties":{"q":"SENW","ac":40.0},"geometry":{"type":"Polygon","coordinates":[[[-107.595501,44.21851],[-107.595508,44.222134],[-107.590474,44.222137],[-107.590468,44.218512],[-107.595501,44.21851]]]}},{"type":"Feature","properties":{"q":"NWNE","ac":40.0},"geometry":{"type":"Polygon","coordinates":[[[-107.570374,44.236632],[-107.570378,44.240256],[-107.565348,44.240251],[-107.565345,44.236627],[-107.570374,44.236632]]]}},{"type":"Feature","properties":{"q":"SWSW","ac":40.0},"geometry":{"type":"Polygon","coordinates":[[[-107.580418,44.229391],[-107.575392,44.229387],[-107.575386,44.225762],[-107.580412,44.225766],[-107.580418,44.229391]]]}},{"type":"Feature","properties":{"q":"NWNW","ac":40.0},"geometry":{"type":"Polygon","coordinates":[[[-107.580406,44.222141],[-107.580412,44.225766],[-107.575386,44.225762],[-107.57538,44.222138],[-107.580406,44.222141]]]}},{"type":"Feature","properties":{"q":"12","ac":26.3},"geometry":{"type":"Polygon","coordinates":[[[-107.590485,44.228149],[-107.587823,44.228148],[-107.58545,44.228148],[-107.585446,44.225764],[-107.59048,44.225762],[-107.590485,44.228149]]]}},{"type":"Feature","properties":{"q":"SWNE","ac":40.0},"geometry":{"type":"Polygon","coordinates":[[[-107.525014,44.2475],[-107.530047,44.247496],[-107.530036,44.251118],[-107.525001,44.251121],[-107.525014,44.2475]]]}},{"type":"Feature","properties":{"q":"SWNW","ac":40.0},"geometry":{"type":"Polygon","coordinates":[[[-107.540145,44.222124],[-107.535115,44.22213],[-107.535116,44.218506],[-107.540146,44.2185],[-107.540145,44.222124]]]}},{"type":"Feature","properties":{"q":"SESW","ac":40.0},"geometry":{"type":"Polygon","coordinates":[[[-107.530082,44.22576],[-107.535114,44.225754],[-107.535111,44.229378],[-107.530079,44.229382],[-107.530082,44.22576]]]}},{"type":"Feature","properties":{"q":"SENW","ac":40.1},"geometry":{"type":"Polygon","coordinates":[[[-107.550223,44.222125],[-107.550219,44.218501],[-107.555256,44.218501],[-107.555262,44.222126],[-107.550223,44.222125]]]}},{"type":"Feature","properties":{"q":"NWSE","ac":40.0},"geometry":{"type":"Polygon","coordinates":[[[-107.525014,44.2475],[-107.525026,44.243877],[-107.530059,44.243874],[-107.530047,44.247496],[-107.525014,44.2475]]]}},{"type":"Feature","properties":{"q":"NENW","ac":40.0},"geometry":{"type":"Polygon","coordinates":[[[-107.530082,44.22576],[-107.530084,44.222136],[-107.535115,44.22213],[-107.535114,44.225754],[-107.530082,44.22576]]]}},{"type":"Feature","properties":{"q":"SWSE","ac":40.1},"geometry":{"type":"Polygon","coordinates":[[[-107.504877,44.240261],[-107.509921,44.24026],[-107.509912,44.243883],[-107.50487,44.243884],[-107.504877,44.240261]]]}},{"type":"Feature","properties":{"q":"6","ac":22.8},"geometry":{"type":"Polygon","coordinates":[[[-107.481481,44.218524],[-107.484786,44.218526],[-107.484778,44.221697],[-107.481531,44.221695],[-107.481529,44.22161],[-107.481481,44.218524]]]}},{"type":"Feature","properties":{"q":"NWNW","ac":40.1},"geometry":{"type":"Polygon","coordinates":[[[-107.514969,44.236636],[-107.520012,44.236634],[-107.520007,44.240257],[-107.514964,44.240259],[-107.514969,44.236636]]]}},{"type":"Feature","properties":{"q":"5","ac":20.1},"geometry":{"type":"Polygon","coordinates":[[[-107.484711,44.254466],[-107.482015,44.254466],[-107.482019,44.25423],[-107.481998,44.251081],[-107.484723,44.251089],[-107.484711,44.254466]]]}},{"type":"Feature","properties":{"q":"3","ac":24.2},"geometry":{"type":"Polygon","coordinates":[[[-107.484747,44.232996],[-107.481739,44.232992],[-107.481729,44.232549],[-107.481727,44.232452],[-107.481668,44.229375],[-107.484758,44.229378],[-107.484747,44.232996]]]}},{"type":"Feature","properties":{"q":"2","ac":40.0},"geometry":{"type":"Polygon","coordinates":[[[-107.565236,44.171395],[-107.57026,44.171395],[-107.570266,44.175017],[-107.56524,44.175016],[-107.565236,44.171395]]]}},{"type":"Feature","properties":{"q":"NENW","ac":40.0},"geometry":{"type":"Polygon","coordinates":[[[-107.590384,44.178647],[-107.595413,44.17865],[-107.595424,44.182271],[-107.590394,44.18227],[-107.590384,44.178647]]]}},{"type":"Feature","properties":{"q":"9","ac":14.7},"geometry":{"type":"Polygon","coordinates":[[[-107.56523,44.166429],[-107.565231,44.167773],[-107.560209,44.167773],[-107.560208,44.166449],[-107.560889,44.166447],[-107.563146,44.166437],[-107.56523,44.166429]]]}},{"type":"Feature","properties":{"q":"SESW","ac":40.0},"geometry":{"type":"Polygon","coordinates":[[[-107.590462,44.214888],[-107.590455,44.211264],[-107.595488,44.211262],[-107.595495,44.214886],[-107.590462,44.214888]]]}},{"type":"Feature","properties":{"q":"SESE","ac":40.0},"geometry":{"type":"Polygon","coordinates":[[[-107.565303,44.211256],[-107.565311,44.214881],[-107.560283,44.214877],[-107.560274,44.211253],[-107.565303,44.211256]]]}},{"type":"Feature","properties":{"q":"NWNW","ac":40.0},"geometry":{"type":"Polygon","coordinates":[[[-107.560274,44.211253],[-107.555242,44.211252],[-107.555245,44.207628],[-107.560277,44.207628],[-107.560274,44.211253]]]}},{"type":"Feature","properties":{"q":"8","ac":34.4},"geometry":{"type":"Polygon","coordinates":[[[-107.545825,44.17013],[-107.545821,44.167769],[-107.550149,44.167772],[-107.550152,44.171392],[-107.545827,44.17139],[-107.545825,44.17013]]]}},{"type":"Feature","properties":{"q":"SESE","ac":40.0},"geometry":{"type":"Polygon","coordinates":[[[-107.545133,44.182253],[-107.545147,44.185878],[-107.540117,44.185877],[-107.540104,44.182251],[-107.545133,44.182253]]]}},{"type":"Feature","properties":{"q":"1","ac":17.5},"geometry":{"type":"Polygon","coordinates":[[[-107.535784,44.175014],[-107.535785,44.177387],[-107.540095,44.177391],[-107.540098,44.17863],[-107.535071,44.178637],[-107.535067,44.175016],[-107.535784,44.175014]]]}},{"type":"Feature","properties":{"q":"NENW","ac":40.0},"geometry":{"type":"Polygon","coordinates":[[[-107.550159,44.178634],[-107.555189,44.178635],[-107.555192,44.182257],[-107.550163,44.182255],[-107.550159,44.178634]]]}},{"type":"Feature","properties":{"q":"SWSE","ac":40.0},"geometry":{"type":"Polygon","coordinates":[[[-107.525062,44.211271],[-107.53009,44.211264],[-107.530088,44.214888],[-107.525059,44.214894],[-107.525062,44.211271]]]}},{"type":"Feature","properties":{"q":"NWNE","ac":40.0},"geometry":{"type":"Polygon","coordinates":[[[-107.530093,44.196765],[-107.525064,44.196772],[-107.525052,44.193148],[-107.530082,44.193141],[-107.530093,44.196765]]]}},{"type":"Feature","properties":{"q":"NWSE","ac":40.0},"geometry":{"type":"Polygon","coordinates":[[[-107.54518,44.214876],[-107.550215,44.214876],[-107.550219,44.218501],[-107.545182,44.2185],[-107.54518,44.214876]]]}},{"type":"Feature","properties":{"q":"NWSE","ac":40.0},"geometry":{"type":"Polygon","coordinates":[[[-107.545182,44.204002],[-107.545184,44.200378],[-107.550217,44.200378],[-107.550215,44.204003],[-107.545182,44.204002]]]}},{"type":"Feature","properties":{"q":"SENE","ac":40.0},"geometry":{"type":"Polygon","coordinates":[[[-107.525052,44.193148],[-107.520022,44.193154],[-107.520011,44.18953],[-107.52504,44.189523],[-107.525052,44.193148]]]}},{"type":"Feature","properties":{"q":"NWNE","ac":40.0},"geometry":{"type":"Polygon","coordinates":[[[-107.545173,44.193128],[-107.550205,44.193129],[-107.550219,44.196754],[-107.545186,44.196753],[-107.545173,44.193128]]]}},{"type":"Feature","properties":{"q":"NESW","ac":40.0},"geometry":{"type":"Polygon","coordinates":[[[-107.530092,44.204015],[-107.530093,44.20039],[-107.535122,44.200384],[-107.535121,44.204008],[-107.530092,44.204015]]]}},{"type":"Feature","properties":{"q":"SWSE","ac":40.0},"geometry":{"type":"Polygon","coordinates":[[[-107.525063,44.200397],[-107.525064,44.196772],[-107.530093,44.196765],[-107.530093,44.20039],[-107.525063,44.200397]]]}},{"type":"Feature","properties":{"q":"4","ac":39.3},"geometry":{"type":"Polygon","coordinates":[[[-107.509939,44.185915],[-107.505869,44.185919],[-107.50587,44.185596],[-107.504908,44.185593],[-107.5049,44.182298],[-107.509929,44.182292],[-107.509939,44.185915]]]}},{"type":"Feature","properties":{"q":"2","ac":33.5},"geometry":{"type":"Polygon","coordinates":[[[-107.504896,44.178676],[-107.500746,44.178681],[-107.500622,44.17506],[-107.504893,44.175055],[-107.504896,44.178676]]]}},{"type":"Feature","properties":{"q":"3","ac":36.2},"geometry":{"type":"Polygon","coordinates":[[[-107.49987,44.182304],[-107.5049,44.182298],[-107.504908,44.185593],[-107.499881,44.185576],[-107.49987,44.182304]]]}},{"type":"Feature","properties":{"q":"SENW","ac":40.1},"geometry":{"type":"Polygon","coordinates":[[[-107.509968,44.204034],[-107.515001,44.204031],[-107.515,44.207658],[-107.509967,44.207662],[-107.509968,44.204034]]]}},{"type":"Feature","properties":{"q":"5","ac":30.4},"geometry":{"type":"Polygon","coordinates":[[[-107.481022,44.192717],[-107.48093,44.18955],[-107.484797,44.18955],[-107.484807,44.19317],[-107.481035,44.193171],[-107.481022,44.192717]]]}},{"type":"Feature","properties":{"q":"NESW","ac":40.0},"geometry":{"type":"Polygon","coordinates":[[[-107.509968,44.204034],[-107.509969,44.20041],[-107.515001,44.200407],[-107.515001,44.204031],[-107.509968,44.204034]]]}},{"type":"Feature","properties":{"q":"SENE","ac":40.0},"geometry":{"type":"Polygon","coordinates":[[[-107.560301,44.222126],[-107.560292,44.218501],[-107.565319,44.218505],[-107.565328,44.22213],[-107.560301,44.222126]]]}},{"type":"Feature","properties":{"q":"8","ac":26.1},"geometry":{"type":"Polygon","coordinates":[[[-107.58546,44.233011],[-107.580425,44.233015],[-107.580418,44.229391],[-107.582789,44.229389],[-107.582789,44.231767],[-107.585457,44.231766],[-107.58546,44.233011]]]}},{"type":"Feature","properties":{"q":"SENE","ac":40.0},"geometry":{"type":"Polygon","coordinates":[[[-107.525053,44.222141],[-107.520022,44.222145],[-107.520026,44.218523],[-107.525056,44.218518],[-107.525053,44.222141]]]}},{"type":"Feature","properties":{"q":"NWSE","ac":40.1},"geometry":{"type":"Polygon","coordinates":[[[-107.545185,44.229373],[-107.550227,44.229374],[-107.550227,44.232998],[-107.545183,44.232997],[-107.545185,44.229373]]]}},{"type":"Feature","properties":{"q":"SESE","ac":40.1},"geometry":{"type":"Polygon","coordinates":[[[-107.540121,44.243867],[-107.540134,44.240245],[-107.54518,44.240245],[-107.545166,44.243868],[-107.540121,44.243867]]]}},{"type":"Feature","properties":{"q":"11","ac":22.4},"geometry":{"type":"Polygon","coordinates":[[[-107.481882,44.240224],[-107.484727,44.240226],[-107.484731,44.243848],[-107.48193,44.243843],[-107.481922,44.243298],[-107.481882,44.240224]]]}},{"type":"Feature","properties":{"q":"4","ac":39.9},"geometry":{"type":"Polygon","coordinates":[[[-107.575283,44.171396],[-107.580305,44.171396],[-107.580313,44.175017],[-107.575289,44.175017],[-107.575283,44.171396]]]}},{"type":"Feature","properties":{"q":"SENW","ac":40.0},"geometry":{"type":"Polygon","coordinates":[[[-107.570272,44.178639],[-107.570266,44.175017],[-107.575289,44.175017],[-107.575298,44.17864],[-107.570272,44.178639]]]}},{"type":"Feature","properties":{"q":"12","ac":39.6},"geometry":{"type":"Polygon","coordinates":[[[-107.590359,44.169953],[-107.591047,44.169951],[-107.591046,44.167785],[-107.595868,44.167787],[-107.595635,44.171407],[-107.590364,44.171404],[-107.590359,44.169953]]]}},{"type":"Feature","properties":{"q":"6","ac":39.9},"geometry":{"type":"Polygon","coordinates":[[[-107.57026,44.171395],[-107.570254,44.167774],[-107.575276,44.167774],[-107.575283,44.171396],[-107.57026,44.171395]]]}},{"type":"Feature","properties":{"q":"NESE","ac":40.0},"geometry":{"type":"Polygon","coordinates":[[[-107.58538,44.185891],[-107.585395,44.189516],[-107.580364,44.189514],[-107.58035,44.185889],[-107.58538,44.185891]]]}},{"type":"Feature","properties":{"q":"NENW","ac":40.0},"geometry":{"type":"Polygon","coordinates":[[[-107.59044,44.193142],[-107.595471,44.193143],[-107.595487,44.196767],[-107.590456,44.196767],[-107.59044,44.193142]]]}},{"type":"Feature","properties":{"q":"NWSW","ac":40.0},"geometry":{"type":"Polygon","coordinates":[[[-107.560283,44.214877],[-107.560292,44.218501],[-107.555256,44.218501],[-107.555249,44.214877],[-107.560283,44.214877]]]}},{"type":"Feature","properties":{"q":"SENW","ac":40.0},"geometry":{"type":"Polygon","coordinates":[[[-107.575337,44.189513],[-107.575351,44.193138],[-107.570324,44.193136],[-107.570309,44.189511],[-107.575337,44.189513]]]}},{"type":"Feature","properties":{"q":"SENW","ac":40.0},"geometry":{"type":"Polygon","coordinates":[[[-107.530041,44.175023],[-107.535067,44.175016],[-107.535071,44.178637],[-107.530044,44.178644],[-107.530041,44.175023]]]}},{"type":"Feature","properties":{"q":"9","ac":12.1},"geometry":{"type":"Polygon","coordinates":[[[-107.548113,44.1665],[-107.550148,44.166492],[-107.550149,44.167772],[-107.545821,44.167769],[-107.545819,44.166509],[-107.548113,44.1665]]]}},{"type":"Feature","properties":{"q":"3","ac":34.4},"geometry":{"type":"Polygon","coordinates":[[[-107.550152,44.171392],[-107.550156,44.175012],[-107.545833,44.175011],[-107.545831,44.173752],[-107.545827,44.17139],[-107.550152,44.171392]]]}},{"type":"Feature","properties":{"q":"NENE","ac":40.0},"geometry":{"type":"Polygon","coordinates":[[[-107.54518,44.207627],[-107.545178,44.211251],[-107.540146,44.211251],[-107.540148,44.207626],[-107.54518,44.207627]]]}},{"type":"Feature","properties":{"q":"NESE","ac":40.0},"geometry":{"type":"Polygon","coordinates":[[[-107.525029,44.185898],[-107.52504,44.189523],[-107.520011,44.18953],[-107.52,44.185905],[-107.525029,44.185898]]]}},{"type":"Feature","properties":{"q":"NENE","ac":40.0},"geometry":{"type":"Polygon","coordinates":[[[-107.540141,44.193127],[-107.545173,44.193128],[-107.545186,44.196753],[-107.540153,44.196752],[-107.540141,44.193127]]]}},{"type":"Feature","properties":{"q":"SWNE","ac":40.0},"geometry":{"type":"Polygon","coordinates":[[[-107.530092,44.204015],[-107.530091,44.20764],[-107.525062,44.207646],[-107.525063,44.204022],[-107.530092,44.204015]]]}},{"type":"Feature","properties":{"q":"NWNE","ac":40.0},"geometry":{"type":"Polygon","coordinates":[[[-107.509927,44.17867],[-107.509929,44.182292],[-107.5049,44.182298],[-107.504896,44.178676],[-107.509927,44.17867]]]}},{"type":"Feature","properties":{"q":"NWSW","ac":40.0},"geometry":{"type":"Polygon","coordinates":[[[-107.514957,44.171422],[-107.51999,44.171415],[-107.51999,44.175036],[-107.514958,44.175042],[-107.514957,44.171422]]]}},{"type":"Feature","properties":{"q":"SWNW","ac":40.0},"geometry":{"type":"Polygon","coordinates":[[[-107.4999,44.207664],[-107.494868,44.207665],[-107.494871,44.20404],[-107.499902,44.20404],[-107.4999,44.207664]]]}},{"type":"Feature","properties":{"q":"8","ac":27.1},"geometry":{"type":"Polygon","coordinates":[[[-107.484793,44.214908],[-107.481419,44.214907],[-107.481409,44.21438],[-107.481357,44.21129],[-107.484799,44.21129],[-107.484793,44.214908]]]}},{"type":"Feature","properties":{"q":"NENE","ac":40.0},"geometry":{"type":"Polygon","coordinates":[[[-107.499897,44.211289],[-107.4999,44.207664],[-107.504933,44.207663],[-107.504931,44.211289],[-107.499897,44.211289]]]}},{"type":"Feature","properties":{"q":"NWSW","ac":40.0},"geometry":{"type":"Polygon","coordinates":[[[-107.560276,44.24749],[-107.555236,44.24749],[-107.555254,44.243868],[-107.560297,44.243868],[-107.560276,44.24749]]]}},{"type":"Feature","properties":{"q":"NENE","ac":40.0},"geometry":{"type":"Polygon","coordinates":[[[-107.585474,44.240261],[-107.580438,44.240265],[-107.580431,44.23664],[-107.585467,44.236636],[-107.585474,44.240261]]]}},{"type":"Feature","properties":{"q":"SWNE","ac":40.0},"geometry":{"type":"Polygon","coordinates":[[[-107.565319,44.218505],[-107.570347,44.218509],[-107.570354,44.222134],[-107.565328,44.22213],[-107.565319,44.218505]]]}},{"type":"Feature","properties":{"q":"8","ac":31.3},"geometry":{"type":"Polygon","coordinates":[[[-107.580432,44.243887],[-107.585464,44.243882],[-107.585457,44.246632],[-107.580426,44.246804],[-107.580432,44.243887]]]}},{"type":"Feature","properties":{"q":"SESW","ac":40.1},"geometry":{"type":"Polygon","coordinates":[[[-107.550226,44.240246],[-107.555272,44.240246],[-107.555254,44.243868],[-107.550211,44.243868],[-107.550226,44.240246]]]}},{"type":"Feature","properties":{"q":"NENW","ac":40.1},"geometry":{"type":"Polygon","coordinates":[[[-107.555271,44.236622],[-107.555272,44.240246],[-107.550226,44.240246],[-107.550227,44.236622],[-107.555271,44.236622]]]}},{"type":"Feature","properties":{"q":"SENE","ac":40.0},"geometry":{"type":"Polygon","coordinates":[[[-107.504863,44.247507],[-107.504857,44.25113],[-107.499819,44.25113],[-107.499822,44.247508],[-107.504863,44.247507]]]}},{"type":"Feature","properties":{"q":"NWNE","ac":40.0},"geometry":{"type":"Polygon","coordinates":[[[-107.585354,44.178644],[-107.590384,44.178647],[-107.590394,44.18227],[-107.585365,44.182266],[-107.585354,44.178644]]]}},{"type":"Feature","properties":{"q":"6","ac":40.0},"geometry":{"type":"Polygon","coordinates":[[[-107.555185,44.171393],[-107.555182,44.167772],[-107.560209,44.167773],[-107.560212,44.171394],[-107.555185,44.171393]]]}},{"type":"Feature","properties":{"q":"7","ac":40.0},"geometry":{"type":"Polygon","coordinates":[[[-107.555182,44.167772],[-107.555185,44.171393],[-107.550152,44.171392],[-107.550149,44.167772],[-107.555182,44.167772]]]}},{"type":"Feature","properties":{"q":"14","ac":40.0},"geometry":{"type":"Polygon","coordinates":[[[-107.580305,44.171396],[-107.580297,44.167774],[-107.585326,44.167779],[-107.585334,44.1714],[-107.580305,44.171396]]]}},{"type":"Feature","properties":{"q":"NENE","ac":40.0},"geometry":{"type":"Polygon","coordinates":[[[-107.565305,44.207632],[-107.565303,44.211256],[-107.560274,44.211253],[-107.560277,44.207628],[-107.565305,44.207632]]]}},{"type":"Feature","properties":{"q":"NWSE","ac":40.0},"geometry":{"type":"Polygon","coordinates":[[[-107.585424,44.200391],[-107.590456,44.200391],[-107.590456,44.204015],[-107.585424,44.204016],[-107.585424,44.200391]]]}},{"type":"Feature","properties":{"q":"SESE","ac":40.0},"geometry":{"type":"Polygon","coordinates":[[[-107.58039,44.211266],[-107.585423,44.211265],[-107.585429,44.21489],[-107.580395,44.214891],[-107.58039,44.211266]]]}},{"type":"Feature","properties":{"q":"NESW","ac":40.0},"geometry":{"type":"Polygon","coordinates":[[[-107.590456,44.200391],[-107.595487,44.200391],[-107.595488,44.204014],[-107.590456,44.204015],[-107.590456,44.200391]]]}},{"type":"Feature","properties":{"q":"NENW","ac":40.0},"geometry":{"type":"Polygon","coordinates":[[[-107.590456,44.20764],[-107.595488,44.207638],[-107.595488,44.211262],[-107.590455,44.211264],[-107.590456,44.20764]]]}},{"type":"Feature","properties":{"q":"SWNE","ac":40.0},"geometry":{"type":"Polygon","coordinates":[[[-107.585395,44.189516],[-107.590425,44.189517],[-107.59044,44.193142],[-107.58541,44.193141],[-107.585395,44.189516]]]}},{"type":"Feature","properties":{"q":"NESW","ac":40.0},"geometry":{"type":"Polygon","coordinates":[[[-107.570336,44.20401],[-107.570337,44.200385],[-107.575365,44.200388],[-107.575364,44.204013],[-107.570336,44.20401]]]}},{"type":"Feature","properties":{"q":"NWSE","ac":40.0},"geometry":{"type":"Polygon","coordinates":[[[-107.58538,44.185891],[-107.59041,44.185894],[-107.590425,44.189517],[-107.585395,44.189516],[-107.58538,44.185891]]]}},{"type":"Feature","properties":{"q":"SENE","ac":40.0},"geometry":{"type":"Polygon","coordinates":[[[-107.51999,44.175036],[-107.525016,44.175029],[-107.525016,44.178651],[-107.519989,44.178658],[-107.51999,44.175036]]]}},{"type":"Feature","properties":{"q":"SWSE","ac":40.0},"geometry":{"type":"Polygon","coordinates":[[[-107.545147,44.185878],[-107.545133,44.182253],[-107.550163,44.182255],[-107.550177,44.18588],[-107.545147,44.185878]]]}},{"type":"Feature","properties":{"q":"SESW","ac":40.0},"geometry":{"type":"Polygon","coordinates":[[[-107.530058,44.185891],[-107.530046,44.182266],[-107.535075,44.182259],[-107.535087,44.185884],[-107.530058,44.185891]]]}},{"type":"Feature","properties":{"q":"NWNW","ac":40.0},"geometry":{"type":"Polygon","coordinates":[[[-107.535071,44.178637],[-107.540098,44.17863],[-107.540104,44.182251],[-107.535075,44.182259],[-107.535071,44.178637]]]}},{"type":"Feature","properties":{"q":"SENE","ac":40.0},"geometry":{"type":"Polygon","coordinates":[[[-107.54015,44.204001],[-107.545182,44.204002],[-107.54518,44.207627],[-107.540148,44.207626],[-107.54015,44.204001]]]}},{"type":"Feature","properties":{"q":"SENW","ac":40.0},"geometry":{"type":"Polygon","coordinates":[[[-107.535111,44.193134],[-107.530082,44.193141],[-107.53007,44.189516],[-107.535099,44.189509],[-107.535111,44.193134]]]}},{"type":"Feature","properties":{"q":"SWNE","ac":40.0},"geometry":{"type":"Polygon","coordinates":[[[-107.550191,44.189505],[-107.550205,44.193129],[-107.545173,44.193128],[-107.54516,44.189503],[-107.550191,44.189505]]]}},{"type":"Feature","properties":{"q":"SENW","ac":40.0},"geometry":{"type":"Polygon","coordinates":[[[-107.550212,44.207627],[-107.550215,44.204003],[-107.555247,44.204004],[-107.555245,44.207628],[-107.550212,44.207627]]]}},{"type":"Feature","properties":{"q":"SWNE","ac":40.0},"geometry":{"type":"Polygon","coordinates":[[[-107.550215,44.204003],[-107.550212,44.207627],[-107.54518,44.207627],[-107.545182,44.204002],[-107.550215,44.204003]]]}},{"type":"Feature","properties":{"q":"SWNW","ac":40.0},"geometry":{"type":"Polygon","coordinates":[[[-107.540148,44.207626],[-107.535119,44.207633],[-107.535121,44.204008],[-107.54015,44.204001],[-107.540148,44.207626]]]}},{"type":"Feature","properties":{"q":"SENE","ac":40.0},"geometry":{"type":"Polygon","coordinates":[[[-107.525062,44.207646],[-107.520034,44.207653],[-107.520034,44.204028],[-107.525063,44.204022],[-107.525062,44.207646]]]}},{"type":"Feature","properties":{"q":"3","ac":34.4},"geometry":{"type":"Polygon","coordinates":[[[-107.500622,44.17506],[-107.500498,44.171439],[-107.504891,44.171435],[-107.504893,44.175055],[-107.500622,44.17506]]]}},{"type":"Feature","properties":{"q":"SWSW","ac":40.0},"geometry":{"type":"Polygon","coordinates":[[[-107.514969,44.18591],[-107.514959,44.182286],[-107.519988,44.18228],[-107.52,44.185905],[-107.514969,44.18591]]]}},{"type":"Feature","properties":{"q":"SENW","ac":40.0},"geometry":{"type":"Polygon","coordinates":[[[-107.514958,44.175042],[-107.514958,44.178664],[-107.509927,44.17867],[-107.509926,44.175049],[-107.514958,44.175042]]]}},{"type":"Feature","properties":{"q":"SENW","ac":40.0},"geometry":{"type":"Polygon","coordinates":[[[-107.494871,44.20404],[-107.494868,44.207665],[-107.489836,44.207665],[-107.489839,44.204041],[-107.494871,44.20404]]]}},{"type":"Feature","properties":{"q":"1","ac":43.6},"geometry":{"type":"Polygon","coordinates":[[[-107.504928,44.193165],[-107.499897,44.193168],[-107.499887,44.189546],[-107.499887,44.189213],[-107.500827,44.189211],[-107.504917,44.189228],[-107.504918,44.189542],[-107.504928,44.193165]]]}},{"type":"Feature","properties":{"q":"NWNE","ac":40.1},"geometry":{"type":"Polygon","coordinates":[[[-107.484796,44.207665],[-107.489836,44.207665],[-107.489832,44.211289],[-107.484799,44.21129],[-107.484796,44.207665]]]}},{"type":"Feature","properties":{"q":"NWNE","ac":40.1},"geometry":{"type":"Polygon","coordinates":[[[-107.509967,44.207662],[-107.509965,44.21129],[-107.504931,44.211289],[-107.504933,44.207663],[-107.509967,44.207662]]]}},{"type":"Feature","properties":{"q":"7","ac":25.2},"geometry":{"type":"Polygon","coordinates":[[[-107.587825,44.235415],[-107.587825,44.236634],[-107.585467,44.236636],[-107.58546,44.233011],[-107.585457,44.231766],[-107.587824,44.231766],[-107.587824,44.233009],[-107.587825,44.235415]]]}},{"type":"Feature","properties":{"q":"NENE","ac":40.0},"geometry":{"type":"Polygon","coordinates":[[[-107.560311,44.22575],[-107.560301,44.222126],[-107.565328,44.22213],[-107.565336,44.225754],[-107.560311,44.22575]]]}},{"type":"Feature","properties":{"q":"SWSW","ac":40.0},"geometry":{"type":"Polygon","coordinates":[[[-107.580432,44.243887],[-107.575398,44.243882],[-107.575408,44.24026],[-107.580438,44.240265],[-107.580432,44.243887]]]}},{"type":"Feature","properties":{"q":"SWNW","ac":40.0},"geometry":{"type":"Polygon","coordinates":[[[-107.57538,44.222138],[-107.575374,44.218513],[-107.580401,44.218516],[-107.580406,44.222141],[-107.57538,44.222138]]]}},{"type":"Feature","properties":{"q":"SENW","ac":40.0},"geometry":{"type":"Polygon","coordinates":[[[-107.535078,44.247493],[-107.535068,44.251114],[-107.530036,44.251118],[-107.530047,44.247496],[-107.535078,44.247493]]]}},{"type":"Feature","properties":{"q":"SESW","ac":40.0},"geometry":{"type":"Polygon","coordinates":[[[-107.530059,44.243874],[-107.530071,44.240251],[-107.535103,44.240248],[-107.53509,44.24387],[-107.530059,44.243874]]]}},{"type":"Feature","properties":{"q":"SWSE","ac":40.1},"geometry":{"type":"Polygon","coordinates":[[[-107.550228,44.225749],[-107.550227,44.229374],[-107.545185,44.229373],[-107.545186,44.225749],[-107.550228,44.225749]]]}},{"type":"Feature","properties":{"q":"SWNE","ac":40.0},"geometry":{"type":"Polygon","coordinates":[[[-107.525053,44.222141],[-107.525056,44.218518],[-107.530086,44.218512],[-107.530084,44.222136],[-107.525053,44.222141]]]}},{"type":"Feature","properties":{"q":"SWSE","ac":40.0},"geometry":{"type":"Polygon","coordinates":[[[-107.525039,44.240254],[-107.530071,44.240251],[-107.530059,44.243874],[-107.525026,44.243877],[-107.525039,44.240254]]]}},{"type":"Feature","properties":{"q":"NENW","ac":40.0},"geometry":{"type":"Polygon","coordinates":[[[-107.489772,44.236619],[-107.494809,44.23663],[-107.494798,44.240248],[-107.489763,44.240233],[-107.489772,44.236619]]]}},{"type":"Feature","properties":{"q":"4","ac":34.9},"geometry":{"type":"Polygon","coordinates":[[[-107.499869,44.225319],[-107.494836,44.225313],[-107.494842,44.22215],[-107.499875,44.222155],[-107.499869,44.225319]]]}},{"type":"Feature","properties":{"q":"NESW","ac":40.0},"geometry":{"type":"Polygon","coordinates":[[[-107.509912,44.243883],[-107.514953,44.243881],[-107.514942,44.247504],[-107.509903,44.247506],[-107.509912,44.243883]]]}},{"type":"Feature","properties":{"q":"SENW","ac":40.0},"geometry":{"type":"Polygon","coordinates":[[[-107.489809,44.222146],[-107.489817,44.218529],[-107.494849,44.218531],[-107.494842,44.22215],[-107.489809,44.222146]]]}},{"type":"Feature","properties":{"q":"NENE","ac":40.0},"geometry":{"type":"Polygon","coordinates":[[[-107.565249,44.18226],[-107.560221,44.182259],[-107.560218,44.178637],[-107.565245,44.178638],[-107.565249,44.18226]]]}},{"type":"Feature","properties":{"q":"SWSW","ac":40.0},"geometry":{"type":"Polygon","coordinates":[[[-107.575322,44.185888],[-107.575307,44.182262],[-107.580335,44.182263],[-107.58035,44.185889],[-107.575322,44.185888]]]}},{"type":"Feature","properties":{"q":"10","ac":14.3},"geometry":{"type":"Polygon","coordinates":[[[-107.550148,44.166492],[-107.550844,44.166489],[-107.553127,44.16648],[-107.555182,44.166471],[-107.555182,44.167772],[-107.550149,44.167772],[-107.550148,44.166492]]]}},{"type":"Feature","properties":{"q":"SESE","ac":40.0},"geometry":{"type":"Polygon","coordinates":[[[-107.58538,44.185891],[-107.58035,44.185889],[-107.580335,44.182263],[-107.585365,44.182266],[-107.58538,44.185891]]]}},{"type":"Feature","properties":{"q":"12","ac":15.4},"geometry":{"type":"Polygon","coordinates":[[[-107.580297,44.167774],[-107.575276,44.167774],[-107.575273,44.166389],[-107.578753,44.166373],[-107.580295,44.166367],[-107.580297,44.167774]]]}},{"type":"Feature","properties":{"q":"15","ac":17.9},"geometry":{"type":"Polygon","coordinates":[[[-107.585326,44.167779],[-107.580297,44.167774],[-107.580295,44.166367],[-107.580994,44.166365],[-107.583201,44.166355],[-107.585322,44.166349],[-107.586018,44.166347],[-107.586018,44.16778],[-107.585326,44.167779]]]}},{"type":"Feature","properties":{"q":"SENW","ac":40.0},"geometry":{"type":"Polygon","coordinates":[[[-107.595402,44.175028],[-107.595413,44.17865],[-107.590384,44.178647],[-107.590374,44.175024],[-107.595402,44.175028]]]}},{"type":"Feature","properties":{"q":"SENE","ac":40.0},"geometry":{"type":"Polygon","coordinates":[[[-107.585354,44.178644],[-107.580324,44.17864],[-107.580313,44.175017],[-107.585343,44.175021],[-107.585354,44.178644]]]}},{"type":"Feature","properties":{"q":"SWNE","ac":40.0},"geometry":{"type":"Polygon","coordinates":[[[-107.585343,44.175021],[-107.590374,44.175024],[-107.590384,44.178647],[-107.585354,44.178644],[-107.585343,44.175021]]]}},{"type":"Feature","properties":{"q":"16","ac":15.7},"geometry":{"type":"Polygon","coordinates":[[[-107.593557,44.166322],[-107.595377,44.166315],[-107.595962,44.166313],[-107.595868,44.167787],[-107.591046,44.167785],[-107.591046,44.166331],[-107.593557,44.166322]]]}},{"type":"Feature","properties":{"q":"9","ac":40.9},"geometry":{"type":"Polygon","coordinates":[[[-107.590364,44.171404],[-107.595635,44.171407],[-107.595402,44.175028],[-107.590374,44.175024],[-107.590364,44.171404]]]}},{"type":"Feature","properties":{"q":"11","ac":15.2},"geometry":{"type":"Polygon","coordinates":[[[-107.573551,44.166395],[-107.575273,44.166389],[-107.575276,44.167774],[-107.570254,44.167774],[-107.570252,44.166408],[-107.570942,44.166406],[-107.573551,44.166395]]]}},{"type":"Feature","properties":{"q":"8","ac":40.0},"geometry":{"type":"Polygon","coordinates":[[[-107.585334,44.1714],[-107.590364,44.171404],[-107.590374,44.175024],[-107.585343,44.175021],[-107.585334,44.1714]]]}},{"type":"Feature","properties":{"q":"NENW","ac":40.0},"geometry":{"type":"Polygon","coordinates":[[[-107.575307,44.182262],[-107.570278,44.182261],[-107.570272,44.178639],[-107.575298,44.17864],[-107.575307,44.182262]]]}},{"type":"Feature","properties":{"q":"8","ac":39.9},"geometry":{"type":"Polygon","coordinates":[[[-107.560212,44.171394],[-107.560209,44.167773],[-107.565231,44.167773],[-107.565236,44.171395],[-107.560212,44.171394]]]}},{"type":"Feature","properties":{"q":"SWSW","ac":40.0},"geometry":{"type":"Polygon","coordinates":[[[-107.555207,44.185882],[-107.555192,44.182257],[-107.560221,44.182259],[-107.560237,44.185883],[-107.555207,44.185882]]]}},{"type":"Feature","properties":{"q":"SWSE","ac":40.0},"geometry":{"type":"Polygon","coordinates":[[[-107.58538,44.185891],[-107.585365,44.182266],[-107.590394,44.18227],[-107.59041,44.185894],[-107.58538,44.185891]]]}},{"type":"Feature","properties":{"q":"7","ac":40.0},"geometry":{"type":"Polygon","coordinates":[[[-107.580313,44.175017],[-107.580305,44.171396],[-107.585334,44.1714],[-107.585343,44.175021],[-107.580313,44.175017]]]}},{"type":"Feature","properties":{"q":"SWNW","ac":40.0},"geometry":{"type":"Polygon","coordinates":[[[-107.575289,44.175017],[-107.580313,44.175017],[-107.580324,44.17864],[-107.575298,44.17864],[-107.575289,44.175017]]]}},{"type":"Feature","properties":{"q":"SESW","ac":40.0},"geometry":{"type":"Polygon","coordinates":[[[-107.59041,44.185894],[-107.590394,44.18227],[-107.595424,44.182271],[-107.59544,44.185895],[-107.59041,44.185894]]]}},{"type":"Feature","properties":{"q":"5","ac":40.0},"geometry":{"type":"Polygon","coordinates":[[[-107.560215,44.175015],[-107.555187,44.175014],[-107.555185,44.171393],[-107.560212,44.171394],[-107.560215,44.175015]]]}},{"type":"Feature","properties":{"q":"11","ac":14.5},"geometry":{"type":"Polygon","coordinates":[[[-107.560209,44.167773],[-107.555182,44.167772],[-107.555182,44.166471],[-107.55814,44.166458],[-107.560208,44.166449],[-107.560209,44.167773]]]}},{"type":"Feature","properties":{"q":"SESE","ac":40.0},"geometry":{"type":"Polygon","coordinates":[[[-107.560221,44.182259],[-107.565249,44.18226],[-107.565265,44.185885],[-107.560237,44.185883],[-107.560221,44.182259]]]}},{"type":"Feature","properties":{"q":"NENE","ac":40.0},"geometry":{"type":"Polygon","coordinates":[[[-107.580324,44.17864],[-107.585354,44.178644],[-107.585365,44.182266],[-107.580335,44.182263],[-107.580324,44.17864]]]}},{"type":"Feature","properties":{"q":"SWSE","ac":40.0},"geometry":{"type":"Polygon","coordinates":[[[-107.570293,44.185886],[-107.565265,44.185885],[-107.565249,44.18226],[-107.570278,44.182261],[-107.570293,44.185886]]]}},{"type":"Feature","properties":{"q":"13","ac":19.2},"geometry":{"type":"Polygon","coordinates":[[[-107.590364,44.171404],[-107.585334,44.1714],[-107.585326,44.167779],[-107.586018,44.16778],[-107.586017,44.169967],[-107.590359,44.169953],[-107.590364,44.171404]]]}},{"type":"Feature","properties":{"q":"7","ac":39.9},"geometry":{"type":"Polygon","coordinates":[[[-107.570254,44.167774],[-107.57026,44.171395],[-107.565236,44.171395],[-107.565231,44.167773],[-107.570254,44.167774]]]}},{"type":"Feature","properties":{"q":"10","ac":14.9},"geometry":{"type":"Polygon","coordinates":[[[-107.568349,44.166416],[-107.570252,44.166408],[-107.570254,44.167774],[-107.565231,44.167773],[-107.56523,44.166429],[-107.568349,44.166416]]]}},{"type":"Feature","properties":{"q":"NWNW","ac":40.0},"geometry":{"type":"Polygon","coordinates":[[[-107.575351,44.193138],[-107.580379,44.19314],[-107.580394,44.196766],[-107.575366,44.196763],[-107.575351,44.193138]]]}},{"type":"Feature","properties":{"q":"NWSE","ac":40.0},"geometry":{"type":"Polygon","coordinates":[[[-107.56531,44.200383],[-107.570337,44.200385],[-107.570336,44.20401],[-107.565307,44.204007],[-107.56531,44.200383]]]}},{"type":"Feature","properties":{"q":"SWNW","ac":40.0},"geometry":{"type":"Polygon","coordinates":[[[-107.575362,44.207638],[-107.575364,44.204013],[-107.580392,44.204016],[-107.580391,44.207641],[-107.575362,44.207638]]]}},{"type":"Feature","properties":{"q":"SWNE","ac":40.0},"geometry":{"type":"Polygon","coordinates":[[[-107.570309,44.189511],[-107.570324,44.193136],[-107.565296,44.193134],[-107.565281,44.189509],[-107.570309,44.189511]]]}},{"type":"Feature","properties":{"q":"NENE","ac":40.0},"geometry":{"type":"Polygon","coordinates":[[[-107.580394,44.196766],[-107.580379,44.19314],[-107.58541,44.193141],[-107.585425,44.196766],[-107.580394,44.196766]]]}},{"type":"Feature","properties":{"q":"SESW","ac":40.0},"geometry":{"type":"Polygon","coordinates":[[[-107.595487,44.196767],[-107.595487,44.200391],[-107.590456,44.200391],[-107.590456,44.196767],[-107.595487,44.196767]]]}},{"type":"Feature","properties":{"q":"SWSE","ac":40.0},"geometry":{"type":"Polygon","coordinates":[[[-107.570337,44.200385],[-107.56531,44.200383],[-107.565312,44.196758],[-107.570339,44.19676],[-107.570337,44.200385]]]}},{"type":"Feature","properties":{"q":"NWNE","ac":40.0},"geometry":{"type":"Polygon","coordinates":[[[-107.585423,44.20764],[-107.590456,44.20764],[-107.590455,44.211264],[-107.585423,44.211265],[-107.585423,44.20764]]]}},{"type":"Feature","properties":{"q":"SWNE","ac":40.0},"geometry":{"type":"Polygon","coordinates":[[[-107.570336,44.20401],[-107.570334,44.207635],[-107.565305,44.207632],[-107.565307,44.204007],[-107.570336,44.20401]]]}},{"type":"Feature","properties":{"q":"SWNW","ac":40.0},"geometry":{"type":"Polygon","coordinates":[[[-107.555247,44.204004],[-107.560279,44.204004],[-107.560277,44.207628],[-107.555245,44.207628],[-107.555247,44.204004]]]}},{"type":"Feature","properties":{"q":"SESW","ac":40.0},"geometry":{"type":"Polygon","coordinates":[[[-107.570332,44.21126],[-107.575361,44.211263],[-107.575367,44.214888],[-107.570339,44.214884],[-107.570332,44.21126]]]}},{"type":"Feature","properties":{"q":"NESE","ac":40.0},"geometry":{"type":"Polygon","coordinates":[[[-107.560253,44.189507],[-107.560237,44.185883],[-107.565265,44.185885],[-107.565281,44.189509],[-107.560253,44.189507]]]}},{"type":"Feature","properties":{"q":"SWNE","ac":40.0},"geometry":{"type":"Polygon","coordinates":[[[-107.585424,44.204016],[-107.590456,44.204015],[-107.590456,44.20764],[-107.585423,44.20764],[-107.585424,44.204016]]]}},{"type":"Feature","properties":{"q":"NWNW","ac":40.0},"geometry":{"type":"Polygon","coordinates":[[[-107.580391,44.207641],[-107.58039,44.211266],[-107.575361,44.211263],[-107.575362,44.207638],[-107.580391,44.207641]]]}},{"type":"Feature","properties":{"q":"NESE","ac":40.0},"geometry":{"type":"Polygon","coordinates":[[[-107.560283,44.214877],[-107.565311,44.214881],[-107.565319,44.218505],[-107.560292,44.218501],[-107.560283,44.214877]]]}},{"type":"Feature","properties":{"q":"NWSW","ac":40.0},"geometry":{"type":"Polygon","coordinates":[[[-107.560237,44.185883],[-107.560253,44.189507],[-107.555222,44.189506],[-107.555207,44.185882],[-107.560237,44.185883]]]}},{"type":"Feature","properties":{"q":"NWSE","ac":40.0},"geometry":{"type":"Polygon","coordinates":[[[-107.565265,44.185885],[-107.570293,44.185886],[-107.570309,44.189511],[-107.565281,44.189509],[-107.565265,44.185885]]]}},{"type":"Feature","properties":{"q":"SWSW","ac":40.0},"geometry":{"type":"Polygon","coordinates":[[[-107.580395,44.214891],[-107.575367,44.214888],[-107.575361,44.211263],[-107.58039,44.211266],[-107.580395,44.214891]]]}},{"type":"Feature","properties":{"q":"SWSE","ac":40.0},"geometry":{"type":"Polygon","coordinates":[[[-107.565303,44.211256],[-107.570332,44.21126],[-107.570339,44.214884],[-107.565311,44.214881],[-107.565303,44.211256]]]}},{"type":"Feature","properties":{"q":"SENE","ac":40.0},"geometry":{"type":"Polygon","coordinates":[[[-107.565307,44.204007],[-107.565305,44.207632],[-107.560277,44.207628],[-107.560279,44.204004],[-107.565307,44.204007]]]}},{"type":"Feature","properties":{"q":"SENW","ac":40.0},"geometry":{"type":"Polygon","coordinates":[[[-107.575362,44.207638],[-107.570334,44.207635],[-107.570336,44.20401],[-107.575364,44.204013],[-107.575362,44.207638]]]}},{"type":"Feature","properties":{"q":"NENW","ac":40.0},"geometry":{"type":"Polygon","coordinates":[[[-107.570334,44.207635],[-107.575362,44.207638],[-107.575361,44.211263],[-107.570332,44.21126],[-107.570334,44.207635]]]}},{"type":"Feature","properties":{"q":"NESW","ac":40.0},"geometry":{"type":"Polygon","coordinates":[[[-107.570293,44.185886],[-107.575322,44.185888],[-107.575337,44.189513],[-107.570309,44.189511],[-107.570293,44.185886]]]}},{"type":"Feature","properties":{"q":"SWNW","ac":40.0},"geometry":{"type":"Polygon","coordinates":[[[-107.580364,44.189514],[-107.580379,44.19314],[-107.575351,44.193138],[-107.575337,44.189513],[-107.580364,44.189514]]]}},{"type":"Feature","properties":{"q":"SENW","ac":40.0},"geometry":{"type":"Polygon","coordinates":[[[-107.59044,44.193142],[-107.590425,44.189517],[-107.595456,44.189519],[-107.595471,44.193143],[-107.59044,44.193142]]]}},{"type":"Feature","properties":{"q":"NWNE","ac":40.0},"geometry":{"type":"Polygon","coordinates":[[[-107.585425,44.196766],[-107.58541,44.193141],[-107.59044,44.193142],[-107.590456,44.196767],[-107.585425,44.196766]]]}},{"type":"Feature","properties":{"q":"NENW","ac":40.0},"geometry":{"type":"Polygon","coordinates":[[[-107.575351,44.193138],[-107.575366,44.196763],[-107.570339,44.19676],[-107.570324,44.193136],[-107.575351,44.193138]]]}},{"type":"Feature","properties":{"q":"SESW","ac":40.0},"geometry":{"type":"Polygon","coordinates":[[[-107.570339,44.19676],[-107.575366,44.196763],[-107.575365,44.200388],[-107.570337,44.200385],[-107.570339,44.19676]]]}},{"type":"Feature","properties":{"q":"SESE","ac":40.0},"geometry":{"type":"Polygon","coordinates":[[[-107.560284,44.196755],[-107.565312,44.196758],[-107.56531,44.200383],[-107.560282,44.20038],[-107.560284,44.196755]]]}},{"type":"Feature","properties":{"q":"SENE","ac":40.0},"geometry":{"type":"Polygon","coordinates":[[[-107.585395,44.189516],[-107.58541,44.193141],[-107.580379,44.19314],[-107.580364,44.189514],[-107.585395,44.189516]]]}},{"type":"Feature","properties":{"q":"SWSE","ac":40.0},"geometry":{"type":"Polygon","coordinates":[[[-107.590455,44.211264],[-107.590462,44.214888],[-107.585429,44.21489],[-107.585423,44.211265],[-107.590455,44.211264]]]}},{"type":"Feature","properties":{"q":"NENE","ac":40.0},"geometry":{"type":"Polygon","coordinates":[[[-107.585423,44.20764],[-107.585423,44.211265],[-107.58039,44.211266],[-107.580391,44.207641],[-107.585423,44.20764]]]}},{"type":"Feature","properties":{"q":"SWSW","ac":40.0},"geometry":{"type":"Polygon","coordinates":[[[-107.575366,44.196763],[-107.580394,44.196766],[-107.580393,44.200391],[-107.575365,44.200388],[-107.575366,44.196763]]]}},{"type":"Feature","properties":{"q":"NWNE","ac":40.0},"geometry":{"type":"Polygon","coordinates":[[[-107.565305,44.207632],[-107.570334,44.207635],[-107.570332,44.21126],[-107.565303,44.211256],[-107.565305,44.207632]]]}},{"type":"Feature","properties":{"q":"NESE","ac":40.0},"geometry":{"type":"Polygon","coordinates":[[[-107.560279,44.204004],[-107.560282,44.20038],[-107.56531,44.200383],[-107.565307,44.204007],[-107.560279,44.204004]]]}},{"type":"Feature","properties":{"q":"NENE","ac":40.0},"geometry":{"type":"Polygon","coordinates":[[[-107.560269,44.193131],[-107.565296,44.193134],[-107.565312,44.196758],[-107.560284,44.196755],[-107.560269,44.193131]]]}},{"type":"Feature","properties":{"q":"NWSW","ac":40.0},"geometry":{"type":"Polygon","coordinates":[[[-107.560279,44.204004],[-107.555247,44.204004],[-107.555249,44.200379],[-107.560282,44.20038],[-107.560279,44.204004]]]}},{"type":"Feature","properties":{"q":"SWSE","ac":40.0},"geometry":{"type":"Polygon","coordinates":[[[-107.590456,44.200391],[-107.585424,44.200391],[-107.585425,44.196766],[-107.590456,44.196767],[-107.590456,44.200391]]]}},{"type":"Feature","properties":{"q":"2","ac":36.3},"geometry":{"type":"Polygon","coordinates":[[[-107.545833,44.175011],[-107.550156,44.175012],[-107.550159,44.178634],[-107.545129,44.178632],[-107.545127,44.177375],[-107.545837,44.177373],[-107.545833,44.175011]]]}},{"type":"Feature","properties":{"q":"SWSW","ac":40.0},"geometry":{"type":"Polygon","coordinates":[[[-107.535075,44.182259],[-107.540104,44.182251],[-107.540117,44.185877],[-107.535087,44.185884],[-107.535075,44.182259]]]}},{"type":"Feature","properties":{"q":"2","ac":45.7},"geometry":{"type":"Polygon","coordinates":[[[-107.535784,44.173767],[-107.535784,44.175014],[-107.535067,44.175016],[-107.530041,44.175023],[-107.530038,44.171395],[-107.535063,44.171391],[-107.535784,44.171391],[-107.535784,44.173767]]]}},{"type":"Feature","properties":{"q":"SENE","ac":40.0},"geometry":{"type":"Polygon","coordinates":[[[-107.540141,44.193127],[-107.540129,44.189502],[-107.54516,44.189503],[-107.545173,44.193128],[-107.540141,44.193127]]]}},{"type":"Feature","properties":{"q":"NESE","ac":40.0},"geometry":{"type":"Polygon","coordinates":[[[-107.54516,44.189503],[-107.540129,44.189502],[-107.540117,44.185877],[-107.545147,44.185878],[-107.54516,44.189503]]]}},{"type":"Feature","properties":{"q":"NWSW","ac":40.0},"geometry":{"type":"Polygon","coordinates":[[[-107.540129,44.189502],[-107.535099,44.189509],[-107.535087,44.185884],[-107.540117,44.185877],[-107.540129,44.189502]]]}},{"type":"Feature","properties":{"q":"SESE","ac":40.0},"geometry":{"type":"Polygon","coordinates":[[[-107.54518,44.214876],[-107.540146,44.214875],[-107.540146,44.211251],[-107.545178,44.211251],[-107.54518,44.214876]]]}},{"type":"Feature","properties":{"q":"7","ac":47.0},"geometry":{"type":"Polygon","coordinates":[[[-107.490681,44.189232],[-107.4907,44.189549],[-107.489825,44.189549],[-107.484797,44.18955],[-107.484786,44.185929],[-107.489815,44.185929],[-107.490743,44.185928],[-107.490681,44.189232]]]}},{"type":"Feature","properties":{"q":"SWSE","ac":40.0},"geometry":{"type":"Polygon","coordinates":[[[-107.504931,44.211289],[-107.509965,44.21129],[-107.50996,44.214909],[-107.504925,44.21491],[-107.504931,44.211289]]]}},{"type":"Feature","properties":{"q":"5","ac":14.6},"geometry":{"type":"Polygon","coordinates":[[[-107.489844,44.200016],[-107.489843,44.200413],[-107.484804,44.200413],[-107.484816,44.19679],[-107.486147,44.19679],[-107.486378,44.200023],[-107.489844,44.200016]]]}},{"type":"Feature","properties":{"q":"6","ac":29.1},"geometry":{"type":"Polygon","coordinates":[[[-107.481134,44.196792],[-107.484816,44.19679],[-107.484804,44.200413],[-107.481175,44.200413],[-107.481171,44.199943],[-107.481134,44.196792]]]}},{"type":"Feature","properties":{"q":"SENE","ac":40.0},"geometry":{"type":"Polygon","coordinates":[[[-107.504935,44.204037],[-107.504933,44.207663],[-107.4999,44.207664],[-107.499902,44.20404],[-107.504935,44.204037]]]}},{"type":"Feature","properties":{"q":"SWSW","ac":40.0},"geometry":{"type":"Polygon","coordinates":[[[-107.515001,44.200407],[-107.515002,44.196782],[-107.520034,44.196779],[-107.520034,44.200403],[-107.515001,44.200407]]]}},{"type":"Feature","properties":{"q":"3","ac":34.5},"geometry":{"type":"Polygon","coordinates":[[[-107.495724,44.189229],[-107.499887,44.189213],[-107.499887,44.189546],[-107.499897,44.193168],[-107.496096,44.193169],[-107.495754,44.189547],[-107.495724,44.189229]]]}},{"type":"Feature","properties":{"q":"NENW","ac":40.0},"geometry":{"type":"Polygon","coordinates":[[[-107.50996,44.193162],[-107.514991,44.193158],[-107.515002,44.196782],[-107.50997,44.196785],[-107.50996,44.193162]]]}},{"type":"Feature","properties":{"q":"NWNE","ac":40.0},"geometry":{"type":"Polygon","coordinates":[[[-107.570361,44.225758],[-107.565336,44.225754],[-107.565328,44.22213],[-107.570354,44.222134],[-107.570361,44.225758]]]}},{"type":"Feature","properties":{"q":"11","ac":47.6},"geometry":{"type":"Polygon","coordinates":[[[-107.592857,44.228149],[-107.590485,44.228149],[-107.59048,44.225762],[-107.595514,44.225758],[-107.595522,44.22938],[-107.595527,44.231771],[-107.592856,44.231769],[-107.592857,44.229382],[-107.592857,44.228149]]]}},{"type":"Feature","properties":{"q":"NWNE","ac":40.0},"geometry":{"type":"Polygon","coordinates":[[[-107.590474,44.222137],[-107.59048,44.225762],[-107.585446,44.225764],[-107.58544,44.222139],[-107.590474,44.222137]]]}},{"type":"Feature","properties":{"q":"NESW","ac":40.0},"geometry":{"type":"Polygon","coordinates":[[[-107.57037,44.233007],[-107.570365,44.229383],[-107.575392,44.229387],[-107.575397,44.233012],[-107.57037,44.233007]]]}},{"type":"Feature","properties":{"q":"SESE","ac":40.0},"geometry":{"type":"Polygon","coordinates":[[[-107.585474,44.240261],[-107.585464,44.243882],[-107.580432,44.243887],[-107.580438,44.240265],[-107.585474,44.240261]]]}},{"type":"Feature","properties":{"q":"NENE","ac":40.0},"geometry":{"type":"Polygon","coordinates":[[[-107.565348,44.240251],[-107.560318,44.240247],[-107.560316,44.236622],[-107.565345,44.236627],[-107.565348,44.240251]]]}},{"type":"Feature","properties":{"q":"SESW","ac":40.0},"geometry":{"type":"Polygon","coordinates":[[[-107.575408,44.24026],[-107.575398,44.243882],[-107.570365,44.243878],[-107.570378,44.240256],[-107.575408,44.24026]]]}},{"type":"Feature","properties":{"q":"9","ac":36.6},"geometry":{"type":"Polygon","coordinates":[[[-107.535078,44.247493],[-107.540108,44.247489],[-107.5401,44.250464],[-107.537751,44.250464],[-107.53775,44.251112],[-107.535068,44.251114],[-107.535078,44.247493]]]}},{"type":"Feature","properties":{"q":"NWSE","ac":40.1},"geometry":{"type":"Polygon","coordinates":[[[-107.550211,44.243868],[-107.550195,44.24749],[-107.545152,44.24749],[-107.545166,44.243868],[-107.550211,44.243868]]]}},{"type":"Feature","properties":{"q":"NESE","ac":40.1},"geometry":{"type":"Polygon","coordinates":[[[-107.545185,44.229373],[-107.545183,44.232997],[-107.54014,44.232997],[-107.540142,44.229373],[-107.545185,44.229373]]]}},{"type":"Feature","properties":{"q":"NESE","ac":40.1},"geometry":{"type":"Polygon","coordinates":[[[-107.545166,44.243868],[-107.545152,44.24749],[-107.540108,44.247489],[-107.540121,44.243867],[-107.545166,44.243868]]]}},{"type":"Feature","properties":{"q":"5","ac":2.0},"geometry":{"type":"Polygon","coordinates":[[[-107.540094,44.254427],[-107.540095,44.254085],[-107.542781,44.254085],[-107.542781,44.254427],[-107.540094,44.254427]]]}},{"type":"Feature","properties":{"q":"NESE","ac":40.1},"geometry":{"type":"Polygon","coordinates":[[[-107.499828,44.243885],[-107.50487,44.243884],[-107.504863,44.247507],[-107.499822,44.247508],[-107.499828,44.243885]]]}},{"type":"Feature","properties":{"q":"SWSW","ac":40.1},"geometry":{"type":"Polygon","coordinates":[[[-107.520007,44.240257],[-107.519994,44.24388],[-107.514953,44.243881],[-107.514964,44.240259],[-107.520007,44.240257]]]}},{"type":"Feature","properties":{"q":"8","ac":36.6},"geometry":{"type":"Polygon","coordinates":[[[-107.514931,44.251127],[-107.519967,44.251124],[-107.519956,44.254434],[-107.514921,44.254447],[-107.514931,44.251127]]]}},{"type":"Feature","properties":{"q":"SWSE","ac":40.0},"geometry":{"type":"Polygon","coordinates":[[[-107.484727,44.240226],[-107.489763,44.240233],[-107.489759,44.243858],[-107.484731,44.243848],[-107.484727,44.240226]]]}},{"type":"Feature","properties":{"q":"NENW","ac":40.1},"geometry":{"type":"Polygon","coordinates":[[[-107.514964,44.240259],[-107.509921,44.24026],[-107.509927,44.236638],[-107.514969,44.236636],[-107.514964,44.240259]]]}},{"type":"Feature","properties":{"q":"SESW","ac":40.0},"geometry":{"type":"Polygon","coordinates":[[[-107.550177,44.18588],[-107.550163,44.182255],[-107.555192,44.182257],[-107.555207,44.185882],[-107.550177,44.18588]]]}},{"type":"Feature","properties":{"q":"SWSE","ac":40.0},"geometry":{"type":"Polygon","coordinates":[[[-107.525017,44.182273],[-107.530046,44.182266],[-107.530058,44.185891],[-107.525029,44.185898],[-107.525017,44.182273]]]}},{"type":"Feature","properties":{"q":"SWNE","ac":40.0},"geometry":{"type":"Polygon","coordinates":[[[-107.530041,44.175023],[-107.530044,44.178644],[-107.525016,44.178651],[-107.525016,44.175029],[-107.530041,44.175023]]]}},{"type":"Feature","properties":{"q":"SENW","ac":40.0},"geometry":{"type":"Polygon","coordinates":[[[-107.555187,44.175014],[-107.555189,44.178635],[-107.550159,44.178634],[-107.550156,44.175012],[-107.555187,44.175014]]]}},{"type":"Feature","properties":{"q":"NENW","ac":40.0},"geometry":{"type":"Polygon","coordinates":[[[-107.535071,44.178637],[-107.535075,44.182259],[-107.530046,44.182266],[-107.530044,44.178644],[-107.535071,44.178637]]]}},{"type":"Feature","properties":{"q":"3","ac":48.4},"geometry":{"type":"Polygon","coordinates":[[[-107.525735,44.171404],[-107.525735,44.170119],[-107.530038,44.170128],[-107.530038,44.171395],[-107.530041,44.175023],[-107.525016,44.175029],[-107.525015,44.173738],[-107.525736,44.173739],[-107.525735,44.171404]]]}},{"type":"Feature","properties":{"q":"NWNE","ac":40.0},"geometry":{"type":"Polygon","coordinates":[[[-107.530044,44.178644],[-107.530046,44.182266],[-107.525017,44.182273],[-107.525016,44.178651],[-107.530044,44.178644]]]}},{"type":"Feature","properties":{"q":"6","ac":15.8},"geometry":{"type":"Polygon","coordinates":[[[-107.535784,44.171391],[-107.535063,44.171391],[-107.530038,44.171395],[-107.530038,44.170128],[-107.530762,44.170129],[-107.535061,44.170144],[-107.535783,44.170147],[-107.535784,44.171391]]]}},{"type":"Feature","properties":{"q":"4","ac":40.0},"geometry":{"type":"Polygon","coordinates":[[[-107.555185,44.171393],[-107.555187,44.175014],[-107.550156,44.175012],[-107.550152,44.171392],[-107.555185,44.171393]]]}},{"type":"Feature","properties":{"q":"NENE","ac":40.0},"geometry":{"type":"Polygon","coordinates":[[[-107.525016,44.178651],[-107.525017,44.182273],[-107.519988,44.18228],[-107.519989,44.178658],[-107.525016,44.178651]]]}},{"type":"Feature","properties":{"q":"NWNE","ac":40.0},"geometry":{"type":"Polygon","coordinates":[[[-107.545133,44.182253],[-107.545129,44.178632],[-107.550159,44.178634],[-107.550163,44.182255],[-107.545133,44.182253]]]}},{"type":"Feature","properties":{"q":"4","ac":18.0},"geometry":{"type":"Polygon","coordinates":[[[-107.520706,44.171413],[-107.520709,44.17373],[-107.525015,44.173738],[-107.525016,44.175029],[-107.51999,44.175036],[-107.51999,44.171415],[-107.520706,44.171413]]]}},{"type":"Feature","properties":{"q":"1","ac":53.8},"geometry":{"type":"Polygon","coordinates":[[[-107.545129,44.178632],[-107.545133,44.182253],[-107.540104,44.182251],[-107.540098,44.17863],[-107.540095,44.177391],[-107.540811,44.17739],[-107.545127,44.177375],[-107.545129,44.178632]]]}},{"type":"Feature","properties":{"q":"SESE","ac":40.0},"geometry":{"type":"Polygon","coordinates":[[[-107.520034,44.196779],[-107.525064,44.196772],[-107.525063,44.200397],[-107.520034,44.200403],[-107.520034,44.196779]]]}},{"type":"Feature","properties":{"q":"SENW","ac":40.0},"geometry":{"type":"Polygon","coordinates":[[[-107.530091,44.20764],[-107.530092,44.204015],[-107.535121,44.204008],[-107.535119,44.207633],[-107.530091,44.20764]]]}},{"type":"Feature","properties":{"q":"SWSE","ac":40.0},"geometry":{"type":"Polygon","coordinates":[[[-107.550219,44.196754],[-107.550217,44.200378],[-107.545184,44.200378],[-107.545186,44.196753],[-107.550219,44.196754]]]}},{"type":"Feature","properties":{"q":"NESE","ac":40.0},"geometry":{"type":"Polygon","coordinates":[[[-107.545184,44.200378],[-107.545182,44.204002],[-107.54015,44.204001],[-107.540151,44.200377],[-107.545184,44.200378]]]}},{"type":"Feature","properties":{"q":"NENW","ac":40.0},"geometry":{"type":"Polygon","coordinates":[[[-107.530082,44.193141],[-107.535111,44.193134],[-107.535123,44.196759],[-107.530093,44.196765],[-107.530082,44.193141]]]}},{"type":"Feature","properties":{"q":"NENW","ac":40.0},"geometry":{"type":"Polygon","coordinates":[[[-107.550212,44.207627],[-107.555245,44.207628],[-107.555242,44.211252],[-107.55021,44.211252],[-107.550212,44.207627]]]}},{"type":"Feature","properties":{"q":"NENW","ac":40.0},"geometry":{"type":"Polygon","coordinates":[[[-107.535118,44.211258],[-107.53009,44.211264],[-107.530091,44.20764],[-107.535119,44.207633],[-107.535118,44.211258]]]}},{"type":"Feature","properties":{"q":"NWSE","ac":40.0},"geometry":{"type":"Polygon","coordinates":[[[-107.525063,44.200397],[-107.530093,44.20039],[-107.530092,44.204015],[-107.525063,44.204022],[-107.525063,44.200397]]]}},{"type":"Feature","properties":{"q":"NENW","ac":40.0},"geometry":{"type":"Polygon","coordinates":[[[-107.550219,44.196754],[-107.550205,44.193129],[-107.555237,44.19313],[-107.555252,44.196754],[-107.550219,44.196754]]]}},{"type":"Feature","properties":{"q":"SESW","ac":40.0},"geometry":{"type":"Polygon","coordinates":[[[-107.550215,44.214876],[-107.55021,44.211252],[-107.555242,44.211252],[-107.555249,44.214877],[-107.550215,44.214876]]]}},{"type":"Feature","properties":{"q":"SENW","ac":40.0},"geometry":{"type":"Polygon","coordinates":[[[-107.555222,44.189506],[-107.555237,44.19313],[-107.550205,44.193129],[-107.550191,44.189505],[-107.555222,44.189506]]]}},{"type":"Feature","properties":{"q":"NESE","ac":40.0},"geometry":{"type":"Polygon","coordinates":[[[-107.52003,44.2149],[-107.525059,44.214894],[-107.525056,44.218518],[-107.520026,44.218523],[-107.52003,44.2149]]]}},{"type":"Feature","properties":{"q":"SESW","ac":40.0},"geometry":{"type":"Polygon","coordinates":[[[-107.535118,44.211258],[-107.535117,44.214882],[-107.530088,44.214888],[-107.53009,44.211264],[-107.535118,44.211258]]]}},{"type":"Feature","properties":{"q":"SWNE","ac":40.0},"geometry":{"type":"Polygon","coordinates":[[[-107.52504,44.189523],[-107.53007,44.189516],[-107.530082,44.193141],[-107.525052,44.193148],[-107.52504,44.189523]]]}},{"type":"Feature","properties":{"q":"SESE","ac":40.0},"geometry":{"type":"Polygon","coordinates":[[[-107.525059,44.214894],[-107.52003,44.2149],[-107.520033,44.211278],[-107.525062,44.211271],[-107.525059,44.214894]]]}},{"type":"Feature","properties":{"q":"SWNW","ac":40.0},"geometry":{"type":"Polygon","coordinates":[[[-107.540129,44.189502],[-107.540141,44.193127],[-107.535111,44.193134],[-107.535099,44.189509],[-107.540129,44.189502]]]}},{"type":"Feature","properties":{"q":"SESW","ac":40.0},"geometry":{"type":"Polygon","coordinates":[[[-107.535123,44.196759],[-107.535122,44.200384],[-107.530093,44.20039],[-107.530093,44.196765],[-107.535123,44.196759]]]}},{"type":"Feature","properties":{"q":"NWSW","ac":40.0},"geometry":{"type":"Polygon","coordinates":[[[-107.535117,44.214882],[-107.540146,44.214875],[-107.540146,44.2185],[-107.535116,44.218506],[-107.535117,44.214882]]]}},{"type":"Feature","properties":{"q":"NWSE","ac":40.0},"geometry":{"type":"Polygon","coordinates":[[[-107.530058,44.185891],[-107.53007,44.189516],[-107.52504,44.189523],[-107.525029,44.185898],[-107.530058,44.185891]]]}},{"type":"Feature","properties":{"q":"SWSW","ac":40.0},"geometry":{"type":"Polygon","coordinates":[[[-107.535123,44.196759],[-107.540153,44.196752],[-107.540151,44.200377],[-107.535122,44.200384],[-107.535123,44.196759]]]}},{"type":"Feature","properties":{"q":"NENE","ac":40.0},"geometry":{"type":"Polygon","coordinates":[[[-107.520034,44.207653],[-107.525062,44.207646],[-107.525062,44.211271],[-107.520033,44.211278],[-107.520034,44.207653]]]}},{"type":"Feature","properties":{"q":"SWSW","ac":40.0},"geometry":{"type":"Polygon","coordinates":[[[-107.540146,44.211251],[-107.540146,44.214875],[-107.535117,44.214882],[-107.535118,44.211258],[-107.540146,44.211251]]]}},{"type":"Feature","properties":{"q":"SWSE","ac":40.0},"geometry":{"type":"Polygon","coordinates":[[[-107.545178,44.211251],[-107.55021,44.211252],[-107.550215,44.214876],[-107.54518,44.214876],[-107.545178,44.211251]]]}},{"type":"Feature","properties":{"q":"NWNW","ac":40.0},"geometry":{"type":"Polygon","coordinates":[[[-107.540141,44.193127],[-107.540153,44.196752],[-107.535123,44.196759],[-107.535111,44.193134],[-107.540141,44.193127]]]}},{"type":"Feature","properties":{"q":"SESE","ac":40.0},"geometry":{"type":"Polygon","coordinates":[[[-107.540153,44.196752],[-107.545186,44.196753],[-107.545184,44.200378],[-107.540151,44.200377],[-107.540153,44.196752]]]}},{"type":"Feature","properties":{"q":"SESW","ac":40.0},"geometry":{"type":"Polygon","coordinates":[[[-107.555252,44.196754],[-107.555249,44.200379],[-107.550217,44.200378],[-107.550219,44.196754],[-107.555252,44.196754]]]}},{"type":"Feature","properties":{"q":"NESW","ac":40.0},"geometry":{"type":"Polygon","coordinates":[[[-107.555222,44.189506],[-107.550191,44.189505],[-107.550177,44.18588],[-107.555207,44.185882],[-107.555222,44.189506]]]}},{"type":"Feature","properties":{"q":"NWSE","ac":40.0},"geometry":{"type":"Polygon","coordinates":[[[-107.550177,44.18588],[-107.550191,44.189505],[-107.54516,44.189503],[-107.545147,44.185878],[-107.550177,44.18588]]]}},{"type":"Feature","properties":{"q":"NESW","ac":40.0},"geometry":{"type":"Polygon","coordinates":[[[-107.550217,44.200378],[-107.555249,44.200379],[-107.555247,44.204004],[-107.550215,44.204003],[-107.550217,44.200378]]]}},{"type":"Feature","properties":{"q":"NWSW","ac":40.0},"geometry":{"type":"Polygon","coordinates":[[[-107.535122,44.200384],[-107.540151,44.200377],[-107.54015,44.204001],[-107.535121,44.204008],[-107.535122,44.200384]]]}},{"type":"Feature","properties":{"q":"NWNW","ac":40.0},"geometry":{"type":"Polygon","coordinates":[[[-107.535119,44.207633],[-107.540148,44.207626],[-107.540146,44.211251],[-107.535118,44.211258],[-107.535119,44.207633]]]}},{"type":"Feature","properties":{"q":"NWNE","ac":40.0},"geometry":{"type":"Polygon","coordinates":[[[-107.525062,44.207646],[-107.530091,44.20764],[-107.53009,44.211264],[-107.525062,44.211271],[-107.525062,44.207646]]]}},{"type":"Feature","properties":{"q":"NESW","ac":40.0},"geometry":{"type":"Polygon","coordinates":[[[-107.535087,44.185884],[-107.535099,44.189509],[-107.53007,44.189516],[-107.530058,44.185891],[-107.535087,44.185884]]]}},{"type":"Feature","properties":{"q":"SWNW","ac":40.0},"geometry":{"type":"Polygon","coordinates":[[[-107.51999,44.175036],[-107.519989,44.178658],[-107.514958,44.178664],[-107.514958,44.175042],[-107.51999,44.175036]]]}},{"type":"Feature","properties":{"q":"6","ac":49.5},"geometry":{"type":"Polygon","coordinates":[[[-107.508542,44.166911],[-107.509922,44.166864],[-107.509924,44.17143],[-107.504891,44.171435],[-107.504888,44.167039],[-107.508542,44.166911]]]}},{"type":"Feature","properties":{"q":"4","ac":53.2},"geometry":{"type":"Polygon","coordinates":[[[-107.51999,44.171415],[-107.514957,44.171422],[-107.514956,44.16669],[-107.518556,44.166564],[-107.519991,44.166515],[-107.51999,44.171415]]]}},{"type":"Feature","properties":{"q":"9","ac":47.7},"geometry":{"type":"Polygon","coordinates":[[[-107.490743,44.185928],[-107.489815,44.185929],[-107.484786,44.185929],[-107.484774,44.182309],[-107.489804,44.182309],[-107.490812,44.182309],[-107.490743,44.185928]]]}},{"type":"Feature","properties":{"q":"3","ac":28.7},"geometry":{"type":"Polygon","coordinates":[[[-107.484792,44.204041],[-107.481219,44.204041],[-107.481213,44.203664],[-107.481212,44.20355],[-107.481175,44.200413],[-107.484804,44.200413],[-107.484792,44.204041]]]}},{"type":"Feature","properties":{"q":"NWNW","ac":40.0},"geometry":{"type":"Polygon","coordinates":[[[-107.4999,44.207664],[-107.499897,44.211289],[-107.494865,44.211289],[-107.494868,44.207665],[-107.4999,44.207664]]]}},{"type":"Feature","properties":{"q":"SWSE","ac":40.0},"geometry":{"type":"Polygon","coordinates":[[[-107.504938,44.196788],[-107.50997,44.196785],[-107.509969,44.20041],[-107.504937,44.200413],[-107.504938,44.196788]]]}},{"type":"Feature","properties":{"q":"NESE","ac":40.0},"geometry":{"type":"Polygon","coordinates":[[[-107.504925,44.21491],[-107.504919,44.218531],[-107.499882,44.218533],[-107.49989,44.214911],[-107.504925,44.21491]]]}},{"type":"Feature","properties":{"q":"NENE","ac":40.0},"geometry":{"type":"Polygon","coordinates":[[[-107.504938,44.196788],[-107.499907,44.196791],[-107.499897,44.193168],[-107.504928,44.193165],[-107.504938,44.196788]]]}},{"type":"Feature","properties":{"q":"SWSW","ac":40.1},"geometry":{"type":"Polygon","coordinates":[[[-107.560297,44.243868],[-107.555254,44.243868],[-107.555272,44.240246],[-107.560318,44.240247],[-107.560297,44.243868]]]}},{"type":"Feature","properties":{"q":"6","ac":33.2},"geometry":{"type":"Polygon","coordinates":[[[-107.565314,44.247495],[-107.5653,44.250512],[-107.563092,44.250495],[-107.560261,44.250494],[-107.560276,44.24749],[-107.565314,44.247495]]]}},{"type":"Feature","properties":{"q":"SENE","ac":40.0},"geometry":{"type":"Polygon","coordinates":[[[-107.565345,44.236627],[-107.560316,44.236622],[-107.560314,44.232998],[-107.565342,44.233003],[-107.565345,44.236627]]]}},{"type":"Feature","properties":{"q":"SENW","ac":40.0},"geometry":{"type":"Polygon","coordinates":[[[-107.530077,44.233004],[-107.535108,44.233001],[-107.535105,44.236624],[-107.530074,44.236628],[-107.530077,44.233004]]]}},{"type":"Feature","properties":{"q":"NWNE","ac":40.1},"geometry":{"type":"Polygon","coordinates":[[[-107.550226,44.240246],[-107.54518,44.240245],[-107.545182,44.236621],[-107.550227,44.236622],[-107.550226,44.240246]]]}},{"type":"Feature","properties":{"q":"6","ac":36.8},"geometry":{"type":"Polygon","coordinates":[[[-107.509887,44.254459],[-107.504851,44.254469],[-107.504857,44.25113],[-107.509895,44.25113],[-107.509887,44.254459]]]}},{"type":"Feature","properties":{"q":"NWSW","ac":40.0},"geometry":{"type":"Polygon","coordinates":[[[-107.499828,44.243885],[-107.499822,44.247508],[-107.494788,44.247495],[-107.494793,44.243872],[-107.499828,44.243885]]]}},{"type":"Feature","properties":{"q":"6","ac":35.0},"geometry":{"type":"Polygon","coordinates":[[[-107.509955,44.218528],[-107.509951,44.221701],[-107.504913,44.221697],[-107.504919,44.218531],[-107.509955,44.218528]]]}},{"type":"Feature","properties":{"q":"SWNE","ac":40.0},"geometry":{"type":"Polygon","coordinates":[[[-107.509903,44.247506],[-107.509895,44.25113],[-107.504857,44.25113],[-107.504863,44.247507],[-107.509903,44.247506]]]}},{"type":"Feature","properties":{"q":"3","ac":34.9},"geometry":{"type":"Polygon","coordinates":[[[-107.494842,44.22215],[-107.494836,44.225313],[-107.489803,44.225307],[-107.489809,44.222146],[-107.494842,44.22215]]]}},{"type":"Feature","properties":{"q":"7","ac":42.3},"geometry":{"type":"Polygon","coordinates":[[[-107.504888,44.167039],[-107.504891,44.171435],[-107.500498,44.171439],[-107.500353,44.167196],[-107.503534,44.167085],[-107.504888,44.167039]]]}},{"type":"Feature","properties":{"q":"NWSE","ac":40.0},"geometry":{"type":"Polygon","coordinates":[[[-107.509924,44.17143],[-107.509926,44.175049],[-107.504893,44.175055],[-107.504891,44.171435],[-107.509924,44.17143]]]}},{"type":"Feature","properties":{"q":"NENW","ac":40.0},"geometry":{"type":"Polygon","coordinates":[[[-107.509929,44.182292],[-107.509927,44.17867],[-107.514958,44.178664],[-107.514959,44.182286],[-107.509929,44.182292]]]}},{"type":"Feature","properties":{"q":"NESW","ac":40.0},"geometry":{"type":"Polygon","coordinates":[[[-107.514969,44.18591],[-107.51498,44.189534],[-107.50995,44.189538],[-107.509939,44.185915],[-107.514969,44.18591]]]}},{"type":"Feature","properties":{"q":"SESW","ac":40.0},"geometry":{"type":"Polygon","coordinates":[[[-107.514959,44.182286],[-107.514969,44.18591],[-107.509939,44.185915],[-107.509929,44.182292],[-107.514959,44.182286]]]}},{"type":"Feature","properties":{"q":"8","ac":29.0},"geometry":{"type":"Polygon","coordinates":[[[-107.495809,44.185556],[-107.495844,44.182307],[-107.49987,44.182304],[-107.499881,44.185576],[-107.495809,44.185556]]]}},{"type":"Feature","properties":{"q":"3","ac":3.3},"geometry":{"type":"Polygon","coordinates":[[[-107.499871,44.181938],[-107.49987,44.182304],[-107.495844,44.182307],[-107.495841,44.18192],[-107.499871,44.181938]]]}},{"type":"Feature","properties":{"q":"10","ac":31.9},"geometry":{"type":"Polygon","coordinates":[[[-107.480824,44.18593],[-107.480811,44.185481],[-107.480718,44.182309],[-107.484774,44.182309],[-107.484786,44.185929],[-107.480824,44.18593]]]}},{"type":"Feature","properties":{"q":"NESW","ac":40.0},"geometry":{"type":"Polygon","coordinates":[[[-107.514958,44.175042],[-107.509926,44.175049],[-107.509924,44.17143],[-107.514957,44.171422],[-107.514958,44.175042]]]}},{"type":"Feature","properties":{"q":"2","ac":33.1},"geometry":{"type":"Polygon","coordinates":[[[-107.505869,44.185919],[-107.509939,44.185915],[-107.50995,44.189538],[-107.504918,44.189542],[-107.504917,44.189228],[-107.505858,44.189232],[-107.505869,44.185919]]]}},{"type":"Feature","properties":{"q":"6","ac":31.1},"geometry":{"type":"Polygon","coordinates":[[[-107.480919,44.18919],[-107.480916,44.189099],[-107.480824,44.18593],[-107.484786,44.185929],[-107.484797,44.18955],[-107.48093,44.18955],[-107.480919,44.18919]]]}},{"type":"Feature","properties":{"q":"1","ac":3.5},"geometry":{"type":"Polygon","coordinates":[[[-107.484774,44.182309],[-107.480718,44.182309],[-107.480707,44.181929],[-107.484774,44.181914],[-107.484774,44.182309]]]}},{"type":"Feature","properties":{"q":"5","ac":51.4},"geometry":{"type":"Polygon","coordinates":[[[-107.509924,44.17143],[-107.509922,44.166864],[-107.510532,44.166843],[-107.513549,44.166738],[-107.514956,44.16669],[-107.514957,44.171422],[-107.509924,44.17143]]]}},{"type":"Feature","properties":{"q":"NWSE","ac":40.0},"geometry":{"type":"Polygon","coordinates":[[[-107.484793,44.214908],[-107.489824,44.214909],[-107.489817,44.218529],[-107.484786,44.218526],[-107.484793,44.214908]]]}},{"type":"Feature","properties":{"q":"4","ac":42.3},"geometry":{"type":"Polygon","coordinates":[[[-107.490892,44.192673],[-107.489835,44.192673],[-107.485861,44.192673],[-107.485896,44.19317],[-107.484807,44.19317],[-107.484797,44.18955],[-107.489825,44.189549],[-107.4907,44.189549],[-107.490892,44.192673]]]}},{"type":"Feature","properties":{"q":"SESE","ac":40.0},"geometry":{"type":"Polygon","coordinates":[[[-107.499897,44.211289],[-107.504931,44.211289],[-107.504925,44.21491],[-107.49989,44.214911],[-107.499897,44.211289]]]}},{"type":"Feature","properties":{"q":"NWSW","ac":40.0},"geometry":{"type":"Polygon","coordinates":[[[-107.520034,44.200403],[-107.520034,44.204028],[-107.515001,44.204031],[-107.515001,44.200407],[-107.520034,44.200403]]]}},{"type":"Feature","properties":{"q":"SESW","ac":40.0},"geometry":{"type":"Polygon","coordinates":[[[-107.494857,44.21491],[-107.489824,44.214909],[-107.489832,44.211289],[-107.494865,44.211289],[-107.494857,44.21491]]]}},{"type":"Feature","properties":{"q":"SWNE","ac":40.1},"geometry":{"type":"Polygon","coordinates":[[[-107.504935,44.204037],[-107.509968,44.204034],[-107.509967,44.207662],[-107.504933,44.207663],[-107.504935,44.204037]]]}},{"type":"Feature","properties":{"q":"NESW","ac":40.0},"geometry":{"type":"Polygon","coordinates":[[[-107.489843,44.200413],[-107.494874,44.200414],[-107.494871,44.20404],[-107.489839,44.204041],[-107.489843,44.200413]]]}},{"type":"Feature","properties":{"q":"NWSW","ac":40.0},"geometry":{"type":"Polygon","coordinates":[[[-107.494871,44.20404],[-107.494874,44.200414],[-107.499904,44.200415],[-107.499902,44.20404],[-107.494871,44.20404]]]}},{"type":"Feature","properties":{"q":"SENW","ac":40.0},"geometry":{"type":"Polygon","coordinates":[[[-107.50996,44.193162],[-107.50995,44.189538],[-107.51498,44.189534],[-107.514991,44.193158],[-107.50996,44.193162]]]}},{"type":"Feature","properties":{"q":"NESW","ac":40.0},"geometry":{"type":"Polygon","coordinates":[[[-107.51499,44.218526],[-107.509955,44.218528],[-107.50996,44.214909],[-107.514995,44.214905],[-107.51499,44.218526]]]}},{"type":"Feature","properties":{"q":"1","ac":27.6},"geometry":{"type":"Polygon","coordinates":[[[-107.481288,44.207665],[-107.484796,44.207665],[-107.484799,44.21129],[-107.481357,44.21129],[-107.481348,44.210823],[-107.481347,44.210765],[-107.481288,44.207665]]]}},{"type":"Feature","properties":{"q":"SWSW","ac":40.0},"geometry":{"type":"Polygon","coordinates":[[[-107.514999,44.211284],[-107.520033,44.211278],[-107.52003,44.2149],[-107.514995,44.214905],[-107.514999,44.211284]]]}},{"type":"Feature","properties":{"q":"SESW","ac":40.0},"geometry":{"type":"Polygon","coordinates":[[[-107.509969,44.20041],[-107.50997,44.196785],[-107.515002,44.196782],[-107.515001,44.200407],[-107.509969,44.20041]]]}},{"type":"Feature","properties":{"q":"NENW","ac":40.0},"geometry":{"type":"Polygon","coordinates":[[[-107.494865,44.211289],[-107.489832,44.211289],[-107.489836,44.207665],[-107.494868,44.207665],[-107.494865,44.211289]]]}},{"type":"Feature","properties":{"q":"NWNW","ac":40.0},"geometry":{"type":"Polygon","coordinates":[[[-107.515,44.207658],[-107.520034,44.207653],[-107.520033,44.211278],[-107.514999,44.211284],[-107.515,44.207658]]]}},{"type":"Feature","properties":{"q":"NWSE","ac":40.0},"geometry":{"type":"Polygon","coordinates":[[[-107.509969,44.20041],[-107.509968,44.204034],[-107.504935,44.204037],[-107.504937,44.200413],[-107.509969,44.20041]]]}},{"type":"Feature","properties":{"q":"SWSE","ac":40.0},"geometry":{"type":"Polygon","coordinates":[[[-107.484799,44.21129],[-107.489832,44.211289],[-107.489824,44.214909],[-107.484793,44.214908],[-107.484799,44.21129]]]}},{"type":"Feature","properties":{"q":"NWSW","ac":40.0},"geometry":{"type":"Polygon","coordinates":[[[-107.52003,44.2149],[-107.520026,44.218523],[-107.51499,44.218526],[-107.514995,44.214905],[-107.52003,44.2149]]]}},{"type":"Feature","properties":{"q":"NWNE","ac":40.0},"geometry":{"type":"Polygon","coordinates":[[[-107.50996,44.193162],[-107.50997,44.196785],[-107.504938,44.196788],[-107.504928,44.193165],[-107.50996,44.193162]]]}},{"type":"Feature","properties":{"q":"NWSW","ac":40.0},"geometry":{"type":"Polygon","coordinates":[[[-107.51498,44.189534],[-107.514969,44.18591],[-107.52,44.185905],[-107.520011,44.18953],[-107.51498,44.189534]]]}},{"type":"Feature","properties":{"q":"NESE","ac":40.0},"geometry":{"type":"Polygon","coordinates":[[[-107.504935,44.204037],[-107.499902,44.20404],[-107.499904,44.200415],[-107.504937,44.200413],[-107.504935,44.204037]]]}},{"type":"Feature","properties":{"q":"NWSW","ac":40.0},"geometry":{"type":"Polygon","coordinates":[[[-107.494857,44.21491],[-107.49989,44.214911],[-107.499882,44.218533],[-107.494849,44.218531],[-107.494857,44.21491]]]}},{"type":"Feature","properties":{"q":"4","ac":28.9},"geometry":{"type":"Polygon","coordinates":[[[-107.494877,44.19679],[-107.494874,44.200414],[-107.489843,44.200413],[-107.489844,44.200016],[-107.49141,44.200013],[-107.491419,44.196789],[-107.494877,44.19679]]]}},{"type":"Feature","properties":{"q":"SWNW","ac":40.0},"geometry":{"type":"Polygon","coordinates":[[[-107.520011,44.18953],[-107.520022,44.193154],[-107.514991,44.193158],[-107.51498,44.189534],[-107.520011,44.18953]]]}},{"type":"Feature","properties":{"q":"2","ac":33.4},"geometry":{"type":"Polygon","coordinates":[[[-107.499897,44.193168],[-107.499907,44.196791],[-107.494877,44.19679],[-107.491419,44.196789],[-107.491419,44.196392],[-107.494876,44.196374],[-107.496397,44.196365],[-107.496096,44.193169],[-107.499897,44.193168]]]}},{"type":"Feature","properties":{"q":"NENW","ac":40.1},"geometry":{"type":"Polygon","coordinates":[[[-107.509965,44.21129],[-107.509967,44.207662],[-107.515,44.207658],[-107.514999,44.211284],[-107.509965,44.21129]]]}},{"type":"Feature","properties":{"q":"2","ac":28.2},"geometry":{"type":"Polygon","coordinates":[[[-107.484792,44.204041],[-107.484796,44.207665],[-107.481288,44.207665],[-107.481279,44.207158],[-107.481219,44.204041],[-107.484792,44.204041]]]}},{"type":"Feature","properties":{"q":"SWNE","ac":40.1},"geometry":{"type":"Polygon","coordinates":[[[-107.484796,44.207665],[-107.484792,44.204041],[-107.489839,44.204041],[-107.489836,44.207665],[-107.484796,44.207665]]]}},{"type":"Feature","properties":{"q":"SWSW","ac":40.0},"geometry":{"type":"Polygon","coordinates":[[[-107.494865,44.211289],[-107.499897,44.211289],[-107.49989,44.214911],[-107.494857,44.21491],[-107.494865,44.211289]]]}},{"type":"Feature","properties":{"q":"NESW","ac":40.0},"geometry":{"type":"Polygon","coordinates":[[[-107.489824,44.214909],[-107.494857,44.21491],[-107.494849,44.218531],[-107.489817,44.218529],[-107.489824,44.214909]]]}},{"type":"Feature","properties":{"q":"NWSE","ac":40.0},"geometry":{"type":"Polygon","coordinates":[[[-107.50996,44.214909],[-107.509955,44.218528],[-107.504919,44.218531],[-107.504925,44.21491],[-107.50996,44.214909]]]}},{"type":"Feature","properties":{"q":"NWSW","ac":40.1},"geometry":{"type":"Polygon","coordinates":[[[-107.560312,44.229374],[-107.560314,44.232998],[-107.555271,44.232998],[-107.55527,44.229374],[-107.560312,44.229374]]]}},{"type":"Feature","properties":{"q":"13","ac":32.8},"geometry":{"type":"Polygon","coordinates":[[[-107.580412,44.225766],[-107.585446,44.225764],[-107.58545,44.228148],[-107.582789,44.228147],[-107.582789,44.229389],[-107.580418,44.229391],[-107.580412,44.225766]]]}},{"type":"Feature","properties":{"q":"SWNE","ac":40.0},"geometry":{"type":"Polygon","coordinates":[[[-107.565345,44.236627],[-107.565342,44.233003],[-107.57037,44.233007],[-107.570374,44.236632],[-107.565345,44.236627]]]}},{"type":"Feature","properties":{"q":"5","ac":49.6},"geometry":{"type":"Polygon","coordinates":[[[-107.572579,44.247502],[-107.5729,44.250571],[-107.570341,44.250551],[-107.567996,44.250533],[-107.5653,44.250512],[-107.565314,44.247495],[-107.570352,44.2475],[-107.572579,44.247502]]]}},{"type":"Feature","properties":{"q":"NWNW","ac":40.0},"geometry":{"type":"Polygon","coordinates":[[[-107.575403,44.236636],[-107.580431,44.23664],[-107.580438,44.240265],[-107.575408,44.24026],[-107.575403,44.236636]]]}},{"type":"Feature","properties":{"q":"5","ac":31.9},"geometry":{"type":"Polygon","coordinates":[[[-107.592856,44.240254],[-107.590509,44.240258],[-107.585474,44.240261],[-107.585467,44.236636],[-107.587825,44.236634],[-107.587826,44.239064],[-107.590507,44.239063],[-107.592856,44.239063],[-107.592856,44.240254]]]}},{"type":"Feature","properties":{"q":"NWSE","ac":40.0},"geometry":{"type":"Polygon","coordinates":[[[-107.565339,44.229379],[-107.570365,44.229383],[-107.57037,44.233007],[-107.565342,44.233003],[-107.565339,44.229379]]]}},{"type":"Feature","properties":{"q":"SWSW","ac":40.1},"geometry":{"type":"Polygon","coordinates":[[[-107.555269,44.22575],[-107.560311,44.22575],[-107.560312,44.229374],[-107.55527,44.229374],[-107.555269,44.22575]]]}},{"type":"Feature","properties":{"q":"SWNE","ac":40.0},"geometry":{"type":"Polygon","coordinates":[[[-107.585434,44.218514],[-107.590468,44.218512],[-107.590474,44.222137],[-107.58544,44.222139],[-107.585434,44.218514]]]}},{"type":"Feature","properties":{"q":"SWNW","ac":40.1},"geometry":{"type":"Polygon","coordinates":[[[-107.560316,44.236622],[-107.555271,44.236622],[-107.555271,44.232998],[-107.560314,44.232998],[-107.560316,44.236622]]]}},{"type":"Feature","properties":{"q":"SENW","ac":40.0},"geometry":{"type":"Polygon","coordinates":[[[-107.57037,44.233007],[-107.575397,44.233012],[-107.575403,44.236636],[-107.570374,44.236632],[-107.57037,44.233007]]]}},{"type":"Feature","properties":{"q":"SWNW","ac":40.1},"geometry":{"type":"Polygon","coordinates":[[[-107.555256,44.218501],[-107.560292,44.218501],[-107.560301,44.222126],[-107.555262,44.222126],[-107.555256,44.218501]]]}},{"type":"Feature","properties":{"q":"NWNW","ac":40.1},"geometry":{"type":"Polygon","coordinates":[[[-107.555262,44.222126],[-107.560301,44.222126],[-107.560311,44.22575],[-107.555269,44.22575],[-107.555262,44.222126]]]}},{"type":"Feature","properties":{"q":"NESE","ac":40.0},"geometry":{"type":"Polygon","coordinates":[[[-107.580395,44.214891],[-107.585429,44.21489],[-107.585434,44.218514],[-107.580401,44.218516],[-107.580395,44.214891]]]}},{"type":"Feature","properties":{"q":"8","ac":33.5},"geometry":{"type":"Polygon","coordinates":[[[-107.575389,44.247024],[-107.575398,44.243882],[-107.580432,44.243887],[-107.580426,44.246804],[-107.575389,44.247024]]]}},{"type":"Feature","properties":{"q":"NENW","ac":40.0},"geometry":{"type":"Polygon","coordinates":[[[-107.570378,44.240256],[-107.570374,44.236632],[-107.575403,44.236636],[-107.575408,44.24026],[-107.570378,44.240256]]]}},{"type":"Feature","properties":{"q":"NESE","ac":40.0},"geometry":{"type":"Polygon","coordinates":[[[-107.560312,44.229374],[-107.565339,44.229379],[-107.565342,44.233003],[-107.560314,44.232998],[-107.560312,44.229374]]]}},{"type":"Feature","properties":{"q":"7","ac":37.4},"geometry":{"type":"Polygon","coordinates":[[[-107.570365,44.243878],[-107.575398,44.243882],[-107.575389,44.247024],[-107.572542,44.247149],[-107.572579,44.247502],[-107.570352,44.2475],[-107.570365,44.243878]]]}},{"type":"Feature","properties":{"q":"SWSE","ac":40.0},"geometry":{"type":"Polygon","coordinates":[[[-107.570365,44.229383],[-107.565339,44.229379],[-107.565336,44.225754],[-107.570361,44.225758],[-107.570365,44.229383]]]}},{"type":"Feature","properties":{"q":"SESE","ac":40.0},"geometry":{"type":"Polygon","coordinates":[[[-107.560318,44.240247],[-107.565348,44.240251],[-107.565331,44.243873],[-107.560297,44.243868],[-107.560318,44.240247]]]}},{"type":"Feature","properties":{"q":"NWSE","ac":40.0},"geometry":{"type":"Polygon","coordinates":[[[-107.590468,44.218512],[-107.585434,44.218514],[-107.585429,44.21489],[-107.590462,44.214888],[-107.590468,44.218512]]]}},{"type":"Feature","properties":{"q":"9","ac":42.4},"geometry":{"type":"Polygon","coordinates":[[[-107.58778,44.246553],[-107.585457,44.246632],[-107.585464,44.243882],[-107.590497,44.243877],[-107.592863,44.243873],[-107.592869,44.246335],[-107.590489,44.246437],[-107.58778,44.246553]]]}},{"type":"Feature","properties":{"q":"NWSW","ac":40.0},"geometry":{"type":"Polygon","coordinates":[[[-107.575392,44.229387],[-107.580418,44.229391],[-107.580425,44.233015],[-107.575397,44.233012],[-107.575392,44.229387]]]}},{"type":"Feature","properties":{"q":"NWSE","ac":40.0},"geometry":{"type":"Polygon","coordinates":[[[-107.565314,44.247495],[-107.565331,44.243873],[-107.570365,44.243878],[-107.570352,44.2475],[-107.565314,44.247495]]]}},{"type":"Feature","properties":{"q":"NENE","ac":40.0},"geometry":{"type":"Polygon","coordinates":[[[-107.580406,44.222141],[-107.58544,44.222139],[-107.585446,44.225764],[-107.580412,44.225766],[-107.580406,44.222141]]]}},{"type":"Feature","properties":{"q":"SESE","ac":40.0},"geometry":{"type":"Polygon","coordinates":[[[-107.560311,44.22575],[-107.565336,44.225754],[-107.565339,44.229379],[-107.560312,44.229374],[-107.560311,44.22575]]]}},{"type":"Feature","properties":{"q":"NWSE","ac":40.0},"geometry":{"type":"Polygon","coordinates":[[[-107.570347,44.218509],[-107.565319,44.218505],[-107.565311,44.214881],[-107.570339,44.214884],[-107.570347,44.218509]]]}},{"type":"Feature","properties":{"q":"NWSW","ac":40.0},"geometry":{"type":"Polygon","coordinates":[[[-107.580395,44.214891],[-107.580401,44.218516],[-107.575374,44.218513],[-107.575367,44.214888],[-107.580395,44.214891]]]}},{"type":"Feature","properties":{"q":"9","ac":32.9},"geometry":{"type":"Polygon","coordinates":[[[-107.5401,44.250464],[-107.540108,44.247489],[-107.545152,44.24749],[-107.545142,44.25047],[-107.542819,44.250466],[-107.5401,44.250464]]]}},{"type":"Feature","properties":{"q":"SWNW","ac":40.0},"geometry":{"type":"Polygon","coordinates":[[[-107.535108,44.233001],[-107.54014,44.232997],[-107.540137,44.236621],[-107.535105,44.236624],[-107.535108,44.233001]]]}},{"type":"Feature","properties":{"q":"8","ac":21.3},"geometry":{"type":"Polygon","coordinates":[[[-107.53775,44.251112],[-107.537745,44.254084],[-107.540095,44.254085],[-107.540094,44.254427],[-107.53506,44.254429],[-107.535068,44.251114],[-107.53775,44.251112]]]}},{"type":"Feature","properties":{"q":"1","ac":27.1},"geometry":{"type":"Polygon","coordinates":[[[-107.525049,44.229386],[-107.520018,44.229389],[-107.520018,44.228947],[-107.521865,44.228946],[-107.521867,44.225768],[-107.525051,44.225765],[-107.525049,44.229386]]]}},{"type":"Feature","properties":{"q":"SENW","ac":40.1},"geometry":{"type":"Polygon","coordinates":[[[-107.550227,44.232998],[-107.555271,44.232998],[-107.555271,44.236622],[-107.550227,44.236622],[-107.550227,44.232998]]]}},{"type":"Feature","properties":{"q":"SENE","ac":40.0},"geometry":{"type":"Polygon","coordinates":[[[-107.520016,44.233011],[-107.525046,44.233008],[-107.525043,44.236631],[-107.520012,44.236634],[-107.520016,44.233011]]]}},{"type":"Feature","properties":{"q":"NESE","ac":40.0},"geometry":{"type":"Polygon","coordinates":[[[-107.525049,44.229386],[-107.525046,44.233008],[-107.520016,44.233011],[-107.520018,44.229389],[-107.525049,44.229386]]]}},{"type":"Feature","properties":{"q":"SENW","ac":40.0},"geometry":{"type":"Polygon","coordinates":[[[-107.530086,44.218512],[-107.535116,44.218506],[-107.535115,44.22213],[-107.530084,44.222136],[-107.530086,44.218512]]]}},{"type":"Feature","properties":{"q":"1","ac":38.2},"geometry":{"type":"Polygon","coordinates":[[[-107.521867,44.225326],[-107.520019,44.225326],[-107.520022,44.222145],[-107.525053,44.222141],[-107.525051,44.225765],[-107.521867,44.225768],[-107.521867,44.225326]]]}},{"type":"Feature","properties":{"q":"NENE","ac":40.0},"geometry":{"type":"Polygon","coordinates":[[[-107.520012,44.236634],[-107.525043,44.236631],[-107.525039,44.240254],[-107.520007,44.240257],[-107.520012,44.236634]]]}},{"type":"Feature","properties":{"q":"SESE","ac":40.1},"geometry":{"type":"Polygon","coordinates":[[[-107.545186,44.225749],[-107.545185,44.229373],[-107.540142,44.229373],[-107.540145,44.225749],[-107.545186,44.225749]]]}},{"type":"Feature","properties":{"q":"NWNE","ac":40.0},"geometry":{"type":"Polygon","coordinates":[[[-107.530082,44.22576],[-107.525051,44.225765],[-107.525053,44.222141],[-107.530084,44.222136],[-107.530082,44.22576]]]}},{"type":"Feature","properties":{"q":"SWNE","ac":40.1},"geometry":{"type":"Polygon","coordinates":[[[-107.545183,44.232997],[-107.550227,44.232998],[-107.550227,44.236622],[-107.545182,44.236621],[-107.545183,44.232997]]]}},{"type":"Feature","properties":{"q":"NWSW","ac":40.0},"geometry":{"type":"Polygon","coordinates":[[[-107.535078,44.247493],[-107.53509,44.24387],[-107.540121,44.243867],[-107.540108,44.247489],[-107.535078,44.247493]]]}},{"type":"Feature","properties":{"q":"SENE","ac":40.1},"geometry":{"type":"Polygon","coordinates":[[[-107.545184,44.222125],[-107.540145,44.222124],[-107.540146,44.2185],[-107.545182,44.2185],[-107.545184,44.222125]]]}},{"type":"Feature","properties":{"q":"NENE","ac":40.1},"geometry":{"type":"Polygon","coordinates":[[[-107.545182,44.236621],[-107.54518,44.240245],[-107.540134,44.240245],[-107.540137,44.236621],[-107.545182,44.236621]]]}},{"type":"Feature","properties":{"q":"NWNW","ac":40.0},"geometry":{"type":"Polygon","coordinates":[[[-107.535115,44.22213],[-107.540145,44.222124],[-107.540145,44.225749],[-107.535114,44.225754],[-107.535115,44.22213]]]}},{"type":"Feature","properties":{"q":"NWNW","ac":40.0},"geometry":{"type":"Polygon","coordinates":[[[-107.540137,44.236621],[-107.540134,44.240245],[-107.535103,44.240248],[-107.535105,44.236624],[-107.540137,44.236621]]]}},{"type":"Feature","properties":{"q":"NESW","ac":40.0},"geometry":{"type":"Polygon","coordinates":[[[-107.530079,44.229382],[-107.535111,44.229378],[-107.535108,44.233001],[-107.530077,44.233004],[-107.530079,44.229382]]]}},{"type":"Feature","properties":{"q":"8","ac":33.0},"geometry":{"type":"Polygon","coordinates":[[[-107.550195,44.24749],[-107.550183,44.250479],[-107.547887,44.250475],[-107.545142,44.25047],[-107.545152,44.24749],[-107.550195,44.24749]]]}},{"type":"Feature","properties":{"q":"NESW","ac":40.0},"geometry":{"type":"Polygon","coordinates":[[[-107.530047,44.247496],[-107.530059,44.243874],[-107.53509,44.24387],[-107.535078,44.247493],[-107.530047,44.247496]]]}},{"type":"Feature","properties":{"q":"NESW","ac":40.1},"geometry":{"type":"Polygon","coordinates":[[[-107.555236,44.24749],[-107.550195,44.24749],[-107.550211,44.243868],[-107.555254,44.243868],[-107.555236,44.24749]]]}},{"type":"Feature","properties":{"q":"7","ac":36.6},"geometry":{"type":"Polygon","coordinates":[[[-107.53506,44.254429],[-107.530025,44.254431],[-107.530036,44.251118],[-107.535068,44.251114],[-107.53506,44.254429]]]}},{"type":"Feature","properties":{"q":"NWNE","ac":40.0},"geometry":{"type":"Polygon","coordinates":[[[-107.530074,44.236628],[-107.530071,44.240251],[-107.525039,44.240254],[-107.525043,44.236631],[-107.530074,44.236628]]]}},{"type":"Feature","properties":{"q":"NENW","ac":40.1},"geometry":{"type":"Polygon","coordinates":[[[-107.550223,44.222125],[-107.555262,44.222126],[-107.555269,44.22575],[-107.550228,44.225749],[-107.550223,44.222125]]]}},{"type":"Feature","properties":{"q":"SWNE","ac":40.0},"geometry":{"type":"Polygon","coordinates":[[[-107.530077,44.233004],[-107.530074,44.236628],[-107.525043,44.236631],[-107.525046,44.233008],[-107.530077,44.233004]]]}},{"type":"Feature","properties":{"q":"NESW","ac":40.1},"geometry":{"type":"Polygon","coordinates":[[[-107.555271,44.232998],[-107.550227,44.232998],[-107.550227,44.229374],[-107.55527,44.229374],[-107.555271,44.232998]]]}},{"type":"Feature","properties":{"q":"SWSE","ac":40.1},"geometry":{"type":"Polygon","coordinates":[[[-107.550226,44.240246],[-107.550211,44.243868],[-107.545166,44.243868],[-107.54518,44.240245],[-107.550226,44.240246]]]}},{"type":"Feature","properties":{"q":"SESE","ac":40.0},"geometry":{"type":"Polygon","coordinates":[[[-107.520007,44.240257],[-107.525039,44.240254],[-107.525026,44.243877],[-107.519994,44.24388],[-107.520007,44.240257]]]}},{"type":"Feature","properties":{"q":"SWSW","ac":40.0},"geometry":{"type":"Polygon","coordinates":[[[-107.53509,44.24387],[-107.535103,44.240248],[-107.540134,44.240245],[-107.540121,44.243867],[-107.53509,44.24387]]]}},{"type":"Feature","properties":{"q":"SESW","ac":40.1},"geometry":{"type":"Polygon","coordinates":[[[-107.555269,44.22575],[-107.55527,44.229374],[-107.550227,44.229374],[-107.550228,44.225749],[-107.555269,44.22575]]]}},{"type":"Feature","properties":{"q":"NWSE","ac":40.0},"geometry":{"type":"Polygon","coordinates":[[[-107.530079,44.229382],[-107.530077,44.233004],[-107.525046,44.233008],[-107.525049,44.229386],[-107.530079,44.229382]]]}},{"type":"Feature","properties":{"q":"SENW","ac":40.0},"geometry":{"type":"Polygon","coordinates":[[[-107.489782,44.233004],[-107.49482,44.233011],[-107.494809,44.23663],[-107.489772,44.236619],[-107.489782,44.233004]]]}},{"type":"Feature","properties":{"q":"NESE","ac":40.0},"geometry":{"type":"Polygon","coordinates":[[[-107.525026,44.243877],[-107.525014,44.2475],[-107.51998,44.247503],[-107.519994,44.24388],[-107.525026,44.243877]]]}},{"type":"Feature","properties":{"q":"5","ac":36.6},"geometry":{"type":"Polygon","coordinates":[[[-107.519956,44.254434],[-107.519967,44.251124],[-107.525001,44.251121],[-107.52499,44.254433],[-107.519956,44.254434]]]}},{"type":"Feature","properties":{"q":"4","ac":27.1},"geometry":{"type":"Polygon","coordinates":[[[-107.509939,44.229393],[-107.504901,44.229396],[-107.504902,44.228937],[-107.506763,44.228937],[-107.506766,44.225774],[-107.509945,44.225771],[-107.509939,44.229393]]]}},{"type":"Feature","properties":{"q":"7","ac":37.1},"geometry":{"type":"Polygon","coordinates":[[[-107.48975,44.251102],[-107.494785,44.251116],[-107.494782,44.25447],[-107.489747,44.254467],[-107.48975,44.251102]]]}},{"type":"Feature","properties":{"q":"8","ac":37.0},"geometry":{"type":"Polygon","coordinates":[[[-107.499816,44.254472],[-107.494782,44.25447],[-107.494785,44.251116],[-107.499819,44.25113],[-107.499816,44.254472]]]}},{"type":"Feature","properties":{"q":"3","ac":17.9},"geometry":{"type":"Polygon","coordinates":[[[-107.514978,44.229391],[-107.509939,44.229393],[-107.509945,44.225771],[-107.511793,44.22577],[-107.511796,44.228943],[-107.514979,44.228945],[-107.514978,44.229391]]]}},{"type":"Feature","properties":{"q":"5","ac":36.9},"geometry":{"type":"Polygon","coordinates":[[[-107.499819,44.25113],[-107.504857,44.25113],[-107.504851,44.254469],[-107.502307,44.254474],[-107.499816,44.254472],[-107.499819,44.25113]]]}},{"type":"Feature","properties":{"q":"NWSE","ac":40.0},"geometry":{"type":"Polygon","coordinates":[[[-107.484758,44.229378],[-107.489792,44.229383],[-107.489782,44.233004],[-107.484747,44.232996],[-107.484758,44.229378]]]}},{"type":"Feature","properties":{"q":"4","ac":45.1},"geometry":{"type":"Polygon","coordinates":[[[-107.489793,44.228927],[-107.494829,44.228933],[-107.494828,44.22939],[-107.49482,44.233011],[-107.489782,44.233004],[-107.489792,44.229383],[-107.489793,44.228927]]]}},{"type":"Feature","properties":{"q":"NWNE","ac":39.9},"geometry":{"type":"Polygon","coordinates":[[[-107.489763,44.240233],[-107.484727,44.240226],[-107.484737,44.236612],[-107.489772,44.236619],[-107.489763,44.240233]]]}},{"type":"Feature","properties":{"q":"SWNE","ac":39.9},"geometry":{"type":"Polygon","coordinates":[[[-107.489782,44.233004],[-107.489772,44.236619],[-107.484737,44.236612],[-107.484747,44.232996],[-107.489782,44.233004]]]}},{"type":"Feature","properties":{"q":"SWNW","ac":40.0},"geometry":{"type":"Polygon","coordinates":[[[-107.499846,44.236641],[-107.494809,44.23663],[-107.49482,44.233011],[-107.499858,44.233019],[-107.499846,44.236641]]]}},{"type":"Feature","properties":{"q":"NWNE","ac":40.1},"geometry":{"type":"Polygon","coordinates":[[[-107.504887,44.236639],[-107.509927,44.236638],[-107.509921,44.24026],[-107.504877,44.240261],[-107.504887,44.236639]]]}},{"type":"Feature","properties":{"q":"2","ac":23.5},"geometry":{"type":"Polygon","coordinates":[[[-107.481801,44.236065],[-107.481739,44.232992],[-107.484747,44.232996],[-107.484737,44.236612],[-107.481812,44.236607],[-107.481801,44.236065]]]}},{"type":"Feature","properties":{"q":"SENE","ac":40.0},"geometry":{"type":"Polygon","coordinates":[[[-107.499846,44.236641],[-107.499858,44.233019],[-107.504896,44.233017],[-107.504887,44.236639],[-107.499846,44.236641]]]}},{"type":"Feature","properties":{"q":"2","ac":45.0},"geometry":{"type":"Polygon","coordinates":[[[-107.520018,44.229389],[-107.520016,44.233011],[-107.514974,44.233013],[-107.514978,44.229391],[-107.514979,44.228945],[-107.520018,44.228947],[-107.520018,44.229389]]]}},{"type":"Feature","properties":{"q":"NESW","ac":40.0},"geometry":{"type":"Polygon","coordinates":[[[-107.489755,44.247483],[-107.489759,44.243858],[-107.494793,44.243872],[-107.494788,44.247495],[-107.489755,44.247483]]]}},{"type":"Feature","properties":{"q":"NENE","ac":40.1},"geometry":{"type":"Polygon","coordinates":[[[-107.499846,44.236641],[-107.504887,44.236639],[-107.504877,44.240261],[-107.499834,44.240263],[-107.499846,44.236641]]]}},{"type":"Feature","properties":{"q":"NWSE","ac":40.0},"geometry":{"type":"Polygon","coordinates":[[[-107.509933,44.233015],[-107.504896,44.233017],[-107.504901,44.229396],[-107.509939,44.229393],[-107.509933,44.233015]]]}},{"type":"Feature","properties":{"q":"SWNW","ac":40.0},"geometry":{"type":"Polygon","coordinates":[[[-107.520026,44.218523],[-107.520022,44.222145],[-107.514986,44.222148],[-107.51499,44.218526],[-107.520026,44.218523]]]}},{"type":"Feature","properties":{"q":"SENW","ac":40.0},"geometry":{"type":"Polygon","coordinates":[[[-107.514931,44.251127],[-107.509895,44.25113],[-107.509903,44.247506],[-107.514942,44.247504],[-107.514931,44.251127]]]}},{"type":"Feature","properties":{"q":"5","ac":45.1},"geometry":{"type":"Polygon","coordinates":[[[-107.499865,44.229398],[-107.499858,44.233019],[-107.49482,44.233011],[-107.494828,44.22939],[-107.494829,44.228933],[-107.499866,44.228939],[-107.499865,44.229398]]]}},{"type":"Feature","properties":{"q":"SWNW","ac":40.0},"geometry":{"type":"Polygon","coordinates":[[[-107.499875,44.222155],[-107.494842,44.22215],[-107.494849,44.218531],[-107.499882,44.218533],[-107.499875,44.222155]]]}},{"type":"Feature","properties":{"q":"NWSE","ac":40.1},"geometry":{"type":"Polygon","coordinates":[[[-107.509903,44.247506],[-107.504863,44.247507],[-107.50487,44.243884],[-107.509912,44.243883],[-107.509903,44.247506]]]}},{"type":"Feature","properties":{"q":"SWNW","ac":40.0},"geometry":{"type":"Polygon","coordinates":[[[-107.519967,44.251124],[-107.514931,44.251127],[-107.514942,44.247504],[-107.51998,44.247503],[-107.519967,44.251124]]]}},{"type":"Feature","properties":{"q":"NWNW","ac":40.0},"geometry":{"type":"Polygon","coordinates":[[[-107.494809,44.23663],[-107.499846,44.236641],[-107.499834,44.240263],[-107.494798,44.240248],[-107.494809,44.23663]]]}},{"type":"Feature","properties":{"q":"6","ac":42.8},"geometry":{"type":"Polygon","coordinates":[[[-107.481597,44.225759],[-107.484768,44.225761],[-107.48663,44.225761],[-107.486627,44.228923],[-107.489793,44.228927],[-107.489792,44.229383],[-107.484758,44.229378],[-107.481668,44.229375],[-107.481657,44.228839],[-107.481597,44.225759]]]}},{"type":"Feature","properties":{"q":"1","ac":22.9},"geometry":{"type":"Polygon","coordinates":[[[-107.481874,44.239679],[-107.481812,44.236607],[-107.484737,44.236612],[-107.484727,44.240226],[-107.481882,44.240224],[-107.481877,44.239795],[-107.481874,44.239679]]]}},{"type":"Feature","properties":{"q":"SESW","ac":40.0},"geometry":{"type":"Polygon","coordinates":[[[-107.489763,44.240233],[-107.494798,44.240248],[-107.494793,44.243872],[-107.489759,44.243858],[-107.489763,44.240233]]]}},{"type":"Feature","properties":{"q":"2","ac":22.2},"geometry":{"type":"Polygon","coordinates":[[[-107.489809,44.222146],[-107.489803,44.225307],[-107.486628,44.225303],[-107.486572,44.222144],[-107.489809,44.222146]]]}},{"type":"Feature","properties":{"q":"4","ac":35.1},"geometry":{"type":"Polygon","coordinates":[[[-107.520019,44.225326],[-107.514983,44.225324],[-107.514986,44.222148],[-107.520022,44.222145],[-107.520019,44.225326]]]}},{"type":"Feature","properties":{"q":"6","ac":37.2},"geometry":{"type":"Polygon","coordinates":[[[-107.484711,44.254466],[-107.484723,44.251089],[-107.48975,44.251102],[-107.489747,44.254467],[-107.484711,44.254466]]]}},{"type":"Feature","properties":{"q":"SENE","ac":40.0},"geometry":{"type":"Polygon","coordinates":[[[-107.519967,44.251124],[-107.51998,44.247503],[-107.525014,44.2475],[-107.525001,44.251121],[-107.519967,44.251124]]]}},{"type":"Feature","properties":{"q":"1","ac":45.1},"geometry":{"type":"Polygon","coordinates":[[[-107.499858,44.233019],[-107.499865,44.229398],[-107.499866,44.228939],[-107.501729,44.228935],[-107.504902,44.228937],[-107.504901,44.229396],[-107.504896,44.233017],[-107.499858,44.233019]]]}},{"type":"Feature","properties":{"q":"SWNE","ac":39.9},"geometry":{"type":"Polygon","coordinates":[[[-107.489755,44.247483],[-107.48975,44.251102],[-107.484723,44.251089],[-107.484735,44.247469],[-107.489755,44.247483]]]}},{"type":"Feature","properties":{"q":"5","ac":38.2},"geometry":{"type":"Polygon","coordinates":[[[-107.484786,44.218526],[-107.489817,44.218529],[-107.489809,44.222146],[-107.486572,44.222144],[-107.486564,44.221698],[-107.484778,44.221697],[-107.484786,44.218526]]]}},{"type":"Feature","properties":{"q":"SWNE","ac":40.0},"geometry":{"type":"Polygon","coordinates":[[[-107.509927,44.236638],[-107.504887,44.236639],[-107.504896,44.233017],[-107.509933,44.233015],[-107.509927,44.236638]]]}},{"type":"Feature","properties":{"q":"NWSW","ac":40.0},"geometry":{"type":"Polygon","coordinates":[[[-107.519994,44.24388],[-107.51998,44.247503],[-107.514942,44.247504],[-107.514953,44.243881],[-107.519994,44.24388]]]}},{"type":"Feature","properties":{"q":"SESW","ac":40.1},"geometry":{"type":"Polygon","coordinates":[[[-107.509921,44.24026],[-107.514964,44.240259],[-107.514953,44.243881],[-107.509912,44.243883],[-107.509921,44.24026]]]}},{"type":"Feature","properties":{"q":"SESE","ac":40.1},"geometry":{"type":"Polygon","coordinates":[[[-107.504877,44.240261],[-107.50487,44.243884],[-107.499828,44.243885],[-107.499834,44.240263],[-107.504877,44.240261]]]}},{"type":"Feature","properties":{"q":"SWSW","ac":40.0},"geometry":{"type":"Polygon","coordinates":[[[-107.494798,44.240248],[-107.499834,44.240263],[-107.499828,44.243885],[-107.494793,44.243872],[-107.494798,44.240248]]]}},{"type":"Feature","properties":{"q":"3","ac":22.2},"geometry":{"type":"Polygon","coordinates":[[[-107.511796,44.222149],[-107.514986,44.222148],[-107.514983,44.225324],[-107.511795,44.225323],[-107.511796,44.222149]]]}},{"type":"Feature","properties":{"q":"2","ac":5.0},"geometry":{"type":"Polygon","coordinates":[[[-107.511795,44.225323],[-107.511793,44.22577],[-107.509945,44.225771],[-107.506766,44.225774],[-107.506764,44.225318],[-107.509946,44.225321],[-107.511795,44.225323]]]}},{"type":"Feature","properties":{"q":"SENW","ac":40.0},"geometry":{"type":"Polygon","coordinates":[[[-107.48975,44.251102],[-107.489755,44.247483],[-107.494788,44.247495],[-107.494785,44.251116],[-107.48975,44.251102]]]}},{"type":"Feature","properties":{"q":"NWSE","ac":39.9},"geometry":{"type":"Polygon","coordinates":[[[-107.484731,44.243848],[-107.489759,44.243858],[-107.489755,44.247483],[-107.484735,44.247469],[-107.484731,44.243848]]]}}]}