{"type":"FeatureCollection","note":"BLM Public Land Survey System. Provided by the Bureau of Land Management as is. These data are neither legal documents nor land surveys and must not be used as such.","features":[{"type":"Feature","properties":{"q":"SESE","ac":40.2},"geometry":{"type":"Polygon","coordinates":[[[-106.569055,43.167024],[-106.569067,43.170668],[-106.564127,43.170697],[-106.564112,43.167048],[-106.569055,43.167024]]]}},{"type":"Feature","properties":{"q":"SESE","ac":40.2},"geometry":{"type":"Polygon","coordinates":[[[-106.549113,43.154352],[-106.549143,43.156171],[-106.544198,43.156193],[-106.544134,43.152559],[-106.549083,43.152533],[-106.549113,43.154352]]]}},{"type":"Feature","properties":{"q":"SENE","ac":40.2},"geometry":{"type":"Polygon","coordinates":[[[-106.529071,43.134356],[-106.52412,43.134345],[-106.524095,43.130715],[-106.529051,43.130725],[-106.529071,43.134356]]]}},{"type":"Feature","properties":{"q":"NWNW","ac":40.2},"geometry":{"type":"Polygon","coordinates":[[[-106.52412,43.134345],[-106.524145,43.137975],[-106.519191,43.137959],[-106.519162,43.13433],[-106.52412,43.134345]]]}},{"type":"Feature","properties":{"q":"NENW","ac":40.1},"geometry":{"type":"Polygon","coordinates":[[[-106.593539,43.148904],[-106.598525,43.148929],[-106.598524,43.152535],[-106.593536,43.1525],[-106.593539,43.148904]]]}},{"type":"Feature","properties":{"q":"SWNE","ac":40.1},"geometry":{"type":"Polygon","coordinates":[[[-106.53415,43.145263],[-106.534207,43.148895],[-106.529269,43.14888],[-106.52921,43.145249],[-106.53415,43.145263]]]}},{"type":"Feature","properties":{"q":"NENE","ac":40.0},"geometry":{"type":"Polygon","coordinates":[[[-106.524331,43.148865],[-106.529269,43.14888],[-106.529329,43.152511],[-106.524393,43.152495],[-106.524331,43.148865]]]}},{"type":"Feature","properties":{"q":"NWSE","ac":40.1},"geometry":{"type":"Polygon","coordinates":[[[-106.52915,43.141618],[-106.534094,43.141631],[-106.53415,43.145263],[-106.52921,43.145249],[-106.52915,43.141618]]]}},{"type":"Feature","properties":{"q":"SESE","ac":40.1},"geometry":{"type":"Polygon","coordinates":[[[-106.563776,43.123557],[-106.567169,43.12357],[-106.568747,43.123576],[-106.568734,43.127191],[-106.563766,43.127169],[-106.563776,43.123557]]]}},{"type":"Feature","properties":{"q":"SENE","ac":39.7},"geometry":{"type":"Polygon","coordinates":[[[-106.563833,43.14523],[-106.568767,43.145243],[-106.568802,43.148845],[-106.563882,43.148842],[-106.563833,43.14523]]]}},{"type":"Feature","properties":{"q":"SWNW","ac":40.1},"geometry":{"type":"Polygon","coordinates":[[[-106.544439,43.177995],[-106.539499,43.177973],[-106.539484,43.17434],[-106.544423,43.174362],[-106.544439,43.177995]]]}},{"type":"Feature","properties":{"q":"SENW","ac":40.1},"geometry":{"type":"Polygon","coordinates":[[[-106.593656,43.159749],[-106.598622,43.159777],[-106.598671,43.163398],[-106.593715,43.163372],[-106.593656,43.159749]]]}},{"type":"Feature","properties":{"q":"NESW","ac":40.0},"geometry":{"type":"Polygon","coordinates":[[[-106.534392,43.159791],[-106.534328,43.156159],[-106.539263,43.156176],[-106.539327,43.159809],[-106.534392,43.159791]]]}},{"type":"Feature","properties":{"q":"NWNE","ac":40.1},"geometry":{"type":"Polygon","coordinates":[[[-106.593775,43.166996],[-106.58883,43.166974],[-106.588759,43.163347],[-106.593715,43.163372],[-106.593775,43.166996]]]}},{"type":"Feature","properties":{"q":"SWSE","ac":40.2},"geometry":{"type":"Polygon","coordinates":[[[-106.608495,43.123633],[-106.612143,43.123634],[-106.613462,43.123635],[-106.61347,43.127251],[-106.608497,43.12725],[-106.608495,43.123633]]]}},{"type":"Feature","properties":{"q":"NWNE","ac":40.0},"geometry":{"type":"Polygon","coordinates":[[[-106.529269,43.14888],[-106.534207,43.148895],[-106.534264,43.152527],[-106.529329,43.152511],[-106.529269,43.14888]]]}},{"type":"Feature","properties":{"q":"2","ac":40.1},"geometry":{"type":"Polygon","coordinates":[[[-106.618456,43.148983],[-106.618464,43.145361],[-106.623416,43.145369],[-106.623414,43.148993],[-106.618456,43.148983]]]}},{"type":"Feature","properties":{"q":"NWNW","ac":40.0},"geometry":{"type":"Polygon","coordinates":[[[-106.598671,43.163398],[-106.603627,43.163423],[-106.603665,43.167041],[-106.59872,43.167019],[-106.598671,43.163398]]]}},{"type":"Feature","properties":{"q":"S2SWSE","ac":20.1},"geometry":{"type":"Polygon","coordinates":[[[-106.554032,43.152507],[-106.55406,43.154327],[-106.549113,43.154352],[-106.549083,43.152533],[-106.551558,43.15252],[-106.554032,43.152507]]]}},{"type":"Feature","properties":{"q":"NWNW","ac":40.1},"geometry":{"type":"Polygon","coordinates":[[[-106.564156,43.177994],[-106.564171,43.181643],[-106.559242,43.18164],[-106.559227,43.177995],[-106.564156,43.177994]]]}},{"type":"Feature","properties":{"q":"NENE","ac":40.2},"geometry":{"type":"Polygon","coordinates":[[[-106.54392,43.134388],[-106.548876,43.13439],[-106.548881,43.138018],[-106.543929,43.138023],[-106.54392,43.134388]]]}},{"type":"Feature","properties":{"q":"SWSE","ac":39.9},"geometry":{"type":"Polygon","coordinates":[[[-106.613543,43.167047],[-106.61354,43.170662],[-106.608603,43.17066],[-106.608604,43.167044],[-106.613543,43.167047]]]}},{"type":"Feature","properties":{"q":"SWNE","ac":40.3},"geometry":{"type":"Polygon","coordinates":[[[-106.588578,43.1345],[-106.588594,43.130876],[-106.59357,43.130873],[-106.593558,43.134495],[-106.588578,43.1345]]]}},{"type":"Feature","properties":{"q":"NWSW","ac":40.2},"geometry":{"type":"Polygon","coordinates":[[[-106.519495,43.156104],[-106.524457,43.156125],[-106.524521,43.159755],[-106.519556,43.159733],[-106.519495,43.156104]]]}},{"type":"Feature","properties":{"q":"SENW","ac":40.0},"geometry":{"type":"Polygon","coordinates":[[[-106.553932,43.145261],[-106.558882,43.145245],[-106.558932,43.148863],[-106.553982,43.148884],[-106.553932,43.145261]]]}},{"type":"Feature","properties":{"q":"SWSW","ac":40.2},"geometry":{"type":"Polygon","coordinates":[[[-106.598528,43.141715],[-106.59853,43.138108],[-106.603513,43.138101],[-106.603513,43.141718],[-106.598528,43.141715]]]}},{"type":"Feature","properties":{"q":"SESW","ac":40.2},"geometry":{"type":"Polygon","coordinates":[[[-106.598561,43.123632],[-106.598553,43.127251],[-106.593582,43.127253],[-106.593594,43.123632],[-106.5971,43.123631],[-106.598561,43.123632]]]}},{"type":"Feature","properties":{"q":"NENE","ac":40.0},"geometry":{"type":"Polygon","coordinates":[[[-106.524677,43.177904],[-106.529618,43.177927],[-106.529629,43.181558],[-106.524686,43.181534],[-106.524677,43.177904]]]}},{"type":"Feature","properties":{"q":"SENE","ac":40.1},"geometry":{"type":"Polygon","coordinates":[[[-106.563755,43.130781],[-106.568721,43.130806],[-106.568708,43.134422],[-106.563745,43.134393],[-106.563755,43.130781]]]}},{"type":"Feature","properties":{"q":"NWSW","ac":40.0},"geometry":{"type":"Polygon","coordinates":[[[-106.563783,43.141618],[-106.563833,43.14523],[-106.558882,43.145245],[-106.558833,43.141628],[-106.563783,43.141618]]]}},{"type":"Feature","properties":{"q":"SWNW","ac":40.1},"geometry":{"type":"Polygon","coordinates":[[[-106.544031,43.145291],[-106.544057,43.147108],[-106.544082,43.148925],[-106.539145,43.14891],[-106.539091,43.145277],[-106.544031,43.145291]]]}},{"type":"Feature","properties":{"q":"3","ac":40.1},"geometry":{"type":"Polygon","coordinates":[[[-106.623406,43.130869],[-106.618454,43.130868],[-106.618447,43.127247],[-106.623411,43.127243],[-106.623406,43.130869]]]}},{"type":"Feature","properties":{"q":"SWSW","ac":40.0},"geometry":{"type":"Polygon","coordinates":[[[-106.558783,43.13801],[-106.563734,43.138006],[-106.563783,43.141618],[-106.558833,43.141628],[-106.558783,43.13801]]]}},{"type":"Feature","properties":{"q":"NESW","ac":40.3},"geometry":{"type":"Polygon","coordinates":[[[-106.613487,43.141731],[-106.618472,43.141737],[-106.618464,43.145361],[-106.613481,43.145353],[-106.613487,43.141731]]]}},{"type":"Feature","properties":{"q":"SWNW","ac":40.2},"geometry":{"type":"Polygon","coordinates":[[[-106.603517,43.134483],[-106.598537,43.134489],[-106.598545,43.13087],[-106.603521,43.130866],[-106.603517,43.134483]]]}},{"type":"Feature","properties":{"q":"SWNW","ac":39.9},"geometry":{"type":"Polygon","coordinates":[[[-106.598722,43.174261],[-106.603666,43.174276],[-106.603666,43.177894],[-106.598723,43.177882],[-106.598722,43.174261]]]}},{"type":"Feature","properties":{"q":"2","ac":40.1},"geometry":{"type":"Polygon","coordinates":[[[-106.623406,43.130869],[-106.623413,43.134494],[-106.618467,43.134491],[-106.618454,43.130868],[-106.623406,43.130869]]]}},{"type":"Feature","properties":{"q":"NWNE","ac":39.5},"geometry":{"type":"Polygon","coordinates":[[[-106.573746,43.152442],[-106.568838,43.152448],[-106.568802,43.148845],[-106.573723,43.148849],[-106.573746,43.152442]]]}},{"type":"Feature","properties":{"q":"NESW","ac":40.0},"geometry":{"type":"Polygon","coordinates":[[[-106.593777,43.17062],[-106.598721,43.17064],[-106.598722,43.174261],[-106.593778,43.174245],[-106.593777,43.17062]]]}},{"type":"Feature","properties":{"q":"SESW","ac":40.2},"geometry":{"type":"Polygon","coordinates":[[[-106.5588,43.127157],[-106.553834,43.127145],[-106.553835,43.123522],[-106.557303,43.123534],[-106.558805,43.123539],[-106.5588,43.127157]]]}},{"type":"Feature","properties":{"q":"NESW","ac":40.0},"geometry":{"type":"Polygon","coordinates":[[[-106.573809,43.156081],[-106.578725,43.156071],[-106.578797,43.159706],[-106.573872,43.159721],[-106.573809,43.156081]]]}},{"type":"Feature","properties":{"q":"SWSE","ac":39.8},"geometry":{"type":"Polygon","coordinates":[[[-106.568731,43.14164],[-106.568696,43.138037],[-106.573657,43.138069],[-106.573679,43.141662],[-106.568731,43.14164]]]}},{"type":"Feature","properties":{"q":"4","ac":39.7},"geometry":{"type":"Polygon","coordinates":[[[-106.618477,43.170663],[-106.618482,43.167052],[-106.623411,43.167056],[-106.623406,43.170665],[-106.618477,43.170663]]]}},{"type":"Feature","properties":{"q":"NWSW","ac":39.5},"geometry":{"type":"Polygon","coordinates":[[[-106.583574,43.141706],[-106.58357,43.145281],[-106.578635,43.145268],[-106.578627,43.141684],[-106.583574,43.141706]]]}},{"type":"Feature","properties":{"q":"NENW","ac":39.9},"geometry":{"type":"Polygon","coordinates":[[[-106.618482,43.167052],[-106.613543,43.167047],[-106.613525,43.163435],[-106.618473,43.163441],[-106.618482,43.167052]]]}},{"type":"Feature","properties":{"q":"SWSE","ac":40.0},"geometry":{"type":"Polygon","coordinates":[[[-106.529329,43.152511],[-106.534264,43.152527],[-106.534328,43.156159],[-106.529392,43.156142],[-106.529329,43.152511]]]}},{"type":"Feature","properties":{"q":"NWNW","ac":40.1},"geometry":{"type":"Polygon","coordinates":[[[-106.539145,43.14891],[-106.544082,43.148925],[-106.544134,43.152559],[-106.539199,43.152543],[-106.539145,43.14891]]]}},{"type":"Feature","properties":{"q":"NENW","ac":40.1},"geometry":{"type":"Polygon","coordinates":[[[-106.534558,43.17795],[-106.539499,43.177973],[-106.539513,43.181605],[-106.534571,43.181582],[-106.534558,43.17795]]]}},{"type":"Feature","properties":{"q":"NWNW","ac":40.2},"geometry":{"type":"Polygon","coordinates":[[[-106.603512,43.152571],[-106.598524,43.152535],[-106.598525,43.148929],[-106.603512,43.148953],[-106.603512,43.152571]]]}},{"type":"Feature","properties":{"q":"NENE","ac":40.3},"geometry":{"type":"Polygon","coordinates":[[[-106.608501,43.134486],[-106.608503,43.138105],[-106.603513,43.138101],[-106.603517,43.134483],[-106.608501,43.134486]]]}},{"type":"Feature","properties":{"q":"SESE","ac":40.0},"geometry":{"type":"Polygon","coordinates":[[[-106.544391,43.167094],[-106.549321,43.167083],[-106.549337,43.17072],[-106.544407,43.170728],[-106.544391,43.167094]]]}},{"type":"Feature","properties":{"q":"SESE","ac":40.3},"geometry":{"type":"Polygon","coordinates":[[[-106.524071,43.127085],[-106.524046,43.123455],[-106.527894,43.123462],[-106.529012,43.123463],[-106.529032,43.127094],[-106.524071,43.127085]]]}},{"type":"Feature","properties":{"q":"SWNW","ac":40.2},"geometry":{"type":"Polygon","coordinates":[[[-106.598525,43.148929],[-106.598527,43.145322],[-106.603513,43.145336],[-106.603512,43.148953],[-106.598525,43.148929]]]}},{"type":"Feature","properties":{"q":"SESW","ac":40.1},"geometry":{"type":"Polygon","coordinates":[[[-106.534037,43.137999],[-106.538983,43.138011],[-106.539037,43.141644],[-106.534094,43.141631],[-106.534037,43.137999]]]}},{"type":"Feature","properties":{"q":"NESW","ac":40.2},"geometry":{"type":"Polygon","coordinates":[[[-106.533993,43.127103],[-106.538947,43.127111],[-106.538959,43.130745],[-106.534008,43.130735],[-106.533993,43.127103]]]}},{"type":"Feature","properties":{"q":"NWNW","ac":40.2},"geometry":{"type":"Polygon","coordinates":[[[-106.583599,43.134506],[-106.583579,43.138132],[-106.578618,43.1381],[-106.578635,43.134478],[-106.583599,43.134506]]]}},{"type":"Feature","properties":{"q":"SWSW","ac":40.1},"geometry":{"type":"Polygon","coordinates":[[[-106.559197,43.170705],[-106.559182,43.16706],[-106.564112,43.167048],[-106.564127,43.170697],[-106.559197,43.170705]]]}},{"type":"Feature","properties":{"q":"SESE","ac":40.1},"geometry":{"type":"Polygon","coordinates":[[[-106.583885,43.166951],[-106.58883,43.166974],[-106.588832,43.170601],[-106.583888,43.170582],[-106.583885,43.166951]]]}},{"type":"Feature","properties":{"q":"SESW","ac":40.3},"geometry":{"type":"Polygon","coordinates":[[[-106.514104,43.123436],[-106.518098,43.123444],[-106.519075,43.123446],[-106.519104,43.127073],[-106.514137,43.127061],[-106.514104,43.123436]]]}},{"type":"Feature","properties":{"q":"NWSW","ac":40.2},"geometry":{"type":"Polygon","coordinates":[[[-106.578671,43.127233],[-106.583639,43.127253],[-106.583619,43.13088],[-106.578653,43.130855],[-106.578671,43.127233]]]}},{"type":"Feature","properties":{"q":"NWNW","ac":40.2},"geometry":{"type":"Polygon","coordinates":[[[-106.54392,43.134388],[-106.543929,43.138023],[-106.538983,43.138011],[-106.538971,43.134378],[-106.54392,43.134388]]]}},{"type":"Feature","properties":{"q":"NENW","ac":40.0},"geometry":{"type":"Polygon","coordinates":[[[-106.534456,43.163423],[-106.539391,43.163442],[-106.539455,43.167074],[-106.53452,43.167054],[-106.534456,43.163423]]]}},{"type":"Feature","properties":{"q":"SWNE","ac":40.0},"geometry":{"type":"Polygon","coordinates":[[[-106.593539,43.148904],[-106.588552,43.14888],[-106.588555,43.145295],[-106.593541,43.145309],[-106.593539,43.148904]]]}},{"type":"Feature","properties":{"q":"NENE","ac":40.2},"geometry":{"type":"Polygon","coordinates":[[[-106.603512,43.148953],[-106.608494,43.148963],[-106.608491,43.152582],[-106.603512,43.152571],[-106.603512,43.148953]]]}},{"type":"Feature","properties":{"q":"NWSW","ac":40.2},"geometry":{"type":"Polygon","coordinates":[[[-106.524095,43.130715],[-106.519133,43.130701],[-106.519104,43.127073],[-106.524071,43.127085],[-106.524095,43.130715]]]}},{"type":"Feature","properties":{"q":"SESE","ac":40.2},"geometry":{"type":"Polygon","coordinates":[[[-106.603528,43.123631],[-106.607044,43.123632],[-106.608495,43.123633],[-106.608497,43.12725],[-106.603524,43.127249],[-106.603528,43.123631]]]}},{"type":"Feature","properties":{"q":"NWSE","ac":40.0},"geometry":{"type":"Polygon","coordinates":[[[-106.588559,43.141709],[-106.593544,43.141712],[-106.593541,43.145309],[-106.588555,43.145295],[-106.588559,43.141709]]]}},{"type":"Feature","properties":{"q":"SENW","ac":39.8},"geometry":{"type":"Polygon","coordinates":[[[-106.613537,43.174276],[-106.618473,43.174275],[-106.618469,43.177886],[-106.613534,43.177888],[-106.613537,43.174276]]]}},{"type":"Feature","properties":{"q":"SWNE","ac":40.2},"geometry":{"type":"Polygon","coordinates":[[[-106.553833,43.130768],[-106.553833,43.134391],[-106.548876,43.13439],[-106.548872,43.130761],[-106.553833,43.130768]]]}},{"type":"Feature","properties":{"q":"NESE","ac":40.1},"geometry":{"type":"Polygon","coordinates":[[[-106.583888,43.170582],[-106.588832,43.170601],[-106.588835,43.174229],[-106.583891,43.174212],[-106.583888,43.170582]]]}},{"type":"Feature","properties":{"q":"SWNW","ac":40.1},"geometry":{"type":"Polygon","coordinates":[[[-106.559212,43.17435],[-106.564142,43.174346],[-106.564156,43.177994],[-106.559227,43.177995],[-106.559212,43.17435]]]}},{"type":"Feature","properties":{"q":"NESW","ac":39.6},"geometry":{"type":"Polygon","coordinates":[[[-106.573679,43.141662],[-106.578627,43.141684],[-106.578635,43.145268],[-106.573701,43.145256],[-106.573679,43.141662]]]}},{"type":"Feature","properties":{"q":"NWNE","ac":39.9},"geometry":{"type":"Polygon","coordinates":[[[-106.608576,43.163429],[-106.613525,43.163435],[-106.613543,43.167047],[-106.608604,43.167044],[-106.608576,43.163429]]]}},{"type":"Feature","properties":{"q":"SENW","ac":40.2},"geometry":{"type":"Polygon","coordinates":[[[-106.554142,43.159789],[-106.559082,43.15977],[-106.559132,43.163415],[-106.554197,43.16343],[-106.554142,43.159789]]]}},{"type":"Feature","properties":{"q":"NWSW","ac":40.0},"geometry":{"type":"Polygon","coordinates":[[[-106.544262,43.159827],[-106.539327,43.159809],[-106.539263,43.156176],[-106.544198,43.156193],[-106.544262,43.159827]]]}},{"type":"Feature","properties":{"q":"SWSW","ac":40.0},"geometry":{"type":"Polygon","coordinates":[[[-106.544134,43.152559],[-106.544198,43.156193],[-106.539263,43.156176],[-106.539199,43.152543],[-106.544134,43.152559]]]}},{"type":"Feature","properties":{"q":"NENE","ac":40.2},"geometry":{"type":"Polygon","coordinates":[[[-106.564067,43.1634],[-106.569001,43.16338],[-106.569055,43.167024],[-106.564112,43.167048],[-106.564067,43.1634]]]}},{"type":"Feature","properties":{"q":"SWNW","ac":39.4},"geometry":{"type":"Polygon","coordinates":[[[-106.58357,43.145281],[-106.583565,43.148855],[-106.578644,43.148852],[-106.578635,43.145268],[-106.58357,43.145281]]]}},{"type":"Feature","properties":{"q":"3","ac":39.9},"geometry":{"type":"Polygon","coordinates":[[[-106.618456,43.156218],[-106.623412,43.156228],[-106.623412,43.159837],[-106.618465,43.15983],[-106.618456,43.156218]]]}},{"type":"Feature","properties":{"q":"NWSW","ac":40.2},"geometry":{"type":"Polygon","coordinates":[[[-106.538947,43.127111],[-106.543902,43.12712],[-106.543911,43.130754],[-106.538959,43.130745],[-106.538947,43.127111]]]}},{"type":"Feature","properties":{"q":"NENE","ac":40.1},"geometry":{"type":"Polygon","coordinates":[[[-106.568708,43.134422],[-106.568696,43.138037],[-106.563734,43.138006],[-106.563745,43.134393],[-106.568708,43.134422]]]}},{"type":"Feature","properties":{"q":"SWNW","ac":40.0},"geometry":{"type":"Polygon","coordinates":[[[-106.558882,43.145245],[-106.563833,43.14523],[-106.563882,43.148842],[-106.558932,43.148863],[-106.558882,43.145245]]]}},{"type":"Feature","properties":{"q":"NENE","ac":40.0},"geometry":{"type":"Polygon","coordinates":[[[-106.544439,43.177995],[-106.549369,43.177995],[-106.549385,43.181632],[-106.544456,43.181629],[-106.544439,43.177995]]]}},{"type":"Feature","properties":{"q":"SENE","ac":39.9},"geometry":{"type":"Polygon","coordinates":[[[-106.58357,43.145281],[-106.588555,43.145295],[-106.588552,43.14888],[-106.583565,43.148855],[-106.58357,43.145281]]]}},{"type":"Feature","properties":{"q":"NWSW","ac":39.9},"geometry":{"type":"Polygon","coordinates":[[[-106.598722,43.174261],[-106.598721,43.17064],[-106.603665,43.170659],[-106.603666,43.174276],[-106.598722,43.174261]]]}},{"type":"Feature","properties":{"q":"SWSW","ac":40.2},"geometry":{"type":"Polygon","coordinates":[[[-106.582115,43.123622],[-106.58366,43.123627],[-106.583639,43.127253],[-106.578671,43.127233],[-106.578689,43.123611],[-106.582115,43.123622]]]}},{"type":"Feature","properties":{"q":"NESW","ac":40.2},"geometry":{"type":"Polygon","coordinates":[[[-106.598545,43.13087],[-106.59357,43.130873],[-106.593582,43.127253],[-106.598553,43.127251],[-106.598545,43.13087]]]}},{"type":"Feature","properties":{"q":"SWNE","ac":40.0},"geometry":{"type":"Polygon","coordinates":[[[-106.588835,43.174229],[-106.593778,43.174245],[-106.59378,43.177869],[-106.588837,43.177856],[-106.588835,43.174229]]]}},{"type":"Feature","properties":{"q":"NESW","ac":40.1},"geometry":{"type":"Polygon","coordinates":[[[-106.593544,43.141712],[-106.598528,43.141715],[-106.598527,43.145322],[-106.593541,43.145309],[-106.593544,43.141712]]]}},{"type":"Feature","properties":{"q":"NESE","ac":40.2},"geometry":{"type":"Polygon","coordinates":[[[-106.564142,43.174346],[-106.564127,43.170697],[-106.569067,43.170668],[-106.569079,43.174313],[-106.564142,43.174346]]]}},{"type":"Feature","properties":{"q":"1","ac":40.2},"geometry":{"type":"Polygon","coordinates":[[[-106.618456,43.148983],[-106.623414,43.148993],[-106.623413,43.152618],[-106.618447,43.152606],[-106.618456,43.148983]]]}},{"type":"Feature","properties":{"q":"NESW","ac":40.1},"geometry":{"type":"Polygon","coordinates":[[[-106.574007,43.17064],[-106.578948,43.170611],[-106.578954,43.174246],[-106.574016,43.174279],[-106.574007,43.17064]]]}},{"type":"Feature","properties":{"q":"SWNE","ac":40.2},"geometry":{"type":"Polygon","coordinates":[[[-106.529051,43.130725],[-106.534008,43.130735],[-106.534022,43.134367],[-106.529071,43.134356],[-106.529051,43.130725]]]}},{"type":"Feature","properties":{"q":"NESW","ac":40.2},"geometry":{"type":"Polygon","coordinates":[[[-106.618454,43.130868],[-106.613477,43.130868],[-106.61347,43.127251],[-106.618447,43.127247],[-106.618454,43.130868]]]}},{"type":"Feature","properties":{"q":"NWSW","ac":40.2},"geometry":{"type":"Polygon","coordinates":[[[-106.559032,43.156125],[-106.563976,43.156103],[-106.564021,43.159751],[-106.559082,43.15977],[-106.559032,43.156125]]]}},{"type":"Feature","properties":{"q":"SESW","ac":40.2},"geometry":{"type":"Polygon","coordinates":[[[-106.613462,43.123635],[-106.617063,43.123628],[-106.618439,43.123626],[-106.618447,43.127247],[-106.61347,43.127251],[-106.613462,43.123635]]]}},{"type":"Feature","properties":{"q":"SWSE","ac":40.3},"geometry":{"type":"Polygon","coordinates":[[[-106.529032,43.127094],[-106.529012,43.123463],[-106.532792,43.12347],[-106.533978,43.123471],[-106.533993,43.127103],[-106.529032,43.127094]]]}},{"type":"Feature","properties":{"q":"SESW","ac":39.7},"geometry":{"type":"Polygon","coordinates":[[[-106.573657,43.138069],[-106.578618,43.1381],[-106.578627,43.141684],[-106.573679,43.141662],[-106.573657,43.138069]]]}},{"type":"Feature","properties":{"q":"NWNE","ac":40.3},"geometry":{"type":"Polygon","coordinates":[[[-106.608501,43.134486],[-106.613485,43.134488],[-106.613492,43.138109],[-106.608503,43.138105],[-106.608501,43.134486]]]}},{"type":"Feature","properties":{"q":"NESE","ac":40.3},"geometry":{"type":"Polygon","coordinates":[[[-106.583639,43.127253],[-106.588611,43.127253],[-106.588594,43.130876],[-106.583619,43.13088],[-106.583639,43.127253]]]}},{"type":"Feature","properties":{"q":"SESW","ac":40.3},"geometry":{"type":"Polygon","coordinates":[[[-106.593536,43.1525],[-106.598524,43.152535],[-106.598573,43.156156],[-106.593596,43.156124],[-106.593536,43.1525]]]}},{"type":"Feature","properties":{"q":"SWSE","ac":40.1},"geometry":{"type":"Polygon","coordinates":[[[-106.548881,43.138018],[-106.553832,43.138014],[-106.553882,43.141637],[-106.548931,43.141647],[-106.548881,43.138018]]]}},{"type":"Feature","properties":{"q":"NENE","ac":39.9},"geometry":{"type":"Polygon","coordinates":[[[-106.583561,43.152429],[-106.583565,43.148855],[-106.588552,43.14888],[-106.588548,43.152465],[-106.583561,43.152429]]]}},{"type":"Feature","properties":{"q":"SENE","ac":40.1},"geometry":{"type":"Polygon","coordinates":[[[-106.544262,43.159827],[-106.549202,43.159808],[-106.549262,43.163445],[-106.544327,43.16346],[-106.544262,43.159827]]]}},{"type":"Feature","properties":{"q":"NENW","ac":40.1},"geometry":{"type":"Polygon","coordinates":[[[-106.538971,43.134378],[-106.538983,43.138011],[-106.534037,43.137999],[-106.534022,43.134367],[-106.538971,43.134378]]]}},{"type":"Feature","properties":{"q":"NESE","ac":40.1},"geometry":{"type":"Polygon","coordinates":[[[-106.563976,43.156103],[-106.568892,43.156092],[-106.568947,43.159736],[-106.564021,43.159751],[-106.563976,43.156103]]]}},{"type":"Feature","properties":{"q":"NESW","ac":40.0},"geometry":{"type":"Polygon","coordinates":[[[-106.613488,43.156208],[-106.618456,43.156218],[-106.618465,43.15983],[-106.613506,43.159822],[-106.613488,43.156208]]]}},{"type":"Feature","properties":{"q":"NWNW","ac":40.3},"geometry":{"type":"Polygon","coordinates":[[[-106.603517,43.134483],[-106.603513,43.138101],[-106.59853,43.138108],[-106.598537,43.134489],[-106.603517,43.134483]]]}},{"type":"Feature","properties":{"q":"S2SENE","ac":20.1},"geometry":{"type":"Polygon","coordinates":[[[-106.544031,43.145291],[-106.548981,43.145276],[-106.549007,43.14709],[-106.544057,43.147108],[-106.544031,43.145291]]]}},{"type":"Feature","properties":{"q":"SESE","ac":39.9},"geometry":{"type":"Polygon","coordinates":[[[-106.588562,43.138124],[-106.588559,43.141709],[-106.583574,43.141706],[-106.583579,43.138132],[-106.588562,43.138124]]]}},{"type":"Feature","properties":{"q":"NWSW","ac":40.1},"geometry":{"type":"Polygon","coordinates":[[[-106.5588,43.127157],[-106.563766,43.127169],[-106.563755,43.130781],[-106.558794,43.130775],[-106.5588,43.127157]]]}},{"type":"Feature","properties":{"q":"N2SENE","ac":20.1},"geometry":{"type":"Polygon","coordinates":[[[-106.544057,43.147108],[-106.549007,43.14709],[-106.549032,43.148905],[-106.544082,43.148925],[-106.544057,43.147108]]]}},{"type":"Feature","properties":{"q":"SWNE","ac":40.3},"geometry":{"type":"Polygon","coordinates":[[[-106.608499,43.130867],[-106.613477,43.130868],[-106.613485,43.134488],[-106.608501,43.134486],[-106.608499,43.130867]]]}},{"type":"Feature","properties":{"q":"4","ac":40.0},"geometry":{"type":"Polygon","coordinates":[[[-106.623413,43.152618],[-106.623412,43.156228],[-106.618456,43.156218],[-106.618447,43.152606],[-106.623413,43.152618]]]}},{"type":"Feature","properties":{"q":"NWNE","ac":40.1},"geometry":{"type":"Polygon","coordinates":[[[-106.568708,43.134422],[-106.573672,43.13445],[-106.573657,43.138069],[-106.568696,43.138037],[-106.568708,43.134422]]]}},{"type":"Feature","properties":{"q":"4","ac":40.0},"geometry":{"type":"Polygon","coordinates":[[[-106.623418,43.141744],[-106.618472,43.141737],[-106.618481,43.138114],[-106.62342,43.138119],[-106.623418,43.141744]]]}},{"type":"Feature","properties":{"q":"SENE","ac":40.2},"geometry":{"type":"Polygon","coordinates":[[[-106.588759,43.163347],[-106.583804,43.163321],[-106.583723,43.15969],[-106.588689,43.159719],[-106.588759,43.163347]]]}},{"type":"Feature","properties":{"q":"W2SWSE","ac":20.0},"geometry":{"type":"Polygon","coordinates":[[[-106.532052,43.167044],[-106.53452,43.167054],[-106.534533,43.170686],[-106.532064,43.170676],[-106.532052,43.167044]]]}},{"type":"Feature","properties":{"q":"NWNE","ac":40.3},"geometry":{"type":"Polygon","coordinates":[[[-106.608494,43.148963],[-106.613476,43.148973],[-106.61347,43.152593],[-106.608491,43.152582],[-106.608494,43.148963]]]}},{"type":"Feature","properties":{"q":"NWNE","ac":40.1},"geometry":{"type":"Polygon","coordinates":[[[-106.534022,43.134367],[-106.534037,43.137999],[-106.529091,43.137987],[-106.529071,43.134356],[-106.534022,43.134367]]]}},{"type":"Feature","properties":{"q":"SWSW","ac":40.2},"geometry":{"type":"Polygon","coordinates":[[[-106.519433,43.152475],[-106.524393,43.152495],[-106.524457,43.156125],[-106.519495,43.156104],[-106.519433,43.152475]]]}},{"type":"Feature","properties":{"q":"SWNW","ac":40.2},"geometry":{"type":"Polygon","coordinates":[[[-106.519162,43.13433],[-106.519133,43.130701],[-106.524095,43.130715],[-106.52412,43.134345],[-106.519162,43.13433]]]}},{"type":"Feature","properties":{"q":"SWSE","ac":40.1},"geometry":{"type":"Polygon","coordinates":[[[-106.573718,43.123594],[-106.573703,43.127213],[-106.568734,43.127191],[-106.568747,43.123576],[-106.572102,43.123589],[-106.573718,43.123594]]]}},{"type":"Feature","properties":{"q":"NESE","ac":40.0},"geometry":{"type":"Polygon","coordinates":[[[-106.549337,43.17072],[-106.549353,43.174358],[-106.544423,43.174362],[-106.544407,43.170728],[-106.549337,43.17072]]]}},{"type":"Feature","properties":{"q":"NENW","ac":40.1},"geometry":{"type":"Polygon","coordinates":[[[-106.553833,43.134391],[-106.558789,43.134392],[-106.558783,43.13801],[-106.553832,43.138014],[-106.553833,43.134391]]]}},{"type":"Feature","properties":{"q":"SWSW","ac":40.1},"geometry":{"type":"Polygon","coordinates":[[[-106.558805,43.123539],[-106.562237,43.123552],[-106.563776,43.123557],[-106.563766,43.127169],[-106.5588,43.127157],[-106.558805,43.123539]]]}},{"type":"Feature","properties":{"q":"NWNE","ac":40.3},"geometry":{"type":"Polygon","coordinates":[[[-106.593558,43.134495],[-106.593546,43.138116],[-106.588562,43.138124],[-106.588578,43.1345],[-106.593558,43.134495]]]}},{"type":"Feature","properties":{"q":"SWNE","ac":40.1},"geometry":{"type":"Polygon","coordinates":[[[-106.568721,43.130806],[-106.573687,43.130831],[-106.573672,43.13445],[-106.568708,43.134422],[-106.568721,43.130806]]]}},{"type":"Feature","properties":{"q":"W2NESW","ac":20.0},"geometry":{"type":"Polygon","coordinates":[[[-106.537001,43.170697],[-106.53947,43.170707],[-106.539484,43.17434],[-106.537015,43.174329],[-106.537001,43.170697]]]}},{"type":"Feature","properties":{"q":"SWSW","ac":40.2},"geometry":{"type":"Polygon","coordinates":[[[-106.519191,43.137959],[-106.524145,43.137975],[-106.524207,43.141605],[-106.519252,43.141588],[-106.519191,43.137959]]]}},{"type":"Feature","properties":{"q":"SENE","ac":40.1},"geometry":{"type":"Polygon","coordinates":[[[-106.568947,43.159736],[-106.569001,43.16338],[-106.564067,43.1634],[-106.564021,43.159751],[-106.568947,43.159736]]]}},{"type":"Feature","properties":{"q":"NWNW","ac":40.1},"geometry":{"type":"Polygon","coordinates":[[[-106.539499,43.177973],[-106.544439,43.177995],[-106.544456,43.181629],[-106.539513,43.181605],[-106.539499,43.177973]]]}},{"type":"Feature","properties":{"q":"N2SWSE","ac":20.1},"geometry":{"type":"Polygon","coordinates":[[[-106.549113,43.154352],[-106.55406,43.154327],[-106.554087,43.156148],[-106.549143,43.156171],[-106.549113,43.154352]]]}},{"type":"Feature","properties":{"q":"1","ac":39.8},"geometry":{"type":"Polygon","coordinates":[[[-106.618473,43.163441],[-106.623411,43.163447],[-106.623411,43.167056],[-106.618482,43.167052],[-106.618473,43.163441]]]}},{"type":"Feature","properties":{"q":"SWNE","ac":40.0},"geometry":{"type":"Polygon","coordinates":[[[-106.549369,43.177995],[-106.549353,43.174358],[-106.554282,43.174354],[-106.554298,43.177995],[-106.549369,43.177995]]]}},{"type":"Feature","properties":{"q":"NESE","ac":40.3},"geometry":{"type":"Polygon","coordinates":[[[-106.543902,43.12712],[-106.548868,43.127132],[-106.548872,43.130761],[-106.543911,43.130754],[-106.543902,43.12712]]]}},{"type":"Feature","properties":{"q":"SWNE","ac":39.6},"geometry":{"type":"Polygon","coordinates":[[[-106.568767,43.145243],[-106.573701,43.145256],[-106.573723,43.148849],[-106.568802,43.148845],[-106.568767,43.145243]]]}},{"type":"Feature","properties":{"q":"SENW","ac":40.1},"geometry":{"type":"Polygon","coordinates":[[[-106.593541,43.145309],[-106.598527,43.145322],[-106.598525,43.148929],[-106.593539,43.148904],[-106.593541,43.145309]]]}},{"type":"Feature","properties":{"q":"NWSW","ac":40.1},"geometry":{"type":"Polygon","coordinates":[[[-106.544031,43.145291],[-106.539091,43.145277],[-106.539037,43.141644],[-106.54398,43.141657],[-106.544031,43.145291]]]}},{"type":"Feature","properties":{"q":"NENE","ac":40.1},"geometry":{"type":"Polygon","coordinates":[[[-106.58883,43.166974],[-106.583885,43.166951],[-106.583804,43.163321],[-106.588759,43.163347],[-106.58883,43.166974]]]}},{"type":"Feature","properties":{"q":"SESW","ac":40.1},"geometry":{"type":"Polygon","coordinates":[[[-106.618456,43.156218],[-106.613488,43.156208],[-106.61347,43.152593],[-106.618447,43.152606],[-106.618456,43.156218]]]}},{"type":"Feature","properties":{"q":"NWSE","ac":39.7},"geometry":{"type":"Polygon","coordinates":[[[-106.573679,43.141662],[-106.573701,43.145256],[-106.568767,43.145243],[-106.568731,43.14164],[-106.573679,43.141662]]]}},{"type":"Feature","properties":{"q":"NESE","ac":40.0},"geometry":{"type":"Polygon","coordinates":[[[-106.529596,43.170666],[-106.529607,43.174296],[-106.524668,43.174274],[-106.524658,43.170644],[-106.529596,43.170666]]]}},{"type":"Feature","properties":{"q":"NWNE","ac":40.1},"geometry":{"type":"Polygon","coordinates":[[[-106.548876,43.13439],[-106.553833,43.134391],[-106.553832,43.138014],[-106.548881,43.138018],[-106.548876,43.13439]]]}},{"type":"Feature","properties":{"q":"NENW","ac":40.3},"geometry":{"type":"Polygon","coordinates":[[[-106.613485,43.134488],[-106.618467,43.134491],[-106.618481,43.138114],[-106.613492,43.138109],[-106.613485,43.134488]]]}},{"type":"Feature","properties":{"q":"NENW","ac":40.2},"geometry":{"type":"Polygon","coordinates":[[[-106.519191,43.137959],[-106.514237,43.137943],[-106.514204,43.134315],[-106.519162,43.13433],[-106.519191,43.137959]]]}},{"type":"Feature","properties":{"q":"SWSW","ac":40.1},"geometry":{"type":"Polygon","coordinates":[[[-106.54398,43.141657],[-106.539037,43.141644],[-106.538983,43.138011],[-106.543929,43.138023],[-106.54398,43.141657]]]}},{"type":"Feature","properties":{"q":"NWNW","ac":40.3},"geometry":{"type":"Polygon","coordinates":[[[-106.519618,43.163362],[-106.524585,43.163385],[-106.524649,43.167015],[-106.519679,43.166991],[-106.519618,43.163362]]]}},{"type":"Feature","properties":{"q":"NESE","ac":40.3},"geometry":{"type":"Polygon","coordinates":[[[-106.608497,43.145344],[-106.603513,43.145336],[-106.603513,43.141718],[-106.6085,43.141725],[-106.608497,43.145344]]]}},{"type":"Feature","properties":{"q":"NENW","ac":40.1},"geometry":{"type":"Polygon","coordinates":[[[-106.573935,43.16336],[-106.578869,43.163341],[-106.578942,43.166975],[-106.573998,43.167],[-106.573935,43.16336]]]}},{"type":"Feature","properties":{"q":"SESW","ac":40.0},"geometry":{"type":"Polygon","coordinates":[[[-106.558833,43.141628],[-106.553882,43.141637],[-106.553832,43.138014],[-106.558783,43.13801],[-106.558833,43.141628]]]}},{"type":"Feature","properties":{"q":"SESW","ac":40.2},"geometry":{"type":"Polygon","coordinates":[[[-106.577108,43.123606],[-106.578689,43.123611],[-106.578671,43.127233],[-106.573703,43.127213],[-106.573718,43.123594],[-106.577108,43.123606]]]}},{"type":"Feature","properties":{"q":"SENE","ac":40.3},"geometry":{"type":"Polygon","coordinates":[[[-106.608494,43.148963],[-106.603512,43.148953],[-106.603513,43.145336],[-106.608497,43.145344],[-106.608494,43.148963]]]}},{"type":"Feature","properties":{"q":"SESW","ac":40.1},"geometry":{"type":"Polygon","coordinates":[[[-106.554251,43.167071],[-106.559182,43.16706],[-106.559197,43.170705],[-106.554267,43.170713],[-106.554251,43.167071]]]}},{"type":"Feature","properties":{"q":"NENW","ac":40.1},"geometry":{"type":"Polygon","coordinates":[[[-106.559132,43.163415],[-106.559182,43.16706],[-106.554251,43.167071],[-106.554224,43.165251],[-106.554197,43.16343],[-106.559132,43.163415]]]}},{"type":"Feature","properties":{"q":"NESW","ac":40.2},"geometry":{"type":"Polygon","coordinates":[[[-106.514137,43.127061],[-106.519104,43.127073],[-106.519133,43.130701],[-106.514171,43.130687],[-106.514137,43.127061]]]}},{"type":"Feature","properties":{"q":"NWSE","ac":40.0},"geometry":{"type":"Polygon","coordinates":[[[-106.534533,43.170686],[-106.534545,43.174318],[-106.529607,43.174296],[-106.529596,43.170666],[-106.532064,43.170676],[-106.534533,43.170686]]]}},{"type":"Feature","properties":{"q":"NESW","ac":40.0},"geometry":{"type":"Polygon","coordinates":[[[-106.553932,43.145261],[-106.553882,43.141637],[-106.558833,43.141628],[-106.558882,43.145245],[-106.553932,43.145261]]]}},{"type":"Feature","properties":{"q":"2","ac":39.8},"geometry":{"type":"Polygon","coordinates":[[[-106.618465,43.15983],[-106.623412,43.159837],[-106.623411,43.163447],[-106.618473,43.163441],[-106.618465,43.15983]]]}},{"type":"Feature","properties":{"q":"SWNE","ac":40.0},"geometry":{"type":"Polygon","coordinates":[[[-106.534545,43.174318],[-106.534558,43.17795],[-106.529618,43.177927],[-106.529607,43.174296],[-106.534545,43.174318]]]}},{"type":"Feature","properties":{"q":"SENW","ac":40.1},"geometry":{"type":"Polygon","coordinates":[[[-106.553833,43.130768],[-106.558794,43.130775],[-106.558789,43.134392],[-106.553833,43.134391],[-106.553833,43.130768]]]}},{"type":"Feature","properties":{"q":"NWSE","ac":40.2},"geometry":{"type":"Polygon","coordinates":[[[-106.533993,43.127103],[-106.534008,43.130735],[-106.529051,43.130725],[-106.529032,43.127094],[-106.533993,43.127103]]]}},{"type":"Feature","properties":{"q":"NWSE","ac":40.0},"geometry":{"type":"Polygon","coordinates":[[[-106.568892,43.156092],[-106.573809,43.156081],[-106.573872,43.159721],[-106.568947,43.159736],[-106.568892,43.156092]]]}},{"type":"Feature","properties":{"q":"SWNE","ac":40.2},"geometry":{"type":"Polygon","coordinates":[[[-106.588689,43.159719],[-106.593656,43.159749],[-106.593715,43.163372],[-106.588759,43.163347],[-106.588689,43.159719]]]}},{"type":"Feature","properties":{"q":"NENW","ac":40.3},"geometry":{"type":"Polygon","coordinates":[[[-106.593558,43.134495],[-106.598537,43.134489],[-106.59853,43.138108],[-106.593546,43.138116],[-106.593558,43.134495]]]}},{"type":"Feature","properties":{"q":"SESE","ac":40.4},"geometry":{"type":"Polygon","coordinates":[[[-106.588548,43.152465],[-106.588619,43.156092],[-106.583642,43.15606],[-106.583561,43.152429],[-106.588548,43.152465]]]}},{"type":"Feature","properties":{"q":"NENW","ac":40.1},"geometry":{"type":"Polygon","coordinates":[[[-106.573672,43.13445],[-106.578635,43.134478],[-106.578618,43.1381],[-106.573657,43.138069],[-106.573672,43.13445]]]}},{"type":"Feature","properties":{"q":"SESW","ac":39.8},"geometry":{"type":"Polygon","coordinates":[[[-106.61354,43.170662],[-106.613543,43.167047],[-106.618482,43.167052],[-106.618477,43.170663],[-106.61354,43.170662]]]}},{"type":"Feature","properties":{"q":"SWSW","ac":40.0},"geometry":{"type":"Polygon","coordinates":[[[-106.603665,43.167041],[-106.603665,43.170659],[-106.598721,43.17064],[-106.59872,43.167019],[-106.603665,43.167041]]]}},{"type":"Feature","properties":{"q":"NENE","ac":40.0},"geometry":{"type":"Polygon","coordinates":[[[-106.544391,43.167094],[-106.544327,43.16346],[-106.549262,43.163445],[-106.549291,43.165264],[-106.549321,43.167083],[-106.544391,43.167094]]]}},{"type":"Feature","properties":{"q":"SESW","ac":40.1},"geometry":{"type":"Polygon","coordinates":[[[-106.59853,43.138108],[-106.598528,43.141715],[-106.593544,43.141712],[-106.593546,43.138116],[-106.59853,43.138108]]]}},{"type":"Feature","properties":{"q":"NESW","ac":40.1},"geometry":{"type":"Polygon","coordinates":[[[-106.554267,43.170713],[-106.559197,43.170705],[-106.559212,43.17435],[-106.554282,43.174354],[-106.554267,43.170713]]]}},{"type":"Feature","properties":{"q":"E2NWNE","ac":20.0},"geometry":{"type":"Polygon","coordinates":[[[-106.551558,43.15252],[-106.549083,43.152533],[-106.549032,43.148905],[-106.551507,43.148894],[-106.551558,43.15252]]]}},{"type":"Feature","properties":{"q":"SESE","ac":40.2},"geometry":{"type":"Polygon","coordinates":[[[-106.588611,43.127253],[-106.583639,43.127253],[-106.58366,43.123627],[-106.587122,43.123629],[-106.588627,43.12363],[-106.588611,43.127253]]]}},{"type":"Feature","properties":{"q":"SWSW","ac":40.2},"geometry":{"type":"Polygon","coordinates":[[[-106.598561,43.123632],[-106.602072,43.123631],[-106.603528,43.123631],[-106.603524,43.127249],[-106.598553,43.127251],[-106.598561,43.123632]]]}},{"type":"Feature","properties":{"q":"NENW","ac":40.0},"geometry":{"type":"Polygon","coordinates":[[[-106.558932,43.148863],[-106.558981,43.15248],[-106.554032,43.152507],[-106.553982,43.148884],[-106.558932,43.148863]]]}},{"type":"Feature","properties":{"q":"SENW","ac":40.0},"geometry":{"type":"Polygon","coordinates":[[[-106.573872,43.159721],[-106.578797,43.159706],[-106.578869,43.163341],[-106.573935,43.16336],[-106.573872,43.159721]]]}},{"type":"Feature","properties":{"q":"NWNW","ac":40.0},"geometry":{"type":"Polygon","coordinates":[[[-106.558932,43.148863],[-106.563882,43.148842],[-106.563931,43.152454],[-106.558981,43.15248],[-106.558932,43.148863]]]}},{"type":"Feature","properties":{"q":"SWNW","ac":40.0},"geometry":{"type":"Polygon","coordinates":[[[-106.524668,43.174274],[-106.524677,43.177904],[-106.519739,43.177877],[-106.519719,43.174249],[-106.524668,43.174274]]]}},{"type":"Feature","properties":{"q":"4","ac":40.2},"geometry":{"type":"Polygon","coordinates":[[[-106.618439,43.123626],[-106.621983,43.12362],[-106.623416,43.123618],[-106.623411,43.127243],[-106.618447,43.127247],[-106.618439,43.123626]]]}},{"type":"Feature","properties":{"q":"NWSW","ac":40.2},"geometry":{"type":"Polygon","coordinates":[[[-106.598573,43.156156],[-106.60355,43.156188],[-106.603588,43.159806],[-106.598622,43.159777],[-106.598573,43.156156]]]}},{"type":"Feature","properties":{"q":"NENE","ac":40.1},"geometry":{"type":"Polygon","coordinates":[[[-106.52412,43.134345],[-106.529071,43.134356],[-106.529091,43.137987],[-106.524145,43.137975],[-106.52412,43.134345]]]}},{"type":"Feature","properties":{"q":"SWNW","ac":40.2},"geometry":{"type":"Polygon","coordinates":[[[-106.538959,43.130745],[-106.543911,43.130754],[-106.54392,43.134388],[-106.538971,43.134378],[-106.538959,43.130745]]]}},{"type":"Feature","properties":{"q":"NWNW","ac":40.0},"geometry":{"type":"Polygon","coordinates":[[[-106.539391,43.163442],[-106.544327,43.16346],[-106.544391,43.167094],[-106.539455,43.167074],[-106.539391,43.163442]]]}},{"type":"Feature","properties":{"q":"SESW","ac":40.2},"geometry":{"type":"Polygon","coordinates":[[[-106.514473,43.152456],[-106.519433,43.152475],[-106.519495,43.156104],[-106.514532,43.156084],[-106.514473,43.152456]]]}},{"type":"Feature","properties":{"q":"SESE","ac":40.2},"geometry":{"type":"Polygon","coordinates":[[[-106.508241,43.123418],[-106.509147,43.12342],[-106.509174,43.127046],[-106.504211,43.127031],[-106.504189,43.123403],[-106.508241,43.123418]]]}},{"type":"Feature","properties":{"q":"NWNE","ac":40.2},"geometry":{"type":"Polygon","coordinates":[[[-106.514473,43.152456],[-106.509513,43.152436],[-106.509455,43.148809],[-106.514414,43.148828],[-106.514473,43.152456]]]}},{"type":"Feature","properties":{"q":"SWNE","ac":40.2},"geometry":{"type":"Polygon","coordinates":[[[-106.514204,43.134315],[-106.509242,43.1343],[-106.509201,43.130672],[-106.514171,43.130687],[-106.514204,43.134315]]]}},{"type":"Feature","properties":{"q":"NENW","ac":40.2},"geometry":{"type":"Polygon","coordinates":[[[-106.514414,43.148828],[-106.519373,43.148846],[-106.519433,43.152475],[-106.514473,43.152456],[-106.514414,43.148828]]]}},{"type":"Feature","properties":{"q":"SWNW","ac":40.0},"geometry":{"type":"Polygon","coordinates":[[[-106.578948,43.188786],[-106.583884,43.188735],[-106.583878,43.192365],[-106.57894,43.192421],[-106.578948,43.188786]]]}},{"type":"Feature","properties":{"q":"NWSE","ac":40.1},"geometry":{"type":"Polygon","coordinates":[[[-106.56909,43.185245],[-106.574023,43.185198],[-106.574013,43.188838],[-106.569077,43.188889],[-106.56909,43.185245]]]}},{"type":"Feature","properties":{"q":"7","ac":39.5},"geometry":{"type":"Polygon","coordinates":[[[-106.623374,43.199569],[-106.618493,43.199577],[-106.618454,43.195961],[-106.623373,43.195953],[-106.623374,43.199569]]]}},{"type":"Feature","properties":{"q":"NWNW","ac":39.9},"geometry":{"type":"Polygon","coordinates":[[[-106.603419,43.181512],[-106.598724,43.181502],[-106.598723,43.177882],[-106.603666,43.177894],[-106.603667,43.181512],[-106.603419,43.181512]]]}},{"type":"Feature","properties":{"q":"NWNW","ac":39.8},"geometry":{"type":"Polygon","coordinates":[[[-106.539524,43.192504],[-106.544441,43.19253],[-106.544436,43.196164],[-106.539528,43.196136],[-106.539524,43.192504]]]}},{"type":"Feature","properties":{"q":"NWSE","ac":39.7},"geometry":{"type":"Polygon","coordinates":[[[-106.569059,43.19977],[-106.574003,43.199722],[-106.574015,43.203328],[-106.569068,43.203363],[-106.569059,43.19977]]]}},{"type":"Feature","properties":{"q":"NESW","ac":39.9},"geometry":{"type":"Polygon","coordinates":[[[-106.618493,43.199577],[-106.618532,43.203194],[-106.613588,43.203202],[-106.613554,43.199586],[-106.618493,43.199577]]]}},{"type":"Feature","properties":{"q":"SESE","ac":40.0},"geometry":{"type":"Polygon","coordinates":[[[-106.583897,43.181473],[-106.58884,43.181483],[-106.588834,43.185111],[-106.583891,43.185104],[-106.583897,43.181473]]]}},{"type":"Feature","properties":{"q":"1","ac":39.1},"geometry":{"type":"Polygon","coordinates":[[[-106.52972,43.210573],[-106.524852,43.210542],[-106.524839,43.206943],[-106.529718,43.206972],[-106.52972,43.210573]]]}},{"type":"Feature","properties":{"q":"2","ac":40.3},"geometry":{"type":"Polygon","coordinates":[[[-106.593826,43.206862],[-106.593849,43.210512],[-106.588897,43.210529],[-106.588876,43.206874],[-106.593826,43.206862]]]}},{"type":"Feature","properties":{"q":"NESE","ac":39.8},"geometry":{"type":"Polygon","coordinates":[[[-106.603662,43.18513],[-106.608595,43.185124],[-106.608591,43.188742],[-106.603657,43.188748],[-106.603662,43.18513]]]}},{"type":"Feature","properties":{"q":"2","ac":39.2},"geometry":{"type":"Polygon","coordinates":[[[-106.529718,43.206972],[-106.534596,43.207002],[-106.534588,43.210604],[-106.52972,43.210573],[-106.529718,43.206972]]]}},{"type":"Feature","properties":{"q":"NWNE","ac":40.0},"geometry":{"type":"Polygon","coordinates":[[[-106.588821,43.192366],[-106.593765,43.192366],[-106.593759,43.19599],[-106.588815,43.195993],[-106.588821,43.192366]]]}},{"type":"Feature","properties":{"q":"SENE","ac":40.0},"geometry":{"type":"Polygon","coordinates":[[[-106.524521,43.159755],[-106.529456,43.159773],[-106.52952,43.163404],[-106.524585,43.163385],[-106.524521,43.159755]]]}},{"type":"Feature","properties":{"q":"SWNE","ac":40.1},"geometry":{"type":"Polygon","coordinates":[[[-106.549202,43.159808],[-106.554142,43.159789],[-106.554197,43.16343],[-106.549262,43.163445],[-106.549202,43.159808]]]}},{"type":"Feature","properties":{"q":"SENW","ac":40.1},"geometry":{"type":"Polygon","coordinates":[[[-106.534207,43.148895],[-106.53415,43.145263],[-106.539091,43.145277],[-106.539145,43.14891],[-106.534207,43.148895]]]}},{"type":"Feature","properties":{"q":"SENE","ac":39.8},"geometry":{"type":"Polygon","coordinates":[[[-106.603666,43.177894],[-106.603666,43.174276],[-106.608602,43.174276],[-106.6086,43.177891],[-106.603666,43.177894]]]}},{"type":"Feature","properties":{"q":"SENW","ac":40.3},"geometry":{"type":"Polygon","coordinates":[[[-106.618456,43.148983],[-106.613476,43.148973],[-106.613481,43.145353],[-106.618464,43.145361],[-106.618456,43.148983]]]}},{"type":"Feature","properties":{"q":"NENW","ac":40.0},"geometry":{"type":"Polygon","coordinates":[[[-106.534207,43.148895],[-106.539145,43.14891],[-106.539199,43.152543],[-106.534264,43.152527],[-106.534207,43.148895]]]}},{"type":"Feature","properties":{"q":"SESE","ac":40.0},"geometry":{"type":"Polygon","coordinates":[[[-106.529329,43.152511],[-106.529392,43.156142],[-106.524457,43.156125],[-106.524393,43.152495],[-106.529329,43.152511]]]}},{"type":"Feature","properties":{"q":"SENW","ac":40.2},"geometry":{"type":"Polygon","coordinates":[[[-106.514171,43.130687],[-106.519133,43.130701],[-106.519162,43.13433],[-106.514204,43.134315],[-106.514171,43.130687]]]}},{"type":"Feature","properties":{"q":"S2NWNE","ac":20.0},"geometry":{"type":"Polygon","coordinates":[[[-106.554197,43.16343],[-106.554224,43.165251],[-106.549291,43.165264],[-106.549262,43.163445],[-106.554197,43.16343]]]}},{"type":"Feature","properties":{"q":"SWSE","ac":40.2},"geometry":{"type":"Polygon","coordinates":[[[-106.61347,43.152593],[-106.613488,43.156208],[-106.608519,43.156198],[-106.608491,43.152582],[-106.61347,43.152593]]]}},{"type":"Feature","properties":{"q":"NWSW","ac":40.1},"geometry":{"type":"Polygon","coordinates":[[[-106.564127,43.170697],[-106.564142,43.174346],[-106.559212,43.17435],[-106.559197,43.170705],[-106.564127,43.170697]]]}},{"type":"Feature","properties":{"q":"NWNW","ac":40.0},"geometry":{"type":"Polygon","coordinates":[[[-106.519739,43.177877],[-106.524677,43.177904],[-106.524686,43.181534],[-106.519759,43.181506],[-106.519739,43.177877]]]}},{"type":"Feature","properties":{"q":"SWSE","ac":40.3},"geometry":{"type":"Polygon","coordinates":[[[-106.613487,43.141731],[-106.6085,43.141725],[-106.608503,43.138105],[-106.613492,43.138109],[-106.613487,43.141731]]]}},{"type":"Feature","properties":{"q":"NWSW","ac":39.9},"geometry":{"type":"Polygon","coordinates":[[[-106.578725,43.156071],[-106.583642,43.15606],[-106.583723,43.15969],[-106.578797,43.159706],[-106.578725,43.156071]]]}},{"type":"Feature","properties":{"q":"SWSW","ac":40.2},"geometry":{"type":"Polygon","coordinates":[[[-106.519679,43.166991],[-106.524649,43.167015],[-106.524658,43.170644],[-106.519699,43.17062],[-106.519679,43.166991]]]}},{"type":"Feature","properties":{"q":"SENW","ac":40.1},"geometry":{"type":"Polygon","coordinates":[[[-106.554282,43.174354],[-106.559212,43.17435],[-106.559227,43.177995],[-106.554298,43.177995],[-106.554282,43.174354]]]}},{"type":"Feature","properties":{"q":"NWSE","ac":40.2},"geometry":{"type":"Polygon","coordinates":[[[-106.554087,43.156148],[-106.554142,43.159789],[-106.549202,43.159808],[-106.549143,43.156171],[-106.554087,43.156148]]]}},{"type":"Feature","properties":{"q":"NWNE","ac":40.0},"geometry":{"type":"Polygon","coordinates":[[[-106.52952,43.163404],[-106.534456,43.163423],[-106.53452,43.167054],[-106.532052,43.167044],[-106.529584,43.167034],[-106.52952,43.163404]]]}},{"type":"Feature","properties":{"q":"NWSE","ac":40.1},"geometry":{"type":"Polygon","coordinates":[[[-106.554267,43.170713],[-106.554282,43.174354],[-106.549353,43.174358],[-106.549337,43.17072],[-106.554267,43.170713]]]}},{"type":"Feature","properties":{"q":"NWNE","ac":40.0},"geometry":{"type":"Polygon","coordinates":[[[-106.549369,43.177995],[-106.554298,43.177995],[-106.554313,43.181636],[-106.549385,43.181632],[-106.549369,43.177995]]]}},{"type":"Feature","properties":{"q":"SENW","ac":40.2},"geometry":{"type":"Polygon","coordinates":[[[-106.578635,43.134478],[-106.573672,43.13445],[-106.573687,43.130831],[-106.578653,43.130855],[-106.578635,43.134478]]]}},{"type":"Feature","properties":{"q":"N2NWNE","ac":20.0},"geometry":{"type":"Polygon","coordinates":[[[-106.554251,43.167071],[-106.549321,43.167083],[-106.549291,43.165264],[-106.554224,43.165251],[-106.554251,43.167071]]]}},{"type":"Feature","properties":{"q":"NWNE","ac":40.0},"geometry":{"type":"Polygon","coordinates":[[[-106.588548,43.152465],[-106.588552,43.14888],[-106.593539,43.148904],[-106.593536,43.1525],[-106.588548,43.152465]]]}},{"type":"Feature","properties":{"q":"SWNE","ac":40.3},"geometry":{"type":"Polygon","coordinates":[[[-106.608497,43.145344],[-106.613481,43.145353],[-106.613476,43.148973],[-106.608494,43.148963],[-106.608497,43.145344]]]}},{"type":"Feature","properties":{"q":"NWSW","ac":40.2},"geometry":{"type":"Polygon","coordinates":[[[-106.603513,43.145336],[-106.598527,43.145322],[-106.598528,43.141715],[-106.603513,43.141718],[-106.603513,43.145336]]]}},{"type":"Feature","properties":{"q":"NWSE","ac":40.0},"geometry":{"type":"Polygon","coordinates":[[[-106.534392,43.159791],[-106.529456,43.159773],[-106.529392,43.156142],[-106.534328,43.156159],[-106.534392,43.159791]]]}},{"type":"Feature","properties":{"q":"SWSW","ac":40.1},"geometry":{"type":"Polygon","coordinates":[[[-106.578942,43.166975],[-106.583885,43.166951],[-106.583888,43.170582],[-106.578948,43.170611],[-106.578942,43.166975]]]}},{"type":"Feature","properties":{"q":"NWSW","ac":40.1},"geometry":{"type":"Polygon","coordinates":[[[-106.578948,43.170611],[-106.583888,43.170582],[-106.583891,43.174212],[-106.578954,43.174246],[-106.578948,43.170611]]]}},{"type":"Feature","properties":{"q":"NENW","ac":40.1},"geometry":{"type":"Polygon","coordinates":[[[-106.554298,43.177995],[-106.559227,43.177995],[-106.559242,43.18164],[-106.554313,43.181636],[-106.554298,43.177995]]]}},{"type":"Feature","properties":{"q":"NWSW","ac":40.1},"geometry":{"type":"Polygon","coordinates":[[[-106.519699,43.17062],[-106.524658,43.170644],[-106.524668,43.174274],[-106.519719,43.174249],[-106.519699,43.17062]]]}},{"type":"Feature","properties":{"q":"SWSE","ac":40.1},"geometry":{"type":"Polygon","coordinates":[[[-106.534037,43.137999],[-106.534094,43.141631],[-106.52915,43.141618],[-106.529091,43.137987],[-106.534037,43.137999]]]}},{"type":"Feature","properties":{"q":"NWSE","ac":40.2},"geometry":{"type":"Polygon","coordinates":[[[-106.588611,43.127253],[-106.593582,43.127253],[-106.59357,43.130873],[-106.588594,43.130876],[-106.588611,43.127253]]]}},{"type":"Feature","properties":{"q":"SWNW","ac":40.0},"geometry":{"type":"Polygon","coordinates":[[[-106.583723,43.15969],[-106.583804,43.163321],[-106.578869,43.163341],[-106.578797,43.159706],[-106.583723,43.15969]]]}},{"type":"Feature","properties":{"q":"NESW","ac":40.2},"geometry":{"type":"Polygon","coordinates":[[[-106.559082,43.15977],[-106.554142,43.159789],[-106.554087,43.156148],[-106.559032,43.156125],[-106.559082,43.15977]]]}},{"type":"Feature","properties":{"q":"NESE","ac":40.1},"geometry":{"type":"Polygon","coordinates":[[[-106.568734,43.127191],[-106.568721,43.130806],[-106.563755,43.130781],[-106.563766,43.127169],[-106.568734,43.127191]]]}},{"type":"Feature","properties":{"q":"NWSE","ac":40.3},"geometry":{"type":"Polygon","coordinates":[[[-106.6085,43.141725],[-106.613487,43.141731],[-106.613481,43.145353],[-106.608497,43.145344],[-106.6085,43.141725]]]}},{"type":"Feature","properties":{"q":"SWSE","ac":40.0},"geometry":{"type":"Polygon","coordinates":[[[-106.588562,43.138124],[-106.593546,43.138116],[-106.593544,43.141712],[-106.588559,43.141709],[-106.588562,43.138124]]]}},{"type":"Feature","properties":{"q":"NESE","ac":40.2},"geometry":{"type":"Polygon","coordinates":[[[-106.524071,43.127085],[-106.529032,43.127094],[-106.529051,43.130725],[-106.524095,43.130715],[-106.524071,43.127085]]]}},{"type":"Feature","properties":{"q":"NWSE","ac":40.2},"geometry":{"type":"Polygon","coordinates":[[[-106.588619,43.156092],[-106.593596,43.156124],[-106.593656,43.159749],[-106.588689,43.159719],[-106.588619,43.156092]]]}},{"type":"Feature","properties":{"q":"NESW","ac":40.1},"geometry":{"type":"Polygon","coordinates":[[[-106.558794,43.130775],[-106.553833,43.130768],[-106.553834,43.127145],[-106.5588,43.127157],[-106.558794,43.130775]]]}},{"type":"Feature","properties":{"q":"NWSW","ac":40.0},"geometry":{"type":"Polygon","coordinates":[[[-106.539484,43.17434],[-106.53947,43.170707],[-106.544407,43.170728],[-106.544423,43.174362],[-106.539484,43.17434]]]}},{"type":"Feature","properties":{"q":"NESE","ac":40.1},"geometry":{"type":"Polygon","coordinates":[[[-106.524269,43.145235],[-106.524207,43.141605],[-106.52915,43.141618],[-106.52921,43.145249],[-106.524269,43.145235]]]}},{"type":"Feature","properties":{"q":"SENW","ac":40.0},"geometry":{"type":"Polygon","coordinates":[[[-106.539499,43.177973],[-106.534558,43.17795],[-106.534545,43.174318],[-106.537015,43.174329],[-106.539484,43.17434],[-106.539499,43.177973]]]}},{"type":"Feature","properties":{"q":"SWSE","ac":40.2},"geometry":{"type":"Polygon","coordinates":[[[-106.569055,43.167024],[-106.573998,43.167],[-106.574007,43.17064],[-106.569067,43.170668],[-106.569055,43.167024]]]}},{"type":"Feature","properties":{"q":"SWNE","ac":40.1},"geometry":{"type":"Polygon","coordinates":[[[-106.568947,43.159736],[-106.573872,43.159721],[-106.573935,43.16336],[-106.569001,43.16338],[-106.568947,43.159736]]]}},{"type":"Feature","properties":{"q":"SENE","ac":40.0},"geometry":{"type":"Polygon","coordinates":[[[-106.524668,43.174274],[-106.529607,43.174296],[-106.529618,43.177927],[-106.524677,43.177904],[-106.524668,43.174274]]]}},{"type":"Feature","properties":{"q":"NESE","ac":40.2},"geometry":{"type":"Polygon","coordinates":[[[-106.608497,43.12725],[-106.608499,43.130867],[-106.603521,43.130866],[-106.603524,43.127249],[-106.608497,43.12725]]]}},{"type":"Feature","properties":{"q":"SENW","ac":40.0},"geometry":{"type":"Polygon","coordinates":[[[-106.534392,43.159791],[-106.539327,43.159809],[-106.539391,43.163442],[-106.534456,43.163423],[-106.534392,43.159791]]]}},{"type":"Feature","properties":{"q":"NESE","ac":40.1},"geometry":{"type":"Polygon","coordinates":[[[-106.60355,43.156188],[-106.608519,43.156198],[-106.608547,43.159814],[-106.603588,43.159806],[-106.60355,43.156188]]]}},{"type":"Feature","properties":{"q":"SESW","ac":40.1},"geometry":{"type":"Polygon","coordinates":[[[-106.573998,43.167],[-106.578942,43.166975],[-106.578948,43.170611],[-106.574007,43.17064],[-106.573998,43.167]]]}},{"type":"Feature","properties":{"q":"SESE","ac":40.2},"geometry":{"type":"Polygon","coordinates":[[[-106.608519,43.156198],[-106.60355,43.156188],[-106.603512,43.152571],[-106.608491,43.152582],[-106.608519,43.156198]]]}},{"type":"Feature","properties":{"q":"SWNW","ac":40.0},"geometry":{"type":"Polygon","coordinates":[[[-106.578954,43.174246],[-106.583891,43.174212],[-106.583894,43.177843],[-106.57896,43.177881],[-106.578954,43.174246]]]}},{"type":"Feature","properties":{"q":"NWNW","ac":40.1},"geometry":{"type":"Polygon","coordinates":[[[-106.578869,43.163341],[-106.583804,43.163321],[-106.583885,43.166951],[-106.578942,43.166975],[-106.578869,43.163341]]]}},{"type":"Feature","properties":{"q":"SESW","ac":39.9},"geometry":{"type":"Polygon","coordinates":[[[-106.573746,43.152442],[-106.578653,43.152436],[-106.578725,43.156071],[-106.573809,43.156081],[-106.573746,43.152442]]]}},{"type":"Feature","properties":{"q":"NESE","ac":40.3},"geometry":{"type":"Polygon","coordinates":[[[-106.583642,43.15606],[-106.588619,43.156092],[-106.588689,43.159719],[-106.583723,43.15969],[-106.583642,43.15606]]]}},{"type":"Feature","properties":{"q":"NESE","ac":40.0},"geometry":{"type":"Polygon","coordinates":[[[-106.524457,43.156125],[-106.529392,43.156142],[-106.529456,43.159773],[-106.524521,43.159755],[-106.524457,43.156125]]]}},{"type":"Feature","properties":{"q":"NESE","ac":39.9},"geometry":{"type":"Polygon","coordinates":[[[-106.608603,43.17066],[-106.608602,43.174276],[-106.603666,43.174276],[-106.603665,43.170659],[-106.608603,43.17066]]]}},{"type":"Feature","properties":{"q":"NWNE","ac":40.0},"geometry":{"type":"Polygon","coordinates":[[[-106.534571,43.181582],[-106.529629,43.181558],[-106.529618,43.177927],[-106.534558,43.17795],[-106.534571,43.181582]]]}},{"type":"Feature","properties":{"q":"NESE","ac":39.8},"geometry":{"type":"Polygon","coordinates":[[[-106.563783,43.141618],[-106.568731,43.14164],[-106.568767,43.145243],[-106.563833,43.14523],[-106.563783,43.141618]]]}},{"type":"Feature","properties":{"q":"3","ac":40.1},"geometry":{"type":"Polygon","coordinates":[[[-106.623418,43.141744],[-106.623416,43.145369],[-106.618464,43.145361],[-106.618472,43.141737],[-106.623418,43.141744]]]}},{"type":"Feature","properties":{"q":"NESE","ac":39.9},"geometry":{"type":"Polygon","coordinates":[[[-106.583574,43.141706],[-106.588559,43.141709],[-106.588555,43.145295],[-106.58357,43.145281],[-106.583574,43.141706]]]}},{"type":"Feature","properties":{"q":"3","ac":39.7},"geometry":{"type":"Polygon","coordinates":[[[-106.623401,43.174274],[-106.618473,43.174275],[-106.618477,43.170663],[-106.623406,43.170665],[-106.623401,43.174274]]]}},{"type":"Feature","properties":{"q":"SWNW","ac":40.2},"geometry":{"type":"Polygon","coordinates":[[[-106.559082,43.15977],[-106.564021,43.159751],[-106.564067,43.1634],[-106.559132,43.163415],[-106.559082,43.15977]]]}},{"type":"Feature","properties":{"q":"SWNE","ac":39.8},"geometry":{"type":"Polygon","coordinates":[[[-106.613537,43.174276],[-106.613534,43.177888],[-106.6086,43.177891],[-106.608602,43.174276],[-106.613537,43.174276]]]}},{"type":"Feature","properties":{"q":"SESW","ac":40.3},"geometry":{"type":"Polygon","coordinates":[[[-106.613487,43.141731],[-106.613492,43.138109],[-106.618481,43.138114],[-106.618472,43.141737],[-106.613487,43.141731]]]}},{"type":"Feature","properties":{"q":"SENW","ac":40.3},"geometry":{"type":"Polygon","coordinates":[[[-106.598545,43.13087],[-106.598537,43.134489],[-106.593558,43.134495],[-106.59357,43.130873],[-106.598545,43.13087]]]}},{"type":"Feature","properties":{"q":"SWNE","ac":40.1},"geometry":{"type":"Polygon","coordinates":[[[-106.574016,43.174279],[-106.574025,43.177919],[-106.569091,43.177957],[-106.569079,43.174313],[-106.574016,43.174279]]]}},{"type":"Feature","properties":{"q":"SENE","ac":40.2},"geometry":{"type":"Polygon","coordinates":[[[-106.569079,43.174313],[-106.569091,43.177957],[-106.564156,43.177994],[-106.564142,43.174346],[-106.569079,43.174313]]]}},{"type":"Feature","properties":{"q":"NESW","ac":40.2},"geometry":{"type":"Polygon","coordinates":[[[-106.593596,43.156124],[-106.598573,43.156156],[-106.598622,43.159777],[-106.593656,43.159749],[-106.593596,43.156124]]]}},{"type":"Feature","properties":{"q":"SESW","ac":40.0},"geometry":{"type":"Polygon","coordinates":[[[-106.539455,43.167074],[-106.53947,43.170707],[-106.537001,43.170697],[-106.534533,43.170686],[-106.53452,43.167054],[-106.539455,43.167074]]]}},{"type":"Feature","properties":{"q":"SENW","ac":40.3},"geometry":{"type":"Polygon","coordinates":[[[-106.613477,43.130868],[-106.618454,43.130868],[-106.618467,43.134491],[-106.613485,43.134488],[-106.613477,43.130868]]]}},{"type":"Feature","properties":{"q":"NENW","ac":39.4},"geometry":{"type":"Polygon","coordinates":[[[-106.573723,43.148849],[-106.578644,43.148852],[-106.578653,43.152436],[-106.573746,43.152442],[-106.573723,43.148849]]]}},{"type":"Feature","properties":{"q":"SWNE","ac":40.1},"geometry":{"type":"Polygon","coordinates":[[[-106.548981,43.145276],[-106.553932,43.145261],[-106.553982,43.148884],[-106.551507,43.148894],[-106.549032,43.148905],[-106.549007,43.14709],[-106.548981,43.145276]]]}},{"type":"Feature","properties":{"q":"NESE","ac":40.1},"geometry":{"type":"Polygon","coordinates":[[[-106.504385,43.141538],[-106.509341,43.141555],[-106.509398,43.145182],[-106.504441,43.145165],[-106.504385,43.141538]]]}},{"type":"Feature","properties":{"q":"NWSE","ac":40.2},"geometry":{"type":"Polygon","coordinates":[[[-106.509569,43.156063],[-106.514532,43.156084],[-106.514591,43.159712],[-106.509626,43.15969],[-106.509569,43.156063]]]}},{"type":"Feature","properties":{"q":"SESE","ac":40.2},"geometry":{"type":"Polygon","coordinates":[[[-106.509739,43.166944],[-106.509781,43.17057],[-106.504821,43.170546],[-106.50477,43.16692],[-106.509739,43.166944]]]}},{"type":"Feature","properties":{"q":"NWNE","ac":39.8},"geometry":{"type":"Polygon","coordinates":[[[-106.529691,43.192451],[-106.534608,43.192477],[-106.53462,43.196109],[-106.529712,43.196081],[-106.529691,43.192451]]]}},{"type":"Feature","properties":{"q":"4","ac":38.6},"geometry":{"type":"Polygon","coordinates":[[[-106.623374,43.210416],[-106.618609,43.210431],[-106.618571,43.20681],[-106.623374,43.206801],[-106.623374,43.210416]]]}},{"type":"Feature","properties":{"q":"NESE","ac":40.2},"geometry":{"type":"Polygon","coordinates":[[[-106.569077,43.188889],[-106.564141,43.18894],[-106.564156,43.185292],[-106.56909,43.185245],[-106.569077,43.188889]]]}},{"type":"Feature","properties":{"q":"5","ac":38.9},"geometry":{"type":"Polygon","coordinates":[[[-106.618532,43.203194],[-106.623375,43.203185],[-106.623374,43.206801],[-106.618571,43.20681],[-106.618532,43.203194]]]}},{"type":"Feature","properties":{"q":"SWSW","ac":39.4},"geometry":{"type":"Polygon","coordinates":[[[-106.559192,43.196219],[-106.56411,43.196238],[-106.564116,43.199817],[-106.559189,43.199813],[-106.559192,43.196219]]]}},{"type":"Feature","properties":{"q":"SWSW","ac":39.7},"geometry":{"type":"Polygon","coordinates":[[[-106.544436,43.196164],[-106.544379,43.199798],[-106.539496,43.19977],[-106.539528,43.196136],[-106.544436,43.196164]]]}},{"type":"Feature","properties":{"q":"NWNE","ac":39.8},"geometry":{"type":"Polygon","coordinates":[[[-106.608587,43.192359],[-106.613522,43.192352],[-106.613519,43.195969],[-106.608583,43.195976],[-106.608587,43.192359]]]}},{"type":"Feature","properties":{"q":"SWNE","ac":40.0},"geometry":{"type":"Polygon","coordinates":[[[-106.54937,43.188908],[-106.554293,43.188919],[-106.554283,43.19256],[-106.549362,43.192545],[-106.54937,43.188908]]]}},{"type":"Feature","properties":{"q":"NESE","ac":39.9},"geometry":{"type":"Polygon","coordinates":[[[-106.608613,43.199594],[-106.608643,43.203211],[-106.603699,43.203219],[-106.603673,43.199602],[-106.608613,43.199594]]]}},{"type":"Feature","properties":{"q":"NWNE","ac":40.1},"geometry":{"type":"Polygon","coordinates":[[[-106.569091,43.177957],[-106.574025,43.177919],[-106.574034,43.181558],[-106.569103,43.181601],[-106.569091,43.177957]]]}},{"type":"Feature","properties":{"q":"NWSW","ac":39.5},"geometry":{"type":"Polygon","coordinates":[[[-106.559189,43.199813],[-106.564116,43.199817],[-106.564121,43.203397],[-106.559186,43.203406],[-106.559189,43.199813]]]}},{"type":"Feature","properties":{"q":"3","ac":40.0},"geometry":{"type":"Polygon","coordinates":[[[-106.613623,43.206819],[-106.618571,43.20681],[-106.618609,43.210431],[-106.613657,43.210447],[-106.613623,43.206819]]]}},{"type":"Feature","properties":{"q":"SWNE","ac":40.0},"geometry":{"type":"Polygon","coordinates":[[[-106.588855,43.203248],[-106.593804,43.203239],[-106.593826,43.206862],[-106.588876,43.206874],[-106.588855,43.203248]]]}},{"type":"Feature","properties":{"q":"SWSE","ac":40.2},"geometry":{"type":"Polygon","coordinates":[[[-106.548864,43.123504],[-106.552369,43.123517],[-106.553835,43.123522],[-106.553834,43.127145],[-106.548868,43.127132],[-106.548864,43.123504]]]}},{"type":"Feature","properties":{"q":"SESE","ac":40.0},"geometry":{"type":"Polygon","coordinates":[[[-106.563931,43.152454],[-106.568838,43.152448],[-106.568892,43.156092],[-106.563976,43.156103],[-106.563931,43.152454]]]}},{"type":"Feature","properties":{"q":"NESE","ac":40.1},"geometry":{"type":"Polygon","coordinates":[[[-106.544198,43.156193],[-106.549143,43.156171],[-106.549202,43.159808],[-106.544262,43.159827],[-106.544198,43.156193]]]}},{"type":"Feature","properties":{"q":"SWSE","ac":40.3},"geometry":{"type":"Polygon","coordinates":[[[-106.588548,43.152465],[-106.593536,43.1525],[-106.593596,43.156124],[-106.588619,43.156092],[-106.588548,43.152465]]]}},{"type":"Feature","properties":{"q":"NWSE","ac":40.2},"geometry":{"type":"Polygon","coordinates":[[[-106.61347,43.127251],[-106.613477,43.130868],[-106.608499,43.130867],[-106.608497,43.12725],[-106.61347,43.127251]]]}},{"type":"Feature","properties":{"q":"SWNE","ac":40.0},"geometry":{"type":"Polygon","coordinates":[[[-106.529456,43.159773],[-106.534392,43.159791],[-106.534456,43.163423],[-106.52952,43.163404],[-106.529456,43.159773]]]}},{"type":"Feature","properties":{"q":"NWSE","ac":40.2},"geometry":{"type":"Polygon","coordinates":[[[-106.569067,43.170668],[-106.574007,43.17064],[-106.574016,43.174279],[-106.569079,43.174313],[-106.569067,43.170668]]]}},{"type":"Feature","properties":{"q":"SESE","ac":40.2},"geometry":{"type":"Polygon","coordinates":[[[-106.543929,43.138023],[-106.548881,43.138018],[-106.548931,43.141647],[-106.54398,43.141657],[-106.543929,43.138023]]]}},{"type":"Feature","properties":{"q":"NENW","ac":40.3},"geometry":{"type":"Polygon","coordinates":[[[-106.613476,43.148973],[-106.618456,43.148983],[-106.618447,43.152606],[-106.61347,43.152593],[-106.613476,43.148973]]]}},{"type":"Feature","properties":{"q":"SWNW","ac":40.0},"geometry":{"type":"Polygon","coordinates":[[[-106.558789,43.134392],[-106.558794,43.130775],[-106.563755,43.130781],[-106.563745,43.134393],[-106.558789,43.134392]]]}},{"type":"Feature","properties":{"q":"SENW","ac":40.1},"geometry":{"type":"Polygon","coordinates":[[[-106.578954,43.174246],[-106.57896,43.177881],[-106.574025,43.177919],[-106.574016,43.174279],[-106.578954,43.174246]]]}},{"type":"Feature","properties":{"q":"SESW","ac":40.0},"geometry":{"type":"Polygon","coordinates":[[[-106.593775,43.166996],[-106.59872,43.167019],[-106.598721,43.17064],[-106.593777,43.17062],[-106.593775,43.166996]]]}},{"type":"Feature","properties":{"q":"SESE","ac":40.0},"geometry":{"type":"Polygon","coordinates":[[[-106.524649,43.167015],[-106.529584,43.167034],[-106.529596,43.170666],[-106.524658,43.170644],[-106.524649,43.167015]]]}},{"type":"Feature","properties":{"q":"SENE","ac":40.0},"geometry":{"type":"Polygon","coordinates":[[[-106.603588,43.159806],[-106.608547,43.159814],[-106.608576,43.163429],[-106.603627,43.163423],[-106.603588,43.159806]]]}},{"type":"Feature","properties":{"q":"SESE","ac":40.3},"geometry":{"type":"Polygon","coordinates":[[[-106.608503,43.138105],[-106.6085,43.141725],[-106.603513,43.141718],[-106.603513,43.138101],[-106.608503,43.138105]]]}},{"type":"Feature","properties":{"q":"SENW","ac":39.9},"geometry":{"type":"Polygon","coordinates":[[[-106.618465,43.15983],[-106.618473,43.163441],[-106.613525,43.163435],[-106.613506,43.159822],[-106.618465,43.15983]]]}},{"type":"Feature","properties":{"q":"2","ac":39.7},"geometry":{"type":"Polygon","coordinates":[[[-106.618473,43.174275],[-106.623401,43.174274],[-106.623397,43.177883],[-106.618469,43.177886],[-106.618473,43.174275]]]}},{"type":"Feature","properties":{"q":"SENE","ac":40.2},"geometry":{"type":"Polygon","coordinates":[[[-106.548876,43.13439],[-106.54392,43.134388],[-106.543911,43.130754],[-106.548872,43.130761],[-106.548876,43.13439]]]}},{"type":"Feature","properties":{"q":"SWSE","ac":39.9},"geometry":{"type":"Polygon","coordinates":[[[-106.568838,43.152448],[-106.573746,43.152442],[-106.573809,43.156081],[-106.568892,43.156092],[-106.568838,43.152448]]]}},{"type":"Feature","properties":{"q":"SWSE","ac":40.1},"geometry":{"type":"Polygon","coordinates":[[[-106.549321,43.167083],[-106.554251,43.167071],[-106.554267,43.170713],[-106.549337,43.17072],[-106.549321,43.167083]]]}},{"type":"Feature","properties":{"q":"SWSW","ac":40.3},"geometry":{"type":"Polygon","coordinates":[[[-106.559032,43.156125],[-106.558981,43.15248],[-106.563931,43.152454],[-106.563976,43.156103],[-106.559032,43.156125]]]}},{"type":"Feature","properties":{"q":"E2NESW","ac":20.0},"geometry":{"type":"Polygon","coordinates":[[[-106.534533,43.170686],[-106.537001,43.170697],[-106.537015,43.174329],[-106.534545,43.174318],[-106.534533,43.170686]]]}},{"type":"Feature","properties":{"q":"NENE","ac":40.1},"geometry":{"type":"Polygon","coordinates":[[[-106.549032,43.148905],[-106.549083,43.152533],[-106.544134,43.152559],[-106.544082,43.148925],[-106.549032,43.148905]]]}},{"type":"Feature","properties":{"q":"SWNW","ac":40.0},"geometry":{"type":"Polygon","coordinates":[[[-106.539327,43.159809],[-106.544262,43.159827],[-106.544327,43.16346],[-106.539391,43.163442],[-106.539327,43.159809]]]}},{"type":"Feature","properties":{"q":"SENE","ac":40.3},"geometry":{"type":"Polygon","coordinates":[[[-106.608499,43.130867],[-106.608501,43.134486],[-106.603517,43.134483],[-106.603521,43.130866],[-106.608499,43.130867]]]}},{"type":"Feature","properties":{"q":"SWNE","ac":40.0},"geometry":{"type":"Polygon","coordinates":[[[-106.608547,43.159814],[-106.613506,43.159822],[-106.613525,43.163435],[-106.608576,43.163429],[-106.608547,43.159814]]]}},{"type":"Feature","properties":{"q":"SWSW","ac":39.6},"geometry":{"type":"Polygon","coordinates":[[[-106.578627,43.141684],[-106.578618,43.1381],[-106.583579,43.138132],[-106.583574,43.141706],[-106.578627,43.141684]]]}},{"type":"Feature","properties":{"q":"NWSW","ac":40.2},"geometry":{"type":"Polygon","coordinates":[[[-106.519252,43.141588],[-106.524207,43.141605],[-106.524269,43.145235],[-106.519312,43.145217],[-106.519252,43.141588]]]}},{"type":"Feature","properties":{"q":"NWNW","ac":40.2},"geometry":{"type":"Polygon","coordinates":[[[-106.524331,43.148865],[-106.524393,43.152495],[-106.519433,43.152475],[-106.519373,43.148846],[-106.524331,43.148865]]]}},{"type":"Feature","properties":{"q":"SENW","ac":40.2},"geometry":{"type":"Polygon","coordinates":[[[-106.538971,43.134378],[-106.534022,43.134367],[-106.534008,43.130735],[-106.538959,43.130745],[-106.538971,43.134378]]]}},{"type":"Feature","properties":{"q":"SESE","ac":39.9},"geometry":{"type":"Polygon","coordinates":[[[-106.568696,43.138037],[-106.568731,43.14164],[-106.563783,43.141618],[-106.563734,43.138006],[-106.568696,43.138037]]]}},{"type":"Feature","properties":{"q":"SESE","ac":40.3},"geometry":{"type":"Polygon","coordinates":[[[-106.548868,43.127132],[-106.543902,43.12712],[-106.543893,43.123485],[-106.547475,43.123499],[-106.548864,43.123504],[-106.548868,43.127132]]]}},{"type":"Feature","properties":{"q":"SENE","ac":40.0},"geometry":{"type":"Polygon","coordinates":[[[-106.588835,43.174229],[-106.588837,43.177856],[-106.583894,43.177843],[-106.583891,43.174212],[-106.588835,43.174229]]]}},{"type":"Feature","properties":{"q":"NWSE","ac":39.8},"geometry":{"type":"Polygon","coordinates":[[[-106.613537,43.174276],[-106.608602,43.174276],[-106.608603,43.17066],[-106.61354,43.170662],[-106.613537,43.174276]]]}},{"type":"Feature","properties":{"q":"NESW","ac":40.2},"geometry":{"type":"Polygon","coordinates":[[[-106.578671,43.127233],[-106.578653,43.130855],[-106.573687,43.130831],[-106.573703,43.127213],[-106.578671,43.127233]]]}},{"type":"Feature","properties":{"q":"NENE","ac":40.0},"geometry":{"type":"Polygon","coordinates":[[[-106.524585,43.163385],[-106.52952,43.163404],[-106.529584,43.167034],[-106.524649,43.167015],[-106.524585,43.163385]]]}},{"type":"Feature","properties":{"q":"SENE","ac":40.0},"geometry":{"type":"Polygon","coordinates":[[[-106.52921,43.145249],[-106.529269,43.14888],[-106.524331,43.148865],[-106.524269,43.145235],[-106.52921,43.145249]]]}},{"type":"Feature","properties":{"q":"SWSW","ac":40.2},"geometry":{"type":"Polygon","coordinates":[[[-106.538947,43.127111],[-106.538935,43.123478],[-106.542581,43.123483],[-106.543893,43.123485],[-106.543902,43.12712],[-106.538947,43.127111]]]}},{"type":"Feature","properties":{"q":"NWNW","ac":40.0},"geometry":{"type":"Polygon","coordinates":[[[-106.558789,43.134392],[-106.563745,43.134393],[-106.563734,43.138006],[-106.558783,43.13801],[-106.558789,43.134392]]]}},{"type":"Feature","properties":{"q":"SESW","ac":40.0},"geometry":{"type":"Polygon","coordinates":[[[-106.534264,43.152527],[-106.539199,43.152543],[-106.539263,43.156176],[-106.534328,43.156159],[-106.534264,43.152527]]]}},{"type":"Feature","properties":{"q":"SESW","ac":40.2},"geometry":{"type":"Polygon","coordinates":[[[-106.533978,43.123471],[-106.537686,43.123476],[-106.538935,43.123478],[-106.538947,43.127111],[-106.533993,43.127103],[-106.533978,43.123471]]]}},{"type":"Feature","properties":{"q":"NWSE","ac":40.2},"geometry":{"type":"Polygon","coordinates":[[[-106.548868,43.127132],[-106.553834,43.127145],[-106.553833,43.130768],[-106.548872,43.130761],[-106.548868,43.127132]]]}},{"type":"Feature","properties":{"q":"NESW","ac":40.1},"geometry":{"type":"Polygon","coordinates":[[[-106.534094,43.141631],[-106.539037,43.141644],[-106.539091,43.145277],[-106.53415,43.145263],[-106.534094,43.141631]]]}},{"type":"Feature","properties":{"q":"SESW","ac":40.2},"geometry":{"type":"Polygon","coordinates":[[[-106.558981,43.15248],[-106.559032,43.156125],[-106.554087,43.156148],[-106.55406,43.154327],[-106.554032,43.152507],[-106.558981,43.15248]]]}},{"type":"Feature","properties":{"q":"SESE","ac":39.9},"geometry":{"type":"Polygon","coordinates":[[[-106.603665,43.170659],[-106.603665,43.167041],[-106.608604,43.167044],[-106.608603,43.17066],[-106.603665,43.170659]]]}},{"type":"Feature","properties":{"q":"NENW","ac":40.0},"geometry":{"type":"Polygon","coordinates":[[[-106.593715,43.163372],[-106.598671,43.163398],[-106.59872,43.167019],[-106.593775,43.166996],[-106.593715,43.163372]]]}},{"type":"Feature","properties":{"q":"SWSW","ac":40.0},"geometry":{"type":"Polygon","coordinates":[[[-106.539455,43.167074],[-106.544391,43.167094],[-106.544407,43.170728],[-106.53947,43.170707],[-106.539455,43.167074]]]}},{"type":"Feature","properties":{"q":"1","ac":40.0},"geometry":{"type":"Polygon","coordinates":[[[-106.618467,43.134491],[-106.623413,43.134494],[-106.62342,43.138119],[-106.618481,43.138114],[-106.618467,43.134491]]]}},{"type":"Feature","properties":{"q":"SENE","ac":40.0},"geometry":{"type":"Polygon","coordinates":[[[-106.549353,43.174358],[-106.549369,43.177995],[-106.544439,43.177995],[-106.544423,43.174362],[-106.549353,43.174358]]]}},{"type":"Feature","properties":{"q":"E2SWSE","ac":20.0},"geometry":{"type":"Polygon","coordinates":[[[-106.532052,43.167044],[-106.532064,43.170676],[-106.529596,43.170666],[-106.529584,43.167034],[-106.532052,43.167044]]]}},{"type":"Feature","properties":{"q":"NWSE","ac":40.1},"geometry":{"type":"Polygon","coordinates":[[[-106.608547,43.159814],[-106.608519,43.156198],[-106.613488,43.156208],[-106.613506,43.159822],[-106.608547,43.159814]]]}},{"type":"Feature","properties":{"q":"SENW","ac":39.5},"geometry":{"type":"Polygon","coordinates":[[[-106.573701,43.145256],[-106.578635,43.145268],[-106.578644,43.148852],[-106.573723,43.148849],[-106.573701,43.145256]]]}},{"type":"Feature","properties":{"q":"SENE","ac":40.2},"geometry":{"type":"Polygon","coordinates":[[[-106.504661,43.159669],[-106.509626,43.15969],[-106.509683,43.163317],[-106.504715,43.163294],[-106.504661,43.159669]]]}},{"type":"Feature","properties":{"q":"NENW","ac":39.9},"geometry":{"type":"Polygon","coordinates":[[[-106.514832,43.181478],[-106.514801,43.17785],[-106.519739,43.177877],[-106.519759,43.181506],[-106.514832,43.181478]]]}},{"type":"Feature","properties":{"q":"NESW","ac":40.2},"geometry":{"type":"Polygon","coordinates":[[[-106.514296,43.141572],[-106.519252,43.141588],[-106.519312,43.145217],[-106.514355,43.1452],[-106.514296,43.141572]]]}},{"type":"Feature","properties":{"q":"NENE","ac":40.2},"geometry":{"type":"Polygon","coordinates":[[[-106.504497,43.148791],[-106.509455,43.148809],[-106.509513,43.152436],[-106.504552,43.152417],[-106.504497,43.148791]]]}},{"type":"Feature","properties":{"q":"NWSW","ac":40.0},"geometry":{"type":"Polygon","coordinates":[[[-106.539517,43.185238],[-106.544451,43.185263],[-106.544446,43.188897],[-106.539521,43.188871],[-106.539517,43.185238]]]}},{"type":"Feature","properties":{"q":"NWSE","ac":39.9},"geometry":{"type":"Polygon","coordinates":[[[-106.52965,43.185189],[-106.534583,43.185214],[-106.534596,43.188846],[-106.52967,43.18882],[-106.52965,43.185189]]]}},{"type":"Feature","properties":{"q":"SWNW","ac":39.9},"geometry":{"type":"Polygon","coordinates":[[[-106.539524,43.192504],[-106.539521,43.188871],[-106.544446,43.188897],[-106.544441,43.19253],[-106.539524,43.192504]]]}},{"type":"Feature","properties":{"q":"SENE","ac":39.9},"geometry":{"type":"Polygon","coordinates":[[[-106.524745,43.188794],[-106.52967,43.18882],[-106.529691,43.192451],[-106.524775,43.192424],[-106.524745,43.188794]]]}},{"type":"Feature","properties":{"q":"NENW","ac":40.0},"geometry":{"type":"Polygon","coordinates":[[[-106.598709,43.192366],[-106.598703,43.195987],[-106.593759,43.19599],[-106.593765,43.192366],[-106.598709,43.192366]]]}},{"type":"Feature","properties":{"q":"NESE","ac":39.6},"geometry":{"type":"Polygon","coordinates":[[[-106.564116,43.199817],[-106.569059,43.19977],[-106.569068,43.203363],[-106.564121,43.203397],[-106.564116,43.199817]]]}},{"type":"Feature","properties":{"q":"2","ac":40.1},"geometry":{"type":"Polygon","coordinates":[[[-106.608674,43.206828],[-106.613623,43.206819],[-106.613657,43.210447],[-106.608705,43.210462],[-106.608674,43.206828]]]}},{"type":"Feature","properties":{"q":"NENW","ac":40.0},"geometry":{"type":"Polygon","coordinates":[[[-106.59378,43.177869],[-106.598723,43.177882],[-106.598724,43.181502],[-106.593782,43.181493],[-106.59378,43.177869]]]}},{"type":"Feature","properties":{"q":"SWSE","ac":40.2},"geometry":{"type":"Polygon","coordinates":[[[-106.588627,43.12363],[-106.592128,43.123631],[-106.593594,43.123632],[-106.593582,43.127253],[-106.588611,43.127253],[-106.588627,43.12363]]]}},{"type":"Feature","properties":{"q":"SWSW","ac":39.8},"geometry":{"type":"Polygon","coordinates":[[[-106.578653,43.152436],[-106.583561,43.152429],[-106.583642,43.15606],[-106.578725,43.156071],[-106.578653,43.152436]]]}},{"type":"Feature","properties":{"q":"NWNE","ac":40.2},"geometry":{"type":"Polygon","coordinates":[[[-106.569001,43.16338],[-106.573935,43.16336],[-106.573998,43.167],[-106.569055,43.167024],[-106.569001,43.16338]]]}},{"type":"Feature","properties":{"q":"SWNW","ac":40.2},"geometry":{"type":"Polygon","coordinates":[[[-106.524331,43.148865],[-106.519373,43.148846],[-106.519312,43.145217],[-106.524269,43.145235],[-106.524331,43.148865]]]}},{"type":"Feature","properties":{"q":"NWNW","ac":39.3},"geometry":{"type":"Polygon","coordinates":[[[-106.583565,43.148855],[-106.583561,43.152429],[-106.578653,43.152436],[-106.578644,43.148852],[-106.583565,43.148855]]]}},{"type":"Feature","properties":{"q":"SENE","ac":40.3},"geometry":{"type":"Polygon","coordinates":[[[-106.583599,43.134506],[-106.583619,43.13088],[-106.588594,43.130876],[-106.588578,43.1345],[-106.583599,43.134506]]]}},{"type":"Feature","properties":{"q":"NWSE","ac":40.1},"geometry":{"type":"Polygon","coordinates":[[[-106.553882,43.141637],[-106.553932,43.145261],[-106.548981,43.145276],[-106.548931,43.141647],[-106.553882,43.141637]]]}},{"type":"Feature","properties":{"q":"NENE","ac":39.6},"geometry":{"type":"Polygon","coordinates":[[[-106.563882,43.148842],[-106.568802,43.148845],[-106.568838,43.152448],[-106.563931,43.152454],[-106.563882,43.148842]]]}},{"type":"Feature","properties":{"q":"SWNW","ac":40.2},"geometry":{"type":"Polygon","coordinates":[[[-106.583619,43.13088],[-106.583599,43.134506],[-106.578635,43.134478],[-106.578653,43.130855],[-106.583619,43.13088]]]}},{"type":"Feature","properties":{"q":"NENE","ac":40.3},"geometry":{"type":"Polygon","coordinates":[[[-106.583599,43.134506],[-106.588578,43.1345],[-106.588562,43.138124],[-106.583579,43.138132],[-106.583599,43.134506]]]}},{"type":"Feature","properties":{"q":"SENW","ac":40.0},"geometry":{"type":"Polygon","coordinates":[[[-106.593778,43.174245],[-106.598722,43.174261],[-106.598723,43.177882],[-106.59378,43.177869],[-106.593778,43.174245]]]}},{"type":"Feature","properties":{"q":"NWSE","ac":40.1},"geometry":{"type":"Polygon","coordinates":[[[-106.568734,43.127191],[-106.573703,43.127213],[-106.573687,43.130831],[-106.568721,43.130806],[-106.568734,43.127191]]]}},{"type":"Feature","properties":{"q":"SWSW","ac":40.3},"geometry":{"type":"Polygon","coordinates":[[[-106.598524,43.152535],[-106.603512,43.152571],[-106.60355,43.156188],[-106.598573,43.156156],[-106.598524,43.152535]]]}},{"type":"Feature","properties":{"q":"NESE","ac":40.2},"geometry":{"type":"Polygon","coordinates":[[[-106.544031,43.145291],[-106.54398,43.141657],[-106.548931,43.141647],[-106.548981,43.145276],[-106.544031,43.145291]]]}},{"type":"Feature","properties":{"q":"NESW","ac":39.8},"geometry":{"type":"Polygon","coordinates":[[[-106.613537,43.174276],[-106.61354,43.170662],[-106.618477,43.170663],[-106.618473,43.174275],[-106.613537,43.174276]]]}},{"type":"Feature","properties":{"q":"SWNW","ac":40.1},"geometry":{"type":"Polygon","coordinates":[[[-106.603627,43.163423],[-106.598671,43.163398],[-106.598622,43.159777],[-106.603588,43.159806],[-106.603627,43.163423]]]}},{"type":"Feature","properties":{"q":"SWNW","ac":40.2},"geometry":{"type":"Polygon","coordinates":[[[-106.519618,43.163362],[-106.519556,43.159733],[-106.524521,43.159755],[-106.524585,43.163385],[-106.519618,43.163362]]]}},{"type":"Feature","properties":{"q":"SWSW","ac":40.3},"geometry":{"type":"Polygon","coordinates":[[[-106.519104,43.127073],[-106.519075,43.123446],[-106.522996,43.123453],[-106.524046,43.123455],[-106.524071,43.127085],[-106.519104,43.127073]]]}},{"type":"Feature","properties":{"q":"NWSE","ac":40.0},"geometry":{"type":"Polygon","coordinates":[[[-106.588832,43.170601],[-106.593777,43.17062],[-106.593778,43.174245],[-106.588835,43.174229],[-106.588832,43.170601]]]}},{"type":"Feature","properties":{"q":"NENE","ac":39.9},"geometry":{"type":"Polygon","coordinates":[[[-106.603627,43.163423],[-106.608576,43.163429],[-106.608604,43.167044],[-106.603665,43.167041],[-106.603627,43.163423]]]}},{"type":"Feature","properties":{"q":"NWSW","ac":40.2},"geometry":{"type":"Polygon","coordinates":[[[-106.603521,43.130866],[-106.598545,43.13087],[-106.598553,43.127251],[-106.603524,43.127249],[-106.603521,43.130866]]]}},{"type":"Feature","properties":{"q":"SWSE","ac":40.0},"geometry":{"type":"Polygon","coordinates":[[[-106.58883,43.166974],[-106.593775,43.166996],[-106.593777,43.17062],[-106.588832,43.170601],[-106.58883,43.166974]]]}},{"type":"Feature","properties":{"q":"SESE","ac":40.1},"geometry":{"type":"Polygon","coordinates":[[[-106.524145,43.137975],[-106.529091,43.137987],[-106.52915,43.141618],[-106.524207,43.141605],[-106.524145,43.137975]]]}},{"type":"Feature","properties":{"q":"W2NWNE","ac":20.0},"geometry":{"type":"Polygon","coordinates":[[[-106.551507,43.148894],[-106.553982,43.148884],[-106.554032,43.152507],[-106.551558,43.15252],[-106.551507,43.148894]]]}},{"type":"Feature","properties":{"q":"NWNW","ac":40.2},"geometry":{"type":"Polygon","coordinates":[[[-106.559132,43.163415],[-106.564067,43.1634],[-106.564112,43.167048],[-106.559182,43.16706],[-106.559132,43.163415]]]}},{"type":"Feature","properties":{"q":"SESW","ac":40.2},"geometry":{"type":"Polygon","coordinates":[[[-106.519679,43.166991],[-106.519699,43.17062],[-106.51474,43.170595],[-106.514709,43.166967],[-106.519679,43.166991]]]}},{"type":"Feature","properties":{"q":"NWNE","ac":40.2},"geometry":{"type":"Polygon","coordinates":[[[-106.509242,43.1343],[-106.514204,43.134315],[-106.514237,43.137943],[-106.509284,43.137928],[-106.509242,43.1343]]]}},{"type":"Feature","properties":{"q":"SESE","ac":40.1},"geometry":{"type":"Polygon","coordinates":[[[-106.50433,43.137912],[-106.509284,43.137928],[-106.509341,43.141555],[-106.504385,43.141538],[-106.50433,43.137912]]]}},{"type":"Feature","properties":{"q":"SENE","ac":40.2},"geometry":{"type":"Polygon","coordinates":[[[-106.504281,43.134285],[-106.504232,43.130658],[-106.509201,43.130672],[-106.509242,43.1343],[-106.504281,43.134285]]]}},{"type":"Feature","properties":{"q":"SENE","ac":40.0},"geometry":{"type":"Polygon","coordinates":[[[-106.504873,43.174171],[-106.509822,43.174197],[-106.509863,43.177823],[-106.504925,43.177796],[-106.504899,43.175984],[-106.504873,43.174171]]]}},{"type":"Feature","properties":{"q":"SENW","ac":40.2},"geometry":{"type":"Polygon","coordinates":[[[-106.514355,43.1452],[-106.519312,43.145217],[-106.519373,43.148846],[-106.514414,43.148828],[-106.514355,43.1452]]]}},{"type":"Feature","properties":{"q":"SWSE","ac":39.7},"geometry":{"type":"Polygon","coordinates":[[[-106.56905,43.196177],[-106.573991,43.196117],[-106.574003,43.199722],[-106.569059,43.19977],[-106.56905,43.196177]]]}},{"type":"Feature","properties":{"q":"SWSE","ac":39.9},"geometry":{"type":"Polygon","coordinates":[[[-106.613554,43.199586],[-106.608613,43.199594],[-106.608583,43.195976],[-106.613519,43.195969],[-106.613554,43.199586]]]}},{"type":"Feature","properties":{"q":"SWSW","ac":40.0},"geometry":{"type":"Polygon","coordinates":[[[-106.544451,43.185263],[-106.539517,43.185238],[-106.539513,43.181605],[-106.544456,43.181629],[-106.544451,43.185263]]]}},{"type":"Feature","properties":{"q":"NWSW","ac":39.9},"geometry":{"type":"Polygon","coordinates":[[[-106.598719,43.185124],[-106.603662,43.18513],[-106.603657,43.188748],[-106.598714,43.188745],[-106.598719,43.185124]]]}},{"type":"Feature","properties":{"q":"NESW","ac":40.0},"geometry":{"type":"Polygon","coordinates":[[[-106.534583,43.185214],[-106.539517,43.185238],[-106.539521,43.188871],[-106.534596,43.188846],[-106.534583,43.185214]]]}},{"type":"Feature","properties":{"q":"4","ac":39.1},"geometry":{"type":"Polygon","coordinates":[[[-106.539459,43.207031],[-106.544323,43.20706],[-106.544324,43.210666],[-106.539456,43.210635],[-106.539459,43.207031]]]}},{"type":"Feature","properties":{"q":"SWNE","ac":40.2},"geometry":{"type":"Polygon","coordinates":[[[-106.514414,43.148828],[-106.509455,43.148809],[-106.509398,43.145182],[-106.514355,43.1452],[-106.514414,43.148828]]]}},{"type":"Feature","properties":{"q":"SENE","ac":40.1},"geometry":{"type":"Polygon","coordinates":[[[-106.509398,43.145182],[-106.509455,43.148809],[-106.504497,43.148791],[-106.504441,43.145165],[-106.509398,43.145182]]]}},{"type":"Feature","properties":{"q":"NWSW","ac":39.5},"geometry":{"type":"Polygon","coordinates":[[[-106.539496,43.19977],[-106.544379,43.199798],[-106.544322,43.203433],[-106.539463,43.203403],[-106.539496,43.19977]]]}},{"type":"Feature","properties":{"q":"NENW","ac":39.8},"geometry":{"type":"Polygon","coordinates":[[[-106.534608,43.192477],[-106.539524,43.192504],[-106.539528,43.196136],[-106.53462,43.196109],[-106.534608,43.192477]]]}},{"type":"Feature","properties":{"q":"NESE","ac":40.1},"geometry":{"type":"Polygon","coordinates":[[[-106.583906,43.203257],[-106.583889,43.199626],[-106.588835,43.19962],[-106.588855,43.203248],[-106.583906,43.203257]]]}},{"type":"Feature","properties":{"q":"SENW","ac":39.9},"geometry":{"type":"Polygon","coordinates":[[[-106.534596,43.188846],[-106.539521,43.188871],[-106.539524,43.192504],[-106.534608,43.192477],[-106.534596,43.188846]]]}},{"type":"Feature","properties":{"q":"SWSE","ac":40.0},"geometry":{"type":"Polygon","coordinates":[[[-106.58884,43.181483],[-106.593782,43.181493],[-106.593776,43.185117],[-106.588834,43.185111],[-106.58884,43.181483]]]}},{"type":"Feature","properties":{"q":"NWNW","ac":40.0},"geometry":{"type":"Polygon","coordinates":[[[-106.56411,43.196238],[-106.559192,43.196219],[-106.559204,43.192575],[-106.564125,43.192589],[-106.56411,43.196238]]]}},{"type":"Feature","properties":{"q":"SWNE","ac":39.7},"geometry":{"type":"Polygon","coordinates":[[[-106.574015,43.203328],[-106.574027,43.206932],[-106.569077,43.206955],[-106.569068,43.203363],[-106.574015,43.203328]]]}},{"type":"Feature","properties":{"q":"NENW","ac":40.0},"geometry":{"type":"Polygon","coordinates":[[[-106.559204,43.192575],[-106.559192,43.196219],[-106.554273,43.196201],[-106.554283,43.19256],[-106.559204,43.192575]]]}},{"type":"Feature","properties":{"q":"SENE","ac":39.9},"geometry":{"type":"Polygon","coordinates":[[[-106.603699,43.203219],[-106.608643,43.203211],[-106.608674,43.206828],[-106.603726,43.206836],[-106.603699,43.203219]]]}},{"type":"Feature","properties":{"q":"1","ac":39.9},"geometry":{"type":"Polygon","coordinates":[[[-106.549276,43.21065],[-106.544324,43.210666],[-106.544323,43.20706],[-106.549281,43.20704],[-106.549276,43.21065]]]}},{"type":"Feature","properties":{"q":"SWSE","ac":40.2},"geometry":{"type":"Polygon","coordinates":[[[-106.514709,43.166967],[-106.51474,43.170595],[-106.509781,43.17057],[-106.509739,43.166944],[-106.514709,43.166967]]]}},{"type":"Feature","properties":{"q":"SENW","ac":40.2},"geometry":{"type":"Polygon","coordinates":[[[-106.514591,43.159712],[-106.519556,43.159733],[-106.519618,43.163362],[-106.51465,43.16334],[-106.514591,43.159712]]]}},{"type":"Feature","properties":{"q":"NESE","ac":40.1},"geometry":{"type":"Polygon","coordinates":[[[-106.509822,43.174197],[-106.504873,43.174171],[-106.504847,43.172358],[-106.504821,43.170546],[-106.509781,43.17057],[-106.509822,43.174197]]]}},{"type":"Feature","properties":{"q":"NENE","ac":40.2},"geometry":{"type":"Polygon","coordinates":[[[-106.509683,43.163317],[-106.509739,43.166944],[-106.50477,43.16692],[-106.504715,43.163294],[-106.509683,43.163317]]]}},{"type":"Feature","properties":{"q":"SESE","ac":40.2},"geometry":{"type":"Polygon","coordinates":[[[-106.509513,43.152436],[-106.509569,43.156063],[-106.504607,43.156043],[-106.504552,43.152417],[-106.509513,43.152436]]]}},{"type":"Feature","properties":{"q":"NWSE","ac":40.2},"geometry":{"type":"Polygon","coordinates":[[[-106.509174,43.127046],[-106.514137,43.127061],[-106.514171,43.130687],[-106.509201,43.130672],[-106.509174,43.127046]]]}},{"type":"Feature","properties":{"q":"NESE","ac":40.2},"geometry":{"type":"Polygon","coordinates":[[[-106.509174,43.127046],[-106.509201,43.130672],[-106.504232,43.130658],[-106.504211,43.127031],[-106.509174,43.127046]]]}},{"type":"Feature","properties":{"q":"SWNE","ac":40.0},"geometry":{"type":"Polygon","coordinates":[[[-106.509863,43.177823],[-106.509822,43.174197],[-106.51477,43.174223],[-106.514801,43.17785],[-106.509863,43.177823]]]}},{"type":"Feature","properties":{"q":"NWSE","ac":40.1},"geometry":{"type":"Polygon","coordinates":[[[-106.509781,43.17057],[-106.51474,43.170595],[-106.51477,43.174223],[-106.509822,43.174197],[-106.509781,43.17057]]]}},{"type":"Feature","properties":{"q":"NENE","ac":39.9},"geometry":{"type":"Polygon","coordinates":[[[-106.504977,43.181421],[-106.504925,43.177796],[-106.509863,43.177823],[-106.509904,43.18145],[-106.504977,43.181421]]]}},{"type":"Feature","properties":{"q":"SWNE","ac":40.2},"geometry":{"type":"Polygon","coordinates":[[[-106.509626,43.15969],[-106.514591,43.159712],[-106.51465,43.16334],[-106.509683,43.163317],[-106.509626,43.15969]]]}},{"type":"Feature","properties":{"q":"SWSE","ac":40.2},"geometry":{"type":"Polygon","coordinates":[[[-106.514473,43.152456],[-106.514532,43.156084],[-106.509569,43.156063],[-106.509513,43.152436],[-106.514473,43.152456]]]}},{"type":"Feature","properties":{"q":"NESE","ac":40.2},"geometry":{"type":"Polygon","coordinates":[[[-106.504607,43.156043],[-106.509569,43.156063],[-106.509626,43.15969],[-106.504661,43.159669],[-106.504607,43.156043]]]}},{"type":"Feature","properties":{"q":"SWSE","ac":40.2},"geometry":{"type":"Polygon","coordinates":[[[-106.509174,43.127046],[-106.509147,43.12342],[-106.5132,43.123434],[-106.514104,43.123436],[-106.514137,43.127061],[-106.509174,43.127046]]]}},{"type":"Feature","properties":{"q":"NENW","ac":40.2},"geometry":{"type":"Polygon","coordinates":[[[-106.519618,43.163362],[-106.519679,43.166991],[-106.514709,43.166967],[-106.51465,43.16334],[-106.519618,43.163362]]]}},{"type":"Feature","properties":{"q":"NWSE","ac":40.2},"geometry":{"type":"Polygon","coordinates":[[[-106.509341,43.141555],[-106.514296,43.141572],[-106.514355,43.1452],[-106.509398,43.145182],[-106.509341,43.141555]]]}},{"type":"Feature","properties":{"q":"SENE","ac":40.2},"geometry":{"type":"Polygon","coordinates":[[[-106.569064,43.192533],[-106.564125,43.192589],[-106.564141,43.18894],[-106.569077,43.188889],[-106.569064,43.192533]]]}},{"type":"Feature","properties":{"q":"NWSW","ac":40.0},"geometry":{"type":"Polygon","coordinates":[[[-106.583891,43.185104],[-106.583884,43.188735],[-106.578948,43.188786],[-106.578957,43.185151],[-106.583891,43.185104]]]}},{"type":"Feature","properties":{"q":"2","ac":40.2},"geometry":{"type":"Polygon","coordinates":[[[-106.569077,43.206955],[-106.574027,43.206932],[-106.574039,43.210575],[-106.569087,43.210588],[-106.569077,43.206955]]]}},{"type":"Feature","properties":{"q":"NENE","ac":39.9},"geometry":{"type":"Polygon","coordinates":[[[-106.549355,43.196183],[-106.544436,43.196164],[-106.544441,43.19253],[-106.549362,43.192545],[-106.549355,43.196183]]]}},{"type":"Feature","properties":{"q":"NESW","ac":39.8},"geometry":{"type":"Polygon","coordinates":[[[-106.613529,43.185118],[-106.618462,43.185113],[-106.618459,43.188729],[-106.613525,43.188736],[-106.613529,43.185118]]]}},{"type":"Feature","properties":{"q":"SENE","ac":40.1},"geometry":{"type":"Polygon","coordinates":[[[-106.544322,43.203433],[-106.549287,43.203424],[-106.549281,43.20704],[-106.544323,43.20706],[-106.544322,43.203433]]]}},{"type":"Feature","properties":{"q":"SWSE","ac":40.1},"geometry":{"type":"Polygon","coordinates":[[[-106.574034,43.181558],[-106.574023,43.185198],[-106.56909,43.185245],[-106.569103,43.181601],[-106.574034,43.181558]]]}},{"type":"Feature","properties":{"q":"SENE","ac":39.9},"geometry":{"type":"Polygon","coordinates":[[[-106.544446,43.188897],[-106.54937,43.188908],[-106.549362,43.192545],[-106.544441,43.19253],[-106.544446,43.188897]]]}},{"type":"Feature","properties":{"q":"SWSE","ac":40.1},"geometry":{"type":"Polygon","coordinates":[[[-106.514296,43.141572],[-106.509341,43.141555],[-106.509284,43.137928],[-106.514237,43.137943],[-106.514296,43.141572]]]}},{"type":"Feature","properties":{"q":"NESW","ac":40.2},"geometry":{"type":"Polygon","coordinates":[[[-106.514532,43.156084],[-106.519495,43.156104],[-106.519556,43.159733],[-106.514591,43.159712],[-106.514532,43.156084]]]}},{"type":"Feature","properties":{"q":"NWNE","ac":39.9},"geometry":{"type":"Polygon","coordinates":[[[-106.509863,43.177823],[-106.514801,43.17785],[-106.514832,43.181478],[-106.509904,43.18145],[-106.509863,43.177823]]]}},{"type":"Feature","properties":{"q":"NENE","ac":40.2},"geometry":{"type":"Polygon","coordinates":[[[-106.509284,43.137928],[-106.50433,43.137912],[-106.504281,43.134285],[-106.509242,43.1343],[-106.509284,43.137928]]]}},{"type":"Feature","properties":{"q":"SESW","ac":40.2},"geometry":{"type":"Polygon","coordinates":[[[-106.514296,43.141572],[-106.514237,43.137943],[-106.519191,43.137959],[-106.519252,43.141588],[-106.514296,43.141572]]]}},{"type":"Feature","properties":{"q":"NWNE","ac":40.2},"geometry":{"type":"Polygon","coordinates":[[[-106.509683,43.163317],[-106.51465,43.16334],[-106.514709,43.166967],[-106.509739,43.166944],[-106.509683,43.163317]]]}},{"type":"Feature","properties":{"q":"SENW","ac":40.0},"geometry":{"type":"Polygon","coordinates":[[[-106.51477,43.174223],[-106.519719,43.174249],[-106.519739,43.177877],[-106.514801,43.17785],[-106.51477,43.174223]]]}},{"type":"Feature","properties":{"q":"NESW","ac":40.1},"geometry":{"type":"Polygon","coordinates":[[[-106.519699,43.17062],[-106.519719,43.174249],[-106.51477,43.174223],[-106.51474,43.170595],[-106.519699,43.17062]]]}},{"type":"Feature","properties":{"q":"SWNW","ac":39.5},"geometry":{"type":"Polygon","coordinates":[[[-106.559186,43.203406],[-106.564121,43.203397],[-106.564128,43.206978],[-106.559184,43.206999],[-106.559186,43.203406]]]}},{"type":"Feature","properties":{"q":"SENW","ac":40.0},"geometry":{"type":"Polygon","coordinates":[[[-106.554293,43.188919],[-106.559217,43.18893],[-106.559204,43.192575],[-106.554283,43.19256],[-106.554293,43.188919]]]}},{"type":"Feature","properties":{"q":"NENE","ac":40.2},"geometry":{"type":"Polygon","coordinates":[[[-106.564125,43.192589],[-106.569064,43.192533],[-106.56905,43.196177],[-106.56411,43.196238],[-106.564125,43.192589]]]}},{"type":"Feature","properties":{"q":"SWNW","ac":39.8},"geometry":{"type":"Polygon","coordinates":[[[-106.519823,43.188764],[-106.524745,43.188794],[-106.524775,43.192424],[-106.519856,43.192393],[-106.519823,43.188764]]]}},{"type":"Feature","properties":{"q":"NESW","ac":39.8},"geometry":{"type":"Polygon","coordinates":[[[-106.574003,43.199722],[-106.578946,43.199674],[-106.57896,43.203292],[-106.574015,43.203328],[-106.574003,43.199722]]]}},{"type":"Feature","properties":{"q":"SESW","ac":39.8},"geometry":{"type":"Polygon","coordinates":[[[-106.613554,43.199586],[-106.613519,43.195969],[-106.618454,43.195961],[-106.618493,43.199577],[-106.613554,43.199586]]]}},{"type":"Feature","properties":{"q":"NESW","ac":40.0},"geometry":{"type":"Polygon","coordinates":[[[-106.593771,43.188742],[-106.593776,43.185117],[-106.598719,43.185124],[-106.598714,43.188745],[-106.593771,43.188742]]]}},{"type":"Feature","properties":{"q":"NWSW","ac":39.9},"geometry":{"type":"Polygon","coordinates":[[[-106.519791,43.185135],[-106.524716,43.185164],[-106.524745,43.188794],[-106.519823,43.188764],[-106.519791,43.185135]]]}},{"type":"Feature","properties":{"q":"1","ac":40.2},"geometry":{"type":"Polygon","coordinates":[[[-106.603726,43.206836],[-106.608674,43.206828],[-106.608705,43.210462],[-106.603753,43.210477],[-106.603726,43.206836]]]}},{"type":"Feature","properties":{"q":"SWSE","ac":39.8},"geometry":{"type":"Polygon","coordinates":[[[-106.613532,43.181501],[-106.613529,43.185118],[-106.608595,43.185124],[-106.608599,43.181507],[-106.613532,43.181501]]]}},{"type":"Feature","properties":{"q":"NESW","ac":39.6},"geometry":{"type":"Polygon","coordinates":[[[-106.554262,43.199808],[-106.559189,43.199813],[-106.559186,43.203406],[-106.554251,43.203415],[-106.554262,43.199808]]]}},{"type":"Feature","properties":{"q":"SENW","ac":40.1},"geometry":{"type":"Polygon","coordinates":[[[-106.578948,43.188786],[-106.57894,43.192421],[-106.574002,43.192477],[-106.574013,43.188838],[-106.578948,43.188786]]]}},{"type":"Feature","properties":{"q":"SWNE","ac":39.9},"geometry":{"type":"Polygon","coordinates":[[[-106.52967,43.18882],[-106.534596,43.188846],[-106.534608,43.192477],[-106.529691,43.192451],[-106.52967,43.18882]]]}},{"type":"Feature","properties":{"q":"3","ac":39.7},"geometry":{"type":"Polygon","coordinates":[[[-106.618462,43.185113],[-106.623387,43.185108],[-106.623382,43.188723],[-106.618459,43.188729],[-106.618462,43.185113]]]}},{"type":"Feature","properties":{"q":"SENW","ac":40.0},"geometry":{"type":"Polygon","coordinates":[[[-106.593804,43.203239],[-106.598751,43.203229],[-106.598776,43.206849],[-106.593826,43.206862],[-106.593804,43.203239]]]}},{"type":"Feature","properties":{"q":"SWNE","ac":40.0},"geometry":{"type":"Polygon","coordinates":[[[-106.588828,43.188738],[-106.593771,43.188742],[-106.593765,43.192366],[-106.588821,43.192366],[-106.588828,43.188738]]]}},{"type":"Feature","properties":{"q":"NWSW","ac":40.1},"geometry":{"type":"Polygon","coordinates":[[[-106.564156,43.185292],[-106.564141,43.18894],[-106.559217,43.18893],[-106.55923,43.185285],[-106.564156,43.185292]]]}},{"type":"Feature","properties":{"q":"SWSW","ac":40.0},"geometry":{"type":"Polygon","coordinates":[[[-106.583871,43.195996],[-106.583889,43.199626],[-106.578946,43.199674],[-106.578931,43.196056],[-106.583871,43.195996]]]}},{"type":"Feature","properties":{"q":"NENE","ac":39.8},"geometry":{"type":"Polygon","coordinates":[[[-106.603666,43.177894],[-106.6086,43.177891],[-106.608599,43.181507],[-106.603667,43.181512],[-106.603666,43.177894]]]}},{"type":"Feature","properties":{"q":"NWNW","ac":39.8},"geometry":{"type":"Polygon","coordinates":[[[-106.519856,43.192393],[-106.524775,43.192424],[-106.524804,43.196054],[-106.519888,43.196021],[-106.519856,43.192393]]]}},{"type":"Feature","properties":{"q":"1","ac":40.4},"geometry":{"type":"Polygon","coordinates":[[[-106.583925,43.206887],[-106.588876,43.206874],[-106.588897,43.210529],[-106.583945,43.210547],[-106.583925,43.206887]]]}},{"type":"Feature","properties":{"q":"SENE","ac":39.5},"geometry":{"type":"Polygon","coordinates":[[[-106.524826,43.203313],[-106.529715,43.203343],[-106.529718,43.206972],[-106.524839,43.206943],[-106.524826,43.203313]]]}},{"type":"Feature","properties":{"q":"NESE","ac":40.0},"geometry":{"type":"Polygon","coordinates":[[[-106.544446,43.188897],[-106.544451,43.185263],[-106.549377,43.18527],[-106.54937,43.188908],[-106.544446,43.188897]]]}},{"type":"Feature","properties":{"q":"3","ac":39.9},"geometry":{"type":"Polygon","coordinates":[[[-106.55424,43.207019],[-106.559184,43.206999],[-106.559182,43.210618],[-106.554229,43.210634],[-106.55424,43.207019]]]}},{"type":"Feature","properties":{"q":"SWNE","ac":40.0},"geometry":{"type":"Polygon","coordinates":[[[-106.549287,43.203424],[-106.554251,43.203415],[-106.55424,43.207019],[-106.549281,43.20704],[-106.549287,43.203424]]]}},{"type":"Feature","properties":{"q":"NESE","ac":39.9},"geometry":{"type":"Polygon","coordinates":[[[-106.52967,43.18882],[-106.524745,43.188794],[-106.524716,43.185164],[-106.52965,43.185189],[-106.52967,43.18882]]]}},{"type":"Feature","properties":{"q":"NENE","ac":40.1},"geometry":{"type":"Polygon","coordinates":[[[-106.569103,43.181601],[-106.564171,43.181643],[-106.564156,43.177994],[-106.569091,43.177957],[-106.569103,43.181601]]]}},{"type":"Feature","properties":{"q":"SWNE","ac":40.1},"geometry":{"type":"Polygon","coordinates":[[[-106.574002,43.192477],[-106.569064,43.192533],[-106.569077,43.188889],[-106.574013,43.188838],[-106.574002,43.192477]]]}},{"type":"Feature","properties":{"q":"SWSW","ac":40.1},"geometry":{"type":"Polygon","coordinates":[[[-106.564156,43.185292],[-106.55923,43.185285],[-106.559242,43.18164],[-106.564171,43.181643],[-106.564156,43.185292]]]}},{"type":"Feature","properties":{"q":"NWNW","ac":40.0},"geometry":{"type":"Polygon","coordinates":[[[-106.583878,43.192365],[-106.583871,43.195996],[-106.578931,43.196056],[-106.57894,43.192421],[-106.583878,43.192365]]]}},{"type":"Feature","properties":{"q":"SESE","ac":40.0},"geometry":{"type":"Polygon","coordinates":[[[-106.544456,43.181629],[-106.549385,43.181632],[-106.549377,43.18527],[-106.544451,43.185263],[-106.544456,43.181629]]]}},{"type":"Feature","properties":{"q":"1","ac":39.7},"geometry":{"type":"Polygon","coordinates":[[[-106.623392,43.181492],[-106.618464,43.181497],[-106.618469,43.177886],[-106.623397,43.177883],[-106.623392,43.181492]]]}},{"type":"Feature","properties":{"q":"SENW","ac":40.0},"geometry":{"type":"Polygon","coordinates":[[[-106.598709,43.192366],[-106.593765,43.192366],[-106.593771,43.188742],[-106.598714,43.188745],[-106.598709,43.192366]]]}},{"type":"Feature","properties":{"q":"NWNW","ac":40.0},"geometry":{"type":"Polygon","coordinates":[[[-106.578966,43.181516],[-106.57896,43.177881],[-106.583894,43.177843],[-106.583897,43.181473],[-106.578966,43.181516]]]}},{"type":"Feature","properties":{"q":"6","ac":39.2},"geometry":{"type":"Polygon","coordinates":[[[-106.618493,43.199577],[-106.623374,43.199569],[-106.623375,43.203185],[-106.618532,43.203194],[-106.618493,43.199577]]]}},{"type":"Feature","properties":{"q":"NWSE","ac":39.7},"geometry":{"type":"Polygon","coordinates":[[[-106.529714,43.199712],[-106.534612,43.199741],[-106.534604,43.203373],[-106.529715,43.203343],[-106.529714,43.199712]]]}},{"type":"Feature","properties":{"q":"NESE","ac":39.6},"geometry":{"type":"Polygon","coordinates":[[[-106.529715,43.203343],[-106.524826,43.203313],[-106.524815,43.199683],[-106.529714,43.199712],[-106.529715,43.203343]]]}},{"type":"Feature","properties":{"q":"SWNW","ac":39.9},"geometry":{"type":"Polygon","coordinates":[[[-106.603652,43.192366],[-106.598709,43.192366],[-106.598714,43.188745],[-106.603657,43.188748],[-106.603652,43.192366]]]}},{"type":"Feature","properties":{"q":"SWNW","ac":39.9},"geometry":{"type":"Polygon","coordinates":[[[-106.598751,43.203229],[-106.603699,43.203219],[-106.603726,43.206836],[-106.598776,43.206849],[-106.598751,43.203229]]]}},{"type":"Feature","properties":{"q":"SESW","ac":39.5},"geometry":{"type":"Polygon","coordinates":[[[-106.554273,43.196201],[-106.559192,43.196219],[-106.559189,43.199813],[-106.554262,43.199808],[-106.554273,43.196201]]]}},{"type":"Feature","properties":{"q":"SWSE","ac":40.0},"geometry":{"type":"Polygon","coordinates":[[[-106.588815,43.195993],[-106.593759,43.19599],[-106.593782,43.199614],[-106.588835,43.19962],[-106.588815,43.195993]]]}},{"type":"Feature","properties":{"q":"SWNE","ac":39.5},"geometry":{"type":"Polygon","coordinates":[[[-106.529715,43.203343],[-106.534604,43.203373],[-106.534596,43.207002],[-106.529718,43.206972],[-106.529715,43.203343]]]}},{"type":"Feature","properties":{"q":"SESE","ac":40.0},"geometry":{"type":"Polygon","coordinates":[[[-106.52965,43.185189],[-106.524716,43.185164],[-106.524686,43.181534],[-106.529629,43.181558],[-106.52965,43.185189]]]}},{"type":"Feature","properties":{"q":"SESW","ac":40.0},"geometry":{"type":"Polygon","coordinates":[[[-106.593782,43.181493],[-106.598724,43.181502],[-106.598719,43.185124],[-106.593776,43.185117],[-106.593782,43.181493]]]}},{"type":"Feature","properties":{"q":"NWSE","ac":39.8},"geometry":{"type":"Polygon","coordinates":[[[-106.608595,43.185124],[-106.613529,43.185118],[-106.613525,43.188736],[-106.608591,43.188742],[-106.608595,43.185124]]]}},{"type":"Feature","properties":{"q":"NENW","ac":39.8},"geometry":{"type":"Polygon","coordinates":[[[-106.613522,43.192352],[-106.618456,43.192345],[-106.618454,43.195961],[-106.613519,43.195969],[-106.613522,43.192352]]]}},{"type":"Feature","properties":{"q":"NENW","ac":40.0},"geometry":{"type":"Polygon","coordinates":[[[-106.574025,43.177919],[-106.57896,43.177881],[-106.578966,43.181516],[-106.574034,43.181558],[-106.574025,43.177919]]]}},{"type":"Feature","properties":{"q":"4","ac":40.4},"geometry":{"type":"Polygon","coordinates":[[[-106.583945,43.210547],[-106.578992,43.210561],[-106.578976,43.20691],[-106.583925,43.206887],[-106.583945,43.210547]]]}},{"type":"Feature","properties":{"q":"SWNW","ac":39.3},"geometry":{"type":"Polygon","coordinates":[[[-106.544322,43.203433],[-106.544323,43.20706],[-106.539459,43.207031],[-106.539463,43.203403],[-106.544322,43.203433]]]}},{"type":"Feature","properties":{"q":"SWNW","ac":40.0},"geometry":{"type":"Polygon","coordinates":[[[-106.57896,43.203292],[-106.583906,43.203257],[-106.583925,43.206887],[-106.578976,43.20691],[-106.57896,43.203292]]]}},{"type":"Feature","properties":{"q":"NESW","ac":39.5},"geometry":{"type":"Polygon","coordinates":[[[-106.534604,43.203373],[-106.534612,43.199741],[-106.539496,43.19977],[-106.539463,43.203403],[-106.534604,43.203373]]]}},{"type":"Feature","properties":{"q":"SESE","ac":39.5},"geometry":{"type":"Polygon","coordinates":[[[-106.56411,43.196238],[-106.56905,43.196177],[-106.569059,43.19977],[-106.564116,43.199817],[-106.56411,43.196238]]]}},{"type":"Feature","properties":{"q":"NWNE","ac":39.8},"geometry":{"type":"Polygon","coordinates":[[[-106.6086,43.177891],[-106.613534,43.177888],[-106.613532,43.181501],[-106.608599,43.181507],[-106.6086,43.177891]]]}},{"type":"Feature","properties":{"q":"SESE","ac":39.9},"geometry":{"type":"Polygon","coordinates":[[[-106.603647,43.195984],[-106.608583,43.195976],[-106.608613,43.199594],[-106.603673,43.199602],[-106.603647,43.195984]]]}},{"type":"Feature","properties":{"q":"NENE","ac":39.8},"geometry":{"type":"Polygon","coordinates":[[[-106.529712,43.196081],[-106.524804,43.196054],[-106.524775,43.192424],[-106.529691,43.192451],[-106.529712,43.196081]]]}},{"type":"Feature","properties":{"q":"SWSE","ac":40.0},"geometry":{"type":"Polygon","coordinates":[[[-106.529629,43.181558],[-106.534571,43.181582],[-106.534583,43.185214],[-106.52965,43.185189],[-106.529629,43.181558]]]}},{"type":"Feature","properties":{"q":"SWSW","ac":39.9},"geometry":{"type":"Polygon","coordinates":[[[-106.519759,43.181506],[-106.524686,43.181534],[-106.524716,43.185164],[-106.519791,43.185135],[-106.519759,43.181506]]]}},{"type":"Feature","properties":{"q":"NWSE","ac":39.9},"geometry":{"type":"Polygon","coordinates":[[[-106.549321,43.199803],[-106.554262,43.199808],[-106.554251,43.203415],[-106.549287,43.203424],[-106.549321,43.199803]]]}},{"type":"Feature","properties":{"q":"SENW","ac":39.3},"geometry":{"type":"Polygon","coordinates":[[[-106.534604,43.203373],[-106.539463,43.203403],[-106.539459,43.207031],[-106.534596,43.207002],[-106.534604,43.203373]]]}},{"type":"Feature","properties":{"q":"1","ac":39.7},"geometry":{"type":"Polygon","coordinates":[[[-106.618456,43.192345],[-106.623378,43.192338],[-106.623373,43.195953],[-106.618454,43.195961],[-106.618456,43.192345]]]}},{"type":"Feature","properties":{"q":"SWSW","ac":40.0},"geometry":{"type":"Polygon","coordinates":[[[-106.583897,43.181473],[-106.583891,43.185104],[-106.578957,43.185151],[-106.578966,43.181516],[-106.583897,43.181473]]]}},{"type":"Feature","properties":{"q":"NENE","ac":39.8},"geometry":{"type":"Polygon","coordinates":[[[-106.603652,43.192366],[-106.608587,43.192359],[-106.608583,43.195976],[-106.603647,43.195984],[-106.603652,43.192366]]]}},{"type":"Feature","properties":{"q":"NWNE","ac":40.0},"geometry":{"type":"Polygon","coordinates":[[[-106.554283,43.19256],[-106.554273,43.196201],[-106.549355,43.196183],[-106.549362,43.192545],[-106.554283,43.19256]]]}},{"type":"Feature","properties":{"q":"SWSW","ac":39.8},"geometry":{"type":"Polygon","coordinates":[[[-106.519888,43.196021],[-106.524804,43.196054],[-106.524815,43.199683],[-106.519911,43.19965],[-106.519888,43.196021]]]}},{"type":"Feature","properties":{"q":"SENW","ac":39.7},"geometry":{"type":"Polygon","coordinates":[[[-106.559186,43.203406],[-106.559184,43.206999],[-106.55424,43.207019],[-106.554251,43.203415],[-106.559186,43.203406]]]}},{"type":"Feature","properties":{"q":"SESW","ac":40.1},"geometry":{"type":"Polygon","coordinates":[[[-106.554313,43.181636],[-106.559242,43.18164],[-106.55923,43.185285],[-106.554303,43.185277],[-106.554313,43.181636]]]}},{"type":"Feature","properties":{"q":"SWSE","ac":39.7},"geometry":{"type":"Polygon","coordinates":[[[-106.53462,43.196109],[-106.534612,43.199741],[-106.529714,43.199712],[-106.529712,43.196081],[-106.53462,43.196109]]]}},{"type":"Feature","properties":{"q":"NWNE","ac":40.1},"geometry":{"type":"Polygon","coordinates":[[[-106.569064,43.192533],[-106.574002,43.192477],[-106.573991,43.196117],[-106.56905,43.196177],[-106.569064,43.192533]]]}},{"type":"Feature","properties":{"q":"NWSW","ac":39.7},"geometry":{"type":"Polygon","coordinates":[[[-106.524826,43.203313],[-106.519935,43.203279],[-106.519911,43.19965],[-106.524815,43.199683],[-106.524826,43.203313]]]}},{"type":"Feature","properties":{"q":"SESE","ac":40.0},"geometry":{"type":"Polygon","coordinates":[[[-106.588835,43.19962],[-106.583889,43.199626],[-106.583871,43.195996],[-106.588815,43.195993],[-106.588835,43.19962]]]}},{"type":"Feature","properties":{"q":"3","ac":40.3},"geometry":{"type":"Polygon","coordinates":[[[-106.578992,43.210561],[-106.574039,43.210575],[-106.574027,43.206932],[-106.578976,43.20691],[-106.578992,43.210561]]]}},{"type":"Feature","properties":{"q":"SENW","ac":39.8},"geometry":{"type":"Polygon","coordinates":[[[-106.613522,43.192352],[-106.613525,43.188736],[-106.618459,43.188729],[-106.618456,43.192345],[-106.613522,43.192352]]]}},{"type":"Feature","properties":{"q":"NWSW","ac":40.0},"geometry":{"type":"Polygon","coordinates":[[[-106.583906,43.203257],[-106.57896,43.203292],[-106.578946,43.199674],[-106.583889,43.199626],[-106.583906,43.203257]]]}},{"type":"Feature","properties":{"q":"NWNE","ac":40.0},"geometry":{"type":"Polygon","coordinates":[[[-106.59378,43.177869],[-106.593782,43.181493],[-106.58884,43.181483],[-106.588837,43.177856],[-106.59378,43.177869]]]}},{"type":"Feature","properties":{"q":"4","ac":40.2},"geometry":{"type":"Polygon","coordinates":[[[-106.603726,43.206836],[-106.603753,43.210477],[-106.598801,43.210494],[-106.598776,43.206849],[-106.603726,43.206836]]]}},{"type":"Feature","properties":{"q":"NESW","ac":40.0},"geometry":{"type":"Polygon","coordinates":[[[-106.55923,43.185285],[-106.559217,43.18893],[-106.554293,43.188919],[-106.554303,43.185277],[-106.55923,43.185285]]]}},{"type":"Feature","properties":{"q":"2","ac":39.7},"geometry":{"type":"Polygon","coordinates":[[[-106.618459,43.188729],[-106.623382,43.188723],[-106.623378,43.192338],[-106.618456,43.192345],[-106.618459,43.188729]]]}},{"type":"Feature","properties":{"q":"4","ac":40.0},"geometry":{"type":"Polygon","coordinates":[[[-106.559182,43.210618],[-106.559184,43.206999],[-106.564128,43.206978],[-106.564134,43.210602],[-106.559182,43.210618]]]}},{"type":"Feature","properties":{"q":"SWSW","ac":39.9},"geometry":{"type":"Polygon","coordinates":[[[-106.598703,43.195987],[-106.603647,43.195984],[-106.603673,43.199602],[-106.598727,43.199608],[-106.598703,43.195987]]]}},{"type":"Feature","properties":{"q":"NWSE","ac":39.9},"geometry":{"type":"Polygon","coordinates":[[[-106.613588,43.203202],[-106.608643,43.203211],[-106.608613,43.199594],[-106.613554,43.199586],[-106.613588,43.203202]]]}},{"type":"Feature","properties":{"q":"NWSE","ac":40.0},"geometry":{"type":"Polygon","coordinates":[[[-106.549377,43.18527],[-106.554303,43.185277],[-106.554293,43.188919],[-106.54937,43.188908],[-106.549377,43.18527]]]}},{"type":"Feature","properties":{"q":"NESW","ac":40.1},"geometry":{"type":"Polygon","coordinates":[[[-106.578957,43.185151],[-106.578948,43.188786],[-106.574013,43.188838],[-106.574023,43.185198],[-106.578957,43.185151]]]}},{"type":"Feature","properties":{"q":"2","ac":39.9},"geometry":{"type":"Polygon","coordinates":[[[-106.55424,43.207019],[-106.554229,43.210634],[-106.549276,43.21065],[-106.549281,43.20704],[-106.55424,43.207019]]]}},{"type":"Feature","properties":{"q":"SWNW","ac":40.1},"geometry":{"type":"Polygon","coordinates":[[[-106.559217,43.18893],[-106.564141,43.18894],[-106.564125,43.192589],[-106.559204,43.192575],[-106.559217,43.18893]]]}},{"type":"Feature","properties":{"q":"3","ac":39.1},"geometry":{"type":"Polygon","coordinates":[[[-106.539456,43.210635],[-106.534588,43.210604],[-106.534596,43.207002],[-106.539459,43.207031],[-106.539456,43.210635]]]}},{"type":"Feature","properties":{"q":"3","ac":40.3},"geometry":{"type":"Polygon","coordinates":[[[-106.593826,43.206862],[-106.598776,43.206849],[-106.598801,43.210494],[-106.593849,43.210512],[-106.593826,43.206862]]]}},{"type":"Feature","properties":{"q":"NENW","ac":40.1},"geometry":{"type":"Polygon","coordinates":[[[-106.57894,43.192421],[-106.578931,43.196056],[-106.573991,43.196117],[-106.574002,43.192477],[-106.57894,43.192421]]]}},{"type":"Feature","properties":{"q":"SESW","ac":39.8},"geometry":{"type":"Polygon","coordinates":[[[-106.578931,43.196056],[-106.578946,43.199674],[-106.574003,43.199722],[-106.573991,43.196117],[-106.578931,43.196056]]]}},{"type":"Feature","properties":{"q":"NESE","ac":40.1},"geometry":{"type":"Polygon","coordinates":[[[-106.544322,43.203433],[-106.544379,43.199798],[-106.549321,43.199803],[-106.549287,43.203424],[-106.544322,43.203433]]]}},{"type":"Feature","properties":{"q":"NENE","ac":40.0},"geometry":{"type":"Polygon","coordinates":[[[-106.588821,43.192366],[-106.588815,43.195993],[-106.583871,43.195996],[-106.583878,43.192365],[-106.588821,43.192366]]]}},{"type":"Feature","properties":{"q":"SENE","ac":40.1},"geometry":{"type":"Polygon","coordinates":[[[-106.588876,43.206874],[-106.583925,43.206887],[-106.583906,43.203257],[-106.588855,43.203248],[-106.588876,43.206874]]]}},{"type":"Feature","properties":{"q":"SENE","ac":40.0},"geometry":{"type":"Polygon","coordinates":[[[-106.583884,43.188735],[-106.588828,43.188738],[-106.588821,43.192366],[-106.583878,43.192365],[-106.583884,43.188735]]]}},{"type":"Feature","properties":{"q":"NWNW","ac":39.9},"geometry":{"type":"Polygon","coordinates":[[[-106.598709,43.192366],[-106.603652,43.192366],[-106.603647,43.195984],[-106.598703,43.195987],[-106.598709,43.192366]]]}},{"type":"Feature","properties":{"q":"1","ac":40.1},"geometry":{"type":"Polygon","coordinates":[[[-106.564128,43.206978],[-106.569077,43.206955],[-106.569087,43.210588],[-106.564134,43.210602],[-106.564128,43.206978]]]}},{"type":"Feature","properties":{"q":"NENW","ac":39.8},"geometry":{"type":"Polygon","coordinates":[[[-106.613534,43.177888],[-106.618469,43.177886],[-106.618464,43.181497],[-106.613532,43.181501],[-106.613534,43.177888]]]}},{"type":"Feature","properties":{"q":"SESW","ac":39.7},"geometry":{"type":"Polygon","coordinates":[[[-106.53462,43.196109],[-106.539528,43.196136],[-106.539496,43.19977],[-106.534612,43.199741],[-106.53462,43.196109]]]}},{"type":"Feature","properties":{"q":"SWNW","ac":39.6},"geometry":{"type":"Polygon","coordinates":[[[-106.519935,43.203279],[-106.524826,43.203313],[-106.524839,43.206943],[-106.51996,43.206909],[-106.519935,43.203279]]]}},{"type":"Feature","properties":{"q":"SWNE","ac":39.8},"geometry":{"type":"Polygon","coordinates":[[[-106.613525,43.188736],[-106.613522,43.192352],[-106.608587,43.192359],[-106.608591,43.188742],[-106.613525,43.188736]]]}},{"type":"Feature","properties":{"q":"SWSW","ac":39.9},"geometry":{"type":"Polygon","coordinates":[[[-106.598724,43.181502],[-106.603419,43.181512],[-106.603667,43.181512],[-106.603662,43.18513],[-106.598719,43.185124],[-106.598724,43.181502]]]}},{"type":"Feature","properties":{"q":"SESE","ac":39.8},"geometry":{"type":"Polygon","coordinates":[[[-106.603667,43.181512],[-106.608599,43.181507],[-106.608595,43.185124],[-106.603662,43.18513],[-106.603667,43.181512]]]}},{"type":"Feature","properties":{"q":"SESE","ac":39.7},"geometry":{"type":"Polygon","coordinates":[[[-106.524804,43.196054],[-106.529712,43.196081],[-106.529714,43.199712],[-106.524815,43.199683],[-106.524804,43.196054]]]}},{"type":"Feature","properties":{"q":"SESW","ac":40.0},"geometry":{"type":"Polygon","coordinates":[[[-106.534571,43.181582],[-106.539513,43.181605],[-106.539517,43.185238],[-106.534583,43.185214],[-106.534571,43.181582]]]}},{"type":"Feature","properties":{"q":"SENW","ac":39.9},"geometry":{"type":"Polygon","coordinates":[[[-106.618571,43.20681],[-106.613623,43.206819],[-106.613588,43.203202],[-106.618532,43.203194],[-106.618571,43.20681]]]}},{"type":"Feature","properties":{"q":"SESE","ac":39.9},"geometry":{"type":"Polygon","coordinates":[[[-106.549355,43.196183],[-106.549321,43.199803],[-106.544379,43.199798],[-106.544436,43.196164],[-106.549355,43.196183]]]}},{"type":"Feature","properties":{"q":"4","ac":39.2},"geometry":{"type":"Polygon","coordinates":[[[-106.524839,43.206943],[-106.524852,43.210542],[-106.519984,43.210515],[-106.51996,43.206909],[-106.524839,43.206943]]]}},{"type":"Feature","properties":{"q":"SESW","ac":39.8},"geometry":{"type":"Polygon","coordinates":[[[-106.618464,43.181497],[-106.618462,43.185113],[-106.613529,43.185118],[-106.613532,43.181501],[-106.618464,43.181497]]]}},{"type":"Feature","properties":{"q":"NWSE","ac":40.0},"geometry":{"type":"Polygon","coordinates":[[[-106.588828,43.188738],[-106.588834,43.185111],[-106.593776,43.185117],[-106.593771,43.188742],[-106.588828,43.188738]]]}},{"type":"Feature","properties":{"q":"SWSE","ac":39.8},"geometry":{"type":"Polygon","coordinates":[[[-106.549355,43.196183],[-106.554273,43.196201],[-106.554262,43.199808],[-106.549321,43.199803],[-106.549355,43.196183]]]}},{"type":"Feature","properties":{"q":"NWSE","ac":40.0},"geometry":{"type":"Polygon","coordinates":[[[-106.593804,43.203239],[-106.588855,43.203248],[-106.588835,43.19962],[-106.593782,43.199614],[-106.593804,43.203239]]]}},{"type":"Feature","properties":{"q":"SWSE","ac":40.0},"geometry":{"type":"Polygon","coordinates":[[[-106.549385,43.181632],[-106.554313,43.181636],[-106.554303,43.185277],[-106.549377,43.18527],[-106.549385,43.181632]]]}},{"type":"Feature","properties":{"q":"SESW","ac":40.0},"geometry":{"type":"Polygon","coordinates":[[[-106.574034,43.181558],[-106.578966,43.181516],[-106.578957,43.185151],[-106.574023,43.185198],[-106.574034,43.181558]]]}},{"type":"Feature","properties":{"q":"NESE","ac":40.0},"geometry":{"type":"Polygon","coordinates":[[[-106.583891,43.185104],[-106.588834,43.185111],[-106.588828,43.188738],[-106.583884,43.188735],[-106.583891,43.185104]]]}},{"type":"Feature","properties":{"q":"SENW","ac":39.9},"geometry":{"type":"Polygon","coordinates":[[[-106.574015,43.203328],[-106.57896,43.203292],[-106.578976,43.20691],[-106.574027,43.206932],[-106.574015,43.203328]]]}},{"type":"Feature","properties":{"q":"SENE","ac":39.8},"geometry":{"type":"Polygon","coordinates":[[[-106.603657,43.188748],[-106.608591,43.188742],[-106.608587,43.192359],[-106.603652,43.192366],[-106.603657,43.188748]]]}},{"type":"Feature","properties":{"q":"NESW","ac":40.0},"geometry":{"type":"Polygon","coordinates":[[[-106.598727,43.199608],[-106.598751,43.203229],[-106.593804,43.203239],[-106.593782,43.199614],[-106.598727,43.199608]]]}},{"type":"Feature","properties":{"q":"SWNE","ac":39.9},"geometry":{"type":"Polygon","coordinates":[[[-106.613623,43.206819],[-106.608674,43.206828],[-106.608643,43.203211],[-106.613588,43.203202],[-106.613623,43.206819]]]}},{"type":"Feature","properties":{"q":"NWSW","ac":39.9},"geometry":{"type":"Polygon","coordinates":[[[-106.598727,43.199608],[-106.603673,43.199602],[-106.603699,43.203219],[-106.598751,43.203229],[-106.598727,43.199608]]]}},{"type":"Feature","properties":{"q":"4","ac":39.8},"geometry":{"type":"Polygon","coordinates":[[[-106.618464,43.181497],[-106.623392,43.181492],[-106.623387,43.185108],[-106.618462,43.185113],[-106.618464,43.181497]]]}},{"type":"Feature","properties":{"q":"NENE","ac":40.0},"geometry":{"type":"Polygon","coordinates":[[[-106.588837,43.177856],[-106.58884,43.181483],[-106.583897,43.181473],[-106.583894,43.177843],[-106.588837,43.177856]]]}},{"type":"Feature","properties":{"q":"SENE","ac":39.6},"geometry":{"type":"Polygon","coordinates":[[[-106.569068,43.203363],[-106.569077,43.206955],[-106.564128,43.206978],[-106.564121,43.203397],[-106.569068,43.203363]]]}},{"type":"Feature","properties":{"q":"SESE","ac":40.1},"geometry":{"type":"Polygon","coordinates":[[[-106.564156,43.185292],[-106.564171,43.181643],[-106.569103,43.181601],[-106.56909,43.185245],[-106.564156,43.185292]]]}},{"type":"Feature","properties":{"q":"SESW","ac":40.0},"geometry":{"type":"Polygon","coordinates":[[[-106.593759,43.19599],[-106.598703,43.195987],[-106.598727,43.199608],[-106.593782,43.199614],[-106.593759,43.19599]]]}},{"type":"Feature","properties":{"q":"SWNE","ac":39.5},"geometry":{"type":"Polygon","coordinates":[[[-106.5102,43.20684],[-106.510153,43.203212],[-106.515044,43.203246],[-106.51508,43.206874],[-106.5102,43.20684]]]}},{"type":"Feature","properties":{"q":"SWSE","ac":39.9},"geometry":{"type":"Polygon","coordinates":[[[-106.514867,43.185106],[-106.509949,43.185077],[-106.509904,43.18145],[-106.514832,43.181478],[-106.514867,43.185106]]]}},{"type":"Feature","properties":{"q":"SWSE","ac":39.8},"geometry":{"type":"Polygon","coordinates":[[[-106.510056,43.195955],[-106.514972,43.195988],[-106.515008,43.199617],[-106.510104,43.199583],[-106.510056,43.195955]]]}},{"type":"Feature","properties":{"q":"NESE","ac":39.8},"geometry":{"type":"Polygon","coordinates":[[[-106.50503,43.185048],[-106.509949,43.185077],[-106.509993,43.188705],[-106.505084,43.188675],[-106.50503,43.185048]]]}},{"type":"Feature","properties":{"q":"SWNE","ac":39.7},"geometry":{"type":"Polygon","coordinates":[[[-106.509993,43.188705],[-106.514902,43.188735],[-106.514937,43.192361],[-106.510024,43.19233],[-106.509993,43.188705]]]}},{"type":"Feature","properties":{"q":"NWSE","ac":39.6},"geometry":{"type":"Polygon","coordinates":[[[-106.510104,43.199583],[-106.515008,43.199617],[-106.515044,43.203246],[-106.510153,43.203212],[-106.510104,43.199583]]]}},{"type":"Feature","properties":{"q":"SESW","ac":39.8},"geometry":{"type":"Polygon","coordinates":[[[-106.514972,43.195988],[-106.519888,43.196021],[-106.519911,43.19965],[-106.515008,43.199617],[-106.514972,43.195988]]]}},{"type":"Feature","properties":{"q":"NWSE","ac":39.8},"geometry":{"type":"Polygon","coordinates":[[[-106.514867,43.185106],[-106.514902,43.188735],[-106.509993,43.188705],[-106.509949,43.185077],[-106.514867,43.185106]]]}},{"type":"Feature","properties":{"q":"1","ac":39.4},"geometry":{"type":"Polygon","coordinates":[[[-106.505321,43.206806],[-106.5102,43.20684],[-106.510248,43.210461],[-106.505379,43.210434],[-106.505321,43.206806]]]}},{"type":"Feature","properties":{"q":"SENE","ac":39.5},"geometry":{"type":"Polygon","coordinates":[[[-106.505262,43.203177],[-106.510153,43.203212],[-106.5102,43.20684],[-106.505321,43.206806],[-106.505262,43.203177]]]}},{"type":"Feature","properties":{"q":"2","ac":39.3},"geometry":{"type":"Polygon","coordinates":[[[-106.5102,43.20684],[-106.51508,43.206874],[-106.515116,43.210488],[-106.510248,43.210461],[-106.5102,43.20684]]]}},{"type":"Feature","properties":{"q":"SENE","ac":39.7},"geometry":{"type":"Polygon","coordinates":[[[-106.505084,43.188675],[-106.509993,43.188705],[-106.510024,43.19233],[-106.505112,43.192299],[-106.505084,43.188675]]]}},{"type":"Feature","properties":{"q":"NENE","ac":39.7},"geometry":{"type":"Polygon","coordinates":[[[-106.510024,43.19233],[-106.510056,43.195955],[-106.505139,43.195922],[-106.505112,43.192299],[-106.510024,43.19233]]]}},{"type":"Feature","properties":{"q":"SESE","ac":39.7},"geometry":{"type":"Polygon","coordinates":[[[-106.505139,43.195922],[-106.510056,43.195955],[-106.510104,43.199583],[-106.505201,43.19955],[-106.505139,43.195922]]]}},{"type":"Feature","properties":{"q":"NESW","ac":39.7},"geometry":{"type":"Polygon","coordinates":[[[-106.515008,43.199617],[-106.519911,43.19965],[-106.519935,43.203279],[-106.515044,43.203246],[-106.515008,43.199617]]]}},{"type":"Feature","properties":{"q":"SESW","ac":39.9},"geometry":{"type":"Polygon","coordinates":[[[-106.514832,43.181478],[-106.519759,43.181506],[-106.519791,43.185135],[-106.514867,43.185106],[-106.514832,43.181478]]]}},{"type":"Feature","properties":{"q":"NESW","ac":39.9},"geometry":{"type":"Polygon","coordinates":[[[-106.519791,43.185135],[-106.519823,43.188764],[-106.514902,43.188735],[-106.514867,43.185106],[-106.519791,43.185135]]]}},{"type":"Feature","properties":{"q":"SENW","ac":39.8},"geometry":{"type":"Polygon","coordinates":[[[-106.519823,43.188764],[-106.519856,43.192393],[-106.514937,43.192361],[-106.514902,43.188735],[-106.519823,43.188764]]]}},{"type":"Feature","properties":{"q":"NESE","ac":39.6},"geometry":{"type":"Polygon","coordinates":[[[-106.510104,43.199583],[-106.510153,43.203212],[-106.505262,43.203177],[-106.505201,43.19955],[-106.510104,43.199583]]]}},{"type":"Feature","properties":{"q":"SENW","ac":39.6},"geometry":{"type":"Polygon","coordinates":[[[-106.519935,43.203279],[-106.51996,43.206909],[-106.51508,43.206874],[-106.515044,43.203246],[-106.519935,43.203279]]]}},{"type":"Feature","properties":{"q":"NWNE","ac":39.8},"geometry":{"type":"Polygon","coordinates":[[[-106.510056,43.195955],[-106.510024,43.19233],[-106.514937,43.192361],[-106.514972,43.195988],[-106.510056,43.195955]]]}},{"type":"Feature","properties":{"q":"SESE","ac":39.8},"geometry":{"type":"Polygon","coordinates":[[[-106.504977,43.181421],[-106.509904,43.18145],[-106.509949,43.185077],[-106.50503,43.185048],[-106.504977,43.181421]]]}},{"type":"Feature","properties":{"q":"NENW","ac":39.8},"geometry":{"type":"Polygon","coordinates":[[[-106.514937,43.192361],[-106.519856,43.192393],[-106.519888,43.196021],[-106.514972,43.195988],[-106.514937,43.192361]]]}},{"type":"Feature","properties":{"q":"3","ac":39.2},"geometry":{"type":"Polygon","coordinates":[[[-106.51996,43.206909],[-106.519984,43.210515],[-106.515116,43.210488],[-106.51508,43.206874],[-106.51996,43.206909]]]}}]}