{"type":"FeatureCollection","note":"BLM Public Land Survey System. Provided by the Bureau of Land Management as is. These data are neither legal documents nor land surveys and must not be used as such.","features":[{"type":"Feature","properties":{"q":"SENW","ac":39.8},"geometry":{"type":"Polygon","coordinates":[[[-105.310641,42.878631],[-105.305728,42.878648],[-105.305722,42.875042],[-105.310629,42.875016],[-105.310641,42.878631]]]}},{"type":"Feature","properties":{"q":"1","ac":40.6},"geometry":{"type":"Polygon","coordinates":[[[-105.301046,42.951109],[-105.301067,42.954768],[-105.296128,42.954814],[-105.296118,42.951132],[-105.301046,42.951109]]]}},{"type":"Feature","properties":{"q":"5","ac":42.3},"geometry":{"type":"Polygon","coordinates":[[[-105.316169,42.947442],[-105.316159,42.951058],[-105.310939,42.951072],[-105.310939,42.947458],[-105.316169,42.947442]]]}},{"type":"Feature","properties":{"q":"SESE","ac":40.1},"geometry":{"type":"Polygon","coordinates":[[[-105.295831,42.885935],[-105.295895,42.882308],[-105.300814,42.882281],[-105.300757,42.885913],[-105.295831,42.885935]]]}},{"type":"Feature","properties":{"q":"2","ac":40.4},"geometry":{"type":"Polygon","coordinates":[[[-105.315606,42.907634],[-105.310647,42.907656],[-105.310583,42.904027],[-105.315553,42.904006],[-105.315606,42.907634]]]}},{"type":"Feature","properties":{"q":"4","ac":40.7},"geometry":{"type":"Polygon","coordinates":[[[-105.315479,42.896749],[-105.315516,42.900377],[-105.310527,42.900397],[-105.310471,42.896766],[-105.315479,42.896749]]]}},{"type":"Feature","properties":{"q":"SESW","ac":40.5},"geometry":{"type":"Polygon","coordinates":[[[-105.305878,42.94017],[-105.310805,42.940151],[-105.310872,42.943805],[-105.30591,42.943822],[-105.305878,42.94017]]]}},{"type":"Feature","properties":{"q":"NWSE","ac":39.5},"geometry":{"type":"Polygon","coordinates":[[[-105.305772,42.914926],[-105.305755,42.918543],[-105.300884,42.918558],[-105.300879,42.914947],[-105.305772,42.914926]]]}},{"type":"Feature","properties":{"q":"SWNW","ac":40.0},"geometry":{"type":"Polygon","coordinates":[[[-105.29107,42.918537],[-105.296013,42.918572],[-105.296041,42.922176],[-105.291095,42.922144],[-105.29107,42.918537]]]}},{"type":"Feature","properties":{"q":"SWSE","ac":38.6},"geometry":{"type":"Polygon","coordinates":[[[-105.300893,42.925833],[-105.305719,42.925885],[-105.305758,42.929431],[-105.300908,42.929412],[-105.300893,42.925833]]]}},{"type":"Feature","properties":{"q":"NESE","ac":40.3},"geometry":{"type":"Polygon","coordinates":[[[-105.236401,42.875353],[-105.236394,42.871742],[-105.241365,42.871653],[-105.241372,42.875265],[-105.236401,42.875353]]]}},{"type":"Feature","properties":{"q":"NWSW","ac":40.2},"geometry":{"type":"Polygon","coordinates":[[[-105.256278,42.871392],[-105.256284,42.874999],[-105.251313,42.875088],[-105.251307,42.871478],[-105.256278,42.871392]]]}},{"type":"Feature","properties":{"q":"NWNW","ac":40.1},"geometry":{"type":"Polygon","coordinates":[[[-105.271328,42.925643],[-105.271322,42.922021],[-105.276258,42.922048],[-105.276274,42.925664],[-105.271328,42.925643]]]}},{"type":"Feature","properties":{"q":"NESW","ac":40.0},"geometry":{"type":"Polygon","coordinates":[[[-105.26639,42.918365],[-105.266393,42.914737],[-105.27131,42.914777],[-105.271316,42.918399],[-105.26639,42.918365]]]}},{"type":"Feature","properties":{"q":"NENE","ac":40.0},"geometry":{"type":"Polygon","coordinates":[[[-105.27621,42.9112],[-105.27617,42.907581],[-105.281097,42.907618],[-105.281147,42.911241],[-105.27621,42.9112]]]}},{"type":"Feature","properties":{"q":"SWSW","ac":40.8},"geometry":{"type":"Polygon","coordinates":[[[-105.271321,42.882191],[-105.276329,42.882183],[-105.27626,42.885818],[-105.27128,42.885833],[-105.271321,42.882191]]]}},{"type":"Feature","properties":{"q":"SENW","ac":40.1},"geometry":{"type":"Polygon","coordinates":[[[-105.26639,42.918365],[-105.271316,42.918399],[-105.271322,42.922021],[-105.266387,42.921993],[-105.26639,42.918365]]]}},{"type":"Feature","properties":{"q":"SWNW","ac":39.7},"geometry":{"type":"Polygon","coordinates":[[[-105.27617,42.907581],[-105.271266,42.907556],[-105.271229,42.903957],[-105.27613,42.903963],[-105.27617,42.907581]]]}},{"type":"Feature","properties":{"q":"SWSW","ac":40.3},"geometry":{"type":"Polygon","coordinates":[[[-105.276233,42.929282],[-105.271281,42.929287],[-105.271328,42.925643],[-105.276274,42.925664],[-105.276233,42.929282]]]}},{"type":"Feature","properties":{"q":"SENW","ac":40.7},"geometry":{"type":"Polygon","coordinates":[[[-105.271185,42.936575],[-105.266218,42.936632],[-105.266273,42.932962],[-105.271233,42.932931],[-105.271185,42.936575]]]}},{"type":"Feature","properties":{"q":"NENW","ac":41.2},"geometry":{"type":"Polygon","coordinates":[[[-105.206551,42.922957],[-105.211523,42.922835],[-105.21159,42.926525],[-105.206601,42.926638],[-105.206551,42.922957]]]}},{"type":"Feature","properties":{"q":"SESW","ac":40.4},"geometry":{"type":"Polygon","coordinates":[[[-105.22646,42.886287],[-105.226468,42.88267],[-105.231441,42.882623],[-105.231442,42.886241],[-105.22646,42.886287]]]}},{"type":"Feature","properties":{"q":"SWSW","ac":40.7},"geometry":{"type":"Polygon","coordinates":[[[-105.23645,42.897056],[-105.236454,42.900677],[-105.231435,42.900712],[-105.231443,42.897096],[-105.23645,42.897056]]]}},{"type":"Feature","properties":{"q":"NESW","ac":40.8},"geometry":{"type":"Polygon","coordinates":[[[-105.251361,42.885957],[-105.251396,42.889609],[-105.246408,42.889678],[-105.246382,42.886037],[-105.251361,42.885957]]]}},{"type":"Feature","properties":{"q":"NWNE","ac":40.7},"geometry":{"type":"Polygon","coordinates":[[[-105.206779,42.937687],[-105.206839,42.94137],[-105.201912,42.941466],[-105.201837,42.937788],[-105.206779,42.937687]]]}},{"type":"Feature","properties":{"q":"SWNW","ac":40.7},"geometry":{"type":"Polygon","coordinates":[[[-105.23156,42.933507],[-105.236535,42.933411],[-105.236513,42.937064],[-105.231551,42.93717],[-105.23156,42.933507]]]}},{"type":"Feature","properties":{"q":"SWSE","ac":40.9},"geometry":{"type":"Polygon","coordinates":[[[-105.261304,42.882207],[-105.266313,42.882199],[-105.2663,42.885848],[-105.26132,42.885863],[-105.261304,42.882207]]]}},{"type":"Feature","properties":{"q":"SWSE","ac":39.2},"geometry":{"type":"Polygon","coordinates":[[[-105.261365,42.89683],[-105.26626,42.896795],[-105.266294,42.900374],[-105.261396,42.900388],[-105.261365,42.89683]]]}},{"type":"Feature","properties":{"q":"SESE","ac":41.1},"geometry":{"type":"Polygon","coordinates":[[[-105.256493,42.925579],[-105.261438,42.9256],[-105.261376,42.929296],[-105.256423,42.929301],[-105.256493,42.925579]]]}},{"type":"Feature","properties":{"q":"NENW","ac":40.9},"geometry":{"type":"Polygon","coordinates":[[[-105.25143,42.893261],[-105.251465,42.896913],[-105.24646,42.896961],[-105.246434,42.893319],[-105.25143,42.893261]]]}},{"type":"Feature","properties":{"q":"NWSE","ac":40.1},"geometry":{"type":"Polygon","coordinates":[[[-105.261477,42.914697],[-105.266393,42.914737],[-105.26639,42.918365],[-105.261464,42.918332],[-105.261477,42.914697]]]}},{"type":"Feature","properties":{"q":"SENE","ac":40.1},"geometry":{"type":"Polygon","coordinates":[[[-105.216731,42.948496],[-105.221659,42.948367],[-105.221667,42.952004],[-105.21675,42.952136],[-105.216731,42.948496]]]}},{"type":"Feature","properties":{"q":"SENE","ac":40.5},"geometry":{"type":"Polygon","coordinates":[[[-105.261335,42.889519],[-105.26135,42.893175],[-105.256427,42.893203],[-105.256383,42.88954],[-105.261335,42.889519]]]}},{"type":"Feature","properties":{"q":"SWNE","ac":40.9},"geometry":{"type":"Polygon","coordinates":[[[-105.206501,42.919276],[-105.206551,42.922957],[-105.201579,42.923079],[-105.201545,42.919407],[-105.206501,42.919276]]]}},{"type":"Feature","properties":{"q":"SWNW","ac":41.2},"geometry":{"type":"Polygon","coordinates":[[[-105.256353,42.933022],[-105.256283,42.936744],[-105.25134,42.936824],[-105.251399,42.93312],[-105.256353,42.933022]]]}},{"type":"Feature","properties":{"q":"NWSW","ac":41.2},"geometry":{"type":"Polygon","coordinates":[[[-105.236494,42.915181],[-105.236522,42.918822],[-105.231495,42.918871],[-105.231452,42.915215],[-105.236494,42.915181]]]}},{"type":"Feature","properties":{"q":"SENE","ac":40.7},"geometry":{"type":"Polygon","coordinates":[[[-105.196728,42.952452],[-105.196786,42.948826],[-105.201782,42.948744],[-105.201738,42.952373],[-105.196728,42.952452]]]}},{"type":"Feature","properties":{"q":"SWSE","ac":40.3},"geometry":{"type":"Polygon","coordinates":[[[-105.206839,42.94137],[-105.206809,42.945015],[-105.201847,42.945105],[-105.201912,42.941466],[-105.206839,42.94137]]]}},{"type":"Feature","properties":{"q":"SWNE","ac":40.5},"geometry":{"type":"Polygon","coordinates":[[[-105.226452,42.889903],[-105.226444,42.893519],[-105.221445,42.893561],[-105.221461,42.889947],[-105.226452,42.889903]]]}},{"type":"Feature","properties":{"q":"SWSE","ac":40.3},"geometry":{"type":"Polygon","coordinates":[[[-105.305536,42.896783],[-105.305599,42.900415],[-105.30066,42.900434],[-105.300589,42.896799],[-105.305536,42.896783]]]}},{"type":"Feature","properties":{"q":"SESE","ac":39.7},"geometry":{"type":"Polygon","coordinates":[[[-105.295958,42.911363],[-105.300874,42.911336],[-105.300879,42.914947],[-105.295986,42.914968],[-105.295958,42.911363]]]}},{"type":"Feature","properties":{"q":"4","ac":41.4},"geometry":{"type":"Polygon","coordinates":[[[-105.291098,42.954798],[-105.291093,42.951119],[-105.296118,42.951132],[-105.296128,42.954814],[-105.291098,42.954798]]]}},{"type":"Feature","properties":{"q":"NWNE","ac":39.6},"geometry":{"type":"Polygon","coordinates":[[[-105.305838,42.936573],[-105.305878,42.94017],[-105.300952,42.940198],[-105.300937,42.936595],[-105.305838,42.936573]]]}},{"type":"Feature","properties":{"q":"SWNE","ac":39.9},"geometry":{"type":"Polygon","coordinates":[[[-105.281084,42.889481],[-105.285979,42.889508],[-105.285913,42.893139],[-105.281016,42.893114],[-105.281084,42.889481]]]}},{"type":"Feature","properties":{"q":"NWNE","ac":39.9},"geometry":{"type":"Polygon","coordinates":[[[-105.285913,42.893139],[-105.285846,42.89677],[-105.280948,42.896747],[-105.281016,42.893114],[-105.285913,42.893139]]]}},{"type":"Feature","properties":{"q":"SWNW","ac":40.8},"geometry":{"type":"Polygon","coordinates":[[[-105.291088,42.947488],[-105.296108,42.947503],[-105.296118,42.951132],[-105.291093,42.951119],[-105.291088,42.947488]]]}},{"type":"Feature","properties":{"q":"NENW","ac":40.0},"geometry":{"type":"Polygon","coordinates":[[[-105.305737,42.922214],[-105.31062,42.922177],[-105.31059,42.925826],[-105.305719,42.925885],[-105.305737,42.922214]]]}},{"type":"Feature","properties":{"q":"SESE","ac":40.3},"geometry":{"type":"Polygon","coordinates":[[[-105.241359,42.868041],[-105.241365,42.871653],[-105.236394,42.871742],[-105.236388,42.868131],[-105.241359,42.868041]]]}},{"type":"Feature","properties":{"q":"SWSE","ac":40.5},"geometry":{"type":"Polygon","coordinates":[[[-105.206577,42.868373],[-105.206575,42.872005],[-105.201605,42.872047],[-105.20161,42.868406],[-105.206577,42.868373]]]}},{"type":"Feature","properties":{"q":"SESE","ac":40.0},"geometry":{"type":"Polygon","coordinates":[[[-105.276226,42.914816],[-105.27621,42.9112],[-105.281147,42.911241],[-105.281166,42.914854],[-105.276226,42.914816]]]}},{"type":"Feature","properties":{"q":"NENW","ac":39.5},"geometry":{"type":"Polygon","coordinates":[[[-105.271303,42.911154],[-105.266397,42.911108],[-105.266362,42.90753],[-105.271266,42.907556],[-105.271303,42.911154]]]}},{"type":"Feature","properties":{"q":"NESE","ac":40.4},"geometry":{"type":"Polygon","coordinates":[[[-105.221659,42.948367],[-105.216731,42.948496],[-105.216711,42.944836],[-105.22165,42.944715],[-105.221659,42.948367]]]}},{"type":"Feature","properties":{"q":"NENE","ac":40.7},"geometry":{"type":"Polygon","coordinates":[[[-105.241485,42.907809],[-105.241494,42.911409],[-105.236465,42.911539],[-105.236461,42.907918],[-105.241485,42.907809]]]}},{"type":"Feature","properties":{"q":"NESW","ac":40.6},"geometry":{"type":"Polygon","coordinates":[[[-105.206779,42.948661],[-105.206809,42.945015],[-105.21176,42.944926],[-105.211755,42.948579],[-105.206779,42.948661]]]}},{"type":"Feature","properties":{"q":"SENW","ac":40.2},"geometry":{"type":"Polygon","coordinates":[[[-105.246492,42.90412],[-105.251509,42.90403],[-105.251531,42.907589],[-105.246508,42.907699],[-105.246492,42.90412]]]}},{"type":"Feature","properties":{"q":"NWSE","ac":40.9},"geometry":{"type":"Polygon","coordinates":[[[-105.261313,42.932992],[-105.261376,42.929296],[-105.266328,42.929292],[-105.266273,42.932962],[-105.261313,42.932992]]]}},{"type":"Feature","properties":{"q":"SWSE","ac":40.0},"geometry":{"type":"Polygon","coordinates":[[[-105.266397,42.911108],[-105.266393,42.914737],[-105.261477,42.914697],[-105.26149,42.911062],[-105.266397,42.911108]]]}},{"type":"Feature","properties":{"q":"SWNE","ac":40.7},"geometry":{"type":"Polygon","coordinates":[[[-105.261061,42.951358],[-105.261091,42.947717],[-105.266092,42.947626],[-105.266057,42.951262],[-105.261061,42.951358]]]}},{"type":"Feature","properties":{"q":"NESW","ac":40.9},"geometry":{"type":"Polygon","coordinates":[[[-105.23157,42.929845],[-105.23156,42.933507],[-105.226585,42.933603],[-105.226582,42.929931],[-105.23157,42.929845]]]}},{"type":"Feature","properties":{"q":"NENW","ac":40.7},"geometry":{"type":"Polygon","coordinates":[[[-105.211721,42.937586],[-105.211765,42.941273],[-105.206839,42.94137],[-105.206779,42.937687],[-105.211721,42.937586]]]}},{"type":"Feature","properties":{"q":"SWSW","ac":41.3},"geometry":{"type":"Polygon","coordinates":[[[-105.236465,42.911539],[-105.236494,42.915181],[-105.231452,42.915215],[-105.23141,42.911559],[-105.236465,42.911539]]]}},{"type":"Feature","properties":{"q":"2","ac":40.5},"geometry":{"type":"Polygon","coordinates":[[[-105.241332,42.951568],[-105.246251,42.95153],[-105.246217,42.95522],[-105.241307,42.955245],[-105.241332,42.951568]]]}},{"type":"Feature","properties":{"q":"SWNE","ac":40.2},"geometry":{"type":"Polygon","coordinates":[[[-105.20645,42.904659],[-105.206425,42.908286],[-105.201493,42.908421],[-105.201509,42.90478],[-105.20645,42.904659]]]}},{"type":"Feature","properties":{"q":"SWNE","ac":40.9},"geometry":{"type":"Polygon","coordinates":[[[-105.221626,42.937381],[-105.22161,42.933699],[-105.226585,42.933603],[-105.226588,42.937275],[-105.221626,42.937381]]]}},{"type":"Feature","properties":{"q":"SWNW","ac":41.1},"geometry":{"type":"Polygon","coordinates":[[[-105.216412,42.919014],[-105.216496,42.922713],[-105.211523,42.922835],[-105.211457,42.919145],[-105.216412,42.919014]]]}},{"type":"Feature","properties":{"q":"NWSE","ac":40.3},"geometry":{"type":"Polygon","coordinates":[[[-105.246318,42.944243],[-105.246284,42.947895],[-105.241357,42.947938],[-105.241389,42.944296],[-105.246318,42.944243]]]}},{"type":"Feature","properties":{"q":"SESE","ac":40.5},"geometry":{"type":"Polygon","coordinates":[[[-105.201579,42.886602],[-105.196608,42.886677],[-105.196615,42.88304],[-105.201592,42.882971],[-105.201579,42.886602]]]}},{"type":"Feature","properties":{"q":"NENE","ac":40.8},"geometry":{"type":"Polygon","coordinates":[[[-105.221332,42.907993],[-105.2213,42.911598],[-105.216245,42.911617],[-105.216289,42.908017],[-105.221332,42.907993]]]}},{"type":"Feature","properties":{"q":"NWSE","ac":40.6},"geometry":{"type":"Polygon","coordinates":[[[-105.246382,42.886037],[-105.246408,42.889678],[-105.24142,42.889747],[-105.241403,42.886117],[-105.246382,42.886037]]]}},{"type":"Feature","properties":{"q":"SENW","ac":39.7},"geometry":{"type":"Polygon","coordinates":[[[-105.286099,42.878625],[-105.286085,42.875004],[-105.290985,42.875048],[-105.290994,42.878663],[-105.286099,42.878625]]]}},{"type":"Feature","properties":{"q":"SESE","ac":39.9},"geometry":{"type":"Polygon","coordinates":[[[-105.295876,42.867877],[-105.300794,42.867833],[-105.300799,42.87145],[-105.29588,42.871485],[-105.295876,42.867877]]]}},{"type":"Feature","properties":{"q":"SESW","ac":39.8},"geometry":{"type":"Polygon","coordinates":[[[-105.290967,42.867822],[-105.290976,42.871435],[-105.286072,42.871386],[-105.286059,42.867767],[-105.290967,42.867822]]]}},{"type":"Feature","properties":{"q":"SWNE","ac":39.8},"geometry":{"type":"Polygon","coordinates":[[[-105.300804,42.875067],[-105.305722,42.875042],[-105.305728,42.878648],[-105.300809,42.878674],[-105.300804,42.875067]]]}},{"type":"Feature","properties":{"q":"SWNW","ac":39.7},"geometry":{"type":"Polygon","coordinates":[[[-105.295885,42.875093],[-105.29589,42.878701],[-105.290994,42.878663],[-105.290985,42.875048],[-105.295885,42.875093]]]}},{"type":"Feature","properties":{"q":"NENW","ac":39.8},"geometry":{"type":"Polygon","coordinates":[[[-105.310641,42.878631],[-105.310654,42.882246],[-105.305733,42.882254],[-105.305728,42.878648],[-105.310641,42.878631]]]}},{"type":"Feature","properties":{"q":"NENE","ac":40.1},"geometry":{"type":"Polygon","coordinates":[[[-105.295879,42.907726],[-105.300803,42.907702],[-105.300874,42.911336],[-105.295958,42.911363],[-105.295879,42.907726]]]}},{"type":"Feature","properties":{"q":"4","ac":40.3},"geometry":{"type":"Polygon","coordinates":[[[-105.315658,42.911262],[-105.315646,42.914888],[-105.31068,42.914907],[-105.310711,42.911286],[-105.315658,42.911262]]]}},{"type":"Feature","properties":{"q":"SWSE","ac":39.9},"geometry":{"type":"Polygon","coordinates":[[[-105.285846,42.89677],[-105.285906,42.900398],[-105.280998,42.900371],[-105.280948,42.896747],[-105.285846,42.89677]]]}},{"type":"Feature","properties":{"q":"SWSW","ac":40.7},"geometry":{"type":"Polygon","coordinates":[[[-105.291047,42.940205],[-105.296025,42.940227],[-105.296067,42.943865],[-105.291068,42.943847],[-105.291047,42.940205]]]}},{"type":"Feature","properties":{"q":"NWSW","ac":39.8},"geometry":{"type":"Polygon","coordinates":[[[-105.290874,42.889535],[-105.290938,42.885906],[-105.295831,42.885935],[-105.295768,42.889561],[-105.290874,42.889535]]]}},{"type":"Feature","properties":{"q":"SWNE","ac":39.9},"geometry":{"type":"Polygon","coordinates":[[[-105.305942,42.947474],[-105.305973,42.951085],[-105.301046,42.951109],[-105.301025,42.947488],[-105.305942,42.947474]]]}},{"type":"Feature","properties":{"q":"SESE","ac":39.0},"geometry":{"type":"Polygon","coordinates":[[[-105.296068,42.92578],[-105.300893,42.925833],[-105.300908,42.929412],[-105.296057,42.929392],[-105.296068,42.92578]]]}},{"type":"Feature","properties":{"q":"NENE","ac":40.2},"geometry":{"type":"Polygon","coordinates":[[[-105.300645,42.893172],[-105.300589,42.896799],[-105.295642,42.896815],[-105.295705,42.893188],[-105.300645,42.893172]]]}},{"type":"Feature","properties":{"q":"NESW","ac":40.9},"geometry":{"type":"Polygon","coordinates":[[[-105.291068,42.943847],[-105.291088,42.947488],[-105.286068,42.947473],[-105.286068,42.943828],[-105.291068,42.943847]]]}},{"type":"Feature","properties":{"q":"NENW","ac":40.1},"geometry":{"type":"Polygon","coordinates":[[[-105.290952,42.90769],[-105.291021,42.911323],[-105.286084,42.911282],[-105.286025,42.907654],[-105.290952,42.90769]]]}},{"type":"Feature","properties":{"q":"SWNE","ac":40.8},"geometry":{"type":"Polygon","coordinates":[[[-105.28106,42.947458],[-105.286068,42.947473],[-105.286068,42.951106],[-105.281048,42.951093],[-105.28106,42.947458]]]}},{"type":"Feature","properties":{"q":"SESE","ac":40.0},"geometry":{"type":"Polygon","coordinates":[[[-105.276242,42.867645],[-105.28115,42.867706],[-105.281168,42.871333],[-105.276264,42.871279],[-105.276242,42.867645]]]}},{"type":"Feature","properties":{"q":"SWSE","ac":40.3},"geometry":{"type":"Polygon","coordinates":[[[-105.241359,42.868041],[-105.24633,42.867951],[-105.246336,42.871564],[-105.241365,42.871653],[-105.241359,42.868041]]]}},{"type":"Feature","properties":{"q":"NESW","ac":40.3},"geometry":{"type":"Polygon","coordinates":[[[-105.251307,42.871478],[-105.251313,42.875088],[-105.246343,42.875177],[-105.246336,42.871564],[-105.251307,42.871478]]]}},{"type":"Feature","properties":{"q":"SWSE","ac":40.5},"geometry":{"type":"Polygon","coordinates":[[[-105.261264,42.86775],[-105.266257,42.867716],[-105.266271,42.871337],[-105.261274,42.871364],[-105.261264,42.86775]]]}},{"type":"Feature","properties":{"q":"NESE","ac":40.6},"geometry":{"type":"Polygon","coordinates":[[[-105.196629,42.875739],[-105.196635,42.872089],[-105.201605,42.872047],[-105.201601,42.875688],[-105.196629,42.875739]]]}},{"type":"Feature","properties":{"q":"NESE","ac":40.3},"geometry":{"type":"Polygon","coordinates":[[[-105.216517,42.875534],[-105.216515,42.87192],[-105.221485,42.871875],[-105.221488,42.87549],[-105.216517,42.875534]]]}},{"type":"Feature","properties":{"q":"NESW","ac":40.3},"geometry":{"type":"Polygon","coordinates":[[[-105.226459,42.875444],[-105.226455,42.87183],[-105.231425,42.871786],[-105.23143,42.875399],[-105.226459,42.875444]]]}},{"type":"Feature","properties":{"q":"NWSW","ac":39.9},"geometry":{"type":"Polygon","coordinates":[[[-105.276226,42.914816],[-105.276242,42.918432],[-105.271316,42.918399],[-105.27131,42.914777],[-105.276226,42.914816]]]}},{"type":"Feature","properties":{"q":"SENE","ac":40.1},"geometry":{"type":"Polygon","coordinates":[[[-105.276242,42.918432],[-105.281185,42.918467],[-105.281203,42.92208],[-105.276258,42.922048],[-105.276242,42.918432]]]}},{"type":"Feature","properties":{"q":"NWSW","ac":40.8},"geometry":{"type":"Polygon","coordinates":[[[-105.276083,42.94379],[-105.276052,42.947443],[-105.271072,42.947535],[-105.271105,42.943877],[-105.276083,42.94379]]]}},{"type":"Feature","properties":{"q":"NWNW","ac":40.4},"geometry":{"type":"Polygon","coordinates":[[[-105.271185,42.936575],[-105.276153,42.936519],[-105.276113,42.940137],[-105.271138,42.940219],[-105.271185,42.936575]]]}},{"type":"Feature","properties":{"q":"NESE","ac":39.9},"geometry":{"type":"Polygon","coordinates":[[[-105.27619,42.889454],[-105.27626,42.885818],[-105.281153,42.885848],[-105.281084,42.889481],[-105.27619,42.889454]]]}},{"type":"Feature","properties":{"q":"3","ac":40.3},"geometry":{"type":"Polygon","coordinates":[[[-105.231499,42.951739],[-105.231489,42.955404],[-105.226583,42.955538],[-105.226585,42.951871],[-105.231499,42.951739]]]}},{"type":"Feature","properties":{"q":"SENE","ac":40.6},"geometry":{"type":"Polygon","coordinates":[[[-105.241438,42.893378],[-105.236441,42.893436],[-105.236433,42.889816],[-105.24142,42.889747],[-105.241438,42.893378]]]}},{"type":"Feature","properties":{"q":"SENW","ac":40.6},"geometry":{"type":"Polygon","coordinates":[[[-105.211755,42.948579],[-105.211749,42.952215],[-105.206749,42.952294],[-105.206779,42.948661],[-105.211755,42.948579]]]}},{"type":"Feature","properties":{"q":"NESW","ac":40.9},"geometry":{"type":"Polygon","coordinates":[[[-105.251544,42.914788],[-105.251534,42.918429],[-105.24653,42.918561],[-105.246527,42.914919],[-105.251544,42.914788]]]}},{"type":"Feature","properties":{"q":"NENW","ac":41.1},"geometry":{"type":"Polygon","coordinates":[[[-105.231537,42.922526],[-105.23158,42.926182],[-105.22658,42.926258],[-105.226523,42.922589],[-105.231537,42.922526]]]}},{"type":"Feature","properties":{"q":"SENE","ac":41.2},"geometry":{"type":"Polygon","coordinates":[[[-105.26125,42.936688],[-105.256283,42.936744],[-105.256353,42.933022],[-105.261313,42.932992],[-105.26125,42.936688]]]}},{"type":"Feature","properties":{"q":"NESE","ac":40.1},"geometry":{"type":"Polygon","coordinates":[[[-105.241389,42.944296],[-105.241357,42.947938],[-105.23643,42.94798],[-105.236461,42.944349],[-105.241389,42.944296]]]}},{"type":"Feature","properties":{"q":"NWSE","ac":40.9},"geometry":{"type":"Polygon","coordinates":[[[-105.24151,42.91505],[-105.246527,42.914919],[-105.24653,42.918561],[-105.241526,42.918692],[-105.24151,42.91505]]]}},{"type":"Feature","properties":{"q":"SWNE","ac":40.4},"geometry":{"type":"Polygon","coordinates":[[[-105.266286,42.889497],[-105.266273,42.893146],[-105.26135,42.893175],[-105.261335,42.889519],[-105.266286,42.889497]]]}},{"type":"Feature","properties":{"q":"NWSW","ac":40.7},"geometry":{"type":"Polygon","coordinates":[[[-105.216711,42.944836],[-105.216731,42.948496],[-105.211755,42.948579],[-105.21176,42.944926],[-105.216711,42.944836]]]}},{"type":"Feature","properties":{"q":"NESW","ac":40.7},"geometry":{"type":"Polygon","coordinates":[[[-105.226416,42.900747],[-105.231435,42.900712],[-105.231426,42.904328],[-105.226395,42.904357],[-105.226416,42.900747]]]}},{"type":"Feature","properties":{"q":"2","ac":40.8},"geometry":{"type":"Polygon","coordinates":[[[-105.310629,42.875016],[-105.315664,42.874989],[-105.31566,42.878613],[-105.310641,42.878631],[-105.310629,42.875016]]]}},{"type":"Feature","properties":{"q":"3","ac":41.1},"geometry":{"type":"Polygon","coordinates":[[[-105.310629,42.875016],[-105.31063,42.871391],[-105.315697,42.871365],[-105.315664,42.874989],[-105.310629,42.875016]]]}},{"type":"Feature","properties":{"q":"2","ac":40.3},"geometry":{"type":"Polygon","coordinates":[[[-105.305973,42.951085],[-105.306005,42.954723],[-105.301067,42.954768],[-105.301046,42.951109],[-105.305973,42.951085]]]}},{"type":"Feature","properties":{"q":"3","ac":40.5},"geometry":{"type":"Polygon","coordinates":[[[-105.310583,42.904027],[-105.310527,42.900397],[-105.315516,42.900377],[-105.315553,42.904006],[-105.310583,42.904027]]]}},{"type":"Feature","properties":{"q":"SENE","ac":40.0},"geometry":{"type":"Polygon","coordinates":[[[-105.301025,42.947488],[-105.301046,42.951109],[-105.296118,42.951132],[-105.296108,42.947503],[-105.301025,42.947488]]]}},{"type":"Feature","properties":{"q":"NESW","ac":40.1},"geometry":{"type":"Polygon","coordinates":[[[-105.310527,42.900397],[-105.310583,42.904027],[-105.305663,42.904048],[-105.305599,42.900415],[-105.310527,42.900397]]]}},{"type":"Feature","properties":{"q":"NWNW","ac":39.8},"geometry":{"type":"Polygon","coordinates":[[[-105.295705,42.893188],[-105.295642,42.896815],[-105.290744,42.896792],[-105.290809,42.893164],[-105.295705,42.893188]]]}},{"type":"Feature","properties":{"q":"SWNW","ac":40.1},"geometry":{"type":"Polygon","coordinates":[[[-105.290883,42.904058],[-105.2958,42.904089],[-105.295879,42.907726],[-105.290952,42.90769],[-105.290883,42.904058]]]}},{"type":"Feature","properties":{"q":"SENW","ac":40.1},"geometry":{"type":"Polygon","coordinates":[[[-105.305737,42.922214],[-105.305755,42.918543],[-105.31065,42.918528],[-105.31062,42.922177],[-105.305737,42.922214]]]}},{"type":"Feature","properties":{"q":"NWNE","ac":39.8},"geometry":{"type":"Polygon","coordinates":[[[-105.300814,42.882281],[-105.300809,42.878674],[-105.305728,42.878648],[-105.305733,42.882254],[-105.300814,42.882281]]]}},{"type":"Feature","properties":{"q":"SENW","ac":40.2},"geometry":{"type":"Polygon","coordinates":[[[-105.291083,42.932978],[-105.291065,42.936592],[-105.286094,42.936568],[-105.28612,42.932953],[-105.291083,42.932978]]]}},{"type":"Feature","properties":{"q":"SWSW","ac":40.1},"geometry":{"type":"Polygon","coordinates":[[[-105.296057,42.929392],[-105.291101,42.929365],[-105.291119,42.925751],[-105.296068,42.92578],[-105.296057,42.929392]]]}},{"type":"Feature","properties":{"q":"SWSE","ac":39.9},"geometry":{"type":"Polygon","coordinates":[[[-105.281221,42.882214],[-105.286112,42.882246],[-105.286045,42.885877],[-105.281153,42.885848],[-105.281221,42.882214]]]}},{"type":"Feature","properties":{"q":"4","ac":40.4},"geometry":{"type":"Polygon","coordinates":[[[-105.310644,42.929394],[-105.31059,42.925826],[-105.315609,42.925764],[-105.315686,42.929356],[-105.310644,42.929394]]]}},{"type":"Feature","properties":{"q":"SESW","ac":40.3},"geometry":{"type":"Polygon","coordinates":[[[-105.226455,42.87183],[-105.22645,42.868216],[-105.231419,42.868173],[-105.231425,42.871786],[-105.226455,42.87183]]]}},{"type":"Feature","properties":{"q":"SWNW","ac":40.4},"geometry":{"type":"Polygon","coordinates":[[[-105.211544,42.879209],[-105.211545,42.875586],[-105.216517,42.875534],[-105.216518,42.879149],[-105.211544,42.879209]]]}},{"type":"Feature","properties":{"q":"SWNE","ac":40.3},"geometry":{"type":"Polygon","coordinates":[[[-105.221491,42.879103],[-105.221488,42.87549],[-105.226459,42.875444],[-105.226463,42.879057],[-105.221491,42.879103]]]}},{"type":"Feature","properties":{"q":"SWNW","ac":40.6},"geometry":{"type":"Polygon","coordinates":[[[-105.271072,42.947535],[-105.276052,42.947443],[-105.276029,42.95108],[-105.271043,42.951171],[-105.271072,42.947535]]]}},{"type":"Feature","properties":{"q":"SENW","ac":39.4},"geometry":{"type":"Polygon","coordinates":[[[-105.266328,42.903952],[-105.271229,42.903957],[-105.271266,42.907556],[-105.266362,42.90753],[-105.266328,42.903952]]]}},{"type":"Feature","properties":{"q":"SENE","ac":40.8},"geometry":{"type":"Polygon","coordinates":[[[-105.276052,42.947443],[-105.28106,42.947458],[-105.281048,42.951093],[-105.276029,42.95108],[-105.276052,42.947443]]]}},{"type":"Feature","properties":{"q":"SWSW","ac":39.6},"geometry":{"type":"Polygon","coordinates":[[[-105.27609,42.900344],[-105.271192,42.900359],[-105.271155,42.89676],[-105.27605,42.896725],[-105.27609,42.900344]]]}},{"type":"Feature","properties":{"q":"SWSW","ac":39.8},"geometry":{"type":"Polygon","coordinates":[[[-105.271303,42.911154],[-105.27621,42.9112],[-105.276226,42.914816],[-105.27131,42.914777],[-105.271303,42.911154]]]}},{"type":"Feature","properties":{"q":"SWSE","ac":40.3},"geometry":{"type":"Polygon","coordinates":[[[-105.241389,42.944296],[-105.241421,42.940654],[-105.246352,42.940591],[-105.246318,42.944243],[-105.241389,42.944296]]]}},{"type":"Feature","properties":{"q":"1","ac":41.5},"geometry":{"type":"Polygon","coordinates":[[[-105.261061,42.951358],[-105.261029,42.95506],[-105.256037,42.955173],[-105.256064,42.951455],[-105.261061,42.951358]]]}},{"type":"Feature","properties":{"q":"SENE","ac":39.0},"geometry":{"type":"Polygon","coordinates":[[[-105.256527,42.903941],[-105.261428,42.903947],[-105.261459,42.907504],[-105.256555,42.907479],[-105.256527,42.903941]]]}},{"type":"Feature","properties":{"q":"SWSW","ac":40.4},"geometry":{"type":"Polygon","coordinates":[[[-105.236415,42.882576],[-105.236424,42.886196],[-105.231442,42.886241],[-105.231441,42.882623],[-105.236415,42.882576]]]}},{"type":"Feature","properties":{"q":"SESW","ac":40.8},"geometry":{"type":"Polygon","coordinates":[[[-105.211323,42.911765],[-105.21139,42.915455],[-105.206451,42.915595],[-105.206401,42.911914],[-105.211323,42.911765]]]}},{"type":"Feature","properties":{"q":"SESE","ac":40.5},"geometry":{"type":"Polygon","coordinates":[[[-105.201524,42.901138],[-105.196573,42.901245],[-105.196578,42.89759],[-105.201539,42.897497],[-105.201524,42.901138]]]}},{"type":"Feature","properties":{"q":"NENW","ac":40.9},"geometry":{"type":"Polygon","coordinates":[[[-105.25134,42.936824],[-105.251282,42.940528],[-105.246352,42.940591],[-105.246398,42.936904],[-105.25134,42.936824]]]}},{"type":"Feature","properties":{"q":"NWSW","ac":41.3},"geometry":{"type":"Polygon","coordinates":[[[-105.256353,42.933022],[-105.251399,42.93312],[-105.251457,42.929415],[-105.256423,42.929301],[-105.256353,42.933022]]]}},{"type":"Feature","properties":{"q":"SWSE","ac":41.2},"geometry":{"type":"Polygon","coordinates":[[[-105.22658,42.926258],[-105.226582,42.929931],[-105.221595,42.930017],[-105.221579,42.926335],[-105.22658,42.926258]]]}},{"type":"Feature","properties":{"q":"NENE","ac":40.7},"geometry":{"type":"Polygon","coordinates":[[[-105.201592,42.882971],[-105.196615,42.88304],[-105.196622,42.879389],[-105.201596,42.87933],[-105.201592,42.882971]]]}},{"type":"Feature","properties":{"q":"SWSE","ac":40.9},"geometry":{"type":"Polygon","coordinates":[[[-105.266127,42.943964],[-105.261139,42.94405],[-105.261188,42.940383],[-105.266163,42.940301],[-105.266127,42.943964]]]}},{"type":"Feature","properties":{"q":"NWNE","ac":40.7},"geometry":{"type":"Polygon","coordinates":[[[-105.246398,42.936904],[-105.246352,42.940591],[-105.241421,42.940654],[-105.241456,42.936984],[-105.246398,42.936904]]]}},{"type":"Feature","properties":{"q":"SWNE","ac":41.4},"geometry":{"type":"Polygon","coordinates":[[[-105.226467,42.918919],[-105.226523,42.922589],[-105.22151,42.922651],[-105.22144,42.918967],[-105.226467,42.918919]]]}},{"type":"Feature","properties":{"q":"NWNW","ac":40.6},"geometry":{"type":"Polygon","coordinates":[[[-105.231551,42.93717],[-105.236513,42.937064],[-105.236491,42.940717],[-105.231541,42.940832],[-105.231551,42.93717]]]}},{"type":"Feature","properties":{"q":"NWNE","ac":40.7},"geometry":{"type":"Polygon","coordinates":[[[-105.246533,42.922201],[-105.246537,42.925842],[-105.241558,42.925974],[-105.241542,42.922333],[-105.246533,42.922201]]]}},{"type":"Feature","properties":{"q":"SENE","ac":40.8},"geometry":{"type":"Polygon","coordinates":[[[-105.261091,42.947717],[-105.261061,42.951358],[-105.256064,42.951455],[-105.25609,42.947809],[-105.261091,42.947717]]]}},{"type":"Feature","properties":{"q":"SENW","ac":40.8},"geometry":{"type":"Polygon","coordinates":[[[-105.251534,42.918429],[-105.251525,42.92207],[-105.246533,42.922201],[-105.24653,42.918561],[-105.251534,42.918429]]]}},{"type":"Feature","properties":{"q":"NESW","ac":40.4},"geometry":{"type":"Polygon","coordinates":[[[-105.206575,42.872005],[-105.211545,42.871963],[-105.211545,42.875586],[-105.206573,42.875637],[-105.206575,42.872005]]]}},{"type":"Feature","properties":{"q":"4","ac":41.3},"geometry":{"type":"Polygon","coordinates":[[[-105.315729,42.867741],[-105.315697,42.871365],[-105.31063,42.871391],[-105.310632,42.867766],[-105.315729,42.867741]]]}},{"type":"Feature","properties":{"q":"NWSE","ac":39.8},"geometry":{"type":"Polygon","coordinates":[[[-105.281168,42.871333],[-105.286072,42.871386],[-105.286085,42.875004],[-105.281186,42.874959],[-105.281168,42.871333]]]}},{"type":"Feature","properties":{"q":"NESW","ac":39.9},"geometry":{"type":"Polygon","coordinates":[[[-105.310629,42.875016],[-105.305722,42.875042],[-105.305717,42.871415],[-105.31063,42.871391],[-105.310629,42.875016]]]}},{"type":"Feature","properties":{"q":"SENE","ac":39.8},"geometry":{"type":"Polygon","coordinates":[[[-105.300804,42.875067],[-105.300809,42.878674],[-105.29589,42.878701],[-105.295885,42.875093],[-105.300804,42.875067]]]}},{"type":"Feature","properties":{"q":"NESE","ac":39.9},"geometry":{"type":"Polygon","coordinates":[[[-105.295885,42.875093],[-105.29588,42.871485],[-105.300799,42.87145],[-105.300804,42.875067],[-105.295885,42.875093]]]}},{"type":"Feature","properties":{"q":"SESW","ac":39.9},"geometry":{"type":"Polygon","coordinates":[[[-105.290813,42.900425],[-105.285906,42.900398],[-105.285846,42.89677],[-105.290744,42.896792],[-105.290813,42.900425]]]}},{"type":"Feature","properties":{"q":"NESW","ac":40.8},"geometry":{"type":"Polygon","coordinates":[[[-105.310872,42.943805],[-105.310939,42.947458],[-105.305942,42.947474],[-105.30591,42.943822],[-105.310872,42.943805]]]}},{"type":"Feature","properties":{"q":"NENW","ac":40.0},"geometry":{"type":"Polygon","coordinates":[[[-105.286149,42.922112],[-105.291095,42.922144],[-105.291119,42.925751],[-105.286171,42.925722],[-105.286149,42.922112]]]}},{"type":"Feature","properties":{"q":"NWNE","ac":40.1},"geometry":{"type":"Polygon","coordinates":[[[-105.281097,42.907618],[-105.286025,42.907654],[-105.286084,42.911282],[-105.281147,42.911241],[-105.281097,42.907618]]]}},{"type":"Feature","properties":{"q":"NWSW","ac":39.9},"geometry":{"type":"Polygon","coordinates":[[[-105.29107,42.918537],[-105.291046,42.91493],[-105.295986,42.914968],[-105.296013,42.918572],[-105.29107,42.918537]]]}},{"type":"Feature","properties":{"q":"SENE","ac":40.2},"geometry":{"type":"Polygon","coordinates":[[[-105.300731,42.904068],[-105.300803,42.907702],[-105.295879,42.907726],[-105.2958,42.904089],[-105.300731,42.904068]]]}},{"type":"Feature","properties":{"q":"SENW","ac":40.9},"geometry":{"type":"Polygon","coordinates":[[[-105.286068,42.947473],[-105.291088,42.947488],[-105.291093,42.951119],[-105.286068,42.951106],[-105.286068,42.947473]]]}},{"type":"Feature","properties":{"q":"SESW","ac":39.8},"geometry":{"type":"Polygon","coordinates":[[[-105.291003,42.882277],[-105.290938,42.885906],[-105.286045,42.885877],[-105.286112,42.882246],[-105.291003,42.882277]]]}},{"type":"Feature","properties":{"q":"NWSE","ac":40.3},"geometry":{"type":"Polygon","coordinates":[[[-105.221485,42.871875],[-105.226455,42.87183],[-105.226459,42.875444],[-105.221488,42.87549],[-105.221485,42.871875]]]}},{"type":"Feature","properties":{"q":"SWSE","ac":40.3},"geometry":{"type":"Polygon","coordinates":[[[-105.221482,42.868261],[-105.22645,42.868216],[-105.226455,42.87183],[-105.221485,42.871875],[-105.221482,42.868261]]]}},{"type":"Feature","properties":{"q":"NESW","ac":40.6},"geometry":{"type":"Polygon","coordinates":[[[-105.266328,42.929292],[-105.271281,42.929287],[-105.271233,42.932931],[-105.266273,42.932962],[-105.266328,42.929292]]]}},{"type":"Feature","properties":{"q":"NENW","ac":40.1},"geometry":{"type":"Polygon","coordinates":[[[-105.266387,42.921993],[-105.271322,42.922021],[-105.271328,42.925643],[-105.266383,42.925621],[-105.266387,42.921993]]]}},{"type":"Feature","properties":{"q":"SWNE","ac":40.6},"geometry":{"type":"Polygon","coordinates":[[[-105.206573,42.875637],[-105.20657,42.879269],[-105.201596,42.87933],[-105.201601,42.875688],[-105.206573,42.875637]]]}},{"type":"Feature","properties":{"q":"NESE","ac":40.7},"geometry":{"type":"Polygon","coordinates":[[[-105.256383,42.88954],[-105.25634,42.885878],[-105.26132,42.885863],[-105.261335,42.889519],[-105.256383,42.88954]]]}},{"type":"Feature","properties":{"q":"SENW","ac":40.8},"geometry":{"type":"Polygon","coordinates":[[[-105.231418,42.907943],[-105.226375,42.907968],[-105.226395,42.904357],[-105.231426,42.904328],[-105.231418,42.907943]]]}},{"type":"Feature","properties":{"q":"SENW","ac":41.0},"geometry":{"type":"Polygon","coordinates":[[[-105.251399,42.93312],[-105.25134,42.936824],[-105.246398,42.936904],[-105.246444,42.933217],[-105.251399,42.93312]]]}},{"type":"Feature","properties":{"q":"NESW","ac":41.3},"geometry":{"type":"Polygon","coordinates":[[[-105.231452,42.915215],[-105.231495,42.918871],[-105.226467,42.918919],[-105.226411,42.915249],[-105.231452,42.915215]]]}},{"type":"Feature","properties":{"q":"SWNE","ac":40.7},"geometry":{"type":"Polygon","coordinates":[[[-105.221332,42.907993],[-105.221364,42.904387],[-105.226395,42.904357],[-105.226375,42.907968],[-105.221332,42.907993]]]}},{"type":"Feature","properties":{"q":"NWNW","ac":40.2},"geometry":{"type":"Polygon","coordinates":[[[-105.25132,42.878697],[-105.25629,42.878607],[-105.256296,42.882215],[-105.251326,42.882305],[-105.25132,42.878697]]]}},{"type":"Feature","properties":{"q":"NENW","ac":40.7},"geometry":{"type":"Polygon","coordinates":[[[-105.251525,42.92207],[-105.251515,42.925711],[-105.246537,42.925842],[-105.246533,42.922201],[-105.251525,42.92207]]]}},{"type":"Feature","properties":{"q":"SWSW","ac":40.9},"geometry":{"type":"Polygon","coordinates":[[[-105.216245,42.911617],[-105.216329,42.915316],[-105.21139,42.915455],[-105.211323,42.911765],[-105.216245,42.911617]]]}},{"type":"Feature","properties":{"q":"NWNE","ac":41.3},"geometry":{"type":"Polygon","coordinates":[[[-105.226523,42.922589],[-105.22658,42.926258],[-105.221579,42.926335],[-105.22151,42.922651],[-105.226523,42.922589]]]}},{"type":"Feature","properties":{"q":"SENW","ac":40.9},"geometry":{"type":"Polygon","coordinates":[[[-105.211678,42.933899],[-105.211721,42.937586],[-105.206779,42.937687],[-105.20672,42.934004],[-105.211678,42.933899]]]}},{"type":"Feature","properties":{"q":"NWNE","ac":40.2},"geometry":{"type":"Polygon","coordinates":[[[-105.241379,42.878876],[-105.246349,42.878786],[-105.246356,42.882395],[-105.241385,42.882486],[-105.241379,42.878876]]]}},{"type":"Feature","properties":{"q":"NESE","ac":40.6},"geometry":{"type":"Polygon","coordinates":[[[-105.241465,42.900608],[-105.241475,42.904209],[-105.236457,42.904298],[-105.236454,42.900677],[-105.241465,42.900608]]]}},{"type":"Feature","properties":{"q":"SENE","ac":40.5},"geometry":{"type":"Polygon","coordinates":[[[-105.201567,42.890234],[-105.201553,42.893865],[-105.196589,42.893953],[-105.1966,42.890315],[-105.201567,42.890234]]]}},{"type":"Feature","properties":{"q":"NWNW","ac":40.2},"geometry":{"type":"Polygon","coordinates":[[[-105.211461,42.897309],[-105.211482,42.89369],[-105.216446,42.893603],[-105.216422,42.897216],[-105.211461,42.897309]]]}},{"type":"Feature","properties":{"q":"NWSW","ac":40.5},"geometry":{"type":"Polygon","coordinates":[[[-105.236424,42.886196],[-105.236433,42.889816],[-105.231442,42.88986],[-105.231442,42.886241],[-105.236424,42.886196]]]}},{"type":"Feature","properties":{"q":"SWNW","ac":40.9},"geometry":{"type":"Polygon","coordinates":[[[-105.25143,42.893261],[-105.251396,42.889609],[-105.256383,42.88954],[-105.256427,42.893203],[-105.25143,42.893261]]]}},{"type":"Feature","properties":{"q":"SESE","ac":39.0},"geometry":{"type":"Polygon","coordinates":[[[-105.25647,42.896865],[-105.261365,42.89683],[-105.261396,42.900388],[-105.256498,42.900403],[-105.25647,42.896865]]]}},{"type":"Feature","properties":{"q":"SESE","ac":41.0},"geometry":{"type":"Polygon","coordinates":[[[-105.241494,42.911409],[-105.24151,42.91505],[-105.236494,42.915181],[-105.236465,42.911539],[-105.241494,42.911409]]]}},{"type":"Feature","properties":{"q":"SENE","ac":40.7},"geometry":{"type":"Polygon","coordinates":[[[-105.201601,42.875688],[-105.201596,42.87933],[-105.196622,42.879389],[-105.196629,42.875739],[-105.201601,42.875688]]]}},{"type":"Feature","properties":{"q":"NENE","ac":40.9},"geometry":{"type":"Polygon","coordinates":[[[-105.201612,42.926751],[-105.196623,42.926865],[-105.196607,42.923201],[-105.201579,42.923079],[-105.201612,42.926751]]]}},{"type":"Feature","properties":{"q":"SENE","ac":40.6},"geometry":{"type":"Polygon","coordinates":[[[-105.241475,42.904209],[-105.241485,42.907809],[-105.236461,42.907918],[-105.236457,42.904298],[-105.241475,42.904209]]]}},{"type":"Feature","properties":{"q":"NENE","ac":40.5},"geometry":{"type":"Polygon","coordinates":[[[-105.241456,42.936984],[-105.241421,42.940654],[-105.236491,42.940717],[-105.236513,42.937064],[-105.241456,42.936984]]]}},{"type":"Feature","properties":{"q":"SENW","ac":40.5},"geometry":{"type":"Polygon","coordinates":[[[-105.20657,42.879269],[-105.206573,42.875637],[-105.211545,42.875586],[-105.211544,42.879209],[-105.20657,42.879269]]]}},{"type":"Feature","properties":{"q":"NWNE","ac":40.6},"geometry":{"type":"Polygon","coordinates":[[[-105.261294,42.878593],[-105.266299,42.878578],[-105.266313,42.882199],[-105.261304,42.882207],[-105.261294,42.878593]]]}},{"type":"Feature","properties":{"q":"NWNW","ac":40.4},"geometry":{"type":"Polygon","coordinates":[[[-105.216518,42.879149],[-105.21652,42.882764],[-105.211544,42.882833],[-105.211544,42.879209],[-105.216518,42.879149]]]}},{"type":"Feature","properties":{"q":"NENE","ac":40.9},"geometry":{"type":"Polygon","coordinates":[[[-105.221641,42.941062],[-105.216691,42.941177],[-105.216663,42.937486],[-105.221626,42.937381],[-105.221641,42.941062]]]}},{"type":"Feature","properties":{"q":"NESW","ac":39.8},"geometry":{"type":"Polygon","coordinates":[[[-105.286072,42.871386],[-105.290976,42.871435],[-105.290985,42.875048],[-105.286085,42.875004],[-105.286072,42.871386]]]}},{"type":"Feature","properties":{"q":"SWNE","ac":40.0},"geometry":{"type":"Polygon","coordinates":[[[-105.286025,42.907654],[-105.281097,42.907618],[-105.281048,42.903994],[-105.285965,42.904026],[-105.286025,42.907654]]]}},{"type":"Feature","properties":{"q":"NWNE","ac":40.3},"geometry":{"type":"Polygon","coordinates":[[[-105.281124,42.936543],[-105.286094,42.936568],[-105.286069,42.940182],[-105.281091,42.94016],[-105.281124,42.936543]]]}},{"type":"Feature","properties":{"q":"NWNE","ac":40.2},"geometry":{"type":"Polygon","coordinates":[[[-105.305585,42.893155],[-105.305536,42.896783],[-105.300589,42.896799],[-105.300645,42.893172],[-105.305585,42.893155]]]}},{"type":"Feature","properties":{"q":"1","ac":40.8},"geometry":{"type":"Polygon","coordinates":[[[-105.315621,42.922139],[-105.315609,42.925764],[-105.31059,42.925826],[-105.31062,42.922177],[-105.315621,42.922139]]]}},{"type":"Feature","properties":{"q":"NESW","ac":40.2},"geometry":{"type":"Polygon","coordinates":[[[-105.305683,42.885891],[-105.310615,42.885878],[-105.310575,42.889511],[-105.305634,42.889528],[-105.305683,42.885891]]]}},{"type":"Feature","properties":{"q":"SWSW","ac":40.0},"geometry":{"type":"Polygon","coordinates":[[[-105.290813,42.900425],[-105.290744,42.896792],[-105.295642,42.896815],[-105.295721,42.900452],[-105.290813,42.900425]]]}},{"type":"Feature","properties":{"q":"NWNE","ac":40.0},"geometry":{"type":"Polygon","coordinates":[[[-105.281222,42.925693],[-105.281203,42.92208],[-105.286149,42.922112],[-105.286171,42.925722],[-105.281222,42.925693]]]}},{"type":"Feature","properties":{"q":"SENW","ac":40.2},"geometry":{"type":"Polygon","coordinates":[[[-105.310575,42.889511],[-105.310523,42.893138],[-105.305585,42.893155],[-105.305634,42.889528],[-105.310575,42.889511]]]}},{"type":"Feature","properties":{"q":"2","ac":40.7},"geometry":{"type":"Polygon","coordinates":[[[-105.315621,42.922139],[-105.31062,42.922177],[-105.31065,42.918528],[-105.315634,42.918513],[-105.315621,42.922139]]]}},{"type":"Feature","properties":{"q":"NWSE","ac":40.0},"geometry":{"type":"Polygon","coordinates":[[[-105.286106,42.914892],[-105.286127,42.918502],[-105.281185,42.918467],[-105.281166,42.914854],[-105.286106,42.914892]]]}},{"type":"Feature","properties":{"q":"SESE","ac":40.3},"geometry":{"type":"Polygon","coordinates":[[[-105.221482,42.868261],[-105.221485,42.871875],[-105.216515,42.87192],[-105.216513,42.868305],[-105.221482,42.868261]]]}},{"type":"Feature","properties":{"q":"NESE","ac":40.5},"geometry":{"type":"Polygon","coordinates":[[[-105.261274,42.871364],[-105.261284,42.874978],[-105.256284,42.874999],[-105.256278,42.871392],[-105.261274,42.871364]]]}},{"type":"Feature","properties":{"q":"NWSW","ac":40.3},"geometry":{"type":"Polygon","coordinates":[[[-105.236394,42.871742],[-105.236401,42.875353],[-105.23143,42.875399],[-105.231425,42.871786],[-105.236394,42.871742]]]}},{"type":"Feature","properties":{"q":"SWSW","ac":40.2},"geometry":{"type":"Polygon","coordinates":[[[-105.256272,42.867784],[-105.256278,42.871392],[-105.251307,42.871478],[-105.251301,42.867868],[-105.256272,42.867784]]]}},{"type":"Feature","properties":{"q":"NESE","ac":40.0},"geometry":{"type":"Polygon","coordinates":[[[-105.276226,42.914816],[-105.281166,42.914854],[-105.281185,42.918467],[-105.276242,42.918432],[-105.276226,42.914816]]]}},{"type":"Feature","properties":{"q":"NWNW","ac":39.7},"geometry":{"type":"Polygon","coordinates":[[[-105.271266,42.907556],[-105.27617,42.907581],[-105.27621,42.9112],[-105.271303,42.911154],[-105.271266,42.907556]]]}},{"type":"Feature","properties":{"q":"SESE","ac":39.8},"geometry":{"type":"Polygon","coordinates":[[[-105.280998,42.900371],[-105.27609,42.900344],[-105.27605,42.896725],[-105.280948,42.896747],[-105.280998,42.900371]]]}},{"type":"Feature","properties":{"q":"NENW","ac":40.2},"geometry":{"type":"Polygon","coordinates":[[[-105.25132,42.878697],[-105.251326,42.882305],[-105.246356,42.882395],[-105.246349,42.878786],[-105.25132,42.878697]]]}},{"type":"Feature","properties":{"q":"SENE","ac":40.5},"geometry":{"type":"Polygon","coordinates":[[[-105.221461,42.889947],[-105.221445,42.893561],[-105.216446,42.893603],[-105.216471,42.88999],[-105.221461,42.889947]]]}},{"type":"Feature","properties":{"q":"SESE","ac":40.5},"geometry":{"type":"Polygon","coordinates":[[[-105.241455,42.897008],[-105.241465,42.900608],[-105.236454,42.900677],[-105.23645,42.897056],[-105.241455,42.897008]]]}},{"type":"Feature","properties":{"q":"SENE","ac":40.6},"geometry":{"type":"Polygon","coordinates":[[[-105.236513,42.937064],[-105.236535,42.933411],[-105.24149,42.933314],[-105.241456,42.936984],[-105.236513,42.937064]]]}},{"type":"Feature","properties":{"q":"SENE","ac":40.8},"geometry":{"type":"Polygon","coordinates":[[[-105.241526,42.918692],[-105.241542,42.922333],[-105.236551,42.922464],[-105.236522,42.918822],[-105.241526,42.918692]]]}},{"type":"Feature","properties":{"q":"SWSW","ac":41.4},"geometry":{"type":"Polygon","coordinates":[[[-105.256493,42.925579],[-105.256423,42.929301],[-105.251457,42.929415],[-105.251515,42.925711],[-105.256493,42.925579]]]}},{"type":"Feature","properties":{"q":"NESW","ac":40.1},"geometry":{"type":"Polygon","coordinates":[[[-105.206475,42.901031],[-105.211426,42.900924],[-105.211392,42.904538],[-105.20645,42.904659],[-105.206475,42.901031]]]}},{"type":"Feature","properties":{"q":"SESW","ac":40.4},"geometry":{"type":"Polygon","coordinates":[[[-105.211544,42.882833],[-105.211523,42.886452],[-105.206551,42.886527],[-105.206568,42.882902],[-105.211544,42.882833]]]}},{"type":"Feature","properties":{"q":"NENW","ac":40.6},"geometry":{"type":"Polygon","coordinates":[[[-105.231443,42.893478],[-105.231443,42.897096],[-105.226436,42.897136],[-105.226444,42.893519],[-105.231443,42.893478]]]}},{"type":"Feature","properties":{"q":"NENE","ac":41.3},"geometry":{"type":"Polygon","coordinates":[[[-105.261188,42.940383],[-105.256213,42.940465],[-105.256283,42.936744],[-105.26125,42.936688],[-105.261188,42.940383]]]}},{"type":"Feature","properties":{"q":"SWNW","ac":39.9},"geometry":{"type":"Polygon","coordinates":[[[-105.251509,42.90403],[-105.256527,42.903941],[-105.256555,42.907479],[-105.251531,42.907589],[-105.251509,42.90403]]]}},{"type":"Feature","properties":{"q":"2","ac":40.4},"geometry":{"type":"Polygon","coordinates":[[[-105.226585,42.951871],[-105.226583,42.955538],[-105.221676,42.955672],[-105.221667,42.952004],[-105.226585,42.951871]]]}},{"type":"Feature","properties":{"q":"NENE","ac":40.6},"geometry":{"type":"Polygon","coordinates":[[[-105.241455,42.897008],[-105.23645,42.897056],[-105.236441,42.893436],[-105.241438,42.893378],[-105.241455,42.897008]]]}},{"type":"Feature","properties":{"q":"NESW","ac":40.4},"geometry":{"type":"Polygon","coordinates":[[[-105.231442,42.88986],[-105.226452,42.889903],[-105.22646,42.886287],[-105.231442,42.886241],[-105.231442,42.88986]]]}},{"type":"Feature","properties":{"q":"SWSW","ac":40.9},"geometry":{"type":"Polygon","coordinates":[[[-105.23157,42.929845],[-105.23158,42.926182],[-105.23658,42.926106],[-105.236558,42.929758],[-105.23157,42.929845]]]}},{"type":"Feature","properties":{"q":"NESE","ac":41.7},"geometry":{"type":"Polygon","coordinates":[[[-105.22137,42.915282],[-105.22144,42.918967],[-105.216412,42.919014],[-105.216329,42.915316],[-105.22137,42.915282]]]}},{"type":"Feature","properties":{"q":"NESW","ac":40.9},"geometry":{"type":"Polygon","coordinates":[[[-105.21139,42.915455],[-105.211457,42.919145],[-105.206501,42.919276],[-105.206451,42.915595],[-105.21139,42.915455]]]}},{"type":"Feature","properties":{"q":"NENE","ac":40.7},"geometry":{"type":"Polygon","coordinates":[[[-105.196986,42.941562],[-105.196895,42.937888],[-105.201837,42.937788],[-105.201912,42.941466],[-105.196986,42.941562]]]}},{"type":"Feature","properties":{"q":"NESE","ac":40.5},"geometry":{"type":"Polygon","coordinates":[[[-105.196608,42.886677],[-105.201579,42.886602],[-105.201567,42.890234],[-105.1966,42.890315],[-105.196608,42.886677]]]}},{"type":"Feature","properties":{"q":"SENE","ac":40.0},"geometry":{"type":"Polygon","coordinates":[[[-105.241357,42.947938],[-105.241332,42.951568],[-105.236413,42.951607],[-105.23643,42.94798],[-105.241357,42.947938]]]}},{"type":"Feature","properties":{"q":"NWSE","ac":40.9},"geometry":{"type":"Polygon","coordinates":[[[-105.24649,42.92953],[-105.246444,42.933217],[-105.24149,42.933314],[-105.241524,42.929644],[-105.24649,42.92953]]]}},{"type":"Feature","properties":{"q":"NWSE","ac":39.2},"geometry":{"type":"Polygon","coordinates":[[[-105.266294,42.900374],[-105.266328,42.903952],[-105.261428,42.903947],[-105.261396,42.900388],[-105.266294,42.900374]]]}},{"type":"Feature","properties":{"q":"SESE","ac":41.3},"geometry":{"type":"Polygon","coordinates":[[[-105.221579,42.926335],[-105.221595,42.930017],[-105.216607,42.930103],[-105.216579,42.926411],[-105.221579,42.926335]]]}},{"type":"Feature","properties":{"q":"NWSW","ac":41.0},"geometry":{"type":"Polygon","coordinates":[[[-105.216329,42.915316],[-105.216412,42.919014],[-105.211457,42.919145],[-105.21139,42.915455],[-105.216329,42.915316]]]}},{"type":"Feature","properties":{"q":"NESW","ac":41.1},"geometry":{"type":"Polygon","coordinates":[[[-105.251399,42.93312],[-105.246444,42.933217],[-105.24649,42.92953],[-105.251457,42.929415],[-105.251399,42.93312]]]}},{"type":"Feature","properties":{"q":"SESW","ac":40.0},"geometry":{"type":"Polygon","coordinates":[[[-105.310632,42.867766],[-105.31063,42.871391],[-105.305717,42.871415],[-105.305712,42.867789],[-105.310632,42.867766]]]}},{"type":"Feature","properties":{"q":"SWNE","ac":39.8},"geometry":{"type":"Polygon","coordinates":[[[-105.281203,42.878587],[-105.281186,42.874959],[-105.286085,42.875004],[-105.286099,42.878625],[-105.281203,42.878587]]]}},{"type":"Feature","properties":{"q":"SWSE","ac":40.0},"geometry":{"type":"Polygon","coordinates":[[[-105.305712,42.867789],[-105.305717,42.871415],[-105.300799,42.87145],[-105.300794,42.867833],[-105.305712,42.867789]]]}},{"type":"Feature","properties":{"q":"NWSW","ac":39.7},"geometry":{"type":"Polygon","coordinates":[[[-105.290976,42.871435],[-105.29588,42.871485],[-105.295885,42.875093],[-105.290985,42.875048],[-105.290976,42.871435]]]}},{"type":"Feature","properties":{"q":"SWSW","ac":39.7},"geometry":{"type":"Polygon","coordinates":[[[-105.290967,42.867822],[-105.295876,42.867877],[-105.29588,42.871485],[-105.290976,42.871435],[-105.290967,42.867822]]]}},{"type":"Feature","properties":{"q":"SWSE","ac":39.9},"geometry":{"type":"Polygon","coordinates":[[[-105.281168,42.871333],[-105.28115,42.867706],[-105.286059,42.867767],[-105.286072,42.871386],[-105.281168,42.871333]]]}},{"type":"Feature","properties":{"q":"NWSE","ac":40.0},"geometry":{"type":"Polygon","coordinates":[[[-105.300799,42.87145],[-105.305717,42.871415],[-105.305722,42.875042],[-105.300804,42.875067],[-105.300799,42.87145]]]}},{"type":"Feature","properties":{"q":"NENE","ac":39.8},"geometry":{"type":"Polygon","coordinates":[[[-105.29589,42.878701],[-105.300809,42.878674],[-105.300814,42.882281],[-105.295895,42.882308],[-105.29589,42.878701]]]}},{"type":"Feature","properties":{"q":"2","ac":40.9},"geometry":{"type":"Polygon","coordinates":[[[-105.310751,42.936557],[-105.310697,42.932963],[-105.315763,42.932948],[-105.31584,42.93654],[-105.310751,42.936557]]]}},{"type":"Feature","properties":{"q":"SWSW","ac":39.8},"geometry":{"type":"Polygon","coordinates":[[[-105.295831,42.885935],[-105.290938,42.885906],[-105.291003,42.882277],[-105.295895,42.882308],[-105.295831,42.885935]]]}},{"type":"Feature","properties":{"q":"NESW","ac":39.8},"geometry":{"type":"Polygon","coordinates":[[[-105.31068,42.914907],[-105.31065,42.918528],[-105.305755,42.918543],[-105.305772,42.914926],[-105.31068,42.914907]]]}},{"type":"Feature","properties":{"q":"7","ac":42.1},"geometry":{"type":"Polygon","coordinates":[[[-105.315918,42.940132],[-105.316043,42.943787],[-105.310872,42.943805],[-105.310805,42.940151],[-105.315918,42.940132]]]}},{"type":"Feature","properties":{"q":"NENW","ac":40.3},"geometry":{"type":"Polygon","coordinates":[[[-105.286094,42.936568],[-105.291065,42.936592],[-105.291047,42.940205],[-105.286069,42.940182],[-105.286094,42.936568]]]}},{"type":"Feature","properties":{"q":"NESE","ac":40.1},"geometry":{"type":"Polygon","coordinates":[[[-105.300988,42.943843],[-105.301025,42.947488],[-105.296108,42.947503],[-105.296067,42.943865],[-105.300988,42.943843]]]}},{"type":"Feature","properties":{"q":"SESW","ac":39.9},"geometry":{"type":"Polygon","coordinates":[[[-105.286084,42.911282],[-105.291021,42.911323],[-105.291046,42.91493],[-105.286106,42.914892],[-105.286084,42.911282]]]}},{"type":"Feature","properties":{"q":"SWNE","ac":39.8},"geometry":{"type":"Polygon","coordinates":[[[-105.300884,42.918558],[-105.305755,42.918543],[-105.305737,42.922214],[-105.300889,42.922195],[-105.300884,42.918558]]]}},{"type":"Feature","properties":{"q":"NWSE","ac":40.2},"geometry":{"type":"Polygon","coordinates":[[[-105.281157,42.932927],[-105.281189,42.92931],[-105.286145,42.929337],[-105.28612,42.932953],[-105.281157,42.932927]]]}},{"type":"Feature","properties":{"q":"SWSE","ac":40.3},"geometry":{"type":"Polygon","coordinates":[[[-105.305878,42.94017],[-105.30591,42.943822],[-105.300988,42.943843],[-105.300952,42.940198],[-105.305878,42.94017]]]}},{"type":"Feature","properties":{"q":"SENE","ac":40.1},"geometry":{"type":"Polygon","coordinates":[[[-105.300701,42.889545],[-105.300645,42.893172],[-105.295705,42.893188],[-105.295768,42.889561],[-105.300701,42.889545]]]}},{"type":"Feature","properties":{"q":"SWNE","ac":40.1},"geometry":{"type":"Polygon","coordinates":[[[-105.300645,42.893172],[-105.300701,42.889545],[-105.305634,42.889528],[-105.305585,42.893155],[-105.300645,42.893172]]]}},{"type":"Feature","properties":{"q":"NWSE","ac":40.2},"geometry":{"type":"Polygon","coordinates":[[[-105.305683,42.885891],[-105.305634,42.889528],[-105.300701,42.889545],[-105.300757,42.885913],[-105.305683,42.885891]]]}},{"type":"Feature","properties":{"q":"NWNW","ac":40.3},"geometry":{"type":"Polygon","coordinates":[[[-105.296036,42.936616],[-105.296025,42.940227],[-105.291047,42.940205],[-105.291065,42.936592],[-105.296036,42.936616]]]}},{"type":"Feature","properties":{"q":"SWNW","ac":39.8},"geometry":{"type":"Polygon","coordinates":[[[-105.295705,42.893188],[-105.290809,42.893164],[-105.290874,42.889535],[-105.295768,42.889561],[-105.295705,42.893188]]]}},{"type":"Feature","properties":{"q":"NWNW","ac":40.2},"geometry":{"type":"Polygon","coordinates":[[[-105.295958,42.911363],[-105.291021,42.911323],[-105.290952,42.90769],[-105.295879,42.907726],[-105.295958,42.911363]]]}},{"type":"Feature","properties":{"q":"NESE","ac":39.5},"geometry":{"type":"Polygon","coordinates":[[[-105.300884,42.918558],[-105.296013,42.918572],[-105.295986,42.914968],[-105.300879,42.914947],[-105.300884,42.918558]]]}},{"type":"Feature","properties":{"q":"SWSE","ac":40.7},"geometry":{"type":"Polygon","coordinates":[[[-105.281091,42.94016],[-105.286069,42.940182],[-105.286068,42.943828],[-105.281076,42.943809],[-105.281091,42.94016]]]}},{"type":"Feature","properties":{"q":"3","ac":40.8},"geometry":{"type":"Polygon","coordinates":[[[-105.310575,42.889511],[-105.310615,42.885878],[-105.315625,42.885865],[-105.315593,42.889493],[-105.310575,42.889511]]]}},{"type":"Feature","properties":{"q":"SENW","ac":40.7},"geometry":{"type":"Polygon","coordinates":[[[-105.266299,42.878578],[-105.266285,42.874957],[-105.271285,42.874936],[-105.271303,42.878563],[-105.266299,42.878578]]]}},{"type":"Feature","properties":{"q":"SENE","ac":40.3},"geometry":{"type":"Polygon","coordinates":[[[-105.221488,42.87549],[-105.221491,42.879103],[-105.216518,42.879149],[-105.216517,42.875534],[-105.221488,42.87549]]]}},{"type":"Feature","properties":{"q":"SWNW","ac":40.2},"geometry":{"type":"Polygon","coordinates":[[[-105.256284,42.874999],[-105.25629,42.878607],[-105.25132,42.878697],[-105.251313,42.875088],[-105.256284,42.874999]]]}},{"type":"Feature","properties":{"q":"4","ac":41.0},"geometry":{"type":"Polygon","coordinates":[[[-105.276029,42.95108],[-105.276006,42.954748],[-105.271014,42.954848],[-105.271043,42.951171],[-105.276029,42.95108]]]}},{"type":"Feature","properties":{"q":"NWNW","ac":40.0},"geometry":{"type":"Polygon","coordinates":[[[-105.27612,42.893089],[-105.27605,42.896725],[-105.271155,42.89676],[-105.271197,42.893118],[-105.27612,42.893089]]]}},{"type":"Feature","properties":{"q":"SENW","ac":40.4},"geometry":{"type":"Polygon","coordinates":[[[-105.271238,42.889476],[-105.271197,42.893118],[-105.266273,42.893146],[-105.266286,42.889497],[-105.271238,42.889476]]]}},{"type":"Feature","properties":{"q":"SWSW","ac":40.5},"geometry":{"type":"Polygon","coordinates":[[[-105.216691,42.941177],[-105.216711,42.944836],[-105.21176,42.944926],[-105.211765,42.941273],[-105.216691,42.941177]]]}},{"type":"Feature","properties":{"q":"SWSE","ac":40.7},"geometry":{"type":"Polygon","coordinates":[[[-105.206401,42.911914],[-105.206451,42.915595],[-105.201512,42.915734],[-105.201478,42.912062],[-105.206401,42.911914]]]}},{"type":"Feature","properties":{"q":"SENE","ac":41.0},"geometry":{"type":"Polygon","coordinates":[[[-105.216663,42.937486],[-105.216635,42.933794],[-105.22161,42.933699],[-105.221626,42.937381],[-105.216663,42.937486]]]}},{"type":"Feature","properties":{"q":"SWNE","ac":40.8},"geometry":{"type":"Polygon","coordinates":[[[-105.206779,42.937687],[-105.201837,42.937788],[-105.201762,42.934109],[-105.20672,42.934004],[-105.206779,42.937687]]]}},{"type":"Feature","properties":{"q":"SWNE","ac":40.4},"geometry":{"type":"Polygon","coordinates":[[[-105.206534,42.890153],[-105.206517,42.893778],[-105.201553,42.893865],[-105.201567,42.890234],[-105.206534,42.890153]]]}},{"type":"Feature","properties":{"q":"NESW","ac":40.2},"geometry":{"type":"Polygon","coordinates":[[[-105.231525,42.944471],[-105.231508,42.948109],[-105.226587,42.948238],[-105.226589,42.944593],[-105.231525,42.944471]]]}},{"type":"Feature","properties":{"q":"2","ac":40.9},"geometry":{"type":"Polygon","coordinates":[[[-105.206749,42.952294],[-105.206719,42.955942],[-105.201694,42.95601],[-105.201738,42.952373],[-105.206749,42.952294]]]}},{"type":"Feature","properties":{"q":"NWNW","ac":41.1},"geometry":{"type":"Polygon","coordinates":[[[-105.251282,42.940528],[-105.25134,42.936824],[-105.256283,42.936744],[-105.256213,42.940465],[-105.251282,42.940528]]]}},{"type":"Feature","properties":{"q":"SESW","ac":40.6},"geometry":{"type":"Polygon","coordinates":[[[-105.226436,42.897136],[-105.231443,42.897096],[-105.231435,42.900712],[-105.226416,42.900747],[-105.226436,42.897136]]]}},{"type":"Feature","properties":{"q":"1","ac":40.8},"geometry":{"type":"Polygon","coordinates":[[[-105.196728,42.952452],[-105.201738,42.952373],[-105.201694,42.95601],[-105.196669,42.956079],[-105.196728,42.952452]]]}},{"type":"Feature","properties":{"q":"SWNW","ac":40.0},"geometry":{"type":"Polygon","coordinates":[[[-105.236413,42.951607],[-105.231499,42.951739],[-105.231508,42.948109],[-105.23643,42.94798],[-105.236413,42.951607]]]}},{"type":"Feature","properties":{"q":"SESW","ac":41.0},"geometry":{"type":"Polygon","coordinates":[[[-105.22658,42.926258],[-105.23158,42.926182],[-105.23157,42.929845],[-105.226582,42.929931],[-105.22658,42.926258]]]}},{"type":"Feature","properties":{"q":"SENW","ac":40.0},"geometry":{"type":"Polygon","coordinates":[[[-105.246251,42.95153],[-105.246284,42.947895],[-105.251187,42.947852],[-105.251157,42.951492],[-105.246251,42.95153]]]}},{"type":"Feature","properties":{"q":"SWSE","ac":40.4},"geometry":{"type":"Polygon","coordinates":[[[-105.2065,42.897403],[-105.206475,42.901031],[-105.201524,42.901138],[-105.201539,42.897497],[-105.2065,42.897403]]]}},{"type":"Feature","properties":{"q":"SWNW","ac":40.0},"geometry":{"type":"Polygon","coordinates":[[[-105.25609,42.947809],[-105.256064,42.951455],[-105.251157,42.951492],[-105.251187,42.947852],[-105.25609,42.947809]]]}},{"type":"Feature","properties":{"q":"NWNW","ac":41.3},"geometry":{"type":"Polygon","coordinates":[[[-105.216496,42.922713],[-105.216579,42.926411],[-105.21159,42.926525],[-105.211523,42.922835],[-105.216496,42.922713]]]}},{"type":"Feature","properties":{"q":"SWSE","ac":40.5},"geometry":{"type":"Polygon","coordinates":[[[-105.206568,42.882902],[-105.206551,42.886527],[-105.201579,42.886602],[-105.201592,42.882971],[-105.206568,42.882902]]]}},{"type":"Feature","properties":{"q":"SESE","ac":40.9},"geometry":{"type":"Polygon","coordinates":[[[-105.256151,42.944137],[-105.256213,42.940465],[-105.261188,42.940383],[-105.261139,42.94405],[-105.256151,42.944137]]]}},{"type":"Feature","properties":{"q":"NWSE","ac":41.0},"geometry":{"type":"Polygon","coordinates":[[[-105.20672,42.934004],[-105.201762,42.934109],[-105.201687,42.93043],[-105.206661,42.930321],[-105.20672,42.934004]]]}},{"type":"Feature","properties":{"q":"SWNW","ac":40.8},"geometry":{"type":"Polygon","coordinates":[[[-105.251534,42.918429],[-105.256538,42.918298],[-105.256516,42.921938],[-105.251525,42.92207],[-105.251534,42.918429]]]}},{"type":"Feature","properties":{"q":"SWSE","ac":40.3},"geometry":{"type":"Polygon","coordinates":[[[-105.24646,42.896961],[-105.246476,42.90054],[-105.241465,42.900608],[-105.241455,42.897008],[-105.24646,42.896961]]]}},{"type":"Feature","properties":{"q":"SWNE","ac":40.8},"geometry":{"type":"Polygon","coordinates":[[[-105.24653,42.918561],[-105.246533,42.922201],[-105.241542,42.922333],[-105.241526,42.918692],[-105.24653,42.918561]]]}},{"type":"Feature","properties":{"q":"SWNW","ac":41.1},"geometry":{"type":"Polygon","coordinates":[[[-105.231495,42.918871],[-105.236522,42.918822],[-105.236551,42.922464],[-105.231537,42.922526],[-105.231495,42.918871]]]}},{"type":"Feature","properties":{"q":"NWSE","ac":41.5},"geometry":{"type":"Polygon","coordinates":[[[-105.226467,42.918919],[-105.22144,42.918967],[-105.22137,42.915282],[-105.226411,42.915249],[-105.226467,42.918919]]]}},{"type":"Feature","properties":{"q":"SENW","ac":40.8},"geometry":{"type":"Polygon","coordinates":[[[-105.226588,42.937275],[-105.226585,42.933603],[-105.23156,42.933507],[-105.231551,42.93717],[-105.226588,42.937275]]]}},{"type":"Feature","properties":{"q":"SWNW","ac":40.9},"geometry":{"type":"Polygon","coordinates":[[[-105.236457,42.904298],[-105.236461,42.907918],[-105.231418,42.907943],[-105.231426,42.904328],[-105.236457,42.904298]]]}},{"type":"Feature","properties":{"q":"SENE","ac":41.5},"geometry":{"type":"Polygon","coordinates":[[[-105.22144,42.918967],[-105.22151,42.922651],[-105.216496,42.922713],[-105.216412,42.919014],[-105.22144,42.918967]]]}},{"type":"Feature","properties":{"q":"NWSW","ac":41.1},"geometry":{"type":"Polygon","coordinates":[[[-105.211678,42.933899],[-105.211634,42.930212],[-105.216607,42.930103],[-105.216635,42.933794],[-105.211678,42.933899]]]}},{"type":"Feature","properties":{"q":"SESE","ac":40.6},"geometry":{"type":"Polygon","coordinates":[[[-105.201478,42.912062],[-105.201512,42.915734],[-105.196573,42.915873],[-105.196556,42.91221],[-105.201478,42.912062]]]}},{"type":"Feature","properties":{"q":"SWNE","ac":40.1},"geometry":{"type":"Polygon","coordinates":[[[-105.305663,42.904048],[-105.305726,42.907678],[-105.300803,42.907702],[-105.300731,42.904068],[-105.305663,42.904048]]]}},{"type":"Feature","properties":{"q":"SWSE","ac":40.1},"geometry":{"type":"Polygon","coordinates":[[[-105.300757,42.885913],[-105.300814,42.882281],[-105.305733,42.882254],[-105.305683,42.885891],[-105.300757,42.885913]]]}},{"type":"Feature","properties":{"q":"SESW","ac":40.1},"geometry":{"type":"Polygon","coordinates":[[[-105.291101,42.929365],[-105.286145,42.929337],[-105.286171,42.925722],[-105.291119,42.925751],[-105.291101,42.929365]]]}},{"type":"Feature","properties":{"q":"NWNW","ac":39.6},"geometry":{"type":"Polygon","coordinates":[[[-105.290994,42.878663],[-105.29589,42.878701],[-105.295895,42.882308],[-105.291003,42.882277],[-105.290994,42.878663]]]}},{"type":"Feature","properties":{"q":"NENW","ac":39.9},"geometry":{"type":"Polygon","coordinates":[[[-105.285913,42.893139],[-105.290809,42.893164],[-105.290744,42.896792],[-105.285846,42.89677],[-105.285913,42.893139]]]}},{"type":"Feature","properties":{"q":"2","ac":40.8},"geometry":{"type":"Polygon","coordinates":[[[-105.310575,42.889511],[-105.315593,42.889493],[-105.315536,42.893121],[-105.310523,42.893138],[-105.310575,42.889511]]]}},{"type":"Feature","properties":{"q":"NWSW","ac":40.0},"geometry":{"type":"Polygon","coordinates":[[[-105.295721,42.900452],[-105.2958,42.904089],[-105.290883,42.904058],[-105.290813,42.900425],[-105.295721,42.900452]]]}},{"type":"Feature","properties":{"q":"NESE","ac":39.2},"geometry":{"type":"Polygon","coordinates":[[[-105.296046,42.933004],[-105.296057,42.929392],[-105.300908,42.929412],[-105.300922,42.93299],[-105.296046,42.933004]]]}},{"type":"Feature","properties":{"q":"SENE","ac":39.5},"geometry":{"type":"Polygon","coordinates":[[[-105.296036,42.936616],[-105.296046,42.933004],[-105.300922,42.93299],[-105.300937,42.936595],[-105.296036,42.936616]]]}},{"type":"Feature","properties":{"q":"SWSE","ac":39.7},"geometry":{"type":"Polygon","coordinates":[[[-105.305772,42.914926],[-105.300879,42.914947],[-105.300874,42.911336],[-105.30579,42.911309],[-105.305772,42.914926]]]}},{"type":"Feature","properties":{"q":"SESW","ac":38.9},"geometry":{"type":"Polygon","coordinates":[[[-105.31059,42.925826],[-105.310644,42.929394],[-105.305758,42.929431],[-105.305719,42.925885],[-105.31059,42.925826]]]}},{"type":"Feature","properties":{"q":"NESW","ac":39.0},"geometry":{"type":"Polygon","coordinates":[[[-105.310644,42.929394],[-105.310697,42.932963],[-105.305798,42.932977],[-105.305758,42.929431],[-105.310644,42.929394]]]}},{"type":"Feature","properties":{"q":"NESE","ac":40.2},"geometry":{"type":"Polygon","coordinates":[[[-105.300731,42.904068],[-105.2958,42.904089],[-105.295721,42.900452],[-105.30066,42.900434],[-105.300731,42.904068]]]}},{"type":"Feature","properties":{"q":"2","ac":41.3},"geometry":{"type":"Polygon","coordinates":[[[-105.281048,42.951093],[-105.286068,42.951106],[-105.286067,42.954781],[-105.281037,42.954764],[-105.281048,42.951093]]]}},{"type":"Feature","properties":{"q":"NWNE","ac":39.8},"geometry":{"type":"Polygon","coordinates":[[[-105.281203,42.878587],[-105.286099,42.878625],[-105.286112,42.882246],[-105.281221,42.882214],[-105.281203,42.878587]]]}},{"type":"Feature","properties":{"q":"SESW","ac":40.2},"geometry":{"type":"Polygon","coordinates":[[[-105.305536,42.896783],[-105.310471,42.896766],[-105.310527,42.900397],[-105.305599,42.900415],[-105.305536,42.896783]]]}},{"type":"Feature","properties":{"q":"NWSE","ac":39.9},"geometry":{"type":"Polygon","coordinates":[[[-105.281048,42.903994],[-105.280998,42.900371],[-105.285906,42.900398],[-105.285965,42.904026],[-105.281048,42.903994]]]}},{"type":"Feature","properties":{"q":"4","ac":40.8},"geometry":{"type":"Polygon","coordinates":[[[-105.310654,42.882246],[-105.315657,42.882237],[-105.315625,42.885865],[-105.310615,42.885878],[-105.310654,42.882246]]]}},{"type":"Feature","properties":{"q":"NWSE","ac":40.9},"geometry":{"type":"Polygon","coordinates":[[[-105.281076,42.943809],[-105.286068,42.943828],[-105.286068,42.947473],[-105.28106,42.947458],[-105.281076,42.943809]]]}},{"type":"Feature","properties":{"q":"SENW","ac":40.0},"geometry":{"type":"Polygon","coordinates":[[[-105.291095,42.922144],[-105.286149,42.922112],[-105.286127,42.918502],[-105.29107,42.918537],[-105.291095,42.922144]]]}},{"type":"Feature","properties":{"q":"NESW","ac":39.8},"geometry":{"type":"Polygon","coordinates":[[[-105.286045,42.885877],[-105.290938,42.885906],[-105.290874,42.889535],[-105.285979,42.889508],[-105.286045,42.885877]]]}},{"type":"Feature","properties":{"q":"SENW","ac":40.0},"geometry":{"type":"Polygon","coordinates":[[[-105.305726,42.907678],[-105.305663,42.904048],[-105.310583,42.904027],[-105.310647,42.907656],[-105.305726,42.907678]]]}},{"type":"Feature","properties":{"q":"SWNE","ac":40.0},"geometry":{"type":"Polygon","coordinates":[[[-105.281185,42.918467],[-105.286127,42.918502],[-105.286149,42.922112],[-105.281203,42.92208],[-105.281185,42.918467]]]}},{"type":"Feature","properties":{"q":"NWSE","ac":39.9},"geometry":{"type":"Polygon","coordinates":[[[-105.281153,42.885848],[-105.286045,42.885877],[-105.285979,42.889508],[-105.281084,42.889481],[-105.281153,42.885848]]]}},{"type":"Feature","properties":{"q":"NESW","ac":40.0},"geometry":{"type":"Polygon","coordinates":[[[-105.291046,42.91493],[-105.29107,42.918537],[-105.286127,42.918502],[-105.286106,42.914892],[-105.291046,42.91493]]]}},{"type":"Feature","properties":{"q":"NWSW","ac":40.2},"geometry":{"type":"Polygon","coordinates":[[[-105.291101,42.929365],[-105.296057,42.929392],[-105.296046,42.933004],[-105.291083,42.932978],[-105.291101,42.929365]]]}},{"type":"Feature","properties":{"q":"3","ac":41.4},"geometry":{"type":"Polygon","coordinates":[[[-105.291098,42.954798],[-105.286067,42.954781],[-105.286068,42.951106],[-105.291093,42.951119],[-105.291098,42.954798]]]}},{"type":"Feature","properties":{"q":"SWSE","ac":40.1},"geometry":{"type":"Polygon","coordinates":[[[-105.281222,42.925693],[-105.286171,42.925722],[-105.286145,42.929337],[-105.281189,42.92931],[-105.281222,42.925693]]]}},{"type":"Feature","properties":{"q":"NENE","ac":39.7},"geometry":{"type":"Polygon","coordinates":[[[-105.300937,42.936595],[-105.300952,42.940198],[-105.296025,42.940227],[-105.296036,42.936616],[-105.300937,42.936595]]]}},{"type":"Feature","properties":{"q":"3","ac":40.3},"geometry":{"type":"Polygon","coordinates":[[[-105.305973,42.951085],[-105.310939,42.951072],[-105.310939,42.9547],[-105.306005,42.954723],[-105.305973,42.951085]]]}},{"type":"Feature","properties":{"q":"1","ac":40.7},"geometry":{"type":"Polygon","coordinates":[[[-105.310641,42.878631],[-105.31566,42.878613],[-105.315657,42.882237],[-105.310654,42.882246],[-105.310641,42.878631]]]}},{"type":"Feature","properties":{"q":"NWSE","ac":40.2},"geometry":{"type":"Polygon","coordinates":[[[-105.305942,42.947474],[-105.301025,42.947488],[-105.300988,42.943843],[-105.30591,42.943822],[-105.305942,42.947474]]]}},{"type":"Feature","properties":{"q":"SWSE","ac":40.0},"geometry":{"type":"Polygon","coordinates":[[[-105.281147,42.911241],[-105.286084,42.911282],[-105.286106,42.914892],[-105.281166,42.914854],[-105.281147,42.911241]]]}},{"type":"Feature","properties":{"q":"NESW","ac":40.2},"geometry":{"type":"Polygon","coordinates":[[[-105.286145,42.929337],[-105.291101,42.929365],[-105.291083,42.932978],[-105.28612,42.932953],[-105.286145,42.929337]]]}},{"type":"Feature","properties":{"q":"NENW","ac":39.7},"geometry":{"type":"Polygon","coordinates":[[[-105.290994,42.878663],[-105.291003,42.882277],[-105.286112,42.882246],[-105.286099,42.878625],[-105.290994,42.878663]]]}},{"type":"Feature","properties":{"q":"NENW","ac":40.2},"geometry":{"type":"Polygon","coordinates":[[[-105.310471,42.896766],[-105.305536,42.896783],[-105.305585,42.893155],[-105.310523,42.893138],[-105.310471,42.896766]]]}},{"type":"Feature","properties":{"q":"SESE","ac":40.3},"geometry":{"type":"Polygon","coordinates":[[[-105.295642,42.896815],[-105.300589,42.896799],[-105.30066,42.900434],[-105.295721,42.900452],[-105.295642,42.896815]]]}},{"type":"Feature","properties":{"q":"SESE","ac":40.2},"geometry":{"type":"Polygon","coordinates":[[[-105.296067,42.943865],[-105.296025,42.940227],[-105.300952,42.940198],[-105.300988,42.943843],[-105.296067,42.943865]]]}},{"type":"Feature","properties":{"q":"NWNE","ac":39.6},"geometry":{"type":"Polygon","coordinates":[[[-105.305737,42.922214],[-105.305719,42.925885],[-105.300893,42.925833],[-105.300889,42.922195],[-105.305737,42.922214]]]}},{"type":"Feature","properties":{"q":"SWSW","ac":39.9},"geometry":{"type":"Polygon","coordinates":[[[-105.291046,42.91493],[-105.291021,42.911323],[-105.295958,42.911363],[-105.295986,42.914968],[-105.291046,42.91493]]]}},{"type":"Feature","properties":{"q":"NWSE","ac":40.2},"geometry":{"type":"Polygon","coordinates":[[[-105.305663,42.904048],[-105.300731,42.904068],[-105.30066,42.900434],[-105.305599,42.900415],[-105.305663,42.904048]]]}},{"type":"Feature","properties":{"q":"SESW","ac":40.7},"geometry":{"type":"Polygon","coordinates":[[[-105.291047,42.940205],[-105.291068,42.943847],[-105.286068,42.943828],[-105.286069,42.940182],[-105.291047,42.940205]]]}},{"type":"Feature","properties":{"q":"NENW","ac":39.6},"geometry":{"type":"Polygon","coordinates":[[[-105.310751,42.936557],[-105.310805,42.940151],[-105.305878,42.94017],[-105.305838,42.936573],[-105.310751,42.936557]]]}},{"type":"Feature","properties":{"q":"6","ac":42.6},"geometry":{"type":"Polygon","coordinates":[[[-105.316043,42.943787],[-105.316169,42.947442],[-105.310939,42.947458],[-105.310872,42.943805],[-105.316043,42.943787]]]}},{"type":"Feature","properties":{"q":"NENE","ac":39.2},"geometry":{"type":"Polygon","coordinates":[[[-105.296041,42.922176],[-105.300889,42.922195],[-105.300893,42.925833],[-105.296068,42.92578],[-105.296041,42.922176]]]}},{"type":"Feature","properties":{"q":"SENW","ac":39.5},"geometry":{"type":"Polygon","coordinates":[[[-105.310697,42.932963],[-105.310751,42.936557],[-105.305838,42.936573],[-105.305798,42.932977],[-105.310697,42.932963]]]}},{"type":"Feature","properties":{"q":"SENW","ac":40.3},"geometry":{"type":"Polygon","coordinates":[[[-105.310939,42.947458],[-105.310939,42.951072],[-105.305973,42.951085],[-105.305942,42.947474],[-105.310939,42.947458]]]}},{"type":"Feature","properties":{"q":"SENW","ac":39.8},"geometry":{"type":"Polygon","coordinates":[[[-105.285913,42.893139],[-105.285979,42.889508],[-105.290874,42.889535],[-105.290809,42.893164],[-105.285913,42.893139]]]}},{"type":"Feature","properties":{"q":"NWSE","ac":38.8},"geometry":{"type":"Polygon","coordinates":[[[-105.305798,42.932977],[-105.300922,42.93299],[-105.300908,42.929412],[-105.305758,42.929431],[-105.305798,42.932977]]]}},{"type":"Feature","properties":{"q":"NWNE","ac":40.1},"geometry":{"type":"Polygon","coordinates":[[[-105.305726,42.907678],[-105.30579,42.911309],[-105.300874,42.911336],[-105.300803,42.907702],[-105.305726,42.907678]]]}},{"type":"Feature","properties":{"q":"SWNE","ac":40.2},"geometry":{"type":"Polygon","coordinates":[[[-105.281157,42.932927],[-105.28612,42.932953],[-105.286094,42.936568],[-105.281124,42.936543],[-105.281157,42.932927]]]}},{"type":"Feature","properties":{"q":"1","ac":41.1},"geometry":{"type":"Polygon","coordinates":[[[-105.31584,42.93654],[-105.315918,42.940132],[-105.310805,42.940151],[-105.310751,42.936557],[-105.31584,42.93654]]]}},{"type":"Feature","properties":{"q":"3","ac":40.6},"geometry":{"type":"Polygon","coordinates":[[[-105.310644,42.929394],[-105.315686,42.929356],[-105.315763,42.932948],[-105.310697,42.932963],[-105.310644,42.929394]]]}},{"type":"Feature","properties":{"q":"SENE","ac":39.4},"geometry":{"type":"Polygon","coordinates":[[[-105.296041,42.922176],[-105.296013,42.918572],[-105.300884,42.918558],[-105.300889,42.922195],[-105.296041,42.922176]]]}},{"type":"Feature","properties":{"q":"NWNW","ac":40.0},"geometry":{"type":"Polygon","coordinates":[[[-105.296041,42.922176],[-105.296068,42.92578],[-105.291119,42.925751],[-105.291095,42.922144],[-105.296041,42.922176]]]}},{"type":"Feature","properties":{"q":"SWNW","ac":40.2},"geometry":{"type":"Polygon","coordinates":[[[-105.291083,42.932978],[-105.296046,42.933004],[-105.296036,42.936616],[-105.291065,42.936592],[-105.291083,42.932978]]]}},{"type":"Feature","properties":{"q":"1","ac":40.3},"geometry":{"type":"Polygon","coordinates":[[[-105.315606,42.907634],[-105.315658,42.911262],[-105.310711,42.911286],[-105.310647,42.907656],[-105.315606,42.907634]]]}},{"type":"Feature","properties":{"q":"SENW","ac":40.1},"geometry":{"type":"Polygon","coordinates":[[[-105.285965,42.904026],[-105.290883,42.904058],[-105.290952,42.90769],[-105.286025,42.907654],[-105.285965,42.904026]]]}},{"type":"Feature","properties":{"q":"1","ac":40.8},"geometry":{"type":"Polygon","coordinates":[[[-105.315536,42.893121],[-105.315479,42.896749],[-105.310471,42.896766],[-105.310523,42.893138],[-105.315536,42.893121]]]}},{"type":"Feature","properties":{"q":"NESE","ac":40.1},"geometry":{"type":"Polygon","coordinates":[[[-105.300701,42.889545],[-105.295768,42.889561],[-105.295831,42.885935],[-105.300757,42.885913],[-105.300701,42.889545]]]}},{"type":"Feature","properties":{"q":"SESW","ac":39.9},"geometry":{"type":"Polygon","coordinates":[[[-105.31068,42.914907],[-105.305772,42.914926],[-105.30579,42.911309],[-105.310711,42.911286],[-105.31068,42.914907]]]}},{"type":"Feature","properties":{"q":"SWNE","ac":39.4},"geometry":{"type":"Polygon","coordinates":[[[-105.305798,42.932977],[-105.305838,42.936573],[-105.300937,42.936595],[-105.300922,42.93299],[-105.305798,42.932977]]]}},{"type":"Feature","properties":{"q":"NESW","ac":40.0},"geometry":{"type":"Polygon","coordinates":[[[-105.285906,42.900398],[-105.290813,42.900425],[-105.290883,42.904058],[-105.285965,42.904026],[-105.285906,42.900398]]]}},{"type":"Feature","properties":{"q":"SESW","ac":40.2},"geometry":{"type":"Polygon","coordinates":[[[-105.305733,42.882254],[-105.310654,42.882246],[-105.310615,42.885878],[-105.305683,42.885891],[-105.305733,42.882254]]]}},{"type":"Feature","properties":{"q":"3","ac":40.4},"geometry":{"type":"Polygon","coordinates":[[[-105.315634,42.918513],[-105.31065,42.918528],[-105.31068,42.914907],[-105.315646,42.914888],[-105.315634,42.918513]]]}},{"type":"Feature","properties":{"q":"4","ac":42.3},"geometry":{"type":"Polygon","coordinates":[[[-105.316149,42.954674],[-105.310939,42.9547],[-105.310939,42.951072],[-105.316159,42.951058],[-105.316149,42.954674]]]}},{"type":"Feature","properties":{"q":"NWSW","ac":40.8},"geometry":{"type":"Polygon","coordinates":[[[-105.291088,42.947488],[-105.291068,42.943847],[-105.296067,42.943865],[-105.296108,42.947503],[-105.291088,42.947488]]]}},{"type":"Feature","properties":{"q":"NENW","ac":40.0},"geometry":{"type":"Polygon","coordinates":[[[-105.305726,42.907678],[-105.310647,42.907656],[-105.310711,42.911286],[-105.30579,42.911309],[-105.305726,42.907678]]]}},{"type":"Feature","properties":{"q":"SWSW","ac":40.7},"geometry":{"type":"Polygon","coordinates":[[[-105.276242,42.867645],[-105.276264,42.871279],[-105.271267,42.871308],[-105.27125,42.867681],[-105.276242,42.867645]]]}},{"type":"Feature","properties":{"q":"SESW","ac":40.6},"geometry":{"type":"Polygon","coordinates":[[[-105.266257,42.867716],[-105.27125,42.867681],[-105.271267,42.871308],[-105.266271,42.871337],[-105.266257,42.867716]]]}},{"type":"Feature","properties":{"q":"SWNW","ac":40.7},"geometry":{"type":"Polygon","coordinates":[[[-105.276286,42.874914],[-105.276308,42.878548],[-105.271303,42.878563],[-105.271285,42.874936],[-105.276286,42.874914]]]}},{"type":"Feature","properties":{"q":"NESW","ac":40.6},"geometry":{"type":"Polygon","coordinates":[[[-105.271267,42.871308],[-105.271285,42.874936],[-105.266285,42.874957],[-105.266271,42.871337],[-105.271267,42.871308]]]}},{"type":"Feature","properties":{"q":"SENE","ac":39.9},"geometry":{"type":"Polygon","coordinates":[[[-105.276286,42.874914],[-105.281186,42.874959],[-105.281203,42.878587],[-105.276308,42.878548],[-105.276286,42.874914]]]}},{"type":"Feature","properties":{"q":"NESE","ac":39.9},"geometry":{"type":"Polygon","coordinates":[[[-105.281168,42.871333],[-105.281186,42.874959],[-105.276286,42.874914],[-105.276264,42.871279],[-105.281168,42.871333]]]}},{"type":"Feature","properties":{"q":"NWSW","ac":40.7},"geometry":{"type":"Polygon","coordinates":[[[-105.276264,42.871279],[-105.276286,42.874914],[-105.271285,42.874936],[-105.271267,42.871308],[-105.276264,42.871279]]]}},{"type":"Feature","properties":{"q":"SESW","ac":40.3},"geometry":{"type":"Polygon","coordinates":[[[-105.251301,42.867868],[-105.251307,42.871478],[-105.246336,42.871564],[-105.24633,42.867951],[-105.251301,42.867868]]]}},{"type":"Feature","properties":{"q":"SESE","ac":40.5},"geometry":{"type":"Polygon","coordinates":[[[-105.256272,42.867784],[-105.261264,42.86775],[-105.261274,42.871364],[-105.256278,42.871392],[-105.256272,42.867784]]]}},{"type":"Feature","properties":{"q":"NWSW","ac":40.4},"geometry":{"type":"Polygon","coordinates":[[[-105.211545,42.875586],[-105.211545,42.871963],[-105.216515,42.87192],[-105.216517,42.875534],[-105.211545,42.875586]]]}},{"type":"Feature","properties":{"q":"SWNE","ac":40.6},"geometry":{"type":"Polygon","coordinates":[[[-105.266285,42.874957],[-105.266299,42.878578],[-105.261294,42.878593],[-105.261284,42.874978],[-105.266285,42.874957]]]}},{"type":"Feature","properties":{"q":"NWSE","ac":40.5},"geometry":{"type":"Polygon","coordinates":[[[-105.206575,42.872005],[-105.206573,42.875637],[-105.201601,42.875688],[-105.201605,42.872047],[-105.206575,42.872005]]]}},{"type":"Feature","properties":{"q":"NWSE","ac":40.3},"geometry":{"type":"Polygon","coordinates":[[[-105.246336,42.871564],[-105.246343,42.875177],[-105.241372,42.875265],[-105.241365,42.871653],[-105.246336,42.871564]]]}},{"type":"Feature","properties":{"q":"SWSW","ac":40.3},"geometry":{"type":"Polygon","coordinates":[[[-105.211545,42.868339],[-105.216513,42.868305],[-105.216515,42.87192],[-105.211545,42.871963],[-105.211545,42.868339]]]}},{"type":"Feature","properties":{"q":"SESE","ac":40.6},"geometry":{"type":"Polygon","coordinates":[[[-105.20161,42.868406],[-105.201605,42.872047],[-105.196635,42.872089],[-105.196641,42.868438],[-105.20161,42.868406]]]}},{"type":"Feature","properties":{"q":"SENW","ac":40.2},"geometry":{"type":"Polygon","coordinates":[[[-105.251313,42.875088],[-105.25132,42.878697],[-105.246349,42.878786],[-105.246343,42.875177],[-105.251313,42.875088]]]}},{"type":"Feature","properties":{"q":"SENW","ac":40.3},"geometry":{"type":"Polygon","coordinates":[[[-105.23143,42.875399],[-105.231436,42.879011],[-105.226463,42.879057],[-105.226459,42.875444],[-105.23143,42.875399]]]}},{"type":"Feature","properties":{"q":"SENE","ac":40.3},"geometry":{"type":"Polygon","coordinates":[[[-105.241379,42.878876],[-105.236408,42.878965],[-105.236401,42.875353],[-105.241372,42.875265],[-105.241379,42.878876]]]}},{"type":"Feature","properties":{"q":"SWSW","ac":40.3},"geometry":{"type":"Polygon","coordinates":[[[-105.231425,42.871786],[-105.231419,42.868173],[-105.236388,42.868131],[-105.236394,42.871742],[-105.231425,42.871786]]]}},{"type":"Feature","properties":{"q":"NWSE","ac":40.6},"geometry":{"type":"Polygon","coordinates":[[[-105.266271,42.871337],[-105.266285,42.874957],[-105.261284,42.874978],[-105.261274,42.871364],[-105.266271,42.871337]]]}},{"type":"Feature","properties":{"q":"SWNE","ac":40.2},"geometry":{"type":"Polygon","coordinates":[[[-105.246343,42.875177],[-105.246349,42.878786],[-105.241379,42.878876],[-105.241372,42.875265],[-105.246343,42.875177]]]}},{"type":"Feature","properties":{"q":"SENE","ac":40.5},"geometry":{"type":"Polygon","coordinates":[[[-105.25629,42.878607],[-105.256284,42.874999],[-105.261284,42.874978],[-105.261294,42.878593],[-105.25629,42.878607]]]}},{"type":"Feature","properties":{"q":"SWNW","ac":40.3},"geometry":{"type":"Polygon","coordinates":[[[-105.236408,42.878965],[-105.231436,42.879011],[-105.23143,42.875399],[-105.236401,42.875353],[-105.236408,42.878965]]]}},{"type":"Feature","properties":{"q":"SESW","ac":40.4},"geometry":{"type":"Polygon","coordinates":[[[-105.211545,42.868339],[-105.211545,42.871963],[-105.206575,42.872005],[-105.206577,42.868373],[-105.211545,42.868339]]]}},{"type":"Feature","properties":{"q":"SWNW","ac":40.0},"geometry":{"type":"Polygon","coordinates":[[[-105.271322,42.922021],[-105.271316,42.918399],[-105.276242,42.918432],[-105.276258,42.922048],[-105.271322,42.922021]]]}},{"type":"Feature","properties":{"q":"NWSW","ac":40.5},"geometry":{"type":"Polygon","coordinates":[[[-105.271238,42.889476],[-105.27128,42.885833],[-105.27626,42.885818],[-105.27619,42.889454],[-105.271238,42.889476]]]}},{"type":"Feature","properties":{"q":"NENE","ac":40.3},"geometry":{"type":"Polygon","coordinates":[[[-105.276153,42.936519],[-105.281124,42.936543],[-105.281091,42.94016],[-105.276113,42.940137],[-105.276153,42.936519]]]}},{"type":"Feature","properties":{"q":"SESE","ac":39.9},"geometry":{"type":"Polygon","coordinates":[[[-105.27626,42.885818],[-105.276329,42.882183],[-105.281221,42.882214],[-105.281153,42.885848],[-105.27626,42.885818]]]}},{"type":"Feature","properties":{"q":"SESW","ac":39.4},"geometry":{"type":"Polygon","coordinates":[[[-105.271155,42.89676],[-105.271192,42.900359],[-105.266294,42.900374],[-105.26626,42.896795],[-105.271155,42.89676]]]}},{"type":"Feature","properties":{"q":"NENW","ac":40.7},"geometry":{"type":"Polygon","coordinates":[[[-105.266313,42.882199],[-105.266299,42.878578],[-105.271303,42.878563],[-105.271321,42.882191],[-105.266313,42.882199]]]}},{"type":"Feature","properties":{"q":"SENW","ac":40.6},"geometry":{"type":"Polygon","coordinates":[[[-105.271072,42.947535],[-105.271043,42.951171],[-105.266057,42.951262],[-105.266092,42.947626],[-105.271072,42.947535]]]}},{"type":"Feature","properties":{"q":"SWNW","ac":40.4},"geometry":{"type":"Polygon","coordinates":[[[-105.276153,42.936519],[-105.271185,42.936575],[-105.271233,42.932931],[-105.276193,42.932901],[-105.276153,42.936519]]]}},{"type":"Feature","properties":{"q":"SWNW","ac":40.3},"geometry":{"type":"Polygon","coordinates":[[[-105.271197,42.893118],[-105.271238,42.889476],[-105.27619,42.889454],[-105.27612,42.893089],[-105.271197,42.893118]]]}},{"type":"Feature","properties":{"q":"SESE","ac":40.2},"geometry":{"type":"Polygon","coordinates":[[[-105.276233,42.929282],[-105.276274,42.925664],[-105.281222,42.925693],[-105.281189,42.92931],[-105.276233,42.929282]]]}},{"type":"Feature","properties":{"q":"SESW","ac":40.8},"geometry":{"type":"Polygon","coordinates":[[[-105.27128,42.885833],[-105.2663,42.885848],[-105.266313,42.882199],[-105.271321,42.882191],[-105.27128,42.885833]]]}},{"type":"Feature","properties":{"q":"SENE","ac":40.0},"geometry":{"type":"Polygon","coordinates":[[[-105.27613,42.903963],[-105.281048,42.903994],[-105.281097,42.907618],[-105.27617,42.907581],[-105.27613,42.903963]]]}},{"type":"Feature","properties":{"q":"SESE","ac":40.8},"geometry":{"type":"Polygon","coordinates":[[[-105.281091,42.94016],[-105.281076,42.943809],[-105.276083,42.94379],[-105.276113,42.940137],[-105.281091,42.94016]]]}},{"type":"Feature","properties":{"q":"NESW","ac":40.8},"geometry":{"type":"Polygon","coordinates":[[[-105.266127,42.943964],[-105.271105,42.943877],[-105.271072,42.947535],[-105.266092,42.947626],[-105.266127,42.943964]]]}},{"type":"Feature","properties":{"q":"SWSW","ac":40.7},"geometry":{"type":"Polygon","coordinates":[[[-105.276113,42.940137],[-105.276083,42.94379],[-105.271105,42.943877],[-105.271138,42.940219],[-105.276113,42.940137]]]}},{"type":"Feature","properties":{"q":"NESW","ac":39.4},"geometry":{"type":"Polygon","coordinates":[[[-105.271192,42.900359],[-105.271229,42.903957],[-105.266328,42.903952],[-105.266294,42.900374],[-105.271192,42.900359]]]}},{"type":"Feature","properties":{"q":"NENW","ac":40.1},"geometry":{"type":"Polygon","coordinates":[[[-105.266273,42.893146],[-105.271197,42.893118],[-105.271155,42.89676],[-105.26626,42.896795],[-105.266273,42.893146]]]}},{"type":"Feature","properties":{"q":"NESE","ac":40.2},"geometry":{"type":"Polygon","coordinates":[[[-105.276233,42.929282],[-105.281189,42.92931],[-105.281157,42.932927],[-105.276193,42.932901],[-105.276233,42.929282]]]}},{"type":"Feature","properties":{"q":"3","ac":41.1},"geometry":{"type":"Polygon","coordinates":[[[-105.271043,42.951171],[-105.271014,42.954848],[-105.266021,42.954948],[-105.266057,42.951262],[-105.271043,42.951171]]]}},{"type":"Feature","properties":{"q":"NENE","ac":40.1},"geometry":{"type":"Polygon","coordinates":[[[-105.281222,42.925693],[-105.276274,42.925664],[-105.276258,42.922048],[-105.281203,42.92208],[-105.281222,42.925693]]]}},{"type":"Feature","properties":{"q":"SESW","ac":40.6},"geometry":{"type":"Polygon","coordinates":[[[-105.266383,42.925621],[-105.271328,42.925643],[-105.271281,42.929287],[-105.266328,42.929292],[-105.266383,42.925621]]]}},{"type":"Feature","properties":{"q":"NESE","ac":40.9},"geometry":{"type":"Polygon","coordinates":[[[-105.281076,42.943809],[-105.28106,42.947458],[-105.276052,42.947443],[-105.276083,42.94379],[-105.281076,42.943809]]]}},{"type":"Feature","properties":{"q":"SENE","ac":40.3},"geometry":{"type":"Polygon","coordinates":[[[-105.281124,42.936543],[-105.276153,42.936519],[-105.276193,42.932901],[-105.281157,42.932927],[-105.281124,42.936543]]]}},{"type":"Feature","properties":{"q":"NESW","ac":40.6},"geometry":{"type":"Polygon","coordinates":[[[-105.27128,42.885833],[-105.271238,42.889476],[-105.266286,42.889497],[-105.2663,42.885848],[-105.27128,42.885833]]]}},{"type":"Feature","properties":{"q":"NWSW","ac":40.3},"geometry":{"type":"Polygon","coordinates":[[[-105.276193,42.932901],[-105.271233,42.932931],[-105.271281,42.929287],[-105.276233,42.929282],[-105.276193,42.932901]]]}},{"type":"Feature","properties":{"q":"NWNW","ac":40.8},"geometry":{"type":"Polygon","coordinates":[[[-105.271303,42.878563],[-105.276308,42.878548],[-105.276329,42.882183],[-105.271321,42.882191],[-105.271303,42.878563]]]}},{"type":"Feature","properties":{"q":"NESE","ac":39.9},"geometry":{"type":"Polygon","coordinates":[[[-105.27613,42.903963],[-105.27609,42.900344],[-105.280998,42.900371],[-105.281048,42.903994],[-105.27613,42.903963]]]}},{"type":"Feature","properties":{"q":"SENE","ac":39.9},"geometry":{"type":"Polygon","coordinates":[[[-105.27619,42.889454],[-105.281084,42.889481],[-105.281016,42.893114],[-105.27612,42.893089],[-105.27619,42.889454]]]}},{"type":"Feature","properties":{"q":"NENW","ac":40.7},"geometry":{"type":"Polygon","coordinates":[[[-105.271138,42.940219],[-105.266163,42.940301],[-105.266218,42.936632],[-105.271185,42.936575],[-105.271138,42.940219]]]}},{"type":"Feature","properties":{"q":"SESW","ac":40.8},"geometry":{"type":"Polygon","coordinates":[[[-105.271138,42.940219],[-105.271105,42.943877],[-105.266127,42.943964],[-105.266163,42.940301],[-105.271138,42.940219]]]}},{"type":"Feature","properties":{"q":"SESW","ac":39.9},"geometry":{"type":"Polygon","coordinates":[[[-105.266397,42.911108],[-105.271303,42.911154],[-105.27131,42.914777],[-105.266393,42.914737],[-105.266397,42.911108]]]}},{"type":"Feature","properties":{"q":"NENE","ac":39.8},"geometry":{"type":"Polygon","coordinates":[[[-105.276308,42.878548],[-105.281203,42.878587],[-105.281221,42.882214],[-105.276329,42.882183],[-105.276308,42.878548]]]}},{"type":"Feature","properties":{"q":"1","ac":41.3},"geometry":{"type":"Polygon","coordinates":[[[-105.276029,42.95108],[-105.281048,42.951093],[-105.281037,42.954764],[-105.276006,42.954748],[-105.276029,42.95108]]]}},{"type":"Feature","properties":{"q":"NENE","ac":39.9},"geometry":{"type":"Polygon","coordinates":[[[-105.27605,42.896725],[-105.27612,42.893089],[-105.281016,42.893114],[-105.280948,42.896747],[-105.27605,42.896725]]]}},{"type":"Feature","properties":{"q":"NWSW","ac":39.6},"geometry":{"type":"Polygon","coordinates":[[[-105.27613,42.903963],[-105.271229,42.903957],[-105.271192,42.900359],[-105.27609,42.900344],[-105.27613,42.903963]]]}},{"type":"Feature","properties":{"q":"SESE","ac":40.5},"geometry":{"type":"Polygon","coordinates":[[[-105.221429,42.897176],[-105.221397,42.900782],[-105.216377,42.900816],[-105.216422,42.897216],[-105.221429,42.897176]]]}},{"type":"Feature","properties":{"q":"SENW","ac":40.1},"geometry":{"type":"Polygon","coordinates":[[[-105.211392,42.904538],[-105.211357,42.908152],[-105.206425,42.908286],[-105.20645,42.904659],[-105.211392,42.904538]]]}},{"type":"Feature","properties":{"q":"NWSE","ac":40.4},"geometry":{"type":"Polygon","coordinates":[[[-105.246492,42.90412],[-105.241475,42.904209],[-105.241465,42.900608],[-105.246476,42.90054],[-105.246492,42.90412]]]}},{"type":"Feature","properties":{"q":"SESW","ac":40.3},"geometry":{"type":"Polygon","coordinates":[[[-105.231541,42.940832],[-105.231525,42.944471],[-105.226589,42.944593],[-105.226591,42.940947],[-105.231541,42.940832]]]}},{"type":"Feature","properties":{"q":"NENW","ac":40.3},"geometry":{"type":"Polygon","coordinates":[[[-105.226468,42.88267],[-105.226463,42.879057],[-105.231436,42.879011],[-105.231441,42.882623],[-105.226468,42.88267]]]}},{"type":"Feature","properties":{"q":"SWNE","ac":40.1},"geometry":{"type":"Polygon","coordinates":[[[-105.226587,42.948238],[-105.226585,42.951871],[-105.221667,42.952004],[-105.221659,42.948367],[-105.226587,42.948238]]]}},{"type":"Feature","properties":{"q":"NESW","ac":41.0},"geometry":{"type":"Polygon","coordinates":[[[-105.206661,42.930321],[-105.211634,42.930212],[-105.211678,42.933899],[-105.20672,42.934004],[-105.206661,42.930321]]]}},{"type":"Feature","properties":{"q":"3","ac":41.0},"geometry":{"type":"Polygon","coordinates":[[[-105.211749,42.952215],[-105.211744,42.955874],[-105.206719,42.955942],[-105.206749,42.952294],[-105.211749,42.952215]]]}},{"type":"Feature","properties":{"q":"4","ac":40.8},"geometry":{"type":"Polygon","coordinates":[[[-105.251157,42.951492],[-105.256064,42.951455],[-105.256037,42.955173],[-105.251127,42.955196],[-105.251157,42.951492]]]}},{"type":"Feature","properties":{"q":"NWSE","ac":40.4},"geometry":{"type":"Polygon","coordinates":[[[-105.206551,42.886527],[-105.206534,42.890153],[-105.201567,42.890234],[-105.201579,42.886602],[-105.206551,42.886527]]]}},{"type":"Feature","properties":{"q":"NWSW","ac":40.0},"geometry":{"type":"Polygon","coordinates":[[[-105.211392,42.904538],[-105.211426,42.900924],[-105.216377,42.900816],[-105.216333,42.904417],[-105.211392,42.904538]]]}},{"type":"Feature","properties":{"q":"4","ac":41.1},"geometry":{"type":"Polygon","coordinates":[[[-105.21675,42.952136],[-105.216769,42.955805],[-105.211744,42.955874],[-105.211749,42.952215],[-105.21675,42.952136]]]}},{"type":"Feature","properties":{"q":"NWNE","ac":40.6},"geometry":{"type":"Polygon","coordinates":[[[-105.20657,42.879269],[-105.206568,42.882902],[-105.201592,42.882971],[-105.201596,42.87933],[-105.20657,42.879269]]]}},{"type":"Feature","properties":{"q":"NESE","ac":40.4},"geometry":{"type":"Polygon","coordinates":[[[-105.216471,42.88999],[-105.216495,42.886377],[-105.221478,42.886332],[-105.221461,42.889947],[-105.216471,42.88999]]]}},{"type":"Feature","properties":{"q":"SWSW","ac":40.4},"geometry":{"type":"Polygon","coordinates":[[[-105.256151,42.944137],[-105.251235,42.94419],[-105.251282,42.940528],[-105.256213,42.940465],[-105.256151,42.944137]]]}},{"type":"Feature","properties":{"q":"NWNW","ac":40.3},"geometry":{"type":"Polygon","coordinates":[[[-105.236415,42.882576],[-105.231441,42.882623],[-105.231436,42.879011],[-105.236408,42.878965],[-105.236415,42.882576]]]}},{"type":"Feature","properties":{"q":"NWSE","ac":40.3},"geometry":{"type":"Polygon","coordinates":[[[-105.206475,42.901031],[-105.20645,42.904659],[-105.201509,42.90478],[-105.201524,42.901138],[-105.206475,42.901031]]]}},{"type":"Feature","properties":{"q":"SESW","ac":41.0},"geometry":{"type":"Polygon","coordinates":[[[-105.251554,42.911147],[-105.251544,42.914788],[-105.246527,42.914919],[-105.246524,42.911278],[-105.251554,42.911147]]]}},{"type":"Feature","properties":{"q":"SESW","ac":40.3},"geometry":{"type":"Polygon","coordinates":[[[-105.246318,42.944243],[-105.246352,42.940591],[-105.251282,42.940528],[-105.251235,42.94419],[-105.246318,42.944243]]]}},{"type":"Feature","properties":{"q":"SESE","ac":40.5},"geometry":{"type":"Polygon","coordinates":[[[-105.221641,42.941062],[-105.22165,42.944715],[-105.216711,42.944836],[-105.216691,42.941177],[-105.221641,42.941062]]]}},{"type":"Feature","properties":{"q":"NESE","ac":40.5},"geometry":{"type":"Polygon","coordinates":[[[-105.236433,42.889816],[-105.236424,42.886196],[-105.241403,42.886117],[-105.24142,42.889747],[-105.236433,42.889816]]]}},{"type":"Feature","properties":{"q":"NWSE","ac":40.4},"geometry":{"type":"Polygon","coordinates":[[[-105.22646,42.886287],[-105.226452,42.889903],[-105.221461,42.889947],[-105.221478,42.886332],[-105.22646,42.886287]]]}},{"type":"Feature","properties":{"q":"NESE","ac":40.7},"geometry":{"type":"Polygon","coordinates":[[[-105.196573,42.915873],[-105.201512,42.915734],[-105.201545,42.919407],[-105.19659,42.919537],[-105.196573,42.915873]]]}},{"type":"Feature","properties":{"q":"SWNE","ac":40.7},"geometry":{"type":"Polygon","coordinates":[[[-105.201782,42.948744],[-105.206779,42.948661],[-105.206749,42.952294],[-105.201738,42.952373],[-105.201782,42.948744]]]}},{"type":"Feature","properties":{"q":"NENE","ac":40.3},"geometry":{"type":"Polygon","coordinates":[[[-105.201493,42.908421],[-105.201478,42.912062],[-105.196556,42.91221],[-105.196562,42.908555],[-105.201493,42.908421]]]}},{"type":"Feature","properties":{"q":"NENW","ac":40.0},"geometry":{"type":"Polygon","coordinates":[[[-105.211357,42.908152],[-105.211323,42.911765],[-105.206401,42.911914],[-105.206425,42.908286],[-105.211357,42.908152]]]}},{"type":"Feature","properties":{"q":"NENE","ac":40.3},"geometry":{"type":"Polygon","coordinates":[[[-105.241379,42.878876],[-105.241385,42.882486],[-105.236415,42.882576],[-105.236408,42.878965],[-105.241379,42.878876]]]}},{"type":"Feature","properties":{"q":"NESE","ac":41.2},"geometry":{"type":"Polygon","coordinates":[[[-105.221595,42.930017],[-105.22161,42.933699],[-105.216635,42.933794],[-105.216607,42.930103],[-105.221595,42.930017]]]}},{"type":"Feature","properties":{"q":"SWSE","ac":40.4},"geometry":{"type":"Polygon","coordinates":[[[-105.221641,42.941062],[-105.226591,42.940947],[-105.226589,42.944593],[-105.22165,42.944715],[-105.221641,42.941062]]]}},{"type":"Feature","properties":{"q":"SWSE","ac":40.8},"geometry":{"type":"Polygon","coordinates":[[[-105.266383,42.925621],[-105.266328,42.929292],[-105.261376,42.929296],[-105.261438,42.9256],[-105.266383,42.925621]]]}},{"type":"Feature","properties":{"q":"SWNE","ac":40.4},"geometry":{"type":"Polygon","coordinates":[[[-105.246492,42.90412],[-105.246508,42.907699],[-105.241485,42.907809],[-105.241475,42.904209],[-105.246492,42.90412]]]}},{"type":"Feature","properties":{"q":"NWNE","ac":40.4},"geometry":{"type":"Polygon","coordinates":[[[-105.246508,42.907699],[-105.246524,42.911278],[-105.241494,42.911409],[-105.241485,42.907809],[-105.246508,42.907699]]]}},{"type":"Feature","properties":{"q":"SENW","ac":40.8},"geometry":{"type":"Polygon","coordinates":[[[-105.25143,42.893261],[-105.246434,42.893319],[-105.246408,42.889678],[-105.251396,42.889609],[-105.25143,42.893261]]]}},{"type":"Feature","properties":{"q":"SWSW","ac":40.3},"geometry":{"type":"Polygon","coordinates":[[[-105.21652,42.882764],[-105.216495,42.886377],[-105.211523,42.886452],[-105.211544,42.882833],[-105.21652,42.882764]]]}},{"type":"Feature","properties":{"q":"NWNW","ac":41.0},"geometry":{"type":"Polygon","coordinates":[[[-105.25647,42.896865],[-105.251465,42.896913],[-105.25143,42.893261],[-105.256427,42.893203],[-105.25647,42.896865]]]}},{"type":"Feature","properties":{"q":"NESW","ac":40.4},"geometry":{"type":"Polygon","coordinates":[[[-105.211523,42.886452],[-105.211502,42.890071],[-105.206534,42.890153],[-105.206551,42.886527],[-105.211523,42.886452]]]}},{"type":"Feature","properties":{"q":"NWSW","ac":40.1},"geometry":{"type":"Polygon","coordinates":[[[-105.236461,42.944349],[-105.23643,42.94798],[-105.231508,42.948109],[-105.231525,42.944471],[-105.236461,42.944349]]]}},{"type":"Feature","properties":{"q":"NWNE","ac":40.4},"geometry":{"type":"Polygon","coordinates":[[[-105.201539,42.897497],[-105.201553,42.893865],[-105.206517,42.893778],[-105.2065,42.897403],[-105.201539,42.897497]]]}},{"type":"Feature","properties":{"q":"NENW","ac":40.2},"geometry":{"type":"Polygon","coordinates":[[[-105.251531,42.907589],[-105.251554,42.911147],[-105.246524,42.911278],[-105.246508,42.907699],[-105.251531,42.907589]]]}},{"type":"Feature","properties":{"q":"SWSW","ac":39.8},"geometry":{"type":"Polygon","coordinates":[[[-105.25647,42.896865],[-105.256498,42.900403],[-105.251487,42.900472],[-105.251465,42.896913],[-105.25647,42.896865]]]}},{"type":"Feature","properties":{"q":"NWNW","ac":40.6},"geometry":{"type":"Polygon","coordinates":[[[-105.231443,42.897096],[-105.231443,42.893478],[-105.236441,42.893436],[-105.23645,42.897056],[-105.231443,42.897096]]]}},{"type":"Feature","properties":{"q":"NESE","ac":41.2},"geometry":{"type":"Polygon","coordinates":[[[-105.256423,42.929301],[-105.261376,42.929296],[-105.261313,42.932992],[-105.256353,42.933022],[-105.256423,42.929301]]]}},{"type":"Feature","properties":{"q":"SWNE","ac":40.1},"geometry":{"type":"Polygon","coordinates":[[[-105.261464,42.918332],[-105.26639,42.918365],[-105.266387,42.921993],[-105.261451,42.921966],[-105.261464,42.918332]]]}},{"type":"Feature","properties":{"q":"SENE","ac":40.7},"geometry":{"type":"Polygon","coordinates":[[[-105.216333,42.904417],[-105.221364,42.904387],[-105.221332,42.907993],[-105.216289,42.908017],[-105.216333,42.904417]]]}},{"type":"Feature","properties":{"q":"SESE","ac":40.4},"geometry":{"type":"Polygon","coordinates":[[[-105.236424,42.886196],[-105.236415,42.882576],[-105.241385,42.882486],[-105.241403,42.886117],[-105.236424,42.886196]]]}},{"type":"Feature","properties":{"q":"NWSE","ac":41.0},"geometry":{"type":"Polygon","coordinates":[[[-105.226582,42.929931],[-105.226585,42.933603],[-105.22161,42.933699],[-105.221595,42.930017],[-105.226582,42.929931]]]}},{"type":"Feature","properties":{"q":"NENW","ac":40.5},"geometry":{"type":"Polygon","coordinates":[[[-105.206568,42.882902],[-105.20657,42.879269],[-105.211544,42.879209],[-105.211544,42.882833],[-105.206568,42.882902]]]}},{"type":"Feature","properties":{"q":"SENE","ac":40.8},"geometry":{"type":"Polygon","coordinates":[[[-105.201545,42.919407],[-105.201579,42.923079],[-105.196607,42.923201],[-105.19659,42.919537],[-105.201545,42.919407]]]}},{"type":"Feature","properties":{"q":"NWSW","ac":40.3},"geometry":{"type":"Polygon","coordinates":[[[-105.211502,42.890071],[-105.211523,42.886452],[-105.216495,42.886377],[-105.216471,42.88999],[-105.211502,42.890071]]]}},{"type":"Feature","properties":{"q":"NENE","ac":40.4},"geometry":{"type":"Polygon","coordinates":[[[-105.196589,42.893953],[-105.201553,42.893865],[-105.201539,42.897497],[-105.196578,42.89759],[-105.196589,42.893953]]]}},{"type":"Feature","properties":{"q":"1","ac":40.4},"geometry":{"type":"Polygon","coordinates":[[[-105.241332,42.951568],[-105.241307,42.955245],[-105.236396,42.955271],[-105.236413,42.951607],[-105.241332,42.951568]]]}},{"type":"Feature","properties":{"q":"NWSE","ac":41.0},"geometry":{"type":"Polygon","coordinates":[[[-105.266092,42.947626],[-105.261091,42.947717],[-105.261139,42.94405],[-105.266127,42.943964],[-105.266092,42.947626]]]}},{"type":"Feature","properties":{"q":"SWSW","ac":40.3},"geometry":{"type":"Polygon","coordinates":[[[-105.236491,42.940717],[-105.236461,42.944349],[-105.231525,42.944471],[-105.231541,42.940832],[-105.236491,42.940717]]]}},{"type":"Feature","properties":{"q":"SENE","ac":40.4},"geometry":{"type":"Polygon","coordinates":[[[-105.201493,42.908421],[-105.196562,42.908555],[-105.196567,42.9049],[-105.201509,42.90478],[-105.201493,42.908421]]]}},{"type":"Feature","properties":{"q":"NWNE","ac":39.2},"geometry":{"type":"Polygon","coordinates":[[[-105.261459,42.907504],[-105.266362,42.90753],[-105.266397,42.911108],[-105.26149,42.911062],[-105.261459,42.907504]]]}},{"type":"Feature","properties":{"q":"SENW","ac":40.5},"geometry":{"type":"Polygon","coordinates":[[[-105.226452,42.889903],[-105.231442,42.88986],[-105.231443,42.893478],[-105.226444,42.893519],[-105.226452,42.889903]]]}},{"type":"Feature","properties":{"q":"SESW","ac":41.2},"geometry":{"type":"Polygon","coordinates":[[[-105.206661,42.930321],[-105.206601,42.926638],[-105.21159,42.926525],[-105.211634,42.930212],[-105.206661,42.930321]]]}},{"type":"Feature","properties":{"q":"SWSE","ac":41.0},"geometry":{"type":"Polygon","coordinates":[[[-105.246524,42.911278],[-105.246527,42.914919],[-105.24151,42.91505],[-105.241494,42.911409],[-105.246524,42.911278]]]}},{"type":"Feature","properties":{"q":"NWNE","ac":40.1},"geometry":{"type":"Polygon","coordinates":[[[-105.201478,42.912062],[-105.201493,42.908421],[-105.206425,42.908286],[-105.206401,42.911914],[-105.201478,42.912062]]]}},{"type":"Feature","properties":{"q":"3","ac":40.6},"geometry":{"type":"Polygon","coordinates":[[[-105.251127,42.955196],[-105.246217,42.95522],[-105.246251,42.95153],[-105.251157,42.951492],[-105.251127,42.955196]]]}},{"type":"Feature","properties":{"q":"NESE","ac":41.0},"geometry":{"type":"Polygon","coordinates":[[[-105.256151,42.944137],[-105.261139,42.94405],[-105.261091,42.947717],[-105.25609,42.947809],[-105.256151,42.944137]]]}},{"type":"Feature","properties":{"q":"SWSW","ac":41.2},"geometry":{"type":"Polygon","coordinates":[[[-105.21159,42.926525],[-105.216579,42.926411],[-105.216607,42.930103],[-105.211634,42.930212],[-105.21159,42.926525]]]}},{"type":"Feature","properties":{"q":"SWSW","ac":40.8},"geometry":{"type":"Polygon","coordinates":[[[-105.256296,42.882215],[-105.25634,42.885878],[-105.251361,42.885957],[-105.251326,42.882305],[-105.256296,42.882215]]]}},{"type":"Feature","properties":{"q":"NESE","ac":40.5},"geometry":{"type":"Polygon","coordinates":[[[-105.201847,42.945105],[-105.201782,42.948744],[-105.196786,42.948826],[-105.196886,42.945194],[-105.201847,42.945105]]]}},{"type":"Feature","properties":{"q":"NWNW","ac":39.8},"geometry":{"type":"Polygon","coordinates":[[[-105.216289,42.908017],[-105.216245,42.911617],[-105.211323,42.911765],[-105.211357,42.908152],[-105.216289,42.908017]]]}},{"type":"Feature","properties":{"q":"NWSW","ac":40.9},"geometry":{"type":"Polygon","coordinates":[[[-105.251361,42.885957],[-105.25634,42.885878],[-105.256383,42.88954],[-105.251396,42.889609],[-105.251361,42.885957]]]}},{"type":"Feature","properties":{"q":"NWSE","ac":40.7},"geometry":{"type":"Polygon","coordinates":[[[-105.26132,42.885863],[-105.2663,42.885848],[-105.266286,42.889497],[-105.261335,42.889519],[-105.26132,42.885863]]]}},{"type":"Feature","properties":{"q":"NESE","ac":40.6},"geometry":{"type":"Polygon","coordinates":[[[-105.216333,42.904417],[-105.216377,42.900816],[-105.221397,42.900782],[-105.221364,42.904387],[-105.216333,42.904417]]]}},{"type":"Feature","properties":{"q":"NWSE","ac":40.6},"geometry":{"type":"Polygon","coordinates":[[[-105.201847,42.945105],[-105.206809,42.945015],[-105.206779,42.948661],[-105.201782,42.948744],[-105.201847,42.945105]]]}},{"type":"Feature","properties":{"q":"NENE","ac":40.5},"geometry":{"type":"Polygon","coordinates":[[[-105.216446,42.893603],[-105.221445,42.893561],[-105.221429,42.897176],[-105.216422,42.897216],[-105.216446,42.893603]]]}},{"type":"Feature","properties":{"q":"SESW","ac":40.4},"geometry":{"type":"Polygon","coordinates":[[[-105.211765,42.941273],[-105.21176,42.944926],[-105.206809,42.945015],[-105.206839,42.94137],[-105.211765,42.941273]]]}},{"type":"Feature","properties":{"q":"SENE","ac":40.2},"geometry":{"type":"Polygon","coordinates":[[[-105.256538,42.918298],[-105.261464,42.918332],[-105.261451,42.921966],[-105.256516,42.921938],[-105.256538,42.918298]]]}},{"type":"Feature","properties":{"q":"NWNE","ac":40.8},"geometry":{"type":"Polygon","coordinates":[[[-105.241455,42.897008],[-105.241438,42.893378],[-105.246434,42.893319],[-105.24646,42.896961],[-105.241455,42.897008]]]}},{"type":"Feature","properties":{"q":"SWNE","ac":41.0},"geometry":{"type":"Polygon","coordinates":[[[-105.261313,42.932992],[-105.266273,42.932962],[-105.266218,42.936632],[-105.26125,42.936688],[-105.261313,42.932992]]]}},{"type":"Feature","properties":{"q":"SENW","ac":41.2},"geometry":{"type":"Polygon","coordinates":[[[-105.231495,42.918871],[-105.231537,42.922526],[-105.226523,42.922589],[-105.226467,42.918919],[-105.231495,42.918871]]]}},{"type":"Feature","properties":{"q":"NWNW","ac":40.8},"geometry":{"type":"Polygon","coordinates":[[[-105.211721,42.937586],[-105.216663,42.937486],[-105.216691,42.941177],[-105.211765,42.941273],[-105.211721,42.937586]]]}},{"type":"Feature","properties":{"q":"SESE","ac":40.3},"geometry":{"type":"Polygon","coordinates":[[[-105.221494,42.882717],[-105.221478,42.886332],[-105.216495,42.886377],[-105.21652,42.882764],[-105.221494,42.882717]]]}},{"type":"Feature","properties":{"q":"NENW","ac":40.3},"geometry":{"type":"Polygon","coordinates":[[[-105.211461,42.897309],[-105.2065,42.897403],[-105.206517,42.893778],[-105.211482,42.89369],[-105.211461,42.897309]]]}},{"type":"Feature","properties":{"q":"SESE","ac":40.8},"geometry":{"type":"Polygon","coordinates":[[[-105.241558,42.925974],[-105.241524,42.929644],[-105.236558,42.929758],[-105.23658,42.926106],[-105.241558,42.925974]]]}},{"type":"Feature","properties":{"q":"SWSW","ac":41.0},"geometry":{"type":"Polygon","coordinates":[[[-105.256561,42.914657],[-105.251544,42.914788],[-105.251554,42.911147],[-105.256583,42.911016],[-105.256561,42.914657]]]}},{"type":"Feature","properties":{"q":"NWNE","ac":40.2},"geometry":{"type":"Polygon","coordinates":[[[-105.266273,42.893146],[-105.26626,42.896795],[-105.261365,42.89683],[-105.26135,42.893175],[-105.266273,42.893146]]]}},{"type":"Feature","properties":{"q":"SWSE","ac":41.0},"geometry":{"type":"Polygon","coordinates":[[[-105.246537,42.925842],[-105.24649,42.92953],[-105.241524,42.929644],[-105.241558,42.925974],[-105.246537,42.925842]]]}},{"type":"Feature","properties":{"q":"SENW","ac":40.0},"geometry":{"type":"Polygon","coordinates":[[[-105.231508,42.948109],[-105.231499,42.951739],[-105.226585,42.951871],[-105.226587,42.948238],[-105.231508,42.948109]]]}},{"type":"Feature","properties":{"q":"NWNE","ac":40.2},"geometry":{"type":"Polygon","coordinates":[[[-105.261451,42.921966],[-105.266387,42.921993],[-105.266383,42.925621],[-105.261438,42.9256],[-105.261451,42.921966]]]}},{"type":"Feature","properties":{"q":"NENE","ac":40.5},"geometry":{"type":"Polygon","coordinates":[[[-105.25629,42.878607],[-105.261294,42.878593],[-105.261304,42.882207],[-105.256296,42.882215],[-105.25629,42.878607]]]}},{"type":"Feature","properties":{"q":"NENE","ac":39.0},"geometry":{"type":"Polygon","coordinates":[[[-105.261459,42.907504],[-105.26149,42.911062],[-105.256583,42.911016],[-105.256555,42.907479],[-105.261459,42.907504]]]}},{"type":"Feature","properties":{"q":"SWSE","ac":40.6},"geometry":{"type":"Polygon","coordinates":[[[-105.241385,42.882486],[-105.246356,42.882395],[-105.246382,42.886037],[-105.241403,42.886117],[-105.241385,42.882486]]]}},{"type":"Feature","properties":{"q":"NWNE","ac":40.8},"geometry":{"type":"Polygon","coordinates":[[[-105.226355,42.911578],[-105.2213,42.911598],[-105.221332,42.907993],[-105.226375,42.907968],[-105.226355,42.911578]]]}},{"type":"Feature","properties":{"q":"NWSW","ac":39.9},"geometry":{"type":"Polygon","coordinates":[[[-105.251487,42.900472],[-105.256498,42.900403],[-105.256527,42.903941],[-105.251509,42.90403],[-105.251487,42.900472]]]}},{"type":"Feature","properties":{"q":"NESW","ac":40.2},"geometry":{"type":"Polygon","coordinates":[[[-105.246318,42.944243],[-105.251235,42.94419],[-105.251187,42.947852],[-105.246284,42.947895],[-105.246318,42.944243]]]}},{"type":"Feature","properties":{"q":"NENE","ac":40.3},"geometry":{"type":"Polygon","coordinates":[[[-105.261438,42.9256],[-105.256493,42.925579],[-105.256516,42.921938],[-105.261451,42.921966],[-105.261438,42.9256]]]}},{"type":"Feature","properties":{"q":"SESW","ac":40.2},"geometry":{"type":"Polygon","coordinates":[[[-105.211461,42.897309],[-105.211426,42.900924],[-105.206475,42.901031],[-105.2065,42.897403],[-105.211461,42.897309]]]}},{"type":"Feature","properties":{"q":"NESE","ac":40.9},"geometry":{"type":"Polygon","coordinates":[[[-105.24151,42.91505],[-105.241526,42.918692],[-105.236522,42.918822],[-105.236494,42.915181],[-105.24151,42.91505]]]}},{"type":"Feature","properties":{"q":"NWNE","ac":40.8},"geometry":{"type":"Polygon","coordinates":[[[-105.226588,42.937275],[-105.226591,42.940947],[-105.221641,42.941062],[-105.221626,42.937381],[-105.226588,42.937275]]]}},{"type":"Feature","properties":{"q":"2","ac":41.3},"geometry":{"type":"Polygon","coordinates":[[[-105.266057,42.951262],[-105.266021,42.954948],[-105.261029,42.95506],[-105.261061,42.951358],[-105.266057,42.951262]]]}},{"type":"Feature","properties":{"q":"NWNW","ac":41.0},"geometry":{"type":"Polygon","coordinates":[[[-105.231418,42.907943],[-105.236461,42.907918],[-105.236465,42.911539],[-105.23141,42.911559],[-105.231418,42.907943]]]}},{"type":"Feature","properties":{"q":"SWSW","ac":40.1},"geometry":{"type":"Polygon","coordinates":[[[-105.216377,42.900816],[-105.211426,42.900924],[-105.211461,42.897309],[-105.216422,42.897216],[-105.216377,42.900816]]]}},{"type":"Feature","properties":{"q":"SESE","ac":40.1},"geometry":{"type":"Polygon","coordinates":[[[-105.256583,42.911016],[-105.26149,42.911062],[-105.261477,42.914697],[-105.256561,42.914657],[-105.256583,42.911016]]]}},{"type":"Feature","properties":{"q":"SWSE","ac":40.4},"geometry":{"type":"Polygon","coordinates":[[[-105.221494,42.882717],[-105.226468,42.88267],[-105.22646,42.886287],[-105.221478,42.886332],[-105.221494,42.882717]]]}},{"type":"Feature","properties":{"q":"NWSE","ac":40.6},"geometry":{"type":"Polygon","coordinates":[[[-105.226416,42.900747],[-105.226395,42.904357],[-105.221364,42.904387],[-105.221397,42.900782],[-105.226416,42.900747]]]}},{"type":"Feature","properties":{"q":"NWSE","ac":40.8},"geometry":{"type":"Polygon","coordinates":[[[-105.201512,42.915734],[-105.206451,42.915595],[-105.206501,42.919276],[-105.201545,42.919407],[-105.201512,42.915734]]]}},{"type":"Feature","properties":{"q":"SWNW","ac":40.9},"geometry":{"type":"Polygon","coordinates":[[[-105.216635,42.933794],[-105.216663,42.937486],[-105.211721,42.937586],[-105.211678,42.933899],[-105.216635,42.933794]]]}},{"type":"Feature","properties":{"q":"SESE","ac":40.3},"geometry":{"type":"Polygon","coordinates":[[[-105.201847,42.945105],[-105.196886,42.945194],[-105.196986,42.941562],[-105.201912,42.941466],[-105.201847,42.945105]]]}},{"type":"Feature","properties":{"q":"SESE","ac":40.2},"geometry":{"type":"Polygon","coordinates":[[[-105.236491,42.940717],[-105.241421,42.940654],[-105.241389,42.944296],[-105.236461,42.944349],[-105.236491,42.940717]]]}},{"type":"Feature","properties":{"q":"SESE","ac":41.8},"geometry":{"type":"Polygon","coordinates":[[[-105.2213,42.911598],[-105.22137,42.915282],[-105.216329,42.915316],[-105.216245,42.911617],[-105.2213,42.911598]]]}},{"type":"Feature","properties":{"q":"1","ac":40.4},"geometry":{"type":"Polygon","coordinates":[[[-105.221667,42.952004],[-105.221676,42.955672],[-105.216769,42.955805],[-105.21675,42.952136],[-105.221667,42.952004]]]}},{"type":"Feature","properties":{"q":"NWSW","ac":40.8},"geometry":{"type":"Polygon","coordinates":[[[-105.236558,42.929758],[-105.236535,42.933411],[-105.23156,42.933507],[-105.23157,42.929845],[-105.236558,42.929758]]]}},{"type":"Feature","properties":{"q":"SWNW","ac":39.9},"geometry":{"type":"Polygon","coordinates":[[[-105.216333,42.904417],[-105.216289,42.908017],[-105.211357,42.908152],[-105.211392,42.904538],[-105.216333,42.904417]]]}},{"type":"Feature","properties":{"q":"SWNW","ac":40.7},"geometry":{"type":"Polygon","coordinates":[[[-105.211749,42.952215],[-105.211755,42.948579],[-105.216731,42.948496],[-105.21675,42.952136],[-105.211749,42.952215]]]}},{"type":"Feature","properties":{"q":"SESW","ac":41.2},"geometry":{"type":"Polygon","coordinates":[[[-105.251515,42.925711],[-105.251457,42.929415],[-105.24649,42.92953],[-105.246537,42.925842],[-105.251515,42.925711]]]}},{"type":"Feature","properties":{"q":"NWNW","ac":40.0},"geometry":{"type":"Polygon","coordinates":[[[-105.256555,42.907479],[-105.256583,42.911016],[-105.251554,42.911147],[-105.251531,42.907589],[-105.256555,42.907479]]]}},{"type":"Feature","properties":{"q":"NESW","ac":40.1},"geometry":{"type":"Polygon","coordinates":[[[-105.246476,42.90054],[-105.251487,42.900472],[-105.251509,42.90403],[-105.246492,42.90412],[-105.246476,42.90054]]]}},{"type":"Feature","properties":{"q":"SWSE","ac":41.6},"geometry":{"type":"Polygon","coordinates":[[[-105.2213,42.911598],[-105.226355,42.911578],[-105.226411,42.915249],[-105.22137,42.915282],[-105.2213,42.911598]]]}},{"type":"Feature","properties":{"q":"NENE","ac":40.3},"geometry":{"type":"Polygon","coordinates":[[[-105.221491,42.879103],[-105.221494,42.882717],[-105.21652,42.882764],[-105.216518,42.879149],[-105.221491,42.879103]]]}},{"type":"Feature","properties":{"q":"NENE","ac":40.3},"geometry":{"type":"Polygon","coordinates":[[[-105.25647,42.896865],[-105.256427,42.893203],[-105.26135,42.893175],[-105.261365,42.89683],[-105.25647,42.896865]]]}},{"type":"Feature","properties":{"q":"SENW","ac":41.0},"geometry":{"type":"Polygon","coordinates":[[[-105.211457,42.919145],[-105.211523,42.922835],[-105.206551,42.922957],[-105.206501,42.919276],[-105.211457,42.919145]]]}},{"type":"Feature","properties":{"q":"NESE","ac":40.5},"geometry":{"type":"Polygon","coordinates":[[[-105.196573,42.901245],[-105.201524,42.901138],[-105.201509,42.90478],[-105.196567,42.9049],[-105.196573,42.901245]]]}},{"type":"Feature","properties":{"q":"SESW","ac":40.1},"geometry":{"type":"Polygon","coordinates":[[[-105.251465,42.896913],[-105.251487,42.900472],[-105.246476,42.90054],[-105.24646,42.896961],[-105.251465,42.896913]]]}},{"type":"Feature","properties":{"q":"NESE","ac":40.1},"geometry":{"type":"Polygon","coordinates":[[[-105.256561,42.914657],[-105.261477,42.914697],[-105.261464,42.918332],[-105.256538,42.918298],[-105.256561,42.914657]]]}},{"type":"Feature","properties":{"q":"NWSW","ac":40.9},"geometry":{"type":"Polygon","coordinates":[[[-105.251534,42.918429],[-105.251544,42.914788],[-105.256561,42.914657],[-105.256538,42.918298],[-105.251534,42.918429]]]}},{"type":"Feature","properties":{"q":"NENW","ac":40.9},"geometry":{"type":"Polygon","coordinates":[[[-105.231418,42.907943],[-105.23141,42.911559],[-105.226355,42.911578],[-105.226375,42.907968],[-105.231418,42.907943]]]}},{"type":"Feature","properties":{"q":"SWSE","ac":41.1},"geometry":{"type":"Polygon","coordinates":[[[-105.201687,42.93043],[-105.201612,42.926751],[-105.206601,42.926638],[-105.206661,42.930321],[-105.201687,42.93043]]]}},{"type":"Feature","properties":{"q":"NWSW","ac":40.8},"geometry":{"type":"Polygon","coordinates":[[[-105.236454,42.900677],[-105.236457,42.904298],[-105.231426,42.904328],[-105.231435,42.900712],[-105.236454,42.900677]]]}},{"type":"Feature","properties":{"q":"NWSE","ac":40.3},"geometry":{"type":"Polygon","coordinates":[[[-105.22165,42.944715],[-105.226589,42.944593],[-105.226587,42.948238],[-105.221659,42.948367],[-105.22165,42.944715]]]}},{"type":"Feature","properties":{"q":"SWNE","ac":40.8},"geometry":{"type":"Polygon","coordinates":[[[-105.24149,42.933314],[-105.246444,42.933217],[-105.246398,42.936904],[-105.241456,42.936984],[-105.24149,42.933314]]]}},{"type":"Feature","properties":{"q":"SWNW","ac":40.5},"geometry":{"type":"Polygon","coordinates":[[[-105.231443,42.893478],[-105.231442,42.88986],[-105.236433,42.889816],[-105.236441,42.893436],[-105.231443,42.893478]]]}},{"type":"Feature","properties":{"q":"SWNW","ac":40.3},"geometry":{"type":"Polygon","coordinates":[[[-105.216446,42.893603],[-105.211482,42.89369],[-105.211502,42.890071],[-105.216471,42.88999],[-105.216446,42.893603]]]}},{"type":"Feature","properties":{"q":"SESW","ac":41.5},"geometry":{"type":"Polygon","coordinates":[[[-105.23141,42.911559],[-105.231452,42.915215],[-105.226411,42.915249],[-105.226355,42.911578],[-105.23141,42.911559]]]}},{"type":"Feature","properties":{"q":"NESE","ac":40.7},"geometry":{"type":"Polygon","coordinates":[[[-105.241524,42.929644],[-105.24149,42.933314],[-105.236535,42.933411],[-105.236558,42.929758],[-105.241524,42.929644]]]}},{"type":"Feature","properties":{"q":"SWNE","ac":39.2},"geometry":{"type":"Polygon","coordinates":[[[-105.261459,42.907504],[-105.261428,42.903947],[-105.266328,42.903952],[-105.266362,42.90753],[-105.261459,42.907504]]]}},{"type":"Feature","properties":{"q":"NESE","ac":40.9},"geometry":{"type":"Polygon","coordinates":[[[-105.196714,42.930539],[-105.201687,42.93043],[-105.201762,42.934109],[-105.196805,42.934214],[-105.196714,42.930539]]]}},{"type":"Feature","properties":{"q":"NWNW","ac":40.9},"geometry":{"type":"Polygon","coordinates":[[[-105.236551,42.922464],[-105.23658,42.926106],[-105.23158,42.926182],[-105.231537,42.922526],[-105.236551,42.922464]]]}},{"type":"Feature","properties":{"q":"NWNE","ac":40.3},"geometry":{"type":"Polygon","coordinates":[[[-105.221491,42.879103],[-105.226463,42.879057],[-105.226468,42.88267],[-105.221494,42.882717],[-105.221491,42.879103]]]}},{"type":"Feature","properties":{"q":"SESW","ac":40.7},"geometry":{"type":"Polygon","coordinates":[[[-105.251326,42.882305],[-105.251361,42.885957],[-105.246382,42.886037],[-105.246356,42.882395],[-105.251326,42.882305]]]}},{"type":"Feature","properties":{"q":"SESE","ac":41.1},"geometry":{"type":"Polygon","coordinates":[[[-105.196714,42.930539],[-105.196623,42.926865],[-105.201612,42.926751],[-105.201687,42.93043],[-105.196714,42.930539]]]}},{"type":"Feature","properties":{"q":"NWSW","ac":40.3},"geometry":{"type":"Polygon","coordinates":[[[-105.256151,42.944137],[-105.25609,42.947809],[-105.251187,42.947852],[-105.251235,42.94419],[-105.256151,42.944137]]]}},{"type":"Feature","properties":{"q":"SESE","ac":41.0},"geometry":{"type":"Polygon","coordinates":[[[-105.256296,42.882215],[-105.261304,42.882207],[-105.26132,42.885863],[-105.25634,42.885878],[-105.256296,42.882215]]]}},{"type":"Feature","properties":{"q":"NWNW","ac":40.7},"geometry":{"type":"Polygon","coordinates":[[[-105.256516,42.921938],[-105.256493,42.925579],[-105.251515,42.925711],[-105.251525,42.92207],[-105.256516,42.921938]]]}},{"type":"Feature","properties":{"q":"NENW","ac":40.7},"geometry":{"type":"Polygon","coordinates":[[[-105.231551,42.93717],[-105.231541,42.940832],[-105.226591,42.940947],[-105.226588,42.937275],[-105.231551,42.93717]]]}},{"type":"Feature","properties":{"q":"NESE","ac":39.0},"geometry":{"type":"Polygon","coordinates":[[[-105.256498,42.900403],[-105.261396,42.900388],[-105.261428,42.903947],[-105.256527,42.903941],[-105.256498,42.900403]]]}},{"type":"Feature","properties":{"q":"SWNE","ac":40.1},"geometry":{"type":"Polygon","coordinates":[[[-105.246284,42.947895],[-105.246251,42.95153],[-105.241332,42.951568],[-105.241357,42.947938],[-105.246284,42.947895]]]}},{"type":"Feature","properties":{"q":"NWNE","ac":41.0},"geometry":{"type":"Polygon","coordinates":[[[-105.206551,42.922957],[-105.206601,42.926638],[-105.201612,42.926751],[-105.201579,42.923079],[-105.206551,42.922957]]]}},{"type":"Feature","properties":{"q":"NENE","ac":41.4},"geometry":{"type":"Polygon","coordinates":[[[-105.216579,42.926411],[-105.216496,42.922713],[-105.22151,42.922651],[-105.221579,42.926335],[-105.216579,42.926411]]]}},{"type":"Feature","properties":{"q":"4","ac":40.3},"geometry":{"type":"Polygon","coordinates":[[[-105.236396,42.955271],[-105.231489,42.955404],[-105.231499,42.951739],[-105.236413,42.951607],[-105.236396,42.955271]]]}},{"type":"Feature","properties":{"q":"SWSE","ac":40.6},"geometry":{"type":"Polygon","coordinates":[[[-105.221429,42.897176],[-105.226436,42.897136],[-105.226416,42.900747],[-105.221397,42.900782],[-105.221429,42.897176]]]}},{"type":"Feature","properties":{"q":"NWNE","ac":41.0},"geometry":{"type":"Polygon","coordinates":[[[-105.266218,42.936632],[-105.266163,42.940301],[-105.261188,42.940383],[-105.26125,42.936688],[-105.266218,42.936632]]]}},{"type":"Feature","properties":{"q":"SENW","ac":40.3},"geometry":{"type":"Polygon","coordinates":[[[-105.211502,42.890071],[-105.211482,42.89369],[-105.206517,42.893778],[-105.206534,42.890153],[-105.211502,42.890071]]]}},{"type":"Feature","properties":{"q":"SENE","ac":40.8},"geometry":{"type":"Polygon","coordinates":[[[-105.196805,42.934214],[-105.201762,42.934109],[-105.201837,42.937788],[-105.196895,42.937888],[-105.196805,42.934214]]]}},{"type":"Feature","properties":{"q":"NWNE","ac":40.6},"geometry":{"type":"Polygon","coordinates":[[[-105.226444,42.893519],[-105.226436,42.897136],[-105.221429,42.897176],[-105.221445,42.893561],[-105.226444,42.893519]]]}},{"type":"Feature","properties":{"q":"NENE","ac":40.7},"geometry":{"type":"Polygon","coordinates":[[[-105.241542,42.922333],[-105.241558,42.925974],[-105.23658,42.926106],[-105.236551,42.922464],[-105.241542,42.922333]]]}},{"type":"Feature","properties":{"q":"SWNE","ac":40.7},"geometry":{"type":"Polygon","coordinates":[[[-105.246408,42.889678],[-105.246434,42.893319],[-105.241438,42.893378],[-105.24142,42.889747],[-105.246408,42.889678]]]}}]}