{"type":"FeatureCollection","note":"BLM Public Land Survey System. Provided by the Bureau of Land Management as is. These data are neither legal documents nor land surveys and must not be used as such.","features":[{"type":"Feature","properties":{"q":"2","ac":39.8},"geometry":{"type":"Polygon","coordinates":[[[-106.654541,44.190966],[-106.654516,44.187347],[-106.659543,44.187349],[-106.659546,44.190964],[-106.654541,44.190966]]]}},{"type":"Feature","properties":{"q":"SENW","ac":39.9},"geometry":{"type":"Polygon","coordinates":[[[-106.654516,44.187347],[-106.654541,44.190966],[-106.649514,44.190968],[-106.649492,44.187345],[-106.654516,44.187347]]]}},{"type":"Feature","properties":{"q":"NESW","ac":40.1},"geometry":{"type":"Polygon","coordinates":[[[-106.649519,44.198207],[-106.654561,44.198201],[-106.654555,44.201816],[-106.649501,44.201822],[-106.649519,44.198207]]]}},{"type":"Feature","properties":{"q":"NENW","ac":40.0},"geometry":{"type":"Polygon","coordinates":[[[-106.649444,44.176487],[-106.654472,44.17649],[-106.654476,44.180116],[-106.649447,44.180115],[-106.649444,44.176487]]]}},{"type":"Feature","properties":{"q":"SESW","ac":40.0},"geometry":{"type":"Polygon","coordinates":[[[-106.654567,44.194586],[-106.654561,44.198201],[-106.649519,44.198207],[-106.649536,44.194591],[-106.654567,44.194586]]]}},{"type":"Feature","properties":{"q":"SESW","ac":39.9},"geometry":{"type":"Polygon","coordinates":[[[-106.654476,44.180116],[-106.654496,44.183732],[-106.649469,44.18373],[-106.649447,44.180115],[-106.654476,44.180116]]]}},{"type":"Feature","properties":{"q":"NESW","ac":40.3},"geometry":{"type":"Polygon","coordinates":[[[-106.649441,44.172859],[-106.649437,44.1692],[-106.654468,44.169221],[-106.654469,44.172863],[-106.649441,44.172859]]]}},{"type":"Feature","properties":{"q":"SESW","ac":40.3},"geometry":{"type":"Polygon","coordinates":[[[-106.649434,44.165541],[-106.653007,44.165574],[-106.654468,44.165579],[-106.654468,44.169221],[-106.649437,44.1692],[-106.649434,44.165541]]]}},{"type":"Feature","properties":{"q":"1","ac":39.7},"geometry":{"type":"Polygon","coordinates":[[[-106.654541,44.190966],[-106.659546,44.190964],[-106.65955,44.19458],[-106.654567,44.194586],[-106.654541,44.190966]]]}},{"type":"Feature","properties":{"q":"2","ac":40.2},"geometry":{"type":"Polygon","coordinates":[[[-106.654526,44.205435],[-106.654555,44.201816],[-106.659608,44.201811],[-106.659591,44.205426],[-106.654526,44.205435]]]}},{"type":"Feature","properties":{"q":"SENW","ac":39.8},"geometry":{"type":"Polygon","coordinates":[[[-106.649547,44.230772],[-106.654567,44.230753],[-106.65454,44.234368],[-106.649513,44.234387],[-106.649547,44.230772]]]}},{"type":"Feature","properties":{"q":"SWSW","ac":40.1},"geometry":{"type":"Polygon","coordinates":[[[-106.618173,44.165543],[-106.619237,44.165549],[-106.619251,44.169175],[-106.614221,44.169134],[-106.614207,44.165481],[-106.618173,44.165543]]]}},{"type":"Feature","properties":{"q":"NENW","ac":40.0},"geometry":{"type":"Polygon","coordinates":[[[-106.629332,44.176449],[-106.63436,44.176461],[-106.634369,44.180085],[-106.629344,44.180073],[-106.629332,44.176449]]]}},{"type":"Feature","properties":{"q":"NWSW","ac":40.1},"geometry":{"type":"Polygon","coordinates":[[[-106.579021,44.169098],[-106.579048,44.172724],[-106.574016,44.17275],[-106.57399,44.169118],[-106.579021,44.169098]]]}},{"type":"Feature","properties":{"q":"NWNW","ac":40.1},"geometry":{"type":"Polygon","coordinates":[[[-106.594184,44.190876],[-106.599217,44.190882],[-106.599237,44.194511],[-106.594197,44.194504],[-106.594184,44.190876]]]}},{"type":"Feature","properties":{"q":"SWNW","ac":40.1},"geometry":{"type":"Polygon","coordinates":[[[-106.594171,44.187248],[-106.599198,44.187254],[-106.599217,44.190882],[-106.594184,44.190876],[-106.594171,44.187248]]]}},{"type":"Feature","properties":{"q":"SWSW","ac":40.1},"geometry":{"type":"Polygon","coordinates":[[[-106.553836,44.165608],[-106.557677,44.165586],[-106.558868,44.165582],[-106.558894,44.169204],[-106.55386,44.169234],[-106.553836,44.165608]]]}},{"type":"Feature","properties":{"q":"NENE","ac":40.0},"geometry":{"type":"Polygon","coordinates":[[[-106.624306,44.176438],[-106.624319,44.180062],[-106.619293,44.180051],[-106.619279,44.176426],[-106.624306,44.176438]]]}},{"type":"Feature","properties":{"q":"SWSW","ac":39.8},"geometry":{"type":"Polygon","coordinates":[[[-106.558883,44.238021],[-106.558863,44.241642],[-106.553845,44.241692],[-106.553866,44.23807],[-106.558883,44.238021]]]}},{"type":"Feature","properties":{"q":"SWNE","ac":40.1},"geometry":{"type":"Polygon","coordinates":[[[-106.609291,44.216293],[-106.6093,44.21992],[-106.60426,44.219914],[-106.604255,44.216287],[-106.609291,44.216293]]]}},{"type":"Feature","properties":{"q":"SESE","ac":40.0},"geometry":{"type":"Polygon","coordinates":[[[-106.564052,44.209034],[-106.564052,44.212656],[-106.559019,44.212671],[-106.559015,44.20905],[-106.564052,44.209034]]]}},{"type":"Feature","properties":{"q":"NWNE","ac":39.9},"geometry":{"type":"Polygon","coordinates":[[[-106.548882,44.234497],[-106.548849,44.23812],[-106.543833,44.238169],[-106.543862,44.234545],[-106.548882,44.234497]]]}},{"type":"Feature","properties":{"q":"NESE","ac":40.0},"geometry":{"type":"Polygon","coordinates":[[[-106.639389,44.241675],[-106.644428,44.241649],[-106.644411,44.245271],[-106.639367,44.245296],[-106.639389,44.241675]]]}},{"type":"Feature","properties":{"q":"NESE","ac":40.0},"geometry":{"type":"Polygon","coordinates":[[[-106.538773,44.241842],[-106.5438,44.241792],[-106.543768,44.245416],[-106.53873,44.245467],[-106.538773,44.241842]]]}},{"type":"Feature","properties":{"q":"NESE","ac":40.1},"geometry":{"type":"Polygon","coordinates":[[[-106.5992,44.227165],[-106.604239,44.227169],[-106.604214,44.230797],[-106.599179,44.230794],[-106.5992,44.227165]]]}},{"type":"Feature","properties":{"q":"2","ac":41.0},"geometry":{"type":"Polygon","coordinates":[[[-106.568912,44.24887],[-106.568907,44.252573],[-106.563871,44.252591],[-106.563876,44.248876],[-106.568912,44.24887]]]}},{"type":"Feature","properties":{"q":"SESW","ac":40.1},"geometry":{"type":"Polygon","coordinates":[[[-106.589056,44.238018],[-106.594097,44.238034],[-106.594094,44.241658],[-106.589054,44.241641],[-106.589056,44.238018]]]}},{"type":"Feature","properties":{"q":"SENW","ac":40.0},"geometry":{"type":"Polygon","coordinates":[[[-106.568912,44.24887],[-106.568918,44.245246],[-106.573945,44.245237],[-106.573943,44.24886],[-106.568912,44.24887]]]}},{"type":"Feature","properties":{"q":"2","ac":39.5},"geometry":{"type":"Polygon","coordinates":[[[-106.604153,44.248937],[-106.609183,44.248952],[-106.609181,44.252533],[-106.604149,44.252518],[-106.604153,44.248937]]]}},{"type":"Feature","properties":{"q":"NENE","ac":40.0},"geometry":{"type":"Polygon","coordinates":[[[-106.584144,44.223499],[-106.579119,44.223486],[-106.57913,44.219861],[-106.584152,44.219873],[-106.584144,44.223499]]]}},{"type":"Feature","properties":{"q":"SENE","ac":40.0},"geometry":{"type":"Polygon","coordinates":[[[-106.563876,44.248876],[-106.55884,44.248882],[-106.558842,44.245262],[-106.56388,44.245254],[-106.563876,44.248876]]]}},{"type":"Feature","properties":{"q":"SESW","ac":40.0},"geometry":{"type":"Polygon","coordinates":[[[-106.59417,44.227152],[-106.589141,44.227138],[-106.589169,44.223512],[-106.594195,44.223524],[-106.59417,44.227152]]]}},{"type":"Feature","properties":{"q":"SESW","ac":40.0},"geometry":{"type":"Polygon","coordinates":[[[-106.6143,44.209046],[-106.614314,44.212672],[-106.609282,44.212666],[-106.609273,44.209039],[-106.6143,44.209046]]]}},{"type":"Feature","properties":{"q":"SENE","ac":40.1},"geometry":{"type":"Polygon","coordinates":[[[-106.599219,44.216281],[-106.604255,44.216287],[-106.60426,44.219914],[-106.59922,44.219909],[-106.599219,44.216281]]]}},{"type":"Feature","properties":{"q":"SWNE","ac":40.4},"geometry":{"type":"Polygon","coordinates":[[[-106.589052,44.245264],[-106.58905,44.248927],[-106.584012,44.248889],[-106.584012,44.245247],[-106.589052,44.245264]]]}},{"type":"Feature","properties":{"q":"SENW","ac":39.9},"geometry":{"type":"Polygon","coordinates":[[[-106.569002,44.230758],[-106.574024,44.230747],[-106.573988,44.23437],[-106.568965,44.23438],[-106.569002,44.230758]]]}},{"type":"Feature","properties":{"q":"NESE","ac":40.2},"geometry":{"type":"Polygon","coordinates":[[[-106.599127,44.169111],[-106.604159,44.169102],[-106.60417,44.172755],[-106.599138,44.17274],[-106.599127,44.169111]]]}},{"type":"Feature","properties":{"q":"1","ac":40.4},"geometry":{"type":"Polygon","coordinates":[[[-106.659541,44.176492],[-106.659559,44.180117],[-106.654476,44.180116],[-106.654472,44.17649],[-106.659541,44.176492]]]}},{"type":"Feature","properties":{"q":"4","ac":40.2},"geometry":{"type":"Polygon","coordinates":[[[-106.654476,44.180116],[-106.659559,44.180117],[-106.659551,44.183733],[-106.654496,44.183732],[-106.654476,44.180116]]]}},{"type":"Feature","properties":{"q":"6","ac":40.2},"geometry":{"type":"Polygon","coordinates":[[[-106.654503,44.241602],[-106.65957,44.241579],[-106.659559,44.245194],[-106.654492,44.24522],[-106.654503,44.241602]]]}},{"type":"Feature","properties":{"q":"3","ac":40.2},"geometry":{"type":"Polygon","coordinates":[[[-106.654531,44.21267],[-106.6596,44.212657],[-106.659627,44.216273],[-106.654565,44.216285],[-106.654531,44.21267]]]}},{"type":"Feature","properties":{"q":"SESW","ac":40.0},"geometry":{"type":"Polygon","coordinates":[[[-106.649479,44.238003],[-106.654514,44.237983],[-106.654503,44.241602],[-106.649467,44.241624],[-106.649479,44.238003]]]}},{"type":"Feature","properties":{"q":"SWNE","ac":40.0},"geometry":{"type":"Polygon","coordinates":[[[-106.604226,44.187266],[-106.609253,44.187278],[-106.609267,44.190905],[-106.604242,44.190894],[-106.604226,44.187266]]]}},{"type":"Feature","properties":{"q":"NESW","ac":40.0},"geometry":{"type":"Polygon","coordinates":[[[-106.589137,44.183615],[-106.594158,44.18362],[-106.594171,44.187248],[-106.589144,44.187242],[-106.589137,44.183615]]]}},{"type":"Feature","properties":{"q":"SWSE","ac":40.1},"geometry":{"type":"Polygon","coordinates":[[[-106.543772,44.165663],[-106.54761,44.165639],[-106.548804,44.165635],[-106.548825,44.169263],[-106.54379,44.169293],[-106.543772,44.165663]]]}},{"type":"Feature","properties":{"q":"SWNW","ac":40.0},"geometry":{"type":"Polygon","coordinates":[[[-106.599138,44.17274],[-106.599148,44.176368],[-106.59413,44.176364],[-106.594116,44.172736],[-106.599138,44.17274]]]}},{"type":"Feature","properties":{"q":"SWSE","ac":39.9},"geometry":{"type":"Polygon","coordinates":[[[-106.628305,44.165617],[-106.629297,44.165642],[-106.629309,44.169234],[-106.62428,44.169204],[-106.624267,44.165583],[-106.628305,44.165617]]]}},{"type":"Feature","properties":{"q":"NWNW","ac":40.0},"geometry":{"type":"Polygon","coordinates":[[[-106.599148,44.176368],[-106.599158,44.179997],[-106.594144,44.179992],[-106.59413,44.176364],[-106.599148,44.176368]]]}},{"type":"Feature","properties":{"q":"SWNE","ac":40.1},"geometry":{"type":"Polygon","coordinates":[[[-106.60417,44.172755],[-106.609202,44.17277],[-106.609214,44.176397],[-106.604181,44.176383],[-106.60417,44.172755]]]}},{"type":"Feature","properties":{"q":"NENE","ac":40.0},"geometry":{"type":"Polygon","coordinates":[[[-106.639387,44.176473],[-106.644415,44.17648],[-106.644421,44.180105],[-106.639394,44.180096],[-106.639387,44.176473]]]}},{"type":"Feature","properties":{"q":"NWNE","ac":39.9},"geometry":{"type":"Polygon","coordinates":[[[-106.584094,44.176356],[-106.589112,44.17636],[-106.589131,44.179987],[-106.584117,44.179982],[-106.584094,44.176356]]]}},{"type":"Feature","properties":{"q":"SENW","ac":40.0},"geometry":{"type":"Polygon","coordinates":[[[-106.629372,44.187322],[-106.634404,44.187332],[-106.634421,44.190955],[-106.629386,44.190946],[-106.629372,44.187322]]]}},{"type":"Feature","properties":{"q":"NWSW","ac":39.9},"geometry":{"type":"Polygon","coordinates":[[[-106.574081,44.198127],[-106.579098,44.198108],[-106.579119,44.201734],[-106.574096,44.201752],[-106.574081,44.198127]]]}},{"type":"Feature","properties":{"q":"NWSE","ac":40.0},"geometry":{"type":"Polygon","coordinates":[[[-106.564015,44.183672],[-106.569042,44.183649],[-106.569046,44.187274],[-106.564025,44.187295],[-106.564015,44.183672]]]}},{"type":"Feature","properties":{"q":"NWSW","ac":40.0},"geometry":{"type":"Polygon","coordinates":[[[-106.634386,44.183708],[-106.639415,44.183719],[-106.639436,44.187341],[-106.634404,44.187332],[-106.634386,44.183708]]]}},{"type":"Feature","properties":{"q":"2","ac":40.4},"geometry":{"type":"Polygon","coordinates":[[[-106.543748,44.249041],[-106.548786,44.248992],[-106.548764,44.25267],[-106.543728,44.252687],[-106.543748,44.249041]]]}},{"type":"Feature","properties":{"q":"SWSE","ac":40.0},"geometry":{"type":"Polygon","coordinates":[[[-106.584144,44.223499],[-106.589169,44.223512],[-106.589141,44.227138],[-106.584112,44.227125],[-106.584144,44.223499]]]}},{"type":"Feature","properties":{"q":"SESE","ac":40.1},"geometry":{"type":"Polygon","coordinates":[[[-106.619398,44.223555],[-106.624436,44.223558],[-106.624398,44.227183],[-106.619359,44.227181],[-106.619398,44.223555]]]}},{"type":"Feature","properties":{"q":"NWNE","ac":40.1},"geometry":{"type":"Polygon","coordinates":[[[-106.60426,44.219914],[-106.6093,44.21992],[-106.609309,44.223546],[-106.604264,44.223542],[-106.60426,44.219914]]]}},{"type":"Feature","properties":{"q":"3","ac":39.3},"geometry":{"type":"Polygon","coordinates":[[[-106.609183,44.248952],[-106.614215,44.248938],[-106.614212,44.252489],[-106.609181,44.252533],[-106.609183,44.248952]]]}},{"type":"Feature","properties":{"q":"4","ac":40.6},"geometry":{"type":"Polygon","coordinates":[[[-106.573943,44.24886],[-106.578975,44.24885],[-106.578978,44.252521],[-106.573942,44.252547],[-106.573943,44.24886]]]}},{"type":"Feature","properties":{"q":"4","ac":41.0},"geometry":{"type":"Polygon","coordinates":[[[-106.553812,44.248937],[-106.55884,44.248882],[-106.558836,44.252609],[-106.5538,44.252639],[-106.553812,44.248937]]]}},{"type":"Feature","properties":{"q":"NWSW","ac":40.1},"geometry":{"type":"Polygon","coordinates":[[[-106.594094,44.241658],[-106.599134,44.241675],[-106.599129,44.245299],[-106.594091,44.245282],[-106.594094,44.241658]]]}},{"type":"Feature","properties":{"q":"NWNW","ac":39.9},"geometry":{"type":"Polygon","coordinates":[[[-106.559027,44.219915],[-106.559032,44.223537],[-106.554006,44.223582],[-106.554001,44.21996],[-106.559027,44.219915]]]}},{"type":"Feature","properties":{"q":"NESE","ac":39.9},"geometry":{"type":"Polygon","coordinates":[[[-106.538898,44.227343],[-106.543922,44.227297],[-106.543891,44.230921],[-106.538868,44.230968],[-106.538898,44.227343]]]}},{"type":"Feature","properties":{"q":"SESE","ac":40.0},"geometry":{"type":"Polygon","coordinates":[[[-106.599219,44.209024],[-106.604246,44.209031],[-106.604251,44.212659],[-106.599219,44.212652],[-106.599219,44.209024]]]}},{"type":"Feature","properties":{"q":"SWSW","ac":39.9},"geometry":{"type":"Polygon","coordinates":[[[-106.559032,44.223537],[-106.558994,44.227158],[-106.553971,44.227204],[-106.554006,44.223582],[-106.559032,44.223537]]]}},{"type":"Feature","properties":{"q":"NENW","ac":40.1},"geometry":{"type":"Polygon","coordinates":[[[-106.589084,44.234391],[-106.594122,44.234407],[-106.594097,44.238034],[-106.589056,44.238018],[-106.589084,44.234391]]]}},{"type":"Feature","properties":{"q":"SWSW","ac":40.0},"geometry":{"type":"Polygon","coordinates":[[[-106.594195,44.223524],[-106.59922,44.223537],[-106.5992,44.227165],[-106.59417,44.227152],[-106.594195,44.223524]]]}},{"type":"Feature","properties":{"q":"NESE","ac":40.0},"geometry":{"type":"Polygon","coordinates":[[[-106.558863,44.241642],[-106.563893,44.241633],[-106.56388,44.245254],[-106.558842,44.245262],[-106.558863,44.241642]]]}},{"type":"Feature","properties":{"q":"NWSE","ac":40.0},"geometry":{"type":"Polygon","coordinates":[[[-106.569085,44.212641],[-106.569082,44.216265],[-106.564053,44.216279],[-106.564052,44.212656],[-106.569085,44.212641]]]}},{"type":"Feature","properties":{"q":"SENE","ac":40.0},"geometry":{"type":"Polygon","coordinates":[[[-106.619363,44.216304],[-106.624392,44.216309],[-106.624414,44.219933],[-106.61938,44.21993],[-106.619363,44.216304]]]}},{"type":"Feature","properties":{"q":"4","ac":39.7},"geometry":{"type":"Polygon","coordinates":[[[-106.654567,44.194586],[-106.65955,44.19458],[-106.659579,44.198195],[-106.654561,44.198201],[-106.654567,44.194586]]]}},{"type":"Feature","properties":{"q":"4","ac":40.1},"geometry":{"type":"Polygon","coordinates":[[[-106.654468,44.165579],[-106.658065,44.165612],[-106.659496,44.165617],[-106.659509,44.169242],[-106.654468,44.169221],[-106.654468,44.165579]]]}},{"type":"Feature","properties":{"q":"3","ac":40.0},"geometry":{"type":"Polygon","coordinates":[[[-106.659551,44.183733],[-106.659543,44.187349],[-106.654516,44.187347],[-106.654496,44.183732],[-106.659551,44.183733]]]}},{"type":"Feature","properties":{"q":"NESW","ac":39.9},"geometry":{"type":"Polygon","coordinates":[[[-106.654496,44.183732],[-106.654516,44.187347],[-106.649492,44.187345],[-106.649469,44.18373],[-106.654496,44.183732]]]}},{"type":"Feature","properties":{"q":"3","ac":40.0},"geometry":{"type":"Polygon","coordinates":[[[-106.659579,44.198195],[-106.659608,44.201811],[-106.654555,44.201816],[-106.654561,44.198201],[-106.659579,44.198195]]]}},{"type":"Feature","properties":{"q":"SENW","ac":40.0},"geometry":{"type":"Polygon","coordinates":[[[-106.654469,44.172863],[-106.654472,44.17649],[-106.649444,44.176487],[-106.649441,44.172859],[-106.654469,44.172863]]]}},{"type":"Feature","properties":{"q":"3","ac":40.3},"geometry":{"type":"Polygon","coordinates":[[[-106.654468,44.169221],[-106.659509,44.169242],[-106.659522,44.172867],[-106.654469,44.172863],[-106.654468,44.169221]]]}},{"type":"Feature","properties":{"q":"NENW","ac":40.0},"geometry":{"type":"Polygon","coordinates":[[[-106.649536,44.194591],[-106.649514,44.190968],[-106.654541,44.190966],[-106.654567,44.194586],[-106.649536,44.194591]]]}},{"type":"Feature","properties":{"q":"NESE","ac":40.1},"geometry":{"type":"Polygon","coordinates":[[[-106.604209,44.183638],[-106.604226,44.187266],[-106.599198,44.187254],[-106.599178,44.183625],[-106.604209,44.183638]]]}},{"type":"Feature","properties":{"q":"SENW","ac":40.0},"geometry":{"type":"Polygon","coordinates":[[[-106.548939,44.187391],[-106.553971,44.187354],[-106.553992,44.190976],[-106.548966,44.191014],[-106.548939,44.187391]]]}},{"type":"Feature","properties":{"q":"NWNW","ac":40.1},"geometry":{"type":"Polygon","coordinates":[[[-106.634421,44.190955],[-106.639456,44.190964],[-106.639477,44.194587],[-106.634439,44.194578],[-106.634421,44.190955]]]}},{"type":"Feature","properties":{"q":"NENE","ac":40.1},"geometry":{"type":"Polygon","coordinates":[[[-106.604181,44.176383],[-106.604192,44.18001],[-106.599158,44.179997],[-106.599148,44.176368],[-106.604181,44.176383]]]}},{"type":"Feature","properties":{"q":"SWNE","ac":40.1},"geometry":{"type":"Polygon","coordinates":[[[-106.584117,44.187236],[-106.589144,44.187242],[-106.58915,44.190869],[-106.584117,44.190863],[-106.584117,44.187236]]]}},{"type":"Feature","properties":{"q":"NWSE","ac":40.0},"geometry":{"type":"Polygon","coordinates":[[[-106.624359,44.198186],[-106.629392,44.198194],[-106.629384,44.201818],[-106.624355,44.20181],[-106.624359,44.198186]]]}},{"type":"Feature","properties":{"q":"SESE","ac":40.0},"geometry":{"type":"Polygon","coordinates":[[[-106.619293,44.180051],[-106.624319,44.180062],[-106.62433,44.183687],[-106.619301,44.183676],[-106.619293,44.180051]]]}},{"type":"Feature","properties":{"q":"NENE","ac":40.0},"geometry":{"type":"Polygon","coordinates":[[[-106.558946,44.176449],[-106.563978,44.176425],[-106.564005,44.180048],[-106.558972,44.180072],[-106.558946,44.176449]]]}},{"type":"Feature","properties":{"q":"SWNW","ac":40.1},"geometry":{"type":"Polygon","coordinates":[[[-106.553883,44.172859],[-106.55892,44.172827],[-106.558946,44.176449],[-106.553906,44.176483],[-106.553883,44.172859]]]}},{"type":"Feature","properties":{"q":"SESE","ac":40.0},"geometry":{"type":"Polygon","coordinates":[[[-106.644507,44.194589],[-106.644489,44.198208],[-106.63946,44.198209],[-106.639477,44.194587],[-106.644507,44.194589]]]}},{"type":"Feature","properties":{"q":"NESE","ac":40.1},"geometry":{"type":"Polygon","coordinates":[[[-106.63938,44.17285],[-106.639373,44.169227],[-106.644405,44.169214],[-106.64441,44.172855],[-106.63938,44.17285]]]}},{"type":"Feature","properties":{"q":"SWNE","ac":40.0},"geometry":{"type":"Polygon","coordinates":[[[-106.624355,44.20181],[-106.629384,44.201818],[-106.629376,44.205441],[-106.624351,44.205435],[-106.624355,44.20181]]]}},{"type":"Feature","properties":{"q":"NWSW","ac":40.0},"geometry":{"type":"Polygon","coordinates":[[[-106.594158,44.18362],[-106.599178,44.183625],[-106.599198,44.187254],[-106.594171,44.187248],[-106.594158,44.18362]]]}},{"type":"Feature","properties":{"q":"SWNW","ac":39.9},"geometry":{"type":"Polygon","coordinates":[[[-106.57909,44.18723],[-106.579083,44.190856],[-106.574067,44.190877],[-106.574068,44.187252],[-106.57909,44.18723]]]}},{"type":"Feature","properties":{"q":"NENE","ac":40.1},"geometry":{"type":"Polygon","coordinates":[[[-106.57901,44.23436],[-106.584047,44.234376],[-106.584015,44.238001],[-106.578974,44.237985],[-106.57901,44.23436]]]}},{"type":"Feature","properties":{"q":"SWSE","ac":39.9},"geometry":{"type":"Polygon","coordinates":[[[-106.543954,44.223673],[-106.54898,44.223627],[-106.548947,44.227251],[-106.543922,44.227297],[-106.543954,44.223673]]]}},{"type":"Feature","properties":{"q":"NWSE","ac":40.0},"geometry":{"type":"Polygon","coordinates":[[[-106.629421,44.216313],[-106.624392,44.216309],[-106.62437,44.212684],[-106.629394,44.212689],[-106.629421,44.216313]]]}},{"type":"Feature","properties":{"q":"NESW","ac":39.9},"geometry":{"type":"Polygon","coordinates":[[[-106.569038,44.227135],[-106.57406,44.227123],[-106.574024,44.230747],[-106.569002,44.230758],[-106.569038,44.227135]]]}},{"type":"Feature","properties":{"q":"SESE","ac":40.1},"geometry":{"type":"Polygon","coordinates":[[[-106.584015,44.238001],[-106.584013,44.241624],[-106.578973,44.241607],[-106.578974,44.237985],[-106.584015,44.238001]]]}},{"type":"Feature","properties":{"q":"1","ac":41.1},"geometry":{"type":"Polygon","coordinates":[[[-106.563871,44.252591],[-106.558836,44.252609],[-106.55884,44.248882],[-106.563876,44.248876],[-106.563871,44.252591]]]}},{"type":"Feature","properties":{"q":"NESW","ac":40.0},"geometry":{"type":"Polygon","coordinates":[[[-106.589052,44.245264],[-106.589054,44.241641],[-106.594094,44.241658],[-106.594091,44.245282],[-106.589052,44.245264]]]}},{"type":"Feature","properties":{"q":"SWSE","ac":39.9},"geometry":{"type":"Polygon","coordinates":[[[-106.584176,44.208995],[-106.589191,44.209005],[-106.589185,44.212632],[-106.584168,44.212621],[-106.584176,44.208995]]]}},{"type":"Feature","properties":{"q":"SWNE","ac":40.1},"geometry":{"type":"Polygon","coordinates":[[[-106.589113,44.230765],[-106.589084,44.234391],[-106.584047,44.234376],[-106.584079,44.23075],[-106.589113,44.230765]]]}},{"type":"Feature","properties":{"q":"SENW","ac":40.1},"geometry":{"type":"Polygon","coordinates":[[[-106.609291,44.216293],[-106.614327,44.216299],[-106.61434,44.219925],[-106.6093,44.21992],[-106.609291,44.216293]]]}},{"type":"Feature","properties":{"q":"NENW","ac":40.0},"geometry":{"type":"Polygon","coordinates":[[[-106.614301,44.20542],[-106.6143,44.209046],[-106.609273,44.209039],[-106.609275,44.205412],[-106.614301,44.20542]]]}},{"type":"Feature","properties":{"q":"NENW","ac":40.1},"geometry":{"type":"Polygon","coordinates":[[[-106.634369,44.238054],[-106.629326,44.238055],[-106.629363,44.234432],[-106.634404,44.234432],[-106.634369,44.238054]]]}},{"type":"Feature","properties":{"q":"NWSW","ac":40.0},"geometry":{"type":"Polygon","coordinates":[[[-106.59417,44.227152],[-106.5992,44.227165],[-106.599179,44.230794],[-106.594146,44.230779],[-106.59417,44.227152]]]}},{"type":"Feature","properties":{"q":"SWNE","ac":39.9},"geometry":{"type":"Polygon","coordinates":[[[-106.543891,44.230921],[-106.548915,44.230874],[-106.548882,44.234497],[-106.543862,44.234545],[-106.543891,44.230921]]]}},{"type":"Feature","properties":{"q":"NESE","ac":40.0},"geometry":{"type":"Polygon","coordinates":[[[-106.564053,44.216279],[-106.559023,44.216293],[-106.559019,44.212671],[-106.564052,44.212656],[-106.564053,44.216279]]]}},{"type":"Feature","properties":{"q":"2","ac":40.3},"geometry":{"type":"Polygon","coordinates":[[[-106.659522,44.172867],[-106.659541,44.176492],[-106.654472,44.17649],[-106.654469,44.172863],[-106.659522,44.172867]]]}},{"type":"Feature","properties":{"q":"SESW","ac":39.9},"geometry":{"type":"Polygon","coordinates":[[[-106.649466,44.209067],[-106.654497,44.209054],[-106.654531,44.21267],[-106.649504,44.212682],[-106.649466,44.209067]]]}},{"type":"Feature","properties":{"q":"SWSW","ac":39.9},"geometry":{"type":"Polygon","coordinates":[[[-106.554013,44.194599],[-106.559035,44.194561],[-106.55903,44.198183],[-106.554007,44.198223],[-106.554013,44.194599]]]}},{"type":"Feature","properties":{"q":"NESE","ac":40.0},"geometry":{"type":"Polygon","coordinates":[[[-106.579119,44.201734],[-106.579098,44.198108],[-106.584132,44.198116],[-106.584147,44.201743],[-106.579119,44.201734]]]}},{"type":"Feature","properties":{"q":"SWNE","ac":40.0},"geometry":{"type":"Polygon","coordinates":[[[-106.564049,44.201788],[-106.569072,44.20177],[-106.569081,44.205394],[-106.56405,44.205411],[-106.564049,44.201788]]]}},{"type":"Feature","properties":{"q":"NENW","ac":40.0},"geometry":{"type":"Polygon","coordinates":[[[-106.553992,44.190976],[-106.554013,44.194599],[-106.548992,44.194638],[-106.548966,44.191014],[-106.553992,44.190976]]]}},{"type":"Feature","properties":{"q":"SENW","ac":40.1},"geometry":{"type":"Polygon","coordinates":[[[-106.58915,44.190869],[-106.589144,44.187242],[-106.594171,44.187248],[-106.594184,44.190876],[-106.58915,44.190869]]]}},{"type":"Feature","properties":{"q":"SESW","ac":40.1},"geometry":{"type":"Polygon","coordinates":[[[-106.548804,44.165635],[-106.552644,44.165612],[-106.553836,44.165608],[-106.55386,44.169234],[-106.548825,44.169263],[-106.548804,44.165635]]]}},{"type":"Feature","properties":{"q":"SWSW","ac":40.1},"geometry":{"type":"Polygon","coordinates":[[[-106.573963,44.165486],[-106.577788,44.165474],[-106.578994,44.165471],[-106.579021,44.169098],[-106.57399,44.169118],[-106.573963,44.165486]]]}},{"type":"Feature","properties":{"q":"SWSE","ac":40.5},"geometry":{"type":"Polygon","coordinates":[[[-106.584048,44.16908],[-106.584025,44.165427],[-106.587831,44.165388],[-106.589056,44.165393],[-106.589075,44.169063],[-106.584048,44.16908]]]}},{"type":"Feature","properties":{"q":"SENE","ac":40.0},"geometry":{"type":"Polygon","coordinates":[[[-106.57909,44.18723],[-106.584117,44.187236],[-106.584117,44.190863],[-106.579083,44.190856],[-106.57909,44.18723]]]}},{"type":"Feature","properties":{"q":"NWSE","ac":40.0},"geometry":{"type":"Polygon","coordinates":[[[-106.589137,44.183615],[-106.589144,44.187242],[-106.584117,44.187236],[-106.584117,44.183609],[-106.589137,44.183615]]]}},{"type":"Feature","properties":{"q":"SESE","ac":40.2},"geometry":{"type":"Polygon","coordinates":[[[-106.639366,44.165604],[-106.643407,44.165572],[-106.6444,44.165567],[-106.644405,44.169214],[-106.639373,44.169227],[-106.639366,44.165604]]]}},{"type":"Feature","properties":{"q":"NWNW","ac":40.0},"geometry":{"type":"Polygon","coordinates":[[[-106.639387,44.176473],[-106.639394,44.180096],[-106.634369,44.180085],[-106.63436,44.176461],[-106.639387,44.176473]]]}},{"type":"Feature","properties":{"q":"SWNW","ac":40.0},"geometry":{"type":"Polygon","coordinates":[[[-106.63435,44.172838],[-106.63938,44.17285],[-106.639387,44.176473],[-106.63436,44.176461],[-106.63435,44.172838]]]}},{"type":"Feature","properties":{"q":"SENW","ac":40.1},"geometry":{"type":"Polygon","coordinates":[[[-106.614247,44.176412],[-106.609214,44.176397],[-106.609202,44.17277],[-106.614234,44.172785],[-106.614247,44.176412]]]}},{"type":"Feature","properties":{"q":"NWNE","ac":40.1},"geometry":{"type":"Polygon","coordinates":[[[-106.624322,44.234432],[-106.629363,44.234432],[-106.629326,44.238055],[-106.624284,44.238056],[-106.624322,44.234432]]]}},{"type":"Feature","properties":{"q":"NWSW","ac":40.0},"geometry":{"type":"Polygon","coordinates":[[[-106.614217,44.241679],[-106.619247,44.24168],[-106.619252,44.245303],[-106.614219,44.245302],[-106.614217,44.241679]]]}},{"type":"Feature","properties":{"q":"SWSW","ac":40.1},"geometry":{"type":"Polygon","coordinates":[[[-106.579162,44.208985],[-106.579151,44.212611],[-106.574118,44.212626],[-106.574126,44.209001],[-106.579162,44.208985]]]}},{"type":"Feature","properties":{"q":"SWSW","ac":40.0},"geometry":{"type":"Polygon","coordinates":[[[-106.614216,44.238056],[-106.619242,44.238057],[-106.619247,44.24168],[-106.614217,44.241679],[-106.614216,44.238056]]]}},{"type":"Feature","properties":{"q":"SENE","ac":40.0},"geometry":{"type":"Polygon","coordinates":[[[-106.599129,44.245299],[-106.604157,44.2453],[-106.604153,44.248937],[-106.599123,44.248921],[-106.599129,44.245299]]]}},{"type":"Feature","properties":{"q":"NENW","ac":39.9},"geometry":{"type":"Polygon","coordinates":[[[-106.573988,44.23437],[-106.573951,44.237994],[-106.568928,44.238003],[-106.568965,44.23438],[-106.573988,44.23437]]]}},{"type":"Feature","properties":{"q":"NENE","ac":40.0},"geometry":{"type":"Polygon","coordinates":[[[-106.599159,44.234422],[-106.604189,44.234425],[-106.604164,44.238052],[-106.599139,44.23805],[-106.599159,44.234422]]]}},{"type":"Feature","properties":{"q":"NWSE","ac":39.9},"geometry":{"type":"Polygon","coordinates":[[[-106.584168,44.212621],[-106.589185,44.212632],[-106.58918,44.216259],[-106.58416,44.216247],[-106.584168,44.212621]]]}},{"type":"Feature","properties":{"q":"SESE","ac":40.0},"geometry":{"type":"Polygon","coordinates":[[[-106.604164,44.238052],[-106.604161,44.241676],[-106.599134,44.241675],[-106.599139,44.23805],[-106.604164,44.238052]]]}},{"type":"Feature","properties":{"q":"SENE","ac":40.0},"geometry":{"type":"Polygon","coordinates":[[[-106.644514,44.230791],[-106.644479,44.234409],[-106.639446,44.234431],[-106.63948,44.230809],[-106.644514,44.230791]]]}},{"type":"Feature","properties":{"q":"SWNE","ac":40.0},"geometry":{"type":"Polygon","coordinates":[[[-106.589175,44.219885],[-106.584152,44.219873],[-106.58416,44.216247],[-106.58918,44.216259],[-106.589175,44.219885]]]}},{"type":"Feature","properties":{"q":"SESW","ac":39.9},"geometry":{"type":"Polygon","coordinates":[[[-106.54898,44.223627],[-106.554006,44.223582],[-106.553971,44.227204],[-106.548947,44.227251],[-106.54898,44.223627]]]}},{"type":"Feature","properties":{"q":"SWNE","ac":39.9},"geometry":{"type":"Polygon","coordinates":[[[-106.543959,44.216424],[-106.548969,44.216381],[-106.548974,44.220004],[-106.543956,44.220049],[-106.543959,44.216424]]]}},{"type":"Feature","properties":{"q":"NESW","ac":40.1},"geometry":{"type":"Polygon","coordinates":[[[-106.609282,44.212666],[-106.614314,44.212672],[-106.614327,44.216299],[-106.609291,44.216293],[-106.609282,44.212666]]]}},{"type":"Feature","properties":{"q":"2","ac":40.0},"geometry":{"type":"Polygon","coordinates":[[[-106.644406,44.2489],[-106.649443,44.248883],[-106.649431,44.252531],[-106.6444,44.252498],[-106.644406,44.2489]]]}},{"type":"Feature","properties":{"q":"SENE","ac":39.9},"geometry":{"type":"Polygon","coordinates":[[[-106.558957,44.230779],[-106.56398,44.230768],[-106.563943,44.23439],[-106.55892,44.2344],[-106.558957,44.230779]]]}},{"type":"Feature","properties":{"q":"SESW","ac":40.0},"geometry":{"type":"Polygon","coordinates":[[[-106.614217,44.241679],[-106.609188,44.241677],[-106.60919,44.238054],[-106.614216,44.238056],[-106.614217,44.241679]]]}},{"type":"Feature","properties":{"q":"NWNE","ac":40.0},"geometry":{"type":"Polygon","coordinates":[[[-106.604246,44.209031],[-106.604249,44.205404],[-106.609275,44.205412],[-106.609273,44.209039],[-106.604246,44.209031]]]}},{"type":"Feature","properties":{"q":"NENW","ac":40.0},"geometry":{"type":"Polygon","coordinates":[[[-106.629447,44.219937],[-106.63448,44.21994],[-106.634511,44.223563],[-106.629474,44.22356],[-106.629447,44.219937]]]}},{"type":"Feature","properties":{"q":"NWNW","ac":39.9},"geometry":{"type":"Polygon","coordinates":[[[-106.573988,44.23437],[-106.57901,44.23436],[-106.578974,44.237985],[-106.573951,44.237994],[-106.573988,44.23437]]]}},{"type":"Feature","properties":{"q":"SESE","ac":40.0},"geometry":{"type":"Polygon","coordinates":[[[-106.538928,44.223718],[-106.543954,44.223673],[-106.543922,44.227297],[-106.538898,44.227343],[-106.538928,44.223718]]]}},{"type":"Feature","properties":{"q":"NESW","ac":40.0},"geometry":{"type":"Polygon","coordinates":[[[-106.553992,44.212714],[-106.553996,44.216337],[-106.548969,44.216381],[-106.548964,44.212757],[-106.553992,44.212714]]]}},{"type":"Feature","properties":{"q":"1","ac":40.1},"geometry":{"type":"Polygon","coordinates":[[[-106.538711,44.249089],[-106.543748,44.249041],[-106.543728,44.252687],[-106.538692,44.252704],[-106.538711,44.249089]]]}},{"type":"Feature","properties":{"q":"NWNE","ac":39.9},"geometry":{"type":"Polygon","coordinates":[[[-106.564053,44.219902],[-106.569079,44.219888],[-106.569075,44.223512],[-106.564053,44.223524],[-106.564053,44.219902]]]}},{"type":"Feature","properties":{"q":"SENE","ac":40.0},"geometry":{"type":"Polygon","coordinates":[[[-106.579046,44.230736],[-106.584079,44.23075],[-106.584047,44.234376],[-106.57901,44.23436],[-106.579046,44.230736]]]}},{"type":"Feature","properties":{"q":"SWSE","ac":40.0},"geometry":{"type":"Polygon","coordinates":[[[-106.644582,44.223549],[-106.649615,44.223534],[-106.649581,44.227153],[-106.644548,44.22717],[-106.644582,44.223549]]]}},{"type":"Feature","properties":{"q":"NWSE","ac":39.9},"geometry":{"type":"Polygon","coordinates":[[[-106.644473,44.212691],[-106.649504,44.212682],[-106.649541,44.216297],[-106.64451,44.216309],[-106.644473,44.212691]]]}},{"type":"Feature","properties":{"q":"SWSE","ac":39.9},"geometry":{"type":"Polygon","coordinates":[[[-106.564053,44.223524],[-106.569075,44.223512],[-106.569038,44.227135],[-106.564016,44.227146],[-106.564053,44.223524]]]}},{"type":"Feature","properties":{"q":"1","ac":40.2},"geometry":{"type":"Polygon","coordinates":[[[-106.654526,44.205435],[-106.659591,44.205426],[-106.659573,44.209042],[-106.654497,44.209054],[-106.654526,44.205435]]]}},{"type":"Feature","properties":{"q":"NWSE","ac":39.8},"geometry":{"type":"Polygon","coordinates":[[[-106.543972,44.198301],[-106.548984,44.198262],[-106.548975,44.201886],[-106.543973,44.201926],[-106.543972,44.198301]]]}},{"type":"Feature","properties":{"q":"NWNE","ac":40.0},"geometry":{"type":"Polygon","coordinates":[[[-106.563978,44.176425],[-106.569011,44.1764],[-106.569037,44.180025],[-106.564005,44.180048],[-106.563978,44.176425]]]}},{"type":"Feature","properties":{"q":"SENW","ac":40.0},"geometry":{"type":"Polygon","coordinates":[[[-106.609277,44.201785],[-106.614301,44.201794],[-106.614301,44.20542],[-106.609275,44.205412],[-106.609277,44.201785]]]}},{"type":"Feature","properties":{"q":"NENE","ac":40.2},"geometry":{"type":"Polygon","coordinates":[[[-106.543826,44.17655],[-106.543844,44.180178],[-106.538802,44.180214],[-106.538786,44.176583],[-106.543826,44.17655]]]}},{"type":"Feature","properties":{"q":"SENE","ac":40.0},"geometry":{"type":"Polygon","coordinates":[[[-106.619265,44.1728],[-106.624293,44.172813],[-106.624306,44.176438],[-106.619279,44.176426],[-106.619265,44.1728]]]}},{"type":"Feature","properties":{"q":"SWSE","ac":39.9},"geometry":{"type":"Polygon","coordinates":[[[-106.564045,44.194541],[-106.569055,44.194522],[-106.569064,44.198146],[-106.564047,44.198165],[-106.564045,44.194541]]]}},{"type":"Feature","properties":{"q":"SESE","ac":40.1},"geometry":{"type":"Polygon","coordinates":[[[-106.53874,44.165692],[-106.542589,44.165667],[-106.543772,44.165663],[-106.54379,44.169293],[-106.538756,44.169322],[-106.53874,44.165692]]]}},{"type":"Feature","properties":{"q":"SESE","ac":40.0},"geometry":{"type":"Polygon","coordinates":[[[-106.558972,44.180072],[-106.564005,44.180048],[-106.564015,44.183672],[-106.558987,44.183694],[-106.558972,44.180072]]]}},{"type":"Feature","properties":{"q":"SENE","ac":39.9},"geometry":{"type":"Polygon","coordinates":[[[-106.538902,44.187464],[-106.543921,44.187427],[-106.543946,44.191052],[-106.538926,44.191089],[-106.538902,44.187464]]]}},{"type":"Feature","properties":{"q":"SESE","ac":40.1},"geometry":{"type":"Polygon","coordinates":[[[-106.579076,44.194482],[-106.584117,44.194489],[-106.584132,44.198116],[-106.579098,44.198108],[-106.579076,44.194482]]]}},{"type":"Feature","properties":{"q":"NWNE","ac":40.0},"geometry":{"type":"Polygon","coordinates":[[[-106.604242,44.190894],[-106.609267,44.190905],[-106.609281,44.194531],[-106.604259,44.194521],[-106.604242,44.190894]]]}},{"type":"Feature","properties":{"q":"NESE","ac":40.0},"geometry":{"type":"Polygon","coordinates":[[[-106.579096,44.183604],[-106.584117,44.183609],[-106.584117,44.187236],[-106.57909,44.18723],[-106.579096,44.183604]]]}},{"type":"Feature","properties":{"q":"SESE","ac":39.9},"geometry":{"type":"Polygon","coordinates":[[[-106.543971,44.194676],[-106.543972,44.198301],[-106.53896,44.19834],[-106.538949,44.194714],[-106.543971,44.194676]]]}},{"type":"Feature","properties":{"q":"SENE","ac":39.9},"geometry":{"type":"Polygon","coordinates":[[[-106.559003,44.187316],[-106.564025,44.187295],[-106.564035,44.190918],[-106.559019,44.190939],[-106.559003,44.187316]]]}},{"type":"Feature","properties":{"q":"SESW","ac":39.8},"geometry":{"type":"Polygon","coordinates":[[[-106.629297,44.165642],[-106.633338,44.165624],[-106.634332,44.165623],[-106.634341,44.16923],[-106.629309,44.169234],[-106.629297,44.165642]]]}},{"type":"Feature","properties":{"q":"SWNE","ac":40.0},"geometry":{"type":"Polygon","coordinates":[[[-106.629372,44.187322],[-106.629386,44.190946],[-106.624351,44.190936],[-106.624341,44.187312],[-106.629372,44.187322]]]}},{"type":"Feature","properties":{"q":"SENE","ac":39.8},"geometry":{"type":"Polygon","coordinates":[[[-106.538971,44.201966],[-106.543973,44.201926],[-106.543952,44.20555],[-106.538936,44.205591],[-106.538971,44.201966]]]}},{"type":"Feature","properties":{"q":"SWSW","ac":39.9},"geometry":{"type":"Polygon","coordinates":[[[-106.594205,44.209014],[-106.599219,44.209024],[-106.599219,44.212652],[-106.594202,44.212642],[-106.594205,44.209014]]]}},{"type":"Feature","properties":{"q":"NENW","ac":39.9},"geometry":{"type":"Polygon","coordinates":[[[-106.629376,44.205441],[-106.6344,44.205448],[-106.634387,44.209071],[-106.629367,44.209065],[-106.629376,44.205441]]]}},{"type":"Feature","properties":{"q":"SWNW","ac":39.9},"geometry":{"type":"Polygon","coordinates":[[[-106.558957,44.230779],[-106.55892,44.2344],[-106.553901,44.234449],[-106.553936,44.230827],[-106.558957,44.230779]]]}},{"type":"Feature","properties":{"q":"SESW","ac":39.9},"geometry":{"type":"Polygon","coordinates":[[[-106.57406,44.227123],[-106.569038,44.227135],[-106.569075,44.223512],[-106.574097,44.223499],[-106.57406,44.227123]]]}},{"type":"Feature","properties":{"q":"SWNW","ac":40.1},"geometry":{"type":"Polygon","coordinates":[[[-106.63444,44.230809],[-106.63948,44.230809],[-106.639446,44.234431],[-106.634404,44.234432],[-106.63444,44.230809]]]}},{"type":"Feature","properties":{"q":"3","ac":39.1},"geometry":{"type":"Polygon","coordinates":[[[-106.629311,44.248928],[-106.63434,44.248922],[-106.634338,44.252468],[-106.629306,44.252471],[-106.629311,44.248928]]]}},{"type":"Feature","properties":{"q":"SWNW","ac":39.9},"geometry":{"type":"Polygon","coordinates":[[[-106.573945,44.245237],[-106.578972,44.245229],[-106.578975,44.24885],[-106.573943,44.24886],[-106.573945,44.245237]]]}},{"type":"Feature","properties":{"q":"SENE","ac":40.1},"geometry":{"type":"Polygon","coordinates":[[[-106.639367,44.245296],[-106.644411,44.245271],[-106.644406,44.2489],[-106.639368,44.248916],[-106.639367,44.245296]]]}},{"type":"Feature","properties":{"q":"SWSE","ac":40.0},"geometry":{"type":"Polygon","coordinates":[[[-106.609282,44.212666],[-106.604251,44.212659],[-106.604246,44.209031],[-106.609273,44.209039],[-106.609282,44.212666]]]}},{"type":"Feature","properties":{"q":"NWNW","ac":40.0},"geometry":{"type":"Polygon","coordinates":[[[-106.61425,44.23443],[-106.619281,44.234432],[-106.619242,44.238057],[-106.614216,44.238056],[-106.61425,44.23443]]]}},{"type":"Feature","properties":{"q":"NENE","ac":39.9},"geometry":{"type":"Polygon","coordinates":[[[-106.55892,44.2344],[-106.563943,44.23439],[-106.563906,44.238012],[-106.558883,44.238021],[-106.55892,44.2344]]]}},{"type":"Feature","properties":{"q":"NENW","ac":40.0},"geometry":{"type":"Polygon","coordinates":[[[-106.649484,44.205444],[-106.654526,44.205435],[-106.654497,44.209054],[-106.649466,44.209067],[-106.649484,44.205444]]]}},{"type":"Feature","properties":{"q":"SESW","ac":39.9},"geometry":{"type":"Polygon","coordinates":[[[-106.654649,44.223519],[-106.654608,44.227136],[-106.649581,44.227153],[-106.649615,44.223534],[-106.654649,44.223519]]]}},{"type":"Feature","properties":{"q":"NESW","ac":40.0},"geometry":{"type":"Polygon","coordinates":[[[-106.654492,44.24522],[-106.649455,44.245245],[-106.649467,44.241624],[-106.654503,44.241602],[-106.654492,44.24522]]]}},{"type":"Feature","properties":{"q":"NESW","ac":39.9},"geometry":{"type":"Polygon","coordinates":[[[-106.649541,44.216297],[-106.649504,44.212682],[-106.654531,44.21267],[-106.654565,44.216285],[-106.649541,44.216297]]]}},{"type":"Feature","properties":{"q":"1","ac":40.2},"geometry":{"type":"Polygon","coordinates":[[[-106.654607,44.219902],[-106.65967,44.219888],[-106.659713,44.223504],[-106.654649,44.223519],[-106.654607,44.219902]]]}},{"type":"Feature","properties":{"q":"5","ac":40.2},"geometry":{"type":"Polygon","coordinates":[[[-106.654492,44.24522],[-106.659559,44.245194],[-106.659542,44.248811],[-106.654478,44.248847],[-106.654492,44.24522]]]}},{"type":"Feature","properties":{"q":"4","ac":40.2},"geometry":{"type":"Polygon","coordinates":[[[-106.6596,44.212657],[-106.654531,44.21267],[-106.654497,44.209054],[-106.659573,44.209042],[-106.6596,44.212657]]]}},{"type":"Feature","properties":{"q":"7","ac":40.2},"geometry":{"type":"Polygon","coordinates":[[[-106.654514,44.237983],[-106.659581,44.237964],[-106.65957,44.241579],[-106.654503,44.241602],[-106.654514,44.237983]]]}},{"type":"Feature","properties":{"q":"SENW","ac":40.1},"geometry":{"type":"Polygon","coordinates":[[[-106.654526,44.205435],[-106.649484,44.205444],[-106.649501,44.201822],[-106.654555,44.201816],[-106.654526,44.205435]]]}},{"type":"Feature","properties":{"q":"4","ac":41.0},"geometry":{"type":"Polygon","coordinates":[[[-106.659542,44.248811],[-106.659526,44.252519],[-106.654464,44.252525],[-106.654478,44.248847],[-106.659542,44.248811]]]}},{"type":"Feature","properties":{"q":"SESE","ac":40.1},"geometry":{"type":"Polygon","coordinates":[[[-106.538852,44.183839],[-106.538802,44.180214],[-106.543844,44.180178],[-106.543882,44.183803],[-106.538852,44.183839]]]}},{"type":"Feature","properties":{"q":"SWNW","ac":40.0},"geometry":{"type":"Polygon","coordinates":[[[-106.614301,44.201794],[-106.619326,44.201803],[-106.619327,44.205428],[-106.614301,44.20542],[-106.614301,44.201794]]]}},{"type":"Feature","properties":{"q":"NWSE","ac":40.0},"geometry":{"type":"Polygon","coordinates":[[[-106.589165,44.198124],[-106.589174,44.201751],[-106.584147,44.201743],[-106.584132,44.198116],[-106.589165,44.198124]]]}},{"type":"Feature","properties":{"q":"NWSW","ac":40.1},"geometry":{"type":"Polygon","coordinates":[[[-106.594199,44.198132],[-106.599233,44.198139],[-106.599228,44.201768],[-106.594201,44.201759],[-106.594199,44.198132]]]}},{"type":"Feature","properties":{"q":"NESE","ac":39.9},"geometry":{"type":"Polygon","coordinates":[[[-106.55903,44.198183],[-106.564047,44.198165],[-106.564049,44.201788],[-106.559025,44.201805],[-106.55903,44.198183]]]}},{"type":"Feature","properties":{"q":"SWNW","ac":40.0},"geometry":{"type":"Polygon","coordinates":[[[-106.554,44.201846],[-106.559025,44.201805],[-106.55902,44.205427],[-106.553993,44.205469],[-106.554,44.201846]]]}},{"type":"Feature","properties":{"q":"SWSE","ac":40.1},"geometry":{"type":"Polygon","coordinates":[[[-106.584117,44.194489],[-106.589157,44.194497],[-106.589165,44.198124],[-106.584132,44.198116],[-106.584117,44.194489]]]}},{"type":"Feature","properties":{"q":"NWSE","ac":39.8},"geometry":{"type":"Polygon","coordinates":[[[-106.62428,44.169204],[-106.629309,44.169234],[-106.62932,44.172825],[-106.624293,44.172813],[-106.62428,44.169204]]]}},{"type":"Feature","properties":{"q":"NESW","ac":40.0},"geometry":{"type":"Polygon","coordinates":[[[-106.634413,44.201825],[-106.629384,44.201818],[-106.629392,44.198194],[-106.634426,44.198202],[-106.634413,44.201825]]]}},{"type":"Feature","properties":{"q":"SENE","ac":40.0},"geometry":{"type":"Polygon","coordinates":[[[-106.563952,44.172802],[-106.563978,44.176425],[-106.558946,44.176449],[-106.55892,44.172827],[-106.563952,44.172802]]]}},{"type":"Feature","properties":{"q":"SENE","ac":40.1},"geometry":{"type":"Polygon","coordinates":[[[-106.619317,44.190927],[-106.619309,44.187302],[-106.624341,44.187312],[-106.624351,44.190936],[-106.619317,44.190927]]]}},{"type":"Feature","properties":{"q":"NENE","ac":39.9},"geometry":{"type":"Polygon","coordinates":[[[-106.579103,44.179978],[-106.579076,44.176351],[-106.584094,44.176356],[-106.584117,44.179982],[-106.579103,44.179978]]]}},{"type":"Feature","properties":{"q":"SENE","ac":40.0},"geometry":{"type":"Polygon","coordinates":[[[-106.619326,44.201803],[-106.624355,44.20181],[-106.624351,44.205435],[-106.619327,44.205428],[-106.619326,44.201803]]]}},{"type":"Feature","properties":{"q":"SWNE","ac":39.9},"geometry":{"type":"Polygon","coordinates":[[[-106.564025,44.187295],[-106.569046,44.187274],[-106.569051,44.190898],[-106.564035,44.190918],[-106.564025,44.187295]]]}},{"type":"Feature","properties":{"q":"SESW","ac":40.0},"geometry":{"type":"Polygon","coordinates":[[[-106.589131,44.179987],[-106.594144,44.179992],[-106.594158,44.18362],[-106.589137,44.183615],[-106.589131,44.179987]]]}},{"type":"Feature","properties":{"q":"NWSE","ac":40.1},"geometry":{"type":"Polygon","coordinates":[[[-106.604209,44.183638],[-106.60924,44.183651],[-106.609253,44.187278],[-106.604226,44.187266],[-106.604209,44.183638]]]}},{"type":"Feature","properties":{"q":"SENW","ac":40.0},"geometry":{"type":"Polygon","coordinates":[[[-106.63435,44.172838],[-106.63436,44.176461],[-106.629332,44.176449],[-106.62932,44.172825],[-106.63435,44.172838]]]}},{"type":"Feature","properties":{"q":"SWNW","ac":40.1},"geometry":{"type":"Polygon","coordinates":[[[-106.579048,44.172724],[-106.579076,44.176351],[-106.574043,44.176376],[-106.574016,44.17275],[-106.579048,44.172724]]]}},{"type":"Feature","properties":{"q":"SESE","ac":40.2},"geometry":{"type":"Polygon","coordinates":[[[-106.584025,44.165427],[-106.584048,44.16908],[-106.579021,44.169098],[-106.578994,44.165471],[-106.58281,44.165431],[-106.584025,44.165427]]]}},{"type":"Feature","properties":{"q":"SWSW","ac":40.0},"geometry":{"type":"Polygon","coordinates":[[[-106.634369,44.180085],[-106.639394,44.180096],[-106.639415,44.183719],[-106.634386,44.183708],[-106.634369,44.180085]]]}},{"type":"Feature","properties":{"q":"SWSE","ac":40.4},"geometry":{"type":"Polygon","coordinates":[[[-106.6444,44.165567],[-106.64795,44.165541],[-106.649434,44.165541],[-106.649437,44.1692],[-106.644405,44.169214],[-106.6444,44.165567]]]}},{"type":"Feature","properties":{"q":"NWSE","ac":40.1},"geometry":{"type":"Polygon","coordinates":[[[-106.584013,44.241624],[-106.589054,44.241641],[-106.589052,44.245264],[-106.584012,44.245247],[-106.584013,44.241624]]]}},{"type":"Feature","properties":{"q":"SENW","ac":39.9},"geometry":{"type":"Polygon","coordinates":[[[-106.548786,44.248992],[-106.548807,44.245364],[-106.553825,44.245313],[-106.553812,44.248937],[-106.548786,44.248992]]]}},{"type":"Feature","properties":{"q":"3","ac":40.7},"geometry":{"type":"Polygon","coordinates":[[[-106.553812,44.248937],[-106.5538,44.252639],[-106.548764,44.25267],[-106.548786,44.248992],[-106.553812,44.248937]]]}},{"type":"Feature","properties":{"q":"NWNE","ac":40.0},"geometry":{"type":"Polygon","coordinates":[[[-106.624414,44.219933],[-106.629447,44.219937],[-106.629474,44.22356],[-106.624436,44.223558],[-106.624414,44.219933]]]}},{"type":"Feature","properties":{"q":"NENE","ac":39.9},"geometry":{"type":"Polygon","coordinates":[[[-106.559027,44.219915],[-106.564053,44.219902],[-106.564053,44.223524],[-106.559032,44.223537],[-106.559027,44.219915]]]}},{"type":"Feature","properties":{"q":"NWSE","ac":40.1},"geometry":{"type":"Polygon","coordinates":[[[-106.604239,44.227169],[-106.609279,44.227173],[-106.60925,44.2308],[-106.604214,44.230797],[-106.604239,44.227169]]]}},{"type":"Feature","properties":{"q":"SENW","ac":40.0},"geometry":{"type":"Polygon","coordinates":[[[-106.589175,44.219885],[-106.58918,44.216259],[-106.5942,44.21627],[-106.594197,44.219897],[-106.589175,44.219885]]]}},{"type":"Feature","properties":{"q":"NENE","ac":40.0},"geometry":{"type":"Polygon","coordinates":[[[-106.619327,44.205428],[-106.624351,44.205435],[-106.624347,44.209059],[-106.619327,44.209053],[-106.619327,44.205428]]]}},{"type":"Feature","properties":{"q":"NWNE","ac":39.9},"geometry":{"type":"Polygon","coordinates":[[[-106.584162,44.205369],[-106.589182,44.205378],[-106.589191,44.209005],[-106.584176,44.208995],[-106.584162,44.205369]]]}},{"type":"Feature","properties":{"q":"SWSE","ac":40.1},"geometry":{"type":"Polygon","coordinates":[[[-106.584015,44.238001],[-106.589056,44.238018],[-106.589054,44.241641],[-106.584013,44.241624],[-106.584015,44.238001]]]}},{"type":"Feature","properties":{"q":"NESW","ac":39.9},"geometry":{"type":"Polygon","coordinates":[[[-106.548947,44.227251],[-106.553971,44.227204],[-106.553936,44.230827],[-106.548915,44.230874],[-106.548947,44.227251]]]}},{"type":"Feature","properties":{"q":"NESW","ac":40.1},"geometry":{"type":"Polygon","coordinates":[[[-106.629437,44.227184],[-106.634476,44.227186],[-106.63444,44.230809],[-106.6294,44.230808],[-106.629437,44.227184]]]}},{"type":"Feature","properties":{"q":"SWNW","ac":39.9},"geometry":{"type":"Polygon","coordinates":[[[-106.634342,44.245298],[-106.639367,44.245296],[-106.639368,44.248916],[-106.63434,44.248922],[-106.634342,44.245298]]]}},{"type":"Feature","properties":{"q":"NENE","ac":39.9},"geometry":{"type":"Polygon","coordinates":[[[-106.538936,44.205591],[-106.543952,44.20555],[-106.54393,44.209175],[-106.538901,44.209217],[-106.538936,44.205591]]]}},{"type":"Feature","properties":{"q":"SENW","ac":40.0},"geometry":{"type":"Polygon","coordinates":[[[-106.634342,44.245298],[-106.63434,44.248922],[-106.629311,44.248928],[-106.629316,44.2453],[-106.634342,44.245298]]]}},{"type":"Feature","properties":{"q":"NESW","ac":39.9},"geometry":{"type":"Polygon","coordinates":[[[-106.589185,44.212632],[-106.594202,44.212642],[-106.5942,44.21627],[-106.58918,44.216259],[-106.589185,44.212632]]]}},{"type":"Feature","properties":{"q":"NWNE","ac":39.9},"geometry":{"type":"Polygon","coordinates":[[[-106.649513,44.234387],[-106.649479,44.238003],[-106.644445,44.238028],[-106.644479,44.234409],[-106.649513,44.234387]]]}},{"type":"Feature","properties":{"q":"SWSE","ac":40.1},"geometry":{"type":"Polygon","coordinates":[[[-106.604264,44.223542],[-106.609309,44.223546],[-106.609279,44.227173],[-106.604239,44.227169],[-106.604264,44.223542]]]}},{"type":"Feature","properties":{"q":"NESW","ac":39.9},"geometry":{"type":"Polygon","coordinates":[[[-106.649547,44.230772],[-106.649581,44.227153],[-106.654608,44.227136],[-106.654567,44.230753],[-106.649547,44.230772]]]}},{"type":"Feature","properties":{"q":"2","ac":40.2},"geometry":{"type":"Polygon","coordinates":[[[-106.654565,44.216285],[-106.659627,44.216273],[-106.65967,44.219888],[-106.654607,44.219902],[-106.654565,44.216285]]]}},{"type":"Feature","properties":{"q":"NENW","ac":39.9},"geometry":{"type":"Polygon","coordinates":[[[-106.649513,44.234387],[-106.65454,44.234368],[-106.654514,44.237983],[-106.649479,44.238003],[-106.649513,44.234387]]]}},{"type":"Feature","properties":{"q":"2","ac":40.1},"geometry":{"type":"Polygon","coordinates":[[[-106.65454,44.234368],[-106.654567,44.230753],[-106.659618,44.230734],[-106.6596,44.234349],[-106.65454,44.234368]]]}},{"type":"Feature","properties":{"q":"3","ac":40.1},"geometry":{"type":"Polygon","coordinates":[[[-106.659618,44.230734],[-106.654567,44.230753],[-106.654608,44.227136],[-106.659665,44.227119],[-106.659618,44.230734]]]}},{"type":"Feature","properties":{"q":"NENW","ac":39.9},"geometry":{"type":"Polygon","coordinates":[[[-106.654607,44.219902],[-106.654649,44.223519],[-106.649615,44.223534],[-106.649578,44.219916],[-106.654607,44.219902]]]}},{"type":"Feature","properties":{"q":"4","ac":40.1},"geometry":{"type":"Polygon","coordinates":[[[-106.654608,44.227136],[-106.654649,44.223519],[-106.659713,44.223504],[-106.659665,44.227119],[-106.654608,44.227136]]]}},{"type":"Feature","properties":{"q":"SENW","ac":39.9},"geometry":{"type":"Polygon","coordinates":[[[-106.649541,44.216297],[-106.654565,44.216285],[-106.654607,44.219902],[-106.649578,44.219916],[-106.649541,44.216297]]]}},{"type":"Feature","properties":{"q":"1","ac":40.2},"geometry":{"type":"Polygon","coordinates":[[[-106.65454,44.234368],[-106.6596,44.234349],[-106.659581,44.237964],[-106.654514,44.237983],[-106.65454,44.234368]]]}},{"type":"Feature","properties":{"q":"SENW","ac":40.1},"geometry":{"type":"Polygon","coordinates":[[[-106.548846,44.17289],[-106.553883,44.172859],[-106.553906,44.176483],[-106.548866,44.176516],[-106.548846,44.17289]]]}},{"type":"Feature","properties":{"q":"SWSW","ac":40.1},"geometry":{"type":"Polygon","coordinates":[[[-106.553929,44.180107],[-106.558972,44.180072],[-106.558987,44.183694],[-106.55395,44.18373],[-106.553929,44.180107]]]}},{"type":"Feature","properties":{"q":"NENW","ac":40.1},"geometry":{"type":"Polygon","coordinates":[[[-106.594184,44.190876],[-106.594197,44.194504],[-106.589157,44.194497],[-106.58915,44.190869],[-106.594184,44.190876]]]}},{"type":"Feature","properties":{"q":"NENW","ac":40.1},"geometry":{"type":"Polygon","coordinates":[[[-106.569037,44.180025],[-106.569011,44.1764],[-106.574043,44.176376],[-106.57407,44.180001],[-106.569037,44.180025]]]}},{"type":"Feature","properties":{"q":"NWNW","ac":40.0},"geometry":{"type":"Polygon","coordinates":[[[-106.614292,44.190916],[-106.619317,44.190927],[-106.619324,44.194552],[-106.614302,44.194542],[-106.614292,44.190916]]]}},{"type":"Feature","properties":{"q":"NESW","ac":39.8},"geometry":{"type":"Polygon","coordinates":[[[-106.629309,44.169234],[-106.634341,44.16923],[-106.63435,44.172838],[-106.62932,44.172825],[-106.629309,44.169234]]]}},{"type":"Feature","properties":{"q":"SENE","ac":40.0},"geometry":{"type":"Polygon","coordinates":[[[-106.599217,44.190882],[-106.599198,44.187254],[-106.604226,44.187266],[-106.604242,44.190894],[-106.599217,44.190882]]]}},{"type":"Feature","properties":{"q":"NESE","ac":40.0},"geometry":{"type":"Polygon","coordinates":[[[-106.619301,44.183676],[-106.62433,44.183687],[-106.624341,44.187312],[-106.619309,44.187302],[-106.619301,44.183676]]]}},{"type":"Feature","properties":{"q":"SENE","ac":40.0},"geometry":{"type":"Polygon","coordinates":[[[-106.639436,44.187341],[-106.644464,44.187344],[-106.644485,44.190966],[-106.639456,44.190964],[-106.639436,44.187341]]]}},{"type":"Feature","properties":{"q":"NESW","ac":40.2},"geometry":{"type":"Polygon","coordinates":[[[-106.568958,44.169139],[-106.57399,44.169118],[-106.574016,44.17275],[-106.568984,44.172776],[-106.568958,44.169139]]]}},{"type":"Feature","properties":{"q":"SENW","ac":40.0},"geometry":{"type":"Polygon","coordinates":[[[-106.589174,44.201751],[-106.594201,44.201759],[-106.594203,44.205387],[-106.589182,44.205378],[-106.589174,44.201751]]]}},{"type":"Feature","properties":{"q":"NENW","ac":40.1},"geometry":{"type":"Polygon","coordinates":[[[-106.609214,44.176397],[-106.614247,44.176412],[-106.61426,44.180038],[-106.609226,44.180024],[-106.609214,44.176397]]]}},{"type":"Feature","properties":{"q":"SESW","ac":40.1},"geometry":{"type":"Polygon","coordinates":[[[-106.594197,44.194504],[-106.594199,44.198132],[-106.589165,44.198124],[-106.589157,44.194497],[-106.594197,44.194504]]]}},{"type":"Feature","properties":{"q":"SENE","ac":40.0},"geometry":{"type":"Polygon","coordinates":[[[-106.584094,44.176356],[-106.579076,44.176351],[-106.579048,44.172724],[-106.584071,44.172728],[-106.584094,44.176356]]]}},{"type":"Feature","properties":{"q":"NENE","ac":40.1},"geometry":{"type":"Polygon","coordinates":[[[-106.584117,44.194489],[-106.579076,44.194482],[-106.579083,44.190856],[-106.584117,44.190863],[-106.584117,44.194489]]]}},{"type":"Feature","properties":{"q":"NESE","ac":40.0},"geometry":{"type":"Polygon","coordinates":[[[-106.558987,44.183694],[-106.564015,44.183672],[-106.564025,44.187295],[-106.559003,44.187316],[-106.558987,44.183694]]]}},{"type":"Feature","properties":{"q":"NWSW","ac":40.0},"geometry":{"type":"Polygon","coordinates":[[[-106.574069,44.183627],[-106.579096,44.183604],[-106.57909,44.18723],[-106.574068,44.187252],[-106.574069,44.183627]]]}},{"type":"Feature","properties":{"q":"SESW","ac":40.4},"geometry":{"type":"Polygon","coordinates":[[[-106.609178,44.165414],[-106.613109,44.165475],[-106.614207,44.165481],[-106.614221,44.169134],[-106.60919,44.169092],[-106.609178,44.165414]]]}},{"type":"Feature","properties":{"q":"NESW","ac":40.5},"geometry":{"type":"Polygon","coordinates":[[[-106.60919,44.169092],[-106.614221,44.169134],[-106.614234,44.172785],[-106.609202,44.17277],[-106.60919,44.169092]]]}},{"type":"Feature","properties":{"q":"SESW","ac":39.9},"geometry":{"type":"Polygon","coordinates":[[[-106.569055,44.194522],[-106.574066,44.194502],[-106.574081,44.198127],[-106.569064,44.198146],[-106.569055,44.194522]]]}},{"type":"Feature","properties":{"q":"NESE","ac":40.1},"geometry":{"type":"Polygon","coordinates":[[[-106.54379,44.169293],[-106.543808,44.172922],[-106.538771,44.172953],[-106.538756,44.169322],[-106.54379,44.169293]]]}},{"type":"Feature","properties":{"q":"SESW","ac":40.1},"geometry":{"type":"Polygon","coordinates":[[[-106.629392,44.198194],[-106.629401,44.194569],[-106.634439,44.194578],[-106.634426,44.198202],[-106.629392,44.198194]]]}},{"type":"Feature","properties":{"q":"SENW","ac":40.0},"geometry":{"type":"Polygon","coordinates":[[[-106.548975,44.201886],[-106.554,44.201846],[-106.553993,44.205469],[-106.548967,44.20551],[-106.548975,44.201886]]]}},{"type":"Feature","properties":{"q":"SESW","ac":40.0},"geometry":{"type":"Polygon","coordinates":[[[-106.629321,44.241678],[-106.629326,44.238055],[-106.634369,44.238054],[-106.634355,44.241676],[-106.629321,44.241678]]]}},{"type":"Feature","properties":{"q":"NWSE","ac":39.9},"geometry":{"type":"Polygon","coordinates":[[[-106.543922,44.227297],[-106.548947,44.227251],[-106.548915,44.230874],[-106.543891,44.230921],[-106.543922,44.227297]]]}},{"type":"Feature","properties":{"q":"NWSE","ac":40.0},"geometry":{"type":"Polygon","coordinates":[[[-106.644428,44.241649],[-106.649467,44.241624],[-106.649455,44.245245],[-106.644411,44.245271],[-106.644428,44.241649]]]}},{"type":"Feature","properties":{"q":"SWNE","ac":39.9},"geometry":{"type":"Polygon","coordinates":[[[-106.569002,44.230758],[-106.568965,44.23438],[-106.563943,44.23439],[-106.56398,44.230768],[-106.569002,44.230758]]]}},{"type":"Feature","properties":{"q":"SENE","ac":40.0},"geometry":{"type":"Polygon","coordinates":[[[-106.559023,44.216293],[-106.564053,44.216279],[-106.564053,44.219902],[-106.559027,44.219915],[-106.559023,44.216293]]]}},{"type":"Feature","properties":{"q":"SWNE","ac":40.0},"geometry":{"type":"Polygon","coordinates":[[[-106.563876,44.248876],[-106.56388,44.245254],[-106.568918,44.245246],[-106.568912,44.24887],[-106.563876,44.248876]]]}},{"type":"Feature","properties":{"q":"SWNW","ac":40.0},"geometry":{"type":"Polygon","coordinates":[[[-106.559023,44.216293],[-106.559027,44.219915],[-106.554001,44.21996],[-106.553996,44.216337],[-106.559023,44.216293]]]}},{"type":"Feature","properties":{"q":"SENW","ac":40.0},"geometry":{"type":"Polygon","coordinates":[[[-106.548969,44.216381],[-106.553996,44.216337],[-106.554001,44.21996],[-106.548974,44.220004],[-106.548969,44.216381]]]}},{"type":"Feature","properties":{"q":"NESW","ac":39.9},"geometry":{"type":"Polygon","coordinates":[[[-106.573948,44.241616],[-106.573945,44.245237],[-106.568918,44.245246],[-106.568923,44.241624],[-106.573948,44.241616]]]}},{"type":"Feature","properties":{"q":"SWNE","ac":40.1},"geometry":{"type":"Polygon","coordinates":[[[-106.543768,44.245416],[-106.548807,44.245364],[-106.548786,44.248992],[-106.543748,44.249041],[-106.543768,44.245416]]]}},{"type":"Feature","properties":{"q":"NWNW","ac":40.0},"geometry":{"type":"Polygon","coordinates":[[[-106.574111,44.205377],[-106.579141,44.20536],[-106.579162,44.208985],[-106.574126,44.209001],[-106.574111,44.205377]]]}},{"type":"Feature","properties":{"q":"SESW","ac":39.9},"geometry":{"type":"Polygon","coordinates":[[[-106.634387,44.209071],[-106.634418,44.212694],[-106.629394,44.212689],[-106.629367,44.209065],[-106.634387,44.209071]]]}},{"type":"Feature","properties":{"q":"NWSE","ac":40.1},"geometry":{"type":"Polygon","coordinates":[[[-106.624398,44.227183],[-106.629437,44.227184],[-106.6294,44.230808],[-106.62436,44.230807],[-106.624398,44.227183]]]}},{"type":"Feature","properties":{"q":"NESE","ac":40.0},"geometry":{"type":"Polygon","coordinates":[[[-106.578973,44.241607],[-106.584013,44.241624],[-106.584012,44.245247],[-106.578972,44.245229],[-106.578973,44.241607]]]}},{"type":"Feature","properties":{"q":"SWSW","ac":40.0},"geometry":{"type":"Polygon","coordinates":[[[-106.553987,44.209091],[-106.559015,44.20905],[-106.559019,44.212671],[-106.553992,44.212714],[-106.553987,44.209091]]]}},{"type":"Feature","properties":{"q":"NESE","ac":40.1},"geometry":{"type":"Polygon","coordinates":[[[-106.599219,44.212652],[-106.604251,44.212659],[-106.604255,44.216287],[-106.599219,44.216281],[-106.599219,44.212652]]]}},{"type":"Feature","properties":{"q":"NESW","ac":40.0},"geometry":{"type":"Polygon","coordinates":[[[-106.629394,44.212689],[-106.634418,44.212694],[-106.634449,44.216317],[-106.629421,44.216313],[-106.629394,44.212689]]]}},{"type":"Feature","properties":{"q":"SWSW","ac":40.0},"geometry":{"type":"Polygon","coordinates":[[[-106.634511,44.223563],[-106.639549,44.223565],[-106.639515,44.227187],[-106.634476,44.227186],[-106.634511,44.223563]]]}},{"type":"Feature","properties":{"q":"SESE","ac":40.0},"geometry":{"type":"Polygon","coordinates":[[[-106.619327,44.209053],[-106.624347,44.209059],[-106.62437,44.212684],[-106.619345,44.212679],[-106.619327,44.209053]]]}},{"type":"Feature","properties":{"q":"NWNW","ac":40.0},"geometry":{"type":"Polygon","coordinates":[[[-106.614301,44.20542],[-106.619327,44.205428],[-106.619327,44.209053],[-106.6143,44.209046],[-106.614301,44.20542]]]}},{"type":"Feature","properties":{"q":"NESW","ac":40.0},"geometry":{"type":"Polygon","coordinates":[[[-106.574118,44.212626],[-106.574111,44.216251],[-106.569082,44.216265],[-106.569085,44.212641],[-106.574118,44.212626]]]}},{"type":"Feature","properties":{"q":"NENE","ac":39.9},"geometry":{"type":"Polygon","coordinates":[[[-106.538842,44.234593],[-106.543862,44.234545],[-106.543833,44.238169],[-106.538816,44.238218],[-106.538842,44.234593]]]}},{"type":"Feature","properties":{"q":"SENE","ac":40.1},"geometry":{"type":"Polygon","coordinates":[[[-106.578972,44.245229],[-106.584012,44.245247],[-106.584012,44.248889],[-106.578975,44.24885],[-106.578972,44.245229]]]}},{"type":"Feature","properties":{"q":"NESE","ac":40.0},"geometry":{"type":"Polygon","coordinates":[[[-106.579082,44.227111],[-106.584112,44.227125],[-106.584079,44.23075],[-106.579046,44.230736],[-106.579082,44.227111]]]}},{"type":"Feature","properties":{"q":"NESE","ac":39.8},"geometry":{"type":"Polygon","coordinates":[[[-106.53896,44.19834],[-106.543972,44.198301],[-106.543973,44.201926],[-106.538971,44.201966],[-106.53896,44.19834]]]}},{"type":"Feature","properties":{"q":"SENE","ac":40.1},"geometry":{"type":"Polygon","coordinates":[[[-106.599138,44.17274],[-106.60417,44.172755],[-106.604181,44.176383],[-106.599148,44.176368],[-106.599138,44.17274]]]}},{"type":"Feature","properties":{"q":"SESW","ac":40.1},"geometry":{"type":"Polygon","coordinates":[[[-106.609226,44.180024],[-106.61426,44.180038],[-106.61427,44.183664],[-106.60924,44.183651],[-106.609226,44.180024]]]}},{"type":"Feature","properties":{"q":"NESW","ac":40.0},"geometry":{"type":"Polygon","coordinates":[[[-106.569042,44.183649],[-106.574069,44.183627],[-106.574068,44.187252],[-106.569046,44.187274],[-106.569042,44.183649]]]}},{"type":"Feature","properties":{"q":"SWNW","ac":40.0},"geometry":{"type":"Polygon","coordinates":[[[-106.614281,44.18729],[-106.619309,44.187302],[-106.619317,44.190927],[-106.614292,44.190916],[-106.614281,44.18729]]]}},{"type":"Feature","properties":{"q":"NWSW","ac":40.0},"geometry":{"type":"Polygon","coordinates":[[[-106.614301,44.201794],[-106.614302,44.198168],[-106.619325,44.198177],[-106.619326,44.201803],[-106.614301,44.201794]]]}},{"type":"Feature","properties":{"q":"NESE","ac":40.0},"geometry":{"type":"Polygon","coordinates":[[[-106.63946,44.198209],[-106.644489,44.198208],[-106.644472,44.201827],[-106.639442,44.201832],[-106.63946,44.198209]]]}},{"type":"Feature","properties":{"q":"SWSW","ac":40.0},"geometry":{"type":"Polygon","coordinates":[[[-106.639477,44.194587],[-106.63946,44.198209],[-106.634426,44.198202],[-106.634439,44.194578],[-106.639477,44.194587]]]}},{"type":"Feature","properties":{"q":"SWSW","ac":40.0},"geometry":{"type":"Polygon","coordinates":[[[-106.594144,44.179992],[-106.599158,44.179997],[-106.599178,44.183625],[-106.594158,44.18362],[-106.594144,44.179992]]]}},{"type":"Feature","properties":{"q":"NESW","ac":40.0},"geometry":{"type":"Polygon","coordinates":[[[-106.609279,44.198158],[-106.614302,44.198168],[-106.614301,44.201794],[-106.609277,44.201785],[-106.609279,44.198158]]]}},{"type":"Feature","properties":{"q":"NWNE","ac":40.0},"geometry":{"type":"Polygon","coordinates":[[[-106.644485,44.190966],[-106.649514,44.190968],[-106.649536,44.194591],[-106.644507,44.194589],[-106.644485,44.190966]]]}},{"type":"Feature","properties":{"q":"NWNE","ac":40.1},"geometry":{"type":"Polygon","coordinates":[[[-106.548866,44.176516],[-106.548887,44.180143],[-106.543844,44.180178],[-106.543826,44.17655],[-106.548866,44.176516]]]}},{"type":"Feature","properties":{"q":"NWSW","ac":40.2},"geometry":{"type":"Polygon","coordinates":[[[-106.619251,44.169175],[-106.619265,44.1728],[-106.614234,44.172785],[-106.614221,44.169134],[-106.619251,44.169175]]]}},{"type":"Feature","properties":{"q":"SESE","ac":40.3},"geometry":{"type":"Polygon","coordinates":[[[-106.604147,44.165445],[-106.604159,44.169102],[-106.599127,44.169111],[-106.599117,44.165483],[-106.60299,44.165451],[-106.604147,44.165445]]]}},{"type":"Feature","properties":{"q":"NESW","ac":39.9},"geometry":{"type":"Polygon","coordinates":[[[-106.569064,44.198146],[-106.574081,44.198127],[-106.574096,44.201752],[-106.569072,44.20177],[-106.569064,44.198146]]]}},{"type":"Feature","properties":{"q":"NWSW","ac":40.0},"geometry":{"type":"Polygon","coordinates":[[[-106.55395,44.18373],[-106.558987,44.183694],[-106.559003,44.187316],[-106.553971,44.187354],[-106.55395,44.18373]]]}},{"type":"Feature","properties":{"q":"SWSW","ac":40.0},"geometry":{"type":"Polygon","coordinates":[[[-106.634332,44.165623],[-106.638373,44.165605],[-106.639366,44.165604],[-106.639373,44.169227],[-106.634341,44.16923],[-106.634332,44.165623]]]}},{"type":"Feature","properties":{"q":"NWNW","ac":40.1},"geometry":{"type":"Polygon","coordinates":[[[-106.614247,44.176412],[-106.619279,44.176426],[-106.619293,44.180051],[-106.61426,44.180038],[-106.614247,44.176412]]]}},{"type":"Feature","properties":{"q":"NENW","ac":40.0},"geometry":{"type":"Polygon","coordinates":[[[-106.59413,44.176364],[-106.594144,44.179992],[-106.589131,44.179987],[-106.589112,44.17636],[-106.59413,44.176364]]]}},{"type":"Feature","properties":{"q":"NENW","ac":40.1},"geometry":{"type":"Polygon","coordinates":[[[-106.553929,44.180107],[-106.548887,44.180143],[-106.548866,44.176516],[-106.553906,44.176483],[-106.553929,44.180107]]]}},{"type":"Feature","properties":{"q":"SESE","ac":39.9},"geometry":{"type":"Polygon","coordinates":[[[-106.579103,44.179978],[-106.584117,44.179982],[-106.584117,44.183609],[-106.579096,44.183604],[-106.579103,44.179978]]]}},{"type":"Feature","properties":{"q":"SWSW","ac":39.9},"geometry":{"type":"Polygon","coordinates":[[[-106.639443,44.212699],[-106.634418,44.212694],[-106.634387,44.209071],[-106.639408,44.209077],[-106.639443,44.212699]]]}},{"type":"Feature","properties":{"q":"SESE","ac":39.9},"geometry":{"type":"Polygon","coordinates":[[[-106.579162,44.208985],[-106.584176,44.208995],[-106.584168,44.212621],[-106.579151,44.212611],[-106.579162,44.208985]]]}},{"type":"Feature","properties":{"q":"SESW","ac":40.0},"geometry":{"type":"Polygon","coordinates":[[[-106.548958,44.209133],[-106.553987,44.209091],[-106.553992,44.212714],[-106.548964,44.212757],[-106.548958,44.209133]]]}},{"type":"Feature","properties":{"q":"SENE","ac":39.9},"geometry":{"type":"Polygon","coordinates":[[[-106.538949,44.216467],[-106.543959,44.216424],[-106.543956,44.220049],[-106.538938,44.220093],[-106.538949,44.216467]]]}},{"type":"Feature","properties":{"q":"NENE","ac":40.0},"geometry":{"type":"Polygon","coordinates":[[[-106.55902,44.205427],[-106.56405,44.205411],[-106.564052,44.209034],[-106.559015,44.20905],[-106.55902,44.205427]]]}},{"type":"Feature","properties":{"q":"3","ac":40.4},"geometry":{"type":"Polygon","coordinates":[[[-106.649443,44.248883],[-106.654478,44.248847],[-106.654464,44.252525],[-106.649431,44.252531],[-106.649443,44.248883]]]}},{"type":"Feature","properties":{"q":"SENW","ac":40.2},"geometry":{"type":"Polygon","coordinates":[[[-106.609185,44.245301],[-106.614219,44.245302],[-106.614215,44.248938],[-106.609183,44.248952],[-106.609185,44.245301]]]}},{"type":"Feature","properties":{"q":"SWNW","ac":40.0},"geometry":{"type":"Polygon","coordinates":[[[-106.579141,44.216236],[-106.57913,44.219861],[-106.574104,44.219875],[-106.574111,44.216251],[-106.579141,44.216236]]]}},{"type":"Feature","properties":{"q":"SWSE","ac":40.0},"geometry":{"type":"Polygon","coordinates":[[[-106.564052,44.209034],[-106.569089,44.209017],[-106.569085,44.212641],[-106.564052,44.212656],[-106.564052,44.209034]]]}},{"type":"Feature","properties":{"q":"NWNE","ac":40.0},"geometry":{"type":"Polygon","coordinates":[[[-106.56405,44.205411],[-106.569081,44.205394],[-106.569089,44.209017],[-106.564052,44.209034],[-106.56405,44.205411]]]}},{"type":"Feature","properties":{"q":"NESW","ac":40.0},"geometry":{"type":"Polygon","coordinates":[[[-106.59417,44.227152],[-106.594146,44.230779],[-106.589113,44.230765],[-106.589141,44.227138],[-106.59417,44.227152]]]}},{"type":"Feature","properties":{"q":"NWSW","ac":39.9},"geometry":{"type":"Polygon","coordinates":[[[-106.553971,44.227204],[-106.558994,44.227158],[-106.558957,44.230779],[-106.553936,44.230827],[-106.553971,44.227204]]]}},{"type":"Feature","properties":{"q":"SWNW","ac":40.0},"geometry":{"type":"Polygon","coordinates":[[[-106.639478,44.216321],[-106.639514,44.219943],[-106.63448,44.21994],[-106.634449,44.216317],[-106.639478,44.216321]]]}},{"type":"Feature","properties":{"q":"NWSE","ac":40.0},"geometry":{"type":"Polygon","coordinates":[[[-106.5438,44.241792],[-106.548828,44.241742],[-106.548807,44.245364],[-106.543768,44.245416],[-106.5438,44.241792]]]}},{"type":"Feature","properties":{"q":"SWNE","ac":40.0},"geometry":{"type":"Polygon","coordinates":[[[-106.649578,44.219916],[-106.644546,44.219929],[-106.64451,44.216309],[-106.649541,44.216297],[-106.649578,44.219916]]]}},{"type":"Feature","properties":{"q":"SENE","ac":39.9},"geometry":{"type":"Polygon","coordinates":[[[-106.538842,44.234593],[-106.538868,44.230968],[-106.543891,44.230921],[-106.543862,44.234545],[-106.538842,44.234593]]]}},{"type":"Feature","properties":{"q":"SWNW","ac":39.9},"geometry":{"type":"Polygon","coordinates":[[[-106.553825,44.245313],[-106.558842,44.245262],[-106.55884,44.248882],[-106.553812,44.248937],[-106.553825,44.245313]]]}},{"type":"Feature","properties":{"q":"SENE","ac":40.1},"geometry":{"type":"Polygon","coordinates":[[[-106.61932,44.230806],[-106.62436,44.230807],[-106.624322,44.234432],[-106.619281,44.234432],[-106.61932,44.230806]]]}},{"type":"Feature","properties":{"q":"SWNW","ac":40.1},"geometry":{"type":"Polygon","coordinates":[[[-106.594091,44.245282],[-106.599129,44.245299],[-106.599123,44.248921],[-106.594086,44.248924],[-106.594091,44.245282]]]}},{"type":"Feature","properties":{"q":"NWNE","ac":40.0},"geometry":{"type":"Polygon","coordinates":[[[-106.584144,44.223499],[-106.584152,44.219873],[-106.589175,44.219885],[-106.589169,44.223512],[-106.584144,44.223499]]]}},{"type":"Feature","properties":{"q":"SWSW","ac":39.9},"geometry":{"type":"Polygon","coordinates":[[[-106.573951,44.237994],[-106.578974,44.237985],[-106.578973,44.241607],[-106.573948,44.241616],[-106.573951,44.237994]]]}},{"type":"Feature","properties":{"q":"SWSE","ac":40.0},"geometry":{"type":"Polygon","coordinates":[[[-106.629326,44.238055],[-106.629321,44.241678],[-106.624284,44.241679],[-106.624284,44.238056],[-106.629326,44.238055]]]}},{"type":"Feature","properties":{"q":"SWNE","ac":40.2},"geometry":{"type":"Polygon","coordinates":[[[-106.649455,44.245245],[-106.649443,44.248883],[-106.644406,44.2489],[-106.644411,44.245271],[-106.649455,44.245245]]]}},{"type":"Feature","properties":{"q":"NESE","ac":39.9},"geometry":{"type":"Polygon","coordinates":[[[-106.558994,44.227158],[-106.564016,44.227146],[-106.56398,44.230768],[-106.558957,44.230779],[-106.558994,44.227158]]]}},{"type":"Feature","properties":{"q":"NESE","ac":40.0},"geometry":{"type":"Polygon","coordinates":[[[-106.619247,44.24168],[-106.624284,44.241679],[-106.624284,44.245301],[-106.619252,44.245303],[-106.619247,44.24168]]]}},{"type":"Feature","properties":{"q":"SESE","ac":39.9},"geometry":{"type":"Polygon","coordinates":[[[-106.538816,44.238218],[-106.543833,44.238169],[-106.5438,44.241792],[-106.538773,44.241842],[-106.538816,44.238218]]]}},{"type":"Feature","properties":{"q":"NESW","ac":40.0},"geometry":{"type":"Polygon","coordinates":[[[-106.629321,44.241678],[-106.634355,44.241676],[-106.634342,44.245298],[-106.629316,44.2453],[-106.629321,44.241678]]]}},{"type":"Feature","properties":{"q":"1","ac":39.5},"geometry":{"type":"Polygon","coordinates":[[[-106.599123,44.248921],[-106.604153,44.248937],[-106.604149,44.252518],[-106.599117,44.252503],[-106.599123,44.248921]]]}},{"type":"Feature","properties":{"q":"NESE","ac":40.1},"geometry":{"type":"Polygon","coordinates":[[[-106.558894,44.169204],[-106.563926,44.169172],[-106.563952,44.172802],[-106.55892,44.172827],[-106.558894,44.169204]]]}},{"type":"Feature","properties":{"q":"NWSW","ac":40.1},"geometry":{"type":"Polygon","coordinates":[[[-106.594101,44.169087],[-106.599127,44.169111],[-106.599138,44.17274],[-106.594116,44.172736],[-106.594101,44.169087]]]}},{"type":"Feature","properties":{"q":"SWNE","ac":40.0},"geometry":{"type":"Polygon","coordinates":[[[-106.64441,44.172855],[-106.649441,44.172859],[-106.649444,44.176487],[-106.644415,44.17648],[-106.64441,44.172855]]]}},{"type":"Feature","properties":{"q":"NWNE","ac":40.1},"geometry":{"type":"Polygon","coordinates":[[[-106.624351,44.190936],[-106.629386,44.190946],[-106.629401,44.194569],[-106.624362,44.194561],[-106.624351,44.190936]]]}},{"type":"Feature","properties":{"q":"SWSW","ac":39.9},"geometry":{"type":"Polygon","coordinates":[[[-106.574066,44.194502],[-106.579076,44.194482],[-106.579098,44.198108],[-106.574081,44.198127],[-106.574066,44.194502]]]}},{"type":"Feature","properties":{"q":"SESW","ac":39.9},"geometry":{"type":"Polygon","coordinates":[[[-106.548992,44.194638],[-106.554013,44.194599],[-106.554007,44.198223],[-106.548984,44.198262],[-106.548992,44.194638]]]}},{"type":"Feature","properties":{"q":"NESW","ac":40.0},"geometry":{"type":"Polygon","coordinates":[[[-106.61427,44.183664],[-106.614281,44.18729],[-106.609253,44.187278],[-106.60924,44.183651],[-106.61427,44.183664]]]}},{"type":"Feature","properties":{"q":"SWNW","ac":40.0},"geometry":{"type":"Polygon","coordinates":[[[-106.639442,44.201832],[-106.639425,44.205454],[-106.6344,44.205448],[-106.634413,44.201825],[-106.639442,44.201832]]]}},{"type":"Feature","properties":{"q":"SWSE","ac":39.9},"geometry":{"type":"Polygon","coordinates":[[[-106.644421,44.180105],[-106.649447,44.180115],[-106.649469,44.18373],[-106.644442,44.183724],[-106.644421,44.180105]]]}},{"type":"Feature","properties":{"q":"SWNW","ac":40.1},"geometry":{"type":"Polygon","coordinates":[[[-106.614234,44.172785],[-106.619265,44.1728],[-106.619279,44.176426],[-106.614247,44.176412],[-106.614234,44.172785]]]}},{"type":"Feature","properties":{"q":"SWSW","ac":40.1},"geometry":{"type":"Polygon","coordinates":[[[-106.61426,44.180038],[-106.619293,44.180051],[-106.619301,44.183676],[-106.61427,44.183664],[-106.61426,44.180038]]]}},{"type":"Feature","properties":{"q":"SESW","ac":40.0},"geometry":{"type":"Polygon","coordinates":[[[-106.569037,44.180025],[-106.57407,44.180001],[-106.574069,44.183627],[-106.569042,44.183649],[-106.569037,44.180025]]]}},{"type":"Feature","properties":{"q":"NENE","ac":40.0},"geometry":{"type":"Polygon","coordinates":[[[-106.599217,44.190882],[-106.604242,44.190894],[-106.604259,44.194521],[-106.599237,44.194511],[-106.599217,44.190882]]]}},{"type":"Feature","properties":{"q":"SESW","ac":40.4},"geometry":{"type":"Polygon","coordinates":[[[-106.589056,44.165393],[-106.592884,44.165434],[-106.594086,44.165438],[-106.594101,44.169087],[-106.589075,44.169063],[-106.589056,44.165393]]]}},{"type":"Feature","properties":{"q":"SWNW","ac":40.0},"geometry":{"type":"Polygon","coordinates":[[[-106.599228,44.201768],[-106.599223,44.205396],[-106.594203,44.205387],[-106.594201,44.201759],[-106.599228,44.201768]]]}},{"type":"Feature","properties":{"q":"NWNE","ac":40.0},"geometry":{"type":"Polygon","coordinates":[[[-106.624306,44.176438],[-106.629332,44.176449],[-106.629344,44.180073],[-106.624319,44.180062],[-106.624306,44.176438]]]}},{"type":"Feature","properties":{"q":"NWSE","ac":40.0},"geometry":{"type":"Polygon","coordinates":[[[-106.604256,44.198149],[-106.609279,44.198158],[-106.609277,44.201785],[-106.604252,44.201777],[-106.604256,44.198149]]]}},{"type":"Feature","properties":{"q":"SENW","ac":39.9},"geometry":{"type":"Polygon","coordinates":[[[-106.574067,44.190877],[-106.569051,44.190898],[-106.569046,44.187274],[-106.574068,44.187252],[-106.574067,44.190877]]]}},{"type":"Feature","properties":{"q":"SWSE","ac":40.0},"geometry":{"type":"Polygon","coordinates":[[[-106.584117,44.179982],[-106.589131,44.179987],[-106.589137,44.183615],[-106.584117,44.183609],[-106.584117,44.179982]]]}},{"type":"Feature","properties":{"q":"NESW","ac":40.1},"geometry":{"type":"Polygon","coordinates":[[[-106.548939,44.187391],[-106.548913,44.183767],[-106.55395,44.18373],[-106.553971,44.187354],[-106.548939,44.187391]]]}},{"type":"Feature","properties":{"q":"SWSE","ac":39.9},"geometry":{"type":"Polygon","coordinates":[[[-106.543971,44.194676],[-106.548992,44.194638],[-106.548984,44.198262],[-106.543972,44.198301],[-106.543971,44.194676]]]}},{"type":"Feature","properties":{"q":"SESE","ac":40.0},"geometry":{"type":"Polygon","coordinates":[[[-106.619237,44.165549],[-106.623239,44.165582],[-106.624267,44.165583],[-106.62428,44.169204],[-106.619251,44.169175],[-106.619237,44.165549]]]}},{"type":"Feature","properties":{"q":"NENE","ac":40.0},"geometry":{"type":"Polygon","coordinates":[[[-106.538926,44.191089],[-106.543946,44.191052],[-106.543971,44.194676],[-106.538949,44.194714],[-106.538926,44.191089]]]}},{"type":"Feature","properties":{"q":"SENE","ac":40.0},"geometry":{"type":"Polygon","coordinates":[[[-106.584147,44.201743],[-106.584162,44.205369],[-106.579141,44.20536],[-106.579119,44.201734],[-106.584147,44.201743]]]}},{"type":"Feature","properties":{"q":"SWSE","ac":40.1},"geometry":{"type":"Polygon","coordinates":[[[-106.604192,44.18001],[-106.609226,44.180024],[-106.60924,44.183651],[-106.604209,44.183638],[-106.604192,44.18001]]]}},{"type":"Feature","properties":{"q":"NWSW","ac":39.9},"geometry":{"type":"Polygon","coordinates":[[[-106.634341,44.16923],[-106.639373,44.169227],[-106.63938,44.17285],[-106.63435,44.172838],[-106.634341,44.16923]]]}},{"type":"Feature","properties":{"q":"SENW","ac":40.0},"geometry":{"type":"Polygon","coordinates":[[[-106.589094,44.172732],[-106.594116,44.172736],[-106.59413,44.176364],[-106.589112,44.17636],[-106.589094,44.172732]]]}},{"type":"Feature","properties":{"q":"SWSE","ac":40.1},"geometry":{"type":"Polygon","coordinates":[[[-106.548887,44.180143],[-106.548913,44.183767],[-106.543882,44.183803],[-106.543844,44.180178],[-106.548887,44.180143]]]}},{"type":"Feature","properties":{"q":"NENW","ac":40.0},"geometry":{"type":"Polygon","coordinates":[[[-106.609267,44.190905],[-106.614292,44.190916],[-106.614302,44.194542],[-106.609281,44.194531],[-106.609267,44.190905]]]}},{"type":"Feature","properties":{"q":"SESW","ac":40.1},"geometry":{"type":"Polygon","coordinates":[[[-106.548887,44.180143],[-106.553929,44.180107],[-106.55395,44.18373],[-106.548913,44.183767],[-106.548887,44.180143]]]}},{"type":"Feature","properties":{"q":"NWSE","ac":40.2},"geometry":{"type":"Polygon","coordinates":[[[-106.563926,44.169172],[-106.568958,44.169139],[-106.568984,44.172776],[-106.563952,44.172802],[-106.563926,44.169172]]]}},{"type":"Feature","properties":{"q":"SESE","ac":39.9},"geometry":{"type":"Polygon","coordinates":[[[-106.559035,44.194561],[-106.564045,44.194541],[-106.564047,44.198165],[-106.55903,44.198183],[-106.559035,44.194561]]]}},{"type":"Feature","properties":{"q":"NWSE","ac":39.9},"geometry":{"type":"Polygon","coordinates":[[[-106.649469,44.18373],[-106.649492,44.187345],[-106.644464,44.187344],[-106.644442,44.183724],[-106.649469,44.18373]]]}},{"type":"Feature","properties":{"q":"NWSE","ac":40.5},"geometry":{"type":"Polygon","coordinates":[[[-106.60417,44.172755],[-106.604159,44.169102],[-106.60919,44.169092],[-106.609202,44.17277],[-106.60417,44.172755]]]}},{"type":"Feature","properties":{"q":"NWSE","ac":40.0},"geometry":{"type":"Polygon","coordinates":[[[-106.62433,44.183687],[-106.629358,44.183698],[-106.629372,44.187322],[-106.624341,44.187312],[-106.62433,44.183687]]]}},{"type":"Feature","properties":{"q":"SESE","ac":40.1},"geometry":{"type":"Polygon","coordinates":[[[-106.558868,44.165582],[-106.562711,44.165546],[-106.5639,44.16554],[-106.563926,44.169172],[-106.558894,44.169204],[-106.558868,44.165582]]]}},{"type":"Feature","properties":{"q":"SWNE","ac":39.9},"geometry":{"type":"Polygon","coordinates":[[[-106.543921,44.187427],[-106.548939,44.187391],[-106.548966,44.191014],[-106.543946,44.191052],[-106.543921,44.187427]]]}},{"type":"Feature","properties":{"q":"SESW","ac":40.2},"geometry":{"type":"Polygon","coordinates":[[[-106.568958,44.169139],[-106.568931,44.165501],[-106.572766,44.165489],[-106.573963,44.165486],[-106.57399,44.169118],[-106.568958,44.169139]]]}},{"type":"Feature","properties":{"q":"NWNW","ac":40.1},"geometry":{"type":"Polygon","coordinates":[[[-106.553906,44.176483],[-106.558946,44.176449],[-106.558972,44.180072],[-106.553929,44.180107],[-106.553906,44.176483]]]}},{"type":"Feature","properties":{"q":"NESW","ac":40.4},"geometry":{"type":"Polygon","coordinates":[[[-106.594101,44.169087],[-106.594116,44.172736],[-106.589094,44.172732],[-106.589075,44.169063],[-106.594101,44.169087]]]}},{"type":"Feature","properties":{"q":"SESW","ac":40.0},"geometry":{"type":"Polygon","coordinates":[[[-106.634369,44.180085],[-106.634386,44.183708],[-106.629358,44.183698],[-106.629344,44.180073],[-106.634369,44.180085]]]}},{"type":"Feature","properties":{"q":"SESE","ac":40.1},"geometry":{"type":"Polygon","coordinates":[[[-106.619324,44.194552],[-106.624362,44.194561],[-106.624359,44.198186],[-106.619325,44.198177],[-106.619324,44.194552]]]}},{"type":"Feature","properties":{"q":"NESE","ac":40.1},"geometry":{"type":"Polygon","coordinates":[[[-106.579021,44.169098],[-106.584048,44.16908],[-106.584071,44.172728],[-106.579048,44.172724],[-106.579021,44.169098]]]}},{"type":"Feature","properties":{"q":"NESE","ac":40.0},"geometry":{"type":"Polygon","coordinates":[[[-106.619325,44.198177],[-106.624359,44.198186],[-106.624355,44.20181],[-106.619326,44.201803],[-106.619325,44.198177]]]}},{"type":"Feature","properties":{"q":"SWNE","ac":40.0},"geometry":{"type":"Polygon","coordinates":[[[-106.584147,44.201743],[-106.589174,44.201751],[-106.589182,44.205378],[-106.584162,44.205369],[-106.584147,44.201743]]]}},{"type":"Feature","properties":{"q":"NWSE","ac":39.9},"geometry":{"type":"Polygon","coordinates":[[[-106.644489,44.198208],[-106.649519,44.198207],[-106.649501,44.201822],[-106.644472,44.201827],[-106.644489,44.198208]]]}},{"type":"Feature","properties":{"q":"NWNE","ac":40.1},"geometry":{"type":"Polygon","coordinates":[[[-106.58915,44.190869],[-106.589157,44.194497],[-106.584117,44.194489],[-106.584117,44.190863],[-106.58915,44.190869]]]}},{"type":"Feature","properties":{"q":"NWSE","ac":39.9},"geometry":{"type":"Polygon","coordinates":[[[-106.564047,44.198165],[-106.569064,44.198146],[-106.569072,44.20177],[-106.564049,44.201788],[-106.564047,44.198165]]]}},{"type":"Feature","properties":{"q":"SESE","ac":40.1},"geometry":{"type":"Polygon","coordinates":[[[-106.599158,44.179997],[-106.604192,44.18001],[-106.604209,44.183638],[-106.599178,44.183625],[-106.599158,44.179997]]]}},{"type":"Feature","properties":{"q":"SWSE","ac":40.6},"geometry":{"type":"Polygon","coordinates":[[[-106.608044,44.165413],[-106.609178,44.165414],[-106.60919,44.169092],[-106.604159,44.169102],[-106.604147,44.165445],[-106.608044,44.165413]]]}},{"type":"Feature","properties":{"q":"SWSE","ac":40.1},"geometry":{"type":"Polygon","coordinates":[[[-106.624362,44.194561],[-106.629401,44.194569],[-106.629392,44.198194],[-106.624359,44.198186],[-106.624362,44.194561]]]}},{"type":"Feature","properties":{"q":"NENW","ac":39.9},"geometry":{"type":"Polygon","coordinates":[[[-106.574067,44.190877],[-106.574066,44.194502],[-106.569055,44.194522],[-106.569051,44.190898],[-106.574067,44.190877]]]}},{"type":"Feature","properties":{"q":"SWSW","ac":40.0},"geometry":{"type":"Polygon","coordinates":[[[-106.57407,44.180001],[-106.579103,44.179978],[-106.579096,44.183604],[-106.574069,44.183627],[-106.57407,44.180001]]]}},{"type":"Feature","properties":{"q":"NWNE","ac":39.9},"geometry":{"type":"Polygon","coordinates":[[[-106.543971,44.194676],[-106.543946,44.191052],[-106.548966,44.191014],[-106.548992,44.194638],[-106.543971,44.194676]]]}},{"type":"Feature","properties":{"q":"NWSW","ac":40.0},"geometry":{"type":"Polygon","coordinates":[[[-106.634426,44.198202],[-106.63946,44.198209],[-106.639442,44.201832],[-106.634413,44.201825],[-106.634426,44.198202]]]}},{"type":"Feature","properties":{"q":"SWNW","ac":40.0},"geometry":{"type":"Polygon","coordinates":[[[-106.559019,44.190939],[-106.553992,44.190976],[-106.553971,44.187354],[-106.559003,44.187316],[-106.559019,44.190939]]]}},{"type":"Feature","properties":{"q":"NENE","ac":40.0},"geometry":{"type":"Polygon","coordinates":[[[-106.644485,44.190966],[-106.644507,44.194589],[-106.639477,44.194587],[-106.639456,44.190964],[-106.644485,44.190966]]]}},{"type":"Feature","properties":{"q":"NWNE","ac":40.1},"geometry":{"type":"Polygon","coordinates":[[[-106.604181,44.176383],[-106.609214,44.176397],[-106.609226,44.180024],[-106.604192,44.18001],[-106.604181,44.176383]]]}},{"type":"Feature","properties":{"q":"SENE","ac":40.0},"geometry":{"type":"Polygon","coordinates":[[[-106.559025,44.201805],[-106.564049,44.201788],[-106.56405,44.205411],[-106.55902,44.205427],[-106.559025,44.201805]]]}},{"type":"Feature","properties":{"q":"SENW","ac":40.0},"geometry":{"type":"Polygon","coordinates":[[[-106.634413,44.201825],[-106.6344,44.205448],[-106.629376,44.205441],[-106.629384,44.201818],[-106.634413,44.201825]]]}},{"type":"Feature","properties":{"q":"SENE","ac":40.2},"geometry":{"type":"Polygon","coordinates":[[[-106.538771,44.172953],[-106.543808,44.172922],[-106.543826,44.17655],[-106.538786,44.176583],[-106.538771,44.172953]]]}},{"type":"Feature","properties":{"q":"NESE","ac":40.0},"geometry":{"type":"Polygon","coordinates":[[[-106.599228,44.201768],[-106.599233,44.198139],[-106.604256,44.198149],[-106.604252,44.201777],[-106.599228,44.201768]]]}},{"type":"Feature","properties":{"q":"SENW","ac":40.0},"geometry":{"type":"Polygon","coordinates":[[[-106.569081,44.205394],[-106.569072,44.20177],[-106.574096,44.201752],[-106.574111,44.205377],[-106.569081,44.205394]]]}},{"type":"Feature","properties":{"q":"NWSE","ac":40.0},"geometry":{"type":"Polygon","coordinates":[[[-106.548913,44.183767],[-106.548939,44.187391],[-106.543921,44.187427],[-106.543882,44.183803],[-106.548913,44.183767]]]}},{"type":"Feature","properties":{"q":"NWSE","ac":40.3},"geometry":{"type":"Polygon","coordinates":[[[-106.644405,44.169214],[-106.649437,44.1692],[-106.649441,44.172859],[-106.64441,44.172855],[-106.644405,44.169214]]]}},{"type":"Feature","properties":{"q":"SESE","ac":40.0},"geometry":{"type":"Polygon","coordinates":[[[-106.604259,44.194521],[-106.604256,44.198149],[-106.599233,44.198139],[-106.599237,44.194511],[-106.604259,44.194521]]]}},{"type":"Feature","properties":{"q":"NENE","ac":40.1},"geometry":{"type":"Polygon","coordinates":[[[-106.619317,44.190927],[-106.624351,44.190936],[-106.624362,44.194561],[-106.619324,44.194552],[-106.619317,44.190927]]]}},{"type":"Feature","properties":{"q":"NESW","ac":40.1},"geometry":{"type":"Polygon","coordinates":[[[-106.55386,44.169234],[-106.553883,44.172859],[-106.548846,44.17289],[-106.548825,44.169263],[-106.55386,44.169234]]]}},{"type":"Feature","properties":{"q":"SWSE","ac":40.0},"geometry":{"type":"Polygon","coordinates":[[[-106.624319,44.180062],[-106.629344,44.180073],[-106.629358,44.183698],[-106.62433,44.183687],[-106.624319,44.180062]]]}},{"type":"Feature","properties":{"q":"NESW","ac":40.0},"geometry":{"type":"Polygon","coordinates":[[[-106.629358,44.183698],[-106.634386,44.183708],[-106.634404,44.187332],[-106.629372,44.187322],[-106.629358,44.183698]]]}},{"type":"Feature","properties":{"q":"SWNE","ac":40.0},"geometry":{"type":"Polygon","coordinates":[[[-106.644464,44.187344],[-106.649492,44.187345],[-106.649514,44.190968],[-106.644485,44.190966],[-106.644464,44.187344]]]}},{"type":"Feature","properties":{"q":"SWSE","ac":40.2},"geometry":{"type":"Polygon","coordinates":[[[-106.5639,44.16554],[-106.567744,44.165504],[-106.568931,44.165501],[-106.568958,44.169139],[-106.563926,44.169172],[-106.5639,44.16554]]]}},{"type":"Feature","properties":{"q":"SWNE","ac":40.1},"geometry":{"type":"Polygon","coordinates":[[[-106.543808,44.172922],[-106.548846,44.17289],[-106.548866,44.176516],[-106.543826,44.17655],[-106.543808,44.172922]]]}},{"type":"Feature","properties":{"q":"SENE","ac":40.0},"geometry":{"type":"Polygon","coordinates":[[[-106.64441,44.172855],[-106.644415,44.17648],[-106.639387,44.176473],[-106.63938,44.17285],[-106.64441,44.172855]]]}},{"type":"Feature","properties":{"q":"SWNW","ac":40.0},"geometry":{"type":"Polygon","coordinates":[[[-106.639436,44.187341],[-106.639456,44.190964],[-106.634421,44.190955],[-106.634404,44.187332],[-106.639436,44.187341]]]}},{"type":"Feature","properties":{"q":"SWSW","ac":40.1},"geometry":{"type":"Polygon","coordinates":[[[-106.594197,44.194504],[-106.599237,44.194511],[-106.599233,44.198139],[-106.594199,44.198132],[-106.594197,44.194504]]]}},{"type":"Feature","properties":{"q":"NWSW","ac":40.0},"geometry":{"type":"Polygon","coordinates":[[[-106.619309,44.187302],[-106.614281,44.18729],[-106.61427,44.183664],[-106.619301,44.183676],[-106.619309,44.187302]]]}},{"type":"Feature","properties":{"q":"NWNE","ac":40.0},"geometry":{"type":"Polygon","coordinates":[[[-106.644415,44.17648],[-106.649444,44.176487],[-106.649447,44.180115],[-106.644421,44.180105],[-106.644415,44.17648]]]}},{"type":"Feature","properties":{"q":"SWNE","ac":39.8},"geometry":{"type":"Polygon","coordinates":[[[-106.548975,44.201886],[-106.548967,44.20551],[-106.543952,44.20555],[-106.543973,44.201926],[-106.548975,44.201886]]]}},{"type":"Feature","properties":{"q":"NWSE","ac":40.4},"geometry":{"type":"Polygon","coordinates":[[[-106.584048,44.16908],[-106.589075,44.169063],[-106.589094,44.172732],[-106.584071,44.172728],[-106.584048,44.16908]]]}},{"type":"Feature","properties":{"q":"NWNE","ac":39.9},"geometry":{"type":"Polygon","coordinates":[[[-106.569051,44.190898],[-106.569055,44.194522],[-106.564045,44.194541],[-106.564035,44.190918],[-106.569051,44.190898]]]}},{"type":"Feature","properties":{"q":"SESW","ac":40.0},"geometry":{"type":"Polygon","coordinates":[[[-106.614302,44.194542],[-106.614302,44.198168],[-106.609279,44.198158],[-106.609281,44.194531],[-106.614302,44.194542]]]}},{"type":"Feature","properties":{"q":"SWNW","ac":40.0},"geometry":{"type":"Polygon","coordinates":[[[-106.574096,44.201752],[-106.579119,44.201734],[-106.579141,44.20536],[-106.574111,44.205377],[-106.574096,44.201752]]]}},{"type":"Feature","properties":{"q":"NWSW","ac":40.1},"geometry":{"type":"Polygon","coordinates":[[[-106.553883,44.172859],[-106.55386,44.169234],[-106.558894,44.169204],[-106.55892,44.172827],[-106.553883,44.172859]]]}},{"type":"Feature","properties":{"q":"NESW","ac":40.1},"geometry":{"type":"Polygon","coordinates":[[[-106.589165,44.198124],[-106.594199,44.198132],[-106.594201,44.201759],[-106.589174,44.201751],[-106.589165,44.198124]]]}},{"type":"Feature","properties":{"q":"NWSW","ac":39.9},"geometry":{"type":"Polygon","coordinates":[[[-106.55903,44.198183],[-106.559025,44.201805],[-106.554,44.201846],[-106.554007,44.198223],[-106.55903,44.198183]]]}},{"type":"Feature","properties":{"q":"SENW","ac":40.1},"geometry":{"type":"Polygon","coordinates":[[[-106.568984,44.172776],[-106.574016,44.17275],[-106.574043,44.176376],[-106.569011,44.1764],[-106.568984,44.172776]]]}},{"type":"Feature","properties":{"q":"SWSE","ac":39.9},"geometry":{"type":"Polygon","coordinates":[[[-106.644507,44.194589],[-106.649536,44.194591],[-106.649519,44.198207],[-106.644489,44.198208],[-106.644507,44.194589]]]}},{"type":"Feature","properties":{"q":"SWSE","ac":40.0},"geometry":{"type":"Polygon","coordinates":[[[-106.604259,44.194521],[-106.609281,44.194531],[-106.609279,44.198158],[-106.604256,44.198149],[-106.604259,44.194521]]]}},{"type":"Feature","properties":{"q":"NWNW","ac":39.9},"geometry":{"type":"Polygon","coordinates":[[[-106.579083,44.190856],[-106.579076,44.194482],[-106.574066,44.194502],[-106.574067,44.190877],[-106.579083,44.190856]]]}},{"type":"Feature","properties":{"q":"SENE","ac":40.0},"geometry":{"type":"Polygon","coordinates":[[[-106.599228,44.201768],[-106.604252,44.201777],[-106.604249,44.205404],[-106.599223,44.205396],[-106.599228,44.201768]]]}},{"type":"Feature","properties":{"q":"NESE","ac":40.0},"geometry":{"type":"Polygon","coordinates":[[[-106.639415,44.183719],[-106.644442,44.183724],[-106.644464,44.187344],[-106.639436,44.187341],[-106.639415,44.183719]]]}},{"type":"Feature","properties":{"q":"NENE","ac":39.9},"geometry":{"type":"Polygon","coordinates":[[[-106.559019,44.190939],[-106.564035,44.190918],[-106.564045,44.194541],[-106.559035,44.194561],[-106.559019,44.190939]]]}},{"type":"Feature","properties":{"q":"SWNE","ac":40.0},"geometry":{"type":"Polygon","coordinates":[[[-106.624293,44.172813],[-106.62932,44.172825],[-106.629332,44.176449],[-106.624306,44.176438],[-106.624293,44.172813]]]}},{"type":"Feature","properties":{"q":"NWNW","ac":40.1},"geometry":{"type":"Polygon","coordinates":[[[-106.579076,44.176351],[-106.579103,44.179978],[-106.57407,44.180001],[-106.574043,44.176376],[-106.579076,44.176351]]]}},{"type":"Feature","properties":{"q":"NWSE","ac":40.1},"geometry":{"type":"Polygon","coordinates":[[[-106.54379,44.169293],[-106.548825,44.169263],[-106.548846,44.17289],[-106.543808,44.172922],[-106.54379,44.169293]]]}},{"type":"Feature","properties":{"q":"SWNE","ac":40.0},"geometry":{"type":"Polygon","coordinates":[[[-106.604249,44.205404],[-106.604252,44.201777],[-106.609277,44.201785],[-106.609275,44.205412],[-106.604249,44.205404]]]}},{"type":"Feature","properties":{"q":"SWSW","ac":40.1},"geometry":{"type":"Polygon","coordinates":[[[-106.594086,44.165438],[-106.597937,44.16548],[-106.599117,44.165483],[-106.599127,44.169111],[-106.594101,44.169087],[-106.594086,44.165438]]]}},{"type":"Feature","properties":{"q":"SWSW","ac":40.0},"geometry":{"type":"Polygon","coordinates":[[[-106.614302,44.194542],[-106.619324,44.194552],[-106.619325,44.198177],[-106.614302,44.198168],[-106.614302,44.194542]]]}},{"type":"Feature","properties":{"q":"SWNE","ac":40.0},"geometry":{"type":"Polygon","coordinates":[[[-106.589112,44.17636],[-106.584094,44.176356],[-106.584071,44.172728],[-106.589094,44.172732],[-106.589112,44.17636]]]}},{"type":"Feature","properties":{"q":"NESW","ac":40.0},"geometry":{"type":"Polygon","coordinates":[[[-106.548984,44.198262],[-106.554007,44.198223],[-106.554,44.201846],[-106.548975,44.201886],[-106.548984,44.198262]]]}},{"type":"Feature","properties":{"q":"NESE","ac":39.9},"geometry":{"type":"Polygon","coordinates":[[[-106.619251,44.169175],[-106.62428,44.169204],[-106.624293,44.172813],[-106.619265,44.1728],[-106.619251,44.169175]]]}},{"type":"Feature","properties":{"q":"NENW","ac":40.1},"geometry":{"type":"Polygon","coordinates":[[[-106.629386,44.190946],[-106.634421,44.190955],[-106.634439,44.194578],[-106.629401,44.194569],[-106.629386,44.190946]]]}},{"type":"Feature","properties":{"q":"SENW","ac":40.0},"geometry":{"type":"Polygon","coordinates":[[[-106.609253,44.187278],[-106.614281,44.18729],[-106.614292,44.190916],[-106.609267,44.190905],[-106.609253,44.187278]]]}},{"type":"Feature","properties":{"q":"SWSE","ac":40.0},"geometry":{"type":"Polygon","coordinates":[[[-106.564005,44.180048],[-106.569037,44.180025],[-106.569042,44.183649],[-106.564015,44.183672],[-106.564005,44.180048]]]}},{"type":"Feature","properties":{"q":"NWNW","ac":40.0},"geometry":{"type":"Polygon","coordinates":[[[-106.553992,44.190976],[-106.559019,44.190939],[-106.559035,44.194561],[-106.554013,44.194599],[-106.553992,44.190976]]]}},{"type":"Feature","properties":{"q":"NESE","ac":40.0},"geometry":{"type":"Polygon","coordinates":[[[-106.538852,44.183839],[-106.543882,44.183803],[-106.543921,44.187427],[-106.538902,44.187464],[-106.538852,44.183839]]]}},{"type":"Feature","properties":{"q":"SESE","ac":40.0},"geometry":{"type":"Polygon","coordinates":[[[-106.644421,44.180105],[-106.644442,44.183724],[-106.639415,44.183719],[-106.639394,44.180096],[-106.644421,44.180105]]]}},{"type":"Feature","properties":{"q":"SWNE","ac":40.0},"geometry":{"type":"Polygon","coordinates":[[[-106.563952,44.172802],[-106.568984,44.172776],[-106.569011,44.1764],[-106.563978,44.176425],[-106.563952,44.172802]]]}},{"type":"Feature","properties":{"q":"NESW","ac":39.9},"geometry":{"type":"Polygon","coordinates":[[[-106.548828,44.241742],[-106.553845,44.241692],[-106.553825,44.245313],[-106.548807,44.245364],[-106.548828,44.241742]]]}},{"type":"Feature","properties":{"q":"SENW","ac":40.4},"geometry":{"type":"Polygon","coordinates":[[[-106.589052,44.245264],[-106.594091,44.245282],[-106.594086,44.248924],[-106.58905,44.248927],[-106.589052,44.245264]]]}},{"type":"Feature","properties":{"q":"NESW","ac":40.1},"geometry":{"type":"Polygon","coordinates":[[[-106.609279,44.227173],[-106.614319,44.227177],[-106.614285,44.230804],[-106.60925,44.2308],[-106.609279,44.227173]]]}},{"type":"Feature","properties":{"q":"4","ac":39.0},"geometry":{"type":"Polygon","coordinates":[[[-106.614215,44.248938],[-106.619248,44.248924],[-106.619243,44.252446],[-106.614212,44.252489],[-106.614215,44.248938]]]}},{"type":"Feature","properties":{"q":"SENW","ac":40.0},"geometry":{"type":"Polygon","coordinates":[[[-106.569082,44.216265],[-106.574111,44.216251],[-106.574104,44.219875],[-106.569079,44.219888],[-106.569082,44.216265]]]}},{"type":"Feature","properties":{"q":"NENW","ac":40.1},"geometry":{"type":"Polygon","coordinates":[[[-106.6093,44.21992],[-106.61434,44.219925],[-106.614353,44.223551],[-106.609309,44.223546],[-106.6093,44.21992]]]}},{"type":"Feature","properties":{"q":"NWSE","ac":40.1},"geometry":{"type":"Polygon","coordinates":[[[-106.609282,44.212666],[-106.609291,44.216293],[-106.604255,44.216287],[-106.604251,44.212659],[-106.609282,44.212666]]]}},{"type":"Feature","properties":{"q":"NESE","ac":40.1},"geometry":{"type":"Polygon","coordinates":[[[-106.619359,44.227181],[-106.624398,44.227183],[-106.62436,44.230807],[-106.61932,44.230806],[-106.619359,44.227181]]]}},{"type":"Feature","properties":{"q":"SWNW","ac":40.1},"geometry":{"type":"Polygon","coordinates":[[[-106.614327,44.216299],[-106.619363,44.216304],[-106.61938,44.21993],[-106.61434,44.219925],[-106.614327,44.216299]]]}},{"type":"Feature","properties":{"q":"NWSW","ac":40.0},"geometry":{"type":"Polygon","coordinates":[[[-106.634418,44.212694],[-106.639443,44.212699],[-106.639478,44.216321],[-106.634449,44.216317],[-106.634418,44.212694]]]}},{"type":"Feature","properties":{"q":"NWSW","ac":40.0},"geometry":{"type":"Polygon","coordinates":[[[-106.553992,44.212714],[-106.559019,44.212671],[-106.559023,44.216293],[-106.553996,44.216337],[-106.553992,44.212714]]]}},{"type":"Feature","properties":{"q":"SWSE","ac":39.9},"geometry":{"type":"Polygon","coordinates":[[[-106.644473,44.212691],[-106.644437,44.209072],[-106.649466,44.209067],[-106.649504,44.212682],[-106.644473,44.212691]]]}},{"type":"Feature","properties":{"q":"NESE","ac":40.0},"geometry":{"type":"Polygon","coordinates":[[[-106.644548,44.22717],[-106.644514,44.230791],[-106.63948,44.230809],[-106.639515,44.227187],[-106.644548,44.22717]]]}},{"type":"Feature","properties":{"q":"SWNW","ac":40.0},"geometry":{"type":"Polygon","coordinates":[[[-106.594197,44.219897],[-106.5942,44.21627],[-106.599219,44.216281],[-106.59922,44.219909],[-106.594197,44.219897]]]}},{"type":"Feature","properties":{"q":"SWSE","ac":40.0},"geometry":{"type":"Polygon","coordinates":[[[-106.604164,44.238052],[-106.60919,44.238054],[-106.609188,44.241677],[-106.604161,44.241676],[-106.604164,44.238052]]]}},{"type":"Feature","properties":{"q":"NENE","ac":40.1},"geometry":{"type":"Polygon","coordinates":[[[-106.604264,44.223542],[-106.59922,44.223537],[-106.59922,44.219909],[-106.60426,44.219914],[-106.604264,44.223542]]]}},{"type":"Feature","properties":{"q":"NWSW","ac":39.9},"geometry":{"type":"Polygon","coordinates":[[[-106.57406,44.227123],[-106.579082,44.227111],[-106.579046,44.230736],[-106.574024,44.230747],[-106.57406,44.227123]]]}},{"type":"Feature","properties":{"q":"NWSE","ac":39.9},"geometry":{"type":"Polygon","coordinates":[[[-106.564016,44.227146],[-106.569038,44.227135],[-106.569002,44.230758],[-106.56398,44.230768],[-106.564016,44.227146]]]}},{"type":"Feature","properties":{"q":"SENW","ac":40.1},"geometry":{"type":"Polygon","coordinates":[[[-106.6294,44.230808],[-106.63444,44.230809],[-106.634404,44.234432],[-106.629363,44.234432],[-106.6294,44.230808]]]}},{"type":"Feature","properties":{"q":"NWNW","ac":39.9},"geometry":{"type":"Polygon","coordinates":[[[-106.553901,44.234449],[-106.55892,44.2344],[-106.558883,44.238021],[-106.553866,44.23807],[-106.553901,44.234449]]]}},{"type":"Feature","properties":{"q":"NWSW","ac":39.8},"geometry":{"type":"Polygon","coordinates":[[[-106.553845,44.241692],[-106.558863,44.241642],[-106.558842,44.245262],[-106.553825,44.245313],[-106.553845,44.241692]]]}},{"type":"Feature","properties":{"q":"NWNE","ac":40.1},"geometry":{"type":"Polygon","coordinates":[[[-106.589084,44.234391],[-106.589056,44.238018],[-106.584015,44.238001],[-106.584047,44.234376],[-106.589084,44.234391]]]}},{"type":"Feature","properties":{"q":"NWNE","ac":39.9},"geometry":{"type":"Polygon","coordinates":[[[-106.543952,44.20555],[-106.548967,44.20551],[-106.548958,44.209133],[-106.54393,44.209175],[-106.543952,44.20555]]]}},{"type":"Feature","properties":{"q":"SWSW","ac":40.0},"geometry":{"type":"Polygon","coordinates":[[[-106.6143,44.209046],[-106.619327,44.209053],[-106.619345,44.212679],[-106.614314,44.212672],[-106.6143,44.209046]]]}},{"type":"Feature","properties":{"q":"SENE","ac":40.0},"geometry":{"type":"Polygon","coordinates":[[[-106.619252,44.245303],[-106.624284,44.245301],[-106.624279,44.248926],[-106.619248,44.248924],[-106.619252,44.245303]]]}},{"type":"Feature","properties":{"q":"NWSW","ac":39.9},"geometry":{"type":"Polygon","coordinates":[[[-106.573948,44.241616],[-106.578973,44.241607],[-106.578972,44.245229],[-106.573945,44.245237],[-106.573948,44.241616]]]}},{"type":"Feature","properties":{"q":"SWNE","ac":40.0},"geometry":{"type":"Polygon","coordinates":[[[-106.644472,44.201827],[-106.649501,44.201822],[-106.649484,44.205444],[-106.644454,44.20545],[-106.644472,44.201827]]]}},{"type":"Feature","properties":{"q":"NWSW","ac":40.1},"geometry":{"type":"Polygon","coordinates":[[[-106.614319,44.227177],[-106.619359,44.227181],[-106.61932,44.230806],[-106.614285,44.230804],[-106.614319,44.227177]]]}},{"type":"Feature","properties":{"q":"4","ac":39.1},"geometry":{"type":"Polygon","coordinates":[[[-106.63434,44.248922],[-106.639368,44.248916],[-106.63937,44.252466],[-106.634338,44.252468],[-106.63434,44.248922]]]}},{"type":"Feature","properties":{"q":"3","ac":40.8},"geometry":{"type":"Polygon","coordinates":[[[-106.568912,44.24887],[-106.573943,44.24886],[-106.573942,44.252547],[-106.568907,44.252573],[-106.568912,44.24887]]]}},{"type":"Feature","properties":{"q":"NWNW","ac":40.1},"geometry":{"type":"Polygon","coordinates":[[[-106.594122,44.234407],[-106.599159,44.234422],[-106.599139,44.23805],[-106.594097,44.238034],[-106.594122,44.234407]]]}},{"type":"Feature","properties":{"q":"NWSW","ac":40.1},"geometry":{"type":"Polygon","coordinates":[[[-106.619345,44.212679],[-106.619363,44.216304],[-106.614327,44.216299],[-106.614314,44.212672],[-106.619345,44.212679]]]}},{"type":"Feature","properties":{"q":"SWNW","ac":40.1},"geometry":{"type":"Polygon","coordinates":[[[-106.614219,44.245302],[-106.619252,44.245303],[-106.619248,44.248924],[-106.614215,44.248938],[-106.614219,44.245302]]]}},{"type":"Feature","properties":{"q":"NWSW","ac":40.0},"geometry":{"type":"Polygon","coordinates":[[[-106.579151,44.212611],[-106.579141,44.216236],[-106.574111,44.216251],[-106.574118,44.212626],[-106.579151,44.212611]]]}},{"type":"Feature","properties":{"q":"2","ac":40.5},"geometry":{"type":"Polygon","coordinates":[[[-106.584012,44.248889],[-106.58905,44.248927],[-106.589048,44.252596],[-106.584013,44.252558],[-106.584012,44.248889]]]}},{"type":"Feature","properties":{"q":"SENE","ac":40.0},"geometry":{"type":"Polygon","coordinates":[[[-106.639442,44.201832],[-106.644472,44.201827],[-106.644454,44.20545],[-106.639425,44.205454],[-106.639442,44.201832]]]}},{"type":"Feature","properties":{"q":"SWSW","ac":39.9},"geometry":{"type":"Polygon","coordinates":[[[-106.57406,44.227123],[-106.574097,44.223499],[-106.579119,44.223486],[-106.579082,44.227111],[-106.57406,44.227123]]]}},{"type":"Feature","properties":{"q":"SWNE","ac":40.0},"geometry":{"type":"Polygon","coordinates":[[[-106.624284,44.245301],[-106.629316,44.2453],[-106.629311,44.248928],[-106.624279,44.248926],[-106.624284,44.245301]]]}},{"type":"Feature","properties":{"q":"SESW","ac":40.1},"geometry":{"type":"Polygon","coordinates":[[[-106.609309,44.223546],[-106.614353,44.223551],[-106.614319,44.227177],[-106.609279,44.227173],[-106.609309,44.223546]]]}},{"type":"Feature","properties":{"q":"1","ac":38.9},"geometry":{"type":"Polygon","coordinates":[[[-106.619248,44.248924],[-106.624279,44.248926],[-106.624275,44.252458],[-106.619243,44.252446],[-106.619248,44.248924]]]}},{"type":"Feature","properties":{"q":"SWNE","ac":40.0},"geometry":{"type":"Polygon","coordinates":[[[-106.564053,44.216279],[-106.569082,44.216265],[-106.569079,44.219888],[-106.564053,44.219902],[-106.564053,44.216279]]]}},{"type":"Feature","properties":{"q":"SWSE","ac":40.0},"geometry":{"type":"Polygon","coordinates":[[[-106.548964,44.212757],[-106.543944,44.2128],[-106.54393,44.209175],[-106.548958,44.209133],[-106.548964,44.212757]]]}},{"type":"Feature","properties":{"q":"1","ac":40.5},"geometry":{"type":"Polygon","coordinates":[[[-106.578975,44.24885],[-106.584012,44.248889],[-106.584013,44.252558],[-106.578978,44.252521],[-106.578975,44.24885]]]}},{"type":"Feature","properties":{"q":"NWNE","ac":40.0},"geometry":{"type":"Polygon","coordinates":[[[-106.644546,44.219929],[-106.649578,44.219916],[-106.649615,44.223534],[-106.644582,44.223549],[-106.644546,44.219929]]]}},{"type":"Feature","properties":{"q":"SWNW","ac":40.0},"geometry":{"type":"Polygon","coordinates":[[[-106.61932,44.230806],[-106.619281,44.234432],[-106.61425,44.23443],[-106.614285,44.230804],[-106.61932,44.230806]]]}},{"type":"Feature","properties":{"q":"NWSW","ac":39.9},"geometry":{"type":"Polygon","coordinates":[[[-106.599219,44.212652],[-106.599219,44.216281],[-106.5942,44.21627],[-106.594202,44.212642],[-106.599219,44.212652]]]}},{"type":"Feature","properties":{"q":"NWNW","ac":40.0},"geometry":{"type":"Polygon","coordinates":[[[-106.55902,44.205427],[-106.559015,44.20905],[-106.553987,44.209091],[-106.553993,44.205469],[-106.55902,44.205427]]]}},{"type":"Feature","properties":{"q":"NENW","ac":40.0},"geometry":{"type":"Polygon","coordinates":[[[-106.548967,44.20551],[-106.553993,44.205469],[-106.553987,44.209091],[-106.548958,44.209133],[-106.548967,44.20551]]]}},{"type":"Feature","properties":{"q":"NWSE","ac":40.0},"geometry":{"type":"Polygon","coordinates":[[[-106.584079,44.23075],[-106.584112,44.227125],[-106.589141,44.227138],[-106.589113,44.230765],[-106.584079,44.23075]]]}},{"type":"Feature","properties":{"q":"SENE","ac":40.0},"geometry":{"type":"Polygon","coordinates":[[[-106.53873,44.245467],[-106.543768,44.245416],[-106.543748,44.249041],[-106.538711,44.249089],[-106.53873,44.245467]]]}},{"type":"Feature","properties":{"q":"NWNE","ac":40.0},"geometry":{"type":"Polygon","coordinates":[[[-106.644454,44.20545],[-106.649484,44.205444],[-106.649466,44.209067],[-106.644437,44.209072],[-106.644454,44.20545]]]}},{"type":"Feature","properties":{"q":"SESW","ac":40.0},"geometry":{"type":"Polygon","coordinates":[[[-106.569089,44.209017],[-106.574126,44.209001],[-106.574118,44.212626],[-106.569085,44.212641],[-106.569089,44.209017]]]}},{"type":"Feature","properties":{"q":"NWNE","ac":40.0},"geometry":{"type":"Polygon","coordinates":[[[-106.604189,44.234425],[-106.60922,44.234427],[-106.60919,44.238054],[-106.604164,44.238052],[-106.604189,44.234425]]]}},{"type":"Feature","properties":{"q":"SESW","ac":39.9},"geometry":{"type":"Polygon","coordinates":[[[-106.573951,44.237994],[-106.573948,44.241616],[-106.568923,44.241624],[-106.568928,44.238003],[-106.573951,44.237994]]]}},{"type":"Feature","properties":{"q":"SESE","ac":40.1},"geometry":{"type":"Polygon","coordinates":[[[-106.604264,44.223542],[-106.604239,44.227169],[-106.5992,44.227165],[-106.59922,44.223537],[-106.604264,44.223542]]]}},{"type":"Feature","properties":{"q":"NESW","ac":40.0},"geometry":{"type":"Polygon","coordinates":[[[-106.609188,44.241677],[-106.614217,44.241679],[-106.614219,44.245302],[-106.609185,44.245301],[-106.609188,44.241677]]]}},{"type":"Feature","properties":{"q":"NESE","ac":40.0},"geometry":{"type":"Polygon","coordinates":[[[-106.639478,44.216321],[-106.639443,44.212699],[-106.644473,44.212691],[-106.64451,44.216309],[-106.639478,44.216321]]]}},{"type":"Feature","properties":{"q":"NENW","ac":40.0},"geometry":{"type":"Polygon","coordinates":[[[-106.548974,44.220004],[-106.554001,44.21996],[-106.554006,44.223582],[-106.54898,44.223627],[-106.548974,44.220004]]]}},{"type":"Feature","properties":{"q":"SESE","ac":39.9},"geometry":{"type":"Polygon","coordinates":[[[-106.558994,44.227158],[-106.559032,44.223537],[-106.564053,44.223524],[-106.564016,44.227146],[-106.558994,44.227158]]]}},{"type":"Feature","properties":{"q":"NENE","ac":40.1},"geometry":{"type":"Polygon","coordinates":[[[-106.619281,44.234432],[-106.624322,44.234432],[-106.624284,44.238056],[-106.619242,44.238057],[-106.619281,44.234432]]]}},{"type":"Feature","properties":{"q":"SENE","ac":39.9},"geometry":{"type":"Polygon","coordinates":[[[-106.579141,44.216236],[-106.58416,44.216247],[-106.584152,44.219873],[-106.57913,44.219861],[-106.579141,44.216236]]]}},{"type":"Feature","properties":{"q":"NENE","ac":39.9},"geometry":{"type":"Polygon","coordinates":[[[-106.584162,44.205369],[-106.584176,44.208995],[-106.579162,44.208985],[-106.579141,44.20536],[-106.584162,44.205369]]]}},{"type":"Feature","properties":{"q":"SESE","ac":40.0},"geometry":{"type":"Polygon","coordinates":[[[-106.619242,44.238057],[-106.624284,44.238056],[-106.624284,44.241679],[-106.619247,44.24168],[-106.619242,44.238057]]]}},{"type":"Feature","properties":{"q":"SESE","ac":40.0},"geometry":{"type":"Polygon","coordinates":[[[-106.639549,44.223565],[-106.644582,44.223549],[-106.644548,44.22717],[-106.639515,44.227187],[-106.639549,44.223565]]]}},{"type":"Feature","properties":{"q":"4","ac":39.8},"geometry":{"type":"Polygon","coordinates":[[[-106.599117,44.252503],[-106.594082,44.252549],[-106.594086,44.248924],[-106.599123,44.248921],[-106.599117,44.252503]]]}},{"type":"Feature","properties":{"q":"NESE","ac":40.0},"geometry":{"type":"Polygon","coordinates":[[[-106.619345,44.212679],[-106.62437,44.212684],[-106.624392,44.216309],[-106.619363,44.216304],[-106.619345,44.212679]]]}},{"type":"Feature","properties":{"q":"SWSE","ac":40.1},"geometry":{"type":"Polygon","coordinates":[[[-106.624436,44.223558],[-106.629474,44.22356],[-106.629437,44.227184],[-106.624398,44.227183],[-106.624436,44.223558]]]}},{"type":"Feature","properties":{"q":"NWSE","ac":40.0},"geometry":{"type":"Polygon","coordinates":[[[-106.644548,44.22717],[-106.649581,44.227153],[-106.649547,44.230772],[-106.644514,44.230791],[-106.644548,44.22717]]]}},{"type":"Feature","properties":{"q":"NWNW","ac":40.1},"geometry":{"type":"Polygon","coordinates":[[[-106.634404,44.234432],[-106.639446,44.234431],[-106.639411,44.238053],[-106.634369,44.238054],[-106.634404,44.234432]]]}},{"type":"Feature","properties":{"q":"SWNW","ac":39.9},"geometry":{"type":"Polygon","coordinates":[[[-106.579046,44.230736],[-106.57901,44.23436],[-106.573988,44.23437],[-106.574024,44.230747],[-106.579046,44.230736]]]}},{"type":"Feature","properties":{"q":"NENW","ac":40.0},"geometry":{"type":"Polygon","coordinates":[[[-106.594197,44.219897],[-106.594195,44.223524],[-106.589169,44.223512],[-106.589175,44.219885],[-106.594197,44.219897]]]}},{"type":"Feature","properties":{"q":"NWNE","ac":39.9},"geometry":{"type":"Polygon","coordinates":[[[-106.568965,44.23438],[-106.568928,44.238003],[-106.563906,44.238012],[-106.563943,44.23439],[-106.568965,44.23438]]]}},{"type":"Feature","properties":{"q":"SWSW","ac":40.0},"geometry":{"type":"Polygon","coordinates":[[[-106.639411,44.238053],[-106.639389,44.241675],[-106.634355,44.241676],[-106.634369,44.238054],[-106.639411,44.238053]]]}},{"type":"Feature","properties":{"q":"NENW","ac":39.9},"geometry":{"type":"Polygon","coordinates":[[[-106.589182,44.205378],[-106.594203,44.205387],[-106.594205,44.209014],[-106.589191,44.209005],[-106.589182,44.205378]]]}},{"type":"Feature","properties":{"q":"SWSE","ac":40.0},"geometry":{"type":"Polygon","coordinates":[[[-106.644445,44.238028],[-106.649479,44.238003],[-106.649467,44.241624],[-106.644428,44.241649],[-106.644445,44.238028]]]}},{"type":"Feature","properties":{"q":"SWSW","ac":40.1},"geometry":{"type":"Polygon","coordinates":[[[-106.594097,44.238034],[-106.599139,44.23805],[-106.599134,44.241675],[-106.594094,44.241658],[-106.594097,44.238034]]]}},{"type":"Feature","properties":{"q":"3","ac":40.3},"geometry":{"type":"Polygon","coordinates":[[[-106.58905,44.248927],[-106.594086,44.248924],[-106.594082,44.252549],[-106.589048,44.252596],[-106.58905,44.248927]]]}},{"type":"Feature","properties":{"q":"SESE","ac":40.0},"geometry":{"type":"Polygon","coordinates":[[[-106.579119,44.223486],[-106.584144,44.223499],[-106.584112,44.227125],[-106.579082,44.227111],[-106.579119,44.223486]]]}},{"type":"Feature","properties":{"q":"NENE","ac":40.1},"geometry":{"type":"Polygon","coordinates":[[[-106.61938,44.21993],[-106.624414,44.219933],[-106.624436,44.223558],[-106.619398,44.223555],[-106.61938,44.21993]]]}},{"type":"Feature","properties":{"q":"SWNE","ac":40.2},"geometry":{"type":"Polygon","coordinates":[[[-106.604157,44.2453],[-106.609185,44.245301],[-106.609183,44.248952],[-106.604153,44.248937],[-106.604157,44.2453]]]}},{"type":"Feature","properties":{"q":"NESE","ac":39.9},"geometry":{"type":"Polygon","coordinates":[[[-106.579141,44.216236],[-106.579151,44.212611],[-106.584168,44.212621],[-106.58416,44.216247],[-106.579141,44.216236]]]}},{"type":"Feature","properties":{"q":"1","ac":39.5},"geometry":{"type":"Polygon","coordinates":[[[-106.639368,44.248916],[-106.644406,44.2489],[-106.6444,44.252498],[-106.63937,44.252466],[-106.639368,44.248916]]]}},{"type":"Feature","properties":{"q":"NENW","ac":40.0},"geometry":{"type":"Polygon","coordinates":[[[-106.60922,44.234427],[-106.61425,44.23443],[-106.614216,44.238056],[-106.60919,44.238054],[-106.60922,44.234427]]]}},{"type":"Feature","properties":{"q":"SENE","ac":40.0},"geometry":{"type":"Polygon","coordinates":[[[-106.639478,44.216321],[-106.64451,44.216309],[-106.644546,44.219929],[-106.639514,44.219943],[-106.639478,44.216321]]]}},{"type":"Feature","properties":{"q":"SWNE","ac":40.1},"geometry":{"type":"Polygon","coordinates":[[[-106.62436,44.230807],[-106.6294,44.230808],[-106.629363,44.234432],[-106.624322,44.234432],[-106.62436,44.230807]]]}},{"type":"Feature","properties":{"q":"NWNW","ac":39.9},"geometry":{"type":"Polygon","coordinates":[[[-106.594203,44.205387],[-106.599223,44.205396],[-106.599219,44.209024],[-106.594205,44.209014],[-106.594203,44.205387]]]}},{"type":"Feature","properties":{"q":"SWNE","ac":39.9},"geometry":{"type":"Polygon","coordinates":[[[-106.644514,44.230791],[-106.649547,44.230772],[-106.649513,44.234387],[-106.644479,44.234409],[-106.644514,44.230791]]]}},{"type":"Feature","properties":{"q":"SENW","ac":40.0},"geometry":{"type":"Polygon","coordinates":[[[-106.614285,44.230804],[-106.61425,44.23443],[-106.60922,44.234427],[-106.60925,44.2308],[-106.614285,44.230804]]]}},{"type":"Feature","properties":{"q":"SWNE","ac":40.0},"geometry":{"type":"Polygon","coordinates":[[[-106.624392,44.216309],[-106.629421,44.216313],[-106.629447,44.219937],[-106.624414,44.219933],[-106.624392,44.216309]]]}},{"type":"Feature","properties":{"q":"SENW","ac":39.9},"geometry":{"type":"Polygon","coordinates":[[[-106.553936,44.230827],[-106.553901,44.234449],[-106.548882,44.234497],[-106.548915,44.230874],[-106.553936,44.230827]]]}},{"type":"Feature","properties":{"q":"SWSE","ac":39.9},"geometry":{"type":"Polygon","coordinates":[[[-106.563893,44.241633],[-106.563906,44.238012],[-106.568928,44.238003],[-106.568923,44.241624],[-106.563893,44.241633]]]}},{"type":"Feature","properties":{"q":"SESW","ac":40.1},"geometry":{"type":"Polygon","coordinates":[[[-106.629474,44.22356],[-106.634511,44.223563],[-106.634476,44.227186],[-106.629437,44.227184],[-106.629474,44.22356]]]}},{"type":"Feature","properties":{"q":"NWNW","ac":40.1},"geometry":{"type":"Polygon","coordinates":[[[-106.614353,44.223551],[-106.61434,44.219925],[-106.61938,44.21993],[-106.619398,44.223555],[-106.614353,44.223551]]]}},{"type":"Feature","properties":{"q":"NWNW","ac":39.9},"geometry":{"type":"Polygon","coordinates":[[[-106.639408,44.209077],[-106.634387,44.209071],[-106.6344,44.205448],[-106.639425,44.205454],[-106.639408,44.209077]]]}},{"type":"Feature","properties":{"q":"SWNE","ac":40.0},"geometry":{"type":"Polygon","coordinates":[[[-106.60925,44.2308],[-106.60922,44.234427],[-106.604189,44.234425],[-106.604214,44.230797],[-106.60925,44.2308]]]}},{"type":"Feature","properties":{"q":"SWSE","ac":39.9},"geometry":{"type":"Polygon","coordinates":[[[-106.624347,44.209059],[-106.629367,44.209065],[-106.629394,44.212689],[-106.62437,44.212684],[-106.624347,44.209059]]]}},{"type":"Feature","properties":{"q":"SENE","ac":40.1},"geometry":{"type":"Polygon","coordinates":[[[-106.599179,44.230794],[-106.604214,44.230797],[-106.604189,44.234425],[-106.599159,44.234422],[-106.599179,44.230794]]]}},{"type":"Feature","properties":{"q":"2","ac":39.0},"geometry":{"type":"Polygon","coordinates":[[[-106.629306,44.252471],[-106.624275,44.252458],[-106.624279,44.248926],[-106.629311,44.248928],[-106.629306,44.252471]]]}},{"type":"Feature","properties":{"q":"NWSE","ac":40.0},"geometry":{"type":"Polygon","coordinates":[[[-106.568923,44.241624],[-106.568918,44.245246],[-106.56388,44.245254],[-106.563893,44.241633],[-106.568923,44.241624]]]}},{"type":"Feature","properties":{"q":"SENW","ac":40.1},"geometry":{"type":"Polygon","coordinates":[[[-106.589113,44.230765],[-106.594146,44.230779],[-106.594122,44.234407],[-106.589084,44.234391],[-106.589113,44.230765]]]}},{"type":"Feature","properties":{"q":"SWNW","ac":40.1},"geometry":{"type":"Polygon","coordinates":[[[-106.594146,44.230779],[-106.599179,44.230794],[-106.599159,44.234422],[-106.594122,44.234407],[-106.594146,44.230779]]]}},{"type":"Feature","properties":{"q":"SESE","ac":40.0},"geometry":{"type":"Polygon","coordinates":[[[-106.639408,44.209077],[-106.644437,44.209072],[-106.644473,44.212691],[-106.639443,44.212699],[-106.639408,44.209077]]]}},{"type":"Feature","properties":{"q":"SWSW","ac":40.1},"geometry":{"type":"Polygon","coordinates":[[[-106.614353,44.223551],[-106.619398,44.223555],[-106.619359,44.227181],[-106.614319,44.227177],[-106.614353,44.223551]]]}},{"type":"Feature","properties":{"q":"NWNE","ac":39.9},"geometry":{"type":"Polygon","coordinates":[[[-106.548974,44.220004],[-106.54898,44.223627],[-106.543954,44.223673],[-106.543956,44.220049],[-106.548974,44.220004]]]}},{"type":"Feature","properties":{"q":"NESE","ac":39.9},"geometry":{"type":"Polygon","coordinates":[[[-106.538925,44.212842],[-106.543944,44.2128],[-106.543959,44.216424],[-106.538949,44.216467],[-106.538925,44.212842]]]}},{"type":"Feature","properties":{"q":"NWSW","ac":40.0},"geometry":{"type":"Polygon","coordinates":[[[-106.634476,44.227186],[-106.639515,44.227187],[-106.63948,44.230809],[-106.63444,44.230809],[-106.634476,44.227186]]]}},{"type":"Feature","properties":{"q":"NWNE","ac":39.9},"geometry":{"type":"Polygon","coordinates":[[[-106.624351,44.205435],[-106.629376,44.205441],[-106.629367,44.209065],[-106.624347,44.209059],[-106.624351,44.205435]]]}},{"type":"Feature","properties":{"q":"SESW","ac":39.9},"geometry":{"type":"Polygon","coordinates":[[[-106.553845,44.241692],[-106.548828,44.241742],[-106.548849,44.23812],[-106.553866,44.23807],[-106.553845,44.241692]]]}},{"type":"Feature","properties":{"q":"SENW","ac":40.1},"geometry":{"type":"Polygon","coordinates":[[[-106.649455,44.245245],[-106.654492,44.24522],[-106.654478,44.248847],[-106.649443,44.248883],[-106.649455,44.245245]]]}},{"type":"Feature","properties":{"q":"NENW","ac":39.9},"geometry":{"type":"Polygon","coordinates":[[[-106.574104,44.219875],[-106.574097,44.223499],[-106.569075,44.223512],[-106.569079,44.219888],[-106.574104,44.219875]]]}},{"type":"Feature","properties":{"q":"NENE","ac":40.0},"geometry":{"type":"Polygon","coordinates":[[[-106.599223,44.205396],[-106.604249,44.205404],[-106.604246,44.209031],[-106.599219,44.209024],[-106.599223,44.205396]]]}},{"type":"Feature","properties":{"q":"NWSE","ac":40.0},"geometry":{"type":"Polygon","coordinates":[[[-106.624284,44.241679],[-106.629321,44.241678],[-106.629316,44.2453],[-106.624284,44.245301],[-106.624284,44.241679]]]}},{"type":"Feature","properties":{"q":"SESW","ac":39.9},"geometry":{"type":"Polygon","coordinates":[[[-106.589191,44.209005],[-106.594205,44.209014],[-106.594202,44.212642],[-106.589185,44.212632],[-106.589191,44.209005]]]}},{"type":"Feature","properties":{"q":"NWSW","ac":39.9},"geometry":{"type":"Polygon","coordinates":[[[-106.639367,44.245296],[-106.634342,44.245298],[-106.634355,44.241676],[-106.639389,44.241675],[-106.639367,44.245296]]]}},{"type":"Feature","properties":{"q":"NESE","ac":40.0},"geometry":{"type":"Polygon","coordinates":[[[-106.599134,44.241675],[-106.604161,44.241676],[-106.604157,44.2453],[-106.599129,44.245299],[-106.599134,44.241675]]]}},{"type":"Feature","properties":{"q":"NENW","ac":39.9},"geometry":{"type":"Polygon","coordinates":[[[-106.548882,44.234497],[-106.553901,44.234449],[-106.553866,44.23807],[-106.548849,44.23812],[-106.548882,44.234497]]]}},{"type":"Feature","properties":{"q":"NWSE","ac":39.9},"geometry":{"type":"Polygon","coordinates":[[[-106.543944,44.2128],[-106.548964,44.212757],[-106.548969,44.216381],[-106.543959,44.216424],[-106.543944,44.2128]]]}},{"type":"Feature","properties":{"q":"NENE","ac":40.0},"geometry":{"type":"Polygon","coordinates":[[[-106.644546,44.219929],[-106.644582,44.223549],[-106.639549,44.223565],[-106.639514,44.219943],[-106.644546,44.219929]]]}},{"type":"Feature","properties":{"q":"SESE","ac":39.9},"geometry":{"type":"Polygon","coordinates":[[[-106.558883,44.238021],[-106.563906,44.238012],[-106.563893,44.241633],[-106.558863,44.241642],[-106.558883,44.238021]]]}},{"type":"Feature","properties":{"q":"SESE","ac":40.0},"geometry":{"type":"Polygon","coordinates":[[[-106.538901,44.209217],[-106.54393,44.209175],[-106.543944,44.2128],[-106.538925,44.212842],[-106.538901,44.209217]]]}},{"type":"Feature","properties":{"q":"NWNW","ac":40.0},"geometry":{"type":"Polygon","coordinates":[[[-106.574097,44.223499],[-106.574104,44.219875],[-106.57913,44.219861],[-106.579119,44.223486],[-106.574097,44.223499]]]}},{"type":"Feature","properties":{"q":"NWNW","ac":40.0},"geometry":{"type":"Polygon","coordinates":[[[-106.594197,44.219897],[-106.59922,44.219909],[-106.59922,44.223537],[-106.594195,44.223524],[-106.594197,44.219897]]]}},{"type":"Feature","properties":{"q":"NENE","ac":40.0},"geometry":{"type":"Polygon","coordinates":[[[-106.639446,44.234431],[-106.644479,44.234409],[-106.644445,44.238028],[-106.639411,44.238053],[-106.639446,44.234431]]]}},{"type":"Feature","properties":{"q":"SENW","ac":40.0},"geometry":{"type":"Polygon","coordinates":[[[-106.63448,44.21994],[-106.629447,44.219937],[-106.629421,44.216313],[-106.634449,44.216317],[-106.63448,44.21994]]]}},{"type":"Feature","properties":{"q":"NWNW","ac":40.0},"geometry":{"type":"Polygon","coordinates":[[[-106.63448,44.21994],[-106.639514,44.219943],[-106.639549,44.223565],[-106.634511,44.223563],[-106.63448,44.21994]]]}},{"type":"Feature","properties":{"q":"SESE","ac":40.0},"geometry":{"type":"Polygon","coordinates":[[[-106.639411,44.238053],[-106.644445,44.238028],[-106.644428,44.241649],[-106.639389,44.241675],[-106.639411,44.238053]]]}},{"type":"Feature","properties":{"q":"NENE","ac":40.0},"geometry":{"type":"Polygon","coordinates":[[[-106.639425,44.205454],[-106.644454,44.20545],[-106.644437,44.209072],[-106.639408,44.209077],[-106.639425,44.205454]]]}},{"type":"Feature","properties":{"q":"NENE","ac":39.9},"geometry":{"type":"Polygon","coordinates":[[[-106.538938,44.220093],[-106.543956,44.220049],[-106.543954,44.223673],[-106.538928,44.223718],[-106.538938,44.220093]]]}},{"type":"Feature","properties":{"q":"SWSE","ac":39.9},"geometry":{"type":"Polygon","coordinates":[[[-106.543833,44.238169],[-106.548849,44.23812],[-106.548828,44.241742],[-106.5438,44.241792],[-106.543833,44.238169]]]}},{"type":"Feature","properties":{"q":"NWSE","ac":40.0},"geometry":{"type":"Polygon","coordinates":[[[-106.609188,44.241677],[-106.609185,44.245301],[-106.604157,44.2453],[-106.604161,44.241676],[-106.609188,44.241677]]]}},{"type":"Feature","properties":{"q":"NENW","ac":40.0},"geometry":{"type":"Polygon","coordinates":[[[-106.569081,44.205394],[-106.574111,44.205377],[-106.574126,44.209001],[-106.569089,44.209017],[-106.569081,44.205394]]]}}]}