{"type":"FeatureCollection","note":"BLM Public Land Survey System. Provided by the Bureau of Land Management as is. These data are neither legal documents nor land surveys and must not be used as such.","features":[{"type":"Feature","properties":{"q":"2","ac":38.0},"geometry":{"type":"Polygon","coordinates":[[[-107.339253,43.221787],[-107.339281,43.224541],[-107.334596,43.224474],[-107.33458,43.220829],[-107.339243,43.220893],[-107.339253,43.221787]]]}},{"type":"Feature","properties":{"q":"SWNW","ac":39.4},"geometry":{"type":"Polygon","coordinates":[[[-107.275024,43.292565],[-107.279924,43.292579],[-107.279831,43.296199],[-107.274978,43.296194],[-107.275024,43.292565]]]}},{"type":"Feature","properties":{"q":"NWNE","ac":41.5},"geometry":{"type":"Polygon","coordinates":[[[-107.290256,43.223856],[-107.290258,43.227471],[-107.285125,43.227304],[-107.285112,43.223684],[-107.290256,43.223856]]]}},{"type":"Feature","properties":{"q":"SWNE","ac":38.8},"geometry":{"type":"Polygon","coordinates":[[[-107.305448,43.278366],[-107.310202,43.278358],[-107.310148,43.281977],[-107.305274,43.28199],[-107.305448,43.278366]]]}},{"type":"Feature","properties":{"q":"SWNE","ac":39.5},"geometry":{"type":"Polygon","coordinates":[[[-107.324885,43.278463],[-107.32982,43.278585],[-107.32985,43.282185],[-107.324934,43.282068],[-107.324885,43.278463]]]}},{"type":"Feature","properties":{"q":"7","ac":35.8},"geometry":{"type":"Polygon","coordinates":[[[-107.31513,43.260461],[-107.315189,43.256846],[-107.319595,43.256866],[-107.319598,43.260482],[-107.31513,43.260461]]]}},{"type":"Feature","properties":{"q":"SWNE","ac":40.3},"geometry":{"type":"Polygon","coordinates":[[[-107.290892,43.263816],[-107.290829,43.267426],[-107.285812,43.267336],[-107.285896,43.263722],[-107.290892,43.263816]]]}},{"type":"Feature","properties":{"q":"SWSE","ac":39.5},"geometry":{"type":"Polygon","coordinates":[[[-107.30539,43.22783],[-107.310258,43.227854],[-107.31034,43.23149],[-107.305461,43.231464],[-107.30539,43.22783]]]}},{"type":"Feature","properties":{"q":"5","ac":36.7},"geometry":{"type":"Polygon","coordinates":[[[-107.33935,43.2932],[-107.339356,43.293984],[-107.33938,43.296768],[-107.334769,43.296692],[-107.334744,43.293111],[-107.33935,43.2932]]]}},{"type":"Feature","properties":{"q":"NWNE","ac":38.7},"geometry":{"type":"Polygon","coordinates":[[[-107.285903,43.252781],[-107.290936,43.252821],[-107.291022,43.256241],[-107.286071,43.256315],[-107.285903,43.252781]]]}},{"type":"Feature","properties":{"q":"SENE","ac":39.5},"geometry":{"type":"Polygon","coordinates":[[[-107.30067,43.2387],[-107.300645,43.235069],[-107.305535,43.235097],[-107.305589,43.238692],[-107.30067,43.2387]]]}},{"type":"Feature","properties":{"q":"NWSW","ac":38.5},"geometry":{"type":"Polygon","coordinates":[[[-107.31986,43.274767],[-107.31995,43.27834],[-107.315076,43.278349],[-107.315057,43.274773],[-107.31986,43.274767]]]}},{"type":"Feature","properties":{"q":"SWNW","ac":40.1},"geometry":{"type":"Polygon","coordinates":[[[-107.320209,43.220631],[-107.3201,43.224268],[-107.315175,43.22425],[-107.315225,43.220621],[-107.320209,43.220631]]]}},{"type":"Feature","properties":{"q":"NENE","ac":39.3},"geometry":{"type":"Polygon","coordinates":[[[-107.3201,43.224268],[-107.324924,43.224336],[-107.324864,43.227975],[-107.319991,43.227905],[-107.3201,43.224268]]]}},{"type":"Feature","properties":{"q":"SESW","ac":39.3},"geometry":{"type":"Polygon","coordinates":[[[-107.334767,43.242545],[-107.334685,43.246169],[-107.329815,43.246126],[-107.329894,43.24251],[-107.334767,43.242545]]]}},{"type":"Feature","properties":{"q":"SWNW","ac":40.0},"geometry":{"type":"Polygon","coordinates":[[[-107.295846,43.263909],[-107.3008,43.264001],[-107.300823,43.267603],[-107.295826,43.267515],[-107.295846,43.263909]]]}},{"type":"Feature","properties":{"q":"SESE","ac":36.4},"geometry":{"type":"Polygon","coordinates":[[[-107.30197,43.256788],[-107.306376,43.256808],[-107.306024,43.260417],[-107.301385,43.260395],[-107.30197,43.256788]]]}},{"type":"Feature","properties":{"q":"SESW","ac":40.4},"geometry":{"type":"Polygon","coordinates":[[[-107.334633,43.260668],[-107.329623,43.260604],[-107.329578,43.256983],[-107.334569,43.257047],[-107.334633,43.260668]]]}},{"type":"Feature","properties":{"q":"NWSE","ac":39.8},"geometry":{"type":"Polygon","coordinates":[[[-107.324868,43.2316],[-107.329777,43.231659],[-107.329816,43.235275],[-107.324872,43.235226],[-107.324868,43.2316]]]}},{"type":"Feature","properties":{"q":"NENE","ac":39.7},"geometry":{"type":"Polygon","coordinates":[[[-107.324764,43.271297],[-107.319769,43.271194],[-107.319685,43.267646],[-107.324699,43.26773],[-107.324764,43.271297]]]}},{"type":"Feature","properties":{"q":"2","ac":37.1},"geometry":{"type":"Polygon","coordinates":[[[-107.315055,43.267636],[-107.319685,43.267646],[-107.319769,43.271194],[-107.315038,43.271197],[-107.315055,43.267636]]]}},{"type":"Feature","properties":{"q":"SWSW","ac":39.1},"geometry":{"type":"Polygon","coordinates":[[[-107.275342,43.24186],[-107.280126,43.241795],[-107.280374,43.245444],[-107.275529,43.245489],[-107.275342,43.24186]]]}},{"type":"Feature","properties":{"q":"NWSW","ac":40.0},"geometry":{"type":"Polygon","coordinates":[[[-107.315225,43.217023],[-107.320216,43.217033],[-107.320209,43.220631],[-107.315225,43.220621],[-107.315225,43.217023]]]}},{"type":"Feature","properties":{"q":"SESE","ac":38.5},"geometry":{"type":"Polygon","coordinates":[[[-107.260988,43.242055],[-107.265773,43.24199],[-107.265826,43.24558],[-107.260968,43.245625],[-107.260988,43.242055]]]}},{"type":"Feature","properties":{"q":"NWNW","ac":40.5},"geometry":{"type":"Polygon","coordinates":[[[-107.260549,43.270852],[-107.255518,43.270869],[-107.255619,43.267258],[-107.260664,43.267241],[-107.260549,43.270852]]]}},{"type":"Feature","properties":{"q":"NENE","ac":40.4},"geometry":{"type":"Polygon","coordinates":[[[-107.2202,43.238387],[-107.225246,43.238318],[-107.225278,43.241888],[-107.220245,43.242013],[-107.2202,43.238387]]]}},{"type":"Feature","properties":{"q":"NENE","ac":41.1},"geometry":{"type":"Polygon","coordinates":[[[-107.220013,43.223886],[-107.225107,43.223882],[-107.225148,43.227495],[-107.220062,43.227509],[-107.220013,43.223886]]]}},{"type":"Feature","properties":{"q":"NESE","ac":40.7},"geometry":{"type":"Polygon","coordinates":[[[-107.240437,43.231082],[-107.245457,43.231109],[-107.245518,43.234733],[-107.240468,43.234709],[-107.240437,43.231082]]]}},{"type":"Feature","properties":{"q":"NWSE","ac":41.0},"geometry":{"type":"Polygon","coordinates":[[[-107.250771,43.245622],[-107.250792,43.249227],[-107.245716,43.249243],[-107.245675,43.245621],[-107.250771,43.245622]]]}},{"type":"Feature","properties":{"q":"SWSW","ac":40.3},"geometry":{"type":"Polygon","coordinates":[[[-107.255373,43.22755],[-107.260361,43.22758],[-107.26052,43.231191],[-107.255498,43.231163],[-107.255373,43.22755]]]}},{"type":"Feature","properties":{"q":"SENE","ac":39.9},"geometry":{"type":"Polygon","coordinates":[[[-107.265879,43.249169],[-107.265957,43.252786],[-107.260978,43.252801],[-107.260948,43.249195],[-107.265879,43.249169]]]}},{"type":"Feature","properties":{"q":"NWSE","ac":40.3},"geometry":{"type":"Polygon","coordinates":[[[-107.245323,43.278124],[-107.24539,43.274513],[-107.250408,43.274497],[-107.25033,43.278108],[-107.245323,43.278124]]]}},{"type":"Feature","properties":{"q":"1","ac":40.4},"geometry":{"type":"Polygon","coordinates":[[[-107.240257,43.296191],[-107.245249,43.296172],[-107.245268,43.299802],[-107.240709,43.29982],[-107.24027,43.299822],[-107.240257,43.296191]]]}},{"type":"Feature","properties":{"q":"SESE","ac":39.5},"geometry":{"type":"Polygon","coordinates":[[[-107.260298,43.213197],[-107.265289,43.213225],[-107.265284,43.216743],[-107.260314,43.216792],[-107.260298,43.213197]]]}},{"type":"Feature","properties":{"q":"SENW","ac":40.0},"geometry":{"type":"Polygon","coordinates":[[[-107.255198,43.292536],[-107.255218,43.296143],[-107.250242,43.296153],[-107.250219,43.292551],[-107.255198,43.292536]]]}},{"type":"Feature","properties":{"q":"NENE","ac":41.3},"geometry":{"type":"Polygon","coordinates":[[[-107.245634,43.241998],[-107.240518,43.24198],[-107.240493,43.238344],[-107.245576,43.238366],[-107.245634,43.241998]]]}},{"type":"Feature","properties":{"q":"SESW","ac":39.9},"geometry":{"type":"Polygon","coordinates":[[[-107.290759,43.245844],[-107.29067,43.242288],[-107.295682,43.242309],[-107.29572,43.245929],[-107.290759,43.245844]]]}},{"type":"Feature","properties":{"q":"SENW","ac":40.4},"geometry":{"type":"Polygon","coordinates":[[[-107.275383,43.278097],[-107.27525,43.281714],[-107.270247,43.281705],[-107.270371,43.27809],[-107.275383,43.278097]]]}},{"type":"Feature","properties":{"q":"NENE","ac":40.2},"geometry":{"type":"Polygon","coordinates":[[[-107.324586,43.256924],[-107.319595,43.256866],[-107.319694,43.253253],[-107.324675,43.253308],[-107.324586,43.256924]]]}},{"type":"Feature","properties":{"q":"4","ac":38.7},"geometry":{"type":"Polygon","coordinates":[[[-107.339379,43.257935],[-107.339441,43.260728],[-107.334633,43.260668],[-107.334569,43.257047],[-107.339362,43.257108],[-107.339379,43.257935]]]}},{"type":"Feature","properties":{"q":"NESE","ac":39.9},"geometry":{"type":"Polygon","coordinates":[[[-107.319958,43.231541],[-107.324868,43.2316],[-107.324872,43.235226],[-107.319928,43.235176],[-107.319958,43.231541]]]}},{"type":"Feature","properties":{"q":"4","ac":36.4},"geometry":{"type":"Polygon","coordinates":[[[-107.310544,43.264052],[-107.315072,43.264076],[-107.315055,43.267636],[-107.310426,43.267626],[-107.310544,43.264052]]]}},{"type":"Feature","properties":{"q":"SENW","ac":39.7},"geometry":{"type":"Polygon","coordinates":[[[-107.275203,43.23445],[-107.275272,43.238155],[-107.270461,43.238247],[-107.270365,43.234569],[-107.275203,43.23445]]]}},{"type":"Feature","properties":{"q":"SESE","ac":39.5},"geometry":{"type":"Polygon","coordinates":[[[-107.300523,43.227805],[-107.30539,43.22783],[-107.305461,43.231464],[-107.300583,43.231437],[-107.300523,43.227805]]]}},{"type":"Feature","properties":{"q":"NESW","ac":39.3},"geometry":{"type":"Polygon","coordinates":[[[-107.290253,43.220242],[-107.290251,43.216793],[-107.29528,43.216889],[-107.295317,43.220417],[-107.290253,43.220242]]]}},{"type":"Feature","properties":{"q":"SESE","ac":40.0},"geometry":{"type":"Polygon","coordinates":[[[-107.300237,43.213378],[-107.305231,43.213397],[-107.305271,43.216999],[-107.300322,43.216984],[-107.300308,43.216984],[-107.300237,43.213378]]]}},{"type":"Feature","properties":{"q":"SESW","ac":40.5},"geometry":{"type":"Polygon","coordinates":[[[-107.290108,43.285486],[-107.295106,43.285559],[-107.295158,43.289186],[-107.290132,43.289111],[-107.290108,43.285486]]]}},{"type":"Feature","properties":{"q":"NWNW","ac":41.2},"geometry":{"type":"Polygon","coordinates":[[[-107.300694,43.242331],[-107.295682,43.242309],[-107.295617,43.238598],[-107.30067,43.2387],[-107.300694,43.242331]]]}},{"type":"Feature","properties":{"q":"SESW","ac":39.4},"geometry":{"type":"Polygon","coordinates":[[[-107.329881,43.285785],[-107.334779,43.285895],[-107.334762,43.289503],[-107.329877,43.289401],[-107.329881,43.285785]]]}},{"type":"Feature","properties":{"q":"SWSW","ac":40.6},"geometry":{"type":"Polygon","coordinates":[[[-107.30068,43.246013],[-107.29572,43.245929],[-107.295682,43.242309],[-107.300694,43.242331],[-107.30068,43.246013]]]}},{"type":"Feature","properties":{"q":"NWSW","ac":39.6},"geometry":{"type":"Polygon","coordinates":[[[-107.275529,43.245489],[-107.280374,43.245444],[-107.280623,43.249093],[-107.275716,43.249118],[-107.275529,43.245489]]]}},{"type":"Feature","properties":{"q":"NENE","ac":39.9},"geometry":{"type":"Polygon","coordinates":[[[-107.319959,43.238794],[-107.324907,43.238844],[-107.324942,43.242461],[-107.31999,43.242412],[-107.319959,43.238794]]]}},{"type":"Feature","properties":{"q":"SESE","ac":41.4},"geometry":{"type":"Polygon","coordinates":[[[-107.285125,43.227304],[-107.285187,43.230911],[-107.280016,43.230734],[-107.279993,43.227138],[-107.285125,43.227304]]]}},{"type":"Feature","properties":{"q":"NWSE","ac":41.1},"geometry":{"type":"Polygon","coordinates":[[[-107.28504,43.292658],[-107.285075,43.289036],[-107.290132,43.289111],[-107.290156,43.292736],[-107.28504,43.292658]]]}},{"type":"Feature","properties":{"q":"NESE","ac":39.8},"geometry":{"type":"Polygon","coordinates":[[[-107.30038,43.220591],[-107.300308,43.216984],[-107.300322,43.216984],[-107.305271,43.216999],[-107.305311,43.220601],[-107.300395,43.220591],[-107.30038,43.220591]]]}},{"type":"Feature","properties":{"q":"NWNE","ac":38.0},"geometry":{"type":"Polygon","coordinates":[[[-107.305577,43.271202],[-107.305624,43.267615],[-107.310426,43.267626],[-107.310308,43.2712],[-107.305577,43.271202]]]}},{"type":"Feature","properties":{"q":"NWNW","ac":39.8},"geometry":{"type":"Polygon","coordinates":[[[-107.275342,43.24186],[-107.275272,43.238155],[-107.280083,43.238064],[-107.280126,43.241795],[-107.275342,43.24186]]]}},{"type":"Feature","properties":{"q":"1","ac":40.4},"geometry":{"type":"Polygon","coordinates":[[[-107.260587,43.299783],[-107.260213,43.29978],[-107.260195,43.296132],[-107.26516,43.296161],[-107.265169,43.299826],[-107.260587,43.299783]]]}},{"type":"Feature","properties":{"q":"NENE","ac":40.0},"geometry":{"type":"Polygon","coordinates":[[[-107.240387,43.223864],[-107.245377,43.223895],[-107.245395,43.227489],[-107.240406,43.227459],[-107.240387,43.223864]]]}},{"type":"Feature","properties":{"q":"NWNE","ac":41.0},"geometry":{"type":"Polygon","coordinates":[[[-107.230234,43.227485],[-107.225148,43.227495],[-107.225107,43.223882],[-107.2302,43.223877],[-107.230234,43.227485]]]}},{"type":"Feature","properties":{"q":"NWSW","ac":40.3},"geometry":{"type":"Polygon","coordinates":[[[-107.255427,43.27448],[-107.260446,43.274464],[-107.260343,43.278075],[-107.255336,43.278092],[-107.255427,43.27448]]]}},{"type":"Feature","properties":{"q":"SESW","ac":41.0},"geometry":{"type":"Polygon","coordinates":[[[-107.250771,43.245622],[-107.25075,43.242017],[-107.255869,43.242036],[-107.255869,43.245624],[-107.250771,43.245622]]]}},{"type":"Feature","properties":{"q":"SWNE","ac":40.0},"geometry":{"type":"Polygon","coordinates":[[[-107.27081,43.249144],[-107.270937,43.252771],[-107.265957,43.252786],[-107.265879,43.249169],[-107.27081,43.249144]]]}},{"type":"Feature","properties":{"q":"SWSE","ac":40.4},"geometry":{"type":"Polygon","coordinates":[[[-107.230354,43.270894],[-107.230327,43.2745],[-107.225305,43.274485],[-107.225319,43.270881],[-107.230354,43.270894]]]}},{"type":"Feature","properties":{"q":"NWNE","ac":40.3},"geometry":{"type":"Polygon","coordinates":[[[-107.265243,43.281696],[-107.270247,43.281705],[-107.270123,43.28532],[-107.265129,43.285309],[-107.265243,43.281696]]]}},{"type":"Feature","properties":{"q":"NENE","ac":40.5},"geometry":{"type":"Polygon","coordinates":[[[-107.260664,43.267241],[-107.265697,43.267242],[-107.265584,43.270855],[-107.260549,43.270852],[-107.260664,43.267241]]]}},{"type":"Feature","properties":{"q":"NESW","ac":40.3},"geometry":{"type":"Polygon","coordinates":[[[-107.25033,43.278108],[-107.250408,43.274497],[-107.255427,43.27448],[-107.255336,43.278092],[-107.25033,43.278108]]]}},{"type":"Feature","properties":{"q":"NWNW","ac":40.1},"geometry":{"type":"Polygon","coordinates":[[[-107.235268,43.28173],[-107.240263,43.28175],[-107.240209,43.28536],[-107.235228,43.285338],[-107.235268,43.28173]]]}},{"type":"Feature","properties":{"q":"SESW","ac":41.3},"geometry":{"type":"Polygon","coordinates":[[[-107.290357,43.231088],[-107.290258,43.227471],[-107.29539,43.227638],[-107.29547,43.231263],[-107.290357,43.231088]]]}},{"type":"Feature","properties":{"q":"NESW","ac":40.4},"geometry":{"type":"Polygon","coordinates":[[[-107.270495,43.274474],[-107.275518,43.274479],[-107.275383,43.278097],[-107.270371,43.27809],[-107.270495,43.274474]]]}},{"type":"Feature","properties":{"q":"NWSE","ac":41.3},"geometry":{"type":"Polygon","coordinates":[[[-107.310689,43.249666],[-107.305678,43.249681],[-107.30566,43.245984],[-107.31064,43.245955],[-107.310689,43.249666]]]}},{"type":"Feature","properties":{"q":"SWNE","ac":38.7},"geometry":{"type":"Polygon","coordinates":[[[-107.305678,43.249681],[-107.310689,43.249666],[-107.310736,43.253247],[-107.306027,43.253244],[-107.305678,43.249681]]]}},{"type":"Feature","properties":{"q":"1","ac":43.9},"geometry":{"type":"Polygon","coordinates":[[[-107.280083,43.238064],[-107.285323,43.23828],[-107.285398,43.242041],[-107.280126,43.241795],[-107.280083,43.238064]]]}},{"type":"Feature","properties":{"q":"1","ac":40.3},"geometry":{"type":"Polygon","coordinates":[[[-107.324949,43.300199],[-107.324647,43.300196],[-107.320031,43.300158],[-107.320045,43.296459],[-107.324958,43.296536],[-107.324949,43.300199]]]}},{"type":"Feature","properties":{"q":"6","ac":36.3},"geometry":{"type":"Polygon","coordinates":[[[-107.31513,43.260461],[-107.319598,43.260482],[-107.319601,43.264099],[-107.315072,43.264076],[-107.31513,43.260461]]]}},{"type":"Feature","properties":{"q":"NWSW","ac":40.7},"geometry":{"type":"Polygon","coordinates":[[[-107.295158,43.289186],[-107.300183,43.28926],[-107.300262,43.292889],[-107.295209,43.292812],[-107.295158,43.289186]]]}},{"type":"Feature","properties":{"q":"NESW","ac":39.0},"geometry":{"type":"Polygon","coordinates":[[[-107.329777,43.231659],[-107.334632,43.23172],[-107.334652,43.235322],[-107.329816,43.235275],[-107.329777,43.231659]]]}},{"type":"Feature","properties":{"q":"2","ac":44.2},"geometry":{"type":"Polygon","coordinates":[[[-107.290564,43.238496],[-107.29067,43.242288],[-107.285398,43.242041],[-107.285323,43.23828],[-107.290564,43.238496]]]}},{"type":"Feature","properties":{"q":"NESE","ac":41.6},"geometry":{"type":"Polygon","coordinates":[[[-107.285736,43.249247],[-107.280623,43.249093],[-107.280374,43.245444],[-107.285567,43.245644],[-107.285736,43.249247]]]}},{"type":"Feature","properties":{"q":"NWSE","ac":39.6},"geometry":{"type":"Polygon","coordinates":[[[-107.31034,43.23149],[-107.310425,43.235124],[-107.305535,43.235097],[-107.305461,43.231464],[-107.31034,43.23149]]]}},{"type":"Feature","properties":{"q":"NENW","ac":39.5},"geometry":{"type":"Polygon","coordinates":[[[-107.275086,43.223629],[-107.275085,43.227248],[-107.270177,43.227359],[-107.270203,43.223747],[-107.275086,43.223629]]]}},{"type":"Feature","properties":{"q":"2","ac":40.5},"geometry":{"type":"Polygon","coordinates":[[[-107.305269,43.296506],[-107.310202,43.296495],[-107.310239,43.300194],[-107.309979,43.300194],[-107.305324,43.300199],[-107.305269,43.296506]]]}},{"type":"Feature","properties":{"q":"4","ac":35.7},"geometry":{"type":"Polygon","coordinates":[[[-107.315215,43.25325],[-107.319694,43.253253],[-107.319595,43.256866],[-107.315189,43.256846],[-107.315215,43.25325]]]}},{"type":"Feature","properties":{"q":"NESW","ac":42.5},"geometry":{"type":"Polygon","coordinates":[[[-107.290957,43.260028],[-107.296171,43.260212],[-107.295846,43.263909],[-107.290892,43.263816],[-107.290957,43.260028]]]}},{"type":"Feature","properties":{"q":"SWSW","ac":40.5},"geometry":{"type":"Polygon","coordinates":[[[-107.300183,43.28926],[-107.295158,43.289186],[-107.295106,43.285559],[-107.300105,43.285631],[-107.300183,43.28926]]]}},{"type":"Feature","properties":{"q":"SESW","ac":40.5},"geometry":{"type":"Polygon","coordinates":[[[-107.271064,43.256398],[-107.276091,43.256394],[-107.275981,43.260011],[-107.270952,43.260014],[-107.271064,43.256398]]]}},{"type":"Feature","properties":{"q":"NESE","ac":40.1},"geometry":{"type":"Polygon","coordinates":[[[-107.300183,43.28926],[-107.305157,43.289244],[-107.305214,43.292874],[-107.300262,43.292889],[-107.300183,43.28926]]]}},{"type":"Feature","properties":{"q":"NESE","ac":40.1},"geometry":{"type":"Polygon","coordinates":[[[-107.245231,43.292566],[-107.240244,43.292581],[-107.240227,43.288971],[-107.245211,43.288956],[-107.245231,43.292566]]]}},{"type":"Feature","properties":{"q":"NWSE","ac":38.5},"geometry":{"type":"Polygon","coordinates":[[[-107.265284,43.216743],[-107.270255,43.216694],[-107.270229,43.220134],[-107.265279,43.220261],[-107.265284,43.216743]]]}},{"type":"Feature","properties":{"q":"SWNW","ac":40.9},"geometry":{"type":"Polygon","coordinates":[[[-107.235267,43.220271],[-107.240368,43.220269],[-107.240387,43.223864],[-107.235294,43.223873],[-107.235267,43.220271]]]}},{"type":"Feature","properties":{"q":"SWNE","ac":39.7},"geometry":{"type":"Polygon","coordinates":[[[-107.225258,43.2925],[-107.230243,43.292527],[-107.230242,43.296091],[-107.225256,43.296082],[-107.225258,43.2925]]]}},{"type":"Feature","properties":{"q":"SENW","ac":40.7},"geometry":{"type":"Polygon","coordinates":[[[-107.25066,43.263665],[-107.255719,43.263647],[-107.255619,43.267258],[-107.250573,43.267275],[-107.25066,43.263665]]]}},{"type":"Feature","properties":{"q":"SWNW","ac":40.2},"geometry":{"type":"Polygon","coordinates":[[[-107.235308,43.278123],[-107.240317,43.27814],[-107.240263,43.28175],[-107.235268,43.28173],[-107.235308,43.278123]]]}},{"type":"Feature","properties":{"q":"SESW","ac":40.1},"geometry":{"type":"Polygon","coordinates":[[[-107.235228,43.285338],[-107.235236,43.288946],[-107.230244,43.288922],[-107.230246,43.285316],[-107.235228,43.285338]]]}},{"type":"Feature","properties":{"q":"SWSE","ac":40.0},"geometry":{"type":"Polygon","coordinates":[[[-107.225264,43.285294],[-107.230246,43.285316],[-107.230244,43.288922],[-107.225261,43.288897],[-107.225264,43.285294]]]}},{"type":"Feature","properties":{"q":"NWNW","ac":40.0},"geometry":{"type":"Polygon","coordinates":[[[-107.255373,43.22755],[-107.255356,43.223954],[-107.260345,43.223984],[-107.260361,43.22758],[-107.255373,43.22755]]]}},{"type":"Feature","properties":{"q":"NWSW","ac":40.3},"geometry":{"type":"Polygon","coordinates":[[[-107.240317,43.27814],[-107.235308,43.278123],[-107.235349,43.274515],[-107.240371,43.274529],[-107.240317,43.27814]]]}},{"type":"Feature","properties":{"q":"SWSW","ac":40.8},"geometry":{"type":"Polygon","coordinates":[[[-107.235528,43.260084],[-107.235575,43.256476],[-107.240657,43.256479],[-107.240599,43.260089],[-107.235528,43.260084]]]}},{"type":"Feature","properties":{"q":"SENE","ac":40.1},"geometry":{"type":"Polygon","coordinates":[[[-107.260177,43.292521],[-107.26515,43.292536],[-107.26516,43.296161],[-107.260195,43.296132],[-107.260177,43.292521]]]}},{"type":"Feature","properties":{"q":"4","ac":37.4},"geometry":{"type":"Polygon","coordinates":[[[-107.334558,43.213614],[-107.339189,43.213674],[-107.339198,43.214553],[-107.339216,43.217284],[-107.334569,43.217222],[-107.334558,43.213614]]]}},{"type":"Feature","properties":{"q":"SESW","ac":40.3},"geometry":{"type":"Polygon","coordinates":[[[-107.310095,43.285597],[-107.31509,43.285579],[-107.315101,43.289211],[-107.310131,43.289228],[-107.310095,43.285597]]]}},{"type":"Feature","properties":{"q":"2","ac":37.6},"geometry":{"type":"Polygon","coordinates":[[[-107.334652,43.235322],[-107.339317,43.235368],[-107.339336,43.236297],[-107.339391,43.238974],[-107.33471,43.238934],[-107.334652,43.235322]]]}},{"type":"Feature","properties":{"q":"SENE","ac":38.5},"geometry":{"type":"Polygon","coordinates":[[[-107.301318,43.253242],[-107.300666,43.249695],[-107.305678,43.249681],[-107.306027,43.253244],[-107.301318,43.253242]]]}},{"type":"Feature","properties":{"q":"NESW","ac":41.0},"geometry":{"type":"Polygon","coordinates":[[[-107.295566,43.278306],[-107.290438,43.278238],[-107.290603,43.274637],[-107.295686,43.274713],[-107.295566,43.278306]]]}},{"type":"Feature","properties":{"q":"1","ac":38.0},"geometry":{"type":"Polygon","coordinates":[[[-107.285178,43.216695],[-107.2851,43.220063],[-107.279946,43.219885],[-107.280104,43.216598],[-107.285178,43.216695]]]}},{"type":"Feature","properties":{"q":"SESW","ac":40.2},"geometry":{"type":"Polygon","coordinates":[[[-107.329759,43.271401],[-107.334751,43.271505],[-107.334818,43.275108],[-107.329789,43.274993],[-107.329759,43.271401]]]}},{"type":"Feature","properties":{"q":"SENW","ac":41.2},"geometry":{"type":"Polygon","coordinates":[[[-107.290438,43.278238],[-107.295566,43.278306],[-107.295336,43.281933],[-107.290273,43.281862],[-107.290438,43.278238]]]}},{"type":"Feature","properties":{"q":"NESW","ac":38.6},"geometry":{"type":"Polygon","coordinates":[[[-107.310255,43.274779],[-107.315057,43.274773],[-107.315076,43.278349],[-107.310202,43.278358],[-107.310255,43.274779]]]}},{"type":"Feature","properties":{"q":"NESW","ac":39.4},"geometry":{"type":"Polygon","coordinates":[[[-107.275529,43.245489],[-107.275716,43.249118],[-107.27081,43.249144],[-107.270683,43.245534],[-107.275529,43.245489]]]}},{"type":"Feature","properties":{"q":"1","ac":37.7},"geometry":{"type":"Polygon","coordinates":[[[-107.33471,43.238934],[-107.339391,43.238974],[-107.33941,43.239878],[-107.339464,43.242579],[-107.334767,43.242545],[-107.33471,43.238934]]]}},{"type":"Feature","properties":{"q":"SENE","ac":39.9},"geometry":{"type":"Polygon","coordinates":[[[-107.324872,43.235226],[-107.324907,43.238844],[-107.319959,43.238794],[-107.319928,43.235176],[-107.324872,43.235226]]]}},{"type":"Feature","properties":{"q":"2","ac":36.3},"geometry":{"type":"Polygon","coordinates":[[[-107.280104,43.216598],[-107.279946,43.219885],[-107.275088,43.22001],[-107.275179,43.216646],[-107.280104,43.216598]]]}},{"type":"Feature","properties":{"q":"NWSW","ac":40.1},"geometry":{"type":"Polygon","coordinates":[[[-107.320072,43.289195],[-107.320059,43.292827],[-107.315113,43.292843],[-107.315101,43.289211],[-107.320072,43.289195]]]}},{"type":"Feature","properties":{"q":"SESE","ac":40.0},"geometry":{"type":"Polygon","coordinates":[[[-107.319891,43.246026],[-107.31999,43.242412],[-107.324942,43.242461],[-107.324853,43.246076],[-107.319891,43.246026]]]}},{"type":"Feature","properties":{"q":"SESW","ac":39.2},"geometry":{"type":"Polygon","coordinates":[[[-107.310258,43.227854],[-107.315125,43.227879],[-107.315149,43.231516],[-107.31034,43.23149],[-107.310258,43.227854]]]}},{"type":"Feature","properties":{"q":"SWSW","ac":40.5},"geometry":{"type":"Polygon","coordinates":[[[-107.300846,43.271205],[-107.30077,43.27479],[-107.295686,43.274713],[-107.295806,43.27112],[-107.300846,43.271205]]]}},{"type":"Feature","properties":{"q":"NESW","ac":39.3},"geometry":{"type":"Polygon","coordinates":[[[-107.329815,43.246126],[-107.334685,43.246169],[-107.334602,43.249792],[-107.329736,43.249742],[-107.329815,43.246126]]]}},{"type":"Feature","properties":{"q":"SWNE","ac":39.3},"geometry":{"type":"Polygon","coordinates":[[[-107.290849,43.249401],[-107.290936,43.252821],[-107.285903,43.252781],[-107.285736,43.249247],[-107.290849,43.249401]]]}},{"type":"Feature","properties":{"q":"SENE","ac":43.6},"geometry":{"type":"Polygon","coordinates":[[[-107.28004,43.234332],[-107.285249,43.234519],[-107.285323,43.23828],[-107.280083,43.238064],[-107.28004,43.234332]]]}},{"type":"Feature","properties":{"q":"7","ac":37.4},"geometry":{"type":"Polygon","coordinates":[[[-107.334779,43.285895],[-107.339455,43.285999],[-107.339443,43.286828],[-107.339402,43.2896],[-107.334762,43.289503],[-107.334779,43.285895]]]}},{"type":"Feature","properties":{"q":"SESE","ac":40.5},"geometry":{"type":"Polygon","coordinates":[[[-107.281119,43.25639],[-107.286071,43.256315],[-107.285983,43.260019],[-107.28101,43.260009],[-107.281119,43.25639]]]}},{"type":"Feature","properties":{"q":"NWNE","ac":40.5},"geometry":{"type":"Polygon","coordinates":[[[-107.285812,43.267336],[-107.290829,43.267426],[-107.290767,43.271035],[-107.285728,43.27095],[-107.285812,43.267336]]]}},{"type":"Feature","properties":{"q":"NWNW","ac":40.7},"geometry":{"type":"Polygon","coordinates":[[[-107.295106,43.285559],[-107.295336,43.281933],[-107.3004,43.282003],[-107.300105,43.285631],[-107.295106,43.285559]]]}},{"type":"Feature","properties":{"q":"5","ac":44.0},"geometry":{"type":"Polygon","coordinates":[[[-107.285249,43.234519],[-107.290458,43.234705],[-107.290564,43.238496],[-107.285323,43.23828],[-107.285249,43.234519]]]}},{"type":"Feature","properties":{"q":"SWNW","ac":40.6},"geometry":{"type":"Polygon","coordinates":[[[-107.280901,43.263628],[-107.280794,43.267246],[-107.275762,43.267245],[-107.275871,43.263628],[-107.280901,43.263628]]]}},{"type":"Feature","properties":{"q":"NESE","ac":40.3},"geometry":{"type":"Polygon","coordinates":[[[-107.24539,43.274513],[-107.245323,43.278124],[-107.240317,43.27814],[-107.240371,43.274529],[-107.24539,43.274513]]]}},{"type":"Feature","properties":{"q":"NESE","ac":40.5},"geometry":{"type":"Polygon","coordinates":[[[-107.260893,43.260018],[-107.265923,43.260016],[-107.26581,43.263629],[-107.260779,43.263629],[-107.260893,43.260018]]]}},{"type":"Feature","properties":{"q":"NWNW","ac":40.1},"geometry":{"type":"Polygon","coordinates":[[[-107.255245,43.281703],[-107.260239,43.281687],[-107.260136,43.285298],[-107.255154,43.285314],[-107.255245,43.281703]]]}},{"type":"Feature","properties":{"q":"SENW","ac":40.0},"geometry":{"type":"Polygon","coordinates":[[[-107.250349,43.220329],[-107.255339,43.220359],[-107.255356,43.223954],[-107.250367,43.223924],[-107.250349,43.220329]]]}},{"type":"Feature","properties":{"q":"NENE","ac":40.2},"geometry":{"type":"Polygon","coordinates":[[[-107.260239,43.281687],[-107.265243,43.281696],[-107.265129,43.285309],[-107.260136,43.285298],[-107.260239,43.281687]]]}},{"type":"Feature","properties":{"q":"SWSW","ac":40.1},"geometry":{"type":"Polygon","coordinates":[[[-107.260156,43.28891],[-107.255176,43.288925],[-107.255154,43.285314],[-107.260136,43.285298],[-107.260156,43.28891]]]}},{"type":"Feature","properties":{"q":"SENW","ac":40.2},"geometry":{"type":"Polygon","coordinates":[[[-107.2303,43.278106],[-107.235308,43.278123],[-107.235268,43.28173],[-107.230273,43.281711],[-107.2303,43.278106]]]}},{"type":"Feature","properties":{"q":"SESE","ac":40.2},"geometry":{"type":"Polygon","coordinates":[[[-107.260136,43.285298],[-107.265129,43.285309],[-107.26514,43.288923],[-107.260156,43.28891],[-107.260136,43.285298]]]}},{"type":"Feature","properties":{"q":"NWSE","ac":41.7},"geometry":{"type":"Polygon","coordinates":[[[-107.225328,43.245576],[-107.230358,43.245513],[-107.230404,43.249263],[-107.225377,43.249264],[-107.225328,43.245576]]]}},{"type":"Feature","properties":{"q":"SWSW","ac":40.4},"geometry":{"type":"Polygon","coordinates":[[[-107.240425,43.270919],[-107.240371,43.274529],[-107.235349,43.274515],[-107.235389,43.270907],[-107.240425,43.270919]]]}},{"type":"Feature","properties":{"q":"SESE","ac":40.5},"geometry":{"type":"Polygon","coordinates":[[[-107.260446,43.274464],[-107.260549,43.270852],[-107.265584,43.270855],[-107.26547,43.274469],[-107.260446,43.274464]]]}},{"type":"Feature","properties":{"q":"NWNW","ac":41.3},"geometry":{"type":"Polygon","coordinates":[[[-107.260833,43.23843],[-107.260988,43.242055],[-107.255869,43.242036],[-107.255746,43.238409],[-107.260833,43.23843]]]}},{"type":"Feature","properties":{"q":"NESW","ac":41.2},"geometry":{"type":"Polygon","coordinates":[[[-107.235371,43.234722],[-107.230273,43.234736],[-107.230254,43.231109],[-107.235345,43.231095],[-107.235371,43.234722]]]}},{"type":"Feature","properties":{"q":"NENW","ac":40.3},"geometry":{"type":"Polygon","coordinates":[[[-107.230292,43.238249],[-107.235393,43.238297],[-107.235415,43.241871],[-107.230311,43.241763],[-107.230292,43.238249]]]}},{"type":"Feature","properties":{"q":"NWNE","ac":39.8},"geometry":{"type":"Polygon","coordinates":[[[-107.230311,43.241763],[-107.225278,43.241888],[-107.225246,43.238318],[-107.230292,43.238249],[-107.230311,43.241763]]]}},{"type":"Feature","properties":{"q":"SWSE","ac":38.7},"geometry":{"type":"Polygon","coordinates":[[[-107.27028,43.213253],[-107.270255,43.216694],[-107.265284,43.216743],[-107.265289,43.213225],[-107.27028,43.213253]]]}},{"type":"Feature","properties":{"q":"NESE","ac":39.1},"geometry":{"type":"Polygon","coordinates":[[[-107.260948,43.249195],[-107.260968,43.245625],[-107.265826,43.24558],[-107.265879,43.249169],[-107.260948,43.249195]]]}},{"type":"Feature","properties":{"q":"SESW","ac":40.3},"geometry":{"type":"Polygon","coordinates":[[[-107.255498,43.231163],[-107.250476,43.231136],[-107.250385,43.227519],[-107.255373,43.22755],[-107.255498,43.231163]]]}},{"type":"Feature","properties":{"q":"SWNW","ac":40.6},"geometry":{"type":"Polygon","coordinates":[[[-107.235436,43.267299],[-107.235482,43.263692],[-107.240541,43.263699],[-107.240483,43.267309],[-107.235436,43.267299]]]}},{"type":"Feature","properties":{"q":"SWSE","ac":39.5},"geometry":{"type":"Polygon","coordinates":[[[-107.324983,43.285674],[-107.329881,43.285785],[-107.329877,43.289401],[-107.324975,43.289298],[-107.324983,43.285674]]]}},{"type":"Feature","properties":{"q":"4","ac":37.6},"geometry":{"type":"Polygon","coordinates":[[[-107.270255,43.216694],[-107.27028,43.213253],[-107.275271,43.213282],[-107.275179,43.216646],[-107.270255,43.216694]]]}},{"type":"Feature","properties":{"q":"NESE","ac":39.7},"geometry":{"type":"Polygon","coordinates":[[[-107.320072,43.289195],[-107.324975,43.289298],[-107.324967,43.292922],[-107.320059,43.292827],[-107.320072,43.289195]]]}},{"type":"Feature","properties":{"q":"NESE","ac":38.3},"geometry":{"type":"Polygon","coordinates":[[[-107.301385,43.260395],[-107.306024,43.260417],[-107.305672,43.264027],[-107.300831,43.264002],[-107.3008,43.264001],[-107.301385,43.260395]]]}},{"type":"Feature","properties":{"q":"SWNE","ac":39.1},"geometry":{"type":"Polygon","coordinates":[[[-107.305535,43.235097],[-107.310425,43.235124],[-107.310509,43.238684],[-107.305589,43.238692],[-107.305535,43.235097]]]}},{"type":"Feature","properties":{"q":"NWNW","ac":40.0},"geometry":{"type":"Polygon","coordinates":[[[-107.315083,43.281964],[-107.320017,43.281951],[-107.320084,43.285562],[-107.31509,43.285579],[-107.315083,43.281964]]]}},{"type":"Feature","properties":{"q":"1","ac":38.7},"geometry":{"type":"Polygon","coordinates":[[[-107.339528,43.267977],[-107.33953,43.268846],[-107.339536,43.271605],[-107.334751,43.271505],[-107.334724,43.267897],[-107.339528,43.267977]]]}},{"type":"Feature","properties":{"q":"SWSE","ac":41.7},"geometry":{"type":"Polygon","coordinates":[[[-107.285398,43.242041],[-107.29067,43.242288],[-107.290759,43.245844],[-107.285567,43.245644],[-107.285398,43.242041]]]}},{"type":"Feature","properties":{"q":"SWNE","ac":39.0},"geometry":{"type":"Polygon","coordinates":[[[-107.324984,43.220697],[-107.329758,43.220764],[-107.329749,43.224403],[-107.324924,43.224336],[-107.324984,43.220697]]]}},{"type":"Feature","properties":{"q":"3","ac":38.8},"geometry":{"type":"Polygon","coordinates":[[[-107.339653,43.276036],[-107.339728,43.27883],[-107.334884,43.27871],[-107.334818,43.275108],[-107.339632,43.275218],[-107.339653,43.276036]]]}},{"type":"Feature","properties":{"q":"2","ac":37.4},"geometry":{"type":"Polygon","coordinates":[[[-107.280262,43.21331],[-107.285256,43.213327],[-107.285178,43.216695],[-107.280104,43.216598],[-107.280262,43.21331]]]}},{"type":"Feature","properties":{"q":"SENW","ac":39.1},"geometry":{"type":"Polygon","coordinates":[[[-107.334652,43.235322],[-107.33471,43.238934],[-107.329855,43.238893],[-107.329816,43.235275],[-107.334652,43.235322]]]}},{"type":"Feature","properties":{"q":"NESE","ac":40.5},"geometry":{"type":"Polygon","coordinates":[[[-107.319598,43.260482],[-107.324611,43.260543],[-107.324635,43.264162],[-107.319601,43.264099],[-107.319598,43.260482]]]}},{"type":"Feature","properties":{"q":"SENW","ac":40.0},"geometry":{"type":"Polygon","coordinates":[[[-107.290892,43.263816],[-107.295846,43.263909],[-107.295826,43.267515],[-107.290829,43.267426],[-107.290892,43.263816]]]}},{"type":"Feature","properties":{"q":"NWSW","ac":40.5},"geometry":{"type":"Polygon","coordinates":[[[-107.275518,43.274479],[-107.280542,43.274484],[-107.280395,43.278103],[-107.275383,43.278097],[-107.275518,43.274479]]]}},{"type":"Feature","properties":{"q":"SENW","ac":40.1},"geometry":{"type":"Polygon","coordinates":[[[-107.315225,43.220621],[-107.315175,43.22425],[-107.31025,43.224233],[-107.310242,43.220611],[-107.315225,43.220621]]]}},{"type":"Feature","properties":{"q":"NWNW","ac":39.6},"geometry":{"type":"Polygon","coordinates":[[[-107.279969,43.223511],[-107.279993,43.227138],[-107.275085,43.227248],[-107.275086,43.223629],[-107.279969,43.223511]]]}},{"type":"Feature","properties":{"q":"NESE","ac":38.4},"geometry":{"type":"Polygon","coordinates":[[[-107.320216,43.217033],[-107.324992,43.217095],[-107.324984,43.220697],[-107.320209,43.220631],[-107.320216,43.217033]]]}},{"type":"Feature","properties":{"q":"SENE","ac":40.6},"geometry":{"type":"Polygon","coordinates":[[[-107.280623,43.249093],[-107.285736,43.249247],[-107.285903,43.252781],[-107.280871,43.252741],[-107.280623,43.249093]]]}},{"type":"Feature","properties":{"q":"SENE","ac":41.6},"geometry":{"type":"Polygon","coordinates":[[[-107.279946,43.219885],[-107.2851,43.220063],[-107.285112,43.223684],[-107.279969,43.223511],[-107.279946,43.219885]]]}},{"type":"Feature","properties":{"q":"NWSE","ac":39.6},"geometry":{"type":"Polygon","coordinates":[[[-107.324975,43.289298],[-107.329877,43.289401],[-107.329874,43.293017],[-107.324967,43.292922],[-107.324975,43.289298]]]}},{"type":"Feature","properties":{"q":"5","ac":42.7},"geometry":{"type":"Polygon","coordinates":[[[-107.279736,43.299871],[-107.279831,43.296199],[-107.285006,43.296286],[-107.284971,43.299968],[-107.280348,43.299883],[-107.279736,43.299871]]]}},{"type":"Feature","properties":{"q":"SENE","ac":40.5},"geometry":{"type":"Polygon","coordinates":[[[-107.285417,43.278171],[-107.285263,43.281792],[-107.280253,43.281722],[-107.280395,43.278103],[-107.285417,43.278171]]]}},{"type":"Feature","properties":{"q":"SWNE","ac":38.6},"geometry":{"type":"Polygon","coordinates":[[[-107.305672,43.264027],[-107.310544,43.264052],[-107.310426,43.267626],[-107.305624,43.267615],[-107.305672,43.264027]]]}},{"type":"Feature","properties":{"q":"NESW","ac":40.8},"geometry":{"type":"Polygon","coordinates":[[[-107.250792,43.249227],[-107.250771,43.245622],[-107.255869,43.245624],[-107.25587,43.249211],[-107.250792,43.249227]]]}},{"type":"Feature","properties":{"q":"NESE","ac":41.2},"geometry":{"type":"Polygon","coordinates":[[[-107.240579,43.245619],[-107.245675,43.245621],[-107.245716,43.249243],[-107.24064,43.249259],[-107.240579,43.245619]]]}},{"type":"Feature","properties":{"q":"NWNE","ac":40.4},"geometry":{"type":"Polygon","coordinates":[[[-107.271064,43.256398],[-107.266036,43.256402],[-107.265957,43.252786],[-107.270937,43.252771],[-107.271064,43.256398]]]}},{"type":"Feature","properties":{"q":"SESW","ac":40.0},"geometry":{"type":"Polygon","coordinates":[[[-107.255306,43.213167],[-107.255322,43.216763],[-107.250331,43.216734],[-107.250313,43.213138],[-107.255306,43.213167]]]}},{"type":"Feature","properties":{"q":"SENE","ac":39.2},"geometry":{"type":"Polygon","coordinates":[[[-107.265647,43.238338],[-107.260833,43.23843],[-107.260678,43.234805],[-107.265522,43.234687],[-107.265647,43.238338]]]}},{"type":"Feature","properties":{"q":"SESE","ac":40.8},"geometry":{"type":"Polygon","coordinates":[[[-107.220329,43.256467],[-107.225411,43.25647],[-107.225388,43.260073],[-107.220317,43.260067],[-107.220329,43.256467]]]}},{"type":"Feature","properties":{"q":"SENE","ac":40.2},"geometry":{"type":"Polygon","coordinates":[[[-107.245257,43.281734],[-107.240263,43.28175],[-107.240317,43.27814],[-107.245323,43.278124],[-107.245257,43.281734]]]}},{"type":"Feature","properties":{"q":"NWNW","ac":40.5},"geometry":{"type":"Polygon","coordinates":[[[-107.235389,43.270907],[-107.235436,43.267299],[-107.240483,43.267309],[-107.240425,43.270919],[-107.235389,43.270907]]]}},{"type":"Feature","properties":{"q":"NENW","ac":40.9},"geometry":{"type":"Polygon","coordinates":[[[-107.255895,43.252818],[-107.25592,43.256425],[-107.250833,43.256443],[-107.250812,43.252835],[-107.255895,43.252818]]]}},{"type":"Feature","properties":{"q":"NENW","ac":40.5},"geometry":{"type":"Polygon","coordinates":[[[-107.255518,43.270869],[-107.250487,43.270886],[-107.250573,43.267275],[-107.255619,43.267258],[-107.255518,43.270869]]]}},{"type":"Feature","properties":{"q":"SENW","ac":40.5},"geometry":{"type":"Polygon","coordinates":[[[-107.275762,43.267245],[-107.27073,43.267244],[-107.270841,43.263629],[-107.275871,43.263628],[-107.275762,43.267245]]]}},{"type":"Feature","properties":{"q":"NESW","ac":38.7},"geometry":{"type":"Polygon","coordinates":[[[-107.329768,43.217158],[-107.334569,43.217222],[-107.33458,43.220829],[-107.329758,43.220764],[-107.329768,43.217158]]]}},{"type":"Feature","properties":{"q":"3","ac":36.3},"geometry":{"type":"Polygon","coordinates":[[[-107.319685,43.267646],[-107.315055,43.267636],[-107.315072,43.264076],[-107.319601,43.264099],[-107.319685,43.267646]]]}},{"type":"Feature","properties":{"q":"SENW","ac":40.0},"geometry":{"type":"Polygon","coordinates":[[[-107.310166,43.292859],[-107.315113,43.292843],[-107.315124,43.296477],[-107.310202,43.296495],[-107.310166,43.292859]]]}},{"type":"Feature","properties":{"q":"SESE","ac":40.6},"geometry":{"type":"Polygon","coordinates":[[[-107.28011,43.285342],[-107.285109,43.285414],[-107.285075,43.289036],[-107.280017,43.28896],[-107.28011,43.285342]]]}},{"type":"Feature","properties":{"q":"SWNW","ac":41.5},"geometry":{"type":"Polygon","coordinates":[[[-107.295552,43.234887],[-107.300645,43.235069],[-107.30067,43.2387],[-107.295617,43.238598],[-107.295552,43.234887]]]}},{"type":"Feature","properties":{"q":"SENE","ac":39.6},"geometry":{"type":"Polygon","coordinates":[[[-107.320017,43.281951],[-107.31995,43.27834],[-107.324885,43.278463],[-107.324934,43.282068],[-107.320017,43.281951]]]}},{"type":"Feature","properties":{"q":"SWNE","ac":39.7},"geometry":{"type":"Polygon","coordinates":[[[-107.305351,43.224216],[-107.305311,43.220601],[-107.310242,43.220611],[-107.31025,43.224233],[-107.305351,43.224216]]]}},{"type":"Feature","properties":{"q":"SWSW","ac":39.3},"geometry":{"type":"Polygon","coordinates":[[[-107.279993,43.227138],[-107.280016,43.230734],[-107.275143,43.230848],[-107.275085,43.227248],[-107.279993,43.227138]]]}},{"type":"Feature","properties":{"q":"SWNW","ac":39.9},"geometry":{"type":"Polygon","coordinates":[[[-107.315113,43.292843],[-107.320059,43.292827],[-107.320045,43.296459],[-107.315124,43.296477],[-107.315113,43.292843]]]}},{"type":"Feature","properties":{"q":"6","ac":37.1},"geometry":{"type":"Polygon","coordinates":[[[-107.334762,43.289503],[-107.339402,43.2896],[-107.33939,43.290406],[-107.33935,43.2932],[-107.334744,43.293111],[-107.334762,43.289503]]]}},{"type":"Feature","properties":{"q":"SESW","ac":40.0},"geometry":{"type":"Polygon","coordinates":[[[-107.275116,43.285331],[-107.27507,43.288948],[-107.270123,43.288935],[-107.270123,43.28532],[-107.275116,43.285331]]]}},{"type":"Feature","properties":{"q":"NESW","ac":40.4},"geometry":{"type":"Polygon","coordinates":[[[-107.329789,43.274993],[-107.334818,43.275108],[-107.334884,43.27871],[-107.32982,43.278585],[-107.329789,43.274993]]]}},{"type":"Feature","properties":{"q":"1","ac":37.7},"geometry":{"type":"Polygon","coordinates":[[[-107.339455,43.285999],[-107.334779,43.285895],[-107.334832,43.282303],[-107.339591,43.282415],[-107.33956,43.283231],[-107.339455,43.285999]]]}},{"type":"Feature","properties":{"q":"SWSW","ac":40.3},"geometry":{"type":"Polygon","coordinates":[[[-107.31509,43.285579],[-107.320084,43.285562],[-107.320072,43.289195],[-107.315101,43.289211],[-107.31509,43.285579]]]}},{"type":"Feature","properties":{"q":"NESE","ac":41.7},"geometry":{"type":"Polygon","coordinates":[[[-107.280016,43.230734],[-107.285187,43.230911],[-107.285249,43.234519],[-107.28004,43.234332],[-107.280016,43.230734]]]}},{"type":"Feature","properties":{"q":"NENE","ac":40.4},"geometry":{"type":"Polygon","coordinates":[[[-107.280253,43.281722],[-107.285263,43.281792],[-107.285109,43.285414],[-107.28011,43.285342],[-107.280253,43.281722]]]}},{"type":"Feature","properties":{"q":"NWNE","ac":39.4},"geometry":{"type":"Polygon","coordinates":[[[-107.324924,43.224336],[-107.329749,43.224403],[-107.329738,43.228044],[-107.324864,43.227975],[-107.324924,43.224336]]]}},{"type":"Feature","properties":{"q":"SWNW","ac":39.4},"geometry":{"type":"Polygon","coordinates":[[[-107.279946,43.219885],[-107.279969,43.223511],[-107.275086,43.223629],[-107.275088,43.22001],[-107.279946,43.219885]]]}},{"type":"Feature","properties":{"q":"NESE","ac":40.5},"geometry":{"type":"Polygon","coordinates":[[[-107.280542,43.274484],[-107.285572,43.274561],[-107.285417,43.278171],[-107.280395,43.278103],[-107.280542,43.274484]]]}},{"type":"Feature","properties":{"q":"NWSW","ac":39.7},"geometry":{"type":"Polygon","coordinates":[[[-107.27507,43.288948],[-107.280017,43.28896],[-107.279924,43.292579],[-107.275024,43.292565],[-107.27507,43.288948]]]}},{"type":"Feature","properties":{"q":"SWSW","ac":39.9},"geometry":{"type":"Polygon","coordinates":[[[-107.295243,43.213361],[-107.300237,43.213378],[-107.300308,43.216984],[-107.29528,43.216889],[-107.295243,43.213361]]]}},{"type":"Feature","properties":{"q":"SESE","ac":40.3},"geometry":{"type":"Polygon","coordinates":[[[-107.300105,43.285631],[-107.3051,43.285614],[-107.305157,43.289244],[-107.300183,43.28926],[-107.300105,43.285631]]]}},{"type":"Feature","properties":{"q":"SENW","ac":39.3},"geometry":{"type":"Polygon","coordinates":[[[-107.33458,43.220829],[-107.334596,43.224474],[-107.329749,43.224403],[-107.329758,43.220764],[-107.33458,43.220829]]]}},{"type":"Feature","properties":{"q":"SESW","ac":40.5},"geometry":{"type":"Polygon","coordinates":[[[-107.275518,43.274479],[-107.270495,43.274474],[-107.270619,43.270859],[-107.275653,43.270862],[-107.275518,43.274479]]]}},{"type":"Feature","properties":{"q":"SESE","ac":39.6},"geometry":{"type":"Polygon","coordinates":[[[-107.319958,43.231541],[-107.319991,43.227905],[-107.324864,43.227975],[-107.324868,43.2316],[-107.319958,43.231541]]]}},{"type":"Feature","properties":{"q":"NWSW","ac":40.1},"geometry":{"type":"Polygon","coordinates":[[[-107.300308,43.216984],[-107.30038,43.220591],[-107.295317,43.220417],[-107.29528,43.216889],[-107.300308,43.216984]]]}},{"type":"Feature","properties":{"q":"NENW","ac":39.2},"geometry":{"type":"Polygon","coordinates":[[[-107.329894,43.24251],[-107.329855,43.238893],[-107.33471,43.238934],[-107.334767,43.242545],[-107.329894,43.24251]]]}},{"type":"Feature","properties":{"q":"SESW","ac":39.1},"geometry":{"type":"Polygon","coordinates":[[[-107.329738,43.228044],[-107.334612,43.228118],[-107.334632,43.23172],[-107.329777,43.231659],[-107.329738,43.228044]]]}},{"type":"Feature","properties":{"q":"NESW","ac":39.5},"geometry":{"type":"Polygon","coordinates":[[[-107.29572,43.245929],[-107.295758,43.249548],[-107.290849,43.249401],[-107.290759,43.245844],[-107.29572,43.245929]]]}},{"type":"Feature","properties":{"q":"SWNE","ac":39.9},"geometry":{"type":"Polygon","coordinates":[[[-107.329816,43.235275],[-107.329855,43.238893],[-107.324907,43.238844],[-107.324872,43.235226],[-107.329816,43.235275]]]}},{"type":"Feature","properties":{"q":"NESE","ac":41.0},"geometry":{"type":"Polygon","coordinates":[[[-107.285075,43.289036],[-107.28504,43.292658],[-107.279924,43.292579],[-107.280017,43.28896],[-107.285075,43.289036]]]}},{"type":"Feature","properties":{"q":"3","ac":37.9},"geometry":{"type":"Polygon","coordinates":[[[-107.334685,43.246169],[-107.339374,43.24621],[-107.339352,43.247078],[-107.339283,43.249841],[-107.334602,43.249792],[-107.334685,43.246169]]]}},{"type":"Feature","properties":{"q":"1","ac":37.5},"geometry":{"type":"Polygon","coordinates":[[[-107.310509,43.238684],[-107.315234,43.238739],[-107.315291,43.242329],[-107.310592,43.242245],[-107.310509,43.238684]]]}},{"type":"Feature","properties":{"q":"SENW","ac":40.9},"geometry":{"type":"Polygon","coordinates":[[[-107.290256,43.223856],[-107.290253,43.220242],[-107.295317,43.220417],[-107.295353,43.224027],[-107.290256,43.223856]]]}},{"type":"Feature","properties":{"q":"SWSW","ac":40.1},"geometry":{"type":"Polygon","coordinates":[[[-107.275116,43.285331],[-107.28011,43.285342],[-107.280017,43.28896],[-107.27507,43.288948],[-107.275116,43.285331]]]}},{"type":"Feature","properties":{"q":"4","ac":36.8},"geometry":{"type":"Polygon","coordinates":[[[-107.33938,43.296768],[-107.339387,43.297562],[-107.33941,43.300335],[-107.334794,43.300289],[-107.334769,43.296692],[-107.33938,43.296768]]]}},{"type":"Feature","properties":{"q":"NWSW","ac":40.8},"geometry":{"type":"Polygon","coordinates":[[[-107.300694,43.278374],[-107.295566,43.278306],[-107.295686,43.274713],[-107.30077,43.27479],[-107.300694,43.278374]]]}},{"type":"Feature","properties":{"q":"NESE","ac":40.0},"geometry":{"type":"Polygon","coordinates":[[[-107.319792,43.249639],[-107.319891,43.246026],[-107.324853,43.246076],[-107.324764,43.249691],[-107.319792,43.249639]]]}},{"type":"Feature","properties":{"q":"4","ac":38.6},"geometry":{"type":"Polygon","coordinates":[[[-107.334751,43.271505],[-107.339536,43.271605],[-107.339558,43.272438],[-107.339632,43.275218],[-107.334818,43.275108],[-107.334751,43.271505]]]}},{"type":"Feature","properties":{"q":"2","ac":39.9},"geometry":{"type":"Polygon","coordinates":[[[-107.32987,43.296612],[-107.329867,43.30024],[-107.329568,43.300237],[-107.324949,43.300199],[-107.324958,43.296536],[-107.32987,43.296612]]]}},{"type":"Feature","properties":{"q":"SWNW","ac":41.0},"geometry":{"type":"Polygon","coordinates":[[[-107.295258,43.296445],[-107.295209,43.292812],[-107.300262,43.292889],[-107.300335,43.296518],[-107.295258,43.296445]]]}},{"type":"Feature","properties":{"q":"NENE","ac":40.5},"geometry":{"type":"Polygon","coordinates":[[[-107.280794,43.267246],[-107.285812,43.267336],[-107.285728,43.27095],[-107.280688,43.270865],[-107.280794,43.267246]]]}},{"type":"Feature","properties":{"q":"SENE","ac":38.8},"geometry":{"type":"Polygon","coordinates":[[[-107.305672,43.264027],[-107.305624,43.267615],[-107.300823,43.267603],[-107.3008,43.264001],[-107.300831,43.264002],[-107.305672,43.264027]]]}},{"type":"Feature","properties":{"q":"NESW","ac":40.1},"geometry":{"type":"Polygon","coordinates":[[[-107.310131,43.289228],[-107.315101,43.289211],[-107.315113,43.292843],[-107.310166,43.292859],[-107.310131,43.289228]]]}},{"type":"Feature","properties":{"q":"NWSW","ac":41.3},"geometry":{"type":"Polygon","coordinates":[[[-107.29547,43.231263],[-107.295491,43.231263],[-107.300583,43.231437],[-107.300645,43.235069],[-107.295552,43.234887],[-107.29547,43.231263]]]}},{"type":"Feature","properties":{"q":"SENW","ac":40.3},"geometry":{"type":"Polygon","coordinates":[[[-107.334884,43.27871],[-107.334832,43.282303],[-107.32985,43.282185],[-107.32982,43.278585],[-107.334884,43.27871]]]}},{"type":"Feature","properties":{"q":"SWSW","ac":41.4},"geometry":{"type":"Polygon","coordinates":[[[-107.295491,43.231263],[-107.29547,43.231263],[-107.29539,43.227638],[-107.300523,43.227805],[-107.300583,43.231437],[-107.295491,43.231263]]]}},{"type":"Feature","properties":{"q":"3","ac":38.8},"geometry":{"type":"Polygon","coordinates":[[[-107.334633,43.260668],[-107.339441,43.260728],[-107.339459,43.261594],[-107.33952,43.264348],[-107.334696,43.264288],[-107.334633,43.260668]]]}},{"type":"Feature","properties":{"q":"2","ac":38.8},"geometry":{"type":"Polygon","coordinates":[[[-107.334724,43.267897],[-107.334696,43.264288],[-107.33952,43.264348],[-107.339522,43.265253],[-107.339528,43.267977],[-107.334724,43.267897]]]}},{"type":"Feature","properties":{"q":"3","ac":41.8},"geometry":{"type":"Polygon","coordinates":[[[-107.290181,43.296373],[-107.295258,43.296445],[-107.295308,43.300135],[-107.29526,43.300134],[-107.290289,43.300067],[-107.290206,43.300066],[-107.290181,43.296373]]]}},{"type":"Feature","properties":{"q":"NWNW","ac":41.5},"geometry":{"type":"Polygon","coordinates":[[[-107.301318,43.253242],[-107.30197,43.256788],[-107.296496,43.256514],[-107.296127,43.253031],[-107.301318,43.253242]]]}},{"type":"Feature","properties":{"q":"SENE","ac":40.1},"geometry":{"type":"Polygon","coordinates":[[[-107.319792,43.249639],[-107.324764,43.249691],[-107.324675,43.253308],[-107.319694,43.253253],[-107.319792,43.249639]]]}},{"type":"Feature","properties":{"q":"SWSW","ac":40.6},"geometry":{"type":"Polygon","coordinates":[[[-107.276091,43.256394],[-107.281119,43.25639],[-107.28101,43.260009],[-107.275981,43.260011],[-107.276091,43.256394]]]}},{"type":"Feature","properties":{"q":"SWNW","ac":41.2},"geometry":{"type":"Polygon","coordinates":[[[-107.295566,43.278306],[-107.300694,43.278374],[-107.3004,43.282003],[-107.295336,43.281933],[-107.295566,43.278306]]]}},{"type":"Feature","properties":{"q":"SWSE","ac":39.5},"geometry":{"type":"Polygon","coordinates":[[[-107.329738,43.228044],[-107.329777,43.231659],[-107.324868,43.2316],[-107.324864,43.227975],[-107.329738,43.228044]]]}},{"type":"Feature","properties":{"q":"NWSW","ac":41.5},"geometry":{"type":"Polygon","coordinates":[[[-107.295846,43.263909],[-107.296171,43.260212],[-107.301385,43.260395],[-107.3008,43.264001],[-107.295846,43.263909]]]}},{"type":"Feature","properties":{"q":"SWNE","ac":39.4},"geometry":{"type":"Polygon","coordinates":[[[-107.329874,43.293017],[-107.32987,43.296612],[-107.324958,43.296536],[-107.324967,43.292922],[-107.329874,43.293017]]]}},{"type":"Feature","properties":{"q":"3","ac":38.1},"geometry":{"type":"Polygon","coordinates":[[[-107.319928,43.235176],[-107.319959,43.238794],[-107.315234,43.238739],[-107.315176,43.23515],[-107.319928,43.235176]]]}},{"type":"Feature","properties":{"q":"NESW","ac":40.7},"geometry":{"type":"Polygon","coordinates":[[[-107.295158,43.289186],[-107.295209,43.292812],[-107.290156,43.292736],[-107.290132,43.289111],[-107.295158,43.289186]]]}},{"type":"Feature","properties":{"q":"NWNW","ac":39.7},"geometry":{"type":"Polygon","coordinates":[[[-107.315175,43.22425],[-107.3201,43.224268],[-107.319991,43.227905],[-107.315125,43.227879],[-107.315175,43.22425]]]}},{"type":"Feature","properties":{"q":"2","ac":38.4},"geometry":{"type":"Polygon","coordinates":[[[-107.334832,43.282303],[-107.334884,43.27871],[-107.339728,43.27883],[-107.339697,43.279633],[-107.339591,43.282415],[-107.334832,43.282303]]]}},{"type":"Feature","properties":{"q":"1","ac":36.1},"geometry":{"type":"Polygon","coordinates":[[[-107.301318,43.253242],[-107.306027,43.253244],[-107.306376,43.256808],[-107.30197,43.256788],[-107.301318,43.253242]]]}},{"type":"Feature","properties":{"q":"SWNE","ac":40.1},"geometry":{"type":"Polygon","coordinates":[[[-107.329669,43.264225],[-107.329714,43.267813],[-107.324699,43.26773],[-107.324635,43.264162],[-107.329669,43.264225]]]}},{"type":"Feature","properties":{"q":"1","ac":37.1},"geometry":{"type":"Polygon","coordinates":[[[-107.270229,43.220134],[-107.270255,43.216694],[-107.275179,43.216646],[-107.275088,43.22001],[-107.270229,43.220134]]]}},{"type":"Feature","properties":{"q":"9","ac":37.8},"geometry":{"type":"Polygon","coordinates":[[[-107.315266,43.245991],[-107.315291,43.242329],[-107.31999,43.242412],[-107.319891,43.246026],[-107.315266,43.245991]]]}},{"type":"Feature","properties":{"q":"3","ac":37.5},"geometry":{"type":"Polygon","coordinates":[[[-107.334569,43.217222],[-107.339216,43.217284],[-107.339224,43.21817],[-107.339243,43.220893],[-107.33458,43.220829],[-107.334569,43.217222]]]}},{"type":"Feature","properties":{"q":"SWNE","ac":40.2},"geometry":{"type":"Polygon","coordinates":[[[-107.324764,43.249691],[-107.329736,43.249742],[-107.329657,43.253363],[-107.324675,43.253308],[-107.324764,43.249691]]]}},{"type":"Feature","properties":{"q":"NWNW","ac":40.3},"geometry":{"type":"Polygon","coordinates":[[[-107.27525,43.281714],[-107.280253,43.281722],[-107.28011,43.285342],[-107.275116,43.285331],[-107.27525,43.281714]]]}},{"type":"Feature","properties":{"q":"NWSE","ac":40.1},"geometry":{"type":"Polygon","coordinates":[[[-107.305214,43.292874],[-107.305157,43.289244],[-107.310131,43.289228],[-107.310166,43.292859],[-107.305214,43.292874]]]}},{"type":"Feature","properties":{"q":"2","ac":36.3},"geometry":{"type":"Polygon","coordinates":[[[-107.310782,43.256827],[-107.306376,43.256808],[-107.306027,43.253244],[-107.310736,43.253247],[-107.310782,43.256827]]]}},{"type":"Feature","properties":{"q":"NESE","ac":41.1},"geometry":{"type":"Polygon","coordinates":[[[-107.30068,43.246013],[-107.30566,43.245984],[-107.305678,43.249681],[-107.300666,43.249695],[-107.30068,43.246013]]]}},{"type":"Feature","properties":{"q":"NENW","ac":40.6},"geometry":{"type":"Polygon","coordinates":[[[-107.27073,43.267244],[-107.275762,43.267245],[-107.275653,43.270862],[-107.270619,43.270859],[-107.27073,43.267244]]]}},{"type":"Feature","properties":{"q":"SWSW","ac":40.1},"geometry":{"type":"Polygon","coordinates":[[[-107.235228,43.285338],[-107.240209,43.28536],[-107.240227,43.288971],[-107.235236,43.288946],[-107.235228,43.285338]]]}},{"type":"Feature","properties":{"q":"SWSE","ac":39.4},"geometry":{"type":"Polygon","coordinates":[[[-107.270177,43.227359],[-107.270271,43.230962],[-107.265395,43.231077],[-107.265269,43.227469],[-107.270177,43.227359]]]}},{"type":"Feature","properties":{"q":"NWNE","ac":40.5},"geometry":{"type":"Polygon","coordinates":[[[-107.27073,43.267244],[-107.270619,43.270859],[-107.265584,43.270855],[-107.265697,43.267242],[-107.27073,43.267244]]]}},{"type":"Feature","properties":{"q":"SWNE","ac":40.2},"geometry":{"type":"Polygon","coordinates":[[[-107.26515,43.292536],[-107.270124,43.292551],[-107.270124,43.296189],[-107.26516,43.296161],[-107.26515,43.292536]]]}},{"type":"Feature","properties":{"q":"NWSW","ac":40.6},"geometry":{"type":"Polygon","coordinates":[[[-107.255498,43.231163],[-107.26052,43.231191],[-107.260678,43.234805],[-107.255623,43.234781],[-107.255498,43.231163]]]}},{"type":"Feature","properties":{"q":"SWNW","ac":41.1},"geometry":{"type":"Polygon","coordinates":[[[-107.235548,43.252869],[-107.235522,43.249261],[-107.24064,43.249259],[-107.240648,43.252869],[-107.235548,43.252869]]]}},{"type":"Feature","properties":{"q":"SWSE","ac":40.1},"geometry":{"type":"Polygon","coordinates":[[[-107.245191,43.285345],[-107.250173,43.285329],[-107.250196,43.28894],[-107.245211,43.288956],[-107.245191,43.285345]]]}},{"type":"Feature","properties":{"q":"NWSE","ac":40.7},"geometry":{"type":"Polygon","coordinates":[[[-107.245457,43.231109],[-107.250476,43.231136],[-107.250567,43.234757],[-107.245518,43.234733],[-107.245457,43.231109]]]}},{"type":"Feature","properties":{"q":"SENE","ac":40.1},"geometry":{"type":"Polygon","coordinates":[[[-107.225291,43.278088],[-107.225278,43.281691],[-107.220282,43.281671],[-107.220283,43.278071],[-107.225291,43.278088]]]}},{"type":"Feature","properties":{"q":"SENW","ac":40.6},"geometry":{"type":"Polygon","coordinates":[[[-107.235482,43.263692],[-107.235436,43.267299],[-107.230389,43.267289],[-107.230423,43.263684],[-107.235482,43.263692]]]}},{"type":"Feature","properties":{"q":"NESW","ac":40.8},"geometry":{"type":"Polygon","coordinates":[[[-107.250746,43.260054],[-107.25582,43.260036],[-107.255719,43.263647],[-107.25066,43.263665],[-107.250746,43.260054]]]}},{"type":"Feature","properties":{"q":"SWSW","ac":40.9},"geometry":{"type":"Polygon","coordinates":[[[-107.25592,43.256425],[-107.261008,43.256407],[-107.260893,43.260018],[-107.25582,43.260036],[-107.25592,43.256425]]]}},{"type":"Feature","properties":{"q":"3","ac":40.3},"geometry":{"type":"Polygon","coordinates":[[[-107.250265,43.299783],[-107.250242,43.296153],[-107.255218,43.296143],[-107.255239,43.299781],[-107.250648,43.299783],[-107.250265,43.299783]]]}},{"type":"Feature","properties":{"q":"NWSE","ac":40.5},"geometry":{"type":"Polygon","coordinates":[[[-107.265923,43.260016],[-107.270952,43.260014],[-107.270841,43.263629],[-107.26581,43.263629],[-107.265923,43.260016]]]}},{"type":"Feature","properties":{"q":"SWNE","ac":40.7},"geometry":{"type":"Polygon","coordinates":[[[-107.2456,43.263682],[-107.25066,43.263665],[-107.250573,43.267275],[-107.245528,43.267292],[-107.2456,43.263682]]]}},{"type":"Feature","properties":{"q":"NESW","ac":40.5},"geometry":{"type":"Polygon","coordinates":[[[-107.270952,43.260014],[-107.275981,43.260011],[-107.275871,43.263628],[-107.270841,43.263629],[-107.270952,43.260014]]]}},{"type":"Feature","properties":{"q":"SWSE","ac":36.4},"geometry":{"type":"Polygon","coordinates":[[[-107.306376,43.256808],[-107.310782,43.256827],[-107.310663,43.26044],[-107.306024,43.260417],[-107.306376,43.256808]]]}},{"type":"Feature","properties":{"q":"NWSE","ac":41.1},"geometry":{"type":"Polygon","coordinates":[[[-107.285567,43.245644],[-107.290759,43.245844],[-107.290849,43.249401],[-107.285736,43.249247],[-107.285567,43.245644]]]}},{"type":"Feature","properties":{"q":"NESW","ac":40.0},"geometry":{"type":"Polygon","coordinates":[[[-107.310234,43.217013],[-107.315225,43.217023],[-107.315225,43.220621],[-107.310242,43.220611],[-107.310234,43.217013]]]}},{"type":"Feature","properties":{"q":"1","ac":37.9},"geometry":{"type":"Polygon","coordinates":[[[-107.30077,43.27479],[-107.305512,43.274784],[-107.305448,43.278366],[-107.300694,43.278374],[-107.30077,43.27479]]]}},{"type":"Feature","properties":{"q":"SWNW","ac":39.5},"geometry":{"type":"Polygon","coordinates":[[[-107.315076,43.278349],[-107.31995,43.27834],[-107.320017,43.281951],[-107.315083,43.281964],[-107.315076,43.278349]]]}},{"type":"Feature","properties":{"q":"SENW","ac":40.0},"geometry":{"type":"Polygon","coordinates":[[[-107.275716,43.249118],[-107.275904,43.252756],[-107.270937,43.252771],[-107.27081,43.249144],[-107.275716,43.249118]]]}},{"type":"Feature","properties":{"q":"6","ac":42.8},"geometry":{"type":"Polygon","coordinates":[[[-107.290206,43.300066],[-107.285318,43.299975],[-107.284971,43.299968],[-107.285006,43.296286],[-107.290181,43.296373],[-107.290206,43.300066]]]}},{"type":"Feature","properties":{"q":"SWNE","ac":40.5},"geometry":{"type":"Polygon","coordinates":[[[-107.285417,43.278171],[-107.290438,43.278238],[-107.290273,43.281862],[-107.285263,43.281792],[-107.285417,43.278171]]]}},{"type":"Feature","properties":{"q":"3","ac":40.4},"geometry":{"type":"Polygon","coordinates":[[[-107.315135,43.300176],[-107.314852,43.300176],[-107.310239,43.300194],[-107.310202,43.296495],[-107.315124,43.296477],[-107.315135,43.300176]]]}},{"type":"Feature","properties":{"q":"SESE","ac":40.3},"geometry":{"type":"Polygon","coordinates":[[[-107.319595,43.256866],[-107.324586,43.256924],[-107.324611,43.260543],[-107.319598,43.260482],[-107.319595,43.256866]]]}},{"type":"Feature","properties":{"q":"3","ac":36.8},"geometry":{"type":"Polygon","coordinates":[[[-107.280104,43.216598],[-107.275179,43.216646],[-107.275271,43.213282],[-107.280262,43.21331],[-107.280104,43.216598]]]}},{"type":"Feature","properties":{"q":"NWSW","ac":40.2},"geometry":{"type":"Polygon","coordinates":[[[-107.29572,43.245929],[-107.30068,43.246013],[-107.300666,43.249695],[-107.295758,43.249548],[-107.29572,43.245929]]]}},{"type":"Feature","properties":{"q":"SENW","ac":39.6},"geometry":{"type":"Polygon","coordinates":[[[-107.329736,43.249742],[-107.334602,43.249792],[-107.334585,43.25342],[-107.329657,43.253363],[-107.329736,43.249742]]]}},{"type":"Feature","properties":{"q":"NENW","ac":39.5},"geometry":{"type":"Polygon","coordinates":[[[-107.334612,43.228118],[-107.329738,43.228044],[-107.329749,43.224403],[-107.334596,43.224474],[-107.334612,43.228118]]]}},{"type":"Feature","properties":{"q":"NENW","ac":40.3},"geometry":{"type":"Polygon","coordinates":[[[-107.270123,43.28532],[-107.270247,43.281705],[-107.27525,43.281714],[-107.275116,43.285331],[-107.270123,43.28532]]]}},{"type":"Feature","properties":{"q":"NWNW","ac":40.3},"geometry":{"type":"Polygon","coordinates":[[[-107.300823,43.267603],[-107.300846,43.271205],[-107.295806,43.27112],[-107.295826,43.267515],[-107.300823,43.267603]]]}},{"type":"Feature","properties":{"q":"NWNW","ac":40.6},"geometry":{"type":"Polygon","coordinates":[[[-107.275762,43.267245],[-107.280794,43.267246],[-107.280688,43.270865],[-107.275653,43.270862],[-107.275762,43.267245]]]}},{"type":"Feature","properties":{"q":"6","ac":36.1},"geometry":{"type":"Polygon","coordinates":[[[-107.310689,43.249666],[-107.315241,43.249653],[-107.315215,43.25325],[-107.310736,43.253247],[-107.310689,43.249666]]]}},{"type":"Feature","properties":{"q":"2","ac":37.9},"geometry":{"type":"Polygon","coordinates":[[[-107.31999,43.242412],[-107.315291,43.242329],[-107.315234,43.238739],[-107.319959,43.238794],[-107.31999,43.242412]]]}},{"type":"Feature","properties":{"q":"NENW","ac":40.1},"geometry":{"type":"Polygon","coordinates":[[[-107.329714,43.267813],[-107.334724,43.267897],[-107.334751,43.271505],[-107.329759,43.271401],[-107.329714,43.267813]]]}},{"type":"Feature","properties":{"q":"NENW","ac":40.1},"geometry":{"type":"Polygon","coordinates":[[[-107.334569,43.257047],[-107.329578,43.256983],[-107.329657,43.253363],[-107.334585,43.25342],[-107.334569,43.257047]]]}},{"type":"Feature","properties":{"q":"SENE","ac":40.0},"geometry":{"type":"Polygon","coordinates":[[[-107.300262,43.292889],[-107.305214,43.292874],[-107.305269,43.296506],[-107.300335,43.296518],[-107.300262,43.292889]]]}},{"type":"Feature","properties":{"q":"SENW","ac":40.2},"geometry":{"type":"Polygon","coordinates":[[[-107.329669,43.264225],[-107.334696,43.264288],[-107.334724,43.267897],[-107.329714,43.267813],[-107.329669,43.264225]]]}},{"type":"Feature","properties":{"q":"NWSW","ac":38.7},"geometry":{"type":"Polygon","coordinates":[[[-107.315176,43.23515],[-107.315149,43.231516],[-107.319958,43.231541],[-107.319928,43.235176],[-107.315176,43.23515]]]}},{"type":"Feature","properties":{"q":"3","ac":39.5},"geometry":{"type":"Polygon","coordinates":[[[-107.32987,43.296612],[-107.334769,43.296692],[-107.334794,43.300289],[-107.334489,43.300286],[-107.329867,43.30024],[-107.32987,43.296612]]]}},{"type":"Feature","properties":{"q":"NWSE","ac":40.0},"geometry":{"type":"Polygon","coordinates":[[[-107.324853,43.246076],[-107.329815,43.246126],[-107.329736,43.249742],[-107.324764,43.249691],[-107.324853,43.246076]]]}},{"type":"Feature","properties":{"q":"NWNE","ac":39.4},"geometry":{"type":"Polygon","coordinates":[[[-107.31025,43.224233],[-107.310258,43.227854],[-107.30539,43.22783],[-107.305351,43.224216],[-107.31025,43.224233]]]}},{"type":"Feature","properties":{"q":"4","ac":42.4},"geometry":{"type":"Polygon","coordinates":[[[-107.290458,43.234705],[-107.295552,43.234887],[-107.295617,43.238598],[-107.290564,43.238496],[-107.290458,43.234705]]]}},{"type":"Feature","properties":{"q":"NENW","ac":39.5},"geometry":{"type":"Polygon","coordinates":[[[-107.275272,43.238155],[-107.275342,43.24186],[-107.270557,43.241925],[-107.270461,43.238247],[-107.275272,43.238155]]]}},{"type":"Feature","properties":{"q":"NENW","ac":39.6},"geometry":{"type":"Polygon","coordinates":[[[-107.329881,43.285785],[-107.32985,43.282185],[-107.334832,43.282303],[-107.334779,43.285895],[-107.329881,43.285785]]]}},{"type":"Feature","properties":{"q":"NWNE","ac":39.9},"geometry":{"type":"Polygon","coordinates":[[[-107.324699,43.26773],[-107.329714,43.267813],[-107.329759,43.271401],[-107.324764,43.271297],[-107.324699,43.26773]]]}},{"type":"Feature","properties":{"q":"NWSE","ac":38.4},"geometry":{"type":"Polygon","coordinates":[[[-107.324992,43.217095],[-107.329768,43.217158],[-107.329758,43.220764],[-107.324984,43.220697],[-107.324992,43.217095]]]}},{"type":"Feature","properties":{"q":"SWSE","ac":41.0},"geometry":{"type":"Polygon","coordinates":[[[-107.30566,43.245984],[-107.305643,43.242288],[-107.305671,43.242287],[-107.310592,43.242245],[-107.31064,43.245955],[-107.30566,43.245984]]]}},{"type":"Feature","properties":{"q":"SESW","ac":39.0},"geometry":{"type":"Polygon","coordinates":[[[-107.295243,43.213361],[-107.29528,43.216889],[-107.290251,43.216793],[-107.290249,43.213344],[-107.295243,43.213361]]]}},{"type":"Feature","properties":{"q":"NESE","ac":39.4},"geometry":{"type":"Polygon","coordinates":[[[-107.31986,43.274767],[-107.324824,43.27488],[-107.324885,43.278463],[-107.31995,43.27834],[-107.31986,43.274767]]]}},{"type":"Feature","properties":{"q":"3","ac":35.5},"geometry":{"type":"Polygon","coordinates":[[[-107.315189,43.256846],[-107.310782,43.256827],[-107.310736,43.253247],[-107.315215,43.25325],[-107.315189,43.256846]]]}},{"type":"Feature","properties":{"q":"NENW","ac":39.6},"geometry":{"type":"Polygon","coordinates":[[[-107.315125,43.227879],[-107.310258,43.227854],[-107.31025,43.224233],[-107.315175,43.22425],[-107.315125,43.227879]]]}},{"type":"Feature","properties":{"q":"NENE","ac":39.9},"geometry":{"type":"Polygon","coordinates":[[[-107.3004,43.282003],[-107.305274,43.28199],[-107.3051,43.285614],[-107.300105,43.285631],[-107.3004,43.282003]]]}},{"type":"Feature","properties":{"q":"1","ac":37.2},"geometry":{"type":"Polygon","coordinates":[[[-107.315038,43.271197],[-107.310308,43.2712],[-107.310426,43.267626],[-107.315055,43.267636],[-107.315038,43.271197]]]}},{"type":"Feature","properties":{"q":"SWNW","ac":40.1},"geometry":{"type":"Polygon","coordinates":[[[-107.275716,43.249118],[-107.280623,43.249093],[-107.280871,43.252741],[-107.275904,43.252756],[-107.275716,43.249118]]]}},{"type":"Feature","properties":{"q":"SESE","ac":39.6},"geometry":{"type":"Polygon","coordinates":[[[-107.320084,43.285562],[-107.324983,43.285674],[-107.324975,43.289298],[-107.320072,43.289195],[-107.320084,43.285562]]]}},{"type":"Feature","properties":{"q":"NENW","ac":40.5},"geometry":{"type":"Polygon","coordinates":[[[-107.275904,43.252756],[-107.276091,43.256394],[-107.271064,43.256398],[-107.270937,43.252771],[-107.275904,43.252756]]]}},{"type":"Feature","properties":{"q":"NWSE","ac":38.3},"geometry":{"type":"Polygon","coordinates":[[[-107.310544,43.264052],[-107.305672,43.264027],[-107.306024,43.260417],[-107.310663,43.26044],[-107.310544,43.264052]]]}},{"type":"Feature","properties":{"q":"SWNE","ac":40.0},"geometry":{"type":"Polygon","coordinates":[[[-107.310166,43.292859],[-107.310202,43.296495],[-107.305269,43.296506],[-107.305214,43.292874],[-107.310166,43.292859]]]}},{"type":"Feature","properties":{"q":"NESW","ac":39.0},"geometry":{"type":"Polygon","coordinates":[[[-107.270365,43.234569],[-107.270271,43.230962],[-107.275143,43.230848],[-107.275203,43.23445],[-107.270365,43.234569]]]}},{"type":"Feature","properties":{"q":"SWSE","ac":39.8},"geometry":{"type":"Polygon","coordinates":[[[-107.324824,43.27488],[-107.324764,43.271297],[-107.329759,43.271401],[-107.329789,43.274993],[-107.324824,43.27488]]]}},{"type":"Feature","properties":{"q":"NWSE","ac":39.6},"geometry":{"type":"Polygon","coordinates":[[[-107.329789,43.274993],[-107.32982,43.278585],[-107.324885,43.278463],[-107.324824,43.27488],[-107.329789,43.274993]]]}},{"type":"Feature","properties":{"q":"SESE","ac":39.7},"geometry":{"type":"Polygon","coordinates":[[[-107.31986,43.274767],[-107.319769,43.271194],[-107.324764,43.271297],[-107.324824,43.27488],[-107.31986,43.274767]]]}},{"type":"Feature","properties":{"q":"8","ac":35.7},"geometry":{"type":"Polygon","coordinates":[[[-107.315189,43.256846],[-107.31513,43.260461],[-107.310663,43.26044],[-107.310782,43.256827],[-107.315189,43.256846]]]}},{"type":"Feature","properties":{"q":"SWSE","ac":40.0},"geometry":{"type":"Polygon","coordinates":[[[-107.305231,43.213397],[-107.310226,43.213415],[-107.310234,43.217013],[-107.305271,43.216999],[-107.305231,43.213397]]]}},{"type":"Feature","properties":{"q":"SWSW","ac":43.7},"geometry":{"type":"Polygon","coordinates":[[[-107.30197,43.256788],[-107.301385,43.260395],[-107.296171,43.260212],[-107.296496,43.256514],[-107.30197,43.256788]]]}},{"type":"Feature","properties":{"q":"NWSW","ac":40.6},"geometry":{"type":"Polygon","coordinates":[[[-107.275981,43.260011],[-107.28101,43.260009],[-107.280901,43.263628],[-107.275871,43.263628],[-107.275981,43.260011]]]}},{"type":"Feature","properties":{"q":"NENW","ac":41.2},"geometry":{"type":"Polygon","coordinates":[[[-107.29539,43.227638],[-107.290258,43.227471],[-107.290256,43.223856],[-107.295353,43.224027],[-107.29539,43.227638]]]}},{"type":"Feature","properties":{"q":"NWSE","ac":38.9},"geometry":{"type":"Polygon","coordinates":[[[-107.285178,43.216695],[-107.290251,43.216793],[-107.290253,43.220242],[-107.2851,43.220063],[-107.285178,43.216695]]]}},{"type":"Feature","properties":{"q":"SWSE","ac":40.5},"geometry":{"type":"Polygon","coordinates":[[[-107.285728,43.27095],[-107.290767,43.271035],[-107.290603,43.274637],[-107.285572,43.274561],[-107.285728,43.27095]]]}},{"type":"Feature","properties":{"q":"SESE","ac":38.4},"geometry":{"type":"Polygon","coordinates":[[[-107.320222,43.213433],[-107.325001,43.213493],[-107.324992,43.217095],[-107.320216,43.217033],[-107.320222,43.213433]]]}},{"type":"Feature","properties":{"q":"NWSE","ac":40.4},"geometry":{"type":"Polygon","coordinates":[[[-107.285572,43.274561],[-107.290603,43.274637],[-107.290438,43.278238],[-107.285417,43.278171],[-107.285572,43.274561]]]}},{"type":"Feature","properties":{"q":"SWSE","ac":40.3},"geometry":{"type":"Polygon","coordinates":[[[-107.310131,43.289228],[-107.305157,43.289244],[-107.3051,43.285614],[-107.310095,43.285597],[-107.310131,43.289228]]]}},{"type":"Feature","properties":{"q":"NENE","ac":40.0},"geometry":{"type":"Polygon","coordinates":[[[-107.286071,43.256315],[-107.281119,43.25639],[-107.280871,43.252741],[-107.285903,43.252781],[-107.286071,43.256315]]]}},{"type":"Feature","properties":{"q":"NENW","ac":40.7},"geometry":{"type":"Polygon","coordinates":[[[-107.290108,43.285486],[-107.290273,43.281862],[-107.295336,43.281933],[-107.295106,43.285559],[-107.290108,43.285486]]]}},{"type":"Feature","properties":{"q":"SWSE","ac":38.4},"geometry":{"type":"Polygon","coordinates":[[[-107.325001,43.213493],[-107.32978,43.213553],[-107.329768,43.217158],[-107.324992,43.217095],[-107.325001,43.213493]]]}},{"type":"Feature","properties":{"q":"NENE","ac":38.2},"geometry":{"type":"Polygon","coordinates":[[[-107.300823,43.267603],[-107.305624,43.267615],[-107.305577,43.271202],[-107.300846,43.271205],[-107.300823,43.267603]]]}},{"type":"Feature","properties":{"q":"SWNW","ac":39.4},"geometry":{"type":"Polygon","coordinates":[[[-107.300666,43.249695],[-107.301318,43.253242],[-107.296127,43.253031],[-107.295758,43.249548],[-107.300666,43.249695]]]}},{"type":"Feature","properties":{"q":"NWSE","ac":40.5},"geometry":{"type":"Polygon","coordinates":[[[-107.324635,43.264162],[-107.324611,43.260543],[-107.329623,43.260604],[-107.329669,43.264225],[-107.324635,43.264162]]]}},{"type":"Feature","properties":{"q":"NENW","ac":40.0},"geometry":{"type":"Polygon","coordinates":[[[-107.310148,43.281977],[-107.315083,43.281964],[-107.31509,43.285579],[-107.310095,43.285597],[-107.310148,43.281977]]]}},{"type":"Feature","properties":{"q":"NENE","ac":41.5},"geometry":{"type":"Polygon","coordinates":[[[-107.279969,43.223511],[-107.285112,43.223684],[-107.285125,43.227304],[-107.279993,43.227138],[-107.279969,43.223511]]]}},{"type":"Feature","properties":{"q":"SWNW","ac":40.0},"geometry":{"type":"Polygon","coordinates":[[[-107.28004,43.234332],[-107.280083,43.238064],[-107.275272,43.238155],[-107.275203,43.23445],[-107.28004,43.234332]]]}},{"type":"Feature","properties":{"q":"SWNE","ac":41.6},"geometry":{"type":"Polygon","coordinates":[[[-107.28504,43.292658],[-107.290156,43.292736],[-107.290181,43.296373],[-107.285006,43.296286],[-107.28504,43.292658]]]}},{"type":"Feature","properties":{"q":"3","ac":37.8},"geometry":{"type":"Polygon","coordinates":[[[-107.305512,43.274784],[-107.305577,43.271202],[-107.310308,43.2712],[-107.310255,43.274779],[-107.305512,43.274784]]]}},{"type":"Feature","properties":{"q":"5","ac":36.3},"geometry":{"type":"Polygon","coordinates":[[[-107.315241,43.249653],[-107.319792,43.249639],[-107.319694,43.253253],[-107.315215,43.25325],[-107.315241,43.249653]]]}},{"type":"Feature","properties":{"q":"NESW","ac":41.2},"geometry":{"type":"Polygon","coordinates":[[[-107.290357,43.231088],[-107.29547,43.231263],[-107.295552,43.234887],[-107.290458,43.234705],[-107.290357,43.231088]]]}},{"type":"Feature","properties":{"q":"SESE","ac":40.8},"geometry":{"type":"Polygon","coordinates":[[[-107.300694,43.242331],[-107.300722,43.24233],[-107.305643,43.242288],[-107.30566,43.245984],[-107.30068,43.246013],[-107.300694,43.242331]]]}},{"type":"Feature","properties":{"q":"NWNE","ac":39.8},"geometry":{"type":"Polygon","coordinates":[[[-107.310148,43.281977],[-107.310095,43.285597],[-107.3051,43.285614],[-107.305274,43.28199],[-107.310148,43.281977]]]}},{"type":"Feature","properties":{"q":"SENE","ac":40.4},"geometry":{"type":"Polygon","coordinates":[[[-107.280794,43.267246],[-107.280901,43.263628],[-107.285896,43.263722],[-107.285812,43.267336],[-107.280794,43.267246]]]}},{"type":"Feature","properties":{"q":"2","ac":37.9},"geometry":{"type":"Polygon","coordinates":[[[-107.310202,43.278358],[-107.305448,43.278366],[-107.305512,43.274784],[-107.310255,43.274779],[-107.310202,43.278358]]]}},{"type":"Feature","properties":{"q":"4","ac":39.5},"geometry":{"type":"Polygon","coordinates":[[[-107.279831,43.296199],[-107.279736,43.299871],[-107.275407,43.299872],[-107.27493,43.299872],[-107.274978,43.296194],[-107.279831,43.296199]]]}},{"type":"Feature","properties":{"q":"SENW","ac":39.0},"geometry":{"type":"Polygon","coordinates":[[[-107.329874,43.293017],[-107.334744,43.293111],[-107.334769,43.296692],[-107.32987,43.296612],[-107.329874,43.293017]]]}},{"type":"Feature","properties":{"q":"1","ac":42.2},"geometry":{"type":"Polygon","coordinates":[[[-107.285398,43.242041],[-107.285567,43.245644],[-107.280374,43.245444],[-107.280126,43.241795],[-107.285398,43.242041]]]}},{"type":"Feature","properties":{"q":"SWSE","ac":41.4},"geometry":{"type":"Polygon","coordinates":[[[-107.291022,43.256241],[-107.290957,43.260028],[-107.285983,43.260019],[-107.286071,43.256315],[-107.291022,43.256241]]]}},{"type":"Feature","properties":{"q":"NESW","ac":39.3},"geometry":{"type":"Polygon","coordinates":[[[-107.329874,43.293017],[-107.329877,43.289401],[-107.334762,43.289503],[-107.334744,43.293111],[-107.329874,43.293017]]]}},{"type":"Feature","properties":{"q":"SESE","ac":40.6},"geometry":{"type":"Polygon","coordinates":[[[-107.280542,43.274484],[-107.280688,43.270865],[-107.285728,43.27095],[-107.285572,43.274561],[-107.280542,43.274484]]]}},{"type":"Feature","properties":{"q":"SESW","ac":40.1},"geometry":{"type":"Polygon","coordinates":[[[-107.310226,43.213415],[-107.315224,43.213424],[-107.315225,43.217023],[-107.310234,43.217013],[-107.310226,43.213415]]]}},{"type":"Feature","properties":{"q":"5","ac":36.2},"geometry":{"type":"Polygon","coordinates":[[[-107.310663,43.26044],[-107.31513,43.260461],[-107.315072,43.264076],[-107.310544,43.264052],[-107.310663,43.26044]]]}},{"type":"Feature","properties":{"q":"SENE","ac":39.0},"geometry":{"type":"Polygon","coordinates":[[[-107.324984,43.220697],[-107.324924,43.224336],[-107.3201,43.224268],[-107.320209,43.220631],[-107.324984,43.220697]]]}},{"type":"Feature","properties":{"q":"SESW","ac":39.3},"geometry":{"type":"Polygon","coordinates":[[[-107.275085,43.227248],[-107.275143,43.230848],[-107.270271,43.230962],[-107.270177,43.227359],[-107.275085,43.227248]]]}},{"type":"Feature","properties":{"q":"SENE","ac":39.6},"geometry":{"type":"Polygon","coordinates":[[[-107.320045,43.296459],[-107.320059,43.292827],[-107.324967,43.292922],[-107.324958,43.296536],[-107.320045,43.296459]]]}},{"type":"Feature","properties":{"q":"SWSE","ac":41.5},"geometry":{"type":"Polygon","coordinates":[[[-107.285187,43.230911],[-107.285125,43.227304],[-107.290258,43.227471],[-107.290357,43.231088],[-107.285187,43.230911]]]}},{"type":"Feature","properties":{"q":"SENE","ac":39.8},"geometry":{"type":"Polygon","coordinates":[[[-107.324635,43.264162],[-107.324699,43.26773],[-107.319685,43.267646],[-107.319601,43.264099],[-107.324635,43.264162]]]}},{"type":"Feature","properties":{"q":"SESW","ac":40.6},"geometry":{"type":"Polygon","coordinates":[[[-107.290767,43.271035],[-107.295806,43.27112],[-107.295686,43.274713],[-107.290603,43.274637],[-107.290767,43.271035]]]}},{"type":"Feature","properties":{"q":"3","ac":42.1},"geometry":{"type":"Polygon","coordinates":[[[-107.290564,43.238496],[-107.295617,43.238598],[-107.295682,43.242309],[-107.29067,43.242288],[-107.290564,43.238496]]]}},{"type":"Feature","properties":{"q":"SENW","ac":38.8},"geometry":{"type":"Polygon","coordinates":[[[-107.290849,43.249401],[-107.295758,43.249548],[-107.296127,43.253031],[-107.290936,43.252821],[-107.290849,43.249401]]]}},{"type":"Feature","properties":{"q":"4","ac":37.8},"geometry":{"type":"Polygon","coordinates":[[[-107.315176,43.23515],[-107.315234,43.238739],[-107.310509,43.238684],[-107.310425,43.235124],[-107.315176,43.23515]]]}},{"type":"Feature","properties":{"q":"SWSW","ac":40.6},"geometry":{"type":"Polygon","coordinates":[[[-107.275653,43.270862],[-107.280688,43.270865],[-107.280542,43.274484],[-107.275518,43.274479],[-107.275653,43.270862]]]}},{"type":"Feature","properties":{"q":"SENE","ac":38.9},"geometry":{"type":"Polygon","coordinates":[[[-107.305274,43.28199],[-107.3004,43.282003],[-107.300694,43.278374],[-107.305448,43.278366],[-107.305274,43.28199]]]}},{"type":"Feature","properties":{"q":"SESW","ac":38.9},"geometry":{"type":"Polygon","coordinates":[[[-107.270557,43.241925],[-107.275342,43.24186],[-107.275529,43.245489],[-107.270683,43.245534],[-107.270557,43.241925]]]}},{"type":"Feature","properties":{"q":"NENE","ac":39.4},"geometry":{"type":"Polygon","coordinates":[[[-107.320017,43.281951],[-107.324934,43.282068],[-107.324983,43.285674],[-107.320084,43.285562],[-107.320017,43.281951]]]}},{"type":"Feature","properties":{"q":"3","ac":39.6},"geometry":{"type":"Polygon","coordinates":[[[-107.27493,43.299872],[-107.270467,43.299873],[-107.270125,43.299873],[-107.270124,43.296189],[-107.274978,43.296194],[-107.27493,43.299872]]]}},{"type":"Feature","properties":{"q":"SWSE","ac":40.0},"geometry":{"type":"Polygon","coordinates":[[[-107.329894,43.24251],[-107.329815,43.246126],[-107.324853,43.246076],[-107.324942,43.242461],[-107.329894,43.24251]]]}},{"type":"Feature","properties":{"q":"4","ac":41.8},"geometry":{"type":"Polygon","coordinates":[[[-107.295308,43.300135],[-107.295258,43.296445],[-107.300335,43.296518],[-107.30041,43.300205],[-107.300231,43.300202],[-107.295308,43.300135]]]}},{"type":"Feature","properties":{"q":"SENW","ac":41.0},"geometry":{"type":"Polygon","coordinates":[[[-107.290156,43.292736],[-107.295209,43.292812],[-107.295258,43.296445],[-107.290181,43.296373],[-107.290156,43.292736]]]}},{"type":"Feature","properties":{"q":"NESW","ac":38.7},"geometry":{"type":"Polygon","coordinates":[[[-107.315149,43.231516],[-107.315176,43.23515],[-107.310425,43.235124],[-107.31034,43.23149],[-107.315149,43.231516]]]}},{"type":"Feature","properties":{"q":"NENE","ac":39.8},"geometry":{"type":"Polygon","coordinates":[[[-107.305589,43.238692],[-107.305643,43.242288],[-107.300722,43.24233],[-107.300694,43.242331],[-107.30067,43.2387],[-107.305589,43.238692]]]}},{"type":"Feature","properties":{"q":"SWNW","ac":40.4},"geometry":{"type":"Polygon","coordinates":[[[-107.275383,43.278097],[-107.280395,43.278103],[-107.280253,43.281722],[-107.27525,43.281714],[-107.275383,43.278097]]]}},{"type":"Feature","properties":{"q":"SWNW","ac":40.9},"geometry":{"type":"Polygon","coordinates":[[[-107.30038,43.220591],[-107.300451,43.224198],[-107.295353,43.224027],[-107.295317,43.220417],[-107.30038,43.220591]]]}},{"type":"Feature","properties":{"q":"NWNE","ac":39.4},"geometry":{"type":"Polygon","coordinates":[[[-107.32985,43.282185],[-107.329881,43.285785],[-107.324983,43.285674],[-107.324934,43.282068],[-107.32985,43.282185]]]}},{"type":"Feature","properties":{"q":"SWSW","ac":40.1},"geometry":{"type":"Polygon","coordinates":[[[-107.315224,43.213424],[-107.320222,43.213433],[-107.320216,43.217033],[-107.315225,43.217023],[-107.315224,43.213424]]]}},{"type":"Feature","properties":{"q":"3","ac":37.5},"geometry":{"type":"Polygon","coordinates":[[[-107.339316,43.231778],[-107.339316,43.232658],[-107.339317,43.235368],[-107.334652,43.235322],[-107.334632,43.23172],[-107.339316,43.231778]]]}},{"type":"Feature","properties":{"q":"1","ac":38.2},"geometry":{"type":"Polygon","coordinates":[[[-107.334596,43.224474],[-107.339281,43.224541],[-107.33929,43.225403],[-107.339316,43.228189],[-107.334612,43.228118],[-107.334596,43.224474]]]}},{"type":"Feature","properties":{"q":"NENE","ac":39.3},"geometry":{"type":"Polygon","coordinates":[[[-107.300451,43.224198],[-107.305351,43.224216],[-107.30539,43.22783],[-107.300523,43.227805],[-107.300451,43.224198]]]}},{"type":"Feature","properties":{"q":"NESW","ac":40.1},"geometry":{"type":"Polygon","coordinates":[[[-107.230244,43.288922],[-107.235236,43.288946],[-107.235244,43.292554],[-107.230243,43.292527],[-107.230244,43.288922]]]}},{"type":"Feature","properties":{"q":"SENE","ac":40.0},"geometry":{"type":"Polygon","coordinates":[[[-107.240368,43.220269],[-107.245358,43.2203],[-107.245377,43.223895],[-107.240387,43.223864],[-107.240368,43.220269]]]}},{"type":"Feature","properties":{"q":"SWSW","ac":41.7},"geometry":{"type":"Polygon","coordinates":[[[-107.235415,43.241871],[-107.240518,43.24198],[-107.240579,43.245619],[-107.235468,43.245566],[-107.235415,43.241871]]]}},{"type":"Feature","properties":{"q":"2","ac":40.6},"geometry":{"type":"Polygon","coordinates":[[[-107.26516,43.296161],[-107.270124,43.296189],[-107.270125,43.299873],[-107.265527,43.29983],[-107.265169,43.299826],[-107.26516,43.296161]]]}},{"type":"Feature","properties":{"q":"SESE","ac":40.1},"geometry":{"type":"Polygon","coordinates":[[[-107.245191,43.285345],[-107.245211,43.288956],[-107.240227,43.288971],[-107.240209,43.28536],[-107.245191,43.285345]]]}},{"type":"Feature","properties":{"q":"NENE","ac":40.5},"geometry":{"type":"Polygon","coordinates":[[[-107.220295,43.267268],[-107.225342,43.267279],[-107.225319,43.270881],[-107.220283,43.270869],[-107.220295,43.267268]]]}},{"type":"Feature","properties":{"q":"NWNE","ac":40.0},"geometry":{"type":"Polygon","coordinates":[[[-107.245377,43.223895],[-107.250367,43.223924],[-107.250385,43.227519],[-107.245395,43.227489],[-107.245377,43.223895]]]}},{"type":"Feature","properties":{"q":"SWNW","ac":40.8},"geometry":{"type":"Polygon","coordinates":[[[-107.260948,43.249195],[-107.260978,43.252801],[-107.255895,43.252818],[-107.25587,43.249211],[-107.260948,43.249195]]]}},{"type":"Feature","properties":{"q":"SENE","ac":40.5},"geometry":{"type":"Polygon","coordinates":[[[-107.220155,43.234761],[-107.225214,43.234748],[-107.225246,43.238318],[-107.2202,43.238387],[-107.220155,43.234761]]]}},{"type":"Feature","properties":{"q":"4","ac":40.4},"geometry":{"type":"Polygon","coordinates":[[[-107.255218,43.296143],[-107.260195,43.296132],[-107.260213,43.29978],[-107.255617,43.299781],[-107.255239,43.299781],[-107.255218,43.296143]]]}},{"type":"Feature","properties":{"q":"NWNW","ac":40.9},"geometry":{"type":"Polygon","coordinates":[[[-107.255895,43.252818],[-107.260978,43.252801],[-107.261008,43.256407],[-107.25592,43.256425],[-107.255895,43.252818]]]}},{"type":"Feature","properties":{"q":"NWNW","ac":40.8},"geometry":{"type":"Polygon","coordinates":[[[-107.240387,43.223864],[-107.240406,43.227459],[-107.23532,43.227473],[-107.235294,43.223873],[-107.240387,43.223864]]]}},{"type":"Feature","properties":{"q":"NESW","ac":40.1},"geometry":{"type":"Polygon","coordinates":[[[-107.255198,43.292536],[-107.250219,43.292551],[-107.250196,43.28894],[-107.255176,43.288925],[-107.255198,43.292536]]]}},{"type":"Feature","properties":{"q":"NWSE","ac":41.0},"geometry":{"type":"Polygon","coordinates":[[[-107.225181,43.231122],[-107.230254,43.231109],[-107.230273,43.234736],[-107.225214,43.234748],[-107.225181,43.231122]]]}},{"type":"Feature","properties":{"q":"SWSE","ac":38.7},"geometry":{"type":"Polygon","coordinates":[[[-107.265773,43.24199],[-107.270557,43.241925],[-107.270683,43.245534],[-107.265826,43.24558],[-107.265773,43.24199]]]}},{"type":"Feature","properties":{"q":"SWSE","ac":40.5},"geometry":{"type":"Polygon","coordinates":[[[-107.270619,43.270859],[-107.270495,43.274474],[-107.26547,43.274469],[-107.265584,43.270855],[-107.270619,43.270859]]]}},{"type":"Feature","properties":{"q":"NENE","ac":40.3},"geometry":{"type":"Polygon","coordinates":[[[-107.260978,43.252801],[-107.265957,43.252786],[-107.266036,43.256402],[-107.261008,43.256407],[-107.260978,43.252801]]]}},{"type":"Feature","properties":{"q":"SWNE","ac":40.1},"geometry":{"type":"Polygon","coordinates":[[[-107.245231,43.292566],[-107.250219,43.292551],[-107.250242,43.296153],[-107.245249,43.296172],[-107.245231,43.292566]]]}},{"type":"Feature","properties":{"q":"NWSE","ac":40.7},"geometry":{"type":"Polygon","coordinates":[[[-107.230458,43.260078],[-107.230423,43.263684],[-107.225365,43.263676],[-107.225388,43.260073],[-107.230458,43.260078]]]}},{"type":"Feature","properties":{"q":"NWNW","ac":41.0},"geometry":{"type":"Polygon","coordinates":[[[-107.235393,43.238297],[-107.240493,43.238344],[-107.240518,43.24198],[-107.235415,43.241871],[-107.235393,43.238297]]]}},{"type":"Feature","properties":{"q":"SESW","ac":41.1},"geometry":{"type":"Polygon","coordinates":[[[-107.230099,43.213054],[-107.235214,43.213067],[-107.23524,43.216667],[-107.230133,43.216661],[-107.230099,43.213054]]]}},{"type":"Feature","properties":{"q":"NWNE","ac":40.1},"geometry":{"type":"Polygon","coordinates":[[[-107.230273,43.281711],[-107.230246,43.285316],[-107.225264,43.285294],[-107.225278,43.281691],[-107.230273,43.281711]]]}},{"type":"Feature","properties":{"q":"NWSE","ac":41.6},"geometry":{"type":"Polygon","coordinates":[[[-107.290957,43.260028],[-107.290892,43.263816],[-107.285896,43.263722],[-107.285983,43.260019],[-107.290957,43.260028]]]}},{"type":"Feature","properties":{"q":"SENW","ac":39.3},"geometry":{"type":"Polygon","coordinates":[[[-107.270203,43.223747],[-107.270229,43.220134],[-107.275088,43.22001],[-107.275086,43.223629],[-107.270203,43.223747]]]}},{"type":"Feature","properties":{"q":"NWSW","ac":39.0},"geometry":{"type":"Polygon","coordinates":[[[-107.28004,43.234332],[-107.275203,43.23445],[-107.275143,43.230848],[-107.280016,43.230734],[-107.28004,43.234332]]]}},{"type":"Feature","properties":{"q":"NWNW","ac":41.1},"geometry":{"type":"Polygon","coordinates":[[[-107.300451,43.224198],[-107.300523,43.227805],[-107.29539,43.227638],[-107.295353,43.224027],[-107.300451,43.224198]]]}},{"type":"Feature","properties":{"q":"SWNE","ac":41.5},"geometry":{"type":"Polygon","coordinates":[[[-107.2851,43.220063],[-107.290253,43.220242],[-107.290256,43.223856],[-107.285112,43.223684],[-107.2851,43.220063]]]}},{"type":"Feature","properties":{"q":"SESW","ac":44.7},"geometry":{"type":"Polygon","coordinates":[[[-107.291022,43.256241],[-107.296496,43.256514],[-107.296171,43.260212],[-107.290957,43.260028],[-107.291022,43.256241]]]}},{"type":"Feature","properties":{"q":"NWSE","ac":39.7},"geometry":{"type":"Polygon","coordinates":[[[-107.305271,43.216999],[-107.310234,43.217013],[-107.310242,43.220611],[-107.305311,43.220601],[-107.305271,43.216999]]]}},{"type":"Feature","properties":{"q":"SWSE","ac":38.3},"geometry":{"type":"Polygon","coordinates":[[[-107.285256,43.213327],[-107.290249,43.213344],[-107.290251,43.216793],[-107.285178,43.216695],[-107.285256,43.213327]]]}},{"type":"Feature","properties":{"q":"2","ac":38.1},"geometry":{"type":"Polygon","coordinates":[[[-107.339293,43.250697],[-107.339322,43.253474],[-107.334585,43.25342],[-107.334602,43.249792],[-107.339283,43.249841],[-107.339293,43.250697]]]}},{"type":"Feature","properties":{"q":"4","ac":38.0},"geometry":{"type":"Polygon","coordinates":[[[-107.334767,43.242545],[-107.339464,43.242579],[-107.339443,43.243459],[-107.339374,43.24621],[-107.334685,43.246169],[-107.334767,43.242545]]]}},{"type":"Feature","properties":{"q":"4","ac":37.8},"geometry":{"type":"Polygon","coordinates":[[[-107.300846,43.271205],[-107.305577,43.271202],[-107.305512,43.274784],[-107.30077,43.27479],[-107.300846,43.271205]]]}},{"type":"Feature","properties":{"q":"NENW","ac":40.4},"geometry":{"type":"Polygon","coordinates":[[[-107.290829,43.267426],[-107.295826,43.267515],[-107.295806,43.27112],[-107.290767,43.271035],[-107.290829,43.267426]]]}},{"type":"Feature","properties":{"q":"NESE","ac":39.6},"geometry":{"type":"Polygon","coordinates":[[[-107.305535,43.235097],[-107.300645,43.235069],[-107.300583,43.231437],[-107.305461,43.231464],[-107.305535,43.235097]]]}},{"type":"Feature","properties":{"q":"4","ac":37.6},"geometry":{"type":"Polygon","coordinates":[[[-107.339316,43.228189],[-107.339316,43.22902],[-107.339316,43.231778],[-107.334632,43.23172],[-107.334612,43.228118],[-107.339316,43.228189]]]}},{"type":"Feature","properties":{"q":"SESW","ac":38.0},"geometry":{"type":"Polygon","coordinates":[[[-107.310308,43.2712],[-107.315038,43.271197],[-107.315057,43.274773],[-107.310255,43.274779],[-107.310308,43.2712]]]}},{"type":"Feature","properties":{"q":"NESW","ac":40.5},"geometry":{"type":"Polygon","coordinates":[[[-107.329623,43.260604],[-107.334633,43.260668],[-107.334696,43.264288],[-107.329669,43.264225],[-107.329623,43.260604]]]}},{"type":"Feature","properties":{"q":"4","ac":40.4},"geometry":{"type":"Polygon","coordinates":[[[-107.319726,43.300159],[-107.315135,43.300176],[-107.315124,43.296477],[-107.320045,43.296459],[-107.320031,43.300158],[-107.319726,43.300159]]]}},{"type":"Feature","properties":{"q":"SWSW","ac":39.2},"geometry":{"type":"Polygon","coordinates":[[[-107.315125,43.227879],[-107.319991,43.227905],[-107.319958,43.231541],[-107.315149,43.231516],[-107.315125,43.227879]]]}},{"type":"Feature","properties":{"q":"7","ac":37.7},"geometry":{"type":"Polygon","coordinates":[[[-107.310689,43.249666],[-107.31064,43.245955],[-107.315266,43.245991],[-107.315241,43.249653],[-107.310689,43.249666]]]}},{"type":"Feature","properties":{"q":"NESW","ac":39.7},"geometry":{"type":"Polygon","coordinates":[[[-107.270123,43.288935],[-107.27507,43.288948],[-107.275024,43.292565],[-107.270124,43.292551],[-107.270123,43.288935]]]}},{"type":"Feature","properties":{"q":"SENE","ac":39.6},"geometry":{"type":"Polygon","coordinates":[[[-107.305311,43.220601],[-107.305351,43.224216],[-107.300451,43.224198],[-107.30038,43.220591],[-107.300395,43.220591],[-107.305311,43.220601]]]}},{"type":"Feature","properties":{"q":"SESW","ac":38.5},"geometry":{"type":"Polygon","coordinates":[[[-107.334558,43.213614],[-107.334569,43.217222],[-107.329768,43.217158],[-107.32978,43.213553],[-107.334558,43.213614]]]}},{"type":"Feature","properties":{"q":"SENE","ac":41.6},"geometry":{"type":"Polygon","coordinates":[[[-107.279924,43.292579],[-107.28504,43.292658],[-107.285006,43.296286],[-107.279831,43.296199],[-107.279924,43.292579]]]}},{"type":"Feature","properties":{"q":"SENW","ac":39.5},"geometry":{"type":"Polygon","coordinates":[[[-107.310202,43.278358],[-107.315076,43.278349],[-107.315083,43.281964],[-107.310148,43.281977],[-107.310202,43.278358]]]}},{"type":"Feature","properties":{"q":"1","ac":38.6},"geometry":{"type":"Polygon","coordinates":[[[-107.334569,43.257047],[-107.334585,43.25342],[-107.339322,43.253474],[-107.339332,43.254316],[-107.339362,43.257108],[-107.334569,43.257047]]]}},{"type":"Feature","properties":{"q":"1","ac":40.5},"geometry":{"type":"Polygon","coordinates":[[[-107.300335,43.296518],[-107.305269,43.296506],[-107.305324,43.300199],[-107.305105,43.300199],[-107.30041,43.300205],[-107.300335,43.296518]]]}},{"type":"Feature","properties":{"q":"NWNE","ac":39.4},"geometry":{"type":"Polygon","coordinates":[[[-107.305589,43.238692],[-107.310509,43.238684],[-107.310592,43.242245],[-107.305671,43.242287],[-107.305643,43.242288],[-107.305589,43.238692]]]}},{"type":"Feature","properties":{"q":"NWNE","ac":39.9},"geometry":{"type":"Polygon","coordinates":[[[-107.324907,43.238844],[-107.329855,43.238893],[-107.329894,43.24251],[-107.324942,43.242461],[-107.324907,43.238844]]]}},{"type":"Feature","properties":{"q":"SWSW","ac":38.0},"geometry":{"type":"Polygon","coordinates":[[[-107.315038,43.271197],[-107.319769,43.271194],[-107.31986,43.274767],[-107.315057,43.274773],[-107.315038,43.271197]]]}},{"type":"Feature","properties":{"q":"SWSE","ac":40.4},"geometry":{"type":"Polygon","coordinates":[[[-107.324611,43.260543],[-107.324586,43.256924],[-107.329578,43.256983],[-107.329623,43.260604],[-107.324611,43.260543]]]}},{"type":"Feature","properties":{"q":"NWSE","ac":41.8},"geometry":{"type":"Polygon","coordinates":[[[-107.285187,43.230911],[-107.290357,43.231088],[-107.290458,43.234705],[-107.285249,43.234519],[-107.285187,43.230911]]]}},{"type":"Feature","properties":{"q":"NWNE","ac":40.4},"geometry":{"type":"Polygon","coordinates":[[[-107.290108,43.285486],[-107.285109,43.285414],[-107.285263,43.281792],[-107.290273,43.281862],[-107.290108,43.285486]]]}},{"type":"Feature","properties":{"q":"NENW","ac":40.9},"geometry":{"type":"Polygon","coordinates":[[[-107.290936,43.252821],[-107.296127,43.253031],[-107.296496,43.256514],[-107.291022,43.256241],[-107.290936,43.252821]]]}},{"type":"Feature","properties":{"q":"NWNW","ac":40.6},"geometry":{"type":"Polygon","coordinates":[[[-107.275904,43.252756],[-107.280871,43.252741],[-107.281119,43.25639],[-107.276091,43.256394],[-107.275904,43.252756]]]}},{"type":"Feature","properties":{"q":"NWNE","ac":40.2},"geometry":{"type":"Polygon","coordinates":[[[-107.324675,43.253308],[-107.329657,43.253363],[-107.329578,43.256983],[-107.324586,43.256924],[-107.324675,43.253308]]]}},{"type":"Feature","properties":{"q":"SENW","ac":39.5},"geometry":{"type":"Polygon","coordinates":[[[-107.270124,43.292551],[-107.275024,43.292565],[-107.274978,43.296194],[-107.270124,43.296189],[-107.270124,43.292551]]]}},{"type":"Feature","properties":{"q":"NESE","ac":40.7},"geometry":{"type":"Polygon","coordinates":[[[-107.285983,43.260019],[-107.285896,43.263722],[-107.280901,43.263628],[-107.28101,43.260009],[-107.285983,43.260019]]]}},{"type":"Feature","properties":{"q":"SWSE","ac":40.6},"geometry":{"type":"Polygon","coordinates":[[[-107.285109,43.285414],[-107.290108,43.285486],[-107.290132,43.289111],[-107.285075,43.289036],[-107.285109,43.285414]]]}},{"type":"Feature","properties":{"q":"8","ac":37.2},"geometry":{"type":"Polygon","coordinates":[[[-107.319891,43.246026],[-107.319792,43.249639],[-107.315241,43.249653],[-107.315266,43.245991],[-107.319891,43.246026]]]}},{"type":"Feature","properties":{"q":"SESW","ac":38.3},"geometry":{"type":"Polygon","coordinates":[[[-107.310592,43.242245],[-107.315291,43.242329],[-107.315266,43.245991],[-107.31064,43.245955],[-107.310592,43.242245]]]}},{"type":"Feature","properties":{"q":"SWNE","ac":40.9},"geometry":{"type":"Polygon","coordinates":[[[-107.245716,43.249243],[-107.250792,43.249227],[-107.250812,43.252835],[-107.24573,43.252852],[-107.245716,43.249243]]]}},{"type":"Feature","properties":{"q":"NWSW","ac":40.1},"geometry":{"type":"Polygon","coordinates":[[[-107.255176,43.288925],[-107.260156,43.28891],[-107.260177,43.292521],[-107.255198,43.292536],[-107.255176,43.288925]]]}},{"type":"Feature","properties":{"q":"NWNE","ac":40.1},"geometry":{"type":"Polygon","coordinates":[[[-107.250173,43.285329],[-107.245191,43.285345],[-107.245257,43.281734],[-107.250251,43.281719],[-107.250173,43.285329]]]}},{"type":"Feature","properties":{"q":"NESE","ac":40.3},"geometry":{"type":"Polygon","coordinates":[[[-107.220283,43.27447],[-107.225305,43.274485],[-107.225291,43.278088],[-107.220283,43.278071],[-107.220283,43.27447]]]}},{"type":"Feature","properties":{"q":"NWSE","ac":39.3},"geometry":{"type":"Polygon","coordinates":[[[-107.265826,43.24558],[-107.270683,43.245534],[-107.27081,43.249144],[-107.265879,43.249169],[-107.265826,43.24558]]]}},{"type":"Feature","properties":{"q":"NESE","ac":40.0},"geometry":{"type":"Polygon","coordinates":[[[-107.240349,43.216675],[-107.24534,43.216705],[-107.245358,43.2203],[-107.240368,43.220269],[-107.240349,43.216675]]]}},{"type":"Feature","properties":{"q":"SESE","ac":40.5},"geometry":{"type":"Polygon","coordinates":[[[-107.265923,43.260016],[-107.260893,43.260018],[-107.261008,43.256407],[-107.266036,43.256402],[-107.265923,43.260016]]]}},{"type":"Feature","properties":{"q":"NWNE","ac":40.5},"geometry":{"type":"Polygon","coordinates":[[[-107.225319,43.270881],[-107.225342,43.267279],[-107.230389,43.267289],[-107.230354,43.270894],[-107.225319,43.270881]]]}},{"type":"Feature","properties":{"q":"SWSW","ac":40.0},"geometry":{"type":"Polygon","coordinates":[[[-107.260298,43.213197],[-107.260314,43.216792],[-107.255322,43.216763],[-107.255306,43.213167],[-107.260298,43.213197]]]}},{"type":"Feature","properties":{"q":"NESE","ac":40.1},"geometry":{"type":"Polygon","coordinates":[[[-107.260156,43.28891],[-107.26514,43.288923],[-107.26515,43.292536],[-107.260177,43.292521],[-107.260156,43.28891]]]}},{"type":"Feature","properties":{"q":"NWNE","ac":41.3},"geometry":{"type":"Polygon","coordinates":[[[-107.245576,43.238366],[-107.250659,43.238387],[-107.25075,43.242017],[-107.245634,43.241998],[-107.245576,43.238366]]]}},{"type":"Feature","properties":{"q":"SWSE","ac":41.1},"geometry":{"type":"Polygon","coordinates":[[[-107.25075,43.242017],[-107.250771,43.245622],[-107.245675,43.245621],[-107.245634,43.241998],[-107.25075,43.242017]]]}},{"type":"Feature","properties":{"q":"NESW","ac":40.0},"geometry":{"type":"Polygon","coordinates":[[[-107.250331,43.216734],[-107.255322,43.216763],[-107.255339,43.220359],[-107.250349,43.220329],[-107.250331,43.216734]]]}},{"type":"Feature","properties":{"q":"1","ac":39.9},"geometry":{"type":"Polygon","coordinates":[[[-107.22027,43.296072],[-107.225256,43.296082],[-107.225253,43.299669],[-107.220266,43.299672],[-107.22027,43.296072]]]}},{"type":"Feature","properties":{"q":"SESE","ac":40.0},"geometry":{"type":"Polygon","coordinates":[[[-107.220278,43.288872],[-107.220282,43.285272],[-107.225264,43.285294],[-107.225261,43.288897],[-107.220278,43.288872]]]}},{"type":"Feature","properties":{"q":"2","ac":39.8},"geometry":{"type":"Polygon","coordinates":[[[-107.230241,43.299666],[-107.225764,43.299669],[-107.225253,43.299669],[-107.225256,43.296082],[-107.230242,43.296091],[-107.230241,43.299666]]]}},{"type":"Feature","properties":{"q":"NWSW","ac":40.2},"geometry":{"type":"Polygon","coordinates":[[[-107.235244,43.292554],[-107.235236,43.288946],[-107.240227,43.288971],[-107.240244,43.292581],[-107.235244,43.292554]]]}},{"type":"Feature","properties":{"q":"NWSE","ac":40.3},"geometry":{"type":"Polygon","coordinates":[[[-107.225291,43.278088],[-107.225305,43.274485],[-107.230327,43.2745],[-107.2303,43.278106],[-107.225291,43.278088]]]}},{"type":"Feature","properties":{"q":"NENW","ac":40.5},"geometry":{"type":"Polygon","coordinates":[[[-107.230389,43.267289],[-107.235436,43.267299],[-107.235389,43.270907],[-107.230354,43.270894],[-107.230389,43.267289]]]}},{"type":"Feature","properties":{"q":"NENE","ac":39.5},"geometry":{"type":"Polygon","coordinates":[[[-107.265274,43.223865],[-107.265269,43.227469],[-107.260361,43.22758],[-107.260345,43.223984],[-107.265274,43.223865]]]}},{"type":"Feature","properties":{"q":"NENE","ac":40.5},"geometry":{"type":"Polygon","coordinates":[[[-107.240483,43.267309],[-107.245528,43.267292],[-107.245456,43.270902],[-107.240425,43.270919],[-107.240483,43.267309]]]}},{"type":"Feature","properties":{"q":"NESW","ac":41.1},"geometry":{"type":"Polygon","coordinates":[[[-107.230133,43.216661],[-107.23524,43.216667],[-107.235267,43.220271],[-107.230167,43.220269],[-107.230133,43.216661]]]}},{"type":"Feature","properties":{"q":"SESE","ac":41.3},"geometry":{"type":"Polygon","coordinates":[[[-107.240518,43.24198],[-107.245634,43.241998],[-107.245675,43.245621],[-107.240579,43.245619],[-107.240518,43.24198]]]}},{"type":"Feature","properties":{"q":"NENE","ac":40.9},"geometry":{"type":"Polygon","coordinates":[[[-107.240648,43.252869],[-107.24573,43.252852],[-107.245745,43.256461],[-107.240657,43.256479],[-107.240648,43.252869]]]}},{"type":"Feature","properties":{"q":"SWNW","ac":41.0},"geometry":{"type":"Polygon","coordinates":[[[-107.235371,43.234722],[-107.240468,43.234709],[-107.240493,43.238344],[-107.235393,43.238297],[-107.235371,43.234722]]]}},{"type":"Feature","properties":{"q":"SWNE","ac":40.3},"geometry":{"type":"Polygon","coordinates":[[[-107.270371,43.27809],[-107.270247,43.281705],[-107.265243,43.281696],[-107.265357,43.278083],[-107.270371,43.27809]]]}},{"type":"Feature","properties":{"q":"SENW","ac":40.2},"geometry":{"type":"Polygon","coordinates":[[[-107.25033,43.278108],[-107.255336,43.278092],[-107.255245,43.281703],[-107.250251,43.281719],[-107.25033,43.278108]]]}},{"type":"Feature","properties":{"q":"NWSE","ac":40.1},"geometry":{"type":"Polygon","coordinates":[[[-107.270123,43.288935],[-107.270124,43.292551],[-107.26515,43.292536],[-107.26514,43.288923],[-107.270123,43.288935]]]}},{"type":"Feature","properties":{"q":"NESW","ac":40.7},"geometry":{"type":"Polygon","coordinates":[[[-107.250567,43.234757],[-107.250476,43.231136],[-107.255498,43.231163],[-107.255623,43.234781],[-107.250567,43.234757]]]}},{"type":"Feature","properties":{"q":"SWNE","ac":39.9},"geometry":{"type":"Polygon","coordinates":[[[-107.225214,43.234748],[-107.230273,43.234736],[-107.230292,43.238249],[-107.225246,43.238318],[-107.225214,43.234748]]]}},{"type":"Feature","properties":{"q":"3","ac":40.1},"geometry":{"type":"Polygon","coordinates":[[[-107.230242,43.296091],[-107.235249,43.296141],[-107.235255,43.299744],[-107.230746,43.299674],[-107.230241,43.299666],[-107.230242,43.296091]]]}},{"type":"Feature","properties":{"q":"SWNW","ac":40.7},"geometry":{"type":"Polygon","coordinates":[[[-107.260779,43.263629],[-107.260664,43.267241],[-107.255619,43.267258],[-107.255719,43.263647],[-107.260779,43.263629]]]}},{"type":"Feature","properties":{"q":"SWNW","ac":40.2},"geometry":{"type":"Polygon","coordinates":[[[-107.255336,43.278092],[-107.260343,43.278075],[-107.260239,43.281687],[-107.255245,43.281703],[-107.255336,43.278092]]]}},{"type":"Feature","properties":{"q":"NWSW","ac":40.6},"geometry":{"type":"Polygon","coordinates":[[[-107.255869,43.245624],[-107.260968,43.245625],[-107.260948,43.249195],[-107.25587,43.249211],[-107.255869,43.245624]]]}},{"type":"Feature","properties":{"q":"SWNW","ac":41.0},"geometry":{"type":"Polygon","coordinates":[[[-107.260678,43.234805],[-107.260833,43.23843],[-107.255746,43.238409],[-107.255623,43.234781],[-107.260678,43.234805]]]}},{"type":"Feature","properties":{"q":"SESE","ac":40.9},"geometry":{"type":"Polygon","coordinates":[[[-107.245745,43.256461],[-107.245673,43.260072],[-107.240599,43.260089],[-107.240657,43.256479],[-107.245745,43.256461]]]}},{"type":"Feature","properties":{"q":"NWSE","ac":39.1},"geometry":{"type":"Polygon","coordinates":[[[-107.270271,43.230962],[-107.270365,43.234569],[-107.265522,43.234687],[-107.265395,43.231077],[-107.270271,43.230962]]]}},{"type":"Feature","properties":{"q":"NESW","ac":40.7},"geometry":{"type":"Polygon","coordinates":[[[-107.230458,43.260078],[-107.235528,43.260084],[-107.235482,43.263692],[-107.230423,43.263684],[-107.230458,43.260078]]]}},{"type":"Feature","properties":{"q":"NESE","ac":41.0},"geometry":{"type":"Polygon","coordinates":[[[-107.220108,43.231135],[-107.225181,43.231122],[-107.225214,43.234748],[-107.220155,43.234761],[-107.220108,43.231135]]]}},{"type":"Feature","properties":{"q":"SENW","ac":39.9},"geometry":{"type":"Polygon","coordinates":[[[-107.230243,43.292527],[-107.235244,43.292554],[-107.235249,43.296141],[-107.230242,43.296091],[-107.230243,43.292527]]]}},{"type":"Feature","properties":{"q":"NWSE","ac":40.4},"geometry":{"type":"Polygon","coordinates":[[[-107.26547,43.274469],[-107.270495,43.274474],[-107.270371,43.27809],[-107.265357,43.278083],[-107.26547,43.274469]]]}},{"type":"Feature","properties":{"q":"NWSW","ac":41.8},"geometry":{"type":"Polygon","coordinates":[[[-107.240579,43.245619],[-107.24064,43.249259],[-107.235522,43.249261],[-107.235468,43.245566],[-107.240579,43.245619]]]}},{"type":"Feature","properties":{"q":"SWNE","ac":40.2},"geometry":{"type":"Polygon","coordinates":[[[-107.245323,43.278124],[-107.25033,43.278108],[-107.250251,43.281719],[-107.245257,43.281734],[-107.245323,43.278124]]]}},{"type":"Feature","properties":{"q":"SENE","ac":40.5},"geometry":{"type":"Polygon","coordinates":[[[-107.26581,43.263629],[-107.265697,43.267242],[-107.260664,43.267241],[-107.260779,43.263629],[-107.26581,43.263629]]]}},{"type":"Feature","properties":{"q":"NESE","ac":39.2},"geometry":{"type":"Polygon","coordinates":[[[-107.265522,43.234687],[-107.260678,43.234805],[-107.26052,43.231191],[-107.265395,43.231077],[-107.265522,43.234687]]]}},{"type":"Feature","properties":{"q":"SESE","ac":41.1},"geometry":{"type":"Polygon","coordinates":[[[-107.220062,43.227509],[-107.225148,43.227495],[-107.225181,43.231122],[-107.220108,43.231135],[-107.220062,43.227509]]]}},{"type":"Feature","properties":{"q":"NENW","ac":41.3},"geometry":{"type":"Polygon","coordinates":[[[-107.250659,43.238387],[-107.255746,43.238409],[-107.255869,43.242036],[-107.25075,43.242017],[-107.250659,43.238387]]]}},{"type":"Feature","properties":{"q":"SENE","ac":41.1},"geometry":{"type":"Polygon","coordinates":[[[-107.240468,43.234709],[-107.245518,43.234733],[-107.245576,43.238366],[-107.240493,43.238344],[-107.240468,43.234709]]]}},{"type":"Feature","properties":{"q":"NENE","ac":40.0},"geometry":{"type":"Polygon","coordinates":[[[-107.225278,43.281691],[-107.225264,43.285294],[-107.220282,43.285272],[-107.220282,43.281671],[-107.225278,43.281691]]]}},{"type":"Feature","properties":{"q":"4","ac":40.4},"geometry":{"type":"Polygon","coordinates":[[[-107.235255,43.299744],[-107.235249,43.296141],[-107.240257,43.296191],[-107.24027,43.299822],[-107.235727,43.299751],[-107.235255,43.299744]]]}},{"type":"Feature","properties":{"q":"SESW","ac":41.1},"geometry":{"type":"Polygon","coordinates":[[[-107.230254,43.231109],[-107.230234,43.227485],[-107.23532,43.227473],[-107.235345,43.231095],[-107.230254,43.231109]]]}},{"type":"Feature","properties":{"q":"NWSE","ac":40.0},"geometry":{"type":"Polygon","coordinates":[[[-107.250331,43.216734],[-107.250349,43.220329],[-107.245358,43.2203],[-107.24534,43.216705],[-107.250331,43.216734]]]}},{"type":"Feature","properties":{"q":"SWNE","ac":40.2},"geometry":{"type":"Polygon","coordinates":[[[-107.225291,43.278088],[-107.2303,43.278106],[-107.230273,43.281711],[-107.225278,43.281691],[-107.225291,43.278088]]]}},{"type":"Feature","properties":{"q":"SESE","ac":40.4},"geometry":{"type":"Polygon","coordinates":[[[-107.240437,43.231082],[-107.240406,43.227459],[-107.245395,43.227489],[-107.245457,43.231109],[-107.240437,43.231082]]]}},{"type":"Feature","properties":{"q":"SENW","ac":41.0},"geometry":{"type":"Polygon","coordinates":[[[-107.255623,43.234781],[-107.255746,43.238409],[-107.250659,43.238387],[-107.250567,43.234757],[-107.255623,43.234781]]]}},{"type":"Feature","properties":{"q":"SENE","ac":39.7},"geometry":{"type":"Polygon","coordinates":[[[-107.265279,43.220261],[-107.265274,43.223865],[-107.260345,43.223984],[-107.260329,43.220388],[-107.265279,43.220261]]]}},{"type":"Feature","properties":{"q":"SWSW","ac":40.8},"geometry":{"type":"Polygon","coordinates":[[[-107.255869,43.242036],[-107.260988,43.242055],[-107.260968,43.245625],[-107.255869,43.245624],[-107.255869,43.242036]]]}},{"type":"Feature","properties":{"q":"NESE","ac":40.7},"geometry":{"type":"Polygon","coordinates":[[[-107.225388,43.260073],[-107.225365,43.263676],[-107.220306,43.263668],[-107.220317,43.260067],[-107.225388,43.260073]]]}},{"type":"Feature","properties":{"q":"NESE","ac":41.0},"geometry":{"type":"Polygon","coordinates":[[[-107.220297,43.245639],[-107.225328,43.245576],[-107.225377,43.249264],[-107.22035,43.249266],[-107.220297,43.245639]]]}},{"type":"Feature","properties":{"q":"SENE","ac":40.5},"geometry":{"type":"Polygon","coordinates":[[[-107.22035,43.249266],[-107.225377,43.249264],[-107.225394,43.252867],[-107.220339,43.252866],[-107.22035,43.249266]]]}},{"type":"Feature","properties":{"q":"NWNW","ac":41.0},"geometry":{"type":"Polygon","coordinates":[[[-107.235548,43.252869],[-107.240648,43.252869],[-107.240657,43.256479],[-107.235575,43.256476],[-107.235548,43.252869]]]}},{"type":"Feature","properties":{"q":"NENW","ac":40.1},"geometry":{"type":"Polygon","coordinates":[[[-107.235268,43.28173],[-107.235228,43.285338],[-107.230246,43.285316],[-107.230273,43.281711],[-107.235268,43.28173]]]}},{"type":"Feature","properties":{"q":"NESE","ac":40.0},"geometry":{"type":"Polygon","coordinates":[[[-107.220273,43.292473],[-107.220278,43.288872],[-107.225261,43.288897],[-107.225258,43.2925],[-107.220273,43.292473]]]}},{"type":"Feature","properties":{"q":"SESW","ac":40.8},"geometry":{"type":"Polygon","coordinates":[[[-107.230493,43.256473],[-107.235575,43.256476],[-107.235528,43.260084],[-107.230458,43.260078],[-107.230493,43.256473]]]}},{"type":"Feature","properties":{"q":"SWSE","ac":41.2},"geometry":{"type":"Polygon","coordinates":[[[-107.230133,43.216661],[-107.225025,43.216654],[-107.224984,43.213041],[-107.230099,43.213054],[-107.230133,43.216661]]]}},{"type":"Feature","properties":{"q":"SESW","ac":40.9},"geometry":{"type":"Polygon","coordinates":[[[-107.250833,43.256443],[-107.25592,43.256425],[-107.25582,43.260036],[-107.250746,43.260054],[-107.250833,43.256443]]]}},{"type":"Feature","properties":{"q":"SWSE","ac":40.4},"geometry":{"type":"Polygon","coordinates":[[[-107.245395,43.227489],[-107.250385,43.227519],[-107.250476,43.231136],[-107.245457,43.231109],[-107.245395,43.227489]]]}},{"type":"Feature","properties":{"q":"SENE","ac":41.1},"geometry":{"type":"Polygon","coordinates":[[[-107.225107,43.223882],[-107.220013,43.223886],[-107.219964,43.220263],[-107.225066,43.220268],[-107.225107,43.223882]]]}},{"type":"Feature","properties":{"q":"NENE","ac":40.7},"geometry":{"type":"Polygon","coordinates":[[[-107.225394,43.252867],[-107.225411,43.25647],[-107.220329,43.256467],[-107.220339,43.252866],[-107.225394,43.252867]]]}},{"type":"Feature","properties":{"q":"SWSE","ac":40.0},"geometry":{"type":"Polygon","coordinates":[[[-107.250313,43.213138],[-107.250331,43.216734],[-107.24534,43.216705],[-107.245321,43.213109],[-107.250313,43.213138]]]}},{"type":"Feature","properties":{"q":"SWNE","ac":40.0},"geometry":{"type":"Polygon","coordinates":[[[-107.250349,43.220329],[-107.250367,43.223924],[-107.245377,43.223895],[-107.245358,43.2203],[-107.250349,43.220329]]]}},{"type":"Feature","properties":{"q":"NWNE","ac":40.7},"geometry":{"type":"Polygon","coordinates":[[[-107.225394,43.252867],[-107.230448,43.252868],[-107.230493,43.256473],[-107.225411,43.25647],[-107.225394,43.252867]]]}},{"type":"Feature","properties":{"q":"SENE","ac":40.7},"geometry":{"type":"Polygon","coordinates":[[[-107.245528,43.267292],[-107.240483,43.267309],[-107.240541,43.263699],[-107.2456,43.263682],[-107.245528,43.267292]]]}},{"type":"Feature","properties":{"q":"SENW","ac":41.0},"geometry":{"type":"Polygon","coordinates":[[[-107.235267,43.220271],[-107.235294,43.223873],[-107.2302,43.223877],[-107.230167,43.220269],[-107.235267,43.220271]]]}},{"type":"Feature","properties":{"q":"SESE","ac":40.4},"geometry":{"type":"Polygon","coordinates":[[[-107.225305,43.274485],[-107.220283,43.27447],[-107.220283,43.270869],[-107.225319,43.270881],[-107.225305,43.274485]]]}},{"type":"Feature","properties":{"q":"NWSW","ac":40.0},"geometry":{"type":"Polygon","coordinates":[[[-107.255322,43.216763],[-107.260314,43.216792],[-107.260329,43.220388],[-107.255339,43.220359],[-107.255322,43.216763]]]}},{"type":"Feature","properties":{"q":"NESW","ac":40.3},"geometry":{"type":"Polygon","coordinates":[[[-107.230327,43.2745],[-107.235349,43.274515],[-107.235308,43.278123],[-107.2303,43.278106],[-107.230327,43.2745]]]}},{"type":"Feature","properties":{"q":"NWSW","ac":40.7},"geometry":{"type":"Polygon","coordinates":[[[-107.240541,43.263699],[-107.235482,43.263692],[-107.235528,43.260084],[-107.240599,43.260089],[-107.240541,43.263699]]]}},{"type":"Feature","properties":{"q":"NWSE","ac":40.8},"geometry":{"type":"Polygon","coordinates":[[[-107.245673,43.260072],[-107.250746,43.260054],[-107.25066,43.263665],[-107.2456,43.263682],[-107.245673,43.260072]]]}},{"type":"Feature","properties":{"q":"NENW","ac":40.9},"geometry":{"type":"Polygon","coordinates":[[[-107.2302,43.223877],[-107.235294,43.223873],[-107.23532,43.227473],[-107.230234,43.227485],[-107.2302,43.223877]]]}},{"type":"Feature","properties":{"q":"SWSW","ac":41.1},"geometry":{"type":"Polygon","coordinates":[[[-107.23532,43.227473],[-107.240406,43.227459],[-107.240437,43.231082],[-107.235345,43.231095],[-107.23532,43.227473]]]}},{"type":"Feature","properties":{"q":"NENE","ac":39.0},"geometry":{"type":"Polygon","coordinates":[[[-107.260833,43.23843],[-107.265647,43.238338],[-107.265773,43.24199],[-107.260988,43.242055],[-107.260833,43.23843]]]}},{"type":"Feature","properties":{"q":"SWSW","ac":41.0},"geometry":{"type":"Polygon","coordinates":[[[-107.240329,43.21308],[-107.240349,43.216675],[-107.23524,43.216667],[-107.235214,43.213067],[-107.240329,43.21308]]]}},{"type":"Feature","properties":{"q":"SENW","ac":41.1},"geometry":{"type":"Polygon","coordinates":[[[-107.230404,43.249263],[-107.235522,43.249261],[-107.235548,43.252869],[-107.230448,43.252868],[-107.230404,43.249263]]]}},{"type":"Feature","properties":{"q":"NWSE","ac":40.0},"geometry":{"type":"Polygon","coordinates":[[[-107.225261,43.288897],[-107.230244,43.288922],[-107.230243,43.292527],[-107.225258,43.2925],[-107.225261,43.288897]]]}},{"type":"Feature","properties":{"q":"SWNW","ac":40.1},"geometry":{"type":"Polygon","coordinates":[[[-107.235244,43.292554],[-107.240244,43.292581],[-107.240257,43.296191],[-107.235249,43.296141],[-107.235244,43.292554]]]}},{"type":"Feature","properties":{"q":"NENW","ac":40.9},"geometry":{"type":"Polygon","coordinates":[[[-107.235548,43.252869],[-107.235575,43.256476],[-107.230493,43.256473],[-107.230448,43.252868],[-107.235548,43.252869]]]}},{"type":"Feature","properties":{"q":"NWSE","ac":40.1},"geometry":{"type":"Polygon","coordinates":[[[-107.245211,43.288956],[-107.250196,43.28894],[-107.250219,43.292551],[-107.245231,43.292566],[-107.245211,43.288956]]]}},{"type":"Feature","properties":{"q":"SESW","ac":42.4},"geometry":{"type":"Polygon","coordinates":[[[-107.235415,43.241871],[-107.235468,43.245566],[-107.230358,43.245513],[-107.230311,43.241763],[-107.235415,43.241871]]]}},{"type":"Feature","properties":{"q":"NWSE","ac":41.1},"geometry":{"type":"Polygon","coordinates":[[[-107.230133,43.216661],[-107.230167,43.220269],[-107.225066,43.220268],[-107.225025,43.216654],[-107.230133,43.216661]]]}},{"type":"Feature","properties":{"q":"NESE","ac":40.8},"geometry":{"type":"Polygon","coordinates":[[[-107.240599,43.260089],[-107.245673,43.260072],[-107.2456,43.263682],[-107.240541,43.263699],[-107.240599,43.260089]]]}},{"type":"Feature","properties":{"q":"NWNE","ac":40.5},"geometry":{"type":"Polygon","coordinates":[[[-107.245528,43.267292],[-107.250573,43.267275],[-107.250487,43.270886],[-107.245456,43.270902],[-107.245528,43.267292]]]}},{"type":"Feature","properties":{"q":"NWSW","ac":41.0},"geometry":{"type":"Polygon","coordinates":[[[-107.235267,43.220271],[-107.23524,43.216667],[-107.240349,43.216675],[-107.240368,43.220269],[-107.235267,43.220271]]]}},{"type":"Feature","properties":{"q":"SESE","ac":40.0},"geometry":{"type":"Polygon","coordinates":[[[-107.245321,43.213109],[-107.24534,43.216705],[-107.240349,43.216675],[-107.240329,43.21308],[-107.245321,43.213109]]]}},{"type":"Feature","properties":{"q":"SWNE","ac":39.5},"geometry":{"type":"Polygon","coordinates":[[[-107.270461,43.238247],[-107.265647,43.238338],[-107.265522,43.234687],[-107.270365,43.234569],[-107.270461,43.238247]]]}},{"type":"Feature","properties":{"q":"SENW","ac":40.3},"geometry":{"type":"Polygon","coordinates":[[[-107.230292,43.238249],[-107.230273,43.234736],[-107.235371,43.234722],[-107.235393,43.238297],[-107.230292,43.238249]]]}},{"type":"Feature","properties":{"q":"NENW","ac":40.1},"geometry":{"type":"Polygon","coordinates":[[[-107.250251,43.281719],[-107.255245,43.281703],[-107.255154,43.285314],[-107.250173,43.285329],[-107.250251,43.281719]]]}},{"type":"Feature","properties":{"q":"SWSE","ac":40.2},"geometry":{"type":"Polygon","coordinates":[[[-107.26514,43.288923],[-107.265129,43.285309],[-107.270123,43.28532],[-107.270123,43.288935],[-107.26514,43.288923]]]}},{"type":"Feature","properties":{"q":"SWSE","ac":41.7},"geometry":{"type":"Polygon","coordinates":[[[-107.225278,43.241888],[-107.230311,43.241763],[-107.230358,43.245513],[-107.225328,43.245576],[-107.225278,43.241888]]]}},{"type":"Feature","properties":{"q":"SWNE","ac":40.6},"geometry":{"type":"Polygon","coordinates":[[[-107.230423,43.263684],[-107.230389,43.267289],[-107.225342,43.267279],[-107.225365,43.263676],[-107.230423,43.263684]]]}},{"type":"Feature","properties":{"q":"NESE","ac":39.4},"geometry":{"type":"Polygon","coordinates":[[[-107.260314,43.216792],[-107.265284,43.216743],[-107.265279,43.220261],[-107.260329,43.220388],[-107.260314,43.216792]]]}},{"type":"Feature","properties":{"q":"NWSW","ac":40.8},"geometry":{"type":"Polygon","coordinates":[[[-107.25582,43.260036],[-107.260893,43.260018],[-107.260779,43.263629],[-107.255719,43.263647],[-107.25582,43.260036]]]}},{"type":"Feature","properties":{"q":"NWNE","ac":39.2},"geometry":{"type":"Polygon","coordinates":[[[-107.270557,43.241925],[-107.265773,43.24199],[-107.265647,43.238338],[-107.270461,43.238247],[-107.270557,43.241925]]]}},{"type":"Feature","properties":{"q":"SENE","ac":40.9},"geometry":{"type":"Polygon","coordinates":[[[-107.24064,43.249259],[-107.245716,43.249243],[-107.24573,43.252852],[-107.240648,43.252869],[-107.24064,43.249259]]]}},{"type":"Feature","properties":{"q":"SESE","ac":40.4},"geometry":{"type":"Polygon","coordinates":[[[-107.240425,43.270919],[-107.245456,43.270902],[-107.24539,43.274513],[-107.240371,43.274529],[-107.240425,43.270919]]]}},{"type":"Feature","properties":{"q":"NENW","ac":40.0},"geometry":{"type":"Polygon","coordinates":[[[-107.250367,43.223924],[-107.255356,43.223954],[-107.255373,43.22755],[-107.250385,43.227519],[-107.250367,43.223924]]]}},{"type":"Feature","properties":{"q":"SWNE","ac":40.5},"geometry":{"type":"Polygon","coordinates":[[[-107.230404,43.249263],[-107.230448,43.252868],[-107.225394,43.252867],[-107.225377,43.249264],[-107.230404,43.249263]]]}},{"type":"Feature","properties":{"q":"NENE","ac":40.1},"geometry":{"type":"Polygon","coordinates":[[[-107.240209,43.28536],[-107.240263,43.28175],[-107.245257,43.281734],[-107.245191,43.285345],[-107.240209,43.28536]]]}},{"type":"Feature","properties":{"q":"SWNE","ac":40.5},"geometry":{"type":"Polygon","coordinates":[[[-107.26581,43.263629],[-107.270841,43.263629],[-107.27073,43.267244],[-107.265697,43.267242],[-107.26581,43.263629]]]}},{"type":"Feature","properties":{"q":"SWNW","ac":40.0},"geometry":{"type":"Polygon","coordinates":[[[-107.260177,43.292521],[-107.260195,43.296132],[-107.255218,43.296143],[-107.255198,43.292536],[-107.260177,43.292521]]]}},{"type":"Feature","properties":{"q":"SWNE","ac":41.1},"geometry":{"type":"Polygon","coordinates":[[[-107.2302,43.223877],[-107.225107,43.223882],[-107.225066,43.220268],[-107.230167,43.220269],[-107.2302,43.223877]]]}},{"type":"Feature","properties":{"q":"SWSE","ac":40.8},"geometry":{"type":"Polygon","coordinates":[[[-107.230458,43.260078],[-107.225388,43.260073],[-107.225411,43.25647],[-107.230493,43.256473],[-107.230458,43.260078]]]}},{"type":"Feature","properties":{"q":"SWNW","ac":40.0},"geometry":{"type":"Polygon","coordinates":[[[-107.255339,43.220359],[-107.260329,43.220388],[-107.260345,43.223984],[-107.255356,43.223954],[-107.255339,43.220359]]]}},{"type":"Feature","properties":{"q":"SWSE","ac":40.5},"geometry":{"type":"Polygon","coordinates":[[[-107.265923,43.260016],[-107.266036,43.256402],[-107.271064,43.256398],[-107.270952,43.260014],[-107.265923,43.260016]]]}},{"type":"Feature","properties":{"q":"NWNE","ac":39.6},"geometry":{"type":"Polygon","coordinates":[[[-107.265274,43.223865],[-107.270203,43.223747],[-107.270177,43.227359],[-107.265269,43.227469],[-107.265274,43.223865]]]}},{"type":"Feature","properties":{"q":"SWSE","ac":41.1},"geometry":{"type":"Polygon","coordinates":[[[-107.225148,43.227495],[-107.230234,43.227485],[-107.230254,43.231109],[-107.225181,43.231122],[-107.225148,43.227495]]]}},{"type":"Feature","properties":{"q":"SENE","ac":40.6},"geometry":{"type":"Polygon","coordinates":[[[-107.225342,43.267279],[-107.220295,43.267268],[-107.220306,43.263668],[-107.225365,43.263676],[-107.225342,43.267279]]]}},{"type":"Feature","properties":{"q":"2","ac":40.4},"geometry":{"type":"Polygon","coordinates":[[[-107.250242,43.296153],[-107.250265,43.299783],[-107.245678,43.299801],[-107.245268,43.299802],[-107.245249,43.296172],[-107.250242,43.296153]]]}},{"type":"Feature","properties":{"q":"SWSW","ac":40.4},"geometry":{"type":"Polygon","coordinates":[[[-107.255518,43.270869],[-107.260549,43.270852],[-107.260446,43.274464],[-107.255427,43.27448],[-107.255518,43.270869]]]}},{"type":"Feature","properties":{"q":"NESE","ac":40.4},"geometry":{"type":"Polygon","coordinates":[[[-107.265357,43.278083],[-107.260343,43.278075],[-107.260446,43.274464],[-107.26547,43.274469],[-107.265357,43.278083]]]}},{"type":"Feature","properties":{"q":"SENW","ac":40.9},"geometry":{"type":"Polygon","coordinates":[[[-107.255895,43.252818],[-107.250812,43.252835],[-107.250792,43.249227],[-107.25587,43.249211],[-107.255895,43.252818]]]}},{"type":"Feature","properties":{"q":"SESW","ac":40.1},"geometry":{"type":"Polygon","coordinates":[[[-107.250173,43.285329],[-107.255154,43.285314],[-107.255176,43.288925],[-107.250196,43.28894],[-107.250173,43.285329]]]}},{"type":"Feature","properties":{"q":"SENE","ac":40.1},"geometry":{"type":"Polygon","coordinates":[[[-107.240244,43.292581],[-107.245231,43.292566],[-107.245249,43.296172],[-107.240257,43.296191],[-107.240244,43.292581]]]}},{"type":"Feature","properties":{"q":"SWSE","ac":40.9},"geometry":{"type":"Polygon","coordinates":[[[-107.245745,43.256461],[-107.250833,43.256443],[-107.250746,43.260054],[-107.245673,43.260072],[-107.245745,43.256461]]]}},{"type":"Feature","properties":{"q":"SESE","ac":39.4},"geometry":{"type":"Polygon","coordinates":[[[-107.265395,43.231077],[-107.26052,43.231191],[-107.260361,43.22758],[-107.265269,43.227469],[-107.265395,43.231077]]]}},{"type":"Feature","properties":{"q":"SESE","ac":41.0},"geometry":{"type":"Polygon","coordinates":[[[-107.225328,43.245576],[-107.220297,43.245639],[-107.220245,43.242013],[-107.225278,43.241888],[-107.225328,43.245576]]]}},{"type":"Feature","properties":{"q":"SWSE","ac":40.4},"geometry":{"type":"Polygon","coordinates":[[[-107.245456,43.270902],[-107.250487,43.270886],[-107.250408,43.274497],[-107.24539,43.274513],[-107.245456,43.270902]]]}},{"type":"Feature","properties":{"q":"NWSW","ac":41.2},"geometry":{"type":"Polygon","coordinates":[[[-107.235371,43.234722],[-107.235345,43.231095],[-107.240437,43.231082],[-107.240468,43.234709],[-107.235371,43.234722]]]}},{"type":"Feature","properties":{"q":"NESW","ac":42.4},"geometry":{"type":"Polygon","coordinates":[[[-107.235468,43.245566],[-107.235522,43.249261],[-107.230404,43.249263],[-107.230358,43.245513],[-107.235468,43.245566]]]}},{"type":"Feature","properties":{"q":"SESW","ac":40.4},"geometry":{"type":"Polygon","coordinates":[[[-107.230354,43.270894],[-107.235389,43.270907],[-107.235349,43.274515],[-107.230327,43.2745],[-107.230354,43.270894]]]}},{"type":"Feature","properties":{"q":"SESW","ac":40.4},"geometry":{"type":"Polygon","coordinates":[[[-107.250487,43.270886],[-107.255518,43.270869],[-107.255427,43.27448],[-107.250408,43.274497],[-107.250487,43.270886]]]}},{"type":"Feature","properties":{"q":"SESE","ac":41.2},"geometry":{"type":"Polygon","coordinates":[[[-107.219915,43.216638],[-107.219869,43.213027],[-107.224984,43.213041],[-107.225025,43.216654],[-107.219915,43.216638]]]}},{"type":"Feature","properties":{"q":"SWNE","ac":41.0},"geometry":{"type":"Polygon","coordinates":[[[-107.245576,43.238366],[-107.245518,43.234733],[-107.250567,43.234757],[-107.250659,43.238387],[-107.245576,43.238366]]]}},{"type":"Feature","properties":{"q":"NESE","ac":41.2},"geometry":{"type":"Polygon","coordinates":[[[-107.219915,43.216638],[-107.225025,43.216654],[-107.225066,43.220268],[-107.219964,43.220263],[-107.219915,43.216638]]]}},{"type":"Feature","properties":{"q":"SENE","ac":39.9},"geometry":{"type":"Polygon","coordinates":[[[-107.22027,43.296072],[-107.220273,43.292473],[-107.225258,43.2925],[-107.225256,43.296082],[-107.22027,43.296072]]]}},{"type":"Feature","properties":{"q":"SENE","ac":40.3},"geometry":{"type":"Polygon","coordinates":[[[-107.260343,43.278075],[-107.265357,43.278083],[-107.265243,43.281696],[-107.260239,43.281687],[-107.260343,43.278075]]]}},{"type":"Feature","properties":{"q":"SWNE","ac":39.7},"geometry":{"type":"Polygon","coordinates":[[[-107.270229,43.220134],[-107.270203,43.223747],[-107.265274,43.223865],[-107.265279,43.220261],[-107.270229,43.220134]]]}},{"type":"Feature","properties":{"q":"NWNE","ac":40.9},"geometry":{"type":"Polygon","coordinates":[[[-107.24573,43.252852],[-107.250812,43.252835],[-107.250833,43.256443],[-107.245745,43.256461],[-107.24573,43.252852]]]}}]}