{"type":"FeatureCollection","note":"BLM Public Land Survey System. Provided by the Bureau of Land Management as is. These data are neither legal documents nor land surveys and must not be used as such.","features":[{"type":"Feature","properties":{"q":"SESW","ac":39.8},"geometry":{"type":"Polygon","coordinates":[[[-105.569336,42.866991],[-105.569397,42.870627],[-105.564514,42.870632],[-105.564458,42.866996],[-105.569336,42.866991]]]}},{"type":"Feature","properties":{"q":"SWSE","ac":39.8},"geometry":{"type":"Polygon","coordinates":[[[-105.564458,42.866996],[-105.564514,42.870632],[-105.559631,42.870636],[-105.55958,42.867001],[-105.564458,42.866996]]]}},{"type":"Feature","properties":{"q":"SESE","ac":40.0},"geometry":{"type":"Polygon","coordinates":[[[-105.657883,42.86683],[-105.657925,42.870459],[-105.653014,42.870476],[-105.652977,42.866848],[-105.657883,42.86683]]]}},{"type":"Feature","properties":{"q":"4","ac":39.5},"geometry":{"type":"Polygon","coordinates":[[[-105.672588,42.870413],[-105.667752,42.870427],[-105.667703,42.8668],[-105.672582,42.866789],[-105.672588,42.870413]]]}},{"type":"Feature","properties":{"q":"SWSE","ac":39.9},"geometry":{"type":"Polygon","coordinates":[[[-105.61863,42.866952],[-105.623538,42.86695],[-105.623534,42.870576],[-105.618624,42.870578],[-105.61863,42.866952]]]}},{"type":"Feature","properties":{"q":"NWSE","ac":40.0},"geometry":{"type":"Polygon","coordinates":[[[-105.638268,42.870547],[-105.643183,42.870523],[-105.643202,42.874149],[-105.638277,42.87417],[-105.638268,42.870547]]]}},{"type":"Feature","properties":{"q":"SWSE","ac":40.2},"geometry":{"type":"Polygon","coordinates":[[[-105.603856,42.870619],[-105.598927,42.870638],[-105.598892,42.867007],[-105.603835,42.866989],[-105.603856,42.870619]]]}},{"type":"Feature","properties":{"q":"NESW","ac":40.0},"geometry":{"type":"Polygon","coordinates":[[[-105.643183,42.870523],[-105.648099,42.8705],[-105.648126,42.874127],[-105.643202,42.874149],[-105.643183,42.870523]]]}},{"type":"Feature","properties":{"q":"SESW","ac":40.0},"geometry":{"type":"Polygon","coordinates":[[[-105.662836,42.870441],[-105.662789,42.866811],[-105.667703,42.8668],[-105.667752,42.870427],[-105.662836,42.870441]]]}},{"type":"Feature","properties":{"q":"NESE","ac":40.0},"geometry":{"type":"Polygon","coordinates":[[[-105.618618,42.874205],[-105.613706,42.874209],[-105.613714,42.870581],[-105.618624,42.870578],[-105.618618,42.874205]]]}},{"type":"Feature","properties":{"q":"SESW","ac":39.9},"geometry":{"type":"Polygon","coordinates":[[[-105.643165,42.866898],[-105.648071,42.866873],[-105.648099,42.8705],[-105.643183,42.870523],[-105.643165,42.866898]]]}},{"type":"Feature","properties":{"q":"SWNE","ac":39.9},"geometry":{"type":"Polygon","coordinates":[[[-105.559683,42.874271],[-105.56457,42.874267],[-105.564627,42.877903],[-105.559735,42.877906],[-105.559683,42.874271]]]}},{"type":"Feature","properties":{"q":"SWSE","ac":40.2},"geometry":{"type":"Polygon","coordinates":[[[-105.584082,42.867005],[-105.584139,42.87064],[-105.579209,42.870631],[-105.579148,42.866995],[-105.584082,42.867005]]]}},{"type":"Feature","properties":{"q":"SESW","ac":40.2},"geometry":{"type":"Polygon","coordinates":[[[-105.603835,42.866989],[-105.608779,42.866971],[-105.608785,42.8706],[-105.603856,42.870619],[-105.603835,42.866989]]]}},{"type":"Feature","properties":{"q":"NESW","ac":40.1},"geometry":{"type":"Polygon","coordinates":[[[-105.603876,42.874249],[-105.603856,42.870619],[-105.608785,42.8706],[-105.608791,42.874229],[-105.603876,42.874249]]]}},{"type":"Feature","properties":{"q":"NESE","ac":40.1},"geometry":{"type":"Polygon","coordinates":[[[-105.593997,42.870656],[-105.598927,42.870638],[-105.598962,42.874269],[-105.594047,42.874288],[-105.593997,42.870656]]]}},{"type":"Feature","properties":{"q":"SENE","ac":40.2},"geometry":{"type":"Polygon","coordinates":[[[-105.574345,42.87426],[-105.57927,42.874267],[-105.579332,42.877903],[-105.57441,42.877897],[-105.574345,42.87426]]]}},{"type":"Feature","properties":{"q":"SWSW","ac":39.9},"geometry":{"type":"Polygon","coordinates":[[[-105.628446,42.866949],[-105.633353,42.866947],[-105.633353,42.87057],[-105.628443,42.870573],[-105.628446,42.866949]]]}},{"type":"Feature","properties":{"q":"SWNE","ac":40.1},"geometry":{"type":"Polygon","coordinates":[[[-105.57927,42.874267],[-105.584196,42.874274],[-105.584253,42.877909],[-105.579332,42.877903],[-105.57927,42.874267]]]}},{"type":"Feature","properties":{"q":"SESE","ac":39.9},"geometry":{"type":"Polygon","coordinates":[[[-105.618624,42.870578],[-105.613714,42.870581],[-105.613722,42.866953],[-105.61863,42.866952],[-105.618624,42.870578]]]}},{"type":"Feature","properties":{"q":"NWSW","ac":40.0},"geometry":{"type":"Polygon","coordinates":[[[-105.648099,42.8705],[-105.653014,42.870476],[-105.653051,42.874105],[-105.648126,42.874127],[-105.648099,42.8705]]]}},{"type":"Feature","properties":{"q":"NESW","ac":39.9},"geometry":{"type":"Polygon","coordinates":[[[-105.623534,42.870576],[-105.628443,42.870573],[-105.628441,42.874196],[-105.623529,42.874201],[-105.623534,42.870576]]]}},{"type":"Feature","properties":{"q":"SESE","ac":40.2},"geometry":{"type":"Polygon","coordinates":[[[-105.593948,42.867024],[-105.598892,42.867007],[-105.598927,42.870638],[-105.593997,42.870656],[-105.593948,42.867024]]]}},{"type":"Feature","properties":{"q":"NESW","ac":39.8},"geometry":{"type":"Polygon","coordinates":[[[-105.569458,42.874264],[-105.56457,42.874267],[-105.564514,42.870632],[-105.569397,42.870627],[-105.569458,42.874264]]]}},{"type":"Feature","properties":{"q":"SESW","ac":40.2},"geometry":{"type":"Polygon","coordinates":[[[-105.584082,42.867005],[-105.589015,42.867015],[-105.589068,42.870648],[-105.584139,42.87064],[-105.584082,42.867005]]]}},{"type":"Feature","properties":{"q":"NWSW","ac":40.1},"geometry":{"type":"Polygon","coordinates":[[[-105.589068,42.870648],[-105.593997,42.870656],[-105.594047,42.874288],[-105.589121,42.874281],[-105.589068,42.870648]]]}},{"type":"Feature","properties":{"q":"NESW","ac":40.0},"geometry":{"type":"Polygon","coordinates":[[[-105.662883,42.874071],[-105.662836,42.870441],[-105.667752,42.870427],[-105.667802,42.874053],[-105.662883,42.874071]]]}},{"type":"Feature","properties":{"q":"NWSE","ac":40.2},"geometry":{"type":"Polygon","coordinates":[[[-105.579209,42.870631],[-105.584139,42.87064],[-105.584196,42.874274],[-105.57927,42.874267],[-105.579209,42.870631]]]}},{"type":"Feature","properties":{"q":"SWSW","ac":40.2},"geometry":{"type":"Polygon","coordinates":[[[-105.589068,42.870648],[-105.589015,42.867015],[-105.593948,42.867024],[-105.593997,42.870656],[-105.589068,42.870648]]]}},{"type":"Feature","properties":{"q":"NWSE","ac":39.9},"geometry":{"type":"Polygon","coordinates":[[[-105.618624,42.870578],[-105.623534,42.870576],[-105.623529,42.874201],[-105.618618,42.874205],[-105.618624,42.870578]]]}},{"type":"Feature","properties":{"q":"NESE","ac":39.8},"geometry":{"type":"Polygon","coordinates":[[[-105.559631,42.870636],[-105.559683,42.874271],[-105.554796,42.874274],[-105.554749,42.870641],[-105.559631,42.870636]]]}},{"type":"Feature","properties":{"q":"NESW","ac":40.2},"geometry":{"type":"Polygon","coordinates":[[[-105.584139,42.87064],[-105.589068,42.870648],[-105.589121,42.874281],[-105.584196,42.874274],[-105.584139,42.87064]]]}},{"type":"Feature","properties":{"q":"NESE","ac":40.2},"geometry":{"type":"Polygon","coordinates":[[[-105.574345,42.87426],[-105.57428,42.870622],[-105.579209,42.870631],[-105.57927,42.874267],[-105.574345,42.87426]]]}},{"type":"Feature","properties":{"q":"NWSW","ac":40.1},"geometry":{"type":"Polygon","coordinates":[[[-105.608785,42.8706],[-105.613714,42.870581],[-105.613706,42.874209],[-105.608791,42.874229],[-105.608785,42.8706]]]}},{"type":"Feature","properties":{"q":"SENE","ac":39.9},"geometry":{"type":"Polygon","coordinates":[[[-105.559735,42.877906],[-105.554843,42.877908],[-105.554796,42.874274],[-105.559683,42.874271],[-105.559735,42.877906]]]}},{"type":"Feature","properties":{"q":"SWSW","ac":39.8},"geometry":{"type":"Polygon","coordinates":[[[-105.569336,42.866991],[-105.574215,42.866985],[-105.57428,42.870622],[-105.569397,42.870627],[-105.569336,42.866991]]]}},{"type":"Feature","properties":{"q":"NWSW","ac":39.9},"geometry":{"type":"Polygon","coordinates":[[[-105.569458,42.874264],[-105.569397,42.870627],[-105.57428,42.870622],[-105.574345,42.87426],[-105.569458,42.874264]]]}},{"type":"Feature","properties":{"q":"SWSW","ac":40.2},"geometry":{"type":"Polygon","coordinates":[[[-105.613714,42.870581],[-105.608785,42.8706],[-105.608779,42.866971],[-105.613722,42.866953],[-105.613714,42.870581]]]}},{"type":"Feature","properties":{"q":"NWSE","ac":40.0},"geometry":{"type":"Polygon","coordinates":[[[-105.657925,42.870459],[-105.662836,42.870441],[-105.662883,42.874071],[-105.657967,42.874088],[-105.657925,42.870459]]]}},{"type":"Feature","properties":{"q":"3","ac":39.1},"geometry":{"type":"Polygon","coordinates":[[[-105.672588,42.870413],[-105.672593,42.874036],[-105.667802,42.874053],[-105.667752,42.870427],[-105.672588,42.870413]]]}},{"type":"Feature","properties":{"q":"SESE","ac":39.8},"geometry":{"type":"Polygon","coordinates":[[[-105.554701,42.867007],[-105.55958,42.867001],[-105.559631,42.870636],[-105.554749,42.870641],[-105.554701,42.867007]]]}},{"type":"Feature","properties":{"q":"NESE","ac":40.0},"geometry":{"type":"Polygon","coordinates":[[[-105.633353,42.874192],[-105.633353,42.87057],[-105.638268,42.870547],[-105.638277,42.87417],[-105.633353,42.874192]]]}},{"type":"Feature","properties":{"q":"NWSE","ac":39.8},"geometry":{"type":"Polygon","coordinates":[[[-105.564514,42.870632],[-105.56457,42.874267],[-105.559683,42.874271],[-105.559631,42.870636],[-105.564514,42.870632]]]}},{"type":"Feature","properties":{"q":"SWSE","ac":40.0},"geometry":{"type":"Polygon","coordinates":[[[-105.657883,42.86683],[-105.662789,42.866811],[-105.662836,42.870441],[-105.657925,42.870459],[-105.657883,42.86683]]]}},{"type":"Feature","properties":{"q":"SWSW","ac":40.0},"geometry":{"type":"Polygon","coordinates":[[[-105.648071,42.866873],[-105.652977,42.866848],[-105.653014,42.870476],[-105.648099,42.8705],[-105.648071,42.866873]]]}},{"type":"Feature","properties":{"q":"NESE","ac":40.0},"geometry":{"type":"Polygon","coordinates":[[[-105.653014,42.870476],[-105.657925,42.870459],[-105.657967,42.874088],[-105.653051,42.874105],[-105.653014,42.870476]]]}},{"type":"Feature","properties":{"q":"SESE","ac":39.9},"geometry":{"type":"Polygon","coordinates":[[[-105.638259,42.866923],[-105.638268,42.870547],[-105.633353,42.87057],[-105.633353,42.866947],[-105.638259,42.866923]]]}},{"type":"Feature","properties":{"q":"SESE","ac":40.2},"geometry":{"type":"Polygon","coordinates":[[[-105.57428,42.870622],[-105.574215,42.866985],[-105.579148,42.866995],[-105.579209,42.870631],[-105.57428,42.870622]]]}},{"type":"Feature","properties":{"q":"NWSW","ac":39.9},"geometry":{"type":"Polygon","coordinates":[[[-105.628443,42.870573],[-105.633353,42.87057],[-105.633353,42.874192],[-105.628441,42.874196],[-105.628443,42.870573]]]}},{"type":"Feature","properties":{"q":"SWNW","ac":39.9},"geometry":{"type":"Polygon","coordinates":[[[-105.574345,42.87426],[-105.57441,42.877897],[-105.569518,42.8779],[-105.569458,42.874264],[-105.574345,42.87426]]]}},{"type":"Feature","properties":{"q":"SESW","ac":39.9},"geometry":{"type":"Polygon","coordinates":[[[-105.623538,42.86695],[-105.628446,42.866949],[-105.628443,42.870573],[-105.623534,42.870576],[-105.623538,42.86695]]]}},{"type":"Feature","properties":{"q":"SWSE","ac":39.9},"geometry":{"type":"Polygon","coordinates":[[[-105.638259,42.866923],[-105.643165,42.866898],[-105.643183,42.870523],[-105.638268,42.870547],[-105.638259,42.866923]]]}},{"type":"Feature","properties":{"q":"SENW","ac":39.9},"geometry":{"type":"Polygon","coordinates":[[[-105.56457,42.874267],[-105.569458,42.874264],[-105.569518,42.8779],[-105.564627,42.877903],[-105.56457,42.874267]]]}},{"type":"Feature","properties":{"q":"NWSE","ac":40.1},"geometry":{"type":"Polygon","coordinates":[[[-105.598927,42.870638],[-105.603856,42.870619],[-105.603876,42.874249],[-105.598962,42.874269],[-105.598927,42.870638]]]}},{"type":"Feature","properties":{"q":"SENE","ac":39.9},"geometry":{"type":"Polygon","coordinates":[[[-105.653357,42.950262],[-105.653359,42.94664],[-105.658278,42.946654],[-105.658282,42.950277],[-105.653357,42.950262]]]}},{"type":"Feature","properties":{"q":"NWNW","ac":40.1},"geometry":{"type":"Polygon","coordinates":[[[-105.608888,42.935921],[-105.613813,42.935914],[-105.613817,42.939548],[-105.608896,42.939551],[-105.608888,42.935921]]]}},{"type":"Feature","properties":{"q":"SENW","ac":40.0},"geometry":{"type":"Polygon","coordinates":[[[-105.569542,42.946897],[-105.569567,42.950518],[-105.564632,42.950547],[-105.564611,42.946925],[-105.569542,42.946897]]]}},{"type":"Feature","properties":{"q":"NWNW","ac":39.9},"geometry":{"type":"Polygon","coordinates":[[[-105.628437,42.881443],[-105.628439,42.87782],[-105.633352,42.877814],[-105.633352,42.881436],[-105.628437,42.881443]]]}},{"type":"Feature","properties":{"q":"SENW","ac":40.1},"geometry":{"type":"Polygon","coordinates":[[[-105.628572,42.92135],[-105.623642,42.921358],[-105.623622,42.917728],[-105.628551,42.917721],[-105.628572,42.92135]]]}},{"type":"Feature","properties":{"q":"SWNE","ac":40.1},"geometry":{"type":"Polygon","coordinates":[[[-105.658061,42.917634],[-105.662988,42.917632],[-105.663017,42.921262],[-105.658091,42.921262],[-105.658061,42.917634]]]}},{"type":"Feature","properties":{"q":"NWSE","ac":40.0},"geometry":{"type":"Polygon","coordinates":[[[-105.618782,42.943151],[-105.623712,42.943132],[-105.623738,42.946755],[-105.618813,42.946774],[-105.618782,42.943151]]]}},{"type":"Feature","properties":{"q":"SENE","ac":40.0},"geometry":{"type":"Polygon","coordinates":[[[-105.559695,42.903352],[-105.559675,42.906988],[-105.554764,42.906994],[-105.55479,42.903358],[-105.559695,42.903352]]]}},{"type":"Feature","properties":{"q":"SENW","ac":40.1},"geometry":{"type":"Polygon","coordinates":[[[-105.608888,42.935921],[-105.603963,42.935928],[-105.603951,42.932301],[-105.60888,42.93229],[-105.608888,42.935921]]]}},{"type":"Feature","properties":{"q":"NWNE","ac":40.0},"geometry":{"type":"Polygon","coordinates":[[[-105.603963,42.935928],[-105.603975,42.939555],[-105.599054,42.939558],[-105.599039,42.935935],[-105.603963,42.935928]]]}},{"type":"Feature","properties":{"q":"SWSE","ac":39.9},"geometry":{"type":"Polygon","coordinates":[[[-105.579308,42.92512],[-105.584225,42.925108],[-105.584232,42.928731],[-105.579311,42.928745],[-105.579308,42.92512]]]}},{"type":"Feature","properties":{"q":"NENW","ac":39.9},"geometry":{"type":"Polygon","coordinates":[[[-105.569469,42.936028],[-105.569473,42.939656],[-105.564567,42.939677],[-105.564556,42.936047],[-105.569469,42.936028]]]}},{"type":"Feature","properties":{"q":"SWNW","ac":39.9},"geometry":{"type":"Polygon","coordinates":[[[-105.628439,42.87782],[-105.628441,42.874196],[-105.633353,42.874192],[-105.633352,42.877814],[-105.628439,42.87782]]]}},{"type":"Feature","properties":{"q":"NWNW","ac":39.9},"geometry":{"type":"Polygon","coordinates":[[[-105.569518,42.8779],[-105.57441,42.877897],[-105.574475,42.881534],[-105.569579,42.881536],[-105.569518,42.8779]]]}},{"type":"Feature","properties":{"q":"NWNW","ac":40.2},"geometry":{"type":"Polygon","coordinates":[[[-105.648182,42.88138],[-105.648154,42.877753],[-105.653088,42.877733],[-105.653125,42.881361],[-105.648182,42.88138]]]}},{"type":"Feature","properties":{"q":"SESW","ac":39.9},"geometry":{"type":"Polygon","coordinates":[[[-105.564629,42.896077],[-105.569521,42.896072],[-105.569513,42.899707],[-105.564614,42.899712],[-105.564629,42.896077]]]}},{"type":"Feature","properties":{"q":"NESE","ac":40.0},"geometry":{"type":"Polygon","coordinates":[[[-105.554771,42.946979],[-105.554763,42.943349],[-105.559676,42.943325],[-105.559691,42.946952],[-105.554771,42.946979]]]}},{"type":"Feature","properties":{"q":"SWNE","ac":40.1},"geometry":{"type":"Polygon","coordinates":[[[-105.638469,42.9322],[-105.643399,42.93218],[-105.643418,42.935806],[-105.638483,42.935826],[-105.638469,42.9322]]]}},{"type":"Feature","properties":{"q":"SESW","ac":40.1},"geometry":{"type":"Polygon","coordinates":[[[-105.603886,42.910518],[-105.608807,42.910494],[-105.608821,42.914128],[-105.603897,42.91415],[-105.603886,42.910518]]]}},{"type":"Feature","properties":{"q":"SENW","ac":40.0},"geometry":{"type":"Polygon","coordinates":[[[-105.603918,42.903266],[-105.608834,42.903243],[-105.608821,42.906869],[-105.603902,42.906892],[-105.603918,42.903266]]]}},{"type":"Feature","properties":{"q":"SWSE","ac":40.1},"geometry":{"type":"Polygon","coordinates":[[[-105.638496,42.939451],[-105.643438,42.939432],[-105.643453,42.943055],[-105.638522,42.943075],[-105.638496,42.939451]]]}},{"type":"Feature","properties":{"q":"SWSW","ac":40.0},"geometry":{"type":"Polygon","coordinates":[[[-105.653065,42.895876],[-105.653067,42.899502],[-105.648151,42.899524],[-105.648146,42.895897],[-105.653065,42.895876]]]}},{"type":"Feature","properties":{"q":"SENE","ac":40.0},"geometry":{"type":"Polygon","coordinates":[[[-105.599039,42.935935],[-105.594114,42.935941],[-105.594095,42.932322],[-105.599023,42.932312],[-105.599039,42.935935]]]}},{"type":"Feature","properties":{"q":"5","ac":37.6},"geometry":{"type":"Polygon","coordinates":[[[-105.672758,42.946694],[-105.672782,42.950318],[-105.668142,42.950306],[-105.668139,42.946681],[-105.672758,42.946694]]]}},{"type":"Feature","properties":{"q":"SWSW","ac":40.1},"geometry":{"type":"Polygon","coordinates":[[[-105.608807,42.910494],[-105.613727,42.91047],[-105.613745,42.914105],[-105.608821,42.914128],[-105.608807,42.910494]]]}},{"type":"Feature","properties":{"q":"SENW","ac":39.9},"geometry":{"type":"Polygon","coordinates":[[[-105.623529,42.874201],[-105.628441,42.874196],[-105.628439,42.87782],[-105.623525,42.877826],[-105.623529,42.874201]]]}},{"type":"Feature","properties":{"q":"NESE","ac":40.0},"geometry":{"type":"Polygon","coordinates":[[[-105.638522,42.943075],[-105.638548,42.946698],[-105.633627,42.946717],[-105.633591,42.943094],[-105.638522,42.943075]]]}},{"type":"Feature","properties":{"q":"NWNE","ac":40.1},"geometry":{"type":"Polygon","coordinates":[[[-105.618711,42.921367],[-105.623642,42.921358],[-105.623661,42.924989],[-105.61873,42.925],[-105.618711,42.921367]]]}},{"type":"Feature","properties":{"q":"NWSW","ac":39.8},"geometry":{"type":"Polygon","coordinates":[[[-105.608818,42.885113],[-105.613711,42.885091],[-105.613732,42.888718],[-105.608833,42.88874],[-105.608818,42.885113]]]}},{"type":"Feature","properties":{"q":"SWNW","ac":40.0},"geometry":{"type":"Polygon","coordinates":[[[-105.574408,42.903335],[-105.574406,42.906968],[-105.569495,42.906975],[-105.569504,42.903341],[-105.574408,42.903335]]]}},{"type":"Feature","properties":{"q":"NWNE","ac":40.0},"geometry":{"type":"Polygon","coordinates":[[[-105.643334,42.921301],[-105.643361,42.924927],[-105.638443,42.924947],[-105.638418,42.921321],[-105.643334,42.921301]]]}},{"type":"Feature","properties":{"q":"NWNW","ac":39.8},"geometry":{"type":"Polygon","coordinates":[[[-105.608798,42.877858],[-105.613698,42.877837],[-105.61369,42.881465],[-105.608804,42.881486],[-105.608798,42.877858]]]}},{"type":"Feature","properties":{"q":"SWNE","ac":40.0},"geometry":{"type":"Polygon","coordinates":[[[-105.618666,42.903219],[-105.623582,42.903217],[-105.623582,42.906841],[-105.61866,42.906844],[-105.618666,42.903219]]]}},{"type":"Feature","properties":{"q":"SESE","ac":39.9},"geometry":{"type":"Polygon","coordinates":[[[-105.554879,42.885178],[-105.554891,42.881542],[-105.559787,42.88154],[-105.559774,42.885176],[-105.554879,42.885178]]]}},{"type":"Feature","properties":{"q":"2","ac":39.7},"geometry":{"type":"Polygon","coordinates":[[[-105.579425,42.950473],[-105.584349,42.950458],[-105.58438,42.954054],[-105.579454,42.954075],[-105.579425,42.950473]]]}},{"type":"Feature","properties":{"q":"SENE","ac":40.1},"geometry":{"type":"Polygon","coordinates":[[[-105.63354,42.932219],[-105.638469,42.9322],[-105.638483,42.935826],[-105.633547,42.935845],[-105.63354,42.932219]]]}},{"type":"Feature","properties":{"q":"SWNE","ac":40.0},"geometry":{"type":"Polygon","coordinates":[[[-105.598962,42.874269],[-105.603876,42.874249],[-105.603897,42.877879],[-105.598996,42.8779],[-105.598962,42.874269]]]}},{"type":"Feature","properties":{"q":"SENE","ac":39.9},"geometry":{"type":"Polygon","coordinates":[[[-105.599037,42.892408],[-105.594131,42.892428],[-105.594136,42.888803],[-105.599035,42.888782],[-105.599037,42.892408]]]}},{"type":"Feature","properties":{"q":"NENW","ac":40.0},"geometry":{"type":"Polygon","coordinates":[[[-105.662929,42.877692],[-105.667851,42.877676],[-105.667901,42.881298],[-105.662976,42.881313],[-105.662929,42.877692]]]}},{"type":"Feature","properties":{"q":"SENW","ac":40.1},"geometry":{"type":"Polygon","coordinates":[[[-105.564547,42.917886],[-105.569472,42.917877],[-105.569465,42.92151],[-105.564536,42.92152],[-105.564547,42.917886]]]}},{"type":"Feature","properties":{"q":"NENW","ac":40.1},"geometry":{"type":"Polygon","coordinates":[[[-105.667856,42.892201],[-105.66784,42.895834],[-105.662916,42.89585],[-105.662931,42.892217],[-105.667856,42.892201]]]}},{"type":"Feature","properties":{"q":"NWSE","ac":40.1},"geometry":{"type":"Polygon","coordinates":[[[-105.564559,42.914251],[-105.564547,42.917886],[-105.559622,42.917895],[-105.559638,42.914259],[-105.564559,42.914251]]]}},{"type":"Feature","properties":{"q":"NENE","ac":39.9},"geometry":{"type":"Polygon","coordinates":[[[-105.594114,42.935941],[-105.599039,42.935935],[-105.599054,42.939558],[-105.594133,42.939561],[-105.594114,42.935941]]]}},{"type":"Feature","properties":{"q":"SESW","ac":39.9},"geometry":{"type":"Polygon","coordinates":[[[-105.584225,42.925108],[-105.589141,42.925095],[-105.589154,42.928717],[-105.584232,42.928731],[-105.584225,42.925108]]]}},{"type":"Feature","properties":{"q":"NWSE","ac":40.1},"geometry":{"type":"Polygon","coordinates":[[[-105.618735,42.928632],[-105.623668,42.928619],[-105.623674,42.93225],[-105.618741,42.932265],[-105.618735,42.928632]]]}},{"type":"Feature","properties":{"q":"SWNE","ac":40.0},"geometry":{"type":"Polygon","coordinates":[[[-105.579313,42.932369],[-105.58424,42.932353],[-105.584248,42.935976],[-105.579315,42.935993],[-105.579313,42.932369]]]}},{"type":"Feature","properties":{"q":"SWSE","ac":40.1},"geometry":{"type":"Polygon","coordinates":[[[-105.658154,42.928519],[-105.658122,42.924889],[-105.663046,42.924891],[-105.66308,42.928523],[-105.658154,42.928519]]]}},{"type":"Feature","properties":{"q":"NWSW","ac":39.9},"geometry":{"type":"Polygon","coordinates":[[[-105.569507,42.943277],[-105.574426,42.943252],[-105.574473,42.94687],[-105.569542,42.946897],[-105.569507,42.943277]]]}},{"type":"Feature","properties":{"q":"NESE","ac":40.1},"geometry":{"type":"Polygon","coordinates":[[[-105.65311,42.88499],[-105.658035,42.884969],[-105.65802,42.888602],[-105.653095,42.888619],[-105.65311,42.88499]]]}},{"type":"Feature","properties":{"q":"SENW","ac":40.1},"geometry":{"type":"Polygon","coordinates":[[[-105.623674,42.93225],[-105.628607,42.932234],[-105.628614,42.935862],[-105.62368,42.93588],[-105.623674,42.93225]]]}},{"type":"Feature","properties":{"q":"NESW","ac":40.1},"geometry":{"type":"Polygon","coordinates":[[[-105.628531,42.914093],[-105.628551,42.917721],[-105.623622,42.917728],[-105.623602,42.914097],[-105.628531,42.914093]]]}},{"type":"Feature","properties":{"q":"3","ac":37.2},"geometry":{"type":"Polygon","coordinates":[[[-105.672425,42.899454],[-105.672405,42.903089],[-105.667849,42.903099],[-105.667845,42.899466],[-105.672425,42.899454]]]}},{"type":"Feature","properties":{"q":"NWNW","ac":40.0},"geometry":{"type":"Polygon","coordinates":[[[-105.653166,42.921261],[-105.653197,42.924888],[-105.648279,42.924908],[-105.64825,42.921281],[-105.653166,42.921261]]]}},{"type":"Feature","properties":{"q":"SENW","ac":39.9},"geometry":{"type":"Polygon","coordinates":[[[-105.569536,42.892438],[-105.564642,42.892442],[-105.564656,42.888808],[-105.56955,42.888804],[-105.569536,42.892438]]]}},{"type":"Feature","properties":{"q":"SENW","ac":39.9},"geometry":{"type":"Polygon","coordinates":[[[-105.608798,42.877858],[-105.603897,42.877879],[-105.603876,42.874249],[-105.608791,42.874229],[-105.608798,42.877858]]]}},{"type":"Feature","properties":{"q":"NENE","ac":39.9},"geometry":{"type":"Polygon","coordinates":[[[-105.638346,42.910442],[-105.633437,42.910462],[-105.633425,42.906837],[-105.638337,42.906817],[-105.638346,42.910442]]]}},{"type":"Feature","properties":{"q":"NENW","ac":40.1},"geometry":{"type":"Polygon","coordinates":[[[-105.628614,42.935862],[-105.628621,42.93949],[-105.623686,42.93951],[-105.62368,42.93588],[-105.628614,42.935862]]]}},{"type":"Feature","properties":{"q":"NENE","ac":40.1},"geometry":{"type":"Polygon","coordinates":[[[-105.633379,42.892331],[-105.638305,42.89231],[-105.638308,42.895941],[-105.633389,42.895962],[-105.633379,42.892331]]]}},{"type":"Feature","properties":{"q":"NESE","ac":40.0},"geometry":{"type":"Polygon","coordinates":[[[-105.594076,42.928702],[-105.599008,42.928688],[-105.599023,42.932312],[-105.594095,42.932322],[-105.594076,42.928702]]]}},{"type":"Feature","properties":{"q":"3","ac":38.0},"geometry":{"type":"Polygon","coordinates":[[[-105.672564,42.884917],[-105.672524,42.888551],[-105.667871,42.888568],[-105.667886,42.884933],[-105.672564,42.884917]]]}},{"type":"Feature","properties":{"q":"SWNW","ac":40.1},"geometry":{"type":"Polygon","coordinates":[[[-105.633503,42.921341],[-105.628572,42.92135],[-105.628551,42.917721],[-105.633481,42.917714],[-105.633503,42.921341]]]}},{"type":"Feature","properties":{"q":"SWNW","ac":39.9},"geometry":{"type":"Polygon","coordinates":[[[-105.653166,42.921261],[-105.64825,42.921281],[-105.648221,42.917655],[-105.653134,42.917635],[-105.653166,42.921261]]]}},{"type":"Feature","properties":{"q":"NESE","ac":40.2},"geometry":{"type":"Polygon","coordinates":[[[-105.638302,42.888679],[-105.63337,42.888699],[-105.633361,42.885068],[-105.638298,42.885048],[-105.638302,42.888679]]]}},{"type":"Feature","properties":{"q":"NWNW","ac":40.0},"geometry":{"type":"Polygon","coordinates":[[[-105.589139,42.921465],[-105.594054,42.921453],[-105.594057,42.925083],[-105.589141,42.925095],[-105.589139,42.921465]]]}},{"type":"Feature","properties":{"q":"SWNW","ac":40.0},"geometry":{"type":"Polygon","coordinates":[[[-105.608959,42.946796],[-105.613888,42.946792],[-105.613911,42.950413],[-105.608984,42.950417],[-105.608959,42.946796]]]}},{"type":"Feature","properties":{"q":"SWNE","ac":40.1},"geometry":{"type":"Polygon","coordinates":[[[-105.618741,42.932265],[-105.623674,42.93225],[-105.62368,42.93588],[-105.618746,42.935897],[-105.618741,42.932265]]]}},{"type":"Feature","properties":{"q":"1","ac":36.8},"geometry":{"type":"Polygon","coordinates":[[[-105.667853,42.906731],[-105.672385,42.906724],[-105.672365,42.910359],[-105.667857,42.910363],[-105.667853,42.906731]]]}},{"type":"Feature","properties":{"q":"3","ac":40.2},"geometry":{"type":"Polygon","coordinates":[[[-105.643485,42.950301],[-105.648421,42.950281],[-105.648428,42.953923],[-105.6435,42.953934],[-105.643485,42.950301]]]}},{"type":"Feature","properties":{"q":"NWSE","ac":40.2},"geometry":{"type":"Polygon","coordinates":[[[-105.638298,42.885048],[-105.643236,42.885029],[-105.643233,42.888659],[-105.638302,42.888679],[-105.638298,42.885048]]]}},{"type":"Feature","properties":{"q":"SESE","ac":40.1},"geometry":{"type":"Polygon","coordinates":[[[-105.613727,42.91047],[-105.618655,42.910468],[-105.618674,42.914101],[-105.613745,42.914105],[-105.613727,42.91047]]]}},{"type":"Feature","properties":{"q":"NENE","ac":40.1},"geometry":{"type":"Polygon","coordinates":[[[-105.658001,42.910375],[-105.653072,42.910382],[-105.65307,42.906756],[-105.657998,42.906747],[-105.658001,42.910375]]]}},{"type":"Feature","properties":{"q":"SWSE","ac":39.9},"geometry":{"type":"Polygon","coordinates":[[[-105.559736,42.896081],[-105.564629,42.896077],[-105.564614,42.899712],[-105.559715,42.899717],[-105.559736,42.896081]]]}},{"type":"Feature","properties":{"q":"SESW","ac":40.1},"geometry":{"type":"Polygon","coordinates":[[[-105.667886,42.913997],[-105.662959,42.914],[-105.66293,42.910368],[-105.667857,42.910363],[-105.667886,42.913997]]]}},{"type":"Feature","properties":{"q":"SESE","ac":40.2},"geometry":{"type":"Polygon","coordinates":[[[-105.554681,42.928812],[-105.554656,42.925177],[-105.55959,42.925166],[-105.559608,42.928799],[-105.554681,42.928812]]]}},{"type":"Feature","properties":{"q":"SENW","ac":39.9},"geometry":{"type":"Polygon","coordinates":[[[-105.643241,42.903171],[-105.648155,42.90315],[-105.648159,42.906776],[-105.643248,42.906797],[-105.643241,42.903171]]]}},{"type":"Feature","properties":{"q":"NWSE","ac":40.1},"geometry":{"type":"Polygon","coordinates":[[[-105.658154,42.928519],[-105.66308,42.928523],[-105.663113,42.932155],[-105.658186,42.932148],[-105.658154,42.928519]]]}},{"type":"Feature","properties":{"q":"NWSE","ac":39.9},"geometry":{"type":"Polygon","coordinates":[[[-105.63837,42.914068],[-105.643281,42.914049],[-105.643308,42.917675],[-105.638394,42.917695],[-105.63837,42.914068]]]}},{"type":"Feature","properties":{"q":"SWSE","ac":40.1},"geometry":{"type":"Polygon","coordinates":[[[-105.657991,42.895863],[-105.662916,42.89585],[-105.662919,42.89948],[-105.657993,42.899491],[-105.657991,42.895863]]]}},{"type":"Feature","properties":{"q":"1","ac":39.8},"geometry":{"type":"Polygon","coordinates":[[[-105.574529,42.954097],[-105.574501,42.950489],[-105.579425,42.950473],[-105.579454,42.954075],[-105.574529,42.954097]]]}},{"type":"Feature","properties":{"q":"SWSE","ac":40.1},"geometry":{"type":"Polygon","coordinates":[[[-105.618655,42.910468],[-105.623582,42.910466],[-105.623602,42.914097],[-105.618674,42.914101],[-105.618655,42.910468]]]}},{"type":"Feature","properties":{"q":"NESW","ac":40.0},"geometry":{"type":"Polygon","coordinates":[[[-105.643234,42.899545],[-105.648151,42.899524],[-105.648155,42.90315],[-105.643241,42.903171],[-105.643234,42.899545]]]}},{"type":"Feature","properties":{"q":"NWSE","ac":40.1},"geometry":{"type":"Polygon","coordinates":[[[-105.5843,42.885173],[-105.58429,42.888802],[-105.579367,42.888802],[-105.57938,42.88517],[-105.5843,42.885173]]]}},{"type":"Feature","properties":{"q":"SESE","ac":40.0},"geometry":{"type":"Polygon","coordinates":[[[-105.633524,42.924967],[-105.638443,42.924947],[-105.638456,42.928573],[-105.633532,42.928593],[-105.633524,42.924967]]]}},{"type":"Feature","properties":{"q":"SWSE","ac":39.9},"geometry":{"type":"Polygon","coordinates":[[[-105.604002,42.943177],[-105.59908,42.94318],[-105.599054,42.939558],[-105.603975,42.939555],[-105.604002,42.943177]]]}},{"type":"Feature","properties":{"q":"SENW","ac":40.1},"geometry":{"type":"Polygon","coordinates":[[[-105.643469,42.946679],[-105.648414,42.946659],[-105.648421,42.950281],[-105.643485,42.950301],[-105.643469,42.946679]]]}},{"type":"Feature","properties":{"q":"NWSW","ac":40.1},"geometry":{"type":"Polygon","coordinates":[[[-105.653359,42.94664],[-105.648414,42.946659],[-105.648396,42.943036],[-105.65334,42.943016],[-105.653359,42.94664]]]}},{"type":"Feature","properties":{"q":"SENE","ac":40.2},"geometry":{"type":"Polygon","coordinates":[[[-105.554676,42.92154],[-105.554697,42.917904],[-105.559622,42.917895],[-105.559606,42.92153],[-105.554676,42.92154]]]}},{"type":"Feature","properties":{"q":"NESW","ac":39.9},"geometry":{"type":"Polygon","coordinates":[[[-105.623582,42.903217],[-105.623581,42.899592],[-105.628491,42.89959],[-105.628497,42.903215],[-105.623582,42.903217]]]}},{"type":"Feature","properties":{"q":"4","ac":37.8},"geometry":{"type":"Polygon","coordinates":[[[-105.672805,42.953943],[-105.668146,42.953937],[-105.668142,42.950306],[-105.672782,42.950318],[-105.672805,42.953943]]]}},{"type":"Feature","properties":{"q":"SESW","ac":40.1},"geometry":{"type":"Polygon","coordinates":[[[-105.662919,42.89948],[-105.662916,42.89585],[-105.66784,42.895834],[-105.667845,42.899466],[-105.662919,42.89948]]]}},{"type":"Feature","properties":{"q":"SWSW","ac":40.1},"geometry":{"type":"Polygon","coordinates":[[[-105.65332,42.939393],[-105.65334,42.943016],[-105.648396,42.943036],[-105.648379,42.939413],[-105.65332,42.939393]]]}},{"type":"Feature","properties":{"q":"SESE","ac":39.9},"geometry":{"type":"Polygon","coordinates":[[[-105.554843,42.896086],[-105.559736,42.896081],[-105.559715,42.899717],[-105.554817,42.899722],[-105.554843,42.896086]]]}},{"type":"Feature","properties":{"q":"SWSW","ac":40.1},"geometry":{"type":"Polygon","coordinates":[[[-105.5744,42.914235],[-105.56948,42.914243],[-105.569487,42.910609],[-105.574403,42.910602],[-105.5744,42.914235]]]}},{"type":"Feature","properties":{"q":"6","ac":37.4},"geometry":{"type":"Polygon","coordinates":[[[-105.672713,42.943066],[-105.672758,42.946694],[-105.668139,42.946681],[-105.668123,42.943055],[-105.672713,42.943066]]]}},{"type":"Feature","properties":{"q":"NESE","ac":40.0},"geometry":{"type":"Polygon","coordinates":[[[-105.579312,42.914225],[-105.579311,42.917857],[-105.574398,42.917867],[-105.5744,42.914235],[-105.579312,42.914225]]]}},{"type":"Feature","properties":{"q":"NWNE","ac":40.0},"geometry":{"type":"Polygon","coordinates":[[[-105.603886,42.910518],[-105.598966,42.910541],[-105.598984,42.906915],[-105.603902,42.906892],[-105.603886,42.910518]]]}},{"type":"Feature","properties":{"q":"NESE","ac":40.0},"geometry":{"type":"Polygon","coordinates":[[[-105.65334,42.943016],[-105.658264,42.943029],[-105.658278,42.946654],[-105.653359,42.94664],[-105.65334,42.943016]]]}},{"type":"Feature","properties":{"q":"SWSW","ac":39.9},"geometry":{"type":"Polygon","coordinates":[[[-105.569565,42.88517],[-105.569579,42.881536],[-105.574475,42.881534],[-105.57446,42.885167],[-105.569565,42.88517]]]}},{"type":"Feature","properties":{"q":"SENE","ac":40.0},"geometry":{"type":"Polygon","coordinates":[[[-105.613911,42.950413],[-105.613888,42.946792],[-105.618813,42.946774],[-105.618837,42.950395],[-105.613911,42.950413]]]}},{"type":"Feature","properties":{"q":"NWNE","ac":39.8},"geometry":{"type":"Polygon","coordinates":[[[-105.603897,42.877879],[-105.603918,42.881508],[-105.599031,42.88153],[-105.598996,42.8779],[-105.603897,42.877879]]]}},{"type":"Feature","properties":{"q":"SENW","ac":40.1},"geometry":{"type":"Polygon","coordinates":[[[-105.643399,42.93218],[-105.648329,42.93216],[-105.648354,42.935787],[-105.643418,42.935806],[-105.643399,42.93218]]]}},{"type":"Feature","properties":{"q":"NESW","ac":40.1},"geometry":{"type":"Polygon","coordinates":[[[-105.603897,42.91415],[-105.608821,42.914128],[-105.608835,42.917762],[-105.603907,42.917783],[-105.603897,42.91415]]]}},{"type":"Feature","properties":{"q":"NENE","ac":39.9},"geometry":{"type":"Polygon","coordinates":[[[-105.594096,42.87792],[-105.598996,42.8779],[-105.599031,42.88153],[-105.594145,42.881552],[-105.594096,42.87792]]]}},{"type":"Feature","properties":{"q":"NENE","ac":39.9},"geometry":{"type":"Polygon","coordinates":[[[-105.594131,42.892428],[-105.599037,42.892408],[-105.599039,42.896033],[-105.594127,42.896054],[-105.594131,42.892428]]]}},{"type":"Feature","properties":{"q":"NENW","ac":40.0},"geometry":{"type":"Polygon","coordinates":[[[-105.564585,42.906981],[-105.569495,42.906975],[-105.569487,42.910609],[-105.56457,42.910616],[-105.564585,42.906981]]]}},{"type":"Feature","properties":{"q":"NWNE","ac":40.1},"geometry":{"type":"Polygon","coordinates":[[[-105.638483,42.935826],[-105.643418,42.935806],[-105.643438,42.939432],[-105.638496,42.939451],[-105.638483,42.935826]]]}},{"type":"Feature","properties":{"q":"SWNE","ac":40.0},"geometry":{"type":"Polygon","coordinates":[[[-105.599023,42.932312],[-105.603951,42.932301],[-105.603963,42.935928],[-105.599039,42.935935],[-105.599023,42.932312]]]}},{"type":"Feature","properties":{"q":"SESE","ac":40.1},"geometry":{"type":"Polygon","coordinates":[[[-105.579393,42.881539],[-105.57938,42.88517],[-105.57446,42.885167],[-105.574475,42.881534],[-105.579393,42.881539]]]}},{"type":"Feature","properties":{"q":"SWNE","ac":40.0},"geometry":{"type":"Polygon","coordinates":[[[-105.584236,42.906953],[-105.579321,42.906961],[-105.579328,42.903329],[-105.584247,42.903323],[-105.584236,42.906953]]]}},{"type":"Feature","properties":{"q":"NWNW","ac":40.1},"geometry":{"type":"Polygon","coordinates":[[[-105.65329,42.935767],[-105.65332,42.939393],[-105.648379,42.939413],[-105.648354,42.935787],[-105.65329,42.935767]]]}},{"type":"Feature","properties":{"q":"NWSW","ac":40.0},"geometry":{"type":"Polygon","coordinates":[[[-105.594107,42.899682],[-105.594086,42.903309],[-105.589167,42.903316],[-105.589183,42.899687],[-105.594107,42.899682]]]}},{"type":"Feature","properties":{"q":"SWNE","ac":40.0},"geometry":{"type":"Polygon","coordinates":[[[-105.657967,42.874088],[-105.662883,42.874071],[-105.662929,42.877692],[-105.658009,42.877712],[-105.657967,42.874088]]]}},{"type":"Feature","properties":{"q":"1","ac":37.2},"geometry":{"type":"Polygon","coordinates":[[[-105.668074,42.935795],[-105.672657,42.935803],[-105.672667,42.939438],[-105.668108,42.939428],[-105.668074,42.935795]]]}},{"type":"Feature","properties":{"q":"NWSE","ac":40.1},"geometry":{"type":"Polygon","coordinates":[[[-105.658035,42.884969],[-105.662961,42.884949],[-105.662946,42.888585],[-105.65802,42.888602],[-105.658035,42.884969]]]}},{"type":"Feature","properties":{"q":"NWNW","ac":39.9},"geometry":{"type":"Polygon","coordinates":[[[-105.628485,42.895965],[-105.628473,42.892334],[-105.633379,42.892331],[-105.633389,42.895962],[-105.628485,42.895965]]]}},{"type":"Feature","properties":{"q":"NESW","ac":40.1},"geometry":{"type":"Polygon","coordinates":[[[-105.623738,42.946755],[-105.623712,42.943132],[-105.628652,42.943113],[-105.628682,42.946736],[-105.623738,42.946755]]]}},{"type":"Feature","properties":{"q":"NWNW","ac":39.9},"geometry":{"type":"Polygon","coordinates":[[[-105.569536,42.892438],[-105.574429,42.892434],[-105.574414,42.896068],[-105.569521,42.896072],[-105.569536,42.892438]]]}},{"type":"Feature","properties":{"q":"NENW","ac":40.0},"geometry":{"type":"Polygon","coordinates":[[[-105.603975,42.939555],[-105.603963,42.935928],[-105.608888,42.935921],[-105.608896,42.939551],[-105.603975,42.939555]]]}},{"type":"Feature","properties":{"q":"NWNE","ac":40.1},"geometry":{"type":"Polygon","coordinates":[[[-105.638286,42.877794],[-105.64322,42.877774],[-105.643238,42.881399],[-105.638295,42.881417],[-105.638286,42.877794]]]}},{"type":"Feature","properties":{"q":"SENW","ac":39.9},"geometry":{"type":"Polygon","coordinates":[[[-105.603942,42.892387],[-105.603934,42.888761],[-105.608833,42.88874],[-105.608847,42.892366],[-105.603942,42.892387]]]}},{"type":"Feature","properties":{"q":"NESE","ac":39.8},"geometry":{"type":"Polygon","coordinates":[[[-105.59414,42.885178],[-105.599033,42.885156],[-105.599035,42.888782],[-105.594136,42.888803],[-105.59414,42.885178]]]}},{"type":"Feature","properties":{"q":"NESW","ac":40.1},"geometry":{"type":"Polygon","coordinates":[[[-105.662946,42.888585],[-105.662961,42.884949],[-105.667886,42.884933],[-105.667871,42.888568],[-105.662946,42.888585]]]}},{"type":"Feature","properties":{"q":"SESE","ac":40.1},"geometry":{"type":"Polygon","coordinates":[[[-105.653125,42.881361],[-105.65805,42.881337],[-105.658035,42.884969],[-105.65311,42.88499],[-105.653125,42.881361]]]}},{"type":"Feature","properties":{"q":"NESW","ac":40.0},"geometry":{"type":"Polygon","coordinates":[[[-105.569466,42.9324],[-105.564546,42.932416],[-105.564535,42.928786],[-105.569462,42.928772],[-105.569466,42.9324]]]}},{"type":"Feature","properties":{"q":"SWSW","ac":40.0},"geometry":{"type":"Polygon","coordinates":[[[-105.628437,42.881443],[-105.633352,42.881436],[-105.633361,42.885068],[-105.628449,42.885074],[-105.628437,42.881443]]]}},{"type":"Feature","properties":{"q":"4","ac":39.6},"geometry":{"type":"Polygon","coordinates":[[[-105.589278,42.950442],[-105.594207,42.950426],[-105.594231,42.954011],[-105.589306,42.954033],[-105.589278,42.950442]]]}},{"type":"Feature","properties":{"q":"NENW","ac":40.1},"geometry":{"type":"Polygon","coordinates":[[[-105.589206,42.89243],[-105.589199,42.896057],[-105.58427,42.896061],[-105.58428,42.892432],[-105.589206,42.89243]]]}},{"type":"Feature","properties":{"q":"SESE","ac":40.0},"geometry":{"type":"Polygon","coordinates":[[[-105.633389,42.895962],[-105.638308,42.895941],[-105.638317,42.899566],[-105.633401,42.899587],[-105.633389,42.895962]]]}},{"type":"Feature","properties":{"q":"SWNE","ac":40.1},"geometry":{"type":"Polygon","coordinates":[[[-105.603917,42.921415],[-105.598986,42.921434],[-105.598979,42.917803],[-105.603907,42.917783],[-105.603917,42.921415]]]}},{"type":"Feature","properties":{"q":"NWNE","ac":40.2},"geometry":{"type":"Polygon","coordinates":[[[-105.598986,42.921434],[-105.603917,42.921415],[-105.603928,42.925047],[-105.598992,42.925065],[-105.598986,42.921434]]]}},{"type":"Feature","properties":{"q":"SESW","ac":39.9},"geometry":{"type":"Polygon","coordinates":[[[-105.643255,42.910422],[-105.648163,42.910402],[-105.648192,42.914029],[-105.643281,42.914049],[-105.643255,42.910422]]]}},{"type":"Feature","properties":{"q":"NENW","ac":40.0},"geometry":{"type":"Polygon","coordinates":[[[-105.584225,42.921477],[-105.589139,42.921465],[-105.589141,42.925095],[-105.584225,42.925108],[-105.584225,42.921477]]]}},{"type":"Feature","properties":{"q":"NWNE","ac":40.1},"geometry":{"type":"Polygon","coordinates":[[[-105.579355,42.892433],[-105.58428,42.892432],[-105.58427,42.896061],[-105.579342,42.896064],[-105.579355,42.892433]]]}},{"type":"Feature","properties":{"q":"NENW","ac":40.0},"geometry":{"type":"Polygon","coordinates":[[[-105.648279,42.924908],[-105.643361,42.924927],[-105.643334,42.921301],[-105.64825,42.921281],[-105.648279,42.924908]]]}},{"type":"Feature","properties":{"q":"NENE","ac":40.0},"geometry":{"type":"Polygon","coordinates":[[[-105.613698,42.877837],[-105.618612,42.877831],[-105.618606,42.881457],[-105.61369,42.881465],[-105.613698,42.877837]]]}},{"type":"Feature","properties":{"q":"SWNE","ac":39.9},"geometry":{"type":"Polygon","coordinates":[[[-105.599035,42.888782],[-105.603934,42.888761],[-105.603942,42.892387],[-105.599037,42.892408],[-105.599035,42.888782]]]}},{"type":"Feature","properties":{"q":"NESE","ac":40.2},"geometry":{"type":"Polygon","coordinates":[[[-105.613803,42.928645],[-105.618735,42.928632],[-105.618741,42.932265],[-105.613808,42.932279],[-105.613803,42.928645]]]}},{"type":"Feature","properties":{"q":"2","ac":38.8},"geometry":{"type":"Polygon","coordinates":[[[-105.667802,42.874053],[-105.672593,42.874036],[-105.672598,42.87766],[-105.667851,42.877676],[-105.667802,42.874053]]]}},{"type":"Feature","properties":{"q":"SWSW","ac":40.0},"geometry":{"type":"Polygon","coordinates":[[[-105.608896,42.939551],[-105.613817,42.939548],[-105.613853,42.94317],[-105.608927,42.943174],[-105.608896,42.939551]]]}},{"type":"Feature","properties":{"q":"SESE","ac":40.0},"geometry":{"type":"Polygon","coordinates":[[[-105.574403,42.910602],[-105.579314,42.910593],[-105.579312,42.914225],[-105.5744,42.914235],[-105.574403,42.910602]]]}},{"type":"Feature","properties":{"q":"NWNE","ac":39.9},"geometry":{"type":"Polygon","coordinates":[[[-105.564642,42.892442],[-105.564629,42.896077],[-105.559736,42.896081],[-105.559749,42.892446],[-105.564642,42.892442]]]}},{"type":"Feature","properties":{"q":"SENE","ac":40.0},"geometry":{"type":"Polygon","coordinates":[[[-105.554706,42.932448],[-105.559626,42.932432],[-105.559644,42.936065],[-105.554731,42.936083],[-105.554706,42.932448]]]}},{"type":"Feature","properties":{"q":"NWNE","ac":40.0},"geometry":{"type":"Polygon","coordinates":[[[-105.618606,42.881457],[-105.618612,42.877831],[-105.623525,42.877826],[-105.623521,42.88145],[-105.618606,42.881457]]]}},{"type":"Feature","properties":{"q":"NENE","ac":40.0},"geometry":{"type":"Polygon","coordinates":[[[-105.579308,42.92512],[-105.574392,42.925133],[-105.574395,42.9215],[-105.57931,42.921489],[-105.579308,42.92512]]]}},{"type":"Feature","properties":{"q":"SENE","ac":40.1},"geometry":{"type":"Polygon","coordinates":[[[-105.63337,42.888699],[-105.638302,42.888679],[-105.638305,42.89231],[-105.633379,42.892331],[-105.63337,42.888699]]]}},{"type":"Feature","properties":{"q":"1","ac":39.4},"geometry":{"type":"Polygon","coordinates":[[[-105.613934,42.953975],[-105.613911,42.950413],[-105.618837,42.950395],[-105.618861,42.95397],[-105.613934,42.953975]]]}},{"type":"Feature","properties":{"q":"NESW","ac":40.1},"geometry":{"type":"Polygon","coordinates":[[[-105.589183,42.899687],[-105.589167,42.903316],[-105.584247,42.903323],[-105.584259,42.899692],[-105.589183,42.899687]]]}},{"type":"Feature","properties":{"q":"NENW","ac":40.1},"geometry":{"type":"Polygon","coordinates":[[[-105.623642,42.921358],[-105.628572,42.92135],[-105.628593,42.924978],[-105.623661,42.924989],[-105.623642,42.921358]]]}},{"type":"Feature","properties":{"q":"SWNE","ac":40.0},"geometry":{"type":"Polygon","coordinates":[[[-105.618813,42.946774],[-105.623738,42.946755],[-105.623764,42.950376],[-105.618837,42.950395],[-105.618813,42.946774]]]}},{"type":"Feature","properties":{"q":"NWSE","ac":40.0},"geometry":{"type":"Polygon","coordinates":[[[-105.64338,42.928554],[-105.643399,42.93218],[-105.638469,42.9322],[-105.638456,42.928573],[-105.64338,42.928554]]]}},{"type":"Feature","properties":{"q":"NENE","ac":40.1},"geometry":{"type":"Polygon","coordinates":[[[-105.574475,42.881534],[-105.57441,42.877897],[-105.579332,42.877903],[-105.579393,42.881539],[-105.574475,42.881534]]]}},{"type":"Feature","properties":{"q":"SENE","ac":40.0},"geometry":{"type":"Polygon","coordinates":[[[-105.579328,42.903329],[-105.579321,42.906961],[-105.574406,42.906968],[-105.574408,42.903335],[-105.579328,42.903329]]]}},{"type":"Feature","properties":{"q":"SENE","ac":40.0},"geometry":{"type":"Polygon","coordinates":[[[-105.653051,42.874105],[-105.657967,42.874088],[-105.658009,42.877712],[-105.653088,42.877733],[-105.653051,42.874105]]]}},{"type":"Feature","properties":{"q":"NENW","ac":39.9},"geometry":{"type":"Polygon","coordinates":[[[-105.60395,42.896013],[-105.603942,42.892387],[-105.608847,42.892366],[-105.608862,42.895992],[-105.60395,42.896013]]]}},{"type":"Feature","properties":{"q":"NENW","ac":39.9},"geometry":{"type":"Polygon","coordinates":[[[-105.623566,42.892338],[-105.628473,42.892334],[-105.628485,42.895965],[-105.623581,42.895967],[-105.623566,42.892338]]]}},{"type":"Feature","properties":{"q":"NESE","ac":40.1},"geometry":{"type":"Polygon","coordinates":[[[-105.653103,42.914009],[-105.658031,42.914004],[-105.658061,42.917634],[-105.653134,42.917635],[-105.653103,42.914009]]]}},{"type":"Feature","properties":{"q":"NESE","ac":40.0},"geometry":{"type":"Polygon","coordinates":[[[-105.613853,42.94317],[-105.618782,42.943151],[-105.618813,42.946774],[-105.613888,42.946792],[-105.613853,42.94317]]]}},{"type":"Feature","properties":{"q":"NENE","ac":40.1},"geometry":{"type":"Polygon","coordinates":[[[-105.65332,42.939393],[-105.65329,42.935767],[-105.658218,42.935776],[-105.65825,42.939405],[-105.65332,42.939393]]]}},{"type":"Feature","properties":{"q":"NESE","ac":40.0},"geometry":{"type":"Polygon","coordinates":[[[-105.594107,42.899682],[-105.59902,42.899661],[-105.599002,42.903288],[-105.594086,42.903309],[-105.594107,42.899682]]]}},{"type":"Feature","properties":{"q":"NWNE","ac":40.1},"geometry":{"type":"Polygon","coordinates":[[[-105.623686,42.93951],[-105.618752,42.939529],[-105.618746,42.935897],[-105.62368,42.93588],[-105.623686,42.93951]]]}},{"type":"Feature","properties":{"q":"NWNE","ac":40.0},"geometry":{"type":"Polygon","coordinates":[[[-105.584225,42.925108],[-105.579308,42.92512],[-105.57931,42.921489],[-105.584225,42.921477],[-105.584225,42.925108]]]}},{"type":"Feature","properties":{"q":"NWSE","ac":40.0},"geometry":{"type":"Polygon","coordinates":[[[-105.59902,42.899661],[-105.603934,42.899639],[-105.603918,42.903266],[-105.599002,42.903288],[-105.59902,42.899661]]]}},{"type":"Feature","properties":{"q":"3","ac":40.2},"geometry":{"type":"Polygon","coordinates":[[[-105.663207,42.950292],[-105.668142,42.950306],[-105.668146,42.953937],[-105.663216,42.95393],[-105.663207,42.950292]]]}},{"type":"Feature","properties":{"q":"SENW","ac":40.1},"geometry":{"type":"Polygon","coordinates":[[[-105.662946,42.888585],[-105.667871,42.888568],[-105.667856,42.892201],[-105.662931,42.892217],[-105.662946,42.888585]]]}},{"type":"Feature","properties":{"q":"NENW","ac":40.2},"geometry":{"type":"Polygon","coordinates":[[[-105.603917,42.921415],[-105.608849,42.921395],[-105.608863,42.925029],[-105.603928,42.925047],[-105.603917,42.921415]]]}},{"type":"Feature","properties":{"q":"SWNW","ac":40.1},"geometry":{"type":"Polygon","coordinates":[[[-105.648164,42.888639],[-105.653095,42.888619],[-105.65308,42.892247],[-105.648155,42.892268],[-105.648164,42.888639]]]}},{"type":"Feature","properties":{"q":"NWNE","ac":39.9},"geometry":{"type":"Polygon","coordinates":[[[-105.559735,42.877906],[-105.564627,42.877903],[-105.564683,42.881538],[-105.559787,42.88154],[-105.559735,42.877906]]]}},{"type":"Feature","properties":{"q":"NENW","ac":40.0},"geometry":{"type":"Polygon","coordinates":[[[-105.584236,42.906953],[-105.589151,42.906945],[-105.589135,42.910574],[-105.584224,42.910583],[-105.584236,42.906953]]]}},{"type":"Feature","properties":{"q":"SWNW","ac":40.0},"geometry":{"type":"Polygon","coordinates":[[[-105.569466,42.9324],[-105.574385,42.932384],[-105.574382,42.93601],[-105.569469,42.936028],[-105.569466,42.9324]]]}},{"type":"Feature","properties":{"q":"NESW","ac":40.1},"geometry":{"type":"Polygon","coordinates":[[[-105.603939,42.928674],[-105.608871,42.92866],[-105.60888,42.93229],[-105.603951,42.932301],[-105.603939,42.928674]]]}},{"type":"Feature","properties":{"q":"SENE","ac":40.2},"geometry":{"type":"Polygon","coordinates":[[[-105.618746,42.935897],[-105.613813,42.935914],[-105.613808,42.932279],[-105.618741,42.932265],[-105.618746,42.935897]]]}},{"type":"Feature","properties":{"q":"SENW","ac":40.0},"geometry":{"type":"Polygon","coordinates":[[[-105.584247,42.903323],[-105.589167,42.903316],[-105.589151,42.906945],[-105.584236,42.906953],[-105.584247,42.903323]]]}},{"type":"Feature","properties":{"q":"NWNW","ac":40.1},"geometry":{"type":"Polygon","coordinates":[[[-105.65308,42.892247],[-105.653065,42.895876],[-105.648146,42.895897],[-105.648155,42.892268],[-105.65308,42.892247]]]}},{"type":"Feature","properties":{"q":"SESW","ac":39.9},"geometry":{"type":"Polygon","coordinates":[[[-105.569565,42.88517],[-105.564669,42.885173],[-105.564683,42.881538],[-105.569579,42.881536],[-105.569565,42.88517]]]}},{"type":"Feature","properties":{"q":"NWSW","ac":39.9},"geometry":{"type":"Polygon","coordinates":[[[-105.653134,42.917635],[-105.648221,42.917655],[-105.648192,42.914029],[-105.653103,42.914009],[-105.653134,42.917635]]]}},{"type":"Feature","properties":{"q":"2","ac":40.0},"geometry":{"type":"Polygon","coordinates":[[[-105.638573,42.953945],[-105.63856,42.95032],[-105.643485,42.950301],[-105.6435,42.953934],[-105.638573,42.953945]]]}},{"type":"Feature","properties":{"q":"SENE","ac":40.1},"geometry":{"type":"Polygon","coordinates":[[[-105.633353,42.874192],[-105.638277,42.87417],[-105.638286,42.877794],[-105.633352,42.877814],[-105.633353,42.874192]]]}},{"type":"Feature","properties":{"q":"SENW","ac":40.0},"geometry":{"type":"Polygon","coordinates":[[[-105.584318,42.946838],[-105.58925,42.946821],[-105.589278,42.950442],[-105.584349,42.950458],[-105.584318,42.946838]]]}},{"type":"Feature","properties":{"q":"SWSE","ac":40.0},"geometry":{"type":"Polygon","coordinates":[[[-105.584224,42.910583],[-105.584224,42.914215],[-105.579312,42.914225],[-105.579314,42.910593],[-105.584224,42.910583]]]}},{"type":"Feature","properties":{"q":"SESE","ac":39.9},"geometry":{"type":"Polygon","coordinates":[[[-105.599054,42.939558],[-105.59908,42.94318],[-105.594158,42.943183],[-105.594133,42.939561],[-105.599054,42.939558]]]}},{"type":"Feature","properties":{"q":"SESE","ac":40.0},"geometry":{"type":"Polygon","coordinates":[[[-105.613817,42.939548],[-105.618752,42.939529],[-105.618782,42.943151],[-105.613853,42.94317],[-105.613817,42.939548]]]}},{"type":"Feature","properties":{"q":"SESW","ac":40.0},"geometry":{"type":"Polygon","coordinates":[[[-105.648279,42.924908],[-105.648304,42.928534],[-105.64338,42.928554],[-105.643361,42.924927],[-105.648279,42.924908]]]}},{"type":"Feature","properties":{"q":"2","ac":39.5},"geometry":{"type":"Polygon","coordinates":[[[-105.618837,42.950395],[-105.623764,42.950376],[-105.623789,42.953965],[-105.618861,42.95397],[-105.618837,42.950395]]]}},{"type":"Feature","properties":{"q":"SWSE","ac":40.0},"geometry":{"type":"Polygon","coordinates":[[[-105.65825,42.939405],[-105.663179,42.939416],[-105.663189,42.943042],[-105.658264,42.943029],[-105.65825,42.939405]]]}},{"type":"Feature","properties":{"q":"NESE","ac":39.9},"geometry":{"type":"Polygon","coordinates":[[[-105.59908,42.94318],[-105.599106,42.946802],[-105.594182,42.946805],[-105.594158,42.943183],[-105.59908,42.94318]]]}},{"type":"Feature","properties":{"q":"NESE","ac":40.0},"geometry":{"type":"Polygon","coordinates":[[[-105.574389,42.928758],[-105.579311,42.928745],[-105.579313,42.932369],[-105.574385,42.932384],[-105.574389,42.928758]]]}},{"type":"Feature","properties":{"q":"SWNW","ac":40.0},"geometry":{"type":"Polygon","coordinates":[[[-105.589167,42.903316],[-105.594086,42.903309],[-105.594066,42.906937],[-105.589151,42.906945],[-105.589167,42.903316]]]}},{"type":"Feature","properties":{"q":"SWSE","ac":39.9},"geometry":{"type":"Polygon","coordinates":[[[-105.559787,42.88154],[-105.564683,42.881538],[-105.564669,42.885173],[-105.559774,42.885176],[-105.559787,42.88154]]]}},{"type":"Feature","properties":{"q":"SWSW","ac":39.9},"geometry":{"type":"Polygon","coordinates":[[[-105.653072,42.910382],[-105.653103,42.914009],[-105.648192,42.914029],[-105.648163,42.910402],[-105.653072,42.910382]]]}},{"type":"Feature","properties":{"q":"SESW","ac":39.9},"geometry":{"type":"Polygon","coordinates":[[[-105.608862,42.895992],[-105.608848,42.899618],[-105.603934,42.899639],[-105.60395,42.896013],[-105.608862,42.895992]]]}},{"type":"Feature","properties":{"q":"NWNE","ac":40.1},"geometry":{"type":"Polygon","coordinates":[[[-105.65825,42.939405],[-105.658218,42.935776],[-105.663146,42.935786],[-105.663179,42.939416],[-105.65825,42.939405]]]}},{"type":"Feature","properties":{"q":"NWNW","ac":40.0},"geometry":{"type":"Polygon","coordinates":[[[-105.569487,42.910609],[-105.569495,42.906975],[-105.574406,42.906968],[-105.574403,42.910602],[-105.569487,42.910609]]]}},{"type":"Feature","properties":{"q":"SWNE","ac":40.0},"geometry":{"type":"Polygon","coordinates":[[[-105.599002,42.903288],[-105.603918,42.903266],[-105.603902,42.906892],[-105.598984,42.906915],[-105.599002,42.903288]]]}},{"type":"Feature","properties":{"q":"SENW","ac":40.1},"geometry":{"type":"Polygon","coordinates":[[[-105.58429,42.888802],[-105.589213,42.888803],[-105.589206,42.89243],[-105.58428,42.892432],[-105.58429,42.888802]]]}},{"type":"Feature","properties":{"q":"SWNW","ac":40.0},"geometry":{"type":"Polygon","coordinates":[[[-105.608834,42.903243],[-105.61375,42.903221],[-105.613739,42.906846],[-105.608821,42.906869],[-105.608834,42.903243]]]}},{"type":"Feature","properties":{"q":"NESE","ac":40.1},"geometry":{"type":"Polygon","coordinates":[[[-105.579367,42.888802],[-105.574445,42.888801],[-105.57446,42.885167],[-105.57938,42.88517],[-105.579367,42.888802]]]}},{"type":"Feature","properties":{"q":"NESW","ac":40.1},"geometry":{"type":"Polygon","coordinates":[[[-105.668139,42.946681],[-105.663198,42.946668],[-105.663189,42.943042],[-105.668123,42.943055],[-105.668139,42.946681]]]}},{"type":"Feature","properties":{"q":"NWSW","ac":40.1},"geometry":{"type":"Polygon","coordinates":[[[-105.574398,42.917867],[-105.569472,42.917877],[-105.56948,42.914243],[-105.5744,42.914235],[-105.574398,42.917867]]]}},{"type":"Feature","properties":{"q":"NENW","ac":40.0},"geometry":{"type":"Polygon","coordinates":[[[-105.608821,42.906869],[-105.608807,42.910494],[-105.603886,42.910518],[-105.603902,42.906892],[-105.608821,42.906869]]]}},{"type":"Feature","properties":{"q":"NENE","ac":40.0},"geometry":{"type":"Polygon","coordinates":[[[-105.559644,42.936065],[-105.559662,42.939698],[-105.554756,42.939719],[-105.554731,42.936083],[-105.559644,42.936065]]]}},{"type":"Feature","properties":{"q":"NENE","ac":40.2},"geometry":{"type":"Polygon","coordinates":[[[-105.618752,42.939529],[-105.613817,42.939548],[-105.613813,42.935914],[-105.618746,42.935897],[-105.618752,42.939529]]]}},{"type":"Feature","properties":{"q":"SENE","ac":40.1},"geometry":{"type":"Polygon","coordinates":[[[-105.65307,42.906756],[-105.653069,42.903129],[-105.657996,42.903119],[-105.657998,42.906747],[-105.65307,42.906756]]]}},{"type":"Feature","properties":{"q":"NENE","ac":40.1},"geometry":{"type":"Polygon","coordinates":[[[-105.579317,42.939617],[-105.574379,42.939635],[-105.574382,42.93601],[-105.579315,42.935993],[-105.579317,42.939617]]]}},{"type":"Feature","properties":{"q":"NESE","ac":39.9},"geometry":{"type":"Polygon","coordinates":[[[-105.554879,42.885178],[-105.559774,42.885176],[-105.559761,42.888811],[-105.554867,42.888814],[-105.554879,42.885178]]]}},{"type":"Feature","properties":{"q":"SWNE","ac":40.0},"geometry":{"type":"Polygon","coordinates":[[[-105.579311,42.917857],[-105.584224,42.917846],[-105.584225,42.921477],[-105.57931,42.921489],[-105.579311,42.917857]]]}},{"type":"Feature","properties":{"q":"NWSW","ac":40.1},"geometry":{"type":"Polygon","coordinates":[[[-105.613803,42.928645],[-105.613808,42.932279],[-105.60888,42.93229],[-105.608871,42.92866],[-105.613803,42.928645]]]}},{"type":"Feature","properties":{"q":"NWNE","ac":40.0},"geometry":{"type":"Polygon","coordinates":[[[-105.662929,42.877692],[-105.662976,42.881313],[-105.65805,42.881337],[-105.658009,42.877712],[-105.662929,42.877692]]]}},{"type":"Feature","properties":{"q":"SENE","ac":40.0},"geometry":{"type":"Polygon","coordinates":[[[-105.658061,42.917634],[-105.658091,42.921262],[-105.653166,42.921261],[-105.653134,42.917635],[-105.658061,42.917634]]]}},{"type":"Feature","properties":{"q":"NWSE","ac":39.9},"geometry":{"type":"Polygon","coordinates":[[[-105.564656,42.888808],[-105.559761,42.888811],[-105.559774,42.885176],[-105.564669,42.885173],[-105.564656,42.888808]]]}},{"type":"Feature","properties":{"q":"NENE","ac":40.0},"geometry":{"type":"Polygon","coordinates":[[[-105.653166,42.921261],[-105.658091,42.921262],[-105.658122,42.924889],[-105.653197,42.924888],[-105.653166,42.921261]]]}},{"type":"Feature","properties":{"q":"NESW","ac":40.0},"geometry":{"type":"Polygon","coordinates":[[[-105.564589,42.943301],[-105.569507,42.943277],[-105.569542,42.946897],[-105.564611,42.946925],[-105.564589,42.943301]]]}},{"type":"Feature","properties":{"q":"4","ac":37.4},"geometry":{"type":"Polygon","coordinates":[[[-105.672425,42.899454],[-105.667845,42.899466],[-105.66784,42.895834],[-105.672445,42.895819],[-105.672425,42.899454]]]}},{"type":"Feature","properties":{"q":"SWNW","ac":40.0},"geometry":{"type":"Polygon","coordinates":[[[-105.589138,42.917835],[-105.594051,42.917824],[-105.594054,42.921453],[-105.589139,42.921465],[-105.589138,42.917835]]]}},{"type":"Feature","properties":{"q":"NESW","ac":39.9},"geometry":{"type":"Polygon","coordinates":[[[-105.643281,42.914049],[-105.648192,42.914029],[-105.648221,42.917655],[-105.643308,42.917675],[-105.643281,42.914049]]]}},{"type":"Feature","properties":{"q":"SWSW","ac":40.0},"geometry":{"type":"Polygon","coordinates":[[[-105.648279,42.924908],[-105.653197,42.924888],[-105.653228,42.928514],[-105.648304,42.928534],[-105.648279,42.924908]]]}},{"type":"Feature","properties":{"q":"SESW","ac":39.8},"geometry":{"type":"Polygon","coordinates":[[[-105.603918,42.881508],[-105.608804,42.881486],[-105.608818,42.885113],[-105.603926,42.885135],[-105.603918,42.881508]]]}},{"type":"Feature","properties":{"q":"NWSW","ac":40.2},"geometry":{"type":"Polygon","coordinates":[[[-105.65311,42.88499],[-105.653095,42.888619],[-105.648164,42.888639],[-105.648173,42.885009],[-105.65311,42.88499]]]}},{"type":"Feature","properties":{"q":"2","ac":40.2},"geometry":{"type":"Polygon","coordinates":[[[-105.658282,42.950277],[-105.663207,42.950292],[-105.663216,42.95393],[-105.658286,42.953921],[-105.658282,42.950277]]]}},{"type":"Feature","properties":{"q":"NWSE","ac":39.9},"geometry":{"type":"Polygon","coordinates":[[[-105.579356,42.943235],[-105.584287,42.943218],[-105.584318,42.946838],[-105.579396,42.946854],[-105.579356,42.943235]]]}},{"type":"Feature","properties":{"q":"NENW","ac":40.1},"geometry":{"type":"Polygon","coordinates":[[[-105.667853,42.906731],[-105.667857,42.910363],[-105.66293,42.910368],[-105.662926,42.906738],[-105.667853,42.906731]]]}},{"type":"Feature","properties":{"q":"SENE","ac":40.1},"geometry":{"type":"Polygon","coordinates":[[[-105.653095,42.888619],[-105.65802,42.888602],[-105.658006,42.892232],[-105.65308,42.892247],[-105.653095,42.888619]]]}},{"type":"Feature","properties":{"q":"NWNE","ac":40.0},"geometry":{"type":"Polygon","coordinates":[[[-105.623582,42.906841],[-105.623582,42.910466],[-105.618655,42.910468],[-105.61866,42.906844],[-105.623582,42.906841]]]}},{"type":"Feature","properties":{"q":"NESE","ac":40.0},"geometry":{"type":"Polygon","coordinates":[[[-105.653228,42.928514],[-105.658154,42.928519],[-105.658186,42.932148],[-105.653259,42.93214],[-105.653228,42.928514]]]}},{"type":"Feature","properties":{"q":"NENE","ac":40.1},"geometry":{"type":"Polygon","coordinates":[[[-105.638286,42.877794],[-105.638295,42.881417],[-105.633352,42.881436],[-105.633352,42.877814],[-105.638286,42.877794]]]}},{"type":"Feature","properties":{"q":"NWSW","ac":39.9},"geometry":{"type":"Polygon","coordinates":[[[-105.628491,42.89959],[-105.633401,42.899587],[-105.633413,42.903212],[-105.628497,42.903215],[-105.628491,42.89959]]]}},{"type":"Feature","properties":{"q":"SWNW","ac":40.0},"geometry":{"type":"Polygon","coordinates":[[[-105.589213,42.888803],[-105.594136,42.888803],[-105.594131,42.892428],[-105.589206,42.89243],[-105.589213,42.888803]]]}},{"type":"Feature","properties":{"q":"NESW","ac":40.1},"geometry":{"type":"Polygon","coordinates":[[[-105.66308,42.928523],[-105.668006,42.928528],[-105.66804,42.932162],[-105.663113,42.932155],[-105.66308,42.928523]]]}},{"type":"Feature","properties":{"q":"NESW","ac":40.1},"geometry":{"type":"Polygon","coordinates":[[[-105.6286,42.928606],[-105.628607,42.932234],[-105.623674,42.93225],[-105.623668,42.928619],[-105.6286,42.928606]]]}},{"type":"Feature","properties":{"q":"SENW","ac":39.9},"geometry":{"type":"Polygon","coordinates":[[[-105.628461,42.888704],[-105.628473,42.892334],[-105.623566,42.892338],[-105.623551,42.888709],[-105.628461,42.888704]]]}},{"type":"Feature","properties":{"q":"SESW","ac":40.1},"geometry":{"type":"Polygon","coordinates":[[[-105.56457,42.910616],[-105.569487,42.910609],[-105.56948,42.914243],[-105.564559,42.914251],[-105.56457,42.910616]]]}},{"type":"Feature","properties":{"q":"SWSW","ac":40.0},"geometry":{"type":"Polygon","coordinates":[[[-105.589228,42.881548],[-105.594145,42.881552],[-105.59414,42.885178],[-105.58922,42.885175],[-105.589228,42.881548]]]}},{"type":"Feature","properties":{"q":"SENE","ac":39.9},"geometry":{"type":"Polygon","coordinates":[[[-105.638327,42.903192],[-105.638337,42.906817],[-105.633425,42.906837],[-105.633413,42.903212],[-105.638327,42.903192]]]}},{"type":"Feature","properties":{"q":"SESE","ac":39.9},"geometry":{"type":"Polygon","coordinates":[[[-105.554756,42.939719],[-105.559662,42.939698],[-105.559676,42.943325],[-105.554763,42.943349],[-105.554756,42.939719]]]}},{"type":"Feature","properties":{"q":"NWSW","ac":40.0},"geometry":{"type":"Polygon","coordinates":[[[-105.653228,42.928514],[-105.653259,42.93214],[-105.648329,42.93216],[-105.648304,42.928534],[-105.653228,42.928514]]]}},{"type":"Feature","properties":{"q":"SENW","ac":40.1},"geometry":{"type":"Polygon","coordinates":[[[-105.663198,42.946668],[-105.668139,42.946681],[-105.668142,42.950306],[-105.663207,42.950292],[-105.663198,42.946668]]]}},{"type":"Feature","properties":{"q":"SWNE","ac":40.1},"geometry":{"type":"Polygon","coordinates":[[[-105.618692,42.917734],[-105.623622,42.917728],[-105.623642,42.921358],[-105.618711,42.921367],[-105.618692,42.917734]]]}},{"type":"Feature","properties":{"q":"SWNE","ac":40.1},"geometry":{"type":"Polygon","coordinates":[[[-105.559622,42.917895],[-105.564547,42.917886],[-105.564536,42.92152],[-105.559606,42.92153],[-105.559622,42.917895]]]}},{"type":"Feature","properties":{"q":"NENE","ac":40.1},"geometry":{"type":"Polygon","coordinates":[[[-105.598992,42.925065],[-105.594057,42.925083],[-105.594054,42.921453],[-105.598986,42.921434],[-105.598992,42.925065]]]}},{"type":"Feature","properties":{"q":"SWNE","ac":40.1},"geometry":{"type":"Polygon","coordinates":[[[-105.662946,42.888585],[-105.662931,42.892217],[-105.658006,42.892232],[-105.65802,42.888602],[-105.662946,42.888585]]]}},{"type":"Feature","properties":{"q":"NWNW","ac":39.9},"geometry":{"type":"Polygon","coordinates":[[[-105.648159,42.906776],[-105.65307,42.906756],[-105.653072,42.910382],[-105.648163,42.910402],[-105.648159,42.906776]]]}},{"type":"Feature","properties":{"q":"SESE","ac":40.0},"geometry":{"type":"Polygon","coordinates":[[[-105.598992,42.925065],[-105.599008,42.928688],[-105.594076,42.928702],[-105.594057,42.925083],[-105.598992,42.925065]]]}},{"type":"Feature","properties":{"q":"NWSW","ac":40.0},"geometry":{"type":"Polygon","coordinates":[[[-105.59414,42.885178],[-105.594136,42.888803],[-105.589213,42.888803],[-105.58922,42.885175],[-105.59414,42.885178]]]}},{"type":"Feature","properties":{"q":"SENW","ac":40.1},"geometry":{"type":"Polygon","coordinates":[[[-105.667943,42.921262],[-105.663017,42.921262],[-105.662988,42.917632],[-105.667914,42.91763],[-105.667943,42.921262]]]}},{"type":"Feature","properties":{"q":"1","ac":37.8},"geometry":{"type":"Polygon","coordinates":[[[-105.667943,42.921262],[-105.672561,42.921263],[-105.672627,42.924898],[-105.667972,42.924895],[-105.667943,42.921262]]]}},{"type":"Feature","properties":{"q":"SESW","ac":40.1},"geometry":{"type":"Polygon","coordinates":[[[-105.58427,42.896061],[-105.589199,42.896057],[-105.589183,42.899687],[-105.584259,42.899692],[-105.58427,42.896061]]]}},{"type":"Feature","properties":{"q":"SWSE","ac":40.0},"geometry":{"type":"Polygon","coordinates":[[[-105.638308,42.895941],[-105.643227,42.895919],[-105.643234,42.899545],[-105.638317,42.899566],[-105.638308,42.895941]]]}},{"type":"Feature","properties":{"q":"SWSW","ac":40.0},"geometry":{"type":"Polygon","coordinates":[[[-105.589135,42.910574],[-105.594046,42.910565],[-105.594048,42.914194],[-105.589136,42.914205],[-105.589135,42.910574]]]}},{"type":"Feature","properties":{"q":"SWNE","ac":39.9},"geometry":{"type":"Polygon","coordinates":[[[-105.643241,42.903171],[-105.643248,42.906797],[-105.638337,42.906817],[-105.638327,42.903192],[-105.643241,42.903171]]]}},{"type":"Feature","properties":{"q":"NESE","ac":40.1},"geometry":{"type":"Polygon","coordinates":[[[-105.618674,42.914101],[-105.618692,42.917734],[-105.613763,42.91774],[-105.613745,42.914105],[-105.618674,42.914101]]]}},{"type":"Feature","properties":{"q":"SENE","ac":39.9},"geometry":{"type":"Polygon","coordinates":[[[-105.594182,42.946805],[-105.599106,42.946802],[-105.599131,42.950423],[-105.594207,42.950426],[-105.594182,42.946805]]]}},{"type":"Feature","properties":{"q":"NWNW","ac":40.1},"geometry":{"type":"Polygon","coordinates":[[[-105.633547,42.935845],[-105.633555,42.939471],[-105.628621,42.93949],[-105.628614,42.935862],[-105.633547,42.935845]]]}},{"type":"Feature","properties":{"q":"SWNW","ac":40.1},"geometry":{"type":"Polygon","coordinates":[[[-105.648414,42.946659],[-105.653359,42.94664],[-105.653357,42.950262],[-105.648421,42.950281],[-105.648414,42.946659]]]}},{"type":"Feature","properties":{"q":"NENW","ac":40.1},"geometry":{"type":"Polygon","coordinates":[[[-105.589181,42.935959],[-105.589194,42.939579],[-105.584256,42.939598],[-105.584248,42.935976],[-105.589181,42.935959]]]}},{"type":"Feature","properties":{"q":"SWNW","ac":40.0},"geometry":{"type":"Polygon","coordinates":[[[-105.594207,42.950426],[-105.589278,42.950442],[-105.58925,42.946821],[-105.594182,42.946805],[-105.594207,42.950426]]]}},{"type":"Feature","properties":{"q":"SESE","ac":40.0},"geometry":{"type":"Polygon","coordinates":[[[-105.574379,42.939635],[-105.579317,42.939617],[-105.579356,42.943235],[-105.574426,42.943252],[-105.574379,42.939635]]]}},{"type":"Feature","properties":{"q":"3","ac":37.2},"geometry":{"type":"Polygon","coordinates":[[[-105.667886,42.913997],[-105.67243,42.913994],[-105.672496,42.917628],[-105.667914,42.91763],[-105.667886,42.913997]]]}},{"type":"Feature","properties":{"q":"NWNW","ac":40.2},"geometry":{"type":"Polygon","coordinates":[[[-105.608849,42.921395],[-105.613781,42.921375],[-105.613798,42.925011],[-105.608863,42.925029],[-105.608849,42.921395]]]}},{"type":"Feature","properties":{"q":"SWSW","ac":40.1},"geometry":{"type":"Polygon","coordinates":[[[-105.628593,42.924978],[-105.633524,42.924967],[-105.633532,42.928593],[-105.6286,42.928606],[-105.628593,42.924978]]]}},{"type":"Feature","properties":{"q":"SENE","ac":39.9},"geometry":{"type":"Polygon","coordinates":[[[-105.613732,42.888718],[-105.618642,42.888714],[-105.618659,42.892342],[-105.613753,42.892345],[-105.613732,42.888718]]]}},{"type":"Feature","properties":{"q":"1","ac":37.6},"geometry":{"type":"Polygon","coordinates":[[[-105.667856,42.892201],[-105.672485,42.892185],[-105.672445,42.895819],[-105.66784,42.895834],[-105.667856,42.892201]]]}},{"type":"Feature","properties":{"q":"SESW","ac":40.0},"geometry":{"type":"Polygon","coordinates":[[[-105.603975,42.939555],[-105.608896,42.939551],[-105.608927,42.943174],[-105.604002,42.943177],[-105.603975,42.939555]]]}},{"type":"Feature","properties":{"q":"NESW","ac":40.1},"geometry":{"type":"Polygon","coordinates":[[[-105.667886,42.913997],[-105.667914,42.91763],[-105.662988,42.917632],[-105.662959,42.914],[-105.667886,42.913997]]]}},{"type":"Feature","properties":{"q":"SENW","ac":39.9},"geometry":{"type":"Polygon","coordinates":[[[-105.64825,42.921281],[-105.643334,42.921301],[-105.643308,42.917675],[-105.648221,42.917655],[-105.64825,42.921281]]]}},{"type":"Feature","properties":{"q":"SESW","ac":40.0},"geometry":{"type":"Polygon","coordinates":[[[-105.589135,42.910574],[-105.589136,42.914205],[-105.584224,42.914215],[-105.584224,42.910583],[-105.589135,42.910574]]]}},{"type":"Feature","properties":{"q":"NESW","ac":40.0},"geometry":{"type":"Polygon","coordinates":[[[-105.648304,42.928534],[-105.648329,42.93216],[-105.643399,42.93218],[-105.64338,42.928554],[-105.648304,42.928534]]]}},{"type":"Feature","properties":{"q":"NESE","ac":39.9},"geometry":{"type":"Polygon","coordinates":[[[-105.633481,42.917714],[-105.633459,42.914088],[-105.63837,42.914068],[-105.638394,42.917695],[-105.633481,42.917714]]]}},{"type":"Feature","properties":{"q":"1","ac":39.5},"geometry":{"type":"Polygon","coordinates":[[[-105.594207,42.950426],[-105.599131,42.950423],[-105.599157,42.954002],[-105.594231,42.954011],[-105.594207,42.950426]]]}},{"type":"Feature","properties":{"q":"2","ac":37.0},"geometry":{"type":"Polygon","coordinates":[[[-105.672385,42.906724],[-105.667853,42.906731],[-105.667849,42.903099],[-105.672405,42.903089],[-105.672385,42.906724]]]}},{"type":"Feature","properties":{"q":"NWSE","ac":40.0},"geometry":{"type":"Polygon","coordinates":[[[-105.638317,42.899566],[-105.643234,42.899545],[-105.643241,42.903171],[-105.638327,42.903192],[-105.638317,42.899566]]]}},{"type":"Feature","properties":{"q":"SESE","ac":40.1},"geometry":{"type":"Polygon","coordinates":[[[-105.653067,42.899502],[-105.653065,42.895876],[-105.657991,42.895863],[-105.657993,42.899491],[-105.653067,42.899502]]]}},{"type":"Feature","properties":{"q":"SWSE","ac":40.0},"geometry":{"type":"Polygon","coordinates":[[[-105.579393,42.881539],[-105.58431,42.881543],[-105.5843,42.885173],[-105.57938,42.88517],[-105.579393,42.881539]]]}},{"type":"Feature","properties":{"q":"NENE","ac":40.0},"geometry":{"type":"Polygon","coordinates":[[[-105.658009,42.877712],[-105.65805,42.881337],[-105.653125,42.881361],[-105.653088,42.877733],[-105.658009,42.877712]]]}},{"type":"Feature","properties":{"q":"NESE","ac":39.9},"geometry":{"type":"Polygon","coordinates":[[[-105.613711,42.885091],[-105.618624,42.885086],[-105.618642,42.888714],[-105.613732,42.888718],[-105.613711,42.885091]]]}},{"type":"Feature","properties":{"q":"SWSE","ac":39.9},"geometry":{"type":"Polygon","coordinates":[[[-105.618672,42.899594],[-105.618677,42.895969],[-105.623581,42.895967],[-105.623581,42.899592],[-105.618672,42.899594]]]}},{"type":"Feature","properties":{"q":"NWNE","ac":40.1},"geometry":{"type":"Polygon","coordinates":[[[-105.662916,42.89585],[-105.657991,42.895863],[-105.658006,42.892232],[-105.662931,42.892217],[-105.662916,42.89585]]]}},{"type":"Feature","properties":{"q":"NESE","ac":39.9},"geometry":{"type":"Polygon","coordinates":[[[-105.618666,42.903219],[-105.61375,42.903221],[-105.613762,42.899596],[-105.618672,42.899594],[-105.618666,42.903219]]]}},{"type":"Feature","properties":{"q":"NWSE","ac":39.8},"geometry":{"type":"Polygon","coordinates":[[[-105.599035,42.888782],[-105.599033,42.885156],[-105.603926,42.885135],[-105.603934,42.888761],[-105.599035,42.888782]]]}},{"type":"Feature","properties":{"q":"SESE","ac":39.8},"geometry":{"type":"Polygon","coordinates":[[[-105.599031,42.88153],[-105.599033,42.885156],[-105.59414,42.885178],[-105.594145,42.881552],[-105.599031,42.88153]]]}},{"type":"Feature","properties":{"q":"NWSE","ac":40.1},"geometry":{"type":"Polygon","coordinates":[[[-105.658031,42.914004],[-105.662959,42.914],[-105.662988,42.917632],[-105.658061,42.917634],[-105.658031,42.914004]]]}},{"type":"Feature","properties":{"q":"SWNE","ac":39.9},"geometry":{"type":"Polygon","coordinates":[[[-105.604029,42.946799],[-105.604056,42.95042],[-105.599131,42.950423],[-105.599106,42.946802],[-105.604029,42.946799]]]}},{"type":"Feature","properties":{"q":"SWSE","ac":40.1},"geometry":{"type":"Polygon","coordinates":[[[-105.564524,42.925155],[-105.564535,42.928786],[-105.559608,42.928799],[-105.55959,42.925166],[-105.564524,42.925155]]]}},{"type":"Feature","properties":{"q":"NESE","ac":40.1},"geometry":{"type":"Polygon","coordinates":[[[-105.579335,42.899697],[-105.579328,42.903329],[-105.574408,42.903335],[-105.574411,42.899701],[-105.579335,42.899697]]]}},{"type":"Feature","properties":{"q":"4","ac":39.9},"geometry":{"type":"Polygon","coordinates":[[[-105.569567,42.950518],[-105.574501,42.950489],[-105.574529,42.954097],[-105.569591,42.95413],[-105.569567,42.950518]]]}},{"type":"Feature","properties":{"q":"SWNE","ac":40.0},"geometry":{"type":"Polygon","coordinates":[[[-105.564585,42.906981],[-105.559675,42.906988],[-105.559695,42.903352],[-105.564599,42.903347],[-105.564585,42.906981]]]}},{"type":"Feature","properties":{"q":"NESE","ac":40.1},"geometry":{"type":"Polygon","coordinates":[[[-105.598979,42.917803],[-105.594051,42.917824],[-105.594048,42.914194],[-105.598973,42.914172],[-105.598979,42.917803]]]}},{"type":"Feature","properties":{"q":"NENW","ac":40.0},"geometry":{"type":"Polygon","coordinates":[[[-105.623582,42.906841],[-105.628504,42.906839],[-105.62851,42.910464],[-105.623582,42.910466],[-105.623582,42.906841]]]}},{"type":"Feature","properties":{"q":"NWSE","ac":39.9},"geometry":{"type":"Polygon","coordinates":[[[-105.618672,42.899594],[-105.623581,42.899592],[-105.623582,42.903217],[-105.618666,42.903219],[-105.618672,42.899594]]]}},{"type":"Feature","properties":{"q":"SWSW","ac":39.9},"geometry":{"type":"Polygon","coordinates":[[[-105.589141,42.925095],[-105.594057,42.925083],[-105.594076,42.928702],[-105.589154,42.928717],[-105.589141,42.925095]]]}},{"type":"Feature","properties":{"q":"4","ac":38.2},"geometry":{"type":"Polygon","coordinates":[[[-105.672564,42.884917],[-105.667886,42.884933],[-105.667901,42.881298],[-105.672604,42.881283],[-105.672564,42.884917]]]}},{"type":"Feature","properties":{"q":"NWNW","ac":39.9},"geometry":{"type":"Polygon","coordinates":[[[-105.608847,42.892366],[-105.613753,42.892345],[-105.613774,42.895972],[-105.608862,42.895992],[-105.608847,42.892366]]]}},{"type":"Feature","properties":{"q":"1","ac":40.3},"geometry":{"type":"Polygon","coordinates":[[[-105.658282,42.950277],[-105.658286,42.953921],[-105.653356,42.953913],[-105.653357,42.950262],[-105.658282,42.950277]]]}},{"type":"Feature","properties":{"q":"4","ac":39.9},"geometry":{"type":"Polygon","coordinates":[[[-105.6287,42.950358],[-105.633636,42.950339],[-105.633645,42.953956],[-105.628717,42.95396],[-105.6287,42.950358]]]}},{"type":"Feature","properties":{"q":"SESE","ac":40.1},"geometry":{"type":"Polygon","coordinates":[[[-105.633555,42.939471],[-105.638496,42.939451],[-105.638522,42.943075],[-105.633591,42.943094],[-105.633555,42.939471]]]}},{"type":"Feature","properties":{"q":"NESW","ac":39.9},"geometry":{"type":"Polygon","coordinates":[[[-105.564656,42.888808],[-105.564669,42.885173],[-105.569565,42.88517],[-105.56955,42.888804],[-105.564656,42.888808]]]}},{"type":"Feature","properties":{"q":"SWSE","ac":40.0},"geometry":{"type":"Polygon","coordinates":[[[-105.579317,42.939617],[-105.584256,42.939598],[-105.584287,42.943218],[-105.579356,42.943235],[-105.579317,42.939617]]]}},{"type":"Feature","properties":{"q":"SWNE","ac":40.1},"geometry":{"type":"Polygon","coordinates":[[[-105.58428,42.892432],[-105.579355,42.892433],[-105.579367,42.888802],[-105.58429,42.888802],[-105.58428,42.892432]]]}},{"type":"Feature","properties":{"q":"SESW","ac":40.0},"geometry":{"type":"Polygon","coordinates":[[[-105.589194,42.939579],[-105.589222,42.943201],[-105.584287,42.943218],[-105.584256,42.939598],[-105.589194,42.939579]]]}},{"type":"Feature","properties":{"q":"SENW","ac":40.0},"geometry":{"type":"Polygon","coordinates":[[[-105.662883,42.874071],[-105.667802,42.874053],[-105.667851,42.877676],[-105.662929,42.877692],[-105.662883,42.874071]]]}},{"type":"Feature","properties":{"q":"NESW","ac":40.0},"geometry":{"type":"Polygon","coordinates":[[[-105.584318,42.946838],[-105.584287,42.943218],[-105.589222,42.943201],[-105.58925,42.946821],[-105.584318,42.946838]]]}},{"type":"Feature","properties":{"q":"SWNW","ac":40.0},"geometry":{"type":"Polygon","coordinates":[[[-105.574501,42.950489],[-105.569567,42.950518],[-105.569542,42.946897],[-105.574473,42.94687],[-105.574501,42.950489]]]}},{"type":"Feature","properties":{"q":"SENW","ac":40.0},"geometry":{"type":"Polygon","coordinates":[[[-105.564546,42.932416],[-105.569466,42.9324],[-105.569469,42.936028],[-105.564556,42.936047],[-105.564546,42.932416]]]}},{"type":"Feature","properties":{"q":"NENW","ac":39.9},"geometry":{"type":"Polygon","coordinates":[[[-105.569536,42.892438],[-105.569521,42.896072],[-105.564629,42.896077],[-105.564642,42.892442],[-105.569536,42.892438]]]}},{"type":"Feature","properties":{"q":"NWNE","ac":39.9},"geometry":{"type":"Polygon","coordinates":[[[-105.60395,42.896013],[-105.599039,42.896033],[-105.599037,42.892408],[-105.603942,42.892387],[-105.60395,42.896013]]]}},{"type":"Feature","properties":{"q":"NENE","ac":40.0},"geometry":{"type":"Polygon","coordinates":[[[-105.574406,42.906968],[-105.579321,42.906961],[-105.579314,42.910593],[-105.574403,42.910602],[-105.574406,42.906968]]]}},{"type":"Feature","properties":{"q":"SESE","ac":40.0},"geometry":{"type":"Polygon","coordinates":[[[-105.65825,42.939405],[-105.658264,42.943029],[-105.65334,42.943016],[-105.65332,42.939393],[-105.65825,42.939405]]]}},{"type":"Feature","properties":{"q":"NENE","ac":40.1},"geometry":{"type":"Polygon","coordinates":[[[-105.633547,42.935845],[-105.638483,42.935826],[-105.638496,42.939451],[-105.633555,42.939471],[-105.633547,42.935845]]]}},{"type":"Feature","properties":{"q":"SENW","ac":40.0},"geometry":{"type":"Polygon","coordinates":[[[-105.604029,42.946799],[-105.608959,42.946796],[-105.608984,42.950417],[-105.604056,42.95042],[-105.604029,42.946799]]]}},{"type":"Feature","properties":{"q":"SESE","ac":40.1},"geometry":{"type":"Polygon","coordinates":[[[-105.658001,42.910375],[-105.658031,42.914004],[-105.653103,42.914009],[-105.653072,42.910382],[-105.658001,42.910375]]]}},{"type":"Feature","properties":{"q":"NWNW","ac":39.9},"geometry":{"type":"Polygon","coordinates":[[[-105.574382,42.93601],[-105.574379,42.939635],[-105.569473,42.939656],[-105.569469,42.936028],[-105.574382,42.93601]]]}},{"type":"Feature","properties":{"q":"SWSE","ac":39.9},"geometry":{"type":"Polygon","coordinates":[[[-105.643281,42.914049],[-105.63837,42.914068],[-105.638346,42.910442],[-105.643255,42.910422],[-105.643281,42.914049]]]}},{"type":"Feature","properties":{"q":"SENW","ac":40.0},"geometry":{"type":"Polygon","coordinates":[[[-105.58424,42.932353],[-105.589168,42.932338],[-105.589181,42.935959],[-105.584248,42.935976],[-105.58424,42.932353]]]}},{"type":"Feature","properties":{"q":"SESE","ac":40.0},"geometry":{"type":"Polygon","coordinates":[[[-105.594127,42.896054],[-105.599039,42.896033],[-105.59902,42.899661],[-105.594107,42.899682],[-105.594127,42.896054]]]}},{"type":"Feature","properties":{"q":"NWSE","ac":40.0},"geometry":{"type":"Polygon","coordinates":[[[-105.584224,42.914215],[-105.584224,42.917846],[-105.579311,42.917857],[-105.579312,42.914225],[-105.584224,42.914215]]]}},{"type":"Feature","properties":{"q":"SESW","ac":40.1},"geometry":{"type":"Polygon","coordinates":[[[-105.564535,42.928786],[-105.564524,42.925155],[-105.569458,42.925144],[-105.569462,42.928772],[-105.564535,42.928786]]]}},{"type":"Feature","properties":{"q":"SWNE","ac":40.0},"geometry":{"type":"Polygon","coordinates":[[[-105.663198,42.946668],[-105.663207,42.950292],[-105.658282,42.950277],[-105.658278,42.946654],[-105.663198,42.946668]]]}},{"type":"Feature","properties":{"q":"NWSE","ac":40.0},"geometry":{"type":"Polygon","coordinates":[[[-105.658264,42.943029],[-105.663189,42.943042],[-105.663198,42.946668],[-105.658278,42.946654],[-105.658264,42.943029]]]}},{"type":"Feature","properties":{"q":"SWSE","ac":40.0},"geometry":{"type":"Polygon","coordinates":[[[-105.618606,42.881457],[-105.623521,42.88145],[-105.623536,42.88508],[-105.618624,42.885086],[-105.618606,42.881457]]]}},{"type":"Feature","properties":{"q":"SENE","ac":40.0},"geometry":{"type":"Polygon","coordinates":[[[-105.598996,42.8779],[-105.594096,42.87792],[-105.594047,42.874288],[-105.598962,42.874269],[-105.598996,42.8779]]]}},{"type":"Feature","properties":{"q":"SWSE","ac":40.1},"geometry":{"type":"Polygon","coordinates":[[[-105.598992,42.925065],[-105.603928,42.925047],[-105.603939,42.928674],[-105.599008,42.928688],[-105.598992,42.925065]]]}},{"type":"Feature","properties":{"q":"SWNW","ac":40.1},"geometry":{"type":"Polygon","coordinates":[[[-105.628682,42.946736],[-105.633627,42.946717],[-105.633636,42.950339],[-105.6287,42.950358],[-105.628682,42.946736]]]}},{"type":"Feature","properties":{"q":"SENW","ac":40.1},"geometry":{"type":"Polygon","coordinates":[[[-105.66804,42.932162],[-105.668074,42.935795],[-105.663146,42.935786],[-105.663113,42.932155],[-105.66804,42.932162]]]}},{"type":"Feature","properties":{"q":"SENW","ac":40.1},"geometry":{"type":"Polygon","coordinates":[[[-105.584196,42.874274],[-105.589121,42.874281],[-105.589174,42.877915],[-105.584253,42.877909],[-105.584196,42.874274]]]}},{"type":"Feature","properties":{"q":"SWSW","ac":39.8},"geometry":{"type":"Polygon","coordinates":[[[-105.608804,42.881486],[-105.61369,42.881465],[-105.613711,42.885091],[-105.608818,42.885113],[-105.608804,42.881486]]]}},{"type":"Feature","properties":{"q":"2","ac":37.5},"geometry":{"type":"Polygon","coordinates":[[[-105.667914,42.91763],[-105.672496,42.917628],[-105.672561,42.921263],[-105.667943,42.921262],[-105.667914,42.91763]]]}},{"type":"Feature","properties":{"q":"SESE","ac":40.1},"geometry":{"type":"Polygon","coordinates":[[[-105.598973,42.914172],[-105.594048,42.914194],[-105.594046,42.910565],[-105.598966,42.910541],[-105.598973,42.914172]]]}},{"type":"Feature","properties":{"q":"SWSE","ac":39.9},"geometry":{"type":"Polygon","coordinates":[[[-105.599039,42.896033],[-105.60395,42.896013],[-105.603934,42.899639],[-105.59902,42.899661],[-105.599039,42.896033]]]}},{"type":"Feature","properties":{"q":"SESE","ac":40.0},"geometry":{"type":"Polygon","coordinates":[[[-105.618624,42.885086],[-105.613711,42.885091],[-105.61369,42.881465],[-105.618606,42.881457],[-105.618624,42.885086]]]}},{"type":"Feature","properties":{"q":"NWSW","ac":40.0},"geometry":{"type":"Polygon","coordinates":[[[-105.613853,42.94317],[-105.613888,42.946792],[-105.608959,42.946796],[-105.608927,42.943174],[-105.613853,42.94317]]]}},{"type":"Feature","properties":{"q":"NWSW","ac":39.9},"geometry":{"type":"Polygon","coordinates":[[[-105.608848,42.899618],[-105.613762,42.899596],[-105.61375,42.903221],[-105.608834,42.903243],[-105.608848,42.899618]]]}},{"type":"Feature","properties":{"q":"NESW","ac":39.8},"geometry":{"type":"Polygon","coordinates":[[[-105.608818,42.885113],[-105.608833,42.88874],[-105.603934,42.888761],[-105.603926,42.885135],[-105.608818,42.885113]]]}},{"type":"Feature","properties":{"q":"SENE","ac":39.9},"geometry":{"type":"Polygon","coordinates":[[[-105.554867,42.888814],[-105.559761,42.888811],[-105.559749,42.892446],[-105.554855,42.89245],[-105.554867,42.888814]]]}},{"type":"Feature","properties":{"q":"2","ac":40.0},"geometry":{"type":"Polygon","coordinates":[[[-105.564632,42.950547],[-105.564654,42.954163],[-105.559716,42.954196],[-105.559704,42.950575],[-105.564632,42.950547]]]}},{"type":"Feature","properties":{"q":"SENE","ac":40.1},"geometry":{"type":"Polygon","coordinates":[[[-105.594054,42.921453],[-105.594051,42.917824],[-105.598979,42.917803],[-105.598986,42.921434],[-105.594054,42.921453]]]}},{"type":"Feature","properties":{"q":"NWSW","ac":40.0},"geometry":{"type":"Polygon","coordinates":[[[-105.648151,42.899524],[-105.653067,42.899502],[-105.653069,42.903129],[-105.648155,42.90315],[-105.648151,42.899524]]]}},{"type":"Feature","properties":{"q":"NWSW","ac":39.9},"geometry":{"type":"Polygon","coordinates":[[[-105.569565,42.88517],[-105.57446,42.885167],[-105.574445,42.888801],[-105.56955,42.888804],[-105.569565,42.88517]]]}},{"type":"Feature","properties":{"q":"SENW","ac":40.1},"geometry":{"type":"Polygon","coordinates":[[[-105.643233,42.888659],[-105.648164,42.888639],[-105.648155,42.892268],[-105.64323,42.892289],[-105.643233,42.888659]]]}},{"type":"Feature","properties":{"q":"NENE","ac":40.0},"geometry":{"type":"Polygon","coordinates":[[[-105.594046,42.910565],[-105.594066,42.906937],[-105.598984,42.906915],[-105.598966,42.910541],[-105.594046,42.910565]]]}},{"type":"Feature","properties":{"q":"NWNW","ac":40.1},"geometry":{"type":"Polygon","coordinates":[[[-105.628572,42.92135],[-105.633503,42.921341],[-105.633524,42.924967],[-105.628593,42.924978],[-105.628572,42.92135]]]}},{"type":"Feature","properties":{"q":"NWNE","ac":40.1},"geometry":{"type":"Polygon","coordinates":[[[-105.638305,42.89231],[-105.64323,42.892289],[-105.643227,42.895919],[-105.638308,42.895941],[-105.638305,42.89231]]]}},{"type":"Feature","properties":{"q":"NENW","ac":40.1},"geometry":{"type":"Polygon","coordinates":[[[-105.668074,42.935795],[-105.668108,42.939428],[-105.663179,42.939416],[-105.663146,42.935786],[-105.668074,42.935795]]]}},{"type":"Feature","properties":{"q":"SWNE","ac":40.0},"geometry":{"type":"Polygon","coordinates":[[[-105.564546,42.932416],[-105.564556,42.936047],[-105.559644,42.936065],[-105.559626,42.932432],[-105.564546,42.932416]]]}},{"type":"Feature","properties":{"q":"SESE","ac":39.9},"geometry":{"type":"Polygon","coordinates":[[[-105.613774,42.895972],[-105.618677,42.895969],[-105.618672,42.899594],[-105.613762,42.899596],[-105.613774,42.895972]]]}},{"type":"Feature","properties":{"q":"SWSE","ac":40.1},"geometry":{"type":"Polygon","coordinates":[[[-105.65805,42.881337],[-105.662976,42.881313],[-105.662961,42.884949],[-105.658035,42.884969],[-105.65805,42.881337]]]}},{"type":"Feature","properties":{"q":"2","ac":39.5},"geometry":{"type":"Polygon","coordinates":[[[-105.599131,42.950423],[-105.604056,42.95042],[-105.604082,42.953993],[-105.599157,42.954002],[-105.599131,42.950423]]]}},{"type":"Feature","properties":{"q":"NWNE","ac":39.9},"geometry":{"type":"Polygon","coordinates":[[[-105.618659,42.892342],[-105.623566,42.892338],[-105.623581,42.895967],[-105.618677,42.895969],[-105.618659,42.892342]]]}},{"type":"Feature","properties":{"q":"NWSW","ac":40.0},"geometry":{"type":"Polygon","coordinates":[[[-105.594076,42.928702],[-105.594095,42.932322],[-105.589168,42.932338],[-105.589154,42.928717],[-105.594076,42.928702]]]}},{"type":"Feature","properties":{"q":"NENE","ac":40.0},"geometry":{"type":"Polygon","coordinates":[[[-105.633503,42.921341],[-105.638418,42.921321],[-105.638443,42.924947],[-105.633524,42.924967],[-105.633503,42.921341]]]}},{"type":"Feature","properties":{"q":"SENE","ac":39.9},"geometry":{"type":"Polygon","coordinates":[[[-105.579396,42.946854],[-105.579425,42.950473],[-105.574501,42.950489],[-105.574473,42.94687],[-105.579396,42.946854]]]}},{"type":"Feature","properties":{"q":"SESW","ac":40.0},"geometry":{"type":"Polygon","coordinates":[[[-105.589228,42.881548],[-105.58922,42.885175],[-105.5843,42.885173],[-105.58431,42.881543],[-105.589228,42.881548]]]}},{"type":"Feature","properties":{"q":"SWNE","ac":39.9},"geometry":{"type":"Polygon","coordinates":[[[-105.623551,42.888709],[-105.623566,42.892338],[-105.618659,42.892342],[-105.618642,42.888714],[-105.623551,42.888709]]]}},{"type":"Feature","properties":{"q":"SESE","ac":40.1},"geometry":{"type":"Polygon","coordinates":[[[-105.574414,42.896068],[-105.579342,42.896064],[-105.579335,42.899697],[-105.574411,42.899701],[-105.574414,42.896068]]]}},{"type":"Feature","properties":{"q":"SWNW","ac":40.0},"geometry":{"type":"Polygon","coordinates":[[[-105.63337,42.888699],[-105.633379,42.892331],[-105.628473,42.892334],[-105.628461,42.888704],[-105.63337,42.888699]]]}},{"type":"Feature","properties":{"q":"SWNW","ac":40.0},"geometry":{"type":"Polygon","coordinates":[[[-105.589181,42.935959],[-105.589168,42.932338],[-105.594095,42.932322],[-105.594114,42.935941],[-105.589181,42.935959]]]}},{"type":"Feature","properties":{"q":"SESE","ac":40.0},"geometry":{"type":"Polygon","coordinates":[[[-105.579308,42.92512],[-105.579311,42.928745],[-105.574389,42.928758],[-105.574392,42.925133],[-105.579308,42.92512]]]}},{"type":"Feature","properties":{"q":"SENE","ac":40.0},"geometry":{"type":"Polygon","coordinates":[[[-105.574398,42.917867],[-105.579311,42.917857],[-105.57931,42.921489],[-105.574395,42.9215],[-105.574398,42.917867]]]}},{"type":"Feature","properties":{"q":"SWNE","ac":39.9},"geometry":{"type":"Polygon","coordinates":[[[-105.643469,42.946679],[-105.643485,42.950301],[-105.63856,42.95032],[-105.638548,42.946698],[-105.643469,42.946679]]]}},{"type":"Feature","properties":{"q":"NESE","ac":40.1},"geometry":{"type":"Polygon","coordinates":[[[-105.554681,42.928812],[-105.559608,42.928799],[-105.559626,42.932432],[-105.554706,42.932448],[-105.554681,42.928812]]]}},{"type":"Feature","properties":{"q":"NWSE","ac":40.1},"geometry":{"type":"Polygon","coordinates":[[[-105.618674,42.914101],[-105.623602,42.914097],[-105.623622,42.917728],[-105.618692,42.917734],[-105.618674,42.914101]]]}},{"type":"Feature","properties":{"q":"SWSE","ac":40.1},"geometry":{"type":"Polygon","coordinates":[[[-105.623661,42.924989],[-105.623668,42.928619],[-105.618735,42.928632],[-105.61873,42.925],[-105.623661,42.924989]]]}},{"type":"Feature","properties":{"q":"SESW","ac":40.0},"geometry":{"type":"Polygon","coordinates":[[[-105.623521,42.88145],[-105.628437,42.881443],[-105.628449,42.885074],[-105.623536,42.88508],[-105.623521,42.88145]]]}},{"type":"Feature","properties":{"q":"SWNW","ac":40.1},"geometry":{"type":"Polygon","coordinates":[[[-105.594047,42.874288],[-105.594096,42.87792],[-105.589174,42.877915],[-105.589121,42.874281],[-105.594047,42.874288]]]}},{"type":"Feature","properties":{"q":"SWSE","ac":40.0},"geometry":{"type":"Polygon","coordinates":[[[-105.618752,42.939529],[-105.623686,42.93951],[-105.623712,42.943132],[-105.618782,42.943151],[-105.618752,42.939529]]]}},{"type":"Feature","properties":{"q":"NWSW","ac":39.9},"geometry":{"type":"Polygon","coordinates":[[[-105.569513,42.899707],[-105.574411,42.899701],[-105.574408,42.903335],[-105.569504,42.903341],[-105.569513,42.899707]]]}},{"type":"Feature","properties":{"q":"SWSE","ac":40.0},"geometry":{"type":"Polygon","coordinates":[[[-105.638443,42.924947],[-105.643361,42.924927],[-105.64338,42.928554],[-105.638456,42.928573],[-105.638443,42.924947]]]}},{"type":"Feature","properties":{"q":"SENW","ac":40.0},"geometry":{"type":"Polygon","coordinates":[[[-105.564599,42.903347],[-105.569504,42.903341],[-105.569495,42.906975],[-105.564585,42.906981],[-105.564599,42.903347]]]}},{"type":"Feature","properties":{"q":"SWNW","ac":39.9},"geometry":{"type":"Polygon","coordinates":[[[-105.608833,42.88874],[-105.613732,42.888718],[-105.613753,42.892345],[-105.608847,42.892366],[-105.608833,42.88874]]]}},{"type":"Feature","properties":{"q":"NESE","ac":40.1},"geometry":{"type":"Polygon","coordinates":[[[-105.554717,42.914267],[-105.559638,42.914259],[-105.559622,42.917895],[-105.554697,42.917904],[-105.554717,42.914267]]]}},{"type":"Feature","properties":{"q":"NWSW","ac":40.0},"geometry":{"type":"Polygon","coordinates":[[[-105.569462,42.928772],[-105.574389,42.928758],[-105.574385,42.932384],[-105.569466,42.9324],[-105.569462,42.928772]]]}},{"type":"Feature","properties":{"q":"SWNE","ac":40.1},"geometry":{"type":"Polygon","coordinates":[[[-105.643233,42.888659],[-105.64323,42.892289],[-105.638305,42.89231],[-105.638302,42.888679],[-105.643233,42.888659]]]}},{"type":"Feature","properties":{"q":"NWSW","ac":40.0},"geometry":{"type":"Polygon","coordinates":[[[-105.628449,42.885074],[-105.633361,42.885068],[-105.63337,42.888699],[-105.628461,42.888704],[-105.628449,42.885074]]]}},{"type":"Feature","properties":{"q":"NWNE","ac":40.0},"geometry":{"type":"Polygon","coordinates":[[[-105.564585,42.906981],[-105.56457,42.910616],[-105.559654,42.910623],[-105.559675,42.906988],[-105.564585,42.906981]]]}},{"type":"Feature","properties":{"q":"SWSW","ac":40.1},"geometry":{"type":"Polygon","coordinates":[[[-105.589199,42.896057],[-105.594127,42.896054],[-105.594107,42.899682],[-105.589183,42.899687],[-105.589199,42.896057]]]}},{"type":"Feature","properties":{"q":"NESW","ac":40.2},"geometry":{"type":"Polygon","coordinates":[[[-105.643233,42.888659],[-105.643236,42.885029],[-105.648173,42.885009],[-105.648164,42.888639],[-105.643233,42.888659]]]}},{"type":"Feature","properties":{"q":"SWSW","ac":39.9},"geometry":{"type":"Polygon","coordinates":[[[-105.628491,42.89959],[-105.628485,42.895965],[-105.633389,42.895962],[-105.633401,42.899587],[-105.628491,42.89959]]]}},{"type":"Feature","properties":{"q":"SENE","ac":40.2},"geometry":{"type":"Polygon","coordinates":[[[-105.618692,42.917734],[-105.618711,42.921367],[-105.613781,42.921375],[-105.613763,42.91774],[-105.618692,42.917734]]]}},{"type":"Feature","properties":{"q":"7","ac":37.2},"geometry":{"type":"Polygon","coordinates":[[[-105.672667,42.939438],[-105.672713,42.943066],[-105.668123,42.943055],[-105.668108,42.939428],[-105.672667,42.939438]]]}},{"type":"Feature","properties":{"q":"SWSE","ac":40.1},"geometry":{"type":"Polygon","coordinates":[[[-105.56457,42.910616],[-105.564559,42.914251],[-105.559638,42.914259],[-105.559654,42.910623],[-105.56457,42.910616]]]}},{"type":"Feature","properties":{"q":"1","ac":40.0},"geometry":{"type":"Polygon","coordinates":[[[-105.554775,42.950604],[-105.559704,42.950575],[-105.559716,42.954196],[-105.554779,42.954229],[-105.554775,42.950604]]]}},{"type":"Feature","properties":{"q":"SESW","ac":39.9},"geometry":{"type":"Polygon","coordinates":[[[-105.564567,42.939677],[-105.569473,42.939656],[-105.569507,42.943277],[-105.564589,42.943301],[-105.564567,42.939677]]]}},{"type":"Feature","properties":{"q":"SWSW","ac":40.1},"geometry":{"type":"Polygon","coordinates":[[[-105.594158,42.943183],[-105.589222,42.943201],[-105.589194,42.939579],[-105.594133,42.939561],[-105.594158,42.943183]]]}},{"type":"Feature","properties":{"q":"SWNW","ac":39.9},"geometry":{"type":"Polygon","coordinates":[[[-105.613706,42.874209],[-105.613698,42.877837],[-105.608798,42.877858],[-105.608791,42.874229],[-105.613706,42.874209]]]}},{"type":"Feature","properties":{"q":"NWNW","ac":40.1},"geometry":{"type":"Polygon","coordinates":[[[-105.589199,42.896057],[-105.589206,42.89243],[-105.594131,42.892428],[-105.594127,42.896054],[-105.589199,42.896057]]]}},{"type":"Feature","properties":{"q":"NWSE","ac":39.9},"geometry":{"type":"Polygon","coordinates":[[[-105.604029,42.946799],[-105.599106,42.946802],[-105.59908,42.94318],[-105.604002,42.943177],[-105.604029,42.946799]]]}},{"type":"Feature","properties":{"q":"SENE","ac":40.0},"geometry":{"type":"Polygon","coordinates":[[[-105.613706,42.874209],[-105.618618,42.874205],[-105.618612,42.877831],[-105.613698,42.877837],[-105.613706,42.874209]]]}},{"type":"Feature","properties":{"q":"SESE","ac":40.2},"geometry":{"type":"Polygon","coordinates":[[[-105.633352,42.881436],[-105.638295,42.881417],[-105.638298,42.885048],[-105.633361,42.885068],[-105.633352,42.881436]]]}},{"type":"Feature","properties":{"q":"3","ac":37.6},"geometry":{"type":"Polygon","coordinates":[[[-105.668006,42.928528],[-105.672637,42.928533],[-105.672647,42.932168],[-105.66804,42.932162],[-105.668006,42.928528]]]}},{"type":"Feature","properties":{"q":"SESW","ac":40.1},"geometry":{"type":"Polygon","coordinates":[[[-105.66308,42.928523],[-105.663046,42.924891],[-105.667972,42.924895],[-105.668006,42.928528],[-105.66308,42.928523]]]}},{"type":"Feature","properties":{"q":"NENE","ac":39.9},"geometry":{"type":"Polygon","coordinates":[[[-105.554891,42.881542],[-105.554843,42.877908],[-105.559735,42.877906],[-105.559787,42.88154],[-105.554891,42.881542]]]}},{"type":"Feature","properties":{"q":"SWNE","ac":40.0},"geometry":{"type":"Polygon","coordinates":[[[-105.559691,42.946952],[-105.564611,42.946925],[-105.564632,42.950547],[-105.559704,42.950575],[-105.559691,42.946952]]]}},{"type":"Feature","properties":{"q":"SWSE","ac":39.9},"geometry":{"type":"Polygon","coordinates":[[[-105.559662,42.939698],[-105.564567,42.939677],[-105.564589,42.943301],[-105.559676,42.943325],[-105.559662,42.939698]]]}},{"type":"Feature","properties":{"q":"SWNW","ac":39.9},"geometry":{"type":"Polygon","coordinates":[[[-105.56955,42.888804],[-105.574445,42.888801],[-105.574429,42.892434],[-105.569536,42.892438],[-105.56955,42.888804]]]}},{"type":"Feature","properties":{"q":"NWNW","ac":40.0},"geometry":{"type":"Polygon","coordinates":[[[-105.608821,42.906869],[-105.613739,42.906846],[-105.613727,42.91047],[-105.608807,42.910494],[-105.608821,42.906869]]]}},{"type":"Feature","properties":{"q":"NESW","ac":40.0},"geometry":{"type":"Polygon","coordinates":[[[-105.584224,42.917846],[-105.584224,42.914215],[-105.589136,42.914205],[-105.589138,42.917835],[-105.584224,42.917846]]]}},{"type":"Feature","properties":{"q":"NENW","ac":39.9},"geometry":{"type":"Polygon","coordinates":[[[-105.628439,42.87782],[-105.628437,42.881443],[-105.623521,42.88145],[-105.623525,42.877826],[-105.628439,42.87782]]]}},{"type":"Feature","properties":{"q":"SWSE","ac":40.2},"geometry":{"type":"Polygon","coordinates":[[[-105.638295,42.881417],[-105.643238,42.881399],[-105.643236,42.885029],[-105.638298,42.885048],[-105.638295,42.881417]]]}},{"type":"Feature","properties":{"q":"SWSW","ac":40.1},"geometry":{"type":"Polygon","coordinates":[[[-105.633555,42.939471],[-105.633591,42.943094],[-105.628652,42.943113],[-105.628621,42.93949],[-105.633555,42.939471]]]}},{"type":"Feature","properties":{"q":"NWSW","ac":40.0},"geometry":{"type":"Polygon","coordinates":[[[-105.589222,42.943201],[-105.594158,42.943183],[-105.594182,42.946805],[-105.58925,42.946821],[-105.589222,42.943201]]]}},{"type":"Feature","properties":{"q":"SWSW","ac":39.9},"geometry":{"type":"Polygon","coordinates":[[[-105.569521,42.896072],[-105.574414,42.896068],[-105.574411,42.899701],[-105.569513,42.899707],[-105.569521,42.896072]]]}},{"type":"Feature","properties":{"q":"SWNW","ac":40.1},"geometry":{"type":"Polygon","coordinates":[[[-105.569472,42.917877],[-105.574398,42.917867],[-105.574395,42.9215],[-105.569465,42.92151],[-105.569472,42.917877]]]}},{"type":"Feature","properties":{"q":"SWSW","ac":40.2},"geometry":{"type":"Polygon","coordinates":[[[-105.648173,42.885009],[-105.648182,42.88138],[-105.653125,42.881361],[-105.65311,42.88499],[-105.648173,42.885009]]]}},{"type":"Feature","properties":{"q":"SWNW","ac":40.1},"geometry":{"type":"Polygon","coordinates":[[[-105.628607,42.932234],[-105.63354,42.932219],[-105.633547,42.935845],[-105.628614,42.935862],[-105.628607,42.932234]]]}},{"type":"Feature","properties":{"q":"SENE","ac":40.0},"geometry":{"type":"Polygon","coordinates":[[[-105.574385,42.932384],[-105.579313,42.932369],[-105.579315,42.935993],[-105.574382,42.93601],[-105.574385,42.932384]]]}},{"type":"Feature","properties":{"q":"SWSW","ac":39.9},"geometry":{"type":"Polygon","coordinates":[[[-105.608848,42.899618],[-105.608862,42.895992],[-105.613774,42.895972],[-105.613762,42.899596],[-105.608848,42.899618]]]}},{"type":"Feature","properties":{"q":"NWNE","ac":40.0},"geometry":{"type":"Polygon","coordinates":[[[-105.579321,42.906961],[-105.584236,42.906953],[-105.584224,42.910583],[-105.579314,42.910593],[-105.579321,42.906961]]]}},{"type":"Feature","properties":{"q":"SWNE","ac":40.1},"geometry":{"type":"Polygon","coordinates":[[[-105.657996,42.903119],[-105.662923,42.903109],[-105.662926,42.906738],[-105.657998,42.906747],[-105.657996,42.903119]]]}},{"type":"Feature","properties":{"q":"NWSW","ac":40.1},"geometry":{"type":"Polygon","coordinates":[[[-105.6286,42.928606],[-105.633532,42.928593],[-105.63354,42.932219],[-105.628607,42.932234],[-105.6286,42.928606]]]}},{"type":"Feature","properties":{"q":"NWNE","ac":40.1},"geometry":{"type":"Polygon","coordinates":[[[-105.658091,42.921262],[-105.663017,42.921262],[-105.663046,42.924891],[-105.658122,42.924889],[-105.658091,42.921262]]]}},{"type":"Feature","properties":{"q":"NWSE","ac":40.1},"geometry":{"type":"Polygon","coordinates":[[[-105.657993,42.899491],[-105.662919,42.89948],[-105.662923,42.903109],[-105.657996,42.903119],[-105.657993,42.899491]]]}},{"type":"Feature","properties":{"q":"NWNE","ac":39.9},"geometry":{"type":"Polygon","coordinates":[[[-105.559662,42.939698],[-105.559644,42.936065],[-105.564556,42.936047],[-105.564567,42.939677],[-105.559662,42.939698]]]}},{"type":"Feature","properties":{"q":"SESE","ac":39.9},"geometry":{"type":"Polygon","coordinates":[[[-105.638346,42.910442],[-105.63837,42.914068],[-105.633459,42.914088],[-105.633437,42.910462],[-105.638346,42.910442]]]}},{"type":"Feature","properties":{"q":"SWSE","ac":40.1},"geometry":{"type":"Polygon","coordinates":[[[-105.584259,42.899692],[-105.579335,42.899697],[-105.579342,42.896064],[-105.58427,42.896061],[-105.584259,42.899692]]]}},{"type":"Feature","properties":{"q":"NWSE","ac":40.0},"geometry":{"type":"Polygon","coordinates":[[[-105.618642,42.888714],[-105.618624,42.885086],[-105.623536,42.88508],[-105.623551,42.888709],[-105.618642,42.888714]]]}},{"type":"Feature","properties":{"q":"NWNE","ac":40.1},"geometry":{"type":"Polygon","coordinates":[[[-105.657998,42.906747],[-105.662926,42.906738],[-105.66293,42.910368],[-105.658001,42.910375],[-105.657998,42.906747]]]}},{"type":"Feature","properties":{"q":"SENW","ac":40.1},"geometry":{"type":"Polygon","coordinates":[[[-105.623738,42.946755],[-105.628682,42.946736],[-105.6287,42.950358],[-105.623764,42.950376],[-105.623738,42.946755]]]}},{"type":"Feature","properties":{"q":"NENW","ac":40.2},"geometry":{"type":"Polygon","coordinates":[[[-105.564524,42.925155],[-105.564536,42.92152],[-105.569465,42.92151],[-105.569458,42.925144],[-105.564524,42.925155]]]}},{"type":"Feature","properties":{"q":"NESE","ac":40.0},"geometry":{"type":"Polygon","coordinates":[[[-105.633532,42.928593],[-105.638456,42.928573],[-105.638469,42.9322],[-105.63354,42.932219],[-105.633532,42.928593]]]}},{"type":"Feature","properties":{"q":"SESW","ac":40.1},"geometry":{"type":"Polygon","coordinates":[[[-105.663179,42.939416],[-105.668108,42.939428],[-105.668123,42.943055],[-105.663189,42.943042],[-105.663179,42.939416]]]}},{"type":"Feature","properties":{"q":"1","ac":38.4},"geometry":{"type":"Polygon","coordinates":[[[-105.667851,42.877676],[-105.672598,42.87766],[-105.672604,42.881283],[-105.667901,42.881298],[-105.667851,42.877676]]]}},{"type":"Feature","properties":{"q":"3","ac":39.7},"geometry":{"type":"Polygon","coordinates":[[[-105.623764,42.950376],[-105.6287,42.950358],[-105.628717,42.95396],[-105.623789,42.953965],[-105.623764,42.950376]]]}},{"type":"Feature","properties":{"q":"SESW","ac":40.1},"geometry":{"type":"Polygon","coordinates":[[[-105.623582,42.910466],[-105.62851,42.910464],[-105.628531,42.914093],[-105.623602,42.914097],[-105.623582,42.910466]]]}},{"type":"Feature","properties":{"q":"SWSW","ac":40.1},"geometry":{"type":"Polygon","coordinates":[[[-105.62851,42.910464],[-105.633437,42.910462],[-105.633459,42.914088],[-105.628531,42.914093],[-105.62851,42.910464]]]}},{"type":"Feature","properties":{"q":"SWSW","ac":40.1},"geometry":{"type":"Polygon","coordinates":[[[-105.569458,42.925144],[-105.574392,42.925133],[-105.574389,42.928758],[-105.569462,42.928772],[-105.569458,42.925144]]]}},{"type":"Feature","properties":{"q":"SENW","ac":40.1},"geometry":{"type":"Polygon","coordinates":[[[-105.662926,42.906738],[-105.662923,42.903109],[-105.667849,42.903099],[-105.667853,42.906731],[-105.662926,42.906738]]]}},{"type":"Feature","properties":{"q":"NENW","ac":40.2},"geometry":{"type":"Polygon","coordinates":[[[-105.64322,42.877774],[-105.648154,42.877753],[-105.648182,42.88138],[-105.643238,42.881399],[-105.64322,42.877774]]]}},{"type":"Feature","properties":{"q":"SWNE","ac":39.9},"geometry":{"type":"Polygon","coordinates":[[[-105.618612,42.877831],[-105.618618,42.874205],[-105.623529,42.874201],[-105.623525,42.877826],[-105.618612,42.877831]]]}},{"type":"Feature","properties":{"q":"NENW","ac":39.9},"geometry":{"type":"Polygon","coordinates":[[[-105.648159,42.906776],[-105.648163,42.910402],[-105.643255,42.910422],[-105.643248,42.906797],[-105.648159,42.906776]]]}},{"type":"Feature","properties":{"q":"SENE","ac":39.9},"geometry":{"type":"Polygon","coordinates":[[[-105.638394,42.917695],[-105.638418,42.921321],[-105.633503,42.921341],[-105.633481,42.917714],[-105.638394,42.917695]]]}},{"type":"Feature","properties":{"q":"NENW","ac":40.1},"geometry":{"type":"Polygon","coordinates":[[[-105.584253,42.877909],[-105.589174,42.877915],[-105.589228,42.881548],[-105.58431,42.881543],[-105.584253,42.877909]]]}},{"type":"Feature","properties":{"q":"4","ac":36.9},"geometry":{"type":"Polygon","coordinates":[[[-105.67243,42.913994],[-105.667886,42.913997],[-105.667857,42.910363],[-105.672365,42.910359],[-105.67243,42.913994]]]}},{"type":"Feature","properties":{"q":"2","ac":37.4},"geometry":{"type":"Polygon","coordinates":[[[-105.66804,42.932162],[-105.672647,42.932168],[-105.672657,42.935803],[-105.668074,42.935795],[-105.66804,42.932162]]]}},{"type":"Feature","properties":{"q":"SWNE","ac":39.9},"geometry":{"type":"Polygon","coordinates":[[[-105.579396,42.946854],[-105.584318,42.946838],[-105.584349,42.950458],[-105.579425,42.950473],[-105.579396,42.946854]]]}},{"type":"Feature","properties":{"q":"SWNE","ac":39.9},"geometry":{"type":"Polygon","coordinates":[[[-105.559761,42.888811],[-105.564656,42.888808],[-105.564642,42.892442],[-105.559749,42.892446],[-105.559761,42.888811]]]}},{"type":"Feature","properties":{"q":"NENW","ac":40.1},"geometry":{"type":"Polygon","coordinates":[[[-105.64323,42.892289],[-105.648155,42.892268],[-105.648146,42.895897],[-105.643227,42.895919],[-105.64323,42.892289]]]}},{"type":"Feature","properties":{"q":"SWSE","ac":39.8},"geometry":{"type":"Polygon","coordinates":[[[-105.603926,42.885135],[-105.599033,42.885156],[-105.599031,42.88153],[-105.603918,42.881508],[-105.603926,42.885135]]]}},{"type":"Feature","properties":{"q":"SENE","ac":40.0},"geometry":{"type":"Polygon","coordinates":[[[-105.594086,42.903309],[-105.599002,42.903288],[-105.598984,42.906915],[-105.594066,42.906937],[-105.594086,42.903309]]]}},{"type":"Feature","properties":{"q":"NENW","ac":40.1},"geometry":{"type":"Polygon","coordinates":[[[-105.643418,42.935806],[-105.648354,42.935787],[-105.648379,42.939413],[-105.643438,42.939432],[-105.643418,42.935806]]]}},{"type":"Feature","properties":{"q":"SWNW","ac":40.1},"geometry":{"type":"Polygon","coordinates":[[[-105.60888,42.93229],[-105.613808,42.932279],[-105.613813,42.935914],[-105.608888,42.935921],[-105.60888,42.93229]]]}},{"type":"Feature","properties":{"q":"SWNW","ac":40.0},"geometry":{"type":"Polygon","coordinates":[[[-105.633413,42.903212],[-105.633425,42.906837],[-105.628504,42.906839],[-105.628497,42.903215],[-105.633413,42.903212]]]}},{"type":"Feature","properties":{"q":"NWSE","ac":40.1},"geometry":{"type":"Polygon","coordinates":[[[-105.603939,42.928674],[-105.603951,42.932301],[-105.599023,42.932312],[-105.599008,42.928688],[-105.603939,42.928674]]]}},{"type":"Feature","properties":{"q":"NESW","ac":40.0},"geometry":{"type":"Polygon","coordinates":[[[-105.608834,42.903243],[-105.603918,42.903266],[-105.603934,42.899639],[-105.608848,42.899618],[-105.608834,42.903243]]]}},{"type":"Feature","properties":{"q":"NWNE","ac":39.9},"geometry":{"type":"Polygon","coordinates":[[[-105.643255,42.910422],[-105.638346,42.910442],[-105.638337,42.906817],[-105.643248,42.906797],[-105.643255,42.910422]]]}},{"type":"Feature","properties":{"q":"SWNE","ac":39.9},"geometry":{"type":"Polygon","coordinates":[[[-105.638394,42.917695],[-105.643308,42.917675],[-105.643334,42.921301],[-105.638418,42.921321],[-105.638394,42.917695]]]}},{"type":"Feature","properties":{"q":"NWSE","ac":40.0},"geometry":{"type":"Polygon","coordinates":[[[-105.643453,42.943055],[-105.643469,42.946679],[-105.638548,42.946698],[-105.638522,42.943075],[-105.643453,42.943055]]]}},{"type":"Feature","properties":{"q":"NWNW","ac":40.2},"geometry":{"type":"Polygon","coordinates":[[[-105.569458,42.925144],[-105.569465,42.92151],[-105.574395,42.9215],[-105.574392,42.925133],[-105.569458,42.925144]]]}},{"type":"Feature","properties":{"q":"SENE","ac":40.0},"geometry":{"type":"Polygon","coordinates":[[[-105.61375,42.903221],[-105.618666,42.903219],[-105.61866,42.906844],[-105.613739,42.906846],[-105.61375,42.903221]]]}},{"type":"Feature","properties":{"q":"3","ac":39.7},"geometry":{"type":"Polygon","coordinates":[[[-105.584349,42.950458],[-105.589278,42.950442],[-105.589306,42.954033],[-105.58438,42.954054],[-105.584349,42.950458]]]}},{"type":"Feature","properties":{"q":"SESW","ac":40.1},"geometry":{"type":"Polygon","coordinates":[[[-105.623661,42.924989],[-105.628593,42.924978],[-105.6286,42.928606],[-105.623668,42.928619],[-105.623661,42.924989]]]}},{"type":"Feature","properties":{"q":"SESW","ac":40.0},"geometry":{"type":"Polygon","coordinates":[[[-105.643227,42.895919],[-105.648146,42.895897],[-105.648151,42.899524],[-105.643234,42.899545],[-105.643227,42.895919]]]}},{"type":"Feature","properties":{"q":"SENW","ac":40.0},"geometry":{"type":"Polygon","coordinates":[[[-105.628497,42.903215],[-105.628504,42.906839],[-105.623582,42.906841],[-105.623582,42.903217],[-105.628497,42.903215]]]}},{"type":"Feature","properties":{"q":"SENW","ac":40.1},"geometry":{"type":"Polygon","coordinates":[[[-105.603907,42.917783],[-105.608835,42.917762],[-105.608849,42.921395],[-105.603917,42.921415],[-105.603907,42.917783]]]}},{"type":"Feature","properties":{"q":"SESW","ac":40.2},"geometry":{"type":"Polygon","coordinates":[[[-105.667901,42.881298],[-105.667886,42.884933],[-105.662961,42.884949],[-105.662976,42.881313],[-105.667901,42.881298]]]}},{"type":"Feature","properties":{"q":"SWNE","ac":40.1},"geometry":{"type":"Polygon","coordinates":[[[-105.64322,42.877774],[-105.638286,42.877794],[-105.638277,42.87417],[-105.643202,42.874149],[-105.64322,42.877774]]]}},{"type":"Feature","properties":{"q":"NWNE","ac":40.1},"geometry":{"type":"Polygon","coordinates":[[[-105.579315,42.935993],[-105.584248,42.935976],[-105.584256,42.939598],[-105.579317,42.939617],[-105.579315,42.935993]]]}},{"type":"Feature","properties":{"q":"NWNW","ac":40.0},"geometry":{"type":"Polygon","coordinates":[[[-105.594133,42.939561],[-105.589194,42.939579],[-105.589181,42.935959],[-105.594114,42.935941],[-105.594133,42.939561]]]}},{"type":"Feature","properties":{"q":"NWNW","ac":40.1},"geometry":{"type":"Polygon","coordinates":[[[-105.589174,42.877915],[-105.594096,42.87792],[-105.594145,42.881552],[-105.589228,42.881548],[-105.589174,42.877915]]]}},{"type":"Feature","properties":{"q":"NWSW","ac":40.0},"geometry":{"type":"Polygon","coordinates":[[[-105.589136,42.914205],[-105.594048,42.914194],[-105.594051,42.917824],[-105.589138,42.917835],[-105.589136,42.914205]]]}},{"type":"Feature","properties":{"q":"NESE","ac":39.9},"geometry":{"type":"Polygon","coordinates":[[[-105.633401,42.899587],[-105.638317,42.899566],[-105.638327,42.903192],[-105.633413,42.903212],[-105.633401,42.899587]]]}},{"type":"Feature","properties":{"q":"NENE","ac":40.1},"geometry":{"type":"Polygon","coordinates":[[[-105.653065,42.895876],[-105.65308,42.892247],[-105.658006,42.892232],[-105.657991,42.895863],[-105.653065,42.895876]]]}},{"type":"Feature","properties":{"q":"NESW","ac":40.0},"geometry":{"type":"Polygon","coordinates":[[[-105.589154,42.928717],[-105.589168,42.932338],[-105.58424,42.932353],[-105.584232,42.928731],[-105.589154,42.928717]]]}},{"type":"Feature","properties":{"q":"NWNW","ac":40.0},"geometry":{"type":"Polygon","coordinates":[[[-105.628504,42.906839],[-105.633425,42.906837],[-105.633437,42.910462],[-105.62851,42.910464],[-105.628504,42.906839]]]}},{"type":"Feature","properties":{"q":"NWNE","ac":40.1},"geometry":{"type":"Polygon","coordinates":[[[-105.584253,42.877909],[-105.58431,42.881543],[-105.579393,42.881539],[-105.579332,42.877903],[-105.584253,42.877909]]]}},{"type":"Feature","properties":{"q":"NESW","ac":40.1},"geometry":{"type":"Polygon","coordinates":[[[-105.643453,42.943055],[-105.648396,42.943036],[-105.648414,42.946659],[-105.643469,42.946679],[-105.643453,42.943055]]]}},{"type":"Feature","properties":{"q":"SESW","ac":40.1},"geometry":{"type":"Polygon","coordinates":[[[-105.648379,42.939413],[-105.648396,42.943036],[-105.643453,42.943055],[-105.643438,42.939432],[-105.648379,42.939413]]]}},{"type":"Feature","properties":{"q":"NWNE","ac":40.2},"geometry":{"type":"Polygon","coordinates":[[[-105.564536,42.92152],[-105.564524,42.925155],[-105.55959,42.925166],[-105.559606,42.92153],[-105.564536,42.92152]]]}},{"type":"Feature","properties":{"q":"SWSW","ac":39.8},"geometry":{"type":"Polygon","coordinates":[[[-105.574426,42.943252],[-105.569507,42.943277],[-105.569473,42.939656],[-105.574379,42.939635],[-105.574426,42.943252]]]}},{"type":"Feature","properties":{"q":"SESE","ac":40.0},"geometry":{"type":"Polygon","coordinates":[[[-105.653197,42.924888],[-105.658122,42.924889],[-105.658154,42.928519],[-105.653228,42.928514],[-105.653197,42.924888]]]}},{"type":"Feature","properties":{"q":"SWNW","ac":39.9},"geometry":{"type":"Polygon","coordinates":[[[-105.648155,42.90315],[-105.653069,42.903129],[-105.65307,42.906756],[-105.648159,42.906776],[-105.648155,42.90315]]]}},{"type":"Feature","properties":{"q":"NENW","ac":39.9},"geometry":{"type":"Polygon","coordinates":[[[-105.564627,42.877903],[-105.569518,42.8779],[-105.569579,42.881536],[-105.564683,42.881538],[-105.564627,42.877903]]]}},{"type":"Feature","properties":{"q":"1","ac":40.0},"geometry":{"type":"Polygon","coordinates":[[[-105.633645,42.953956],[-105.633636,42.950339],[-105.63856,42.95032],[-105.638573,42.953945],[-105.633645,42.953956]]]}},{"type":"Feature","properties":{"q":"SESE","ac":40.1},"geometry":{"type":"Polygon","coordinates":[[[-105.554738,42.91063],[-105.559654,42.910623],[-105.559638,42.914259],[-105.554717,42.914267],[-105.554738,42.91063]]]}},{"type":"Feature","properties":{"q":"NWSE","ac":40.1},"geometry":{"type":"Polygon","coordinates":[[[-105.559608,42.928799],[-105.564535,42.928786],[-105.564546,42.932416],[-105.559626,42.932432],[-105.559608,42.928799]]]}},{"type":"Feature","properties":{"q":"SENW","ac":40.1},"geometry":{"type":"Polygon","coordinates":[[[-105.643202,42.874149],[-105.648126,42.874127],[-105.648154,42.877753],[-105.64322,42.877774],[-105.643202,42.874149]]]}},{"type":"Feature","properties":{"q":"NENE","ac":40.1},"geometry":{"type":"Polygon","coordinates":[[[-105.574429,42.892434],[-105.579355,42.892433],[-105.579342,42.896064],[-105.574414,42.896068],[-105.574429,42.892434]]]}},{"type":"Feature","properties":{"q":"NESW","ac":40.1},"geometry":{"type":"Polygon","coordinates":[[[-105.667849,42.903099],[-105.662923,42.903109],[-105.662919,42.89948],[-105.667845,42.899466],[-105.667849,42.903099]]]}},{"type":"Feature","properties":{"q":"NWNW","ac":40.0},"geometry":{"type":"Polygon","coordinates":[[[-105.589151,42.906945],[-105.594066,42.906937],[-105.594046,42.910565],[-105.589135,42.910574],[-105.589151,42.906945]]]}},{"type":"Feature","properties":{"q":"NWSE","ac":39.9},"geometry":{"type":"Polygon","coordinates":[[[-105.564614,42.899712],[-105.564599,42.903347],[-105.559695,42.903352],[-105.559715,42.899717],[-105.564614,42.899712]]]}},{"type":"Feature","properties":{"q":"SESW","ac":39.9},"geometry":{"type":"Polygon","coordinates":[[[-105.623581,42.895967],[-105.628485,42.895965],[-105.628491,42.89959],[-105.623581,42.899592],[-105.623581,42.895967]]]}},{"type":"Feature","properties":{"q":"NWSW","ac":40.1},"geometry":{"type":"Polygon","coordinates":[[[-105.628531,42.914093],[-105.633459,42.914088],[-105.633481,42.917714],[-105.628551,42.917721],[-105.628531,42.914093]]]}},{"type":"Feature","properties":{"q":"NESW","ac":40.0},"geometry":{"type":"Polygon","coordinates":[[[-105.604002,42.943177],[-105.608927,42.943174],[-105.608959,42.946796],[-105.604029,42.946799],[-105.604002,42.943177]]]}},{"type":"Feature","properties":{"q":"NESE","ac":40.1},"geometry":{"type":"Polygon","coordinates":[[[-105.653067,42.899502],[-105.657993,42.899491],[-105.657996,42.903119],[-105.653069,42.903129],[-105.653067,42.899502]]]}},{"type":"Feature","properties":{"q":"4","ac":39.3},"geometry":{"type":"Polygon","coordinates":[[[-105.613911,42.950413],[-105.613934,42.953975],[-105.609008,42.953984],[-105.608984,42.950417],[-105.613911,42.950413]]]}},{"type":"Feature","properties":{"q":"SENE","ac":40.0},"geometry":{"type":"Polygon","coordinates":[[[-105.559691,42.946952],[-105.559704,42.950575],[-105.554775,42.950604],[-105.554771,42.946979],[-105.559691,42.946952]]]}},{"type":"Feature","properties":{"q":"NENE","ac":39.9},"geometry":{"type":"Polygon","coordinates":[[[-105.554855,42.89245],[-105.559749,42.892446],[-105.559736,42.896081],[-105.554843,42.896086],[-105.554855,42.89245]]]}},{"type":"Feature","properties":{"q":"SENW","ac":40.0},"geometry":{"type":"Polygon","coordinates":[[[-105.589138,42.917835],[-105.589139,42.921465],[-105.584225,42.921477],[-105.584224,42.917846],[-105.589138,42.917835]]]}},{"type":"Feature","properties":{"q":"SESW","ac":40.2},"geometry":{"type":"Polygon","coordinates":[[[-105.643236,42.885029],[-105.643238,42.881399],[-105.648182,42.88138],[-105.648173,42.885009],[-105.643236,42.885029]]]}},{"type":"Feature","properties":{"q":"NWSE","ac":40.1},"geometry":{"type":"Polygon","coordinates":[[[-105.598973,42.914172],[-105.603897,42.91415],[-105.603907,42.917783],[-105.598979,42.917803],[-105.598973,42.914172]]]}},{"type":"Feature","properties":{"q":"NESW","ac":40.1},"geometry":{"type":"Polygon","coordinates":[[[-105.564559,42.914251],[-105.56948,42.914243],[-105.569472,42.917877],[-105.564547,42.917886],[-105.564559,42.914251]]]}},{"type":"Feature","properties":{"q":"NWSE","ac":39.9},"geometry":{"type":"Polygon","coordinates":[[[-105.559676,42.943325],[-105.564589,42.943301],[-105.564611,42.946925],[-105.559691,42.946952],[-105.559676,42.943325]]]}},{"type":"Feature","properties":{"q":"NENE","ac":40.0},"geometry":{"type":"Polygon","coordinates":[[[-105.554764,42.906994],[-105.559675,42.906988],[-105.559654,42.910623],[-105.554738,42.91063],[-105.554764,42.906994]]]}},{"type":"Feature","properties":{"q":"SWNE","ac":40.1},"geometry":{"type":"Polygon","coordinates":[[[-105.658218,42.935776],[-105.658186,42.932148],[-105.663113,42.932155],[-105.663146,42.935786],[-105.658218,42.935776]]]}},{"type":"Feature","properties":{"q":"NENE","ac":40.2},"geometry":{"type":"Polygon","coordinates":[[[-105.613781,42.921375],[-105.618711,42.921367],[-105.61873,42.925],[-105.613798,42.925011],[-105.613781,42.921375]]]}},{"type":"Feature","properties":{"q":"SWNW","ac":40.2},"geometry":{"type":"Polygon","coordinates":[[[-105.608835,42.917762],[-105.613763,42.91774],[-105.613781,42.921375],[-105.608849,42.921395],[-105.608835,42.917762]]]}},{"type":"Feature","properties":{"q":"NENE","ac":40.2},"geometry":{"type":"Polygon","coordinates":[[[-105.554676,42.92154],[-105.559606,42.92153],[-105.55959,42.925166],[-105.554656,42.925177],[-105.554676,42.92154]]]}},{"type":"Feature","properties":{"q":"NENW","ac":40.1},"geometry":{"type":"Polygon","coordinates":[[[-105.663046,42.924891],[-105.663017,42.921262],[-105.667943,42.921262],[-105.667972,42.924895],[-105.663046,42.924891]]]}},{"type":"Feature","properties":{"q":"NENE","ac":39.9},"geometry":{"type":"Polygon","coordinates":[[[-105.618659,42.892342],[-105.618677,42.895969],[-105.613774,42.895972],[-105.613753,42.892345],[-105.618659,42.892342]]]}},{"type":"Feature","properties":{"q":"SENE","ac":39.9},"geometry":{"type":"Polygon","coordinates":[[[-105.638548,42.946698],[-105.63856,42.95032],[-105.633636,42.950339],[-105.633627,42.946717],[-105.638548,42.946698]]]}},{"type":"Feature","properties":{"q":"NESW","ac":40.0},"geometry":{"type":"Polygon","coordinates":[[[-105.623551,42.888709],[-105.623536,42.88508],[-105.628449,42.885074],[-105.628461,42.888704],[-105.623551,42.888709]]]}},{"type":"Feature","properties":{"q":"NESE","ac":39.9},"geometry":{"type":"Polygon","coordinates":[[[-105.574426,42.943252],[-105.579356,42.943235],[-105.579396,42.946854],[-105.574473,42.94687],[-105.574426,42.943252]]]}},{"type":"Feature","properties":{"q":"SESW","ac":40.1},"geometry":{"type":"Polygon","coordinates":[[[-105.603928,42.925047],[-105.608863,42.925029],[-105.608871,42.92866],[-105.603939,42.928674],[-105.603928,42.925047]]]}},{"type":"Feature","properties":{"q":"SESW","ac":40.1},"geometry":{"type":"Polygon","coordinates":[[[-105.623686,42.93951],[-105.628621,42.93949],[-105.628652,42.943113],[-105.623712,42.943132],[-105.623686,42.93951]]]}},{"type":"Feature","properties":{"q":"SENE","ac":40.1},"geometry":{"type":"Polygon","coordinates":[[[-105.574445,42.888801],[-105.579367,42.888802],[-105.579355,42.892433],[-105.574429,42.892434],[-105.574445,42.888801]]]}},{"type":"Feature","properties":{"q":"SWNW","ac":40.1},"geometry":{"type":"Polygon","coordinates":[[[-105.648126,42.874127],[-105.653051,42.874105],[-105.653088,42.877733],[-105.648154,42.877753],[-105.648126,42.874127]]]}},{"type":"Feature","properties":{"q":"NENE","ac":40.0},"geometry":{"type":"Polygon","coordinates":[[[-105.613739,42.906846],[-105.61866,42.906844],[-105.618655,42.910468],[-105.613727,42.91047],[-105.613739,42.906846]]]}},{"type":"Feature","properties":{"q":"SENE","ac":40.1},"geometry":{"type":"Polygon","coordinates":[[[-105.65329,42.935767],[-105.653259,42.93214],[-105.658186,42.932148],[-105.658218,42.935776],[-105.65329,42.935767]]]}},{"type":"Feature","properties":{"q":"2","ac":37.8},"geometry":{"type":"Polygon","coordinates":[[[-105.672485,42.892185],[-105.667856,42.892201],[-105.667871,42.888568],[-105.672524,42.888551],[-105.672485,42.892185]]]}},{"type":"Feature","properties":{"q":"NWSE","ac":40.0},"geometry":{"type":"Polygon","coordinates":[[[-105.58424,42.932353],[-105.579313,42.932369],[-105.579311,42.928745],[-105.584232,42.928731],[-105.58424,42.932353]]]}},{"type":"Feature","properties":{"q":"NWSW","ac":40.1},"geometry":{"type":"Polygon","coordinates":[[[-105.608821,42.914128],[-105.613745,42.914105],[-105.613763,42.91774],[-105.608835,42.917762],[-105.608821,42.914128]]]}},{"type":"Feature","properties":{"q":"SWSE","ac":40.1},"geometry":{"type":"Polygon","coordinates":[[[-105.603886,42.910518],[-105.603897,42.91415],[-105.598973,42.914172],[-105.598966,42.910541],[-105.603886,42.910518]]]}},{"type":"Feature","properties":{"q":"3","ac":40.0},"geometry":{"type":"Polygon","coordinates":[[[-105.569567,42.950518],[-105.569591,42.95413],[-105.564654,42.954163],[-105.564632,42.950547],[-105.569567,42.950518]]]}},{"type":"Feature","properties":{"q":"4","ac":40.3},"geometry":{"type":"Polygon","coordinates":[[[-105.653357,42.950262],[-105.653356,42.953913],[-105.648428,42.953923],[-105.648421,42.950281],[-105.653357,42.950262]]]}},{"type":"Feature","properties":{"q":"NWSE","ac":40.1},"geometry":{"type":"Polygon","coordinates":[[[-105.584247,42.903323],[-105.579328,42.903329],[-105.579335,42.899697],[-105.584259,42.899692],[-105.584247,42.903323]]]}},{"type":"Feature","properties":{"q":"SWNW","ac":40.1},"geometry":{"type":"Polygon","coordinates":[[[-105.653259,42.93214],[-105.65329,42.935767],[-105.648354,42.935787],[-105.648329,42.93216],[-105.653259,42.93214]]]}},{"type":"Feature","properties":{"q":"NESW","ac":40.0},"geometry":{"type":"Polygon","coordinates":[[[-105.58922,42.885175],[-105.589213,42.888803],[-105.58429,42.888802],[-105.5843,42.885173],[-105.58922,42.885175]]]}},{"type":"Feature","properties":{"q":"NESE","ac":40.0},"geometry":{"type":"Polygon","coordinates":[[[-105.554817,42.899722],[-105.559715,42.899717],[-105.559695,42.903352],[-105.55479,42.903358],[-105.554817,42.899722]]]}},{"type":"Feature","properties":{"q":"NWSW","ac":40.1},"geometry":{"type":"Polygon","coordinates":[[[-105.628652,42.943113],[-105.633591,42.943094],[-105.633627,42.946717],[-105.628682,42.946736],[-105.628652,42.943113]]]}},{"type":"Feature","properties":{"q":"NENW","ac":39.8},"geometry":{"type":"Polygon","coordinates":[[[-105.603897,42.877879],[-105.608798,42.877858],[-105.608804,42.881486],[-105.603918,42.881508],[-105.603897,42.877879]]]}},{"type":"Feature","properties":{"q":"NESW","ac":39.9},"geometry":{"type":"Polygon","coordinates":[[[-105.564614,42.899712],[-105.569513,42.899707],[-105.569504,42.903341],[-105.564599,42.903347],[-105.564614,42.899712]]]}},{"type":"Feature","properties":{"q":"SESE","ac":40.2},"geometry":{"type":"Polygon","coordinates":[[[-105.618735,42.928632],[-105.613803,42.928645],[-105.613798,42.925011],[-105.61873,42.925],[-105.618735,42.928632]]]}},{"type":"Feature","properties":{"q":"SWSE","ac":40.1},"geometry":{"type":"Polygon","coordinates":[[[-105.662959,42.914],[-105.658031,42.914004],[-105.658001,42.910375],[-105.66293,42.910368],[-105.662959,42.914]]]}},{"type":"Feature","properties":{"q":"3","ac":39.4},"geometry":{"type":"Polygon","coordinates":[[[-105.604056,42.95042],[-105.608984,42.950417],[-105.609008,42.953984],[-105.604082,42.953993],[-105.604056,42.95042]]]}},{"type":"Feature","properties":{"q":"SWSW","ac":40.2},"geometry":{"type":"Polygon","coordinates":[[[-105.613798,42.925011],[-105.613803,42.928645],[-105.608871,42.92866],[-105.608863,42.925029],[-105.613798,42.925011]]]}},{"type":"Feature","properties":{"q":"4","ac":37.8},"geometry":{"type":"Polygon","coordinates":[[[-105.667972,42.924895],[-105.672627,42.924898],[-105.672637,42.928533],[-105.668006,42.928528],[-105.667972,42.924895]]]}}]}