{"type":"FeatureCollection","note":"BLM Public Land Survey System. Provided by the Bureau of Land Management as is. These data are neither legal documents nor land surveys and must not be used as such.","features":[{"type":"Feature","properties":{"q":"9","ac":40.3},"geometry":{"type":"Polygon","coordinates":[[[-105.935002,44.615156],[-105.93501,44.618795],[-105.929932,44.618926],[-105.92993,44.61527],[-105.935002,44.615156]]]}},{"type":"Feature","properties":{"q":"14","ac":40.5},"geometry":{"type":"Polygon","coordinates":[[[-105.87402,44.608772],[-105.874032,44.612436],[-105.868948,44.612498],[-105.868947,44.608843],[-105.87402,44.608772]]]}},{"type":"Feature","properties":{"q":"12","ac":40.1},"geometry":{"type":"Polygon","coordinates":[[[-105.914663,44.626523],[-105.919758,44.626492],[-105.919747,44.630102],[-105.914651,44.630142],[-105.914663,44.626523]]]}},{"type":"Feature","properties":{"q":"13","ac":40.4},"geometry":{"type":"Polygon","coordinates":[[[-105.899474,44.608406],[-105.899458,44.612043],[-105.894371,44.612126],[-105.894379,44.608479],[-105.899474,44.608406]]]}},{"type":"Feature","properties":{"q":"14","ac":40.5},"geometry":{"type":"Polygon","coordinates":[[[-105.83332,44.624016],[-105.833292,44.627669],[-105.828198,44.62773],[-105.828219,44.62409],[-105.83332,44.624016]]]}},{"type":"Feature","properties":{"q":"12","ac":40.7},"geometry":{"type":"Polygon","coordinates":[[[-105.924861,44.611708],[-105.924858,44.615383],[-105.919786,44.615496],[-105.919795,44.611803],[-105.924861,44.611708]]]}},{"type":"Feature","properties":{"q":"12","ac":40.3},"geometry":{"type":"Polygon","coordinates":[[[-105.899458,44.612043],[-105.899442,44.615681],[-105.894364,44.615773],[-105.894371,44.612126],[-105.899458,44.612043]]]}},{"type":"Feature","properties":{"q":"9","ac":40.5},"geometry":{"type":"Polygon","coordinates":[[[-105.843562,44.612861],[-105.84354,44.616521],[-105.838467,44.616607],[-105.838489,44.61294],[-105.843562,44.612861]]]}},{"type":"Feature","properties":{"q":"13","ac":40.5},"geometry":{"type":"Polygon","coordinates":[[[-105.929927,44.611613],[-105.92993,44.61527],[-105.924858,44.615383],[-105.924861,44.611708],[-105.929927,44.611613]]]}},{"type":"Feature","properties":{"q":"11","ac":40.2},"geometry":{"type":"Polygon","coordinates":[[[-105.868903,44.630705],[-105.868926,44.627083],[-105.874034,44.62704],[-105.874003,44.630654],[-105.868903,44.630705]]]}},{"type":"Feature","properties":{"q":"16","ac":39.8},"geometry":{"type":"Polygon","coordinates":[[[-105.879182,44.623391],[-105.884235,44.623286],[-105.884201,44.626902],[-105.879142,44.626997],[-105.879182,44.623391]]]}},{"type":"Feature","properties":{"q":"6","ac":40.1},"geometry":{"type":"Polygon","coordinates":[[[-105.889204,44.634058],[-105.889232,44.630432],[-105.8943,44.630347],[-105.894276,44.633982],[-105.889204,44.634058]]]}},{"type":"Feature","properties":{"q":"4","ac":40.2},"geometry":{"type":"Polygon","coordinates":[[[-105.899419,44.619326],[-105.899395,44.622971],[-105.894342,44.623076],[-105.894353,44.619424],[-105.899419,44.619326]]]}},{"type":"Feature","properties":{"q":"12","ac":40.2},"geometry":{"type":"Polygon","coordinates":[[[-105.899382,44.626616],[-105.899369,44.630261],[-105.8943,44.630347],[-105.894321,44.626711],[-105.899382,44.626616]]]}},{"type":"Feature","properties":{"q":"14","ac":40.0},"geometry":{"type":"Polygon","coordinates":[[[-105.894342,44.623076],[-105.894321,44.626711],[-105.88926,44.626807],[-105.889289,44.623181],[-105.894342,44.623076]]]}},{"type":"Feature","properties":{"q":"1","ac":40.5},"geometry":{"type":"Polygon","coordinates":[[[-105.899419,44.619326],[-105.904507,44.619292],[-105.904489,44.622949],[-105.899395,44.622971],[-105.899419,44.619326]]]}},{"type":"Feature","properties":{"q":"2","ac":40.4},"geometry":{"type":"Polygon","coordinates":[[[-105.84857,44.623737],[-105.843496,44.623839],[-105.843518,44.62018],[-105.848591,44.620085],[-105.84857,44.623737]]]}},{"type":"Feature","properties":{"q":"9","ac":40.1},"geometry":{"type":"Polygon","coordinates":[[[-105.863975,44.656158],[-105.863973,44.659787],[-105.858905,44.659899],[-105.858904,44.656263],[-105.863975,44.656158]]]}},{"type":"Feature","properties":{"q":"10","ac":39.9},"geometry":{"type":"Polygon","coordinates":[[[-105.935012,44.658665],[-105.935003,44.66229],[-105.929938,44.662391],[-105.929948,44.658772],[-105.935012,44.658665]]]}},{"type":"Feature","properties":{"q":"13","ac":40.0},"geometry":{"type":"Polygon","coordinates":[[[-105.879023,44.637815],[-105.879065,44.641421],[-105.873985,44.641495],[-105.87394,44.637881],[-105.879023,44.637815]]]}},{"type":"Feature","properties":{"q":"16","ac":40.0},"geometry":{"type":"Polygon","coordinates":[[[-105.823066,44.63867],[-105.823072,44.642297],[-105.817988,44.642304],[-105.817994,44.63869],[-105.823066,44.63867]]]}},{"type":"Feature","properties":{"q":"NWSE","ac":40.0},"geometry":{"type":"Polygon","coordinates":[[[-105.909569,44.670008],[-105.909516,44.673621],[-105.904433,44.673719],[-105.904484,44.670105],[-105.909569,44.670008]]]}},{"type":"Feature","properties":{"q":"8","ac":40.7},"geometry":{"type":"Polygon","coordinates":[[[-105.823266,44.675212],[-105.823271,44.678889],[-105.81819,44.678989],[-105.818186,44.675299],[-105.823266,44.675212]]]}},{"type":"Feature","properties":{"q":"1","ac":40.7},"geometry":{"type":"Polygon","coordinates":[[[-105.843411,44.634818],[-105.843383,44.638477],[-105.83828,44.638609],[-105.838315,44.634942],[-105.843411,44.634818]]]}},{"type":"Feature","properties":{"q":"2","ac":40.2},"geometry":{"type":"Polygon","coordinates":[[[-105.823079,44.635044],[-105.828158,44.63501],[-105.828137,44.63865],[-105.823066,44.63867],[-105.823079,44.635044]]]}},{"type":"Feature","properties":{"q":"12","ac":39.8},"geometry":{"type":"Polygon","coordinates":[[[-105.919821,44.658983],[-105.924885,44.658878],[-105.924873,44.662492],[-105.919808,44.662594],[-105.919821,44.658983]]]}},{"type":"Feature","properties":{"q":"2","ac":40.3},"geometry":{"type":"Polygon","coordinates":[[[-105.843547,44.653056],[-105.843547,44.649427],[-105.848621,44.649282],[-105.848666,44.652913],[-105.843547,44.653056]]]}},{"type":"Feature","properties":{"q":"5","ac":39.9},"geometry":{"type":"Polygon","coordinates":[[[-105.92489,44.648033],[-105.924908,44.651648],[-105.919847,44.651763],[-105.919817,44.648153],[-105.92489,44.648033]]]}},{"type":"Feature","properties":{"q":"15","ac":40.1},"geometry":{"type":"Polygon","coordinates":[[[-105.889175,44.637683],[-105.88923,44.641308],[-105.884148,44.641365],[-105.884099,44.637749],[-105.889175,44.637683]]]}},{"type":"Feature","properties":{"q":"14","ac":39.3},"geometry":{"type":"Polygon","coordinates":[[[-105.884204,44.684654],[-105.889261,44.684641],[-105.889419,44.688214],[-105.884379,44.688232],[-105.884204,44.684654]]]}},{"type":"Feature","properties":{"q":"10","ac":39.1},"geometry":{"type":"Polygon","coordinates":[[[-105.889419,44.688214],[-105.894459,44.688197],[-105.8946,44.691767],[-105.889578,44.691789],[-105.889419,44.688214]]]}},{"type":"Feature","properties":{"q":"1","ac":40.6},"geometry":{"type":"Polygon","coordinates":[[[-105.863833,44.623497],[-105.858717,44.623533],[-105.858738,44.619896],[-105.863844,44.619852],[-105.863833,44.623497]]]}},{"type":"Feature","properties":{"q":"NWNW","ac":39.3},"geometry":{"type":"Polygon","coordinates":[[[-105.93999,44.622288],[-105.935018,44.622434],[-105.93501,44.618795],[-105.939959,44.618667],[-105.93999,44.622288]]]}},{"type":"Feature","properties":{"q":"14","ac":40.3},"geometry":{"type":"Polygon","coordinates":[[[-105.934993,44.611517],[-105.935002,44.615156],[-105.92993,44.61527],[-105.929927,44.611613],[-105.934993,44.611517]]]}},{"type":"Feature","properties":{"q":"8","ac":40.3},"geometry":{"type":"Polygon","coordinates":[[[-105.863804,44.630756],[-105.863789,44.634385],[-105.858698,44.634443],[-105.858705,44.630806],[-105.863804,44.630756]]]}},{"type":"Feature","properties":{"q":"SWSW","ac":40.7},"geometry":{"type":"Polygon","coordinates":[[[-105.838511,44.609273],[-105.838489,44.61294],[-105.833389,44.61303],[-105.833412,44.609368],[-105.838511,44.609273]]]}},{"type":"Feature","properties":{"q":"11","ac":40.6},"geometry":{"type":"Polygon","coordinates":[[[-105.868948,44.612498],[-105.874032,44.612436],[-105.874043,44.6161],[-105.868948,44.616153],[-105.868948,44.612498]]]}},{"type":"Feature","properties":{"q":"7","ac":40.3},"geometry":{"type":"Polygon","coordinates":[[[-105.904462,44.630222],[-105.909554,44.630182],[-105.909541,44.633809],[-105.904445,44.633858],[-105.904462,44.630222]]]}},{"type":"Feature","properties":{"q":"5","ac":40.8},"geometry":{"type":"Polygon","coordinates":[[[-105.924855,44.619058],[-105.924852,44.622733],[-105.919769,44.622882],[-105.919778,44.619189],[-105.924855,44.619058]]]}},{"type":"Feature","properties":{"q":"11","ac":40.9},"geometry":{"type":"Polygon","coordinates":[[[-105.914698,44.615543],[-105.91471,44.611864],[-105.919795,44.611803],[-105.919786,44.615496],[-105.914698,44.615543]]]}},{"type":"Feature","properties":{"q":"13","ac":40.6},"geometry":{"type":"Polygon","coordinates":[[[-105.879093,44.608701],[-105.879115,44.612373],[-105.874032,44.612436],[-105.87402,44.608772],[-105.879093,44.608701]]]}},{"type":"Feature","properties":{"q":"15","ac":40.4},"geometry":{"type":"Polygon","coordinates":[[[-105.848656,44.60913],[-105.848635,44.612782],[-105.843562,44.612861],[-105.843584,44.609201],[-105.848656,44.60913]]]}},{"type":"Feature","properties":{"q":"3","ac":40.8},"geometry":{"type":"Polygon","coordinates":[[[-105.909582,44.622926],[-105.909596,44.619258],[-105.914687,44.619224],[-105.914676,44.622904],[-105.909582,44.622926]]]}},{"type":"Feature","properties":{"q":"14","ac":40.5},"geometry":{"type":"Polygon","coordinates":[[[-105.894379,44.608479],[-105.894371,44.612126],[-105.889285,44.612209],[-105.889284,44.608553],[-105.894379,44.608479]]]}},{"type":"Feature","properties":{"q":"2","ac":40.4},"geometry":{"type":"Polygon","coordinates":[[[-105.889287,44.619522],[-105.889289,44.623181],[-105.884235,44.623286],[-105.884223,44.619621],[-105.889287,44.619522]]]}},{"type":"Feature","properties":{"q":"5","ac":40.1},"geometry":{"type":"Polygon","coordinates":[[[-105.879102,44.630603],[-105.879062,44.634209],[-105.873971,44.634268],[-105.874003,44.630654],[-105.879102,44.630603]]]}},{"type":"Feature","properties":{"q":"9","ac":37.4},"geometry":{"type":"Polygon","coordinates":[[[-105.939626,44.673083],[-105.939591,44.676712],[-105.934855,44.676789],[-105.934902,44.673164],[-105.939626,44.673083]]]}},{"type":"Feature","properties":{"q":"6","ac":39.6},"geometry":{"type":"Polygon","coordinates":[[[-105.874006,44.674001],[-105.873961,44.677607],[-105.868917,44.677735],[-105.868956,44.674129],[-105.874006,44.674001]]]}},{"type":"Feature","properties":{"q":"16","ac":40.2},"geometry":{"type":"Polygon","coordinates":[[[-105.863825,44.641643],[-105.858745,44.641716],[-105.858692,44.63808],[-105.863775,44.638013],[-105.863825,44.641643]]]}},{"type":"Feature","properties":{"q":"13","ac":40.2},"geometry":{"type":"Polygon","coordinates":[[[-105.929952,44.640674],[-105.93505,44.640544],[-105.935043,44.644168],[-105.929958,44.644293],[-105.929952,44.640674]]]}},{"type":"Feature","properties":{"q":"20","ac":39.9},"geometry":{"type":"Polygon","coordinates":[[[-105.919795,44.666204],[-105.924862,44.666107],[-105.924809,44.669722],[-105.919739,44.669814],[-105.919795,44.666204]]]}},{"type":"Feature","properties":{"q":"14","ac":39.7},"geometry":{"type":"Polygon","coordinates":[[[-105.874097,44.666789],[-105.874052,44.670395],[-105.868994,44.670523],[-105.869033,44.666917],[-105.874097,44.666789]]]}},{"type":"Feature","properties":{"q":"8","ac":38.3},"geometry":{"type":"Polygon","coordinates":[[[-105.939909,44.644048],[-105.939874,44.647677],[-105.935036,44.647792],[-105.935043,44.644168],[-105.939909,44.644048]]]}},{"type":"Feature","properties":{"q":"10","ac":39.9},"geometry":{"type":"Polygon","coordinates":[[[-105.85888,44.670779],[-105.858854,44.674385],[-105.853774,44.674526],[-105.853795,44.670916],[-105.85888,44.670779]]]}},{"type":"Feature","properties":{"q":"4","ac":39.9},"geometry":{"type":"Polygon","coordinates":[[[-105.914745,44.648236],[-105.919817,44.648153],[-105.919847,44.651763],[-105.914784,44.651855],[-105.914745,44.648236]]]}},{"type":"Feature","properties":{"q":"3","ac":40.3},"geometry":{"type":"Polygon","coordinates":[[[-105.853808,44.663672],[-105.853816,44.667305],[-105.848727,44.667437],[-105.848712,44.663807],[-105.853808,44.663672]]]}},{"type":"Feature","properties":{"q":"22","ac":39.9},"geometry":{"type":"Polygon","coordinates":[[[-105.924649,44.680568],[-105.924666,44.684183],[-105.919608,44.684255],[-105.919569,44.680645],[-105.924649,44.680568]]]}},{"type":"Feature","properties":{"q":"17","ac":39.4},"geometry":{"type":"Polygon","coordinates":[[[-105.899252,44.681046],[-105.899376,44.684612],[-105.894318,44.684627],[-105.894177,44.681057],[-105.899252,44.681046]]]}},{"type":"Feature","properties":{"q":"10","ac":39.9},"geometry":{"type":"Polygon","coordinates":[[[-105.884181,44.670251],[-105.889254,44.670235],[-105.889204,44.673845],[-105.88413,44.673859],[-105.884181,44.670251]]]}},{"type":"Feature","properties":{"q":"13","ac":40.4},"geometry":{"type":"Polygon","coordinates":[[[-105.83332,44.653212],[-105.838428,44.653199],[-105.838457,44.656826],[-105.83335,44.65685],[-105.83332,44.653212]]]}},{"type":"Feature","properties":{"q":"14","ac":39.9},"geometry":{"type":"Polygon","coordinates":[[[-105.929878,44.669631],[-105.929828,44.673251],[-105.924755,44.673338],[-105.924809,44.669722],[-105.929878,44.669631]]]}},{"type":"Feature","properties":{"q":"7","ac":38.1},"geometry":{"type":"Polygon","coordinates":[[[-105.939874,44.647677],[-105.939838,44.651307],[-105.935029,44.651417],[-105.935036,44.647792],[-105.939874,44.647677]]]}},{"type":"Feature","properties":{"q":"5","ac":41.1},"geometry":{"type":"Polygon","coordinates":[[[-105.838669,44.693131],[-105.843782,44.69296],[-105.843847,44.696657],[-105.83872,44.696815],[-105.838669,44.693131]]]}},{"type":"Feature","properties":{"q":"12","ac":40.0},"geometry":{"type":"Polygon","coordinates":[[[-105.864221,44.69228],[-105.85912,44.692431],[-105.859003,44.688819],[-105.864088,44.688677],[-105.864221,44.69228]]]}},{"type":"Feature","properties":{"q":"18","ac":39.8},"geometry":{"type":"Polygon","coordinates":[[[-105.934784,44.684039],[-105.934759,44.687664],[-105.929722,44.687732],[-105.929725,44.684111],[-105.934784,44.684039]]]}},{"type":"Feature","properties":{"q":"11","ac":39.9},"geometry":{"type":"Polygon","coordinates":[[[-105.869174,44.688535],[-105.869322,44.69213],[-105.864221,44.69228],[-105.864088,44.688677],[-105.869174,44.688535]]]}},{"type":"Feature","properties":{"q":"13","ac":40.3},"geometry":{"type":"Polygon","coordinates":[[[-105.838569,44.685858],[-105.843654,44.685695],[-105.843718,44.689326],[-105.838619,44.689495],[-105.838569,44.685858]]]}},{"type":"Feature","properties":{"q":"10","ac":39.3},"geometry":{"type":"Polygon","coordinates":[[[-105.909654,44.691611],[-105.909573,44.688022],[-105.91461,44.687944],[-105.91467,44.691543],[-105.909654,44.691611]]]}},{"type":"Feature","properties":{"q":"13","ac":40.1},"geometry":{"type":"Polygon","coordinates":[[[-105.894321,44.626711],[-105.894342,44.623076],[-105.899395,44.622971],[-105.899382,44.626616],[-105.894321,44.626711]]]}},{"type":"Feature","properties":{"q":"6","ac":40.7},"geometry":{"type":"Polygon","coordinates":[[[-105.874043,44.6161],[-105.874054,44.619763],[-105.868949,44.619807],[-105.868948,44.616153],[-105.874043,44.6161]]]}},{"type":"Feature","properties":{"q":"10","ac":40.5},"geometry":{"type":"Polygon","coordinates":[[[-105.889285,44.612209],[-105.889286,44.615864],[-105.884212,44.615955],[-105.8842,44.612291],[-105.889285,44.612209]]]}},{"type":"Feature","properties":{"q":"8","ac":39.9},"geometry":{"type":"Polygon","coordinates":[[[-105.884133,44.634133],[-105.879062,44.634209],[-105.879102,44.630603],[-105.884167,44.630518],[-105.884133,44.634133]]]}},{"type":"Feature","properties":{"q":"12","ac":40.1},"geometry":{"type":"Polygon","coordinates":[[[-105.879142,44.626997],[-105.879102,44.630603],[-105.874003,44.630654],[-105.874034,44.62704],[-105.879142,44.626997]]]}},{"type":"Feature","properties":{"q":"9","ac":40.4},"geometry":{"type":"Polygon","coordinates":[[[-105.904475,44.626585],[-105.904462,44.630222],[-105.899369,44.630261],[-105.899382,44.626616],[-105.904475,44.626585]]]}},{"type":"Feature","properties":{"q":"17","ac":40.3},"geometry":{"type":"Polygon","coordinates":[[[-105.929925,44.607955],[-105.934985,44.607878],[-105.934993,44.611517],[-105.929927,44.611613],[-105.929925,44.607955]]]}},{"type":"Feature","properties":{"q":"NWSW","ac":40.7},"geometry":{"type":"Polygon","coordinates":[[[-105.838489,44.61294],[-105.838467,44.616607],[-105.833366,44.616692],[-105.833389,44.61303],[-105.838489,44.61294]]]}},{"type":"Feature","properties":{"q":"7","ac":40.2},"geometry":{"type":"Polygon","coordinates":[[[-105.889285,44.644934],[-105.889339,44.648559],[-105.884245,44.648596],[-105.884196,44.64498],[-105.889285,44.644934]]]}},{"type":"Feature","properties":{"q":"21","ac":39.9},"geometry":{"type":"Polygon","coordinates":[[[-105.929728,44.680491],[-105.929725,44.684111],[-105.924666,44.684183],[-105.924649,44.680568],[-105.929728,44.680491]]]}},{"type":"Feature","properties":{"q":"13","ac":40.0},"geometry":{"type":"Polygon","coordinates":[[[-105.904535,44.666491],[-105.904484,44.670105],[-105.899399,44.670202],[-105.899448,44.666587],[-105.904535,44.666491]]]}},{"type":"Feature","properties":{"q":"16","ac":40.6},"geometry":{"type":"Polygon","coordinates":[[[-105.843383,44.638477],[-105.843465,44.642138],[-105.8384,44.642277],[-105.83828,44.638609],[-105.843383,44.638477]]]}},{"type":"Feature","properties":{"q":"NENW","ac":40.0},"geometry":{"type":"Polygon","coordinates":[[[-105.889327,44.663015],[-105.894433,44.662994],[-105.894376,44.666606],[-105.889304,44.666624],[-105.889327,44.663015]]]}},{"type":"Feature","properties":{"q":"20","ac":40.8},"geometry":{"type":"Polygon","coordinates":[[[-105.823275,44.682565],[-105.823291,44.686242],[-105.818199,44.68637],[-105.818194,44.68268],[-105.823275,44.682565]]]}},{"type":"Feature","properties":{"q":"2","ac":39.9},"geometry":{"type":"Polygon","coordinates":[[[-105.884028,44.681076],[-105.884079,44.677468],[-105.889153,44.677456],[-105.889103,44.681067],[-105.884028,44.681076]]]}},{"type":"Feature","properties":{"q":"SENE","ac":40.0},"geometry":{"type":"Polygon","coordinates":[[[-105.924872,44.644418],[-105.92489,44.648033],[-105.919817,44.648153],[-105.919787,44.644543],[-105.924872,44.644418]]]}},{"type":"Feature","properties":{"q":"13","ac":40.5},"geometry":{"type":"Polygon","coordinates":[[[-105.858692,44.63808],[-105.858745,44.641716],[-105.853638,44.641857],[-105.853589,44.638212],[-105.858692,44.63808]]]}},{"type":"Feature","properties":{"q":"1","ac":40.0},"geometry":{"type":"Polygon","coordinates":[[[-105.904382,44.677332],[-105.904331,44.680946],[-105.899252,44.681046],[-105.899301,44.677431],[-105.904382,44.677332]]]}},{"type":"Feature","properties":{"q":"2","ac":40.6},"geometry":{"type":"Polygon","coordinates":[[[-105.828351,44.678788],[-105.828356,44.682451],[-105.823275,44.682565],[-105.823271,44.678889],[-105.828351,44.678788]]]}},{"type":"Feature","properties":{"q":"9","ac":40.4},"geometry":{"type":"Polygon","coordinates":[[[-105.838457,44.656826],[-105.843569,44.656685],[-105.843592,44.660315],[-105.838487,44.660453],[-105.838457,44.656826]]]}},{"type":"Feature","properties":{"q":"5","ac":39.8},"geometry":{"type":"Polygon","coordinates":[[[-105.919808,44.662594],[-105.924873,44.662492],[-105.924862,44.666107],[-105.919795,44.666204],[-105.919808,44.662594]]]}},{"type":"Feature","properties":{"q":"NENW","ac":40.0},"geometry":{"type":"Polygon","coordinates":[[[-105.929963,44.647913],[-105.935036,44.647792],[-105.935029,44.651417],[-105.929968,44.651532],[-105.929963,44.647913]]]}},{"type":"Feature","properties":{"q":"6","ac":40.9},"geometry":{"type":"Polygon","coordinates":[[[-105.828174,44.645931],[-105.833347,44.645938],[-105.833333,44.649575],[-105.828193,44.649578],[-105.828174,44.645931]]]}},{"type":"Feature","properties":{"q":"5","ac":39.9},"geometry":{"type":"Polygon","coordinates":[[[-105.924702,44.676953],[-105.924649,44.680568],[-105.919569,44.680645],[-105.919625,44.677034],[-105.924702,44.676953]]]}},{"type":"Feature","properties":{"q":"16","ac":39.8},"geometry":{"type":"Polygon","coordinates":[[[-105.884181,44.670251],[-105.879109,44.670267],[-105.879161,44.666662],[-105.884233,44.666643],[-105.884181,44.670251]]]}},{"type":"Feature","properties":{"q":"3","ac":39.6},"geometry":{"type":"Polygon","coordinates":[[[-105.873916,44.681212],[-105.868878,44.681341],[-105.868917,44.677735],[-105.873961,44.677607],[-105.873916,44.681212]]]}},{"type":"Feature","properties":{"q":"2","ac":40.0},"geometry":{"type":"Polygon","coordinates":[[[-105.84866,44.681907],[-105.843589,44.682064],[-105.843602,44.678436],[-105.848677,44.678287],[-105.84866,44.681907]]]}},{"type":"Feature","properties":{"q":"3","ac":39.9},"geometry":{"type":"Polygon","coordinates":[[[-105.869037,44.663296],[-105.874103,44.663176],[-105.874097,44.666789],[-105.869033,44.666917],[-105.869037,44.663296]]]}},{"type":"Feature","properties":{"q":"19","ac":39.9},"geometry":{"type":"Polygon","coordinates":[[[-105.929968,44.651532],[-105.929958,44.655152],[-105.924896,44.655263],[-105.924908,44.651648],[-105.929968,44.651532]]]}},{"type":"Feature","properties":{"q":"5","ac":40.1},"geometry":{"type":"Polygon","coordinates":[[[-105.914705,44.644618],[-105.914745,44.648236],[-105.909673,44.648319],[-105.909624,44.644692],[-105.914705,44.644618]]]}},{"type":"Feature","properties":{"q":"12","ac":40.5},"geometry":{"type":"Polygon","coordinates":[[[-105.858745,44.641716],[-105.858798,44.645353],[-105.853687,44.645502],[-105.853638,44.641857],[-105.858745,44.641716]]]}},{"type":"Feature","properties":{"q":"13","ac":40.4},"geometry":{"type":"Polygon","coordinates":[[[-105.838549,44.6677],[-105.838543,44.671324],[-105.833441,44.671398],[-105.833442,44.66776],[-105.838549,44.6677]]]}},{"type":"Feature","properties":{"q":"7","ac":40.6},"geometry":{"type":"Polygon","coordinates":[[[-105.823266,44.675212],[-105.828346,44.675124],[-105.828351,44.678788],[-105.823271,44.678889],[-105.823266,44.675212]]]}},{"type":"Feature","properties":{"q":"4","ac":40.5},"geometry":{"type":"Polygon","coordinates":[[[-105.83828,44.638609],[-105.833209,44.63863],[-105.833236,44.634976],[-105.838315,44.634942],[-105.83828,44.638609]]]}},{"type":"Feature","properties":{"q":"14","ac":40.1},"geometry":{"type":"Polygon","coordinates":[[[-105.87394,44.637881],[-105.873985,44.641495],[-105.868905,44.641569],[-105.868857,44.637947],[-105.87394,44.637881]]]}},{"type":"Feature","properties":{"q":"14","ac":39.9},"geometry":{"type":"Polygon","coordinates":[[[-105.894376,44.666606],[-105.894327,44.670219],[-105.889254,44.670235],[-105.889304,44.666624],[-105.894376,44.666606]]]}},{"type":"Feature","properties":{"q":"7","ac":41.4},"geometry":{"type":"Polygon","coordinates":[[[-105.848895,44.692788],[-105.854007,44.692609],[-105.854108,44.696326],[-105.848974,44.696498],[-105.848895,44.692788]]]}},{"type":"Feature","properties":{"q":"8","ac":39.1},"geometry":{"type":"Polygon","coordinates":[[[-105.91467,44.691543],[-105.919686,44.691476],[-105.919725,44.695068],[-105.91473,44.69512],[-105.91467,44.691543]]]}},{"type":"Feature","properties":{"q":"14","ac":39.6},"geometry":{"type":"Polygon","coordinates":[[[-105.929722,44.687732],[-105.929719,44.691352],[-105.924702,44.691414],[-105.924684,44.687799],[-105.929722,44.687732]]]}},{"type":"Feature","properties":{"q":"11","ac":40.4},"geometry":{"type":"Polygon","coordinates":[[[-105.848816,44.689157],[-105.848895,44.692788],[-105.843782,44.69296],[-105.843718,44.689326],[-105.848816,44.689157]]]}},{"type":"Feature","properties":{"q":"15","ac":39.5},"geometry":{"type":"Polygon","coordinates":[[[-105.91455,44.684345],[-105.91461,44.687944],[-105.909573,44.688022],[-105.909492,44.684434],[-105.91455,44.684345]]]}},{"type":"Feature","properties":{"q":"16","ac":39.7},"geometry":{"type":"Polygon","coordinates":[[[-105.924666,44.684183],[-105.924684,44.687799],[-105.919647,44.687865],[-105.919608,44.684255],[-105.924666,44.684183]]]}},{"type":"Feature","properties":{"q":"11","ac":39.2},"geometry":{"type":"Polygon","coordinates":[[[-105.889419,44.688214],[-105.889578,44.691789],[-105.884555,44.69181],[-105.884379,44.688232],[-105.889419,44.688214]]]}},{"type":"Feature","properties":{"q":"8","ac":40.4},"geometry":{"type":"Polygon","coordinates":[[[-105.904541,44.611984],[-105.904526,44.615635],[-105.899442,44.615681],[-105.899458,44.612043],[-105.904541,44.611984]]]}},{"type":"Feature","properties":{"q":"SWNW","ac":40.9},"geometry":{"type":"Polygon","coordinates":[[[-105.914698,44.615543],[-105.919786,44.615496],[-105.919778,44.619189],[-105.914687,44.619224],[-105.914698,44.615543]]]}},{"type":"Feature","properties":{"q":"NWNE","ac":40.6},"geometry":{"type":"Polygon","coordinates":[[[-105.828242,44.620433],[-105.828219,44.62409],[-105.823117,44.624164],[-105.823141,44.620512],[-105.828242,44.620433]]]}},{"type":"Feature","properties":{"q":"9","ac":39.2},"geometry":{"type":"Polygon","coordinates":[[[-105.935064,44.633295],[-105.935071,44.629671],[-105.940051,44.629531],[-105.940016,44.63316],[-105.935064,44.633295]]]}},{"type":"Feature","properties":{"q":"SWNW","ac":40.7},"geometry":{"type":"Polygon","coordinates":[[[-105.838444,44.620274],[-105.833343,44.620354],[-105.833366,44.616692],[-105.838467,44.616607],[-105.838444,44.620274]]]}},{"type":"Feature","properties":{"q":"6","ac":40.5},"geometry":{"type":"Polygon","coordinates":[[[-105.848507,44.634693],[-105.848528,44.631041],[-105.853616,44.630924],[-105.853603,44.634568],[-105.848507,44.634693]]]}},{"type":"Feature","properties":{"q":"20","ac":40.0},"geometry":{"type":"Polygon","coordinates":[[[-105.924852,44.622733],[-105.924848,44.626346],[-105.919758,44.626492],[-105.919769,44.622882],[-105.924852,44.622733]]]}},{"type":"Feature","properties":{"q":"SENE","ac":40.6},"geometry":{"type":"Polygon","coordinates":[[[-105.818064,44.616945],[-105.823165,44.616861],[-105.823141,44.620512],[-105.81804,44.620591],[-105.818064,44.616945]]]}},{"type":"Feature","properties":{"q":"7","ac":40.2},"geometry":{"type":"Polygon","coordinates":[[[-105.828178,44.63137],[-105.828158,44.63501],[-105.823079,44.635044],[-105.823092,44.631417],[-105.828178,44.63137]]]}},{"type":"Feature","properties":{"q":"10","ac":40.4},"geometry":{"type":"Polygon","coordinates":[[[-105.848635,44.612782],[-105.848613,44.616434],[-105.84354,44.616521],[-105.843562,44.612861],[-105.848635,44.612782]]]}},{"type":"Feature","properties":{"q":"7","ac":40.3},"geometry":{"type":"Polygon","coordinates":[[[-105.904601,44.648402],[-105.899529,44.648485],[-105.899462,44.64484],[-105.904543,44.644766],[-105.904601,44.648402]]]}},{"type":"Feature","properties":{"q":"SWSW","ac":40.0},"geometry":{"type":"Polygon","coordinates":[[[-105.914709,44.6663],[-105.919795,44.666204],[-105.919739,44.669814],[-105.914654,44.669911],[-105.914709,44.6663]]]}},{"type":"Feature","properties":{"q":"12","ac":40.1},"geometry":{"type":"Polygon","coordinates":[[[-105.914666,44.640999],[-105.914626,44.63738],[-105.919726,44.637323],[-105.919756,44.640933],[-105.914666,44.640999]]]}},{"type":"Feature","properties":{"q":"2","ac":40.6},"geometry":{"type":"Polygon","coordinates":[[[-105.828304,44.664172],[-105.828335,44.667819],[-105.823228,44.667879],[-105.823197,44.664219],[-105.828304,44.664172]]]}},{"type":"Feature","properties":{"q":"11","ac":40.5},"geometry":{"type":"Polygon","coordinates":[[[-105.83335,44.65685],[-105.83338,44.660488],[-105.828273,44.660524],[-105.828242,44.656874],[-105.83335,44.65685]]]}},{"type":"Feature","properties":{"q":"2","ac":40.2},"geometry":{"type":"Polygon","coordinates":[[[-105.843638,44.667569],[-105.843615,44.663942],[-105.848712,44.663807],[-105.848727,44.667437],[-105.843638,44.667569]]]}},{"type":"Feature","properties":{"q":"NWNW","ac":40.0},"geometry":{"type":"Polygon","coordinates":[[[-105.894433,44.662994],[-105.89954,44.662973],[-105.899448,44.666587],[-105.894376,44.666606],[-105.894433,44.662994]]]}},{"type":"Feature","properties":{"q":"6","ac":40.3},"geometry":{"type":"Polygon","coordinates":[[[-105.848697,44.660176],[-105.853801,44.660038],[-105.853808,44.663672],[-105.848712,44.663807],[-105.848697,44.660176]]]}},{"type":"Feature","properties":{"q":"8","ac":40.1},"geometry":{"type":"Polygon","coordinates":[[[-105.87915,44.648632],[-105.879108,44.645026],[-105.884196,44.64498],[-105.884245,44.648596],[-105.87915,44.648632]]]}},{"type":"Feature","properties":{"q":"12","ac":40.0},"geometry":{"type":"Polygon","coordinates":[[[-105.909622,44.666396],[-105.909569,44.670008],[-105.904484,44.670105],[-105.904535,44.666491],[-105.909622,44.666396]]]}},{"type":"Feature","properties":{"q":"1","ac":39.6},"geometry":{"type":"Polygon","coordinates":[[[-105.858828,44.677991],[-105.863873,44.677863],[-105.86384,44.681469],[-105.858803,44.681597],[-105.858828,44.677991]]]}},{"type":"Feature","properties":{"q":"13","ac":39.8},"geometry":{"type":"Polygon","coordinates":[[[-105.924896,44.655263],[-105.924885,44.658878],[-105.919821,44.658983],[-105.919834,44.655373],[-105.924896,44.655263]]]}},{"type":"Feature","properties":{"q":"15","ac":40.5},"geometry":{"type":"Polygon","coordinates":[[[-105.848681,44.656545],[-105.843569,44.656685],[-105.843547,44.653056],[-105.848666,44.652913],[-105.848681,44.656545]]]}},{"type":"Feature","properties":{"q":"5","ac":40.4},"geometry":{"type":"Polygon","coordinates":[[[-105.899462,44.64484],[-105.899529,44.648485],[-105.894434,44.648522],[-105.894373,44.644887],[-105.899462,44.64484]]]}},{"type":"Feature","properties":{"q":"3","ac":40.1},"geometry":{"type":"Polygon","coordinates":[[[-105.86888,44.634326],[-105.873971,44.634268],[-105.87394,44.637881],[-105.868857,44.637947],[-105.86888,44.634326]]]}},{"type":"Feature","properties":{"q":"6","ac":40.0},"geometry":{"type":"Polygon","coordinates":[[[-105.909516,44.673621],[-105.914599,44.673523],[-105.914544,44.677134],[-105.909463,44.677233],[-105.909516,44.673621]]]}},{"type":"Feature","properties":{"q":"13","ac":40.2},"geometry":{"type":"Polygon","coordinates":[[[-105.909575,44.641064],[-105.909527,44.637437],[-105.914626,44.63738],[-105.914666,44.640999],[-105.909575,44.641064]]]}},{"type":"Feature","properties":{"q":"7","ac":40.0},"geometry":{"type":"Polygon","coordinates":[[[-105.934855,44.676789],[-105.934808,44.680414],[-105.929728,44.680491],[-105.929778,44.676871],[-105.934855,44.676789]]]}},{"type":"Feature","properties":{"q":"9","ac":40.1},"geometry":{"type":"Polygon","coordinates":[[[-105.817988,44.642304],[-105.823072,44.642297],[-105.823078,44.645924],[-105.817982,44.645917],[-105.817988,44.642304]]]}},{"type":"Feature","properties":{"q":"15","ac":39.8},"geometry":{"type":"Polygon","coordinates":[[[-105.899595,44.65213],[-105.904658,44.652038],[-105.904655,44.655652],[-105.899613,44.655744],[-105.899595,44.65213]]]}},{"type":"Feature","properties":{"q":"SWNW","ac":40.0},"geometry":{"type":"Polygon","coordinates":[[[-105.914705,44.644618],[-105.919787,44.644543],[-105.919817,44.648153],[-105.914745,44.648236],[-105.914705,44.644618]]]}},{"type":"Feature","properties":{"q":"3","ac":40.0},"geometry":{"type":"Polygon","coordinates":[[[-105.869001,44.648811],[-105.874076,44.648722],[-105.874121,44.652335],[-105.869049,44.652432],[-105.869001,44.648811]]]}},{"type":"Feature","properties":{"q":"14","ac":40.1},"geometry":{"type":"Polygon","coordinates":[[[-105.838549,44.6677],[-105.843638,44.667569],[-105.843627,44.671188],[-105.838543,44.671324],[-105.838549,44.6677]]]}},{"type":"Feature","properties":{"q":"16","ac":39.7},"geometry":{"type":"Polygon","coordinates":[[[-105.863969,44.667045],[-105.863937,44.670651],[-105.85888,44.670779],[-105.858905,44.667173],[-105.863969,44.667045]]]}},{"type":"Feature","properties":{"q":"9","ac":40.2},"geometry":{"type":"Polygon","coordinates":[[[-105.863825,44.641643],[-105.863876,44.645272],[-105.858798,44.645353],[-105.858745,44.641716],[-105.863825,44.641643]]]}},{"type":"Feature","properties":{"q":"5","ac":41.3},"geometry":{"type":"Polygon","coordinates":[[[-105.864221,44.69228],[-105.864357,44.695979],[-105.859242,44.696154],[-105.85912,44.692431],[-105.864221,44.69228]]]}},{"type":"Feature","properties":{"q":"10","ac":40.7},"geometry":{"type":"Polygon","coordinates":[[[-105.833515,44.689636],[-105.833554,44.693287],[-105.828439,44.693443],[-105.828411,44.689778],[-105.833515,44.689636]]]}},{"type":"Feature","properties":{"q":"9","ac":39.8},"geometry":{"type":"Polygon","coordinates":[[[-105.874257,44.688392],[-105.879339,44.688249],[-105.879532,44.691832],[-105.874427,44.691981],[-105.874257,44.688392]]]}},{"type":"Feature","properties":{"q":"16","ac":39.6},"geometry":{"type":"Polygon","coordinates":[[[-105.919608,44.684255],[-105.919647,44.687865],[-105.91461,44.687944],[-105.91455,44.684345],[-105.919608,44.684255]]]}},{"type":"Feature","properties":{"q":"9","ac":40.4},"geometry":{"type":"Polygon","coordinates":[[[-105.863819,44.627127],[-105.863804,44.630756],[-105.858705,44.630806],[-105.858711,44.627169],[-105.863819,44.627127]]]}},{"type":"Feature","properties":{"q":"14","ac":40.2},"geometry":{"type":"Polygon","coordinates":[[[-105.909568,44.626554],[-105.909582,44.622926],[-105.914676,44.622904],[-105.914663,44.626523],[-105.909568,44.626554]]]}},{"type":"Feature","properties":{"q":"13","ac":40.1},"geometry":{"type":"Polygon","coordinates":[[[-105.924848,44.626346],[-105.924844,44.629959],[-105.919747,44.630102],[-105.919758,44.626492],[-105.924848,44.626346]]]}},{"type":"Feature","properties":{"q":"10","ac":40.5},"geometry":{"type":"Polygon","coordinates":[[[-105.848549,44.627389],[-105.848528,44.631041],[-105.843439,44.631158],[-105.843468,44.627499],[-105.848549,44.627389]]]}},{"type":"Feature","properties":{"q":"10","ac":40.3},"geometry":{"type":"Polygon","coordinates":[[[-105.863804,44.630756],[-105.863819,44.627127],[-105.868926,44.627083],[-105.868903,44.630705],[-105.863804,44.630756]]]}},{"type":"Feature","properties":{"q":"5","ac":40.4},"geometry":{"type":"Polygon","coordinates":[[[-105.858705,44.630806],[-105.858698,44.634443],[-105.853603,44.634568],[-105.853616,44.630924],[-105.858705,44.630806]]]}},{"type":"Feature","properties":{"q":"NENW","ac":40.7},"geometry":{"type":"Polygon","coordinates":[[[-105.833343,44.620354],[-105.83332,44.624016],[-105.828219,44.62409],[-105.828242,44.620433],[-105.833343,44.620354]]]}},{"type":"Feature","properties":{"q":"9","ac":40.3},"geometry":{"type":"Polygon","coordinates":[[[-105.843465,44.642138],[-105.843548,44.645798],[-105.838519,44.645944],[-105.8384,44.642277],[-105.843465,44.642138]]]}},{"type":"Feature","properties":{"q":"14","ac":40.5},"geometry":{"type":"Polygon","coordinates":[[[-105.828211,44.653225],[-105.83332,44.653212],[-105.83335,44.65685],[-105.828242,44.656874],[-105.828211,44.653225]]]}},{"type":"Feature","properties":{"q":"10","ac":40.1},"geometry":{"type":"Polygon","coordinates":[[[-105.863825,44.641643],[-105.868905,44.641569],[-105.868953,44.64519],[-105.863876,44.645272],[-105.863825,44.641643]]]}},{"type":"Feature","properties":{"q":"1","ac":40.3},"geometry":{"type":"Polygon","coordinates":[[[-105.863789,44.634385],[-105.863775,44.638013],[-105.858692,44.63808],[-105.858698,44.634443],[-105.863789,44.634385]]]}},{"type":"Feature","properties":{"q":"7","ac":40.1},"geometry":{"type":"Polygon","coordinates":[[[-105.863926,44.6489],[-105.863876,44.645272],[-105.868953,44.64519],[-105.869001,44.648811],[-105.863926,44.6489]]]}},{"type":"Feature","properties":{"q":"15","ac":39.9},"geometry":{"type":"Polygon","coordinates":[[[-105.884181,44.670251],[-105.884233,44.666643],[-105.889304,44.666624],[-105.889254,44.670235],[-105.884181,44.670251]]]}},{"type":"Feature","properties":{"q":"2","ac":39.9},"geometry":{"type":"Polygon","coordinates":[[[-105.909647,44.662784],[-105.909622,44.666396],[-105.904535,44.666491],[-105.904593,44.662878],[-105.909647,44.662784]]]}},{"type":"Feature","properties":{"q":"SENE","ac":40.0},"geometry":{"type":"Polygon","coordinates":[[[-105.904382,44.677332],[-105.899301,44.677431],[-105.89935,44.673817],[-105.904433,44.673719],[-105.904382,44.677332]]]}},{"type":"Feature","properties":{"q":"16","ac":40.3},"geometry":{"type":"Polygon","coordinates":[[[-105.935057,44.636919],[-105.93505,44.640544],[-105.929952,44.640674],[-105.929947,44.637054],[-105.935057,44.636919]]]}},{"type":"Feature","properties":{"q":"5","ac":39.9},"geometry":{"type":"Polygon","coordinates":[[[-105.87915,44.648632],[-105.874076,44.648722],[-105.87403,44.645108],[-105.879108,44.645026],[-105.87915,44.648632]]]}},{"type":"Feature","properties":{"q":"5","ac":40.8},"geometry":{"type":"Polygon","coordinates":[[[-105.833347,44.645938],[-105.838519,44.645944],[-105.838474,44.649572],[-105.833333,44.649575],[-105.833347,44.645938]]]}},{"type":"Feature","properties":{"q":"15","ac":40.4},"geometry":{"type":"Polygon","coordinates":[[[-105.904427,44.637494],[-105.904485,44.64113],[-105.899395,44.641195],[-105.899328,44.637551],[-105.904427,44.637494]]]}},{"type":"Feature","properties":{"q":"14","ac":39.8},"geometry":{"type":"Polygon","coordinates":[[[-105.909696,44.655559],[-105.904655,44.655652],[-105.904658,44.652038],[-105.909721,44.651946],[-105.909696,44.655559]]]}},{"type":"Feature","properties":{"q":"6","ac":40.1},"geometry":{"type":"Polygon","coordinates":[[[-105.843602,44.678436],[-105.843615,44.674808],[-105.848694,44.674667],[-105.848677,44.678287],[-105.843602,44.678436]]]}},{"type":"Feature","properties":{"q":"10","ac":40.0},"geometry":{"type":"Polygon","coordinates":[[[-105.869045,44.656054],[-105.869041,44.659675],[-105.863973,44.659787],[-105.863975,44.656158],[-105.869045,44.656054]]]}},{"type":"Feature","properties":{"q":"15","ac":40.7},"geometry":{"type":"Polygon","coordinates":[[[-105.823134,44.656898],[-105.823103,44.653237],[-105.828211,44.653225],[-105.828242,44.656874],[-105.823134,44.656898]]]}},{"type":"Feature","properties":{"q":"13","ac":39.9},"geometry":{"type":"Polygon","coordinates":[[[-105.894376,44.666606],[-105.899448,44.666587],[-105.899399,44.670202],[-105.894327,44.670219],[-105.894376,44.666606]]]}},{"type":"Feature","properties":{"q":"1","ac":40.2},"geometry":{"type":"Polygon","coordinates":[[[-105.899529,44.648485],[-105.904601,44.648402],[-105.904658,44.652038],[-105.899595,44.65213],[-105.899529,44.648485]]]}},{"type":"Feature","properties":{"q":"8","ac":40.1},"geometry":{"type":"Polygon","coordinates":[[[-105.843627,44.671188],[-105.843615,44.674808],[-105.838537,44.674948],[-105.838543,44.671324],[-105.843627,44.671188]]]}},{"type":"Feature","properties":{"q":"18","ac":39.9},"geometry":{"type":"Polygon","coordinates":[[[-105.935029,44.651417],[-105.93502,44.655041],[-105.929958,44.655152],[-105.929968,44.651532],[-105.935029,44.651417]]]}},{"type":"Feature","properties":{"q":"1","ac":40.1},"geometry":{"type":"Polygon","coordinates":[[[-105.863971,44.663416],[-105.863969,44.667045],[-105.858905,44.667173],[-105.858905,44.663536],[-105.863971,44.663416]]]}},{"type":"Feature","properties":{"q":"7","ac":39.6},"geometry":{"type":"Polygon","coordinates":[[[-105.904651,44.659265],[-105.904593,44.662878],[-105.89954,44.662973],[-105.899631,44.659358],[-105.904651,44.659265]]]}},{"type":"Feature","properties":{"q":"8","ac":41.5},"geometry":{"type":"Polygon","coordinates":[[[-105.85912,44.692431],[-105.859242,44.696154],[-105.854108,44.696326],[-105.854007,44.692609],[-105.85912,44.692431]]]}},{"type":"Feature","properties":{"q":"8","ac":40.1},"geometry":{"type":"Polygon","coordinates":[[[-105.823092,44.631417],[-105.823079,44.635044],[-105.818,44.635077],[-105.818005,44.631464],[-105.823092,44.631417]]]}},{"type":"Feature","properties":{"q":"8","ac":40.4},"geometry":{"type":"Polygon","coordinates":[[[-105.899369,44.630261],[-105.904462,44.630222],[-105.904445,44.633858],[-105.899349,44.633906],[-105.899369,44.630261]]]}},{"type":"Feature","properties":{"q":"5","ac":40.8},"geometry":{"type":"Polygon","coordinates":[[[-105.914698,44.615543],[-105.914687,44.619224],[-105.909596,44.619258],[-105.90961,44.615589],[-105.914698,44.615543]]]}},{"type":"Feature","properties":{"q":"11","ac":40.2},"geometry":{"type":"Polygon","coordinates":[[[-105.929941,44.629816],[-105.929944,44.633435],[-105.92484,44.633574],[-105.924844,44.629959],[-105.929941,44.629816]]]}},{"type":"Feature","properties":{"q":"2","ac":39.6},"geometry":{"type":"Polygon","coordinates":[[[-105.86384,44.681469],[-105.863873,44.677863],[-105.868917,44.677735],[-105.868878,44.681341],[-105.86384,44.681469]]]}},{"type":"Feature","properties":{"q":"17","ac":37.2},"geometry":{"type":"Polygon","coordinates":[[[-105.939697,44.665824],[-105.939661,44.669453],[-105.934948,44.669539],[-105.934995,44.665914],[-105.939697,44.665824]]]}},{"type":"Feature","properties":{"q":"14","ac":40.5},"geometry":{"type":"Polygon","coordinates":[[[-105.848666,44.652913],[-105.853785,44.652769],[-105.853793,44.656404],[-105.848681,44.656545],[-105.848666,44.652913]]]}},{"type":"Feature","properties":{"q":"2","ac":40.1},"geometry":{"type":"Polygon","coordinates":[[[-105.909721,44.651946],[-105.904658,44.652038],[-105.904601,44.648402],[-105.909673,44.648319],[-105.909721,44.651946]]]}},{"type":"Feature","properties":{"q":"2","ac":40.0},"geometry":{"type":"Polygon","coordinates":[[[-105.884099,44.637749],[-105.884133,44.634133],[-105.889204,44.634058],[-105.889175,44.637683],[-105.884099,44.637749]]]}},{"type":"Feature","properties":{"q":"7","ac":39.6},"geometry":{"type":"Polygon","coordinates":[[[-105.868917,44.677735],[-105.863873,44.677863],[-105.863905,44.674257],[-105.868956,44.674129],[-105.868917,44.677735]]]}},{"type":"Feature","properties":{"q":"1","ac":40.2},"geometry":{"type":"Polygon","coordinates":[[[-105.863926,44.6489],[-105.863976,44.652529],[-105.858904,44.652626],[-105.858851,44.648989],[-105.863926,44.6489]]]}},{"type":"Feature","properties":{"q":"12","ac":40.3},"geometry":{"type":"Polygon","coordinates":[[[-105.838543,44.671324],[-105.838537,44.674948],[-105.833441,44.675036],[-105.833441,44.671398],[-105.838543,44.671324]]]}},{"type":"Feature","properties":{"q":"SWSW","ac":40.2},"geometry":{"type":"Polygon","coordinates":[[[-105.894495,44.652157],[-105.899595,44.65213],[-105.899613,44.655744],[-105.894492,44.655769],[-105.894495,44.652157]]]}},{"type":"Feature","properties":{"q":"8","ac":39.0},"geometry":{"type":"Polygon","coordinates":[[[-105.940016,44.63316],[-105.93998,44.636789],[-105.935057,44.636919],[-105.935064,44.633295],[-105.940016,44.63316]]]}},{"type":"Feature","properties":{"q":"11","ac":40.0},"geometry":{"type":"Polygon","coordinates":[[[-105.858905,44.667173],[-105.85888,44.670779],[-105.853795,44.670916],[-105.853816,44.667305],[-105.858905,44.667173]]]}},{"type":"Feature","properties":{"q":"6","ac":40.0},"geometry":{"type":"Polygon","coordinates":[[[-105.87403,44.645108],[-105.874076,44.648722],[-105.869001,44.648811],[-105.868953,44.64519],[-105.87403,44.645108]]]}},{"type":"Feature","properties":{"q":"7","ac":40.4},"geometry":{"type":"Polygon","coordinates":[[[-105.935064,44.633295],[-105.935057,44.636919],[-105.929947,44.637054],[-105.929944,44.633435],[-105.935064,44.633295]]]}},{"type":"Feature","properties":{"q":"8","ac":39.6},"geometry":{"type":"Polygon","coordinates":[[[-105.899613,44.655744],[-105.904655,44.655652],[-105.904651,44.659265],[-105.899631,44.659358],[-105.899613,44.655744]]]}},{"type":"Feature","properties":{"q":"SENW","ac":40.0},"geometry":{"type":"Polygon","coordinates":[[[-105.853774,44.674526],[-105.853753,44.678139],[-105.848677,44.678287],[-105.848694,44.674667],[-105.853774,44.674526]]]}},{"type":"Feature","properties":{"q":"16","ac":37.7},"geometry":{"type":"Polygon","coordinates":[[[-105.939803,44.654936],[-105.939767,44.658565],[-105.935012,44.658665],[-105.93502,44.655041],[-105.939803,44.654936]]]}},{"type":"Feature","properties":{"q":"17","ac":40.2},"geometry":{"type":"Polygon","coordinates":[[[-105.924854,44.640803],[-105.924836,44.637188],[-105.929947,44.637054],[-105.929952,44.640674],[-105.924854,44.640803]]]}},{"type":"Feature","properties":{"q":"1","ac":40.3},"geometry":{"type":"Polygon","coordinates":[[[-105.843547,44.649427],[-105.843547,44.653056],[-105.838428,44.653199],[-105.838474,44.649572],[-105.843547,44.649427]]]}},{"type":"Feature","properties":{"q":"1","ac":40.0},"geometry":{"type":"Polygon","coordinates":[[[-105.823066,44.63867],[-105.817994,44.63869],[-105.818,44.635077],[-105.823079,44.635044],[-105.823066,44.63867]]]}},{"type":"Feature","properties":{"q":"13","ac":39.9},"geometry":{"type":"Polygon","coordinates":[[[-105.914784,44.651855],[-105.914765,44.655466],[-105.909696,44.655559],[-105.909721,44.651946],[-105.914784,44.651855]]]}},{"type":"Feature","properties":{"q":"13","ac":40.1},"geometry":{"type":"Polygon","coordinates":[[[-105.843627,44.671188],[-105.843638,44.667569],[-105.848727,44.667437],[-105.84871,44.671052],[-105.843627,44.671188]]]}},{"type":"Feature","properties":{"q":"4","ac":39.9},"geometry":{"type":"Polygon","coordinates":[[[-105.919821,44.658983],[-105.919808,44.662594],[-105.914727,44.662689],[-105.914746,44.659078],[-105.919821,44.658983]]]}},{"type":"Feature","properties":{"q":"12","ac":41.0},"geometry":{"type":"Polygon","coordinates":[[[-105.833278,44.642284],[-105.8384,44.642277],[-105.838519,44.645944],[-105.833347,44.645938],[-105.833278,44.642284]]]}},{"type":"Feature","properties":{"q":"5","ac":41.2},"geometry":{"type":"Polygon","coordinates":[[[-105.823323,44.693601],[-105.823339,44.697294],[-105.823001,44.697305],[-105.818213,44.697457],[-105.818208,44.693759],[-105.823323,44.693601]]]}},{"type":"Feature","properties":{"q":"8","ac":41.1},"geometry":{"type":"Polygon","coordinates":[[[-105.838669,44.693131],[-105.83872,44.696815],[-105.833593,44.696973],[-105.833554,44.693287],[-105.838669,44.693131]]]}},{"type":"Feature","properties":{"q":"7","ac":38.9},"geometry":{"type":"Polygon","coordinates":[[[-105.889578,44.691789],[-105.8946,44.691767],[-105.89474,44.695323],[-105.889736,44.695369],[-105.889578,44.691789]]]}},{"type":"Feature","properties":{"q":"12","ac":37.3},"geometry":{"type":"Polygon","coordinates":[[[-105.934759,44.687664],[-105.939486,44.687601],[-105.939451,44.691231],[-105.934735,44.691289],[-105.934759,44.687664]]]}},{"type":"Feature","properties":{"q":"7","ac":40.9},"geometry":{"type":"Polygon","coordinates":[[[-105.874427,44.691981],[-105.8746,44.695633],[-105.869473,44.695805],[-105.869322,44.69213],[-105.874427,44.691981]]]}},{"type":"Feature","properties":{"q":"5","ac":39.5},"geometry":{"type":"Polygon","coordinates":[[[-105.879532,44.691832],[-105.884555,44.69181],[-105.884732,44.695415],[-105.879728,44.695462],[-105.879532,44.691832]]]}},{"type":"Feature","properties":{"q":"15","ac":39.7},"geometry":{"type":"Polygon","coordinates":[[[-105.869174,44.688535],[-105.869026,44.684938],[-105.874086,44.684802],[-105.874257,44.688392],[-105.869174,44.688535]]]}},{"type":"Feature","properties":{"q":"7","ac":38.9},"geometry":{"type":"Polygon","coordinates":[[[-105.91467,44.691543],[-105.91473,44.69512],[-105.909735,44.695172],[-105.909654,44.691611],[-105.91467,44.691543]]]}},{"type":"Feature","properties":{"q":"5","ac":40.2},"geometry":{"type":"Polygon","coordinates":[[[-105.853665,44.619991],[-105.853686,44.616347],[-105.858759,44.616259],[-105.858738,44.619896],[-105.853665,44.619991]]]}},{"type":"Feature","properties":{"q":"15","ac":40.6},"geometry":{"type":"Polygon","coordinates":[[[-105.889284,44.608553],[-105.889285,44.612209],[-105.8842,44.612291],[-105.884188,44.608627],[-105.889284,44.608553]]]}},{"type":"Feature","properties":{"q":"10","ac":40.3},"geometry":{"type":"Polygon","coordinates":[[[-105.828178,44.63137],[-105.823092,44.631417],[-105.823104,44.627791],[-105.828198,44.62773],[-105.828178,44.63137]]]}},{"type":"Feature","properties":{"q":"10","ac":40.4},"geometry":{"type":"Polygon","coordinates":[[[-105.935071,44.629671],[-105.935064,44.633295],[-105.929944,44.633435],[-105.929941,44.629816],[-105.935071,44.629671]]]}},{"type":"Feature","properties":{"q":"17","ac":39.2},"geometry":{"type":"Polygon","coordinates":[[[-105.93999,44.622288],[-105.940021,44.625909],[-105.935045,44.626053],[-105.935018,44.622434],[-105.93999,44.622288]]]}},{"type":"Feature","properties":{"q":"SWNE","ac":40.6},"geometry":{"type":"Polygon","coordinates":[[[-105.828265,44.616776],[-105.828242,44.620433],[-105.823141,44.620512],[-105.823165,44.616861],[-105.828265,44.616776]]]}},{"type":"Feature","properties":{"q":"3","ac":40.8},"geometry":{"type":"Polygon","coordinates":[[[-105.868949,44.619807],[-105.874054,44.619763],[-105.874066,44.623426],[-105.86895,44.623462],[-105.868949,44.619807]]]}},{"type":"Feature","properties":{"q":"12","ac":40.8},"geometry":{"type":"Polygon","coordinates":[[[-105.919803,44.60811],[-105.919795,44.611803],[-105.91471,44.611864],[-105.914721,44.608184],[-105.919803,44.60811]]]}},{"type":"Feature","properties":{"q":"11","ac":40.4},"geometry":{"type":"Polygon","coordinates":[[[-105.85363,44.627279],[-105.853616,44.630924],[-105.848528,44.631041],[-105.848549,44.627389],[-105.85363,44.627279]]]}},{"type":"Feature","properties":{"q":"10","ac":39.9},"geometry":{"type":"Polygon","coordinates":[[[-105.88926,44.626807],[-105.889232,44.630432],[-105.884167,44.630518],[-105.884201,44.626902],[-105.88926,44.626807]]]}},{"type":"Feature","properties":{"q":"16","ac":40.4},"geometry":{"type":"Polygon","coordinates":[[[-105.899395,44.622971],[-105.904489,44.622949],[-105.904475,44.626585],[-105.899382,44.626616],[-105.899395,44.622971]]]}},{"type":"Feature","properties":{"q":"2","ac":40.6},"geometry":{"type":"Polygon","coordinates":[[[-105.904507,44.619292],[-105.909596,44.619258],[-105.909582,44.622926],[-105.904489,44.622949],[-105.904507,44.619292]]]}},{"type":"Feature","properties":{"q":"6","ac":40.4},"geometry":{"type":"Polygon","coordinates":[[[-105.833264,44.631323],[-105.833236,44.634976],[-105.828158,44.63501],[-105.828178,44.63137],[-105.833264,44.631323]]]}},{"type":"Feature","properties":{"q":"3","ac":40.3},"geometry":{"type":"Polygon","coordinates":[[[-105.853665,44.619991],[-105.853643,44.623635],[-105.84857,44.623737],[-105.848591,44.620085],[-105.853665,44.619991]]]}},{"type":"Feature","properties":{"q":"16","ac":39.3},"geometry":{"type":"Polygon","coordinates":[[[-105.940021,44.625909],[-105.940051,44.629531],[-105.935071,44.629671],[-105.935045,44.626053],[-105.940021,44.625909]]]}},{"type":"Feature","properties":{"q":"SWSE","ac":40.6},"geometry":{"type":"Polygon","coordinates":[[[-105.828312,44.609462],[-105.828288,44.613119],[-105.823188,44.613209],[-105.823212,44.609557],[-105.828312,44.609462]]]}},{"type":"Feature","properties":{"q":"12","ac":40.3},"geometry":{"type":"Polygon","coordinates":[[[-105.858711,44.627169],[-105.858705,44.630806],[-105.853616,44.630924],[-105.85363,44.627279],[-105.858711,44.627169]]]}},{"type":"Feature","properties":{"q":"11","ac":40.1},"geometry":{"type":"Polygon","coordinates":[[[-105.894321,44.626711],[-105.8943,44.630347],[-105.889232,44.630432],[-105.88926,44.626807],[-105.894321,44.626711]]]}},{"type":"Feature","properties":{"q":"7","ac":40.6},"geometry":{"type":"Polygon","coordinates":[[[-105.848528,44.631041],[-105.848507,44.634693],[-105.843411,44.634818],[-105.843439,44.631158],[-105.848528,44.631041]]]}},{"type":"Feature","properties":{"q":"7","ac":40.2},"geometry":{"type":"Polygon","coordinates":[[[-105.868903,44.630705],[-105.86888,44.634326],[-105.863789,44.634385],[-105.863804,44.630756],[-105.868903,44.630705]]]}},{"type":"Feature","properties":{"q":"18","ac":40.5},"geometry":{"type":"Polygon","coordinates":[[[-105.929925,44.607955],[-105.929927,44.611613],[-105.924861,44.611708],[-105.924864,44.608033],[-105.929925,44.607955]]]}},{"type":"Feature","properties":{"q":"1","ac":40.5},"geometry":{"type":"Polygon","coordinates":[[[-105.838422,44.623941],[-105.838444,44.620274],[-105.843518,44.62018],[-105.843496,44.623839],[-105.838422,44.623941]]]}},{"type":"Feature","properties":{"q":"NWNW","ac":40.7},"geometry":{"type":"Polygon","coordinates":[[[-105.833343,44.620354],[-105.838444,44.620274],[-105.838422,44.623941],[-105.83332,44.624016],[-105.833343,44.620354]]]}},{"type":"Feature","properties":{"q":"4","ac":40.9},"geometry":{"type":"Polygon","coordinates":[[[-105.914687,44.619224],[-105.919778,44.619189],[-105.919769,44.622882],[-105.914676,44.622904],[-105.914687,44.619224]]]}},{"type":"Feature","properties":{"q":"11","ac":40.2},"geometry":{"type":"Polygon","coordinates":[[[-105.909568,44.626554],[-105.914663,44.626523],[-105.914651,44.630142],[-105.909554,44.630182],[-105.909568,44.626554]]]}},{"type":"Feature","properties":{"q":"15","ac":38.9},"geometry":{"type":"Polygon","coordinates":[[[-105.934993,44.611517],[-105.939899,44.611424],[-105.939929,44.615045],[-105.935002,44.615156],[-105.934993,44.611517]]]}},{"type":"Feature","properties":{"q":"10","ac":40.5},"geometry":{"type":"Polygon","coordinates":[[[-105.868948,44.612498],[-105.868948,44.616153],[-105.863854,44.616206],[-105.863864,44.612561],[-105.868948,44.612498]]]}},{"type":"Feature","properties":{"q":"NWSE","ac":40.6},"geometry":{"type":"Polygon","coordinates":[[[-105.828288,44.613119],[-105.828265,44.616776],[-105.823165,44.616861],[-105.823188,44.613209],[-105.828288,44.613119]]]}},{"type":"Feature","properties":{"q":"5","ac":40.2},"geometry":{"type":"Polygon","coordinates":[[[-105.899349,44.633906],[-105.894276,44.633982],[-105.8943,44.630347],[-105.899369,44.630261],[-105.899349,44.633906]]]}},{"type":"Feature","properties":{"q":"11","ac":40.3},"geometry":{"type":"Polygon","coordinates":[[[-105.853707,44.612702],[-105.853686,44.616347],[-105.848613,44.616434],[-105.848635,44.612782],[-105.853707,44.612702]]]}},{"type":"Feature","properties":{"q":"6","ac":40.6},"geometry":{"type":"Polygon","coordinates":[[[-105.90961,44.615589],[-105.909596,44.619258],[-105.904507,44.619292],[-105.904526,44.615635],[-105.90961,44.615589]]]}},{"type":"Feature","properties":{"q":"6","ac":40.2},"geometry":{"type":"Polygon","coordinates":[[[-105.914639,44.633761],[-105.909541,44.633809],[-105.909554,44.630182],[-105.914651,44.630142],[-105.914639,44.633761]]]}},{"type":"Feature","properties":{"q":"14","ac":40.3},"geometry":{"type":"Polygon","coordinates":[[[-105.874066,44.623426],[-105.874034,44.62704],[-105.868926,44.627083],[-105.86895,44.623462],[-105.874066,44.623426]]]}},{"type":"Feature","properties":{"q":"9","ac":40.4},"geometry":{"type":"Polygon","coordinates":[[[-105.85878,44.612623],[-105.863864,44.612561],[-105.863854,44.616206],[-105.858759,44.616259],[-105.85878,44.612623]]]}},{"type":"Feature","properties":{"q":"16","ac":38.7},"geometry":{"type":"Polygon","coordinates":[[[-105.934985,44.607878],[-105.939869,44.607803],[-105.939899,44.611424],[-105.934993,44.611517],[-105.934985,44.607878]]]}},{"type":"Feature","properties":{"q":"12","ac":40.7},"geometry":{"type":"Polygon","coordinates":[[[-105.879115,44.612373],[-105.879137,44.616046],[-105.874043,44.6161],[-105.874032,44.612436],[-105.879115,44.612373]]]}},{"type":"Feature","properties":{"q":"SESW","ac":40.7},"geometry":{"type":"Polygon","coordinates":[[[-105.828312,44.609462],[-105.833412,44.609368],[-105.833389,44.61303],[-105.828288,44.613119],[-105.828312,44.609462]]]}},{"type":"Feature","properties":{"q":"8","ac":40.5},"geometry":{"type":"Polygon","coordinates":[[[-105.863854,44.616206],[-105.863844,44.619852],[-105.858738,44.619896],[-105.858759,44.616259],[-105.863854,44.616206]]]}},{"type":"Feature","properties":{"q":"14","ac":40.5},"geometry":{"type":"Polygon","coordinates":[[[-105.909624,44.611924],[-105.904541,44.611984],[-105.904556,44.608332],[-105.909639,44.608258],[-105.909624,44.611924]]]}},{"type":"Feature","properties":{"q":"6","ac":40.2},"geometry":{"type":"Polygon","coordinates":[[[-105.874003,44.630654],[-105.873971,44.634268],[-105.86888,44.634326],[-105.868903,44.630705],[-105.874003,44.630654]]]}},{"type":"Feature","properties":{"q":"3","ac":40.3},"geometry":{"type":"Polygon","coordinates":[[[-105.894353,44.619424],[-105.894342,44.623076],[-105.889289,44.623181],[-105.889287,44.619522],[-105.894353,44.619424]]]}},{"type":"Feature","properties":{"q":"5","ac":40.3},"geometry":{"type":"Polygon","coordinates":[[[-105.899442,44.615681],[-105.899419,44.619326],[-105.894353,44.619424],[-105.894364,44.615773],[-105.899442,44.615681]]]}},{"type":"Feature","properties":{"q":"12","ac":40.6},"geometry":{"type":"Polygon","coordinates":[[[-105.833292,44.627669],[-105.838386,44.627608],[-105.838351,44.631275],[-105.833264,44.631323],[-105.833292,44.627669]]]}},{"type":"Feature","properties":{"q":"9","ac":40.6},"geometry":{"type":"Polygon","coordinates":[[[-105.879115,44.612373],[-105.8842,44.612291],[-105.884212,44.615955],[-105.879137,44.616046],[-105.879115,44.612373]]]}},{"type":"Feature","properties":{"q":"13","ac":40.2},"geometry":{"type":"Polygon","coordinates":[[[-105.858801,44.608986],[-105.85878,44.612623],[-105.853707,44.612702],[-105.853729,44.609058],[-105.858801,44.608986]]]}},{"type":"Feature","properties":{"q":"8","ac":40.5},"geometry":{"type":"Polygon","coordinates":[[[-105.884212,44.615955],[-105.884223,44.619621],[-105.87916,44.619718],[-105.879137,44.616046],[-105.884212,44.615955]]]}},{"type":"Feature","properties":{"q":"14","ac":40.4},"geometry":{"type":"Polygon","coordinates":[[[-105.84857,44.623737],[-105.853643,44.623635],[-105.85363,44.627279],[-105.848549,44.627389],[-105.84857,44.623737]]]}},{"type":"Feature","properties":{"q":"16","ac":40.2},"geometry":{"type":"Polygon","coordinates":[[[-105.823117,44.624164],[-105.823104,44.627791],[-105.81801,44.627851],[-105.818016,44.624238],[-105.823117,44.624164]]]}},{"type":"Feature","properties":{"q":"7","ac":40.4},"geometry":{"type":"Polygon","coordinates":[[[-105.848613,44.616434],[-105.848591,44.620085],[-105.843518,44.62018],[-105.84354,44.616521],[-105.848613,44.616434]]]}},{"type":"Feature","properties":{"q":"5","ac":40.1},"geometry":{"type":"Polygon","coordinates":[[[-105.914651,44.630142],[-105.919747,44.630102],[-105.919737,44.633713],[-105.914639,44.633761],[-105.914651,44.630142]]]}},{"type":"Feature","properties":{"q":"13","ac":40.1},"geometry":{"type":"Polygon","coordinates":[[[-105.914676,44.622904],[-105.919769,44.622882],[-105.919758,44.626492],[-105.914663,44.626523],[-105.914676,44.622904]]]}},{"type":"Feature","properties":{"q":"15","ac":40.4},"geometry":{"type":"Polygon","coordinates":[[[-105.899474,44.608406],[-105.904556,44.608332],[-105.904541,44.611984],[-105.899458,44.612043],[-105.899474,44.608406]]]}},{"type":"Feature","properties":{"q":"15","ac":40.3},"geometry":{"type":"Polygon","coordinates":[[[-105.904475,44.626585],[-105.904489,44.622949],[-105.909582,44.622926],[-105.909568,44.626554],[-105.904475,44.626585]]]}},{"type":"Feature","properties":{"q":"13","ac":40.7},"geometry":{"type":"Polygon","coordinates":[[[-105.914721,44.608184],[-105.91471,44.611864],[-105.909624,44.611924],[-105.909639,44.608258],[-105.914721,44.608184]]]}},{"type":"Feature","properties":{"q":"11","ac":40.4},"geometry":{"type":"Polygon","coordinates":[[[-105.889285,44.612209],[-105.894371,44.612126],[-105.894364,44.615773],[-105.889286,44.615864],[-105.889285,44.612209]]]}},{"type":"Feature","properties":{"q":"10","ac":40.3},"geometry":{"type":"Polygon","coordinates":[[[-105.904475,44.626585],[-105.909568,44.626554],[-105.909554,44.630182],[-105.904462,44.630222],[-105.904475,44.626585]]]}},{"type":"Feature","properties":{"q":"7","ac":40.5},"geometry":{"type":"Polygon","coordinates":[[[-105.904526,44.615635],[-105.904507,44.619292],[-105.899419,44.619326],[-105.899442,44.615681],[-105.904526,44.615635]]]}},{"type":"Feature","properties":{"q":"7","ac":40.6},"geometry":{"type":"Polygon","coordinates":[[[-105.868948,44.616153],[-105.868949,44.619807],[-105.863844,44.619852],[-105.863854,44.616206],[-105.868948,44.616153]]]}},{"type":"Feature","properties":{"q":"15","ac":40.4},"geometry":{"type":"Polygon","coordinates":[[[-105.828219,44.62409],[-105.828198,44.62773],[-105.823104,44.627791],[-105.823117,44.624164],[-105.828219,44.62409]]]}},{"type":"Feature","properties":{"q":"9","ac":39.8},"geometry":{"type":"Polygon","coordinates":[[[-105.879109,44.670267],[-105.884181,44.670251],[-105.88413,44.673859],[-105.879057,44.673873],[-105.879109,44.670267]]]}},{"type":"Feature","properties":{"q":"12","ac":39.9},"geometry":{"type":"Polygon","coordinates":[[[-105.894327,44.670219],[-105.899399,44.670202],[-105.89935,44.673817],[-105.894277,44.673831],[-105.894327,44.670219]]]}},{"type":"Feature","properties":{"q":"8","ac":40.3},"geometry":{"type":"Polygon","coordinates":[[[-105.838518,44.664076],[-105.838487,44.660453],[-105.843592,44.660315],[-105.843615,44.663942],[-105.838518,44.664076]]]}},{"type":"Feature","properties":{"q":"20","ac":39.7},"geometry":{"type":"Polygon","coordinates":[[[-105.86384,44.681469],[-105.863964,44.685073],[-105.858903,44.685208],[-105.858803,44.681597],[-105.86384,44.681469]]]}},{"type":"Feature","properties":{"q":"14","ac":40.0},"geometry":{"type":"Polygon","coordinates":[[[-105.874121,44.652335],[-105.874115,44.655949],[-105.869045,44.656054],[-105.869049,44.652432],[-105.874121,44.652335]]]}},{"type":"Feature","properties":{"q":"16","ac":37.3},"geometry":{"type":"Polygon","coordinates":[[[-105.939661,44.669453],[-105.939626,44.673083],[-105.934902,44.673164],[-105.934948,44.669539],[-105.939661,44.669453]]]}},{"type":"Feature","properties":{"q":"SESW","ac":40.2},"geometry":{"type":"Polygon","coordinates":[[[-105.894492,44.655769],[-105.889372,44.655794],[-105.889394,44.652184],[-105.894495,44.652157],[-105.894492,44.655769]]]}},{"type":"Feature","properties":{"q":"9","ac":39.6},"geometry":{"type":"Polygon","coordinates":[[[-105.909696,44.655559],[-105.909672,44.659172],[-105.904651,44.659265],[-105.904655,44.655652],[-105.909696,44.655559]]]}},{"type":"Feature","properties":{"q":"20","ac":37.4},"geometry":{"type":"Polygon","coordinates":[[[-105.939556,44.680342],[-105.939521,44.683971],[-105.934784,44.684039],[-105.934808,44.680414],[-105.939556,44.680342]]]}},{"type":"Feature","properties":{"q":"11","ac":40.1},"geometry":{"type":"Polygon","coordinates":[[[-105.914666,44.640999],[-105.919756,44.640933],[-105.919787,44.644543],[-105.914705,44.644618],[-105.914666,44.640999]]]}},{"type":"Feature","properties":{"q":"3","ac":40.0},"geometry":{"type":"Polygon","coordinates":[[[-105.914727,44.662689],[-105.919808,44.662594],[-105.919795,44.666204],[-105.914709,44.6663],[-105.914727,44.662689]]]}},{"type":"Feature","properties":{"q":"11","ac":40.0},"geometry":{"type":"Polygon","coordinates":[[[-105.929778,44.676871],[-105.924702,44.676953],[-105.924755,44.673338],[-105.929828,44.673251],[-105.929778,44.676871]]]}},{"type":"Feature","properties":{"q":"NWSE","ac":40.0},"geometry":{"type":"Polygon","coordinates":[[[-105.884278,44.655819],[-105.889372,44.655794],[-105.889349,44.659405],[-105.884263,44.659427],[-105.884278,44.655819]]]}},{"type":"Feature","properties":{"q":"1","ac":40.4},"geometry":{"type":"Polygon","coordinates":[[[-105.904445,44.633858],[-105.904427,44.637494],[-105.899328,44.637551],[-105.899349,44.633906],[-105.904445,44.633858]]]}},{"type":"Feature","properties":{"q":"3","ac":40.7},"geometry":{"type":"Polygon","coordinates":[[[-105.833333,44.649575],[-105.83332,44.653212],[-105.828211,44.653225],[-105.828193,44.649578],[-105.833333,44.649575]]]}},{"type":"Feature","properties":{"q":"5","ac":39.9},"geometry":{"type":"Polygon","coordinates":[[[-105.909672,44.659172],[-105.914746,44.659078],[-105.914727,44.662689],[-105.909647,44.662784],[-105.909672,44.659172]]]}},{"type":"Feature","properties":{"q":"11","ac":39.7},"geometry":{"type":"Polygon","coordinates":[[[-105.868994,44.670523],[-105.874052,44.670395],[-105.874006,44.674001],[-105.868956,44.674129],[-105.868994,44.670523]]]}},{"type":"Feature","properties":{"q":"11","ac":40.9},"geometry":{"type":"Polygon","coordinates":[[[-105.833278,44.642284],[-105.833347,44.645938],[-105.828174,44.645931],[-105.828156,44.64229],[-105.833278,44.642284]]]}},{"type":"Feature","properties":{"q":"9","ac":39.7},"geometry":{"type":"Polygon","coordinates":[[[-105.85888,44.670779],[-105.863937,44.670651],[-105.863905,44.674257],[-105.858854,44.674385],[-105.85888,44.670779]]]}},{"type":"Feature","properties":{"q":"11","ac":40.5},"geometry":{"type":"Polygon","coordinates":[[[-105.82834,44.671472],[-105.833441,44.671398],[-105.833441,44.675036],[-105.828346,44.675124],[-105.82834,44.671472]]]}},{"type":"Feature","properties":{"q":"4","ac":40.3},"geometry":{"type":"Polygon","coordinates":[[[-105.858905,44.663536],[-105.858905,44.667173],[-105.853816,44.667305],[-105.853808,44.663672],[-105.858905,44.663536]]]}},{"type":"Feature","properties":{"q":"9","ac":40.2},"geometry":{"type":"Polygon","coordinates":[[[-105.85391,44.688989],[-105.859003,44.688819],[-105.85912,44.692431],[-105.854007,44.692609],[-105.85391,44.688989]]]}},{"type":"Feature","properties":{"q":"13","ac":39.6},"geometry":{"type":"Polygon","coordinates":[[[-105.934759,44.687664],[-105.934735,44.691289],[-105.929719,44.691352],[-105.929722,44.687732],[-105.934759,44.687664]]]}},{"type":"Feature","properties":{"q":"16","ac":39.6},"geometry":{"type":"Polygon","coordinates":[[[-105.879146,44.684667],[-105.879339,44.688249],[-105.874257,44.688392],[-105.874086,44.684802],[-105.879146,44.684667]]]}},{"type":"Feature","properties":{"q":"11","ac":40.9},"geometry":{"type":"Polygon","coordinates":[[[-105.828411,44.689778],[-105.828439,44.693443],[-105.823323,44.693601],[-105.823307,44.689919],[-105.828411,44.689778]]]}},{"type":"Feature","properties":{"q":"15","ac":39.3},"geometry":{"type":"Polygon","coordinates":[[[-105.889261,44.684641],[-105.894318,44.684627],[-105.894459,44.688197],[-105.889419,44.688214],[-105.889261,44.684641]]]}},{"type":"Feature","properties":{"q":"8","ac":40.5},"geometry":{"type":"Polygon","coordinates":[[[-105.838467,44.616607],[-105.84354,44.616521],[-105.843518,44.62018],[-105.838444,44.620274],[-105.838467,44.616607]]]}},{"type":"Feature","properties":{"q":"15","ac":40.4},"geometry":{"type":"Polygon","coordinates":[[[-105.863874,44.608915],[-105.868947,44.608843],[-105.868948,44.612498],[-105.863864,44.612561],[-105.863874,44.608915]]]}},{"type":"Feature","properties":{"q":"5","ac":40.5},"geometry":{"type":"Polygon","coordinates":[[[-105.838351,44.631275],[-105.838315,44.634942],[-105.833236,44.634976],[-105.833264,44.631323],[-105.838351,44.631275]]]}},{"type":"Feature","properties":{"q":"2","ac":40.7},"geometry":{"type":"Polygon","coordinates":[[[-105.863844,44.619852],[-105.868949,44.619807],[-105.86895,44.623462],[-105.863833,44.623497],[-105.863844,44.619852]]]}},{"type":"Feature","properties":{"q":"13","ac":40.7},"geometry":{"type":"Polygon","coordinates":[[[-105.83332,44.624016],[-105.838422,44.623941],[-105.838386,44.627608],[-105.833292,44.627669],[-105.83332,44.624016]]]}},{"type":"Feature","properties":{"q":"6","ac":40.6},"geometry":{"type":"Polygon","coordinates":[[[-105.929932,44.618926],[-105.929935,44.622583],[-105.924852,44.622733],[-105.924855,44.619058],[-105.929932,44.618926]]]}},{"type":"Feature","properties":{"q":"7","ac":40.5},"geometry":{"type":"Polygon","coordinates":[[[-105.889286,44.615864],[-105.889287,44.619522],[-105.884223,44.619621],[-105.884212,44.615955],[-105.889286,44.615864]]]}},{"type":"Feature","properties":{"q":"8","ac":40.6},"geometry":{"type":"Polygon","coordinates":[[[-105.838351,44.631275],[-105.843439,44.631158],[-105.843411,44.634818],[-105.838315,44.634942],[-105.838351,44.631275]]]}},{"type":"Feature","properties":{"q":"15","ac":40.4},"geometry":{"type":"Polygon","coordinates":[[[-105.843496,44.623839],[-105.84857,44.623737],[-105.848549,44.627389],[-105.843468,44.627499],[-105.843496,44.623839]]]}},{"type":"Feature","properties":{"q":"10","ac":40.5},"geometry":{"type":"Polygon","coordinates":[[[-105.92993,44.61527],[-105.929932,44.618926],[-105.924855,44.619058],[-105.924858,44.615383],[-105.92993,44.61527]]]}},{"type":"Feature","properties":{"q":"12","ac":40.2},"geometry":{"type":"Polygon","coordinates":[[[-105.85878,44.612623],[-105.858759,44.616259],[-105.853686,44.616347],[-105.853707,44.612702],[-105.85878,44.612623]]]}},{"type":"Feature","properties":{"q":"10","ac":40.7},"geometry":{"type":"Polygon","coordinates":[[[-105.91471,44.611864],[-105.914698,44.615543],[-105.90961,44.615589],[-105.909624,44.611924],[-105.91471,44.611864]]]}},{"type":"Feature","properties":{"q":"9","ac":39.8},"geometry":{"type":"Polygon","coordinates":[[[-105.884201,44.626902],[-105.884167,44.630518],[-105.879102,44.630603],[-105.879142,44.626997],[-105.884201,44.626902]]]}},{"type":"Feature","properties":{"q":"SENW","ac":40.7},"geometry":{"type":"Polygon","coordinates":[[[-105.828265,44.616776],[-105.833366,44.616692],[-105.833343,44.620354],[-105.828242,44.620433],[-105.828265,44.616776]]]}},{"type":"Feature","properties":{"q":"7","ac":40.4},"geometry":{"type":"Polygon","coordinates":[[[-105.93501,44.618795],[-105.935018,44.622434],[-105.929935,44.622583],[-105.929932,44.618926],[-105.93501,44.618795]]]}},{"type":"Feature","properties":{"q":"6","ac":40.3},"geometry":{"type":"Polygon","coordinates":[[[-105.853665,44.619991],[-105.848591,44.620085],[-105.848613,44.616434],[-105.853686,44.616347],[-105.853665,44.619991]]]}},{"type":"Feature","properties":{"q":"NESE","ac":40.6},"geometry":{"type":"Polygon","coordinates":[[[-105.818088,44.613298],[-105.823188,44.613209],[-105.823165,44.616861],[-105.818064,44.616945],[-105.818088,44.613298]]]}},{"type":"Feature","properties":{"q":"1","ac":40.5},"geometry":{"type":"Polygon","coordinates":[[[-105.884223,44.619621],[-105.884235,44.623286],[-105.879182,44.623391],[-105.87916,44.619718],[-105.884223,44.619621]]]}},{"type":"Feature","properties":{"q":"9","ac":40.1},"geometry":{"type":"Polygon","coordinates":[[[-105.823104,44.627791],[-105.823092,44.631417],[-105.818005,44.631464],[-105.81801,44.627851],[-105.823104,44.627791]]]}},{"type":"Feature","properties":{"q":"16","ac":40.5},"geometry":{"type":"Polygon","coordinates":[[[-105.863833,44.623497],[-105.863819,44.627127],[-105.858711,44.627169],[-105.858717,44.623533],[-105.863833,44.623497]]]}},{"type":"Feature","properties":{"q":"NESW","ac":40.7},"geometry":{"type":"Polygon","coordinates":[[[-105.833389,44.61303],[-105.833366,44.616692],[-105.828265,44.616776],[-105.828288,44.613119],[-105.833389,44.61303]]]}},{"type":"Feature","properties":{"q":"9","ac":40.6},"geometry":{"type":"Polygon","coordinates":[[[-105.838386,44.627608],[-105.843468,44.627499],[-105.843439,44.631158],[-105.838351,44.631275],[-105.838386,44.627608]]]}},{"type":"Feature","properties":{"q":"19","ac":40.1},"geometry":{"type":"Polygon","coordinates":[[[-105.929935,44.622583],[-105.929938,44.6262],[-105.924848,44.626346],[-105.924852,44.622733],[-105.929935,44.622583]]]}},{"type":"Feature","properties":{"q":"6","ac":40.4},"geometry":{"type":"Polygon","coordinates":[[[-105.894364,44.615773],[-105.894353,44.619424],[-105.889287,44.619522],[-105.889286,44.615864],[-105.894364,44.615773]]]}},{"type":"Feature","properties":{"q":"13","ac":40.2},"geometry":{"type":"Polygon","coordinates":[[[-105.879142,44.626997],[-105.874034,44.62704],[-105.874066,44.623426],[-105.879182,44.623391],[-105.879142,44.626997]]]}},{"type":"Feature","properties":{"q":"16","ac":40.5},"geometry":{"type":"Polygon","coordinates":[[[-105.843496,44.623839],[-105.843468,44.627499],[-105.838386,44.627608],[-105.838422,44.623941],[-105.843496,44.623839]]]}},{"type":"Feature","properties":{"q":"8","ac":39.1},"geometry":{"type":"Polygon","coordinates":[[[-105.939959,44.618667],[-105.93501,44.618795],[-105.935002,44.615156],[-105.939929,44.615045],[-105.939959,44.618667]]]}},{"type":"Feature","properties":{"q":"9","ac":40.5},"geometry":{"type":"Polygon","coordinates":[[[-105.909624,44.611924],[-105.90961,44.615589],[-105.904526,44.615635],[-105.904541,44.611984],[-105.909624,44.611924]]]}},{"type":"Feature","properties":{"q":"15","ac":39.9},"geometry":{"type":"Polygon","coordinates":[[[-105.884235,44.623286],[-105.889289,44.623181],[-105.88926,44.626807],[-105.884201,44.626902],[-105.884235,44.623286]]]}},{"type":"Feature","properties":{"q":"16","ac":40.7},"geometry":{"type":"Polygon","coordinates":[[[-105.884188,44.608627],[-105.8842,44.612291],[-105.879115,44.612373],[-105.879093,44.608701],[-105.884188,44.608627]]]}},{"type":"Feature","properties":{"q":"11","ac":40.4},"geometry":{"type":"Polygon","coordinates":[[[-105.833292,44.627669],[-105.833264,44.631323],[-105.828178,44.63137],[-105.828198,44.62773],[-105.833292,44.627669]]]}},{"type":"Feature","properties":{"q":"4","ac":40.9},"geometry":{"type":"Polygon","coordinates":[[[-105.874054,44.619763],[-105.87916,44.619718],[-105.879182,44.623391],[-105.874066,44.623426],[-105.874054,44.619763]]]}},{"type":"Feature","properties":{"q":"14","ac":40.3},"geometry":{"type":"Polygon","coordinates":[[[-105.853729,44.609058],[-105.853707,44.612702],[-105.848635,44.612782],[-105.848656,44.60913],[-105.853729,44.609058]]]}},{"type":"Feature","properties":{"q":"19","ac":40.7},"geometry":{"type":"Polygon","coordinates":[[[-105.924861,44.611708],[-105.919795,44.611803],[-105.919803,44.60811],[-105.924864,44.608033],[-105.924861,44.611708]]]}},{"type":"Feature","properties":{"q":"14","ac":40.1},"geometry":{"type":"Polygon","coordinates":[[[-105.929938,44.6262],[-105.929941,44.629816],[-105.924844,44.629959],[-105.924848,44.626346],[-105.929938,44.6262]]]}},{"type":"Feature","properties":{"q":"NENE","ac":40.6},"geometry":{"type":"Polygon","coordinates":[[[-105.823141,44.620512],[-105.823117,44.624164],[-105.818016,44.624238],[-105.81804,44.620591],[-105.823141,44.620512]]]}},{"type":"Feature","properties":{"q":"16","ac":40.5},"geometry":{"type":"Polygon","coordinates":[[[-105.843584,44.609201],[-105.843562,44.612861],[-105.838489,44.61294],[-105.838511,44.609273],[-105.843584,44.609201]]]}},{"type":"Feature","properties":{"q":"18","ac":40.2},"geometry":{"type":"Polygon","coordinates":[[[-105.935018,44.622434],[-105.935045,44.626053],[-105.929938,44.6262],[-105.929935,44.622583],[-105.935018,44.622434]]]}},{"type":"Feature","properties":{"q":"11","ac":40.7},"geometry":{"type":"Polygon","coordinates":[[[-105.924858,44.615383],[-105.924855,44.619058],[-105.919778,44.619189],[-105.919786,44.615496],[-105.924858,44.615383]]]}},{"type":"Feature","properties":{"q":"13","ac":40.3},"geometry":{"type":"Polygon","coordinates":[[[-105.853643,44.623635],[-105.858717,44.623533],[-105.858711,44.627169],[-105.85363,44.627279],[-105.853643,44.623635]]]}},{"type":"Feature","properties":{"q":"4","ac":40.2},"geometry":{"type":"Polygon","coordinates":[[[-105.858738,44.619896],[-105.858717,44.623533],[-105.853643,44.623635],[-105.853665,44.619991],[-105.858738,44.619896]]]}},{"type":"Feature","properties":{"q":"SESE","ac":40.6},"geometry":{"type":"Polygon","coordinates":[[[-105.823212,44.609557],[-105.823188,44.613209],[-105.818088,44.613298],[-105.818112,44.609651],[-105.823212,44.609557]]]}},{"type":"Feature","properties":{"q":"15","ac":40.4},"geometry":{"type":"Polygon","coordinates":[[[-105.935045,44.626053],[-105.935071,44.629671],[-105.929941,44.629816],[-105.929938,44.6262],[-105.935045,44.626053]]]}},{"type":"Feature","properties":{"q":"12","ac":40.1},"geometry":{"type":"Polygon","coordinates":[[[-105.924844,44.629959],[-105.92484,44.633574],[-105.919737,44.633713],[-105.919747,44.630102],[-105.924844,44.629959]]]}},{"type":"Feature","properties":{"q":"15","ac":40.4},"geometry":{"type":"Polygon","coordinates":[[[-105.863819,44.627127],[-105.863833,44.623497],[-105.86895,44.623462],[-105.868926,44.627083],[-105.863819,44.627127]]]}},{"type":"Feature","properties":{"q":"16","ac":40.3},"geometry":{"type":"Polygon","coordinates":[[[-105.863874,44.608915],[-105.863864,44.612561],[-105.85878,44.612623],[-105.858801,44.608986],[-105.863874,44.608915]]]}},{"type":"Feature","properties":{"q":"5","ac":40.8},"geometry":{"type":"Polygon","coordinates":[[[-105.879137,44.616046],[-105.87916,44.619718],[-105.874054,44.619763],[-105.874043,44.6161],[-105.879137,44.616046]]]}},{"type":"Feature","properties":{"q":"7","ac":40.0},"geometry":{"type":"Polygon","coordinates":[[[-105.889232,44.630432],[-105.889204,44.634058],[-105.884133,44.634133],[-105.884167,44.630518],[-105.889232,44.630432]]]}},{"type":"Feature","properties":{"q":"8","ac":39.8},"geometry":{"type":"Polygon","coordinates":[[[-105.879057,44.673873],[-105.88413,44.673859],[-105.884079,44.677468],[-105.879005,44.677479],[-105.879057,44.673873]]]}},{"type":"Feature","properties":{"q":"4","ac":39.9},"geometry":{"type":"Polygon","coordinates":[[[-105.87915,44.648632],[-105.879193,44.652238],[-105.874121,44.652335],[-105.874076,44.648722],[-105.87915,44.648632]]]}},{"type":"Feature","properties":{"q":"SWSE","ac":40.1},"geometry":{"type":"Polygon","coordinates":[[[-105.884294,44.652211],[-105.889394,44.652184],[-105.889372,44.655794],[-105.884278,44.655819],[-105.884294,44.652211]]]}},{"type":"Feature","properties":{"q":"2","ac":40.2},"geometry":{"type":"Polygon","coordinates":[[[-105.884245,44.648596],[-105.889339,44.648559],[-105.889394,44.652184],[-105.884294,44.652211],[-105.884245,44.648596]]]}},{"type":"Feature","properties":{"q":"14","ac":40.3},"geometry":{"type":"Polygon","coordinates":[[[-105.904485,44.64113],[-105.904427,44.637494],[-105.909527,44.637437],[-105.909575,44.641064],[-105.904485,44.64113]]]}},{"type":"Feature","properties":{"q":"4","ac":40.0},"geometry":{"type":"Polygon","coordinates":[[[-105.879062,44.634209],[-105.879023,44.637815],[-105.87394,44.637881],[-105.873971,44.634268],[-105.879062,44.634209]]]}},{"type":"Feature","properties":{"q":"4","ac":40.4},"geometry":{"type":"Polygon","coordinates":[[[-105.858698,44.634443],[-105.858692,44.63808],[-105.853589,44.638212],[-105.853603,44.634568],[-105.858698,44.634443]]]}},{"type":"Feature","properties":{"q":"19","ac":40.2},"geometry":{"type":"Polygon","coordinates":[[[-105.843654,44.685695],[-105.838569,44.685858],[-105.838518,44.682221],[-105.843589,44.682064],[-105.843654,44.685695]]]}},{"type":"Feature","properties":{"q":"3","ac":40.3},"geometry":{"type":"Polygon","coordinates":[[[-105.894495,44.652157],[-105.889394,44.652184],[-105.889339,44.648559],[-105.894434,44.648522],[-105.894495,44.652157]]]}},{"type":"Feature","properties":{"q":"5","ac":40.4},"geometry":{"type":"Polygon","coordinates":[[[-105.838518,44.664076],[-105.833411,44.664124],[-105.83338,44.660488],[-105.838487,44.660453],[-105.838518,44.664076]]]}},{"type":"Feature","properties":{"q":"9","ac":40.1},"geometry":{"type":"Polygon","coordinates":[[[-105.935043,44.644168],[-105.935036,44.647792],[-105.929963,44.647913],[-105.929958,44.644293],[-105.935043,44.644168]]]}},{"type":"Feature","properties":{"q":"3","ac":39.9},"geometry":{"type":"Polygon","coordinates":[[[-105.914544,44.677134],[-105.914489,44.680745],[-105.90941,44.680845],[-105.909463,44.677233],[-105.914544,44.677134]]]}},{"type":"Feature","properties":{"q":"NENE","ac":39.9},"geometry":{"type":"Polygon","coordinates":[[[-105.879169,44.663056],[-105.884248,44.663035],[-105.884233,44.666643],[-105.879161,44.666662],[-105.879169,44.663056]]]}},{"type":"Feature","properties":{"q":"SWSW","ac":40.0},"geometry":{"type":"Polygon","coordinates":[[[-105.858803,44.681597],[-105.858903,44.685208],[-105.853821,44.68537],[-105.853732,44.681752],[-105.858803,44.681597]]]}},{"type":"Feature","properties":{"q":"11","ac":40.4},"geometry":{"type":"Polygon","coordinates":[[[-105.853793,44.656404],[-105.853801,44.660038],[-105.848697,44.660176],[-105.848681,44.656545],[-105.853793,44.656404]]]}},{"type":"Feature","properties":{"q":"10","ac":40.2},"geometry":{"type":"Polygon","coordinates":[[[-105.848531,44.641998],[-105.848576,44.645651],[-105.843548,44.645798],[-105.843465,44.642138],[-105.848531,44.641998]]]}},{"type":"Feature","properties":{"q":"20","ac":39.8},"geometry":{"type":"Polygon","coordinates":[[[-105.919834,44.655373],[-105.919847,44.651763],[-105.924908,44.651648],[-105.924896,44.655263],[-105.919834,44.655373]]]}},{"type":"Feature","properties":{"q":"7","ac":40.6},"geometry":{"type":"Polygon","coordinates":[[[-105.823091,44.649581],[-105.823078,44.645924],[-105.828174,44.645931],[-105.828193,44.649578],[-105.823091,44.649581]]]}},{"type":"Feature","properties":{"q":"2","ac":40.0},"geometry":{"type":"Polygon","coordinates":[[[-105.869037,44.663296],[-105.869033,44.666917],[-105.863969,44.667045],[-105.863971,44.663416],[-105.869037,44.663296]]]}},{"type":"Feature","properties":{"q":"SENW","ac":40.3},"geometry":{"type":"Polygon","coordinates":[[[-105.889349,44.659405],[-105.89449,44.659382],[-105.894433,44.662994],[-105.889327,44.663015],[-105.889349,44.659405]]]}},{"type":"Feature","properties":{"q":"8","ac":37.2},"geometry":{"type":"Polygon","coordinates":[[[-105.939732,44.662195],[-105.939697,44.665824],[-105.934995,44.665914],[-105.935003,44.66229],[-105.939732,44.662195]]]}},{"type":"Feature","properties":{"q":"18","ac":39.7},"geometry":{"type":"Polygon","coordinates":[[[-105.914489,44.680745],[-105.91455,44.684345],[-105.909492,44.684434],[-105.90941,44.680845],[-105.914489,44.680745]]]}},{"type":"Feature","properties":{"q":"14","ac":40.6},"geometry":{"type":"Polygon","coordinates":[[[-105.853589,44.638212],[-105.853638,44.641857],[-105.848531,44.641998],[-105.848486,44.638345],[-105.853589,44.638212]]]}},{"type":"Feature","properties":{"q":"4","ac":40.5},"geometry":{"type":"Polygon","coordinates":[[[-105.833333,44.649575],[-105.838474,44.649572],[-105.838428,44.653199],[-105.83332,44.653212],[-105.833333,44.649575]]]}},{"type":"Feature","properties":{"q":"12","ac":39.9},"geometry":{"type":"Polygon","coordinates":[[[-105.879065,44.641421],[-105.879108,44.645026],[-105.87403,44.645108],[-105.873985,44.641495],[-105.879065,44.641421]]]}},{"type":"Feature","properties":{"q":"15","ac":40.0},"geometry":{"type":"Polygon","coordinates":[[[-105.934948,44.669539],[-105.934902,44.673164],[-105.929828,44.673251],[-105.929878,44.669631],[-105.934948,44.669539]]]}},{"type":"Feature","properties":{"q":"3","ac":40.3},"geometry":{"type":"Polygon","coordinates":[[[-105.833236,44.634976],[-105.833209,44.63863],[-105.828137,44.63865],[-105.828158,44.63501],[-105.833236,44.634976]]]}},{"type":"Feature","properties":{"q":"NESW","ac":40.0},"geometry":{"type":"Polygon","coordinates":[[[-105.853774,44.674526],[-105.848694,44.674667],[-105.84871,44.671052],[-105.853795,44.670916],[-105.853774,44.674526]]]}},{"type":"Feature","properties":{"q":"19","ac":39.9},"geometry":{"type":"Polygon","coordinates":[[[-105.929928,44.66601],[-105.929878,44.669631],[-105.924809,44.669722],[-105.924862,44.666107],[-105.929928,44.66601]]]}},{"type":"Feature","properties":{"q":"18","ac":40.5},"geometry":{"type":"Polygon","coordinates":[[[-105.833437,44.682336],[-105.833476,44.685986],[-105.828384,44.686114],[-105.828356,44.682451],[-105.833437,44.682336]]]}},{"type":"Feature","properties":{"q":"7","ac":40.3},"geometry":{"type":"Polygon","coordinates":[[[-105.848697,44.660176],[-105.848712,44.663807],[-105.843615,44.663942],[-105.843592,44.660315],[-105.848697,44.660176]]]}},{"type":"Feature","properties":{"q":"11","ac":40.6},"geometry":{"type":"Polygon","coordinates":[[[-105.848531,44.641998],[-105.853638,44.641857],[-105.853687,44.645502],[-105.848576,44.645651],[-105.848531,44.641998]]]}},{"type":"Feature","properties":{"q":"11","ac":39.9},"geometry":{"type":"Polygon","coordinates":[[[-105.914765,44.655466],[-105.919834,44.655373],[-105.919821,44.658983],[-105.914746,44.659078],[-105.914765,44.655466]]]}},{"type":"Feature","properties":{"q":"7","ac":40.1},"geometry":{"type":"Polygon","coordinates":[[[-105.843602,44.678436],[-105.838527,44.678585],[-105.838537,44.674948],[-105.843615,44.674808],[-105.843602,44.678436]]]}},{"type":"Feature","properties":{"q":"4","ac":40.3},"geometry":{"type":"Polygon","coordinates":[[[-105.838527,44.678585],[-105.838518,44.682221],[-105.833437,44.682336],[-105.833439,44.678686],[-105.838527,44.678585]]]}},{"type":"Feature","properties":{"q":"5","ac":39.9},"geometry":{"type":"Polygon","coordinates":[[[-105.858854,44.674385],[-105.858828,44.677991],[-105.853753,44.678139],[-105.853774,44.674526],[-105.858854,44.674385]]]}},{"type":"Feature","properties":{"q":"5","ac":40.4},"geometry":{"type":"Polygon","coordinates":[[[-105.853801,44.660038],[-105.858905,44.659899],[-105.858905,44.663536],[-105.853808,44.663672],[-105.853801,44.660038]]]}},{"type":"Feature","properties":{"q":"6","ac":40.5},"geometry":{"type":"Polygon","coordinates":[[[-105.853687,44.645502],[-105.853736,44.649136],[-105.848621,44.649282],[-105.848576,44.645651],[-105.853687,44.645502]]]}},{"type":"Feature","properties":{"q":"12","ac":40.4},"geometry":{"type":"Polygon","coordinates":[[[-105.83335,44.65685],[-105.838457,44.656826],[-105.838487,44.660453],[-105.83338,44.660488],[-105.83335,44.65685]]]}},{"type":"Feature","properties":{"q":"12","ac":40.4},"geometry":{"type":"Polygon","coordinates":[[[-105.853793,44.656404],[-105.858904,44.656263],[-105.858905,44.659899],[-105.853801,44.660038],[-105.853793,44.656404]]]}},{"type":"Feature","properties":{"q":"13","ac":40.7},"geometry":{"type":"Polygon","coordinates":[[[-105.833209,44.63863],[-105.83828,44.638609],[-105.8384,44.642277],[-105.833278,44.642284],[-105.833209,44.63863]]]}},{"type":"Feature","properties":{"q":"12","ac":40.3},"geometry":{"type":"Polygon","coordinates":[[[-105.899462,44.64484],[-105.894373,44.644887],[-105.894312,44.641252],[-105.899395,44.641195],[-105.899462,44.64484]]]}},{"type":"Feature","properties":{"q":"8","ac":40.3},"geometry":{"type":"Polygon","coordinates":[[[-105.904543,44.644766],[-105.899462,44.64484],[-105.899395,44.641195],[-105.904485,44.64113],[-105.904543,44.644766]]]}},{"type":"Feature","properties":{"q":"7","ac":40.0},"geometry":{"type":"Polygon","coordinates":[[[-105.909516,44.673621],[-105.909463,44.677233],[-105.904382,44.677332],[-105.904433,44.673719],[-105.909516,44.673621]]]}},{"type":"Feature","properties":{"q":"8","ac":40.0},"geometry":{"type":"Polygon","coordinates":[[[-105.904484,44.670105],[-105.904433,44.673719],[-105.89935,44.673817],[-105.899399,44.670202],[-105.904484,44.670105]]]}},{"type":"Feature","properties":{"q":"NENW","ac":40.0},"geometry":{"type":"Polygon","coordinates":[[[-105.909622,44.666396],[-105.909647,44.662784],[-105.914727,44.662689],[-105.914709,44.6663],[-105.909622,44.666396]]]}},{"type":"Feature","properties":{"q":"18","ac":39.5},"geometry":{"type":"Polygon","coordinates":[[[-105.873916,44.681212],[-105.874086,44.684802],[-105.869026,44.684938],[-105.868878,44.681341],[-105.873916,44.681212]]]}},{"type":"Feature","properties":{"q":"6","ac":39.9},"geometry":{"type":"Polygon","coordinates":[[[-105.929938,44.662391],[-105.929928,44.66601],[-105.924862,44.666107],[-105.924873,44.662492],[-105.929938,44.662391]]]}},{"type":"Feature","properties":{"q":"3","ac":40.0},"geometry":{"type":"Polygon","coordinates":[[[-105.914745,44.648236],[-105.914784,44.651855],[-105.909721,44.651946],[-105.909673,44.648319],[-105.914745,44.648236]]]}},{"type":"Feature","properties":{"q":"4","ac":40.2},"geometry":{"type":"Polygon","coordinates":[[[-105.899349,44.633906],[-105.899328,44.637551],[-105.894252,44.637617],[-105.894276,44.633982],[-105.899349,44.633906]]]}},{"type":"Feature","properties":{"q":"6","ac":39.6},"geometry":{"type":"Polygon","coordinates":[[[-105.909672,44.659172],[-105.909647,44.662784],[-105.904593,44.662878],[-105.904651,44.659265],[-105.909672,44.659172]]]}},{"type":"Feature","properties":{"q":"NESE","ac":40.0},"geometry":{"type":"Polygon","coordinates":[[[-105.879185,44.655844],[-105.884278,44.655819],[-105.884263,44.659427],[-105.879177,44.65945],[-105.879185,44.655844]]]}},{"type":"Feature","properties":{"q":"16","ac":40.0},"geometry":{"type":"Polygon","coordinates":[[[-105.884148,44.641365],[-105.879065,44.641421],[-105.879023,44.637815],[-105.884099,44.637749],[-105.884148,44.641365]]]}},{"type":"Feature","properties":{"q":"8","ac":39.9},"geometry":{"type":"Polygon","coordinates":[[[-105.843548,44.645798],[-105.843547,44.649427],[-105.838474,44.649572],[-105.838519,44.645944],[-105.843548,44.645798]]]}},{"type":"Feature","properties":{"q":"11","ac":40.0},"geometry":{"type":"Polygon","coordinates":[[[-105.914654,44.669911],[-105.909569,44.670008],[-105.909622,44.666396],[-105.914709,44.6663],[-105.914654,44.669911]]]}},{"type":"Feature","properties":{"q":"4","ac":39.8},"geometry":{"type":"Polygon","coordinates":[[[-105.874103,44.663176],[-105.879169,44.663056],[-105.879161,44.666662],[-105.874097,44.666789],[-105.874103,44.663176]]]}},{"type":"Feature","properties":{"q":"5","ac":39.9},"geometry":{"type":"Polygon","coordinates":[[[-105.89935,44.673817],[-105.899301,44.677431],[-105.894227,44.677444],[-105.894277,44.673831],[-105.89935,44.673817]]]}},{"type":"Feature","properties":{"q":"20","ac":39.4},"geometry":{"type":"Polygon","coordinates":[[[-105.904331,44.680946],[-105.904434,44.684523],[-105.899376,44.684612],[-105.899252,44.681046],[-105.904331,44.680946]]]}},{"type":"Feature","properties":{"q":"8","ac":39.6},"geometry":{"type":"Polygon","coordinates":[[[-105.858854,44.674385],[-105.863905,44.674257],[-105.863873,44.677863],[-105.858828,44.677991],[-105.858854,44.674385]]]}},{"type":"Feature","properties":{"q":"7","ac":39.9},"geometry":{"type":"Polygon","coordinates":[[[-105.889153,44.677456],[-105.884079,44.677468],[-105.88413,44.673859],[-105.889204,44.673845],[-105.889153,44.677456]]]}},{"type":"Feature","properties":{"q":"4","ac":39.9},"geometry":{"type":"Polygon","coordinates":[[[-105.919625,44.677034],[-105.919569,44.680645],[-105.914489,44.680745],[-105.914544,44.677134],[-105.919625,44.677034]]]}},{"type":"Feature","properties":{"q":"1","ac":39.8},"geometry":{"type":"Polygon","coordinates":[[[-105.884079,44.677468],[-105.884028,44.681076],[-105.878953,44.681084],[-105.879005,44.677479],[-105.884079,44.677468]]]}},{"type":"Feature","properties":{"q":"5","ac":40.2},"geometry":{"type":"Polygon","coordinates":[[[-105.92484,44.633574],[-105.924836,44.637188],[-105.919726,44.637323],[-105.919737,44.633713],[-105.92484,44.633574]]]}},{"type":"Feature","properties":{"q":"10","ac":40.7},"geometry":{"type":"Polygon","coordinates":[[[-105.823134,44.656898],[-105.828242,44.656874],[-105.828273,44.660524],[-105.823165,44.660559],[-105.823134,44.656898]]]}},{"type":"Feature","properties":{"q":"3","ac":39.9},"geometry":{"type":"Polygon","coordinates":[[[-105.848677,44.678287],[-105.853753,44.678139],[-105.853732,44.681752],[-105.84866,44.681907],[-105.848677,44.678287]]]}},{"type":"Feature","properties":{"q":"11","ac":39.9},"geometry":{"type":"Polygon","coordinates":[[[-105.929948,44.658772],[-105.929938,44.662391],[-105.924873,44.662492],[-105.924885,44.658878],[-105.929948,44.658772]]]}},{"type":"Feature","properties":{"q":"13","ac":40.5},"geometry":{"type":"Polygon","coordinates":[[[-105.858904,44.652626],[-105.858904,44.656263],[-105.853793,44.656404],[-105.853785,44.652769],[-105.858904,44.652626]]]}},{"type":"Feature","properties":{"q":"13","ac":39.9},"geometry":{"type":"Polygon","coordinates":[[[-105.919739,44.669814],[-105.924809,44.669722],[-105.924755,44.673338],[-105.919682,44.673424],[-105.919739,44.669814]]]}},{"type":"Feature","properties":{"q":"8","ac":40.8},"geometry":{"type":"Polygon","coordinates":[[[-105.823165,44.660559],[-105.823197,44.664219],[-105.818089,44.664266],[-105.818058,44.660594],[-105.823165,44.660559]]]}},{"type":"Feature","properties":{"q":"11","ac":40.1},"geometry":{"type":"Polygon","coordinates":[[[-105.924854,44.640803],[-105.924872,44.644418],[-105.919787,44.644543],[-105.919756,44.640933],[-105.924854,44.640803]]]}},{"type":"Feature","properties":{"q":"15","ac":40.0},"geometry":{"type":"Polygon","coordinates":[[[-105.863975,44.656158],[-105.863976,44.652529],[-105.869049,44.652432],[-105.869045,44.656054],[-105.863975,44.656158]]]}},{"type":"Feature","properties":{"q":"15","ac":39.7},"geometry":{"type":"Polygon","coordinates":[[[-105.868994,44.670523],[-105.863937,44.670651],[-105.863969,44.667045],[-105.869033,44.666917],[-105.868994,44.670523]]]}},{"type":"Feature","properties":{"q":"4","ac":40.5},"geometry":{"type":"Polygon","coordinates":[[[-105.853736,44.649136],[-105.858851,44.648989],[-105.858904,44.652626],[-105.853785,44.652769],[-105.853736,44.649136]]]}},{"type":"Feature","properties":{"q":"6","ac":40.5},"geometry":{"type":"Polygon","coordinates":[[[-105.83338,44.660488],[-105.833411,44.664124],[-105.828304,44.664172],[-105.828273,44.660524],[-105.83338,44.660488]]]}},{"type":"Feature","properties":{"q":"10","ac":40.4},"geometry":{"type":"Polygon","coordinates":[[[-105.848681,44.656545],[-105.848697,44.660176],[-105.843592,44.660315],[-105.843569,44.656685],[-105.848681,44.656545]]]}},{"type":"Feature","properties":{"q":"6","ac":40.2},"geometry":{"type":"Polygon","coordinates":[[[-105.909624,44.644692],[-105.909673,44.648319],[-105.904601,44.648402],[-105.904543,44.644766],[-105.909624,44.644692]]]}},{"type":"Feature","properties":{"q":"2","ac":40.3},"geometry":{"type":"Polygon","coordinates":[[[-105.904427,44.637494],[-105.904445,44.633858],[-105.909541,44.633809],[-105.909527,44.637437],[-105.904427,44.637494]]]}},{"type":"Feature","properties":{"q":"2","ac":40.2},"geometry":{"type":"Polygon","coordinates":[[[-105.86888,44.634326],[-105.868857,44.637947],[-105.863775,44.638013],[-105.863789,44.634385],[-105.86888,44.634326]]]}},{"type":"Feature","properties":{"q":"17","ac":40.4},"geometry":{"type":"Polygon","coordinates":[[[-105.838518,44.682221],[-105.838569,44.685858],[-105.833476,44.685986],[-105.833437,44.682336],[-105.838518,44.682221]]]}},{"type":"Feature","properties":{"q":"5","ac":39.8},"geometry":{"type":"Polygon","coordinates":[[[-105.874109,44.659563],[-105.879177,44.65945],[-105.879169,44.663056],[-105.874103,44.663176],[-105.874109,44.659563]]]}},{"type":"Feature","properties":{"q":"11","ac":40.2},"geometry":{"type":"Polygon","coordinates":[[[-105.88923,44.641308],[-105.894312,44.641252],[-105.894373,44.644887],[-105.889285,44.644934],[-105.88923,44.641308]]]}},{"type":"Feature","properties":{"q":"1","ac":40.7},"geometry":{"type":"Polygon","coordinates":[[[-105.823103,44.653237],[-105.817995,44.65325],[-105.817989,44.649583],[-105.823091,44.649581],[-105.823103,44.653237]]]}},{"type":"Feature","properties":{"q":"9","ac":40.0},"geometry":{"type":"Polygon","coordinates":[[[-105.914654,44.669911],[-105.914599,44.673523],[-105.909516,44.673621],[-105.909569,44.670008],[-105.914654,44.669911]]]}},{"type":"Feature","properties":{"q":"16","ac":40.4},"geometry":{"type":"Polygon","coordinates":[[[-105.838428,44.653199],[-105.843547,44.653056],[-105.843569,44.656685],[-105.838457,44.656826],[-105.838428,44.653199]]]}},{"type":"Feature","properties":{"q":"10","ac":40.2},"geometry":{"type":"Polygon","coordinates":[[[-105.914666,44.640999],[-105.914705,44.644618],[-105.909624,44.644692],[-105.909575,44.641064],[-105.914666,44.640999]]]}},{"type":"Feature","properties":{"q":"4","ac":40.4},"geometry":{"type":"Polygon","coordinates":[[[-105.894434,44.648522],[-105.899529,44.648485],[-105.899595,44.65213],[-105.894495,44.652157],[-105.894434,44.648522]]]}},{"type":"Feature","properties":{"q":"9","ac":40.2},"geometry":{"type":"Polygon","coordinates":[[[-105.909575,44.641064],[-105.909624,44.644692],[-105.904543,44.644766],[-105.904485,44.64113],[-105.909575,44.641064]]]}},{"type":"Feature","properties":{"q":"1","ac":40.1},"geometry":{"type":"Polygon","coordinates":[[[-105.879193,44.652238],[-105.87915,44.648632],[-105.884245,44.648596],[-105.884294,44.652211],[-105.879193,44.652238]]]}},{"type":"Feature","properties":{"q":"10","ac":40.1},"geometry":{"type":"Polygon","coordinates":[[[-105.884148,44.641365],[-105.88923,44.641308],[-105.889285,44.644934],[-105.884196,44.64498],[-105.884148,44.641365]]]}},{"type":"Feature","properties":{"q":"5","ac":40.4},"geometry":{"type":"Polygon","coordinates":[[[-105.838537,44.674948],[-105.838527,44.678585],[-105.833439,44.678686],[-105.833441,44.675036],[-105.838537,44.674948]]]}},{"type":"Feature","properties":{"q":"14","ac":39.9},"geometry":{"type":"Polygon","coordinates":[[[-105.929958,44.655152],[-105.929948,44.658772],[-105.924885,44.658878],[-105.924896,44.655263],[-105.929958,44.655152]]]}},{"type":"Feature","properties":{"q":"7","ac":39.9},"geometry":{"type":"Polygon","coordinates":[[[-105.848576,44.645651],[-105.848621,44.649282],[-105.843547,44.649427],[-105.843548,44.645798],[-105.848576,44.645651]]]}},{"type":"Feature","properties":{"q":"12","ac":39.8},"geometry":{"type":"Polygon","coordinates":[[[-105.919847,44.651763],[-105.919834,44.655373],[-105.914765,44.655466],[-105.914784,44.651855],[-105.919847,44.651763]]]}},{"type":"Feature","properties":{"q":"8","ac":40.1},"geometry":{"type":"Polygon","coordinates":[[[-105.863973,44.659787],[-105.863971,44.663416],[-105.858905,44.663536],[-105.858905,44.659899],[-105.863973,44.659787]]]}},{"type":"Feature","properties":{"q":"3","ac":40.5},"geometry":{"type":"Polygon","coordinates":[[[-105.853736,44.649136],[-105.853785,44.652769],[-105.848666,44.652913],[-105.848621,44.649282],[-105.853736,44.649136]]]}},{"type":"Feature","properties":{"q":"SENE","ac":39.9},"geometry":{"type":"Polygon","coordinates":[[[-105.879177,44.65945],[-105.884263,44.659427],[-105.884248,44.663035],[-105.879169,44.663056],[-105.879177,44.65945]]]}},{"type":"Feature","properties":{"q":"12","ac":40.1},"geometry":{"type":"Polygon","coordinates":[[[-105.924854,44.640803],[-105.929952,44.640674],[-105.929958,44.644293],[-105.924872,44.644418],[-105.924854,44.640803]]]}},{"type":"Feature","properties":{"q":"6","ac":40.3},"geometry":{"type":"Polygon","coordinates":[[[-105.894434,44.648522],[-105.889339,44.648559],[-105.889285,44.644934],[-105.894373,44.644887],[-105.894434,44.648522]]]}},{"type":"Feature","properties":{"q":"9","ac":37.5},"geometry":{"type":"Polygon","coordinates":[[[-105.939767,44.658565],[-105.939732,44.662195],[-105.935003,44.66229],[-105.935012,44.658665],[-105.939767,44.658565]]]}},{"type":"Feature","properties":{"q":"7","ac":40.6},"geometry":{"type":"Polygon","coordinates":[[[-105.828273,44.660524],[-105.828304,44.664172],[-105.823197,44.664219],[-105.823165,44.660559],[-105.828273,44.660524]]]}},{"type":"Feature","properties":{"q":"SESW","ac":40.0},"geometry":{"type":"Polygon","coordinates":[[[-105.934808,44.680414],[-105.934784,44.684039],[-105.929725,44.684111],[-105.929728,44.680491],[-105.934808,44.680414]]]}},{"type":"Feature","properties":{"q":"4","ac":39.9},"geometry":{"type":"Polygon","coordinates":[[[-105.853753,44.678139],[-105.858828,44.677991],[-105.858803,44.681597],[-105.853732,44.681752],[-105.853753,44.678139]]]}},{"type":"Feature","properties":{"q":"13","ac":39.7},"geometry":{"type":"Polygon","coordinates":[[[-105.879161,44.666662],[-105.879109,44.670267],[-105.874052,44.670395],[-105.874097,44.666789],[-105.879161,44.666662]]]}},{"type":"Feature","properties":{"q":"12","ac":39.9},"geometry":{"type":"Polygon","coordinates":[[[-105.924755,44.673338],[-105.924702,44.676953],[-105.919625,44.677034],[-105.919682,44.673424],[-105.924755,44.673338]]]}},{"type":"Feature","properties":{"q":"1","ac":39.9},"geometry":{"type":"Polygon","coordinates":[[[-105.89954,44.662973],[-105.904593,44.662878],[-105.904535,44.666491],[-105.899448,44.666587],[-105.89954,44.662973]]]}},{"type":"Feature","properties":{"q":"8","ac":40.7},"geometry":{"type":"Polygon","coordinates":[[[-105.823078,44.645924],[-105.823091,44.649581],[-105.817989,44.649583],[-105.817982,44.645917],[-105.823078,44.645924]]]}},{"type":"Feature","properties":{"q":"4","ac":39.9},"geometry":{"type":"Polygon","coordinates":[[[-105.899252,44.681046],[-105.894177,44.681057],[-105.894227,44.677444],[-105.899301,44.677431],[-105.899252,44.681046]]]}},{"type":"Feature","properties":{"q":"10","ac":40.0},"geometry":{"type":"Polygon","coordinates":[[[-105.929958,44.644293],[-105.929963,44.647913],[-105.92489,44.648033],[-105.924872,44.644418],[-105.929958,44.644293]]]}},{"type":"Feature","properties":{"q":"9","ac":40.0},"geometry":{"type":"Polygon","coordinates":[[[-105.884148,44.641365],[-105.884196,44.64498],[-105.879108,44.645026],[-105.879065,44.641421],[-105.884148,44.641365]]]}},{"type":"Feature","properties":{"q":"6","ac":39.9},"geometry":{"type":"Polygon","coordinates":[[[-105.894277,44.673831],[-105.894227,44.677444],[-105.889153,44.677456],[-105.889204,44.673845],[-105.894277,44.673831]]]}},{"type":"Feature","properties":{"q":"12","ac":39.7},"geometry":{"type":"Polygon","coordinates":[[[-105.879109,44.670267],[-105.879057,44.673873],[-105.874006,44.674001],[-105.874052,44.670395],[-105.879109,44.670267]]]}},{"type":"Feature","properties":{"q":"6","ac":40.5},"geometry":{"type":"Polygon","coordinates":[[[-105.828346,44.675124],[-105.833441,44.675036],[-105.833439,44.678686],[-105.828351,44.678788],[-105.828346,44.675124]]]}},{"type":"Feature","properties":{"q":"SWNE","ac":39.9},"geometry":{"type":"Polygon","coordinates":[[[-105.884263,44.659427],[-105.889349,44.659405],[-105.889327,44.663015],[-105.884248,44.663035],[-105.884263,44.659427]]]}},{"type":"Feature","properties":{"q":"15","ac":38.8},"geometry":{"type":"Polygon","coordinates":[[[-105.93998,44.636789],[-105.939945,44.640419],[-105.93505,44.640544],[-105.935057,44.636919],[-105.93998,44.636789]]]}},{"type":"Feature","properties":{"q":"5","ac":40.5},"geometry":{"type":"Polygon","coordinates":[[[-105.853687,44.645502],[-105.858798,44.645353],[-105.858851,44.648989],[-105.853736,44.649136],[-105.853687,44.645502]]]}},{"type":"Feature","properties":{"q":"20","ac":39.5},"geometry":{"type":"Polygon","coordinates":[[[-105.879146,44.684667],[-105.878953,44.681084],[-105.884028,44.681076],[-105.884204,44.684654],[-105.879146,44.684667]]]}},{"type":"Feature","properties":{"q":"11","ac":39.9},"geometry":{"type":"Polygon","coordinates":[[[-105.874115,44.655949],[-105.874109,44.659563],[-105.869041,44.659675],[-105.869045,44.656054],[-105.874115,44.655949]]]}},{"type":"Feature","properties":{"q":"18","ac":40.2},"geometry":{"type":"Polygon","coordinates":[[[-105.924836,44.637188],[-105.924854,44.640803],[-105.919756,44.640933],[-105.919726,44.637323],[-105.924836,44.637188]]]}},{"type":"Feature","properties":{"q":"3","ac":40.5},"geometry":{"type":"Polygon","coordinates":[[[-105.833439,44.678686],[-105.833437,44.682336],[-105.828356,44.682451],[-105.828351,44.678788],[-105.833439,44.678686]]]}},{"type":"Feature","properties":{"q":"19","ac":39.6},"geometry":{"type":"Polygon","coordinates":[[[-105.868878,44.681341],[-105.869026,44.684938],[-105.863964,44.685073],[-105.86384,44.681469],[-105.868878,44.681341]]]}},{"type":"Feature","properties":{"q":"16","ac":40.8},"geometry":{"type":"Polygon","coordinates":[[[-105.823228,44.667879],[-105.823247,44.671545],[-105.818153,44.671619],[-105.818121,44.667938],[-105.823228,44.667879]]]}},{"type":"Feature","properties":{"q":"19","ac":40.6},"geometry":{"type":"Polygon","coordinates":[[[-105.823275,44.682565],[-105.828356,44.682451],[-105.828384,44.686114],[-105.823291,44.686242],[-105.823275,44.682565]]]}},{"type":"Feature","properties":{"q":"NWSW","ac":40.4},"geometry":{"type":"Polygon","coordinates":[[[-105.899613,44.655744],[-105.899631,44.659358],[-105.89449,44.659382],[-105.894492,44.655769],[-105.899613,44.655744]]]}},{"type":"Feature","properties":{"q":"3","ac":40.5},"geometry":{"type":"Polygon","coordinates":[[[-105.833411,44.664124],[-105.833442,44.66776],[-105.828335,44.667819],[-105.828304,44.664172],[-105.833411,44.664124]]]}},{"type":"Feature","properties":{"q":"2","ac":40.6},"geometry":{"type":"Polygon","coordinates":[[[-105.848507,44.634693],[-105.848486,44.638345],[-105.843383,44.638477],[-105.843411,44.634818],[-105.848507,44.634693]]]}},{"type":"Feature","properties":{"q":"7","ac":40.0},"geometry":{"type":"Polygon","coordinates":[[[-105.935003,44.66229],[-105.934995,44.665914],[-105.929928,44.66601],[-105.929938,44.662391],[-105.935003,44.66229]]]}},{"type":"Feature","properties":{"q":"9","ac":40.0},"geometry":{"type":"Polygon","coordinates":[[[-105.843627,44.671188],[-105.84871,44.671052],[-105.848694,44.674667],[-105.843615,44.674808],[-105.843627,44.671188]]]}},{"type":"Feature","properties":{"q":"6","ac":40.2},"geometry":{"type":"Polygon","coordinates":[[[-105.92484,44.633574],[-105.929944,44.633435],[-105.929947,44.637054],[-105.924836,44.637188],[-105.92484,44.633574]]]}},{"type":"Feature","properties":{"q":"1","ac":40.8},"geometry":{"type":"Polygon","coordinates":[[[-105.823197,44.664219],[-105.823228,44.667879],[-105.818121,44.667938],[-105.818089,44.664266],[-105.823197,44.664219]]]}},{"type":"Feature","properties":{"q":"14","ac":40.2},"geometry":{"type":"Polygon","coordinates":[[[-105.894252,44.637617],[-105.894312,44.641252],[-105.88923,44.641308],[-105.889175,44.637683],[-105.894252,44.637617]]]}},{"type":"Feature","properties":{"q":"8","ac":40.2},"geometry":{"type":"Polygon","coordinates":[[[-105.858798,44.645353],[-105.863876,44.645272],[-105.863926,44.6489],[-105.858851,44.648989],[-105.858798,44.645353]]]}},{"type":"Feature","properties":{"q":"6","ac":39.9},"geometry":{"type":"Polygon","coordinates":[[[-105.929963,44.647913],[-105.929968,44.651532],[-105.924908,44.651648],[-105.92489,44.648033],[-105.929963,44.647913]]]}},{"type":"Feature","properties":{"q":"4","ac":40.4},"geometry":{"type":"Polygon","coordinates":[[[-105.838518,44.664076],[-105.838549,44.6677],[-105.833442,44.66776],[-105.833411,44.664124],[-105.838518,44.664076]]]}},{"type":"Feature","properties":{"q":"15","ac":40.5},"geometry":{"type":"Polygon","coordinates":[[[-105.848486,44.638345],[-105.848531,44.641998],[-105.843465,44.642138],[-105.843383,44.638477],[-105.848486,44.638345]]]}},{"type":"Feature","properties":{"q":"15","ac":40.6},"geometry":{"type":"Polygon","coordinates":[[[-105.823247,44.671545],[-105.823228,44.667879],[-105.828335,44.667819],[-105.82834,44.671472],[-105.823247,44.671545]]]}},{"type":"Feature","properties":{"q":"1","ac":40.1},"geometry":{"type":"Polygon","coordinates":[[[-105.838527,44.678585],[-105.843602,44.678436],[-105.843589,44.682064],[-105.838518,44.682221],[-105.838527,44.678585]]]}},{"type":"Feature","properties":{"q":"8","ac":37.4},"geometry":{"type":"Polygon","coordinates":[[[-105.939591,44.676712],[-105.939556,44.680342],[-105.934808,44.680414],[-105.934855,44.676789],[-105.939591,44.676712]]]}},{"type":"Feature","properties":{"q":"11","ac":40.0},"geometry":{"type":"Polygon","coordinates":[[[-105.868905,44.641569],[-105.873985,44.641495],[-105.87403,44.645108],[-105.868953,44.64519],[-105.868905,44.641569]]]}},{"type":"Feature","properties":{"q":"3","ac":40.1},"geometry":{"type":"Polygon","coordinates":[[[-105.889204,44.634058],[-105.894276,44.633982],[-105.894252,44.637617],[-105.889175,44.637683],[-105.889204,44.634058]]]}},{"type":"Feature","properties":{"q":"6","ac":40.0},"geometry":{"type":"Polygon","coordinates":[[[-105.929778,44.676871],[-105.929728,44.680491],[-105.924649,44.680568],[-105.924702,44.676953],[-105.929778,44.676871]]]}},{"type":"Feature","properties":{"q":"18","ac":40.0},"geometry":{"type":"Polygon","coordinates":[[[-105.934995,44.665914],[-105.934948,44.669539],[-105.929878,44.669631],[-105.929928,44.66601],[-105.934995,44.665914]]]}},{"type":"Feature","properties":{"q":"1","ac":39.9},"geometry":{"type":"Polygon","coordinates":[[[-105.884133,44.634133],[-105.884099,44.637749],[-105.879023,44.637815],[-105.879062,44.634209],[-105.884133,44.634133]]]}},{"type":"Feature","properties":{"q":"2","ac":40.1},"geometry":{"type":"Polygon","coordinates":[[[-105.869001,44.648811],[-105.869049,44.652432],[-105.863976,44.652529],[-105.863926,44.6489],[-105.869001,44.648811]]]}},{"type":"Feature","properties":{"q":"14","ac":40.5},"geometry":{"type":"Polygon","coordinates":[[[-105.833209,44.63863],[-105.833278,44.642284],[-105.828156,44.64229],[-105.828137,44.63865],[-105.833209,44.63863]]]}},{"type":"Feature","properties":{"q":"15","ac":39.9},"geometry":{"type":"Polygon","coordinates":[[[-105.929958,44.655152],[-105.93502,44.655041],[-105.935012,44.658665],[-105.929948,44.658772],[-105.929958,44.655152]]]}},{"type":"Feature","properties":{"q":"10","ac":40.0},"geometry":{"type":"Polygon","coordinates":[[[-105.919739,44.669814],[-105.919682,44.673424],[-105.914599,44.673523],[-105.914654,44.669911],[-105.919739,44.669814]]]}},{"type":"Feature","properties":{"q":"5","ac":39.9},"geometry":{"type":"Polygon","coordinates":[[[-105.914544,44.677134],[-105.914599,44.673523],[-105.919682,44.673424],[-105.919625,44.677034],[-105.914544,44.677134]]]}},{"type":"Feature","properties":{"q":"17","ac":37.9},"geometry":{"type":"Polygon","coordinates":[[[-105.939803,44.654936],[-105.93502,44.655041],[-105.935029,44.651417],[-105.939838,44.651307],[-105.939803,44.654936]]]}},{"type":"Feature","properties":{"q":"NWNE","ac":39.9},"geometry":{"type":"Polygon","coordinates":[[[-105.884248,44.663035],[-105.889327,44.663015],[-105.889304,44.666624],[-105.884233,44.666643],[-105.884248,44.663035]]]}},{"type":"Feature","properties":{"q":"1","ac":40.7},"geometry":{"type":"Polygon","coordinates":[[[-105.823271,44.678889],[-105.823275,44.682565],[-105.818194,44.68268],[-105.81819,44.678989],[-105.823271,44.678889]]]}},{"type":"Feature","properties":{"q":"17","ac":39.5},"geometry":{"type":"Polygon","coordinates":[[[-105.873916,44.681212],[-105.878953,44.681084],[-105.879146,44.684667],[-105.874086,44.684802],[-105.873916,44.681212]]]}},{"type":"Feature","properties":{"q":"5","ac":39.6},"geometry":{"type":"Polygon","coordinates":[[[-105.879057,44.673873],[-105.879005,44.677479],[-105.873961,44.677607],[-105.874006,44.674001],[-105.879057,44.673873]]]}},{"type":"Feature","properties":{"q":"10","ac":39.7},"geometry":{"type":"Polygon","coordinates":[[[-105.868994,44.670523],[-105.868956,44.674129],[-105.863905,44.674257],[-105.863937,44.670651],[-105.868994,44.670523]]]}},{"type":"Feature","properties":{"q":"16","ac":40.1},"geometry":{"type":"Polygon","coordinates":[[[-105.863976,44.652529],[-105.863975,44.656158],[-105.858904,44.656263],[-105.858904,44.652626],[-105.863976,44.652529]]]}},{"type":"Feature","properties":{"q":"15","ac":40.1},"geometry":{"type":"Polygon","coordinates":[[[-105.868857,44.637947],[-105.868905,44.641569],[-105.863825,44.641643],[-105.863775,44.638013],[-105.868857,44.637947]]]}},{"type":"Feature","properties":{"q":"2","ac":39.9},"geometry":{"type":"Polygon","coordinates":[[[-105.909463,44.677233],[-105.90941,44.680845],[-105.904331,44.680946],[-105.904382,44.677332],[-105.909463,44.677233]]]}},{"type":"Feature","properties":{"q":"17","ac":40.1},"geometry":{"type":"Polygon","coordinates":[[[-105.853732,44.681752],[-105.853821,44.68537],[-105.848738,44.685532],[-105.84866,44.681907],[-105.853732,44.681752]]]}},{"type":"Feature","properties":{"q":"NESW","ac":40.4},"geometry":{"type":"Polygon","coordinates":[[[-105.889349,44.659405],[-105.889372,44.655794],[-105.894492,44.655769],[-105.89449,44.659382],[-105.889349,44.659405]]]}},{"type":"Feature","properties":{"q":"18","ac":39.4},"geometry":{"type":"Polygon","coordinates":[[[-105.889103,44.681067],[-105.894177,44.681057],[-105.894318,44.684627],[-105.889261,44.684641],[-105.889103,44.681067]]]}},{"type":"Feature","properties":{"q":"3","ac":40.2},"geometry":{"type":"Polygon","coordinates":[[[-105.914639,44.633761],[-105.914626,44.63738],[-105.909527,44.637437],[-105.909541,44.633809],[-105.914639,44.633761]]]}},{"type":"Feature","properties":{"q":"7","ac":40.0},"geometry":{"type":"Polygon","coordinates":[[[-105.869041,44.659675],[-105.869037,44.663296],[-105.863971,44.663416],[-105.863973,44.659787],[-105.869041,44.659675]]]}},{"type":"Feature","properties":{"q":"17","ac":39.8},"geometry":{"type":"Polygon","coordinates":[[[-105.91455,44.684345],[-105.914489,44.680745],[-105.919569,44.680645],[-105.919608,44.684255],[-105.91455,44.684345]]]}},{"type":"Feature","properties":{"q":"10","ac":40.5},"geometry":{"type":"Polygon","coordinates":[[[-105.82834,44.671472],[-105.828346,44.675124],[-105.823266,44.675212],[-105.823247,44.671545],[-105.82834,44.671472]]]}},{"type":"Feature","properties":{"q":"SESE","ac":40.0},"geometry":{"type":"Polygon","coordinates":[[[-105.884294,44.652211],[-105.884278,44.655819],[-105.879185,44.655844],[-105.879193,44.652238],[-105.884294,44.652211]]]}},{"type":"Feature","properties":{"q":"6","ac":39.9},"geometry":{"type":"Polygon","coordinates":[[[-105.874109,44.659563],[-105.874103,44.663176],[-105.869037,44.663296],[-105.869041,44.659675],[-105.874109,44.659563]]]}},{"type":"Feature","properties":{"q":"SWNW","ac":40.3},"geometry":{"type":"Polygon","coordinates":[[[-105.899631,44.659358],[-105.89954,44.662973],[-105.894433,44.662994],[-105.89449,44.659382],[-105.899631,44.659358]]]}},{"type":"Feature","properties":{"q":"18","ac":40.1},"geometry":{"type":"Polygon","coordinates":[[[-105.84866,44.681907],[-105.848738,44.685532],[-105.843654,44.685695],[-105.843589,44.682064],[-105.84866,44.681907]]]}},{"type":"Feature","properties":{"q":"4","ac":39.6},"geometry":{"type":"Polygon","coordinates":[[[-105.879005,44.677479],[-105.878953,44.681084],[-105.873916,44.681212],[-105.873961,44.677607],[-105.879005,44.677479]]]}},{"type":"Feature","properties":{"q":"14","ac":38.6},"geometry":{"type":"Polygon","coordinates":[[[-105.939945,44.640419],[-105.939909,44.644048],[-105.935043,44.644168],[-105.93505,44.640544],[-105.939945,44.640419]]]}},{"type":"Feature","properties":{"q":"10","ac":40.3},"geometry":{"type":"Polygon","coordinates":[[[-105.823072,44.642297],[-105.828156,44.64229],[-105.828174,44.645931],[-105.823078,44.645924],[-105.823072,44.642297]]]}},{"type":"Feature","properties":{"q":"10","ac":39.9},"geometry":{"type":"Polygon","coordinates":[[[-105.914765,44.655466],[-105.914746,44.659078],[-105.909672,44.659172],[-105.909696,44.655559],[-105.914765,44.655466]]]}},{"type":"Feature","properties":{"q":"11","ac":39.9},"geometry":{"type":"Polygon","coordinates":[[[-105.889254,44.670235],[-105.894327,44.670219],[-105.894277,44.673831],[-105.889204,44.673845],[-105.889254,44.670235]]]}},{"type":"Feature","properties":{"q":"6","ac":39.2},"geometry":{"type":"Polygon","coordinates":[[[-105.884555,44.69181],[-105.889578,44.691789],[-105.889736,44.695369],[-105.884732,44.695415],[-105.884555,44.69181]]]}},{"type":"Feature","properties":{"q":"13","ac":39.9},"geometry":{"type":"Polygon","coordinates":[[[-105.863964,44.685073],[-105.864088,44.688677],[-105.859003,44.688819],[-105.858903,44.685208],[-105.863964,44.685073]]]}},{"type":"Feature","properties":{"q":"16","ac":40.1},"geometry":{"type":"Polygon","coordinates":[[[-105.859003,44.688819],[-105.85391,44.688989],[-105.853821,44.68537],[-105.858903,44.685208],[-105.859003,44.688819]]]}},{"type":"Feature","properties":{"q":"11","ac":37.2},"geometry":{"type":"Polygon","coordinates":[[[-105.939451,44.691231],[-105.939416,44.69486],[-105.93471,44.69491],[-105.934735,44.691289],[-105.939451,44.691231]]]}},{"type":"Feature","properties":{"q":"3","ac":39.9},"geometry":{"type":"Polygon","coordinates":[[[-105.889153,44.677456],[-105.894227,44.677444],[-105.894177,44.681057],[-105.889103,44.681067],[-105.889153,44.677456]]]}},{"type":"Feature","properties":{"q":"2","ac":40.6},"geometry":{"type":"Polygon","coordinates":[[[-105.828193,44.649578],[-105.828211,44.653225],[-105.823103,44.653237],[-105.823091,44.649581],[-105.828193,44.649578]]]}},{"type":"Feature","properties":{"q":"10","ac":40.0},"geometry":{"type":"Polygon","coordinates":[[[-105.934902,44.673164],[-105.934855,44.676789],[-105.929778,44.676871],[-105.929828,44.673251],[-105.934902,44.673164]]]}},{"type":"Feature","properties":{"q":"14","ac":40.5},"geometry":{"type":"Polygon","coordinates":[[[-105.833441,44.671398],[-105.82834,44.671472],[-105.828335,44.667819],[-105.833442,44.66776],[-105.833441,44.671398]]]}},{"type":"Feature","properties":{"q":"19","ac":39.4},"geometry":{"type":"Polygon","coordinates":[[[-105.884028,44.681076],[-105.889103,44.681067],[-105.889261,44.684641],[-105.884204,44.684654],[-105.884028,44.681076]]]}},{"type":"Feature","properties":{"q":"13","ac":39.9},"geometry":{"type":"Polygon","coordinates":[[[-105.879185,44.655844],[-105.874115,44.655949],[-105.874121,44.652335],[-105.879193,44.652238],[-105.879185,44.655844]]]}},{"type":"Feature","properties":{"q":"16","ac":40.8},"geometry":{"type":"Polygon","coordinates":[[[-105.817995,44.65325],[-105.823103,44.653237],[-105.823134,44.656898],[-105.818026,44.656922],[-105.817995,44.65325]]]}},{"type":"Feature","properties":{"q":"12","ac":39.9},"geometry":{"type":"Polygon","coordinates":[[[-105.879185,44.655844],[-105.879177,44.65945],[-105.874109,44.659563],[-105.874115,44.655949],[-105.879185,44.655844]]]}},{"type":"Feature","properties":{"q":"1","ac":40.2},"geometry":{"type":"Polygon","coordinates":[[[-105.838518,44.664076],[-105.843615,44.663942],[-105.843638,44.667569],[-105.838549,44.6677],[-105.838518,44.664076]]]}},{"type":"Feature","properties":{"q":"13","ac":40.3},"geometry":{"type":"Polygon","coordinates":[[[-105.899328,44.637551],[-105.899395,44.641195],[-105.894312,44.641252],[-105.894252,44.637617],[-105.899328,44.637551]]]}},{"type":"Feature","properties":{"q":"15","ac":40.2},"geometry":{"type":"Polygon","coordinates":[[[-105.823066,44.63867],[-105.828137,44.63865],[-105.828156,44.64229],[-105.823072,44.642297],[-105.823066,44.63867]]]}},{"type":"Feature","properties":{"q":"9","ac":40.7},"geometry":{"type":"Polygon","coordinates":[[[-105.823247,44.671545],[-105.823266,44.675212],[-105.818186,44.675299],[-105.818153,44.671619],[-105.823247,44.671545]]]}},{"type":"Feature","properties":{"q":"9","ac":40.8},"geometry":{"type":"Polygon","coordinates":[[[-105.818026,44.656922],[-105.823134,44.656898],[-105.823165,44.660559],[-105.818058,44.660594],[-105.818026,44.656922]]]}},{"type":"Feature","properties":{"q":"3","ac":40.5},"geometry":{"type":"Polygon","coordinates":[[[-105.853603,44.634568],[-105.853589,44.638212],[-105.848486,44.638345],[-105.848507,44.634693],[-105.853603,44.634568]]]}},{"type":"Feature","properties":{"q":"12","ac":40.0},"geometry":{"type":"Polygon","coordinates":[[[-105.853816,44.667305],[-105.853795,44.670916],[-105.84871,44.671052],[-105.848727,44.667437],[-105.853816,44.667305]]]}},{"type":"Feature","properties":{"q":"4","ac":40.2},"geometry":{"type":"Polygon","coordinates":[[[-105.914626,44.63738],[-105.914639,44.633761],[-105.919737,44.633713],[-105.919726,44.637323],[-105.914626,44.63738]]]}},{"type":"Feature","properties":{"q":"19","ac":39.6},"geometry":{"type":"Polygon","coordinates":[[[-105.909492,44.684434],[-105.904434,44.684523],[-105.904331,44.680946],[-105.90941,44.680845],[-105.909492,44.684434]]]}},{"type":"Feature","properties":{"q":"NENE","ac":39.6},"geometry":{"type":"Polygon","coordinates":[[[-105.863873,44.677863],[-105.86384,44.681469],[-105.858803,44.681597],[-105.858828,44.677991],[-105.863873,44.677863]]]}},{"type":"Feature","properties":{"q":"9","ac":39.3},"geometry":{"type":"Polygon","coordinates":[[[-105.929719,44.691352],[-105.929715,44.694963],[-105.92472,44.695015],[-105.924702,44.691414],[-105.929719,44.691352]]]}},{"type":"Feature","properties":{"q":"11","ac":39.2},"geometry":{"type":"Polygon","coordinates":[[[-105.909573,44.688022],[-105.909654,44.691611],[-105.904638,44.691678],[-105.904536,44.688101],[-105.909573,44.688022]]]}},{"type":"Feature","properties":{"q":"14","ac":40.2},"geometry":{"type":"Polygon","coordinates":[[[-105.848738,44.685532],[-105.848816,44.689157],[-105.843718,44.689326],[-105.843654,44.685695],[-105.848738,44.685532]]]}},{"type":"Feature","properties":{"q":"8","ac":39.2},"geometry":{"type":"Polygon","coordinates":[[[-105.919686,44.691476],[-105.924702,44.691414],[-105.92472,44.695015],[-105.919725,44.695068],[-105.919686,44.691476]]]}},{"type":"Feature","properties":{"q":"10","ac":39.9},"geometry":{"type":"Polygon","coordinates":[[[-105.874257,44.688392],[-105.874427,44.691981],[-105.869322,44.69213],[-105.869174,44.688535],[-105.874257,44.688392]]]}},{"type":"Feature","properties":{"q":"12","ac":40.4},"geometry":{"type":"Polygon","coordinates":[[[-105.843718,44.689326],[-105.843782,44.69296],[-105.838669,44.693131],[-105.838619,44.689495],[-105.843718,44.689326]]]}},{"type":"Feature","properties":{"q":"14","ac":39.8},"geometry":{"type":"Polygon","coordinates":[[[-105.869026,44.684938],[-105.869174,44.688535],[-105.864088,44.688677],[-105.863964,44.685073],[-105.869026,44.684938]]]}},{"type":"Feature","properties":{"q":"12","ac":41.0},"geometry":{"type":"Polygon","coordinates":[[[-105.818204,44.69006],[-105.823307,44.689919],[-105.823323,44.693601],[-105.818208,44.693759],[-105.818204,44.69006]]]}},{"type":"Feature","properties":{"q":"6","ac":38.7},"geometry":{"type":"Polygon","coordinates":[[[-105.909654,44.691611],[-105.909735,44.695172],[-105.90474,44.695224],[-105.904638,44.691678],[-105.909654,44.691611]]]}},{"type":"Feature","properties":{"q":"10","ac":40.3},"geometry":{"type":"Polygon","coordinates":[[[-105.848816,44.689157],[-105.85391,44.688989],[-105.854007,44.692609],[-105.848895,44.692788],[-105.848816,44.689157]]]}},{"type":"Feature","properties":{"q":"9","ac":39.1},"geometry":{"type":"Polygon","coordinates":[[[-105.894459,44.688197],[-105.899499,44.688179],[-105.899622,44.691745],[-105.8946,44.691767],[-105.894459,44.688197]]]}},{"type":"Feature","properties":{"q":"6","ac":41.3},"geometry":{"type":"Polygon","coordinates":[[[-105.848895,44.692788],[-105.848974,44.696498],[-105.843847,44.696657],[-105.843782,44.69296],[-105.848895,44.692788]]]}},{"type":"Feature","properties":{"q":"9","ac":40.5},"geometry":{"type":"Polygon","coordinates":[[[-105.833554,44.693287],[-105.833515,44.689636],[-105.838619,44.689495],[-105.838669,44.693131],[-105.833554,44.693287]]]}},{"type":"Feature","properties":{"q":"14","ac":39.4},"geometry":{"type":"Polygon","coordinates":[[[-105.904434,44.684523],[-105.909492,44.684434],[-105.909573,44.688022],[-105.904536,44.688101],[-105.904434,44.684523]]]}},{"type":"Feature","properties":{"q":"13","ac":39.4},"geometry":{"type":"Polygon","coordinates":[[[-105.879146,44.684667],[-105.884204,44.684654],[-105.884379,44.688232],[-105.879339,44.688249],[-105.879146,44.684667]]]}},{"type":"Feature","properties":{"q":"15","ac":40.6},"geometry":{"type":"Polygon","coordinates":[[[-105.833476,44.685986],[-105.833515,44.689636],[-105.828411,44.689778],[-105.828384,44.686114],[-105.833476,44.685986]]]}},{"type":"Feature","properties":{"q":"10","ac":39.4},"geometry":{"type":"Polygon","coordinates":[[[-105.934735,44.691289],[-105.93471,44.69491],[-105.929715,44.694963],[-105.929719,44.691352],[-105.934735,44.691289]]]}},{"type":"Feature","properties":{"q":"12","ac":39.1},"geometry":{"type":"Polygon","coordinates":[[[-105.899499,44.688179],[-105.904536,44.688101],[-105.904638,44.691678],[-105.899622,44.691745],[-105.899499,44.688179]]]}},{"type":"Feature","properties":{"q":"14","ac":40.7},"geometry":{"type":"Polygon","coordinates":[[[-105.823291,44.686242],[-105.828384,44.686114],[-105.828411,44.689778],[-105.823307,44.689919],[-105.823291,44.686242]]]}},{"type":"Feature","properties":{"q":"8","ac":40.6},"geometry":{"type":"Polygon","coordinates":[[[-105.879532,44.691832],[-105.879728,44.695462],[-105.8746,44.695633],[-105.874427,44.691981],[-105.879532,44.691832]]]}},{"type":"Feature","properties":{"q":"15","ac":40.1},"geometry":{"type":"Polygon","coordinates":[[[-105.853821,44.68537],[-105.85391,44.688989],[-105.848816,44.689157],[-105.848738,44.685532],[-105.853821,44.68537]]]}},{"type":"Feature","properties":{"q":"13","ac":40.9},"geometry":{"type":"Polygon","coordinates":[[[-105.823291,44.686242],[-105.823307,44.689919],[-105.818204,44.69006],[-105.818199,44.68637],[-105.823291,44.686242]]]}},{"type":"Feature","properties":{"q":"17","ac":39.8},"geometry":{"type":"Polygon","coordinates":[[[-105.929725,44.684111],[-105.929722,44.687732],[-105.924684,44.687799],[-105.924666,44.684183],[-105.929725,44.684111]]]}},{"type":"Feature","properties":{"q":"15","ac":39.5},"geometry":{"type":"Polygon","coordinates":[[[-105.924684,44.687799],[-105.924702,44.691414],[-105.919686,44.691476],[-105.919647,44.687865],[-105.924684,44.687799]]]}},{"type":"Feature","properties":{"q":"19","ac":37.4},"geometry":{"type":"Polygon","coordinates":[[[-105.934784,44.684039],[-105.939521,44.683971],[-105.939486,44.687601],[-105.934759,44.687664],[-105.934784,44.684039]]]}},{"type":"Feature","properties":{"q":"13","ac":39.3},"geometry":{"type":"Polygon","coordinates":[[[-105.899499,44.688179],[-105.899376,44.684612],[-105.904434,44.684523],[-105.904536,44.688101],[-105.899499,44.688179]]]}},{"type":"Feature","properties":{"q":"5","ac":38.6},"geometry":{"type":"Polygon","coordinates":[[[-105.904638,44.691678],[-105.90474,44.695224],[-105.899745,44.695277],[-105.899622,44.691745],[-105.904638,44.691678]]]}},{"type":"Feature","properties":{"q":"16","ac":39.2},"geometry":{"type":"Polygon","coordinates":[[[-105.894318,44.684627],[-105.899376,44.684612],[-105.899499,44.688179],[-105.894459,44.688197],[-105.894318,44.684627]]]}},{"type":"Feature","properties":{"q":"8","ac":38.7},"geometry":{"type":"Polygon","coordinates":[[[-105.8946,44.691767],[-105.899622,44.691745],[-105.899745,44.695277],[-105.89474,44.695323],[-105.8946,44.691767]]]}},{"type":"Feature","properties":{"q":"9","ac":39.4},"geometry":{"type":"Polygon","coordinates":[[[-105.919647,44.687865],[-105.919686,44.691476],[-105.91467,44.691543],[-105.91461,44.687944],[-105.919647,44.687865]]]}},{"type":"Feature","properties":{"q":"12","ac":39.2},"geometry":{"type":"Polygon","coordinates":[[[-105.884379,44.688232],[-105.884555,44.69181],[-105.879532,44.691832],[-105.879339,44.688249],[-105.884379,44.688232]]]}},{"type":"Feature","properties":{"q":"16","ac":40.4},"geometry":{"type":"Polygon","coordinates":[[[-105.838569,44.685858],[-105.838619,44.689495],[-105.833515,44.689636],[-105.833476,44.685986],[-105.838569,44.685858]]]}},{"type":"Feature","properties":{"q":"6","ac":41.0},"geometry":{"type":"Polygon","coordinates":[[[-105.869322,44.69213],[-105.869473,44.695805],[-105.864357,44.695979],[-105.864221,44.69228],[-105.869322,44.69213]]]}},{"type":"Feature","properties":{"q":"7","ac":41.1},"geometry":{"type":"Polygon","coordinates":[[[-105.833554,44.693287],[-105.833593,44.696973],[-105.828466,44.697131],[-105.828439,44.693443],[-105.833554,44.693287]]]}},{"type":"Feature","properties":{"q":"6","ac":41.1},"geometry":{"type":"Polygon","coordinates":[[[-105.828439,44.693443],[-105.828466,44.697131],[-105.825734,44.697218],[-105.823339,44.697294],[-105.823323,44.693601],[-105.828439,44.693443]]]}}]}