{"type":"FeatureCollection","note":"BLM Public Land Survey System. Provided by the Bureau of Land Management as is. These data are neither legal documents nor land surveys and must not be used as such.","features":[{"type":"Feature","properties":{"q":"NESW","ac":40.3},"geometry":{"type":"Polygon","coordinates":[[[-106.703379,44.086147],[-106.69835,44.086101],[-106.698408,44.082459],[-106.703443,44.082504],[-106.703379,44.086147]]]}},{"type":"Feature","properties":{"q":"SESE","ac":40.1},"geometry":{"type":"Polygon","coordinates":[[[-106.693222,44.096971],[-106.688207,44.096919],[-106.6882,44.093282],[-106.693217,44.093332],[-106.693222,44.096971]]]}},{"type":"Feature","properties":{"q":"SENE","ac":39.9},"geometry":{"type":"Polygon","coordinates":[[[-106.748557,44.08682],[-106.753575,44.086894],[-106.753538,44.090519],[-106.748515,44.090431],[-106.748557,44.08682]]]}},{"type":"Feature","properties":{"q":"NWNE","ac":40.3},"geometry":{"type":"Polygon","coordinates":[[[-106.658074,44.093036],[-106.653042,44.093004],[-106.653127,44.089361],[-106.658158,44.089395],[-106.658074,44.093036]]]}},{"type":"Feature","properties":{"q":"SWNE","ac":40.1},"geometry":{"type":"Polygon","coordinates":[[[-106.693187,44.115164],[-106.698201,44.115224],[-106.698179,44.118861],[-106.693164,44.118801],[-106.693187,44.115164]]]}},{"type":"Feature","properties":{"q":"NENE","ac":40.3},"geometry":{"type":"Polygon","coordinates":[[[-106.668045,44.147623],[-106.673093,44.147677],[-106.673091,44.151311],[-106.668041,44.151257],[-106.668045,44.147623]]]}},{"type":"Feature","properties":{"q":"NWNW","ac":40.1},"geometry":{"type":"Polygon","coordinates":[[[-106.728402,44.151736],[-106.723374,44.151712],[-106.723388,44.148081],[-106.728415,44.1481],[-106.728402,44.151736]]]}},{"type":"Feature","properties":{"q":"NESW","ac":40.3},"geometry":{"type":"Polygon","coordinates":[[[-106.663024,44.154869],[-106.663065,44.158494],[-106.657996,44.158479],[-106.657961,44.154854],[-106.663024,44.154869]]]}},{"type":"Feature","properties":{"q":"NWSW","ac":39.6},"geometry":{"type":"Polygon","coordinates":[[[-106.683398,44.082323],[-106.688339,44.082371],[-106.688293,44.086008],[-106.683327,44.085963],[-106.683398,44.082323]]]}},{"type":"Feature","properties":{"q":"NESE","ac":40.4},"geometry":{"type":"Polygon","coordinates":[[[-106.708408,44.086193],[-106.708478,44.082549],[-106.713514,44.08258],[-106.713443,44.086224],[-106.708408,44.086193]]]}},{"type":"Feature","properties":{"q":"NWSW","ac":40.4},"geometry":{"type":"Polygon","coordinates":[[[-106.728652,44.08268],[-106.728568,44.086316],[-106.723523,44.086286],[-106.723602,44.082646],[-106.728652,44.08268]]]}},{"type":"Feature","properties":{"q":"NESW","ac":40.4},"geometry":{"type":"Polygon","coordinates":[[[-106.718551,44.082612],[-106.723602,44.082646],[-106.723523,44.086286],[-106.718479,44.086255],[-106.718551,44.082612]]]}},{"type":"Feature","properties":{"q":"SWNW","ac":39.8},"geometry":{"type":"Polygon","coordinates":[[[-106.74356,44.086694],[-106.748557,44.08682],[-106.748515,44.090431],[-106.743507,44.090312],[-106.74356,44.086694]]]}},{"type":"Feature","properties":{"q":"SENE","ac":40.2},"geometry":{"type":"Polygon","coordinates":[[[-106.668302,44.085828],[-106.673331,44.085874],[-106.673243,44.089509],[-106.66822,44.089464],[-106.668302,44.085828]]]}},{"type":"Feature","properties":{"q":"NENW","ac":40.2},"geometry":{"type":"Polygon","coordinates":[[[-106.678062,44.122281],[-106.678094,44.118645],[-106.683121,44.118694],[-106.683093,44.12233],[-106.678062,44.122281]]]}},{"type":"Feature","properties":{"q":"NWNW","ac":39.6},"geometry":{"type":"Polygon","coordinates":[[[-106.743424,44.148135],[-106.748427,44.148146],[-106.748398,44.151749],[-106.743399,44.151746],[-106.743424,44.148135]]]}},{"type":"Feature","properties":{"q":"NWSE","ac":39.7},"geometry":{"type":"Polygon","coordinates":[[[-106.753516,44.141021],[-106.758549,44.141103],[-106.758513,44.144694],[-106.753484,44.144618],[-106.753516,44.141021]]]}},{"type":"Feature","properties":{"q":"SESW","ac":40.0},"geometry":{"type":"Polygon","coordinates":[[[-106.698288,44.137049],[-106.703319,44.13711],[-106.703309,44.140732],[-106.698282,44.140676],[-106.698288,44.137049]]]}},{"type":"Feature","properties":{"q":"SWSE","ac":39.7},"geometry":{"type":"Polygon","coordinates":[[[-106.753501,44.094145],[-106.758528,44.094247],[-106.75854,44.097837],[-106.753514,44.097744],[-106.753501,44.094145]]]}},{"type":"Feature","properties":{"q":"NWNW","ac":40.2},"geometry":{"type":"Polygon","coordinates":[[[-106.703251,44.093432],[-106.703315,44.08979],[-106.708338,44.089838],[-106.708268,44.093482],[-106.703251,44.093432]]]}},{"type":"Feature","properties":{"q":"NWSE","ac":40.3},"geometry":{"type":"Polygon","coordinates":[[[-106.673331,44.085874],[-106.67342,44.082235],[-106.678457,44.082276],[-106.678361,44.085919],[-106.673331,44.085874]]]}},{"type":"Feature","properties":{"q":"SESW","ac":39.6},"geometry":{"type":"Polygon","coordinates":[[[-106.758656,44.079799],[-106.763671,44.079847],[-106.763642,44.083443],[-106.758624,44.083383],[-106.758656,44.079799]]]}},{"type":"Feature","properties":{"q":"NWNW","ac":39.8},"geometry":{"type":"Polygon","coordinates":[[[-106.748473,44.094042],[-106.743455,44.093929],[-106.743507,44.090312],[-106.748515,44.090431],[-106.748473,44.094042]]]}},{"type":"Feature","properties":{"q":"3","ac":35.3},"geometry":{"type":"Polygon","coordinates":[[[-106.763642,44.083443],[-106.768072,44.083496],[-106.768082,44.087108],[-106.763613,44.087042],[-106.763642,44.083443]]]}},{"type":"Feature","properties":{"q":"SESE","ac":40.3},"geometry":{"type":"Polygon","coordinates":[[[-106.688385,44.078734],[-106.693426,44.078776],[-106.693374,44.082415],[-106.688339,44.082371],[-106.688385,44.078734]]]}},{"type":"Feature","properties":{"q":"NWSE","ac":40.3},"geometry":{"type":"Polygon","coordinates":[[[-106.653297,44.082073],[-106.658326,44.082113],[-106.658242,44.085754],[-106.653212,44.085717],[-106.653297,44.082073]]]}},{"type":"Feature","properties":{"q":"SWSW","ac":40.4},"geometry":{"type":"Polygon","coordinates":[[[-106.72368,44.079006],[-106.728737,44.079043],[-106.728652,44.08268],[-106.723602,44.082646],[-106.72368,44.079006]]]}},{"type":"Feature","properties":{"q":"SWSE","ac":40.1},"geometry":{"type":"Polygon","coordinates":[[[-106.673154,44.093145],[-106.67817,44.09319],[-106.678175,44.096827],[-106.673159,44.096781],[-106.673154,44.093145]]]}},{"type":"Feature","properties":{"q":"NESE","ac":40.4},"geometry":{"type":"Polygon","coordinates":[[[-106.647938,44.111199],[-106.652982,44.111219],[-106.652949,44.114861],[-106.647906,44.114843],[-106.647938,44.111199]]]}},{"type":"Feature","properties":{"q":"NESW","ac":39.6},"geometry":{"type":"Polygon","coordinates":[[[-106.758577,44.112269],[-106.763603,44.112327],[-106.763605,44.115923],[-106.758578,44.115848],[-106.758577,44.112269]]]}},{"type":"Feature","properties":{"q":"1","ac":38.5},"geometry":{"type":"Polygon","coordinates":[[[-106.647928,44.162068],[-106.652979,44.162108],[-106.653007,44.165574],[-106.649434,44.165541],[-106.64795,44.165541],[-106.647928,44.162068]]]}},{"type":"Feature","properties":{"q":"NWSE","ac":40.2},"geometry":{"type":"Polygon","coordinates":[[[-106.673066,44.129503],[-106.673049,44.125868],[-106.678082,44.125917],[-106.678102,44.129553],[-106.673066,44.129503]]]}},{"type":"Feature","properties":{"q":"SWSE","ac":39.6},"geometry":{"type":"Polygon","coordinates":[[[-106.753554,44.108586],[-106.758576,44.108691],[-106.758577,44.112269],[-106.753554,44.112179],[-106.753554,44.108586]]]}},{"type":"Feature","properties":{"q":"SENW","ac":40.3},"geometry":{"type":"Polygon","coordinates":[[[-106.66299,44.147611],[-106.657935,44.147599],[-106.657944,44.143968],[-106.662997,44.143979],[-106.66299,44.147611]]]}},{"type":"Feature","properties":{"q":"SESW","ac":40.1},"geometry":{"type":"Polygon","coordinates":[[[-106.698157,44.122498],[-106.703174,44.122558],[-106.70321,44.126196],[-106.69819,44.126136],[-106.698157,44.122498]]]}},{"type":"Feature","properties":{"q":"SESE","ac":40.1},"geometry":{"type":"Polygon","coordinates":[[[-106.693169,44.126076],[-106.688149,44.126016],[-106.688123,44.122379],[-106.69314,44.122438],[-106.693169,44.126076]]]}},{"type":"Feature","properties":{"q":"NESE","ac":40.3},"geometry":{"type":"Polygon","coordinates":[[[-106.708266,44.097128],[-106.7133,44.097153],[-106.713299,44.100796],[-106.708265,44.100775],[-106.708266,44.097128]]]}},{"type":"Feature","properties":{"q":"SWNE","ac":40.3},"geometry":{"type":"Polygon","coordinates":[[[-106.653212,44.085717],[-106.658242,44.085754],[-106.658158,44.089395],[-106.653127,44.089361],[-106.653212,44.085717]]]}},{"type":"Feature","properties":{"q":"SWNE","ac":40.1},"geometry":{"type":"Polygon","coordinates":[[[-106.75856,44.090608],[-106.753538,44.090519],[-106.753575,44.086894],[-106.758593,44.086968],[-106.75856,44.090608]]]}},{"type":"Feature","properties":{"q":"NWSE","ac":40.4},"geometry":{"type":"Polygon","coordinates":[[[-106.713514,44.08258],[-106.718551,44.082612],[-106.718479,44.086255],[-106.713443,44.086224],[-106.713514,44.08258]]]}},{"type":"Feature","properties":{"q":"SESW","ac":40.3},"geometry":{"type":"Polygon","coordinates":[[[-106.718334,44.093536],[-106.723366,44.093563],[-106.723366,44.097201],[-106.718333,44.097177],[-106.718334,44.093536]]]}},{"type":"Feature","properties":{"q":"SENE","ac":40.2},"geometry":{"type":"Polygon","coordinates":[[[-106.688293,44.086008],[-106.693322,44.086054],[-106.693269,44.089693],[-106.688247,44.089645],[-106.688293,44.086008]]]}},{"type":"Feature","properties":{"q":"SESE","ac":40.3},"geometry":{"type":"Polygon","coordinates":[[[-106.648354,44.078386],[-106.653382,44.078429],[-106.653297,44.082073],[-106.648268,44.082033],[-106.648354,44.078386]]]}},{"type":"Feature","properties":{"q":"NWSE","ac":39.6},"geometry":{"type":"Polygon","coordinates":[[[-106.753612,44.083296],[-106.758624,44.083383],[-106.758593,44.086968],[-106.753575,44.086894],[-106.753612,44.083296]]]}},{"type":"Feature","properties":{"q":"SWSE","ac":39.8},"geometry":{"type":"Polygon","coordinates":[[[-106.733713,44.079182],[-106.738689,44.079321],[-106.738626,44.082945],[-106.733639,44.082812],[-106.733713,44.079182]]]}},{"type":"Feature","properties":{"q":"NWNW","ac":40.2},"geometry":{"type":"Polygon","coordinates":[[[-106.663107,44.093068],[-106.663189,44.089429],[-106.66822,44.089464],[-106.668139,44.093099],[-106.663107,44.093068]]]}},{"type":"Feature","properties":{"q":"NWSW","ac":40.2},"geometry":{"type":"Polygon","coordinates":[[[-106.663355,44.082153],[-106.668384,44.082193],[-106.668302,44.085828],[-106.663272,44.085791],[-106.663355,44.082153]]]}},{"type":"Feature","properties":{"q":"NENW","ac":40.2},"geometry":{"type":"Polygon","coordinates":[[[-106.698292,44.089741],[-106.703315,44.08979],[-106.703251,44.093432],[-106.698234,44.093382],[-106.698292,44.089741]]]}},{"type":"Feature","properties":{"q":"NENE","ac":40.0},"geometry":{"type":"Polygon","coordinates":[[[-106.748515,44.090431],[-106.753538,44.090519],[-106.753501,44.094145],[-106.748473,44.094042],[-106.748515,44.090431]]]}},{"type":"Feature","properties":{"q":"NWNE","ac":40.0},"geometry":{"type":"Polygon","coordinates":[[[-106.738436,44.093816],[-106.733418,44.093703],[-106.733492,44.090073],[-106.738499,44.090192],[-106.738436,44.093816]]]}},{"type":"Feature","properties":{"q":"SESE","ac":39.8},"geometry":{"type":"Polygon","coordinates":[[[-106.733713,44.079182],[-106.733639,44.082812],[-106.728652,44.08268],[-106.728737,44.079043],[-106.733713,44.079182]]]}},{"type":"Feature","properties":{"q":"SWSE","ac":39.6},"geometry":{"type":"Polygon","coordinates":[[[-106.758624,44.083383],[-106.753612,44.083296],[-106.753649,44.079698],[-106.758656,44.079799],[-106.758624,44.083383]]]}},{"type":"Feature","properties":{"q":"NWNE","ac":40.3},"geometry":{"type":"Polygon","coordinates":[[[-106.713372,44.089867],[-106.718406,44.089896],[-106.718334,44.093536],[-106.713301,44.093509],[-106.713372,44.089867]]]}},{"type":"Feature","properties":{"q":"NESW","ac":39.7},"geometry":{"type":"Polygon","coordinates":[[[-106.678457,44.082276],[-106.683398,44.082323],[-106.683327,44.085963],[-106.678361,44.085919],[-106.678457,44.082276]]]}},{"type":"Feature","properties":{"q":"SWSW","ac":39.6},"geometry":{"type":"Polygon","coordinates":[[[-106.743665,44.079459],[-106.748641,44.079598],[-106.748599,44.083209],[-106.743613,44.083077],[-106.743665,44.079459]]]}},{"type":"Feature","properties":{"q":"SWSE","ac":39.9},"geometry":{"type":"Polygon","coordinates":[[[-106.693254,44.151516],[-106.698266,44.151558],[-106.698335,44.155181],[-106.693323,44.155142],[-106.693254,44.151516]]]}},{"type":"Feature","properties":{"q":"NENE","ac":40.1},"geometry":{"type":"Polygon","coordinates":[[[-106.668151,44.104007],[-106.673168,44.104054],[-106.673172,44.10769],[-106.668155,44.107643],[-106.668151,44.104007]]]}},{"type":"Feature","properties":{"q":"NENE","ac":40.1},"geometry":{"type":"Polygon","coordinates":[[[-106.693235,44.107889],[-106.688226,44.10783],[-106.688219,44.104193],[-106.69323,44.10425],[-106.693235,44.107889]]]}},{"type":"Feature","properties":{"q":"SWNW","ac":39.8},"geometry":{"type":"Polygon","coordinates":[[[-106.743495,44.133688],[-106.743493,44.130076],[-106.74852,44.130124],[-106.748516,44.133729],[-106.743495,44.133688]]]}},{"type":"Feature","properties":{"q":"SWSW","ac":40.2},"geometry":{"type":"Polygon","coordinates":[[[-106.728392,44.111765],[-106.723356,44.11175],[-106.723366,44.108115],[-106.728401,44.108131],[-106.728392,44.111765]]]}},{"type":"Feature","properties":{"q":"SWNW","ac":40.3},"geometry":{"type":"Polygon","coordinates":[[[-106.728384,44.115399],[-106.728376,44.119033],[-106.723334,44.11902],[-106.723345,44.115385],[-106.728384,44.115399]]]}},{"type":"Feature","properties":{"q":"SWNW","ac":40.2},"geometry":{"type":"Polygon","coordinates":[[[-106.66822,44.089464],[-106.663189,44.089429],[-106.663272,44.085791],[-106.668302,44.085828],[-106.66822,44.089464]]]}},{"type":"Feature","properties":{"q":"NESW","ac":39.8},"geometry":{"type":"Polygon","coordinates":[[[-106.738626,44.082945],[-106.743613,44.083077],[-106.74356,44.086694],[-106.738563,44.086569],[-106.738626,44.082945]]]}},{"type":"Feature","properties":{"q":"SWNE","ac":40.3},"geometry":{"type":"Polygon","coordinates":[[[-106.713443,44.086224],[-106.718479,44.086255],[-106.718406,44.089896],[-106.713372,44.089867],[-106.713443,44.086224]]]}},{"type":"Feature","properties":{"q":"SESE","ac":39.7},"geometry":{"type":"Polygon","coordinates":[[[-106.748641,44.079598],[-106.753649,44.079698],[-106.753612,44.083296],[-106.748599,44.083209],[-106.748641,44.079598]]]}},{"type":"Feature","properties":{"q":"NENE","ac":40.3},"geometry":{"type":"Polygon","coordinates":[[[-106.713301,44.093509],[-106.708268,44.093482],[-106.708338,44.089838],[-106.713372,44.089867],[-106.713301,44.093509]]]}},{"type":"Feature","properties":{"q":"SWSE","ac":40.3},"geometry":{"type":"Polygon","coordinates":[[[-106.653042,44.093004],[-106.658074,44.093036],[-106.658071,44.096677],[-106.653036,44.096648],[-106.653042,44.093004]]]}},{"type":"Feature","properties":{"q":"SESW","ac":39.7},"geometry":{"type":"Polygon","coordinates":[[[-106.743665,44.079459],[-106.743613,44.083077],[-106.738626,44.082945],[-106.738689,44.079321],[-106.743665,44.079459]]]}},{"type":"Feature","properties":{"q":"SESW","ac":40.3},"geometry":{"type":"Polygon","coordinates":[[[-106.658071,44.096677],[-106.658074,44.093036],[-106.663107,44.093068],[-106.663107,44.096706],[-106.658071,44.096677]]]}},{"type":"Feature","properties":{"q":"SWNE","ac":40.2},"geometry":{"type":"Polygon","coordinates":[[[-106.678361,44.085919],[-106.678265,44.089555],[-106.673243,44.089509],[-106.673331,44.085874],[-106.678361,44.085919]]]}},{"type":"Feature","properties":{"q":"NENW","ac":40.3},"geometry":{"type":"Polygon","coordinates":[[[-106.658074,44.093036],[-106.658158,44.089395],[-106.663189,44.089429],[-106.663107,44.093068],[-106.658074,44.093036]]]}},{"type":"Feature","properties":{"q":"NWSW","ac":39.7},"geometry":{"type":"Polygon","coordinates":[[[-106.743613,44.083077],[-106.748599,44.083209],[-106.748557,44.08682],[-106.74356,44.086694],[-106.743613,44.083077]]]}},{"type":"Feature","properties":{"q":"SENE","ac":40.0},"geometry":{"type":"Polygon","coordinates":[[[-106.728484,44.089953],[-106.728568,44.086316],[-106.733565,44.086443],[-106.733492,44.090073],[-106.728484,44.089953]]]}},{"type":"Feature","properties":{"q":"SESW","ac":38.4},"geometry":{"type":"Polygon","coordinates":[[[-106.763527,44.155539],[-106.75852,44.155502],[-106.75844,44.152001],[-106.763465,44.152061],[-106.763527,44.155539]]]}},{"type":"Feature","properties":{"q":"SWNW","ac":40.0},"geometry":{"type":"Polygon","coordinates":[[[-106.728547,44.158974],[-106.728583,44.162594],[-106.723562,44.16257],[-106.723513,44.15895],[-106.728547,44.158974]]]}},{"type":"Feature","properties":{"q":"SWNW","ac":40.2},"geometry":{"type":"Polygon","coordinates":[[[-106.703252,44.10072],[-106.708265,44.100775],[-106.708264,44.104421],[-106.703253,44.104364],[-106.703252,44.10072]]]}},{"type":"Feature","properties":{"q":"SWSE","ac":40.1},"geometry":{"type":"Polygon","coordinates":[[[-106.733427,44.111846],[-106.733433,44.108218],[-106.738466,44.108306],[-106.738462,44.111927],[-106.733427,44.111846]]]}},{"type":"Feature","properties":{"q":"SWNE","ac":40.5},"geometry":{"type":"Polygon","coordinates":[[[-106.657996,44.158479],[-106.658031,44.162147],[-106.652979,44.162108],[-106.65295,44.158463],[-106.657996,44.158479]]]}},{"type":"Feature","properties":{"q":"SWNE","ac":40.3},"geometry":{"type":"Polygon","coordinates":[[[-106.713266,44.115357],[-106.718305,44.115371],[-106.718292,44.119007],[-106.713251,44.118993],[-106.713266,44.115357]]]}},{"type":"Feature","properties":{"q":"SWSE","ac":40.4},"geometry":{"type":"Polygon","coordinates":[[[-106.673509,44.078595],[-106.678552,44.078633],[-106.678457,44.082276],[-106.67342,44.082235],[-106.673509,44.078595]]]}},{"type":"Feature","properties":{"q":"NWNE","ac":40.2},"geometry":{"type":"Polygon","coordinates":[[[-106.698234,44.093382],[-106.693217,44.093332],[-106.693269,44.089693],[-106.698292,44.089741],[-106.698234,44.093382]]]}},{"type":"Feature","properties":{"q":"NWSE","ac":39.8},"geometry":{"type":"Polygon","coordinates":[[[-106.738563,44.086569],[-106.733565,44.086443],[-106.733639,44.082812],[-106.738626,44.082945],[-106.738563,44.086569]]]}},{"type":"Feature","properties":{"q":"NENW","ac":40.1},"geometry":{"type":"Polygon","coordinates":[[[-106.763554,44.094293],[-106.758528,44.094247],[-106.75856,44.090608],[-106.763583,44.090666],[-106.763554,44.094293]]]}},{"type":"Feature","properties":{"q":"SENW","ac":40.3},"geometry":{"type":"Polygon","coordinates":[[[-106.658158,44.089395],[-106.658242,44.085754],[-106.663272,44.085791],[-106.663189,44.089429],[-106.658158,44.089395]]]}},{"type":"Feature","properties":{"q":"NWNW","ac":40.3},"geometry":{"type":"Polygon","coordinates":[[[-106.723445,44.089924],[-106.728484,44.089953],[-106.728399,44.09359],[-106.723366,44.093563],[-106.723445,44.089924]]]}},{"type":"Feature","properties":{"q":"4","ac":35.0},"geometry":{"type":"Polygon","coordinates":[[[-106.763671,44.079847],[-106.768063,44.079885],[-106.768072,44.083496],[-106.763642,44.083443],[-106.763671,44.079847]]]}},{"type":"Feature","properties":{"q":"SWSW","ac":40.3},"geometry":{"type":"Polygon","coordinates":[[[-106.668139,44.093099],[-106.668143,44.096735],[-106.663107,44.096706],[-106.663107,44.093068],[-106.668139,44.093099]]]}},{"type":"Feature","properties":{"q":"SESW","ac":40.2},"geometry":{"type":"Polygon","coordinates":[[[-106.698234,44.093382],[-106.703251,44.093432],[-106.703251,44.097076],[-106.698236,44.097024],[-106.698234,44.093382]]]}},{"type":"Feature","properties":{"q":"SWSW","ac":40.2},"geometry":{"type":"Polygon","coordinates":[[[-106.728399,44.09359],[-106.7284,44.097225],[-106.723366,44.097201],[-106.723366,44.093563],[-106.728399,44.09359]]]}},{"type":"Feature","properties":{"q":"NESW","ac":39.6},"geometry":{"type":"Polygon","coordinates":[[[-106.763642,44.083443],[-106.763613,44.087042],[-106.758593,44.086968],[-106.758624,44.083383],[-106.763642,44.083443]]]}},{"type":"Feature","properties":{"q":"SWNE","ac":39.9},"geometry":{"type":"Polygon","coordinates":[[[-106.733492,44.090073],[-106.733565,44.086443],[-106.738563,44.086569],[-106.738499,44.090192],[-106.733492,44.090073]]]}},{"type":"Feature","properties":{"q":"SESW","ac":39.5},"geometry":{"type":"Polygon","coordinates":[[[-106.683398,44.082323],[-106.678457,44.082276],[-106.678552,44.078633],[-106.683469,44.078683],[-106.683398,44.082323]]]}},{"type":"Feature","properties":{"q":"SENE","ac":40.3},"geometry":{"type":"Polygon","coordinates":[[[-106.648182,44.085679],[-106.653212,44.085717],[-106.653127,44.089361],[-106.648096,44.089326],[-106.648182,44.085679]]]}},{"type":"Feature","properties":{"q":"SENW","ac":39.8},"geometry":{"type":"Polygon","coordinates":[[[-106.678265,44.089555],[-106.678361,44.085919],[-106.683327,44.085963],[-106.683256,44.0896],[-106.678265,44.089555]]]}},{"type":"Feature","properties":{"q":"SWSW","ac":40.1},"geometry":{"type":"Polygon","coordinates":[[[-106.688207,44.096919],[-106.683191,44.096873],[-106.683185,44.093236],[-106.6882,44.093282],[-106.688207,44.096919]]]}},{"type":"Feature","properties":{"q":"NESE","ac":39.8},"geometry":{"type":"Polygon","coordinates":[[[-106.753612,44.083296],[-106.753575,44.086894],[-106.748557,44.08682],[-106.748599,44.083209],[-106.753612,44.083296]]]}},{"type":"Feature","properties":{"q":"SENW","ac":40.4},"geometry":{"type":"Polygon","coordinates":[[[-106.718479,44.086255],[-106.723523,44.086286],[-106.723445,44.089924],[-106.718406,44.089896],[-106.718479,44.086255]]]}},{"type":"Feature","properties":{"q":"NESE","ac":40.3},"geometry":{"type":"Polygon","coordinates":[[[-106.693322,44.086054],[-106.688293,44.086008],[-106.688339,44.082371],[-106.693374,44.082415],[-106.693322,44.086054]]]}},{"type":"Feature","properties":{"q":"SENW","ac":39.8},"geometry":{"type":"Polygon","coordinates":[[[-106.738563,44.086569],[-106.74356,44.086694],[-106.743507,44.090312],[-106.738499,44.090192],[-106.738563,44.086569]]]}},{"type":"Feature","properties":{"q":"SWNE","ac":40.2},"geometry":{"type":"Polygon","coordinates":[[[-106.693269,44.089693],[-106.693322,44.086054],[-106.69835,44.086101],[-106.698292,44.089741],[-106.693269,44.089693]]]}},{"type":"Feature","properties":{"q":"SWNW","ac":39.8},"geometry":{"type":"Polygon","coordinates":[[[-106.683256,44.0896],[-106.683327,44.085963],[-106.688293,44.086008],[-106.688247,44.089645],[-106.683256,44.0896]]]}},{"type":"Feature","properties":{"q":"SWSW","ac":40.4},"geometry":{"type":"Polygon","coordinates":[[[-106.703443,44.082504],[-106.703507,44.078861],[-106.708548,44.078904],[-106.708478,44.082549],[-106.703443,44.082504]]]}},{"type":"Feature","properties":{"q":"NESE","ac":39.9},"geometry":{"type":"Polygon","coordinates":[[[-106.728568,44.086316],[-106.728652,44.08268],[-106.733639,44.082812],[-106.733565,44.086443],[-106.728568,44.086316]]]}},{"type":"Feature","properties":{"q":"SWSE","ac":40.4},"geometry":{"type":"Polygon","coordinates":[[[-106.713514,44.08258],[-106.713586,44.078936],[-106.718624,44.078968],[-106.718551,44.082612],[-106.713514,44.08258]]]}},{"type":"Feature","properties":{"q":"SWNW","ac":40.3},"geometry":{"type":"Polygon","coordinates":[[[-106.703379,44.086147],[-106.708408,44.086193],[-106.708338,44.089838],[-106.703315,44.08979],[-106.703379,44.086147]]]}},{"type":"Feature","properties":{"q":"NWSE","ac":40.3},"geometry":{"type":"Polygon","coordinates":[[[-106.693374,44.082415],[-106.698408,44.082459],[-106.69835,44.086101],[-106.693322,44.086054],[-106.693374,44.082415]]]}},{"type":"Feature","properties":{"q":"SWSE","ac":40.3},"geometry":{"type":"Polygon","coordinates":[[[-106.653382,44.078429],[-106.65841,44.078472],[-106.658326,44.082113],[-106.653297,44.082073],[-106.653382,44.078429]]]}},{"type":"Feature","properties":{"q":"NESE","ac":40.3},"geometry":{"type":"Polygon","coordinates":[[[-106.653212,44.085717],[-106.648182,44.085679],[-106.648268,44.082033],[-106.653297,44.082073],[-106.653212,44.085717]]]}},{"type":"Feature","properties":{"q":"SESW","ac":39.9},"geometry":{"type":"Polygon","coordinates":[[[-106.738444,44.097438],[-106.738436,44.093816],[-106.743455,44.093929],[-106.743466,44.097545],[-106.738444,44.097438]]]}},{"type":"Feature","properties":{"q":"SESW","ac":40.1},"geometry":{"type":"Polygon","coordinates":[[[-106.683191,44.096873],[-106.678175,44.096827],[-106.67817,44.09319],[-106.683185,44.093236],[-106.683191,44.096873]]]}},{"type":"Feature","properties":{"q":"SESW","ac":39.8},"geometry":{"type":"Polygon","coordinates":[[[-106.75854,44.097837],[-106.758528,44.094247],[-106.763554,44.094293],[-106.763572,44.097899],[-106.75854,44.097837]]]}},{"type":"Feature","properties":{"q":"NENW","ac":39.9},"geometry":{"type":"Polygon","coordinates":[[[-106.743507,44.090312],[-106.743455,44.093929],[-106.738436,44.093816],[-106.738499,44.090192],[-106.743507,44.090312]]]}},{"type":"Feature","properties":{"q":"NENE","ac":40.3},"geometry":{"type":"Polygon","coordinates":[[[-106.653042,44.093004],[-106.64801,44.092973],[-106.648096,44.089326],[-106.653127,44.089361],[-106.653042,44.093004]]]}},{"type":"Feature","properties":{"q":"SESE","ac":40.1},"geometry":{"type":"Polygon","coordinates":[[[-106.673159,44.096781],[-106.668143,44.096735],[-106.668139,44.093099],[-106.673154,44.093145],[-106.673159,44.096781]]]}},{"type":"Feature","properties":{"q":"NWSE","ac":39.7},"geometry":{"type":"Polygon","coordinates":[[[-106.733478,44.155356],[-106.738482,44.155357],[-106.738563,44.158971],[-106.733555,44.158973],[-106.733478,44.155356]]]}},{"type":"Feature","properties":{"q":"NESW","ac":40.0},"geometry":{"type":"Polygon","coordinates":[[[-106.743491,44.126463],[-106.743493,44.130076],[-106.738466,44.130027],[-106.738457,44.126408],[-106.743491,44.126463]]]}},{"type":"Feature","properties":{"q":"NESW","ac":39.6},"geometry":{"type":"Polygon","coordinates":[[[-106.758581,44.126679],[-106.763608,44.126733],[-106.763609,44.13032],[-106.758582,44.130255],[-106.758581,44.126679]]]}},{"type":"Feature","properties":{"q":"SWNW","ac":40.1},"geometry":{"type":"Polygon","coordinates":[[[-106.683196,44.10051],[-106.688213,44.100556],[-106.688219,44.104193],[-106.683202,44.104147],[-106.683196,44.10051]]]}},{"type":"Feature","properties":{"q":"NENE","ac":40.2},"geometry":{"type":"Polygon","coordinates":[[[-106.668001,44.122184],[-106.668039,44.118549],[-106.673067,44.118597],[-106.673031,44.122232],[-106.668001,44.122184]]]}},{"type":"Feature","properties":{"q":"NESE","ac":40.3},"geometry":{"type":"Polygon","coordinates":[[[-106.668384,44.082193],[-106.67342,44.082235],[-106.673331,44.085874],[-106.668302,44.085828],[-106.668384,44.082193]]]}},{"type":"Feature","properties":{"q":"SESW","ac":40.4},"geometry":{"type":"Polygon","coordinates":[[[-106.703507,44.078861],[-106.703443,44.082504],[-106.698408,44.082459],[-106.698467,44.078818],[-106.703507,44.078861]]]}},{"type":"Feature","properties":{"q":"SWSE","ac":40.3},"geometry":{"type":"Polygon","coordinates":[[[-106.698408,44.082459],[-106.693374,44.082415],[-106.693426,44.078776],[-106.698467,44.078818],[-106.698408,44.082459]]]}},{"type":"Feature","properties":{"q":"NESW","ac":40.3},"geometry":{"type":"Polygon","coordinates":[[[-106.658242,44.085754],[-106.658326,44.082113],[-106.663355,44.082153],[-106.663272,44.085791],[-106.658242,44.085754]]]}},{"type":"Feature","properties":{"q":"SWNW","ac":40.3},"geometry":{"type":"Polygon","coordinates":[[[-106.728568,44.086316],[-106.728484,44.089953],[-106.723445,44.089924],[-106.723523,44.086286],[-106.728568,44.086316]]]}},{"type":"Feature","properties":{"q":"NENW","ac":40.0},"geometry":{"type":"Polygon","coordinates":[[[-106.683256,44.0896],[-106.683185,44.093236],[-106.67817,44.09319],[-106.678265,44.089555],[-106.683256,44.0896]]]}},{"type":"Feature","properties":{"q":"SESE","ac":40.3},"geometry":{"type":"Polygon","coordinates":[[[-106.708266,44.097128],[-106.708268,44.093482],[-106.713301,44.093509],[-106.7133,44.097153],[-106.708266,44.097128]]]}},{"type":"Feature","properties":{"q":"NENE","ac":40.2},"geometry":{"type":"Polygon","coordinates":[[[-106.693217,44.093332],[-106.6882,44.093282],[-106.688247,44.089645],[-106.693269,44.089693],[-106.693217,44.093332]]]}},{"type":"Feature","properties":{"q":"SWSW","ac":39.4},"geometry":{"type":"Polygon","coordinates":[[[-106.683469,44.078683],[-106.688385,44.078734],[-106.688339,44.082371],[-106.683398,44.082323],[-106.683469,44.078683]]]}},{"type":"Feature","properties":{"q":"SESW","ac":40.5},"geometry":{"type":"Polygon","coordinates":[[[-106.718624,44.078968],[-106.72368,44.079006],[-106.723602,44.082646],[-106.718551,44.082612],[-106.718624,44.078968]]]}},{"type":"Feature","properties":{"q":"SESE","ac":40.1},"geometry":{"type":"Polygon","coordinates":[[[-106.7284,44.097225],[-106.728399,44.09359],[-106.733418,44.093703],[-106.733422,44.097332],[-106.7284,44.097225]]]}},{"type":"Feature","properties":{"q":"NWSW","ac":40.3},"geometry":{"type":"Polygon","coordinates":[[[-106.703379,44.086147],[-106.703443,44.082504],[-106.708478,44.082549],[-106.708408,44.086193],[-106.703379,44.086147]]]}},{"type":"Feature","properties":{"q":"SENW","ac":40.1},"geometry":{"type":"Polygon","coordinates":[[[-106.758593,44.086968],[-106.763613,44.087042],[-106.763583,44.090666],[-106.75856,44.090608],[-106.758593,44.086968]]]}},{"type":"Feature","properties":{"q":"NENE","ac":40.1},"geometry":{"type":"Polygon","coordinates":[[[-106.728484,44.089953],[-106.733492,44.090073],[-106.733418,44.093703],[-106.728399,44.09359],[-106.728484,44.089953]]]}},{"type":"Feature","properties":{"q":"SENW","ac":40.3},"geometry":{"type":"Polygon","coordinates":[[[-106.69835,44.086101],[-106.703379,44.086147],[-106.703315,44.08979],[-106.698292,44.089741],[-106.69835,44.086101]]]}},{"type":"Feature","properties":{"q":"SESW","ac":40.3},"geometry":{"type":"Polygon","coordinates":[[[-106.658326,44.082113],[-106.65841,44.078472],[-106.663437,44.078514],[-106.663355,44.082153],[-106.658326,44.082113]]]}},{"type":"Feature","properties":{"q":"NWNE","ac":40.1},"geometry":{"type":"Polygon","coordinates":[[[-106.758528,44.094247],[-106.753501,44.094145],[-106.753538,44.090519],[-106.75856,44.090608],[-106.758528,44.094247]]]}},{"type":"Feature","properties":{"q":"SWSW","ac":39.9},"geometry":{"type":"Polygon","coordinates":[[[-106.743466,44.097545],[-106.743455,44.093929],[-106.748473,44.094042],[-106.748488,44.097652],[-106.743466,44.097545]]]}},{"type":"Feature","properties":{"q":"NWNW","ac":40.0},"geometry":{"type":"Polygon","coordinates":[[[-106.6882,44.093282],[-106.683185,44.093236],[-106.683256,44.0896],[-106.688247,44.089645],[-106.6882,44.093282]]]}},{"type":"Feature","properties":{"q":"SESE","ac":40.4},"geometry":{"type":"Polygon","coordinates":[[[-106.708478,44.082549],[-106.708548,44.078904],[-106.713586,44.078936],[-106.713514,44.08258],[-106.708478,44.082549]]]}},{"type":"Feature","properties":{"q":"NWNE","ac":40.1},"geometry":{"type":"Polygon","coordinates":[[[-106.673154,44.093145],[-106.673243,44.089509],[-106.678265,44.089555],[-106.67817,44.09319],[-106.673154,44.093145]]]}},{"type":"Feature","properties":{"q":"SWSE","ac":40.0},"geometry":{"type":"Polygon","coordinates":[[[-106.733418,44.093703],[-106.738436,44.093816],[-106.738444,44.097438],[-106.733422,44.097332],[-106.733418,44.093703]]]}},{"type":"Feature","properties":{"q":"SWSE","ac":40.2},"geometry":{"type":"Polygon","coordinates":[[[-106.693222,44.096971],[-106.693217,44.093332],[-106.698234,44.093382],[-106.698236,44.097024],[-106.693222,44.096971]]]}},{"type":"Feature","properties":{"q":"4","ac":36.1},"geometry":{"type":"Polygon","coordinates":[[[-106.768102,44.09433],[-106.768114,44.097956],[-106.763572,44.097899],[-106.763554,44.094293],[-106.768102,44.09433]]]}},{"type":"Feature","properties":{"q":"SESE","ac":40.3},"geometry":{"type":"Polygon","coordinates":[[[-106.64801,44.092973],[-106.653042,44.093004],[-106.653036,44.096648],[-106.648,44.096618],[-106.64801,44.092973]]]}},{"type":"Feature","properties":{"q":"SESE","ac":40.3},"geometry":{"type":"Polygon","coordinates":[[[-106.673509,44.078595],[-106.67342,44.082235],[-106.668384,44.082193],[-106.668465,44.078557],[-106.673509,44.078595]]]}},{"type":"Feature","properties":{"q":"NENW","ac":40.3},"geometry":{"type":"Polygon","coordinates":[[[-106.723445,44.089924],[-106.723366,44.093563],[-106.718334,44.093536],[-106.718406,44.089896],[-106.723445,44.089924]]]}},{"type":"Feature","properties":{"q":"SWSW","ac":40.2},"geometry":{"type":"Polygon","coordinates":[[[-106.703251,44.097076],[-106.703251,44.093432],[-106.708268,44.093482],[-106.708266,44.097128],[-106.703251,44.097076]]]}},{"type":"Feature","properties":{"q":"NENE","ac":40.1},"geometry":{"type":"Polygon","coordinates":[[[-106.673243,44.089509],[-106.673154,44.093145],[-106.668139,44.093099],[-106.66822,44.089464],[-106.673243,44.089509]]]}},{"type":"Feature","properties":{"q":"1","ac":36.0},"geometry":{"type":"Polygon","coordinates":[[[-106.768102,44.09433],[-106.763554,44.094293],[-106.763583,44.090666],[-106.768092,44.090719],[-106.768102,44.09433]]]}},{"type":"Feature","properties":{"q":"SWSW","ac":40.2},"geometry":{"type":"Polygon","coordinates":[[[-106.663355,44.082153],[-106.663437,44.078514],[-106.668465,44.078557],[-106.668384,44.082193],[-106.663355,44.082153]]]}},{"type":"Feature","properties":{"q":"SWSE","ac":40.3},"geometry":{"type":"Polygon","coordinates":[[[-106.713301,44.093509],[-106.718334,44.093536],[-106.718333,44.097177],[-106.7133,44.097153],[-106.713301,44.093509]]]}},{"type":"Feature","properties":{"q":"SESE","ac":39.8},"geometry":{"type":"Polygon","coordinates":[[[-106.748473,44.094042],[-106.753501,44.094145],[-106.753514,44.097744],[-106.748488,44.097652],[-106.748473,44.094042]]]}},{"type":"Feature","properties":{"q":"2","ac":35.7},"geometry":{"type":"Polygon","coordinates":[[[-106.763583,44.090666],[-106.763613,44.087042],[-106.768082,44.087108],[-106.768092,44.090719],[-106.763583,44.090666]]]}},{"type":"Feature","properties":{"q":"SENE","ac":40.3},"geometry":{"type":"Polygon","coordinates":[[[-106.708338,44.089838],[-106.708408,44.086193],[-106.713443,44.086224],[-106.713372,44.089867],[-106.708338,44.089838]]]}},{"type":"Feature","properties":{"q":"SESE","ac":40.2},"geometry":{"type":"Polygon","coordinates":[[[-106.68823,44.140564],[-106.688226,44.136927],[-106.693257,44.136988],[-106.693256,44.14062],[-106.68823,44.140564]]]}},{"type":"Feature","properties":{"q":"NWNW","ac":40.3},"geometry":{"type":"Polygon","coordinates":[[[-106.728368,44.122667],[-106.723324,44.122655],[-106.723334,44.11902],[-106.728376,44.119033],[-106.728368,44.122667]]]}},{"type":"Feature","properties":{"q":"3","ac":35.6},"geometry":{"type":"Polygon","coordinates":[[[-106.768096,44.112379],[-106.768096,44.115991],[-106.763605,44.115923],[-106.763603,44.112327],[-106.768096,44.112379]]]}},{"type":"Feature","properties":{"q":"SENE","ac":40.1},"geometry":{"type":"Polygon","coordinates":[[[-106.733454,44.133604],[-106.728433,44.133562],[-106.728411,44.12993],[-106.733438,44.129979],[-106.733454,44.133604]]]}},{"type":"Feature","properties":{"q":"NWNW","ac":40.3},"geometry":{"type":"Polygon","coordinates":[[[-106.688242,44.151475],[-106.683192,44.15142],[-106.68319,44.147784],[-106.688238,44.147838],[-106.688242,44.151475]]]}},{"type":"Feature","properties":{"q":"NENW","ac":40.0},"geometry":{"type":"Polygon","coordinates":[[[-106.763605,44.119535],[-106.763606,44.123149],[-106.75858,44.123104],[-106.758579,44.119476],[-106.763605,44.119535]]]}},{"type":"Feature","properties":{"q":"NWSW","ac":40.3},"geometry":{"type":"Polygon","coordinates":[[[-106.663065,44.158494],[-106.663024,44.154869],[-106.668087,44.154883],[-106.668133,44.15851],[-106.663065,44.158494]]]}},{"type":"Feature","properties":{"q":"SENE","ac":40.1},"geometry":{"type":"Polygon","coordinates":[[[-106.688149,44.118742],[-106.688174,44.115104],[-106.693187,44.115164],[-106.693164,44.118801],[-106.688149,44.118742]]]}},{"type":"Feature","properties":{"q":"SENE","ac":40.1},"geometry":{"type":"Polygon","coordinates":[[[-106.688238,44.147838],[-106.688234,44.144201],[-106.693256,44.144253],[-106.693255,44.147884],[-106.688238,44.147838]]]}},{"type":"Feature","properties":{"q":"NESW","ac":40.0},"geometry":{"type":"Polygon","coordinates":[[[-106.738444,44.097438],[-106.743466,44.097545],[-106.743477,44.101161],[-106.738451,44.101061],[-106.738444,44.097438]]]}},{"type":"Feature","properties":{"q":"SESW","ac":40.3},"geometry":{"type":"Polygon","coordinates":[[[-106.657962,44.136706],[-106.66301,44.136714],[-106.663003,44.140346],[-106.657953,44.140337],[-106.657962,44.136706]]]}},{"type":"Feature","properties":{"q":"NESE","ac":40.3},"geometry":{"type":"Polygon","coordinates":[[[-106.708227,44.115342],[-106.708245,44.111705],[-106.713282,44.11172],[-106.713266,44.115357],[-106.708227,44.115342]]]}},{"type":"Feature","properties":{"q":"NWSE","ac":40.0},"geometry":{"type":"Polygon","coordinates":[[[-106.713361,44.140799],[-106.718388,44.140809],[-106.718374,44.144436],[-106.713347,44.144421],[-106.713361,44.140799]]]}},{"type":"Feature","properties":{"q":"NWSW","ac":39.9},"geometry":{"type":"Polygon","coordinates":[[[-106.748524,44.126518],[-106.74852,44.130124],[-106.743493,44.130076],[-106.743491,44.126463],[-106.748524,44.126518]]]}},{"type":"Feature","properties":{"q":"SENE","ac":39.9},"geometry":{"type":"Polygon","coordinates":[[[-106.728415,44.1481],[-106.728428,44.144465],[-106.733435,44.144484],[-106.733418,44.148112],[-106.728415,44.1481]]]}},{"type":"Feature","properties":{"q":"NESW","ac":40.0},"geometry":{"type":"Polygon","coordinates":[[[-106.703309,44.140732],[-106.703298,44.144355],[-106.698277,44.144304],[-106.698282,44.140676],[-106.703309,44.140732]]]}},{"type":"Feature","properties":{"q":"NENE","ac":40.3},"geometry":{"type":"Polygon","coordinates":[[[-106.713251,44.118993],[-106.713235,44.12263],[-106.708191,44.122617],[-106.708209,44.11898],[-106.713251,44.118993]]]}},{"type":"Feature","properties":{"q":"3","ac":35.5},"geometry":{"type":"Polygon","coordinates":[[[-106.763579,44.141166],[-106.768039,44.141223],[-106.768029,44.144837],[-106.763541,44.14477],[-106.763579,44.141166]]]}},{"type":"Feature","properties":{"q":"NESW","ac":40.3},"geometry":{"type":"Polygon","coordinates":[[[-106.718319,44.111735],[-106.723356,44.11175],[-106.723345,44.115385],[-106.718305,44.115371],[-106.718319,44.111735]]]}},{"type":"Feature","properties":{"q":"SESE","ac":40.2},"geometry":{"type":"Polygon","coordinates":[[[-106.673031,44.122232],[-106.673049,44.125868],[-106.668015,44.125818],[-106.668001,44.122184],[-106.673031,44.122232]]]}},{"type":"Feature","properties":{"q":"NENE","ac":40.2},"geometry":{"type":"Polygon","coordinates":[[[-106.6882,44.13329],[-106.693228,44.133351],[-106.693257,44.136988],[-106.688226,44.136927],[-106.6882,44.13329]]]}},{"type":"Feature","properties":{"q":"NESE","ac":40.1},"geometry":{"type":"Polygon","coordinates":[[[-106.673137,44.111326],[-106.673102,44.114962],[-106.668078,44.114913],[-106.668116,44.111278],[-106.673137,44.111326]]]}},{"type":"Feature","properties":{"q":"SENE","ac":40.2},"geometry":{"type":"Polygon","coordinates":[[[-106.673083,44.133138],[-106.668044,44.133087],[-106.668029,44.129452],[-106.673066,44.129503],[-106.673083,44.133138]]]}},{"type":"Feature","properties":{"q":"NWSW","ac":40.1},"geometry":{"type":"Polygon","coordinates":[[[-106.743516,44.155357],[-106.74855,44.155358],[-106.748702,44.158966],[-106.743632,44.158969],[-106.743516,44.155357]]]}},{"type":"Feature","properties":{"q":"NWSE","ac":40.3},"geometry":{"type":"Polygon","coordinates":[[[-106.65289,44.125782],[-106.657932,44.125794],[-106.657942,44.129432],[-106.652898,44.129421],[-106.65289,44.125782]]]}},{"type":"Feature","properties":{"q":"4","ac":29.0},"geometry":{"type":"Polygon","coordinates":[[[-106.763663,44.162514],[-106.768047,44.1625],[-106.768073,44.165519],[-106.765307,44.165531],[-106.763727,44.165537],[-106.763663,44.162514]]]}},{"type":"Feature","properties":{"q":"1","ac":35.3},"geometry":{"type":"Polygon","coordinates":[[[-106.763616,44.137564],[-106.763613,44.133941],[-106.768057,44.133993],[-106.768049,44.137608],[-106.763616,44.137564]]]}},{"type":"Feature","properties":{"q":"SWSE","ac":40.2},"geometry":{"type":"Polygon","coordinates":[[[-106.673049,44.125868],[-106.673031,44.122232],[-106.678062,44.122281],[-106.678082,44.125917],[-106.673049,44.125868]]]}},{"type":"Feature","properties":{"q":"NWNE","ac":39.9},"geometry":{"type":"Polygon","coordinates":[[[-106.733454,44.133604],[-106.738474,44.133646],[-106.738483,44.137264],[-106.733469,44.137229],[-106.733454,44.133604]]]}},{"type":"Feature","properties":{"q":"SESE","ac":39.8},"geometry":{"type":"Polygon","coordinates":[[[-106.748532,44.108481],[-106.753554,44.108586],[-106.753554,44.112179],[-106.748531,44.112088],[-106.748532,44.108481]]]}},{"type":"Feature","properties":{"q":"NWNW","ac":40.1},"geometry":{"type":"Polygon","coordinates":[[[-106.723402,44.133555],[-106.728433,44.133562],[-106.728454,44.137193],[-106.723428,44.137188],[-106.723402,44.133555]]]}},{"type":"Feature","properties":{"q":"NENE","ac":39.9},"geometry":{"type":"Polygon","coordinates":[[[-106.748517,44.104871],[-106.753541,44.104965],[-106.753554,44.108586],[-106.748532,44.108481],[-106.748517,44.104871]]]}},{"type":"Feature","properties":{"q":"SESW","ac":40.0},"geometry":{"type":"Polygon","coordinates":[[[-106.738457,44.126408],[-106.738448,44.122789],[-106.743488,44.122851],[-106.743491,44.126463],[-106.738457,44.126408]]]}},{"type":"Feature","properties":{"q":"NWNE","ac":40.4},"geometry":{"type":"Polygon","coordinates":[[[-106.653015,44.107578],[-106.653022,44.103935],[-106.658065,44.103959],[-106.658062,44.1076],[-106.653015,44.107578]]]}},{"type":"Feature","properties":{"q":"NWSE","ac":40.3},"geometry":{"type":"Polygon","coordinates":[[[-106.713282,44.11172],[-106.718319,44.111735],[-106.718305,44.115371],[-106.713266,44.115357],[-106.713282,44.11172]]]}},{"type":"Feature","properties":{"q":"NWNE","ac":40.1},"geometry":{"type":"Polygon","coordinates":[[[-106.733414,44.119101],[-106.738453,44.119169],[-106.738448,44.122789],[-106.733408,44.122728],[-106.733414,44.119101]]]}},{"type":"Feature","properties":{"q":"SWSW","ac":40.1},"geometry":{"type":"Polygon","coordinates":[[[-106.723428,44.137188],[-106.728454,44.137193],[-106.728441,44.140829],[-106.723415,44.140819],[-106.723428,44.137188]]]}},{"type":"Feature","properties":{"q":"SWNE","ac":40.3},"geometry":{"type":"Polygon","coordinates":[[[-106.718332,44.104458],[-106.713298,44.10444],[-106.713299,44.100796],[-106.718333,44.100818],[-106.718332,44.104458]]]}},{"type":"Feature","properties":{"q":"SWSE","ac":40.1},"geometry":{"type":"Polygon","coordinates":[[[-106.693169,44.126076],[-106.69314,44.122438],[-106.698157,44.122498],[-106.69819,44.126136],[-106.693169,44.126076]]]}},{"type":"Feature","properties":{"q":"NENW","ac":40.3},"geometry":{"type":"Polygon","coordinates":[[[-106.758476,44.148348],[-106.763503,44.148414],[-106.763465,44.152061],[-106.75844,44.152001],[-106.758476,44.148348]]]}},{"type":"Feature","properties":{"q":"SESE","ac":40.3},"geometry":{"type":"Polygon","coordinates":[[[-106.65289,44.125782],[-106.647849,44.12577],[-106.647843,44.12213],[-106.652882,44.122143],[-106.65289,44.125782]]]}},{"type":"Feature","properties":{"q":"SWSW","ac":40.3},"geometry":{"type":"Polygon","coordinates":[[[-106.683186,44.140512],[-106.683184,44.136876],[-106.688226,44.136927],[-106.68823,44.140564],[-106.683186,44.140512]]]}},{"type":"Feature","properties":{"q":"SWNE","ac":39.8},"geometry":{"type":"Polygon","coordinates":[[[-106.738442,44.144504],[-106.738421,44.148123],[-106.733418,44.148112],[-106.733435,44.144484],[-106.738442,44.144504]]]}},{"type":"Feature","properties":{"q":"NESW","ac":40.2},"geometry":{"type":"Polygon","coordinates":[[[-106.71831,44.126277],[-106.72335,44.126288],[-106.723376,44.129921],[-106.718341,44.129913],[-106.71831,44.126277]]]}},{"type":"Feature","properties":{"q":"SWNE","ac":40.3},"geometry":{"type":"Polygon","coordinates":[[[-106.678142,44.144095],[-106.678142,44.14773],[-106.673093,44.147677],[-106.673096,44.144042],[-106.678142,44.144095]]]}},{"type":"Feature","properties":{"q":"NESW","ac":39.8},"geometry":{"type":"Polygon","coordinates":[[[-106.743473,44.140912],[-106.743449,44.144523],[-106.738442,44.144504],[-106.738463,44.140884],[-106.743473,44.140912]]]}},{"type":"Feature","properties":{"q":"SWNW","ac":40.1},"geometry":{"type":"Polygon","coordinates":[[[-106.703452,44.15884],[-106.7085,44.158877],[-106.708552,44.162496],[-106.703511,44.162457],[-106.703452,44.15884]]]}},{"type":"Feature","properties":{"q":"SWSE","ac":40.3},"geometry":{"type":"Polygon","coordinates":[[[-106.65289,44.125782],[-106.652882,44.122143],[-106.657922,44.122157],[-106.657932,44.125794],[-106.65289,44.125782]]]}},{"type":"Feature","properties":{"q":"NWSW","ac":40.2},"geometry":{"type":"Polygon","coordinates":[[[-106.728384,44.115399],[-106.723345,44.115385],[-106.723356,44.11175],[-106.728392,44.111765],[-106.728384,44.115399]]]}},{"type":"Feature","properties":{"q":"NENE","ac":40.0},"geometry":{"type":"Polygon","coordinates":[[[-106.75355,44.133806],[-106.753549,44.137423],[-106.748512,44.137335],[-106.748516,44.133729],[-106.75355,44.133806]]]}},{"type":"Feature","properties":{"q":"NWSE","ac":40.1},"geometry":{"type":"Polygon","coordinates":[[[-106.678126,44.115009],[-106.673102,44.114962],[-106.673137,44.111326],[-106.678158,44.111373],[-106.678126,44.115009]]]}},{"type":"Feature","properties":{"q":"NESE","ac":40.3},"geometry":{"type":"Polygon","coordinates":[[[-106.652903,44.140328],[-106.652891,44.143958],[-106.647839,44.143947],[-106.647853,44.140319],[-106.652903,44.140328]]]}},{"type":"Feature","properties":{"q":"NWSE","ac":40.0},"geometry":{"type":"Polygon","coordinates":[[[-106.733438,44.129979],[-106.733423,44.126354],[-106.738457,44.126408],[-106.738466,44.130027],[-106.733438,44.129979]]]}},{"type":"Feature","properties":{"q":"2","ac":36.0},"geometry":{"type":"Polygon","coordinates":[[[-106.768029,44.144837],[-106.768018,44.148473],[-106.763503,44.148414],[-106.763541,44.14477],[-106.768029,44.144837]]]}},{"type":"Feature","properties":{"q":"NENE","ac":39.9},"geometry":{"type":"Polygon","coordinates":[[[-106.728402,44.151736],[-106.728415,44.1481],[-106.733418,44.148112],[-106.733401,44.151739],[-106.728402,44.151736]]]}},{"type":"Feature","properties":{"q":"NWSE","ac":39.7},"geometry":{"type":"Polygon","coordinates":[[[-106.753514,44.097744],[-106.75854,44.097837],[-106.758552,44.101426],[-106.753527,44.101344],[-106.753514,44.097744]]]}},{"type":"Feature","properties":{"q":"NWSW","ac":40.3},"geometry":{"type":"Polygon","coordinates":[[[-106.663071,44.111259],[-106.668116,44.111278],[-106.668078,44.114913],[-106.663035,44.114896],[-106.663071,44.111259]]]}},{"type":"Feature","properties":{"q":"NESW","ac":40.0},"geometry":{"type":"Polygon","coordinates":[[[-106.738462,44.111927],[-106.743496,44.112008],[-106.743494,44.115622],[-106.738457,44.115548],[-106.738462,44.111927]]]}},{"type":"Feature","properties":{"q":"SWNE","ac":40.5},"geometry":{"type":"Polygon","coordinates":[[[-106.673177,44.158565],[-106.67822,44.15862],[-106.67826,44.162287],[-106.673208,44.16221],[-106.673177,44.158565]]]}},{"type":"Feature","properties":{"q":"SWNE","ac":38.6},"geometry":{"type":"Polygon","coordinates":[[[-106.753723,44.162556],[-106.753651,44.158984],[-106.7586,44.159002],[-106.758681,44.162531],[-106.753723,44.162556]]]}},{"type":"Feature","properties":{"q":"SESE","ac":40.1},"geometry":{"type":"Polygon","coordinates":[[[-106.693235,44.107889],[-106.693211,44.111527],[-106.6882,44.111467],[-106.688226,44.10783],[-106.693235,44.107889]]]}},{"type":"Feature","properties":{"q":"NWSE","ac":38.5},"geometry":{"type":"Polygon","coordinates":[[[-106.753651,44.158984],[-106.753535,44.15543],[-106.75852,44.155502],[-106.7586,44.159002],[-106.753651,44.158984]]]}},{"type":"Feature","properties":{"q":"2","ac":35.4},"geometry":{"type":"Polygon","coordinates":[[[-106.763609,44.13032],[-106.768066,44.130378],[-106.768057,44.133993],[-106.763613,44.133941],[-106.763609,44.13032]]]}},{"type":"Feature","properties":{"q":"NWSW","ac":39.7},"geometry":{"type":"Polygon","coordinates":[[[-106.743449,44.144523],[-106.743473,44.140912],[-106.748484,44.140939],[-106.748455,44.144542],[-106.743449,44.144523]]]}},{"type":"Feature","properties":{"q":"NESE","ac":39.7},"geometry":{"type":"Polygon","coordinates":[[[-106.713489,44.158901],[-106.7085,44.158877],[-106.708395,44.155259],[-106.713404,44.155283],[-106.713489,44.158901]]]}},{"type":"Feature","properties":{"q":"SWNE","ac":40.0},"geometry":{"type":"Polygon","coordinates":[[[-106.758578,44.115848],[-106.758579,44.119476],[-106.753554,44.11939],[-106.753554,44.115772],[-106.758578,44.115848]]]}},{"type":"Feature","properties":{"q":"NENE","ac":39.9},"geometry":{"type":"Polygon","coordinates":[[[-106.748427,44.148146],[-106.753452,44.148247],[-106.753419,44.151875],[-106.748398,44.151749],[-106.748427,44.148146]]]}},{"type":"Feature","properties":{"q":"NWSW","ac":40.0},"geometry":{"type":"Polygon","coordinates":[[[-106.708335,44.140788],[-106.70832,44.144406],[-106.703298,44.144355],[-106.703309,44.140732],[-106.708335,44.140788]]]}},{"type":"Feature","properties":{"q":"SENE","ac":39.9},"geometry":{"type":"Polygon","coordinates":[[[-106.75355,44.133806],[-106.748516,44.133729],[-106.74852,44.130124],[-106.753551,44.130189],[-106.75355,44.133806]]]}},{"type":"Feature","properties":{"q":"NESE","ac":40.1},"geometry":{"type":"Polygon","coordinates":[[[-106.693226,44.100611],[-106.688213,44.100556],[-106.688207,44.096919],[-106.693222,44.096971],[-106.693226,44.100611]]]}},{"type":"Feature","properties":{"q":"SWNW","ac":40.2},"geometry":{"type":"Polygon","coordinates":[[[-106.703283,44.133472],[-106.703246,44.129834],[-106.70827,44.129894],[-106.70831,44.133532],[-106.703283,44.133472]]]}},{"type":"Feature","properties":{"q":"SENE","ac":40.1},"geometry":{"type":"Polygon","coordinates":[[[-106.7284,44.10086],[-106.733426,44.100961],[-106.73343,44.10459],[-106.7284,44.104496],[-106.7284,44.10086]]]}},{"type":"Feature","properties":{"q":"3","ac":35.5},"geometry":{"type":"Polygon","coordinates":[[[-106.698532,44.165637],[-106.698471,44.162417],[-106.703511,44.162457],[-106.703563,44.165657],[-106.699836,44.165635],[-106.698532,44.165637]]]}},{"type":"Feature","properties":{"q":"3","ac":34.1},"geometry":{"type":"Polygon","coordinates":[[[-106.740148,44.165669],[-106.738713,44.165672],[-106.738644,44.162596],[-106.743704,44.162588],[-106.743765,44.165648],[-106.740148,44.165669]]]}},{"type":"Feature","properties":{"q":"NWNW","ac":40.0},"geometry":{"type":"Polygon","coordinates":[[[-106.743499,44.108393],[-106.743488,44.104777],[-106.748517,44.104871],[-106.748532,44.108481],[-106.743499,44.108393]]]}},{"type":"Feature","properties":{"q":"NWSE","ac":40.1},"geometry":{"type":"Polygon","coordinates":[[[-106.693256,44.14062],[-106.698282,44.140676],[-106.698277,44.144304],[-106.693256,44.144253],[-106.693256,44.14062]]]}},{"type":"Feature","properties":{"q":"SENE","ac":40.2},"geometry":{"type":"Polygon","coordinates":[[[-106.673102,44.114962],[-106.673067,44.118597],[-106.668039,44.118549],[-106.668078,44.114913],[-106.673102,44.114962]]]}},{"type":"Feature","properties":{"q":"NENW","ac":40.3},"geometry":{"type":"Polygon","coordinates":[[[-106.718332,44.104458],[-106.723366,44.104477],[-106.723366,44.108115],[-106.718332,44.108099],[-106.718332,44.104458]]]}},{"type":"Feature","properties":{"q":"SWNE","ac":40.1},"geometry":{"type":"Polygon","coordinates":[[[-106.753551,44.130189],[-106.758582,44.130255],[-106.758583,44.133883],[-106.75355,44.133806],[-106.753551,44.130189]]]}},{"type":"Feature","properties":{"q":"NWNW","ac":40.2},"geometry":{"type":"Polygon","coordinates":[[[-106.703283,44.133472],[-106.70831,44.133532],[-106.70835,44.137171],[-106.703319,44.13711],[-106.703283,44.133472]]]}},{"type":"Feature","properties":{"q":"SENE","ac":39.9},"geometry":{"type":"Polygon","coordinates":[[[-106.688416,44.162355],[-106.688379,44.158731],[-106.693391,44.158767],[-106.693443,44.162386],[-106.688416,44.162355]]]}},{"type":"Feature","properties":{"q":"NENE","ac":40.3},"geometry":{"type":"Polygon","coordinates":[[[-106.647874,44.118486],[-106.652915,44.118502],[-106.652882,44.122143],[-106.647843,44.12213],[-106.647874,44.118486]]]}},{"type":"Feature","properties":{"q":"1","ac":32.9},"geometry":{"type":"Polygon","coordinates":[[[-106.74877,44.162581],[-106.753723,44.162556],[-106.753785,44.165573],[-106.750225,44.165589],[-106.748817,44.165621],[-106.74877,44.162581]]]}},{"type":"Feature","properties":{"q":"SENW","ac":40.1},"geometry":{"type":"Polygon","coordinates":[[[-106.758564,44.105058],[-106.758552,44.101426],[-106.763591,44.101508],[-106.763596,44.105119],[-106.758564,44.105058]]]}},{"type":"Feature","properties":{"q":"NESE","ac":39.8},"geometry":{"type":"Polygon","coordinates":[[[-106.733555,44.158973],[-106.728547,44.158974],[-106.728475,44.155355],[-106.733478,44.155356],[-106.733555,44.158973]]]}},{"type":"Feature","properties":{"q":"NENW","ac":40.0},"geometry":{"type":"Polygon","coordinates":[[[-106.743499,44.108393],[-106.738466,44.108306],[-106.738459,44.104684],[-106.743488,44.104777],[-106.743499,44.108393]]]}},{"type":"Feature","properties":{"q":"NESE","ac":40.1},"geometry":{"type":"Polygon","coordinates":[[[-106.6882,44.111467],[-106.693211,44.111527],[-106.693187,44.115164],[-106.688174,44.115104],[-106.6882,44.111467]]]}},{"type":"Feature","properties":{"q":"NWSW","ac":40.2},"geometry":{"type":"Polygon","coordinates":[[[-106.683179,44.11142],[-106.6882,44.111467],[-106.688174,44.115104],[-106.68315,44.115057],[-106.683179,44.11142]]]}},{"type":"Feature","properties":{"q":"NWSE","ac":39.6},"geometry":{"type":"Polygon","coordinates":[[[-106.758577,44.112269],[-106.758578,44.115848],[-106.753554,44.115772],[-106.753554,44.112179],[-106.758577,44.112269]]]}},{"type":"Feature","properties":{"q":"NWSE","ac":40.2},"geometry":{"type":"Polygon","coordinates":[[[-106.657996,44.158479],[-106.65295,44.158463],[-106.652909,44.154839],[-106.657961,44.154854],[-106.657996,44.158479]]]}},{"type":"Feature","properties":{"q":"SWSE","ac":40.4},"geometry":{"type":"Polygon","coordinates":[[[-106.658062,44.1076],[-106.658027,44.111239],[-106.652982,44.111219],[-106.653015,44.107578],[-106.658062,44.1076]]]}},{"type":"Feature","properties":{"q":"SWSE","ac":39.9},"geometry":{"type":"Polygon","coordinates":[[[-106.738483,44.137264],[-106.738463,44.140884],[-106.733452,44.140857],[-106.733469,44.137229],[-106.738483,44.137264]]]}},{"type":"Feature","properties":{"q":"NWNW","ac":40.1},"geometry":{"type":"Polygon","coordinates":[[[-106.703194,44.11892],[-106.708209,44.11898],[-106.708191,44.122617],[-106.703174,44.122558],[-106.703194,44.11892]]]}},{"type":"Feature","properties":{"q":"NENW","ac":40.3},"geometry":{"type":"Polygon","coordinates":[[[-106.657935,44.147599],[-106.66299,44.147611],[-106.662984,44.151243],[-106.657926,44.151229],[-106.657935,44.147599]]]}},{"type":"Feature","properties":{"q":"NENW","ac":40.3},"geometry":{"type":"Polygon","coordinates":[[[-106.678142,44.14773],[-106.68319,44.147784],[-106.683192,44.15142],[-106.678142,44.151366],[-106.678142,44.14773]]]}},{"type":"Feature","properties":{"q":"SENW","ac":40.0},"geometry":{"type":"Polygon","coordinates":[[[-106.703298,44.144355],[-106.703288,44.147977],[-106.698272,44.147931],[-106.698277,44.144304],[-106.703298,44.144355]]]}},{"type":"Feature","properties":{"q":"4","ac":35.3},"geometry":{"type":"Polygon","coordinates":[[[-106.708592,44.165679],[-106.704875,44.165657],[-106.703563,44.165657],[-106.703511,44.162457],[-106.708552,44.162496],[-106.708592,44.165679]]]}},{"type":"Feature","properties":{"q":"SESW","ac":39.8},"geometry":{"type":"Polygon","coordinates":[[[-106.758585,44.137511],[-106.763616,44.137564],[-106.763579,44.141166],[-106.758549,44.141103],[-106.758585,44.137511]]]}},{"type":"Feature","properties":{"q":"SENE","ac":40.4},"geometry":{"type":"Polygon","coordinates":[[[-106.64799,44.100264],[-106.653029,44.100291],[-106.653022,44.103935],[-106.647979,44.10391],[-106.64799,44.100264]]]}},{"type":"Feature","properties":{"q":"SWNE","ac":40.1},"geometry":{"type":"Polygon","coordinates":[[[-106.753541,44.104965],[-106.753527,44.101344],[-106.758552,44.101426],[-106.758564,44.105058],[-106.753541,44.104965]]]}},{"type":"Feature","properties":{"q":"SWNW","ac":40.4},"geometry":{"type":"Polygon","coordinates":[[[-106.668133,44.15851],[-106.668158,44.162133],[-106.663094,44.16214],[-106.663065,44.158494],[-106.668133,44.15851]]]}},{"type":"Feature","properties":{"q":"NWNE","ac":40.2},"geometry":{"type":"Polygon","coordinates":[[[-106.753452,44.148247],[-106.758476,44.148348],[-106.75844,44.152001],[-106.753419,44.151875],[-106.753452,44.148247]]]}},{"type":"Feature","properties":{"q":"SWNW","ac":40.3},"geometry":{"type":"Polygon","coordinates":[[[-106.668045,44.147623],[-106.66299,44.147611],[-106.662997,44.143979],[-106.668049,44.143989],[-106.668045,44.147623]]]}},{"type":"Feature","properties":{"q":"NESW","ac":40.2},"geometry":{"type":"Polygon","coordinates":[[[-106.678102,44.129553],[-106.678082,44.125917],[-106.683115,44.125967],[-106.683138,44.129603],[-106.678102,44.129553]]]}},{"type":"Feature","properties":{"q":"NWSE","ac":40.3},"geometry":{"type":"Polygon","coordinates":[[[-106.653029,44.100291],[-106.653036,44.096648],[-106.658071,44.096677],[-106.658068,44.100318],[-106.653029,44.100291]]]}},{"type":"Feature","properties":{"q":"SWNE","ac":40.2},"geometry":{"type":"Polygon","coordinates":[[[-106.678102,44.129553],[-106.678122,44.133189],[-106.673083,44.133138],[-106.673066,44.129503],[-106.678102,44.129553]]]}},{"type":"Feature","properties":{"q":"SESW","ac":40.0},"geometry":{"type":"Polygon","coordinates":[[[-106.738466,44.108306],[-106.743499,44.108393],[-106.743496,44.112008],[-106.738462,44.111927],[-106.738466,44.108306]]]}},{"type":"Feature","properties":{"q":"SWNW","ac":40.5},"geometry":{"type":"Polygon","coordinates":[[[-106.683337,44.162321],[-106.6833,44.158676],[-106.688379,44.158731],[-106.688416,44.162355],[-106.683337,44.162321]]]}},{"type":"Feature","properties":{"q":"SENE","ac":40.3},"geometry":{"type":"Polygon","coordinates":[[[-106.652906,44.13306],[-106.64786,44.133051],[-106.647854,44.129411],[-106.652898,44.129421],[-106.652906,44.13306]]]}},{"type":"Feature","properties":{"q":"SWNE","ac":40.2},"geometry":{"type":"Polygon","coordinates":[[[-106.718371,44.133547],[-106.713341,44.13354],[-106.713305,44.129903],[-106.718341,44.129913],[-106.718371,44.133547]]]}},{"type":"Feature","properties":{"q":"NWSE","ac":40.2},"geometry":{"type":"Polygon","coordinates":[[[-106.718341,44.129913],[-106.713305,44.129903],[-106.71327,44.126267],[-106.71831,44.126277],[-106.718341,44.129913]]]}},{"type":"Feature","properties":{"q":"NESE","ac":40.1},"geometry":{"type":"Polygon","coordinates":[[[-106.693169,44.126076],[-106.693199,44.129714],[-106.688175,44.129653],[-106.688149,44.126016],[-106.693169,44.126076]]]}},{"type":"Feature","properties":{"q":"1","ac":37.3},"geometry":{"type":"Polygon","coordinates":[[[-106.668158,44.162133],[-106.673208,44.16221],[-106.673237,44.165577],[-106.669563,44.165514],[-106.668179,44.165504],[-106.668158,44.162133]]]}},{"type":"Feature","properties":{"q":"NWSE","ac":40.1},"geometry":{"type":"Polygon","coordinates":[[[-106.673159,44.096781],[-106.678175,44.096827],[-106.67818,44.100464],[-106.673163,44.100418],[-106.673159,44.096781]]]}},{"type":"Feature","properties":{"q":"1","ac":35.7},"geometry":{"type":"Polygon","coordinates":[[[-106.763596,44.105119],[-106.768111,44.105174],[-106.768097,44.108766],[-106.7636,44.108734],[-106.763596,44.105119]]]}},{"type":"Feature","properties":{"q":"NENW","ac":40.1},"geometry":{"type":"Polygon","coordinates":[[[-106.683208,44.107783],[-106.67819,44.107737],[-106.678185,44.1041],[-106.683202,44.104147],[-106.683208,44.107783]]]}},{"type":"Feature","properties":{"q":"SWSW","ac":40.3},"geometry":{"type":"Polygon","coordinates":[[[-106.668116,44.111278],[-106.663071,44.111259],[-106.663108,44.107621],[-106.668155,44.107643],[-106.668116,44.111278]]]}},{"type":"Feature","properties":{"q":"SESW","ac":40.4},"geometry":{"type":"Polygon","coordinates":[[[-106.658062,44.1076],[-106.663108,44.107621],[-106.663071,44.111259],[-106.658027,44.111239],[-106.658062,44.1076]]]}},{"type":"Feature","properties":{"q":"SWNW","ac":40.3},"geometry":{"type":"Polygon","coordinates":[[[-106.662986,44.129442],[-106.668029,44.129452],[-106.668044,44.133087],[-106.662998,44.133078],[-106.662986,44.129442]]]}},{"type":"Feature","properties":{"q":"SENE","ac":39.9},"geometry":{"type":"Polygon","coordinates":[[[-106.748529,44.119304],[-106.74853,44.115696],[-106.753554,44.115772],[-106.753554,44.11939],[-106.748529,44.119304]]]}},{"type":"Feature","properties":{"q":"SENE","ac":40.4},"geometry":{"type":"Polygon","coordinates":[[[-106.647906,44.114843],[-106.652949,44.114861],[-106.652915,44.118502],[-106.647874,44.118486],[-106.647906,44.114843]]]}},{"type":"Feature","properties":{"q":"SESW","ac":39.8},"geometry":{"type":"Polygon","coordinates":[[[-106.738483,44.137264],[-106.743498,44.1373],[-106.743473,44.140912],[-106.738463,44.140884],[-106.738483,44.137264]]]}},{"type":"Feature","properties":{"q":"SWSE","ac":40.0},"geometry":{"type":"Polygon","coordinates":[[[-106.713376,44.137176],[-106.718402,44.137182],[-106.718388,44.140809],[-106.713361,44.140799],[-106.713376,44.137176]]]}},{"type":"Feature","properties":{"q":"SENE","ac":40.1},"geometry":{"type":"Polygon","coordinates":[[[-106.688213,44.100556],[-106.693226,44.100611],[-106.69323,44.10425],[-106.688219,44.104193],[-106.688213,44.100556]]]}},{"type":"Feature","properties":{"q":"3","ac":36.1},"geometry":{"type":"Polygon","coordinates":[[[-106.763572,44.097899],[-106.768114,44.097956],[-106.768126,44.101582],[-106.763591,44.101508],[-106.763572,44.097899]]]}},{"type":"Feature","properties":{"q":"NWSE","ac":39.9},"geometry":{"type":"Polygon","coordinates":[[[-106.693323,44.155142],[-106.698335,44.155181],[-106.698403,44.158804],[-106.693391,44.158767],[-106.693323,44.155142]]]}},{"type":"Feature","properties":{"q":"SENW","ac":40.2},"geometry":{"type":"Polygon","coordinates":[[[-106.698222,44.129774],[-106.703246,44.129834],[-106.703283,44.133472],[-106.698255,44.133412],[-106.698222,44.129774]]]}},{"type":"Feature","properties":{"q":"NWNW","ac":39.8},"geometry":{"type":"Polygon","coordinates":[[[-106.743495,44.133688],[-106.748516,44.133729],[-106.748512,44.137335],[-106.743498,44.1373],[-106.743495,44.133688]]]}},{"type":"Feature","properties":{"q":"NWSE","ac":40.1},"geometry":{"type":"Polygon","coordinates":[[[-106.738462,44.111927],[-106.738457,44.115548],[-106.733421,44.115474],[-106.733427,44.111846],[-106.738462,44.111927]]]}},{"type":"Feature","properties":{"q":"SENW","ac":40.0},"geometry":{"type":"Polygon","coordinates":[[[-106.698403,44.158804],[-106.703452,44.15884],[-106.703511,44.162457],[-106.698471,44.162417],[-106.698403,44.158804]]]}},{"type":"Feature","properties":{"q":"NESE","ac":40.3},"geometry":{"type":"Polygon","coordinates":[[[-106.668054,44.140355],[-106.673098,44.140407],[-106.673096,44.144042],[-106.668049,44.143989],[-106.668054,44.140355]]]}},{"type":"Feature","properties":{"q":"SWSE","ac":40.1},"geometry":{"type":"Polygon","coordinates":[[[-106.67819,44.107737],[-106.678158,44.111373],[-106.673137,44.111326],[-106.673172,44.10769],[-106.67819,44.107737]]]}},{"type":"Feature","properties":{"q":"NESE","ac":40.0},"geometry":{"type":"Polygon","coordinates":[[[-106.713347,44.144421],[-106.70832,44.144406],[-106.708335,44.140788],[-106.713361,44.140799],[-106.713347,44.144421]]]}},{"type":"Feature","properties":{"q":"SENW","ac":40.3},"geometry":{"type":"Polygon","coordinates":[[[-106.758476,44.148348],[-106.758513,44.144694],[-106.763541,44.14477],[-106.763503,44.148414],[-106.758476,44.148348]]]}},{"type":"Feature","properties":{"q":"SWNW","ac":40.2},"geometry":{"type":"Polygon","coordinates":[[[-106.723376,44.129921],[-106.728411,44.12993],[-106.728433,44.133562],[-106.723402,44.133555],[-106.723376,44.129921]]]}},{"type":"Feature","properties":{"q":"NWNW","ac":40.1},"geometry":{"type":"Polygon","coordinates":[[[-106.688219,44.104193],[-106.688226,44.10783],[-106.683208,44.107783],[-106.683202,44.104147],[-106.688219,44.104193]]]}},{"type":"Feature","properties":{"q":"4","ac":34.2},"geometry":{"type":"Polygon","coordinates":[[[-106.72861,44.165692],[-106.725031,44.165689],[-106.723605,44.165689],[-106.723562,44.16257],[-106.728583,44.162594],[-106.72861,44.165692]]]}},{"type":"Feature","properties":{"q":"SENW","ac":38.5},"geometry":{"type":"Polygon","coordinates":[[[-106.7586,44.159002],[-106.763589,44.159019],[-106.763663,44.162514],[-106.758681,44.162531],[-106.7586,44.159002]]]}},{"type":"Feature","properties":{"q":"NESW","ac":40.1},"geometry":{"type":"Polygon","coordinates":[[[-106.738482,44.155357],[-106.743516,44.155357],[-106.743632,44.158969],[-106.738563,44.158971],[-106.738482,44.155357]]]}},{"type":"Feature","properties":{"q":"NWNE","ac":40.0},"geometry":{"type":"Polygon","coordinates":[[[-106.753554,44.11939],[-106.758579,44.119476],[-106.75858,44.123104],[-106.753554,44.123008],[-106.753554,44.11939]]]}},{"type":"Feature","properties":{"q":"SENW","ac":40.3},"geometry":{"type":"Polygon","coordinates":[[[-106.662998,44.118533],[-106.657957,44.118518],[-106.657992,44.114878],[-106.663035,44.114896],[-106.662998,44.118533]]]}},{"type":"Feature","properties":{"q":"NWNW","ac":40.2},"geometry":{"type":"Polygon","coordinates":[[[-106.723366,44.104477],[-106.7284,44.104496],[-106.728401,44.108131],[-106.723366,44.108115],[-106.723366,44.104477]]]}},{"type":"Feature","properties":{"q":"NESE","ac":40.2},"geometry":{"type":"Polygon","coordinates":[[[-106.673066,44.129503],[-106.668029,44.129452],[-106.668015,44.125818],[-106.673049,44.125868],[-106.673066,44.129503]]]}},{"type":"Feature","properties":{"q":"SWSW","ac":40.0},"geometry":{"type":"Polygon","coordinates":[[[-106.748532,44.108481],[-106.748531,44.112088],[-106.743496,44.112008],[-106.743499,44.108393],[-106.748532,44.108481]]]}},{"type":"Feature","properties":{"q":"SWSE","ac":40.1},"geometry":{"type":"Polygon","coordinates":[[[-106.738448,44.122789],[-106.738457,44.126408],[-106.733423,44.126354],[-106.733408,44.122728],[-106.738448,44.122789]]]}},{"type":"Feature","properties":{"q":"SESE","ac":39.7},"geometry":{"type":"Polygon","coordinates":[[[-106.733401,44.151739],[-106.733478,44.155356],[-106.728475,44.155355],[-106.728402,44.151736],[-106.733401,44.151739]]]}},{"type":"Feature","properties":{"q":"SWNW","ac":40.2},"geometry":{"type":"Polygon","coordinates":[[[-106.7284,44.10086],[-106.7284,44.104496],[-106.723366,44.104477],[-106.723366,44.100839],[-106.7284,44.10086]]]}},{"type":"Feature","properties":{"q":"SWSW","ac":39.8},"geometry":{"type":"Polygon","coordinates":[[[-106.74855,44.155358],[-106.743516,44.155357],[-106.743399,44.151746],[-106.748398,44.151749],[-106.74855,44.155358]]]}},{"type":"Feature","properties":{"q":"NWNE","ac":39.8},"geometry":{"type":"Polygon","coordinates":[[[-106.733418,44.148112],[-106.738421,44.148123],[-106.7384,44.151743],[-106.733401,44.151739],[-106.733418,44.148112]]]}},{"type":"Feature","properties":{"q":"NESE","ac":39.8},"geometry":{"type":"Polygon","coordinates":[[[-106.748502,44.101261],[-106.748488,44.097652],[-106.753514,44.097744],[-106.753527,44.101344],[-106.748502,44.101261]]]}},{"type":"Feature","properties":{"q":"NESW","ac":40.2},"geometry":{"type":"Polygon","coordinates":[[[-106.698239,44.100666],[-106.698236,44.097024],[-106.703251,44.097076],[-106.703252,44.10072],[-106.698239,44.100666]]]}},{"type":"Feature","properties":{"q":"SENE","ac":39.9},"geometry":{"type":"Polygon","coordinates":[[[-106.733612,44.162595],[-106.728583,44.162594],[-106.728547,44.158974],[-106.733555,44.158973],[-106.733612,44.162595]]]}},{"type":"Feature","properties":{"q":"NENW","ac":40.1},"geometry":{"type":"Polygon","coordinates":[[[-106.758583,44.133883],[-106.763613,44.133941],[-106.763616,44.137564],[-106.758585,44.137511],[-106.758583,44.133883]]]}},{"type":"Feature","properties":{"q":"NESW","ac":40.3},"geometry":{"type":"Polygon","coordinates":[[[-106.657992,44.114878],[-106.658027,44.111239],[-106.663071,44.111259],[-106.663035,44.114896],[-106.657992,44.114878]]]}},{"type":"Feature","properties":{"q":"SENE","ac":40.3},"geometry":{"type":"Polygon","coordinates":[[[-106.647839,44.143947],[-106.652891,44.143958],[-106.65288,44.147587],[-106.647825,44.147575],[-106.647839,44.143947]]]}},{"type":"Feature","properties":{"q":"NWSW","ac":40.1},"geometry":{"type":"Polygon","coordinates":[[[-106.708227,44.115342],[-106.703214,44.115283],[-106.703233,44.111645],[-106.708245,44.111705],[-106.708227,44.115342]]]}},{"type":"Feature","properties":{"q":"SWSW","ac":40.1},"geometry":{"type":"Polygon","coordinates":[[[-106.688226,44.10783],[-106.6882,44.111467],[-106.683179,44.11142],[-106.683208,44.107783],[-106.688226,44.10783]]]}},{"type":"Feature","properties":{"q":"NWSW","ac":40.1},"geometry":{"type":"Polygon","coordinates":[[[-106.703452,44.15884],[-106.703365,44.15522],[-106.708395,44.155259],[-106.7085,44.158877],[-106.703452,44.15884]]]}},{"type":"Feature","properties":{"q":"SENE","ac":40.2},"geometry":{"type":"Polygon","coordinates":[[[-106.688175,44.129653],[-106.693199,44.129714],[-106.693228,44.133351],[-106.6882,44.13329],[-106.688175,44.129653]]]}},{"type":"Feature","properties":{"q":"NWSW","ac":40.3},"geometry":{"type":"Polygon","coordinates":[[[-106.668015,44.125818],[-106.668029,44.129452],[-106.662986,44.129442],[-106.662973,44.125806],[-106.668015,44.125818]]]}},{"type":"Feature","properties":{"q":"NESE","ac":40.1},"geometry":{"type":"Polygon","coordinates":[[[-106.68823,44.140564],[-106.693256,44.14062],[-106.693256,44.144253],[-106.688234,44.144201],[-106.68823,44.140564]]]}},{"type":"Feature","properties":{"q":"SWSW","ac":39.9},"geometry":{"type":"Polygon","coordinates":[[[-106.703365,44.15522],[-106.703278,44.151599],[-106.70829,44.151641],[-106.708395,44.155259],[-106.703365,44.15522]]]}},{"type":"Feature","properties":{"q":"NESE","ac":40.1},"geometry":{"type":"Polygon","coordinates":[[[-106.733426,44.100961],[-106.7284,44.10086],[-106.7284,44.097225],[-106.733422,44.097332],[-106.733426,44.100961]]]}},{"type":"Feature","properties":{"q":"NWNW","ac":40.3},"geometry":{"type":"Polygon","coordinates":[[[-106.662998,44.118533],[-106.668039,44.118549],[-106.668001,44.122184],[-106.662961,44.12217],[-106.662998,44.118533]]]}},{"type":"Feature","properties":{"q":"SWNW","ac":39.9},"geometry":{"type":"Polygon","coordinates":[[[-106.748502,44.101261],[-106.748517,44.104871],[-106.743488,44.104777],[-106.743477,44.101161],[-106.748502,44.101261]]]}},{"type":"Feature","properties":{"q":"SWSE","ac":39.8},"geometry":{"type":"Polygon","coordinates":[[[-106.753549,44.137423],[-106.758585,44.137511],[-106.758549,44.141103],[-106.753516,44.141021],[-106.753549,44.137423]]]}},{"type":"Feature","properties":{"q":"SWSW","ac":40.0},"geometry":{"type":"Polygon","coordinates":[[[-106.743488,44.122851],[-106.748528,44.122912],[-106.748524,44.126518],[-106.743491,44.126463],[-106.743488,44.122851]]]}},{"type":"Feature","properties":{"q":"SENW","ac":40.8},"geometry":{"type":"Polygon","coordinates":[[[-106.67822,44.15862],[-106.6833,44.158676],[-106.683337,44.162321],[-106.67826,44.162287],[-106.67822,44.15862]]]}},{"type":"Feature","properties":{"q":"SENW","ac":40.1},"geometry":{"type":"Polygon","coordinates":[[[-106.743491,44.119236],[-106.738453,44.119169],[-106.738457,44.115548],[-106.743494,44.115622],[-106.743491,44.119236]]]}},{"type":"Feature","properties":{"q":"NWNE","ac":40.1},"geometry":{"type":"Polygon","coordinates":[[[-106.693164,44.118801],[-106.698179,44.118861],[-106.698157,44.122498],[-106.69314,44.122438],[-106.693164,44.118801]]]}},{"type":"Feature","properties":{"q":"SWNE","ac":40.0},"geometry":{"type":"Polygon","coordinates":[[[-106.693255,44.147884],[-106.693256,44.144253],[-106.698277,44.144304],[-106.698272,44.147931],[-106.693255,44.147884]]]}},{"type":"Feature","properties":{"q":"SENW","ac":40.3},"geometry":{"type":"Polygon","coordinates":[[[-106.68319,44.147784],[-106.678142,44.14773],[-106.678142,44.144095],[-106.683188,44.144148],[-106.68319,44.147784]]]}},{"type":"Feature","properties":{"q":"NESE","ac":39.8},"geometry":{"type":"Polygon","coordinates":[[[-106.753554,44.115772],[-106.74853,44.115696],[-106.748531,44.112088],[-106.753554,44.112179],[-106.753554,44.115772]]]}},{"type":"Feature","properties":{"q":"SWNW","ac":40.2},"geometry":{"type":"Polygon","coordinates":[[[-106.68315,44.115057],[-106.688174,44.115104],[-106.688149,44.118742],[-106.683121,44.118694],[-106.68315,44.115057]]]}},{"type":"Feature","properties":{"q":"2","ac":37.3},"geometry":{"type":"Polygon","coordinates":[[[-106.673208,44.16221],[-106.67826,44.162287],[-106.678296,44.165648],[-106.674596,44.165584],[-106.673237,44.165577],[-106.673208,44.16221]]]}},{"type":"Feature","properties":{"q":"SENE","ac":40.2},"geometry":{"type":"Polygon","coordinates":[[[-106.70831,44.133532],[-106.70827,44.129894],[-106.713305,44.129903],[-106.713341,44.13354],[-106.70831,44.133532]]]}},{"type":"Feature","properties":{"q":"NENW","ac":40.0},"geometry":{"type":"Polygon","coordinates":[[[-106.758576,44.108691],[-106.758564,44.105058],[-106.763596,44.105119],[-106.7636,44.108734],[-106.758576,44.108691]]]}},{"type":"Feature","properties":{"q":"NESE","ac":40.2},"geometry":{"type":"Polygon","coordinates":[[[-106.668087,44.154883],[-106.673134,44.154938],[-106.673177,44.158565],[-106.668133,44.15851],[-106.668087,44.154883]]]}},{"type":"Feature","properties":{"q":"SWSE","ac":40.3},"geometry":{"type":"Polygon","coordinates":[[[-106.713297,44.108083],[-106.718332,44.108099],[-106.718319,44.111735],[-106.713282,44.11172],[-106.713297,44.108083]]]}},{"type":"Feature","properties":{"q":"SENW","ac":39.9},"geometry":{"type":"Polygon","coordinates":[[[-106.738474,44.133646],[-106.738466,44.130027],[-106.743493,44.130076],[-106.743495,44.133688],[-106.738474,44.133646]]]}},{"type":"Feature","properties":{"q":"NENE","ac":40.3},"geometry":{"type":"Polygon","coordinates":[[[-106.708264,44.104421],[-106.713298,44.10444],[-106.713297,44.108083],[-106.708263,44.108067],[-106.708264,44.104421]]]}},{"type":"Feature","properties":{"q":"NWNW","ac":40.4},"geometry":{"type":"Polygon","coordinates":[[[-106.66299,44.147611],[-106.668045,44.147623],[-106.668041,44.151257],[-106.662984,44.151243],[-106.66299,44.147611]]]}},{"type":"Feature","properties":{"q":"4","ac":36.8},"geometry":{"type":"Polygon","coordinates":[[[-106.68337,44.165642],[-106.683337,44.162321],[-106.688416,44.162355],[-106.688447,44.165627],[-106.68468,44.16564],[-106.68337,44.165642]]]}},{"type":"Feature","properties":{"q":"NESE","ac":39.8},"geometry":{"type":"Polygon","coordinates":[[[-106.753484,44.144618],[-106.748455,44.144542],[-106.748484,44.140939],[-106.753516,44.141021],[-106.753484,44.144618]]]}},{"type":"Feature","properties":{"q":"3","ac":38.4},"geometry":{"type":"Polygon","coordinates":[[[-106.658065,44.165612],[-106.658031,44.162147],[-106.663094,44.16214],[-106.663122,44.165565],[-106.659496,44.165617],[-106.658065,44.165612]]]}},{"type":"Feature","properties":{"q":"1","ac":36.1},"geometry":{"type":"Polygon","coordinates":[[[-106.688416,44.162355],[-106.693443,44.162386],[-106.693489,44.165641],[-106.689732,44.165643],[-106.688447,44.165627],[-106.688416,44.162355]]]}},{"type":"Feature","properties":{"q":"NWNE","ac":40.1},"geometry":{"type":"Polygon","coordinates":[[[-106.738466,44.108306],[-106.733433,44.108218],[-106.73343,44.10459],[-106.738459,44.104684],[-106.738466,44.108306]]]}},{"type":"Feature","properties":{"q":"SWSE","ac":40.3},"geometry":{"type":"Polygon","coordinates":[[[-106.71831,44.126277],[-106.71327,44.126267],[-106.713235,44.12263],[-106.718279,44.122642],[-106.71831,44.126277]]]}},{"type":"Feature","properties":{"q":"SESW","ac":40.3},"geometry":{"type":"Polygon","coordinates":[[[-106.723324,44.122655],[-106.72335,44.126288],[-106.71831,44.126277],[-106.718279,44.122642],[-106.723324,44.122655]]]}},{"type":"Feature","properties":{"q":"NWNW","ac":40.2},"geometry":{"type":"Polygon","coordinates":[[[-106.688123,44.122379],[-106.683093,44.12233],[-106.683121,44.118694],[-106.688149,44.118742],[-106.688123,44.122379]]]}},{"type":"Feature","properties":{"q":"NESE","ac":40.1},"geometry":{"type":"Polygon","coordinates":[[[-106.673163,44.100418],[-106.668147,44.100371],[-106.668143,44.096735],[-106.673159,44.096781],[-106.673163,44.100418]]]}},{"type":"Feature","properties":{"q":"SESE","ac":39.3},"geometry":{"type":"Polygon","coordinates":[[[-106.748398,44.151749],[-106.753419,44.151875],[-106.753535,44.15543],[-106.74855,44.155358],[-106.748398,44.151749]]]}},{"type":"Feature","properties":{"q":"SESW","ac":40.1},"geometry":{"type":"Polygon","coordinates":[[[-106.703253,44.108008],[-106.703233,44.111645],[-106.698222,44.111586],[-106.698244,44.107948],[-106.703253,44.108008]]]}},{"type":"Feature","properties":{"q":"NWNW","ac":39.9},"geometry":{"type":"Polygon","coordinates":[[[-106.703288,44.147977],[-106.708305,44.148023],[-106.70829,44.151641],[-106.703278,44.151599],[-106.703288,44.147977]]]}},{"type":"Feature","properties":{"q":"NWSW","ac":40.3},"geometry":{"type":"Polygon","coordinates":[[[-106.68823,44.140564],[-106.688234,44.144201],[-106.683188,44.144148],[-106.683186,44.140512],[-106.68823,44.140564]]]}},{"type":"Feature","properties":{"q":"NESE","ac":40.3},"geometry":{"type":"Polygon","coordinates":[[[-106.70823,44.126256],[-106.71327,44.126267],[-106.713305,44.129903],[-106.70827,44.129894],[-106.70823,44.126256]]]}},{"type":"Feature","properties":{"q":"NWNE","ac":40.0},"geometry":{"type":"Polygon","coordinates":[[[-106.753554,44.108586],[-106.753541,44.104965],[-106.758564,44.105058],[-106.758576,44.108691],[-106.753554,44.108586]]]}},{"type":"Feature","properties":{"q":"SESW","ac":40.3},"geometry":{"type":"Polygon","coordinates":[[[-106.683192,44.15142],[-106.683246,44.155048],[-106.678181,44.154993],[-106.678142,44.151366],[-106.683192,44.15142]]]}},{"type":"Feature","properties":{"q":"SWNW","ac":40.3},"geometry":{"type":"Polygon","coordinates":[[[-106.683138,44.129603],[-106.688175,44.129653],[-106.6882,44.13329],[-106.683161,44.13324],[-106.683138,44.129603]]]}},{"type":"Feature","properties":{"q":"NWSW","ac":40.2},"geometry":{"type":"Polygon","coordinates":[[[-106.703251,44.097076],[-106.708266,44.097128],[-106.708265,44.100775],[-106.703252,44.10072],[-106.703251,44.097076]]]}},{"type":"Feature","properties":{"q":"NENW","ac":40.2},"geometry":{"type":"Polygon","coordinates":[[[-106.703283,44.133472],[-106.703319,44.13711],[-106.698288,44.137049],[-106.698255,44.133412],[-106.703283,44.133472]]]}},{"type":"Feature","properties":{"q":"NESW","ac":40.2},"geometry":{"type":"Polygon","coordinates":[[[-106.683179,44.11142],[-106.68315,44.115057],[-106.678126,44.115009],[-106.678158,44.111373],[-106.683179,44.11142]]]}},{"type":"Feature","properties":{"q":"SESE","ac":39.8},"geometry":{"type":"Polygon","coordinates":[[[-106.748528,44.122912],[-106.753554,44.123008],[-106.753553,44.126599],[-106.748524,44.126518],[-106.748528,44.122912]]]}},{"type":"Feature","properties":{"q":"NWSW","ac":39.9},"geometry":{"type":"Polygon","coordinates":[[[-106.743466,44.097545],[-106.748488,44.097652],[-106.748502,44.101261],[-106.743477,44.101161],[-106.743466,44.097545]]]}},{"type":"Feature","properties":{"q":"1","ac":34.8},"geometry":{"type":"Polygon","coordinates":[[[-106.708552,44.162496],[-106.713546,44.162521],[-106.713597,44.165682],[-106.709914,44.165677],[-106.708592,44.165679],[-106.708552,44.162496]]]}},{"type":"Feature","properties":{"q":"NWNE","ac":40.1},"geometry":{"type":"Polygon","coordinates":[[[-106.75355,44.133806],[-106.758583,44.133883],[-106.758585,44.137511],[-106.753549,44.137423],[-106.75355,44.133806]]]}},{"type":"Feature","properties":{"q":"NESW","ac":40.1},"geometry":{"type":"Polygon","coordinates":[[[-106.698335,44.155181],[-106.703365,44.15522],[-106.703452,44.15884],[-106.698403,44.158804],[-106.698335,44.155181]]]}},{"type":"Feature","properties":{"q":"SESE","ac":39.9},"geometry":{"type":"Polygon","coordinates":[[[-106.693254,44.151516],[-106.693323,44.155142],[-106.688311,44.155103],[-106.688242,44.151475],[-106.693254,44.151516]]]}},{"type":"Feature","properties":{"q":"NESW","ac":40.1},"geometry":{"type":"Polygon","coordinates":[[[-106.678175,44.096827],[-106.683191,44.096873],[-106.683196,44.10051],[-106.67818,44.100464],[-106.678175,44.096827]]]}},{"type":"Feature","properties":{"q":"NENE","ac":40.0},"geometry":{"type":"Polygon","coordinates":[[[-106.728433,44.133562],[-106.733454,44.133604],[-106.733469,44.137229],[-106.728454,44.137193],[-106.728433,44.133562]]]}},{"type":"Feature","properties":{"q":"SWNE","ac":40.2},"geometry":{"type":"Polygon","coordinates":[[[-106.758476,44.148348],[-106.753452,44.148247],[-106.753484,44.144618],[-106.758513,44.144694],[-106.758476,44.148348]]]}},{"type":"Feature","properties":{"q":"SESE","ac":40.4},"geometry":{"type":"Polygon","coordinates":[[[-106.653015,44.107578],[-106.652982,44.111219],[-106.647938,44.111199],[-106.647969,44.107556],[-106.653015,44.107578]]]}},{"type":"Feature","properties":{"q":"NWNE","ac":40.3},"geometry":{"type":"Polygon","coordinates":[[[-106.718332,44.104458],[-106.718332,44.108099],[-106.713297,44.108083],[-106.713298,44.10444],[-106.718332,44.104458]]]}},{"type":"Feature","properties":{"q":"NWNE","ac":40.0},"geometry":{"type":"Polygon","coordinates":[[[-106.698266,44.151558],[-106.693254,44.151516],[-106.693255,44.147884],[-106.698272,44.147931],[-106.698266,44.151558]]]}},{"type":"Feature","properties":{"q":"NWSE","ac":40.1},"geometry":{"type":"Polygon","coordinates":[[[-106.693199,44.129714],[-106.693169,44.126076],[-106.69819,44.126136],[-106.698222,44.129774],[-106.693199,44.129714]]]}},{"type":"Feature","properties":{"q":"NWNW","ac":40.3},"geometry":{"type":"Polygon","coordinates":[[[-106.688226,44.136927],[-106.683184,44.136876],[-106.683161,44.13324],[-106.6882,44.13329],[-106.688226,44.136927]]]}},{"type":"Feature","properties":{"q":"SWSW","ac":40.3},"geometry":{"type":"Polygon","coordinates":[[[-106.663024,44.154869],[-106.662984,44.151243],[-106.668041,44.151257],[-106.668087,44.154883],[-106.663024,44.154869]]]}},{"type":"Feature","properties":{"q":"SESW","ac":39.8},"geometry":{"type":"Polygon","coordinates":[[[-106.7384,44.151743],[-106.743399,44.151746],[-106.743516,44.155357],[-106.738482,44.155357],[-106.7384,44.151743]]]}},{"type":"Feature","properties":{"q":"SWSW","ac":39.7},"geometry":{"type":"Polygon","coordinates":[[[-106.743498,44.1373],[-106.748512,44.137335],[-106.748484,44.140939],[-106.743473,44.140912],[-106.743498,44.1373]]]}},{"type":"Feature","properties":{"q":"2","ac":35.6},"geometry":{"type":"Polygon","coordinates":[[[-106.763605,44.115923],[-106.768096,44.115991],[-106.768092,44.119587],[-106.763605,44.119535],[-106.763605,44.115923]]]}},{"type":"Feature","properties":{"q":"2","ac":34.6},"geometry":{"type":"Polygon","coordinates":[[[-106.714953,44.165682],[-106.713597,44.165682],[-106.713546,44.162521],[-106.718544,44.162546],[-106.718601,44.165687],[-106.714953,44.165682]]]}},{"type":"Feature","properties":{"q":"NWNW","ac":40.1},"geometry":{"type":"Polygon","coordinates":[[[-106.708264,44.104421],[-106.708263,44.108067],[-106.703253,44.108008],[-106.703253,44.104364],[-106.708264,44.104421]]]}},{"type":"Feature","properties":{"q":"SENE","ac":40.3},"geometry":{"type":"Polygon","coordinates":[[[-106.708265,44.100775],[-106.713299,44.100796],[-106.713298,44.10444],[-106.708264,44.104421],[-106.708265,44.100775]]]}},{"type":"Feature","properties":{"q":"NWNE","ac":40.2},"geometry":{"type":"Polygon","coordinates":[[[-106.693228,44.133351],[-106.698255,44.133412],[-106.698288,44.137049],[-106.693257,44.136988],[-106.693228,44.133351]]]}},{"type":"Feature","properties":{"q":"SWSW","ac":40.3},"geometry":{"type":"Polygon","coordinates":[[[-106.688311,44.155103],[-106.683246,44.155048],[-106.683192,44.15142],[-106.688242,44.151475],[-106.688311,44.155103]]]}},{"type":"Feature","properties":{"q":"SENW","ac":40.1},"geometry":{"type":"Polygon","coordinates":[[[-106.698201,44.115224],[-106.703214,44.115283],[-106.703194,44.11892],[-106.698179,44.118861],[-106.698201,44.115224]]]}},{"type":"Feature","properties":{"q":"SESW","ac":40.3},"geometry":{"type":"Polygon","coordinates":[[[-106.678142,44.136824],[-106.683184,44.136876],[-106.683186,44.140512],[-106.678142,44.14046],[-106.678142,44.136824]]]}},{"type":"Feature","properties":{"q":"NWNE","ac":40.1},"geometry":{"type":"Polygon","coordinates":[[[-106.69323,44.10425],[-106.698242,44.104307],[-106.698244,44.107948],[-106.693235,44.107889],[-106.69323,44.10425]]]}},{"type":"Feature","properties":{"q":"SENE","ac":40.1},"geometry":{"type":"Polygon","coordinates":[[[-106.668151,44.104007],[-106.668147,44.100371],[-106.673163,44.100418],[-106.673168,44.104054],[-106.668151,44.104007]]]}},{"type":"Feature","properties":{"q":"SENE","ac":40.3},"geometry":{"type":"Polygon","coordinates":[[[-106.713266,44.115357],[-106.713251,44.118993],[-106.708209,44.11898],[-106.708227,44.115342],[-106.713266,44.115357]]]}},{"type":"Feature","properties":{"q":"NESE","ac":40.3},"geometry":{"type":"Polygon","coordinates":[[[-106.65289,44.125782],[-106.652898,44.129421],[-106.647854,44.129411],[-106.647849,44.12577],[-106.65289,44.125782]]]}},{"type":"Feature","properties":{"q":"NESW","ac":39.8},"geometry":{"type":"Polygon","coordinates":[[[-106.758552,44.101426],[-106.75854,44.097837],[-106.763572,44.097899],[-106.763591,44.101508],[-106.758552,44.101426]]]}},{"type":"Feature","properties":{"q":"SWSW","ac":40.0},"geometry":{"type":"Polygon","coordinates":[[[-106.728402,44.151736],[-106.728475,44.155355],[-106.723443,44.155331],[-106.723374,44.151712],[-106.728402,44.151736]]]}},{"type":"Feature","properties":{"q":"NESE","ac":39.8},"geometry":{"type":"Polygon","coordinates":[[[-106.753553,44.126599],[-106.753551,44.130189],[-106.74852,44.130124],[-106.748524,44.126518],[-106.753553,44.126599]]]}},{"type":"Feature","properties":{"q":"SENE","ac":39.9},"geometry":{"type":"Polygon","coordinates":[[[-106.753527,44.101344],[-106.753541,44.104965],[-106.748517,44.104871],[-106.748502,44.101261],[-106.753527,44.101344]]]}},{"type":"Feature","properties":{"q":"SWNE","ac":39.9},"geometry":{"type":"Polygon","coordinates":[[[-106.693391,44.158767],[-106.698403,44.158804],[-106.698471,44.162417],[-106.693443,44.162386],[-106.693391,44.158767]]]}},{"type":"Feature","properties":{"q":"2","ac":35.8},"geometry":{"type":"Polygon","coordinates":[[[-106.698532,44.165637],[-106.694784,44.165639],[-106.693489,44.165641],[-106.693443,44.162386],[-106.698471,44.162417],[-106.698532,44.165637]]]}},{"type":"Feature","properties":{"q":"SWNE","ac":40.0},"geometry":{"type":"Polygon","coordinates":[[[-106.733454,44.133604],[-106.733438,44.129979],[-106.738466,44.130027],[-106.738474,44.133646],[-106.733454,44.133604]]]}},{"type":"Feature","properties":{"q":"SENW","ac":40.2},"geometry":{"type":"Polygon","coordinates":[[[-106.678102,44.129553],[-106.683138,44.129603],[-106.683161,44.13324],[-106.678122,44.133189],[-106.678102,44.129553]]]}},{"type":"Feature","properties":{"q":"SWNW","ac":40.0},"geometry":{"type":"Polygon","coordinates":[[[-106.748529,44.119304],[-106.743491,44.119236],[-106.743494,44.115622],[-106.74853,44.115696],[-106.748529,44.119304]]]}},{"type":"Feature","properties":{"q":"NESW","ac":40.1},"geometry":{"type":"Polygon","coordinates":[[[-106.703246,44.129834],[-106.698222,44.129774],[-106.69819,44.126136],[-106.70321,44.126196],[-106.703246,44.129834]]]}},{"type":"Feature","properties":{"q":"SENE","ac":39.9},"geometry":{"type":"Polygon","coordinates":[[[-106.753484,44.144618],[-106.753452,44.148247],[-106.748427,44.148146],[-106.748455,44.144542],[-106.753484,44.144618]]]}},{"type":"Feature","properties":{"q":"1","ac":36.2},"geometry":{"type":"Polygon","coordinates":[[[-106.763503,44.148414],[-106.768018,44.148473],[-106.768007,44.152109],[-106.763465,44.152061],[-106.763503,44.148414]]]}},{"type":"Feature","properties":{"q":"NWSE","ac":40.3},"geometry":{"type":"Polygon","coordinates":[[[-106.673098,44.140407],[-106.678142,44.14046],[-106.678142,44.144095],[-106.673096,44.144042],[-106.673098,44.140407]]]}},{"type":"Feature","properties":{"q":"SWNE","ac":40.3},"geometry":{"type":"Polygon","coordinates":[[[-106.652906,44.13306],[-106.652898,44.129421],[-106.657942,44.129432],[-106.657952,44.133069],[-106.652906,44.13306]]]}},{"type":"Feature","properties":{"q":"SWSE","ac":40.1},"geometry":{"type":"Polygon","coordinates":[[[-106.698282,44.140676],[-106.693256,44.14062],[-106.693257,44.136988],[-106.698288,44.137049],[-106.698282,44.140676]]]}},{"type":"Feature","properties":{"q":"SWSE","ac":39.6},"geometry":{"type":"Polygon","coordinates":[[[-106.758581,44.126679],[-106.753553,44.126599],[-106.753554,44.123008],[-106.75858,44.123104],[-106.758581,44.126679]]]}},{"type":"Feature","properties":{"q":"SENW","ac":40.3},"geometry":{"type":"Polygon","coordinates":[[[-106.663108,44.103983],[-106.658065,44.103959],[-106.658068,44.100318],[-106.663107,44.100345],[-106.663108,44.103983]]]}},{"type":"Feature","properties":{"q":"NENW","ac":40.3},"geometry":{"type":"Polygon","coordinates":[[[-106.662961,44.12217],[-106.657922,44.122157],[-106.657957,44.118518],[-106.662998,44.118533],[-106.662961,44.12217]]]}},{"type":"Feature","properties":{"q":"NESW","ac":40.1},"geometry":{"type":"Polygon","coordinates":[[[-106.718388,44.140809],[-106.723415,44.140819],[-106.723401,44.14445],[-106.718374,44.144436],[-106.718388,44.140809]]]}},{"type":"Feature","properties":{"q":"NENE","ac":40.1},"geometry":{"type":"Polygon","coordinates":[[[-106.688149,44.118742],[-106.693164,44.118801],[-106.69314,44.122438],[-106.688123,44.122379],[-106.688149,44.118742]]]}},{"type":"Feature","properties":{"q":"NWSE","ac":40.3},"geometry":{"type":"Polygon","coordinates":[[[-106.713299,44.100796],[-106.7133,44.097153],[-106.718333,44.097177],[-106.718333,44.100818],[-106.713299,44.100796]]]}},{"type":"Feature","properties":{"q":"NESW","ac":40.1},"geometry":{"type":"Polygon","coordinates":[[[-106.703233,44.111645],[-106.703214,44.115283],[-106.698201,44.115224],[-106.698222,44.111586],[-106.703233,44.111645]]]}},{"type":"Feature","properties":{"q":"7","ac":34.4},"geometry":{"type":"Polygon","coordinates":[[[-106.763465,44.152061],[-106.768007,44.152109],[-106.768012,44.155572],[-106.763527,44.155539],[-106.763465,44.152061]]]}},{"type":"Feature","properties":{"q":"NENW","ac":39.7},"geometry":{"type":"Polygon","coordinates":[[[-106.738421,44.148123],[-106.743424,44.148135],[-106.743399,44.151746],[-106.7384,44.151743],[-106.738421,44.148123]]]}},{"type":"Feature","properties":{"q":"SENW","ac":40.2},"geometry":{"type":"Polygon","coordinates":[[[-106.723402,44.133555],[-106.718371,44.133547],[-106.718341,44.129913],[-106.723376,44.129921],[-106.723402,44.133555]]]}},{"type":"Feature","properties":{"q":"NWNE","ac":40.0},"geometry":{"type":"Polygon","coordinates":[[[-106.713318,44.151664],[-106.713332,44.148043],[-106.71836,44.148062],[-106.718346,44.151688],[-106.713318,44.151664]]]}},{"type":"Feature","properties":{"q":"NESE","ac":40.2},"geometry":{"type":"Polygon","coordinates":[[[-106.733427,44.111846],[-106.733421,44.115474],[-106.728384,44.115399],[-106.728392,44.111765],[-106.733427,44.111846]]]}},{"type":"Feature","properties":{"q":"4","ac":37.8},"geometry":{"type":"Polygon","coordinates":[[[-106.663094,44.16214],[-106.668158,44.162133],[-106.668179,44.165504],[-106.664529,44.165557],[-106.663122,44.165565],[-106.663094,44.16214]]]}},{"type":"Feature","properties":{"q":"SESW","ac":39.9},"geometry":{"type":"Polygon","coordinates":[[[-106.703278,44.151599],[-106.703365,44.15522],[-106.698335,44.155181],[-106.698266,44.151558],[-106.703278,44.151599]]]}},{"type":"Feature","properties":{"q":"SWSE","ac":38.7},"geometry":{"type":"Polygon","coordinates":[[[-106.753419,44.151875],[-106.75844,44.152001],[-106.75852,44.155502],[-106.753535,44.15543],[-106.753419,44.151875]]]}},{"type":"Feature","properties":{"q":"SWNE","ac":40.0},"geometry":{"type":"Polygon","coordinates":[[[-106.733612,44.162595],[-106.733555,44.158973],[-106.738563,44.158971],[-106.738644,44.162596],[-106.733612,44.162595]]]}},{"type":"Feature","properties":{"q":"SESE","ac":40.2},"geometry":{"type":"Polygon","coordinates":[[[-106.647811,44.151202],[-106.652869,44.151216],[-106.652909,44.154839],[-106.647858,44.154825],[-106.647811,44.151202]]]}},{"type":"Feature","properties":{"q":"SWNE","ac":39.7},"geometry":{"type":"Polygon","coordinates":[[[-106.718544,44.162546],[-106.713546,44.162521],[-106.713489,44.158901],[-106.718478,44.158926],[-106.718544,44.162546]]]}},{"type":"Feature","properties":{"q":"SWNE","ac":40.1},"geometry":{"type":"Polygon","coordinates":[[[-106.67818,44.100464],[-106.678185,44.1041],[-106.673168,44.104054],[-106.673163,44.100418],[-106.67818,44.100464]]]}},{"type":"Feature","properties":{"q":"3","ac":35.2},"geometry":{"type":"Polygon","coordinates":[[[-106.763608,44.126733],[-106.768078,44.126781],[-106.768066,44.130378],[-106.763609,44.13032],[-106.763608,44.126733]]]}},{"type":"Feature","properties":{"q":"NENW","ac":39.9},"geometry":{"type":"Polygon","coordinates":[[[-106.738483,44.137264],[-106.738474,44.133646],[-106.743495,44.133688],[-106.743498,44.1373],[-106.738483,44.137264]]]}},{"type":"Feature","properties":{"q":"NWSE","ac":40.0},"geometry":{"type":"Polygon","coordinates":[[[-106.733422,44.097332],[-106.738444,44.097438],[-106.738451,44.101061],[-106.733426,44.100961],[-106.733422,44.097332]]]}},{"type":"Feature","properties":{"q":"SENW","ac":40.0},"geometry":{"type":"Polygon","coordinates":[[[-106.758583,44.133883],[-106.758582,44.130255],[-106.763609,44.13032],[-106.763613,44.133941],[-106.758583,44.133883]]]}},{"type":"Feature","properties":{"q":"SWNW","ac":39.9},"geometry":{"type":"Polygon","coordinates":[[[-106.703298,44.144355],[-106.70832,44.144406],[-106.708305,44.148023],[-106.703288,44.147977],[-106.703298,44.144355]]]}},{"type":"Feature","properties":{"q":"SESW","ac":40.0},"geometry":{"type":"Polygon","coordinates":[[[-106.718346,44.151688],[-106.723374,44.151712],[-106.723443,44.155331],[-106.718412,44.155307],[-106.718346,44.151688]]]}},{"type":"Feature","properties":{"q":"NWNE","ac":40.3},"geometry":{"type":"Polygon","coordinates":[[[-106.678122,44.133189],[-106.678142,44.136824],[-106.6731,44.136773],[-106.673083,44.133138],[-106.678122,44.133189]]]}},{"type":"Feature","properties":{"q":"SENE","ac":39.1},"geometry":{"type":"Polygon","coordinates":[[[-106.753651,44.158984],[-106.753723,44.162556],[-106.74877,44.162581],[-106.748702,44.158966],[-106.753651,44.158984]]]}},{"type":"Feature","properties":{"q":"NENW","ac":39.9},"geometry":{"type":"Polygon","coordinates":[[[-106.698272,44.147931],[-106.703288,44.147977],[-106.703278,44.151599],[-106.698266,44.151558],[-106.698272,44.147931]]]}},{"type":"Feature","properties":{"q":"NENE","ac":40.0},"geometry":{"type":"Polygon","coordinates":[[[-106.688238,44.147838],[-106.693255,44.147884],[-106.693254,44.151516],[-106.688242,44.151475],[-106.688238,44.147838]]]}},{"type":"Feature","properties":{"q":"NENW","ac":40.1},"geometry":{"type":"Polygon","coordinates":[[[-106.71836,44.148062],[-106.723388,44.148081],[-106.723374,44.151712],[-106.718346,44.151688],[-106.71836,44.148062]]]}},{"type":"Feature","properties":{"q":"SWNW","ac":39.7},"geometry":{"type":"Polygon","coordinates":[[[-106.743449,44.144523],[-106.748455,44.144542],[-106.748427,44.148146],[-106.743424,44.148135],[-106.743449,44.144523]]]}},{"type":"Feature","properties":{"q":"4","ac":33.9},"geometry":{"type":"Polygon","coordinates":[[[-106.745187,44.165642],[-106.743765,44.165648],[-106.743704,44.162588],[-106.74877,44.162581],[-106.748817,44.165621],[-106.745187,44.165642]]]}},{"type":"Feature","properties":{"q":"SWSW","ac":40.2},"geometry":{"type":"Polygon","coordinates":[[[-106.723324,44.122655],[-106.728368,44.122667],[-106.728389,44.126299],[-106.72335,44.126288],[-106.723324,44.122655]]]}},{"type":"Feature","properties":{"q":"SESW","ac":40.1},"geometry":{"type":"Polygon","coordinates":[[[-106.683208,44.107783],[-106.683179,44.11142],[-106.678158,44.111373],[-106.67819,44.107737],[-106.683208,44.107783]]]}},{"type":"Feature","properties":{"q":"1","ac":34.2},"geometry":{"type":"Polygon","coordinates":[[[-106.73007,44.165691],[-106.72861,44.165692],[-106.728583,44.162594],[-106.733612,44.162595],[-106.733661,44.165683],[-106.73007,44.165691]]]}},{"type":"Feature","properties":{"q":"SESW","ac":40.2},"geometry":{"type":"Polygon","coordinates":[[[-106.718332,44.108099],[-106.723366,44.108115],[-106.723356,44.11175],[-106.718319,44.111735],[-106.718332,44.108099]]]}},{"type":"Feature","properties":{"q":"SESE","ac":40.0},"geometry":{"type":"Polygon","coordinates":[[[-106.728454,44.137193],[-106.733469,44.137229],[-106.733452,44.140857],[-106.728441,44.140829],[-106.728454,44.137193]]]}},{"type":"Feature","properties":{"q":"NESE","ac":39.1},"geometry":{"type":"Polygon","coordinates":[[[-106.753535,44.15543],[-106.753651,44.158984],[-106.748702,44.158966],[-106.74855,44.155358],[-106.753535,44.15543]]]}},{"type":"Feature","properties":{"q":"SENE","ac":40.3},"geometry":{"type":"Polygon","coordinates":[[[-106.647904,44.158447],[-106.65295,44.158463],[-106.652979,44.162108],[-106.647928,44.162068],[-106.647904,44.158447]]]}},{"type":"Feature","properties":{"q":"SESE","ac":40.3},"geometry":{"type":"Polygon","coordinates":[[[-106.71327,44.126267],[-106.70823,44.126256],[-106.708191,44.122617],[-106.713235,44.12263],[-106.71327,44.126267]]]}},{"type":"Feature","properties":{"q":"NESE","ac":39.9},"geometry":{"type":"Polygon","coordinates":[[[-106.688379,44.158731],[-106.688311,44.155103],[-106.693323,44.155142],[-106.693391,44.158767],[-106.688379,44.158731]]]}},{"type":"Feature","properties":{"q":"NENE","ac":40.0},"geometry":{"type":"Polygon","coordinates":[[[-106.70829,44.151641],[-106.708305,44.148023],[-106.713332,44.148043],[-106.713318,44.151664],[-106.70829,44.151641]]]}},{"type":"Feature","properties":{"q":"NENE","ac":40.3},"geometry":{"type":"Polygon","coordinates":[[[-106.647825,44.147575],[-106.65288,44.147587],[-106.652869,44.151216],[-106.647811,44.151202],[-106.647825,44.147575]]]}},{"type":"Feature","properties":{"q":"NENW","ac":40.1},"geometry":{"type":"Polygon","coordinates":[[[-106.698242,44.104307],[-106.703253,44.104364],[-106.703253,44.108008],[-106.698244,44.107948],[-106.698242,44.104307]]]}},{"type":"Feature","properties":{"q":"NENE","ac":40.3},"geometry":{"type":"Polygon","coordinates":[[[-106.668044,44.133087],[-106.673083,44.133138],[-106.6731,44.136773],[-106.668058,44.136721],[-106.668044,44.133087]]]}},{"type":"Feature","properties":{"q":"NENE","ac":39.9},"geometry":{"type":"Polygon","coordinates":[[[-106.748529,44.119304],[-106.753554,44.11939],[-106.753554,44.123008],[-106.748528,44.122912],[-106.748529,44.119304]]]}},{"type":"Feature","properties":{"q":"SESW","ac":39.6},"geometry":{"type":"Polygon","coordinates":[[[-106.758576,44.108691],[-106.7636,44.108734],[-106.763603,44.112327],[-106.758577,44.112269],[-106.758576,44.108691]]]}},{"type":"Feature","properties":{"q":"6","ac":34.0},"geometry":{"type":"Polygon","coordinates":[[[-106.768017,44.159035],[-106.763589,44.159019],[-106.763527,44.155539],[-106.768012,44.155572],[-106.768017,44.159035]]]}},{"type":"Feature","properties":{"q":"SWSE","ac":40.2},"geometry":{"type":"Polygon","coordinates":[[[-106.657926,44.151229],[-106.657961,44.154854],[-106.652909,44.154839],[-106.652869,44.151216],[-106.657926,44.151229]]]}},{"type":"Feature","properties":{"q":"SESE","ac":40.3},"geometry":{"type":"Polygon","coordinates":[[[-106.668058,44.136721],[-106.6731,44.136773],[-106.673098,44.140407],[-106.668054,44.140355],[-106.668058,44.136721]]]}},{"type":"Feature","properties":{"q":"SENW","ac":40.3},"geometry":{"type":"Polygon","coordinates":[[[-106.723334,44.11902],[-106.718292,44.119007],[-106.718305,44.115371],[-106.723345,44.115385],[-106.723334,44.11902]]]}},{"type":"Feature","properties":{"q":"NWSW","ac":40.1},"geometry":{"type":"Polygon","coordinates":[[[-106.728428,44.144465],[-106.723401,44.14445],[-106.723415,44.140819],[-106.728441,44.140829],[-106.728428,44.144465]]]}},{"type":"Feature","properties":{"q":"NWNE","ac":40.2},"geometry":{"type":"Polygon","coordinates":[[[-106.673067,44.118597],[-106.678094,44.118645],[-106.678062,44.122281],[-106.673031,44.122232],[-106.673067,44.118597]]]}},{"type":"Feature","properties":{"q":"NWSW","ac":40.0},"geometry":{"type":"Polygon","coordinates":[[[-106.743496,44.112008],[-106.748531,44.112088],[-106.74853,44.115696],[-106.743494,44.115622],[-106.743496,44.112008]]]}},{"type":"Feature","properties":{"q":"SWSW","ac":40.3},"geometry":{"type":"Polygon","coordinates":[[[-106.66301,44.136714],[-106.668058,44.136721],[-106.668054,44.140355],[-106.663003,44.140346],[-106.66301,44.136714]]]}},{"type":"Feature","properties":{"q":"NWNE","ac":40.3},"geometry":{"type":"Polygon","coordinates":[[[-106.718279,44.122642],[-106.713235,44.12263],[-106.713251,44.118993],[-106.718292,44.119007],[-106.718279,44.122642]]]}},{"type":"Feature","properties":{"q":"NWSW","ac":40.3},"geometry":{"type":"Polygon","coordinates":[[[-106.668143,44.096735],[-106.668147,44.100371],[-106.663107,44.100345],[-106.663107,44.096706],[-106.668143,44.096735]]]}},{"type":"Feature","properties":{"q":"NESE","ac":40.4},"geometry":{"type":"Polygon","coordinates":[[[-106.648,44.096618],[-106.653036,44.096648],[-106.653029,44.100291],[-106.64799,44.100264],[-106.648,44.096618]]]}},{"type":"Feature","properties":{"q":"4","ac":35.3},"geometry":{"type":"Polygon","coordinates":[[[-106.768078,44.126781],[-106.763608,44.126733],[-106.763606,44.123149],[-106.768089,44.123184],[-106.768078,44.126781]]]}},{"type":"Feature","properties":{"q":"SWSE","ac":39.7},"geometry":{"type":"Polygon","coordinates":[[[-106.733478,44.155356],[-106.733401,44.151739],[-106.7384,44.151743],[-106.738482,44.155357],[-106.733478,44.155356]]]}},{"type":"Feature","properties":{"q":"SWNW","ac":40.3},"geometry":{"type":"Polygon","coordinates":[[[-106.668151,44.104007],[-106.663108,44.103983],[-106.663107,44.100345],[-106.668147,44.100371],[-106.668151,44.104007]]]}},{"type":"Feature","properties":{"q":"SWSE","ac":40.1},"geometry":{"type":"Polygon","coordinates":[[[-106.698244,44.107948],[-106.698222,44.111586],[-106.693211,44.111527],[-106.693235,44.107889],[-106.698244,44.107948]]]}},{"type":"Feature","properties":{"q":"3","ac":34.4},"geometry":{"type":"Polygon","coordinates":[[[-106.718601,44.165687],[-106.718544,44.162546],[-106.723562,44.16257],[-106.723605,44.165689],[-106.719992,44.165686],[-106.718601,44.165687]]]}},{"type":"Feature","properties":{"q":"SWSW","ac":40.0},"geometry":{"type":"Polygon","coordinates":[[[-106.703319,44.13711],[-106.70835,44.137171],[-106.708335,44.140788],[-106.703309,44.140732],[-106.703319,44.13711]]]}},{"type":"Feature","properties":{"q":"NWNE","ac":40.2},"geometry":{"type":"Polygon","coordinates":[[[-106.713376,44.137176],[-106.713341,44.13354],[-106.718371,44.133547],[-106.718402,44.137182],[-106.713376,44.137176]]]}},{"type":"Feature","properties":{"q":"SENE","ac":40.0},"geometry":{"type":"Polygon","coordinates":[[[-106.713332,44.148043],[-106.708305,44.148023],[-106.70832,44.144406],[-106.713347,44.144421],[-106.713332,44.148043]]]}},{"type":"Feature","properties":{"q":"SENW","ac":40.2},"geometry":{"type":"Polygon","coordinates":[[[-106.678094,44.118645],[-106.678126,44.115009],[-106.68315,44.115057],[-106.683121,44.118694],[-106.678094,44.118645]]]}},{"type":"Feature","properties":{"q":"SWSW","ac":40.3},"geometry":{"type":"Polygon","coordinates":[[[-106.662961,44.12217],[-106.668001,44.122184],[-106.668015,44.125818],[-106.662973,44.125806],[-106.662961,44.12217]]]}},{"type":"Feature","properties":{"q":"NWNW","ac":40.0},"geometry":{"type":"Polygon","coordinates":[[[-106.748529,44.119304],[-106.748528,44.122912],[-106.743488,44.122851],[-106.743491,44.119236],[-106.748529,44.119304]]]}},{"type":"Feature","properties":{"q":"SESE","ac":40.1},"geometry":{"type":"Polygon","coordinates":[[[-106.673137,44.111326],[-106.668116,44.111278],[-106.668155,44.107643],[-106.673172,44.10769],[-106.673137,44.111326]]]}},{"type":"Feature","properties":{"q":"NENE","ac":40.4},"geometry":{"type":"Polygon","coordinates":[[[-106.653015,44.107578],[-106.647969,44.107556],[-106.647979,44.10391],[-106.653022,44.103935],[-106.653015,44.107578]]]}},{"type":"Feature","properties":{"q":"NWNE","ac":40.3},"geometry":{"type":"Polygon","coordinates":[[[-106.678142,44.14773],[-106.678142,44.151366],[-106.673091,44.151311],[-106.673093,44.147677],[-106.678142,44.14773]]]}},{"type":"Feature","properties":{"q":"SWSE","ac":40.2},"geometry":{"type":"Polygon","coordinates":[[[-106.678142,44.151366],[-106.678181,44.154993],[-106.673134,44.154938],[-106.673091,44.151311],[-106.678142,44.151366]]]}},{"type":"Feature","properties":{"q":"SENW","ac":40.7},"geometry":{"type":"Polygon","coordinates":[[[-106.663065,44.158494],[-106.663094,44.16214],[-106.658031,44.162147],[-106.657996,44.158479],[-106.663065,44.158494]]]}},{"type":"Feature","properties":{"q":"SWNE","ac":40.1},"geometry":{"type":"Polygon","coordinates":[[[-106.693226,44.100611],[-106.698239,44.100666],[-106.698242,44.104307],[-106.69323,44.10425],[-106.693226,44.100611]]]}},{"type":"Feature","properties":{"q":"2","ac":38.4},"geometry":{"type":"Polygon","coordinates":[[[-106.654468,44.165579],[-106.653007,44.165574],[-106.652979,44.162108],[-106.658031,44.162147],[-106.658065,44.165612],[-106.654468,44.165579]]]}},{"type":"Feature","properties":{"q":"2","ac":35.8},"geometry":{"type":"Polygon","coordinates":[[[-106.763591,44.101508],[-106.768126,44.101582],[-106.768111,44.105174],[-106.763596,44.105119],[-106.763591,44.101508]]]}},{"type":"Feature","properties":{"q":"NENW","ac":40.1},"geometry":{"type":"Polygon","coordinates":[[[-106.738453,44.119169],[-106.743491,44.119236],[-106.743488,44.122851],[-106.738448,44.122789],[-106.738453,44.119169]]]}},{"type":"Feature","properties":{"q":"NWSW","ac":40.2},"geometry":{"type":"Polygon","coordinates":[[[-106.7284,44.10086],[-106.723366,44.100839],[-106.723366,44.097201],[-106.7284,44.097225],[-106.7284,44.10086]]]}},{"type":"Feature","properties":{"q":"NESW","ac":40.3},"geometry":{"type":"Polygon","coordinates":[[[-106.723366,44.100839],[-106.718333,44.100818],[-106.718333,44.097177],[-106.723366,44.097201],[-106.723366,44.100839]]]}},{"type":"Feature","properties":{"q":"SWNE","ac":40.0},"geometry":{"type":"Polygon","coordinates":[[[-106.713347,44.144421],[-106.718374,44.144436],[-106.71836,44.148062],[-106.713332,44.148043],[-106.713347,44.144421]]]}},{"type":"Feature","properties":{"q":"1","ac":35.5},"geometry":{"type":"Polygon","coordinates":[[[-106.763605,44.119535],[-106.768092,44.119587],[-106.768089,44.123184],[-106.763606,44.123149],[-106.763605,44.119535]]]}},{"type":"Feature","properties":{"q":"SESE","ac":40.2},"geometry":{"type":"Polygon","coordinates":[[[-106.733423,44.126354],[-106.728389,44.126299],[-106.728368,44.122667],[-106.733408,44.122728],[-106.733423,44.126354]]]}},{"type":"Feature","properties":{"q":"NWSE","ac":39.9},"geometry":{"type":"Polygon","coordinates":[[[-106.738463,44.140884],[-106.738442,44.144504],[-106.733435,44.144484],[-106.733452,44.140857],[-106.738463,44.140884]]]}},{"type":"Feature","properties":{"q":"NESE","ac":40.0},"geometry":{"type":"Polygon","coordinates":[[[-106.733435,44.144484],[-106.728428,44.144465],[-106.728441,44.140829],[-106.733452,44.140857],[-106.733435,44.144484]]]}},{"type":"Feature","properties":{"q":"NENW","ac":40.3},"geometry":{"type":"Polygon","coordinates":[[[-106.683161,44.13324],[-106.683184,44.136876],[-106.678142,44.136824],[-106.678122,44.133189],[-106.683161,44.13324]]]}},{"type":"Feature","properties":{"q":"SENW","ac":40.1},"geometry":{"type":"Polygon","coordinates":[[[-106.683196,44.10051],[-106.683202,44.104147],[-106.678185,44.1041],[-106.67818,44.100464],[-106.683196,44.10051]]]}},{"type":"Feature","properties":{"q":"NENE","ac":40.2},"geometry":{"type":"Polygon","coordinates":[[[-106.7284,44.104496],[-106.73343,44.10459],[-106.733433,44.108218],[-106.728401,44.108131],[-106.7284,44.104496]]]}},{"type":"Feature","properties":{"q":"SESE","ac":40.3},"geometry":{"type":"Polygon","coordinates":[[[-106.713297,44.108083],[-106.713282,44.11172],[-106.708245,44.111705],[-106.708263,44.108067],[-106.713297,44.108083]]]}},{"type":"Feature","properties":{"q":"SESW","ac":40.2},"geometry":{"type":"Polygon","coordinates":[[[-106.678062,44.122281],[-106.683093,44.12233],[-106.683115,44.125967],[-106.678082,44.125917],[-106.678062,44.122281]]]}},{"type":"Feature","properties":{"q":"SENW","ac":40.1},"geometry":{"type":"Polygon","coordinates":[[[-106.723388,44.148081],[-106.71836,44.148062],[-106.718374,44.144436],[-106.723401,44.14445],[-106.723388,44.148081]]]}},{"type":"Feature","properties":{"q":"SWNE","ac":40.2},"geometry":{"type":"Polygon","coordinates":[[[-106.698255,44.133412],[-106.693228,44.133351],[-106.693199,44.129714],[-106.698222,44.129774],[-106.698255,44.133412]]]}},{"type":"Feature","properties":{"q":"NWSW","ac":40.0},"geometry":{"type":"Polygon","coordinates":[[[-106.728547,44.158974],[-106.723513,44.15895],[-106.723443,44.155331],[-106.728475,44.155355],[-106.728547,44.158974]]]}},{"type":"Feature","properties":{"q":"SWSW","ac":40.2},"geometry":{"type":"Polygon","coordinates":[[[-106.683093,44.12233],[-106.688123,44.122379],[-106.688149,44.126016],[-106.683115,44.125967],[-106.683093,44.12233]]]}},{"type":"Feature","properties":{"q":"NWSE","ac":39.6},"geometry":{"type":"Polygon","coordinates":[[[-106.758581,44.126679],[-106.758582,44.130255],[-106.753551,44.130189],[-106.753553,44.126599],[-106.758581,44.126679]]]}},{"type":"Feature","properties":{"q":"NWSE","ac":39.7},"geometry":{"type":"Polygon","coordinates":[[[-106.718478,44.158926],[-106.713489,44.158901],[-106.713404,44.155283],[-106.718412,44.155307],[-106.718478,44.158926]]]}},{"type":"Feature","properties":{"q":"SESE","ac":39.9},"geometry":{"type":"Polygon","coordinates":[[[-106.708395,44.155259],[-106.70829,44.151641],[-106.713318,44.151664],[-106.713404,44.155283],[-106.708395,44.155259]]]}},{"type":"Feature","properties":{"q":"NWSE","ac":40.1},"geometry":{"type":"Polygon","coordinates":[[[-106.698201,44.115224],[-106.693187,44.115164],[-106.693211,44.111527],[-106.698222,44.111586],[-106.698201,44.115224]]]}},{"type":"Feature","properties":{"q":"SWSE","ac":40.3},"geometry":{"type":"Polygon","coordinates":[[[-106.678142,44.136824],[-106.678142,44.14046],[-106.673098,44.140407],[-106.6731,44.136773],[-106.678142,44.136824]]]}},{"type":"Feature","properties":{"q":"4","ac":35.3},"geometry":{"type":"Polygon","coordinates":[[[-106.763616,44.137564],[-106.768049,44.137608],[-106.768039,44.141223],[-106.763579,44.141166],[-106.763616,44.137564]]]}},{"type":"Feature","properties":{"q":"NWSE","ac":40.3},"geometry":{"type":"Polygon","coordinates":[[[-106.657953,44.140337],[-106.657944,44.143968],[-106.652891,44.143958],[-106.652903,44.140328],[-106.657953,44.140337]]]}},{"type":"Feature","properties":{"q":"NESW","ac":40.3},"geometry":{"type":"Polygon","coordinates":[[[-106.662997,44.143979],[-106.657944,44.143968],[-106.657953,44.140337],[-106.663003,44.140346],[-106.662997,44.143979]]]}},{"type":"Feature","properties":{"q":"SESE","ac":39.8},"geometry":{"type":"Polygon","coordinates":[[[-106.753516,44.141021],[-106.748484,44.140939],[-106.748512,44.137335],[-106.753549,44.137423],[-106.753516,44.141021]]]}},{"type":"Feature","properties":{"q":"4","ac":35.6},"geometry":{"type":"Polygon","coordinates":[[[-106.7636,44.108734],[-106.768097,44.108766],[-106.768096,44.112379],[-106.763603,44.112327],[-106.7636,44.108734]]]}},{"type":"Feature","properties":{"q":"NENW","ac":40.1},"geometry":{"type":"Polygon","coordinates":[[[-106.718371,44.133547],[-106.723402,44.133555],[-106.723428,44.137188],[-106.718402,44.137182],[-106.718371,44.133547]]]}},{"type":"Feature","properties":{"q":"SWNE","ac":40.1},"geometry":{"type":"Polygon","coordinates":[[[-106.733414,44.119101],[-106.733421,44.115474],[-106.738457,44.115548],[-106.738453,44.119169],[-106.733414,44.119101]]]}},{"type":"Feature","properties":{"q":"3","ac":33.1},"geometry":{"type":"Polygon","coordinates":[[[-106.763663,44.162514],[-106.763727,44.165537],[-106.760253,44.165552],[-106.75875,44.165555],[-106.758681,44.162531],[-106.763663,44.162514]]]}},{"type":"Feature","properties":{"q":"SENE","ac":40.3},"geometry":{"type":"Polygon","coordinates":[[[-106.668158,44.162133],[-106.668133,44.15851],[-106.673177,44.158565],[-106.673208,44.16221],[-106.668158,44.162133]]]}},{"type":"Feature","properties":{"q":"SESE","ac":40.2},"geometry":{"type":"Polygon","coordinates":[[[-106.673134,44.154938],[-106.668087,44.154883],[-106.668041,44.151257],[-106.673091,44.151311],[-106.673134,44.154938]]]}},{"type":"Feature","properties":{"q":"SWSW","ac":40.1},"geometry":{"type":"Polygon","coordinates":[[[-106.703233,44.111645],[-106.703253,44.108008],[-106.708263,44.108067],[-106.708245,44.111705],[-106.703233,44.111645]]]}},{"type":"Feature","properties":{"q":"SENW","ac":40.3},"geometry":{"type":"Polygon","coordinates":[[[-106.738563,44.158971],[-106.743632,44.158969],[-106.743704,44.162588],[-106.738644,44.162596],[-106.738563,44.158971]]]}},{"type":"Feature","properties":{"q":"NWNE","ac":40.3},"geometry":{"type":"Polygon","coordinates":[[[-106.657922,44.122157],[-106.652882,44.122143],[-106.652915,44.118502],[-106.657957,44.118518],[-106.657922,44.122157]]]}},{"type":"Feature","properties":{"q":"SWSW","ac":40.1},"geometry":{"type":"Polygon","coordinates":[[[-106.70823,44.126256],[-106.70321,44.126196],[-106.703174,44.122558],[-106.708191,44.122617],[-106.70823,44.126256]]]}},{"type":"Feature","properties":{"q":"SENW","ac":40.0},"geometry":{"type":"Polygon","coordinates":[[[-106.758578,44.115848],[-106.763605,44.115923],[-106.763605,44.119535],[-106.758579,44.119476],[-106.758578,44.115848]]]}},{"type":"Feature","properties":{"q":"SWNE","ac":40.1},"geometry":{"type":"Polygon","coordinates":[[[-106.738459,44.104684],[-106.73343,44.10459],[-106.733426,44.100961],[-106.738451,44.101061],[-106.738459,44.104684]]]}},{"type":"Feature","properties":{"q":"NWNW","ac":40.3},"geometry":{"type":"Polygon","coordinates":[[[-106.668155,44.107643],[-106.663108,44.107621],[-106.663108,44.103983],[-106.668151,44.104007],[-106.668155,44.107643]]]}},{"type":"Feature","properties":{"q":"NESW","ac":38.3},"geometry":{"type":"Polygon","coordinates":[[[-106.75852,44.155502],[-106.763527,44.155539],[-106.763589,44.159019],[-106.7586,44.159002],[-106.75852,44.155502]]]}},{"type":"Feature","properties":{"q":"2","ac":34.1},"geometry":{"type":"Polygon","coordinates":[[[-106.733661,44.165683],[-106.733612,44.162595],[-106.738644,44.162596],[-106.738713,44.165672],[-106.735109,44.16568],[-106.733661,44.165683]]]}},{"type":"Feature","properties":{"q":"SENE","ac":39.7},"geometry":{"type":"Polygon","coordinates":[[[-106.7085,44.158877],[-106.713489,44.158901],[-106.713546,44.162521],[-106.708552,44.162496],[-106.7085,44.158877]]]}},{"type":"Feature","properties":{"q":"NWSW","ac":40.2},"geometry":{"type":"Polygon","coordinates":[[[-106.72335,44.126288],[-106.728389,44.126299],[-106.728411,44.12993],[-106.723376,44.129921],[-106.72335,44.126288]]]}},{"type":"Feature","properties":{"q":"SWNW","ac":40.3},"geometry":{"type":"Polygon","coordinates":[[[-106.688234,44.144201],[-106.688238,44.147838],[-106.68319,44.147784],[-106.683188,44.144148],[-106.688234,44.144201]]]}},{"type":"Feature","properties":{"q":"NESE","ac":40.1},"geometry":{"type":"Polygon","coordinates":[[[-106.733423,44.126354],[-106.733438,44.129979],[-106.728411,44.12993],[-106.728389,44.126299],[-106.733423,44.126354]]]}},{"type":"Feature","properties":{"q":"SENW","ac":40.1},"geometry":{"type":"Polygon","coordinates":[[[-106.703253,44.104364],[-106.698242,44.104307],[-106.698239,44.100666],[-106.703252,44.10072],[-106.703253,44.104364]]]}},{"type":"Feature","properties":{"q":"SWNE","ac":40.3},"geometry":{"type":"Polygon","coordinates":[[[-106.657992,44.114878],[-106.657957,44.118518],[-106.652915,44.118502],[-106.652949,44.114861],[-106.657992,44.114878]]]}},{"type":"Feature","properties":{"q":"SWNW","ac":40.1},"geometry":{"type":"Polygon","coordinates":[[[-106.723388,44.148081],[-106.723401,44.14445],[-106.728428,44.144465],[-106.728415,44.1481],[-106.723388,44.148081]]]}},{"type":"Feature","properties":{"q":"SENW","ac":40.0},"geometry":{"type":"Polygon","coordinates":[[[-106.738451,44.101061],[-106.743477,44.101161],[-106.743488,44.104777],[-106.738459,44.104684],[-106.738451,44.101061]]]}},{"type":"Feature","properties":{"q":"SESW","ac":39.5},"geometry":{"type":"Polygon","coordinates":[[[-106.763608,44.126733],[-106.758581,44.126679],[-106.75858,44.123104],[-106.763606,44.123149],[-106.763608,44.126733]]]}},{"type":"Feature","properties":{"q":"NENW","ac":40.3},"geometry":{"type":"Polygon","coordinates":[[[-106.657952,44.133069],[-106.662998,44.133078],[-106.66301,44.136714],[-106.657962,44.136706],[-106.657952,44.133069]]]}},{"type":"Feature","properties":{"q":"SESE","ac":40.2},"geometry":{"type":"Polygon","coordinates":[[[-106.728392,44.111765],[-106.728401,44.108131],[-106.733433,44.108218],[-106.733427,44.111846],[-106.728392,44.111765]]]}},{"type":"Feature","properties":{"q":"NESW","ac":40.3},"geometry":{"type":"Polygon","coordinates":[[[-106.678142,44.144095],[-106.678142,44.14046],[-106.683186,44.140512],[-106.683188,44.144148],[-106.678142,44.144095]]]}},{"type":"Feature","properties":{"q":"SESE","ac":40.3},"geometry":{"type":"Polygon","coordinates":[[[-106.647853,44.140319],[-106.647866,44.136691],[-106.652914,44.136699],[-106.652903,44.140328],[-106.647853,44.140319]]]}},{"type":"Feature","properties":{"q":"NWSE","ac":40.2},"geometry":{"type":"Polygon","coordinates":[[[-106.678181,44.154993],[-106.67822,44.15862],[-106.673177,44.158565],[-106.673134,44.154938],[-106.678181,44.154993]]]}},{"type":"Feature","properties":{"q":"NWSW","ac":40.1},"geometry":{"type":"Polygon","coordinates":[[[-106.70321,44.126196],[-106.70823,44.126256],[-106.70827,44.129894],[-106.703246,44.129834],[-106.70321,44.126196]]]}},{"type":"Feature","properties":{"q":"NWSW","ac":40.3},"geometry":{"type":"Polygon","coordinates":[[[-106.668054,44.140355],[-106.668049,44.143989],[-106.662997,44.143979],[-106.663003,44.140346],[-106.668054,44.140355]]]}},{"type":"Feature","properties":{"q":"SENW","ac":40.3},"geometry":{"type":"Polygon","coordinates":[[[-106.718332,44.104458],[-106.718333,44.100818],[-106.723366,44.100839],[-106.723366,44.104477],[-106.718332,44.104458]]]}},{"type":"Feature","properties":{"q":"NENW","ac":40.1},"geometry":{"type":"Polygon","coordinates":[[[-106.703174,44.122558],[-106.698157,44.122498],[-106.698179,44.118861],[-106.703194,44.11892],[-106.703174,44.122558]]]}},{"type":"Feature","properties":{"q":"SESE","ac":40.0},"geometry":{"type":"Polygon","coordinates":[[[-106.70835,44.137171],[-106.713376,44.137176],[-106.713361,44.140799],[-106.708335,44.140788],[-106.70835,44.137171]]]}},{"type":"Feature","properties":{"q":"NENW","ac":40.3},"geometry":{"type":"Polygon","coordinates":[[[-106.723334,44.11902],[-106.723324,44.122655],[-106.718279,44.122642],[-106.718292,44.119007],[-106.723334,44.11902]]]}},{"type":"Feature","properties":{"q":"5","ac":33.7},"geometry":{"type":"Polygon","coordinates":[[[-106.768017,44.159035],[-106.768047,44.1625],[-106.763663,44.162514],[-106.763589,44.159019],[-106.768017,44.159035]]]}},{"type":"Feature","properties":{"q":"SESW","ac":40.3},"geometry":{"type":"Polygon","coordinates":[[[-106.657922,44.122157],[-106.662961,44.12217],[-106.662973,44.125806],[-106.657932,44.125794],[-106.657922,44.122157]]]}},{"type":"Feature","properties":{"q":"SWSE","ac":40.3},"geometry":{"type":"Polygon","coordinates":[[[-106.652914,44.136699],[-106.657962,44.136706],[-106.657953,44.140337],[-106.652903,44.140328],[-106.652914,44.136699]]]}},{"type":"Feature","properties":{"q":"SENW","ac":39.8},"geometry":{"type":"Polygon","coordinates":[[[-106.738442,44.144504],[-106.743449,44.144523],[-106.743424,44.148135],[-106.738421,44.148123],[-106.738442,44.144504]]]}},{"type":"Feature","properties":{"q":"SENE","ac":40.2},"geometry":{"type":"Polygon","coordinates":[[[-106.728376,44.119033],[-106.728384,44.115399],[-106.733421,44.115474],[-106.733414,44.119101],[-106.728376,44.119033]]]}},{"type":"Feature","properties":{"q":"NWNW","ac":40.3},"geometry":{"type":"Polygon","coordinates":[[[-106.668044,44.133087],[-106.668058,44.136721],[-106.66301,44.136714],[-106.662998,44.133078],[-106.668044,44.133087]]]}},{"type":"Feature","properties":{"q":"SWNW","ac":40.3},"geometry":{"type":"Polygon","coordinates":[[[-106.743704,44.162588],[-106.743632,44.158969],[-106.748702,44.158966],[-106.74877,44.162581],[-106.743704,44.162588]]]}},{"type":"Feature","properties":{"q":"NENE","ac":40.2},"geometry":{"type":"Polygon","coordinates":[[[-106.70835,44.137171],[-106.70831,44.133532],[-106.713341,44.13354],[-106.713376,44.137176],[-106.70835,44.137171]]]}},{"type":"Feature","properties":{"q":"NESW","ac":40.3},"geometry":{"type":"Polygon","coordinates":[[[-106.658068,44.100318],[-106.658071,44.096677],[-106.663107,44.096706],[-106.663107,44.100345],[-106.658068,44.100318]]]}},{"type":"Feature","properties":{"q":"NESW","ac":40.3},"geometry":{"type":"Polygon","coordinates":[[[-106.657932,44.125794],[-106.662973,44.125806],[-106.662986,44.129442],[-106.657942,44.129432],[-106.657932,44.125794]]]}},{"type":"Feature","properties":{"q":"SWNE","ac":40.4},"geometry":{"type":"Polygon","coordinates":[[[-106.653022,44.103935],[-106.653029,44.100291],[-106.658068,44.100318],[-106.658065,44.103959],[-106.653022,44.103935]]]}},{"type":"Feature","properties":{"q":"SWNE","ac":40.3},"geometry":{"type":"Polygon","coordinates":[[[-106.652891,44.143958],[-106.657944,44.143968],[-106.657935,44.147599],[-106.65288,44.147587],[-106.652891,44.143958]]]}},{"type":"Feature","properties":{"q":"NWNE","ac":40.1},"geometry":{"type":"Polygon","coordinates":[[[-106.673172,44.10769],[-106.673168,44.104054],[-106.678185,44.1041],[-106.67819,44.107737],[-106.673172,44.10769]]]}},{"type":"Feature","properties":{"q":"NENE","ac":40.2},"geometry":{"type":"Polygon","coordinates":[[[-106.728376,44.119033],[-106.733414,44.119101],[-106.733408,44.122728],[-106.728368,44.122667],[-106.728376,44.119033]]]}},{"type":"Feature","properties":{"q":"2","ac":32.9},"geometry":{"type":"Polygon","coordinates":[[[-106.758681,44.162531],[-106.75875,44.165555],[-106.755239,44.16557],[-106.753785,44.165573],[-106.753723,44.162556],[-106.758681,44.162531]]]}},{"type":"Feature","properties":{"q":"NWNE","ac":40.3},"geometry":{"type":"Polygon","coordinates":[[[-106.652914,44.136699],[-106.652906,44.13306],[-106.657952,44.133069],[-106.657962,44.136706],[-106.652914,44.136699]]]}},{"type":"Feature","properties":{"q":"NWSW","ac":40.4},"geometry":{"type":"Polygon","coordinates":[[[-106.688311,44.155103],[-106.688379,44.158731],[-106.6833,44.158676],[-106.683246,44.155048],[-106.688311,44.155103]]]}},{"type":"Feature","properties":{"q":"SWSE","ac":39.9},"geometry":{"type":"Polygon","coordinates":[[[-106.718346,44.151688],[-106.718412,44.155307],[-106.713404,44.155283],[-106.713318,44.151664],[-106.718346,44.151688]]]}},{"type":"Feature","properties":{"q":"NESW","ac":40.4},"geometry":{"type":"Polygon","coordinates":[[[-106.678181,44.154993],[-106.683246,44.155048],[-106.6833,44.158676],[-106.67822,44.15862],[-106.678181,44.154993]]]}},{"type":"Feature","properties":{"q":"NWSW","ac":40.2},"geometry":{"type":"Polygon","coordinates":[[[-106.683115,44.125967],[-106.688149,44.126016],[-106.688175,44.129653],[-106.683138,44.129603],[-106.683115,44.125967]]]}},{"type":"Feature","properties":{"q":"NWSE","ac":40.4},"geometry":{"type":"Polygon","coordinates":[[[-106.658027,44.111239],[-106.657992,44.114878],[-106.652949,44.114861],[-106.652982,44.111219],[-106.658027,44.111239]]]}},{"type":"Feature","properties":{"q":"SWNW","ac":40.3},"geometry":{"type":"Polygon","coordinates":[[[-106.668078,44.114913],[-106.668039,44.118549],[-106.662998,44.118533],[-106.663035,44.114896],[-106.668078,44.114913]]]}},{"type":"Feature","properties":{"q":"NESW","ac":39.8},"geometry":{"type":"Polygon","coordinates":[[[-106.758549,44.141103],[-106.763579,44.141166],[-106.763541,44.14477],[-106.758513,44.144694],[-106.758549,44.141103]]]}},{"type":"Feature","properties":{"q":"NESE","ac":40.2},"geometry":{"type":"Polygon","coordinates":[[[-106.647858,44.154825],[-106.652909,44.154839],[-106.65295,44.158463],[-106.647904,44.158447],[-106.647858,44.154825]]]}},{"type":"Feature","properties":{"q":"SENE","ac":40.3},"geometry":{"type":"Polygon","coordinates":[[[-106.668045,44.147623],[-106.668049,44.143989],[-106.673096,44.144042],[-106.673093,44.147677],[-106.668045,44.147623]]]}},{"type":"Feature","properties":{"q":"SESW","ac":40.3},"geometry":{"type":"Polygon","coordinates":[[[-106.663024,44.154869],[-106.657961,44.154854],[-106.657926,44.151229],[-106.662984,44.151243],[-106.663024,44.154869]]]}},{"type":"Feature","properties":{"q":"NENW","ac":40.4},"geometry":{"type":"Polygon","coordinates":[[[-106.658065,44.103959],[-106.663108,44.103983],[-106.663108,44.107621],[-106.658062,44.1076],[-106.658065,44.103959]]]}},{"type":"Feature","properties":{"q":"NESW","ac":40.0},"geometry":{"type":"Polygon","coordinates":[[[-106.718412,44.155307],[-106.723443,44.155331],[-106.723513,44.15895],[-106.718478,44.158926],[-106.718412,44.155307]]]}},{"type":"Feature","properties":{"q":"SENW","ac":40.0},"geometry":{"type":"Polygon","coordinates":[[[-106.718478,44.158926],[-106.723513,44.15895],[-106.723562,44.16257],[-106.718544,44.162546],[-106.718478,44.158926]]]}},{"type":"Feature","properties":{"q":"SWNE","ac":40.2},"geometry":{"type":"Polygon","coordinates":[[[-106.673102,44.114962],[-106.678126,44.115009],[-106.678094,44.118645],[-106.673067,44.118597],[-106.673102,44.114962]]]}},{"type":"Feature","properties":{"q":"NWSW","ac":40.1},"geometry":{"type":"Polygon","coordinates":[[[-106.683191,44.096873],[-106.688207,44.096919],[-106.688213,44.100556],[-106.683196,44.10051],[-106.683191,44.096873]]]}},{"type":"Feature","properties":{"q":"SWNW","ac":40.1},"geometry":{"type":"Polygon","coordinates":[[[-106.703194,44.11892],[-106.703214,44.115283],[-106.708227,44.115342],[-106.708209,44.11898],[-106.703194,44.11892]]]}},{"type":"Feature","properties":{"q":"NWNE","ac":40.3},"geometry":{"type":"Polygon","coordinates":[[[-106.652869,44.151216],[-106.65288,44.147587],[-106.657935,44.147599],[-106.657926,44.151229],[-106.652869,44.151216]]]}},{"type":"Feature","properties":{"q":"NWSE","ac":40.1},"geometry":{"type":"Polygon","coordinates":[[[-106.693222,44.096971],[-106.698236,44.097024],[-106.698239,44.100666],[-106.693226,44.100611],[-106.693222,44.096971]]]}},{"type":"Feature","properties":{"q":"SENW","ac":40.3},"geometry":{"type":"Polygon","coordinates":[[[-106.657952,44.133069],[-106.657942,44.129432],[-106.662986,44.129442],[-106.662998,44.133078],[-106.657952,44.133069]]]}},{"type":"Feature","properties":{"q":"3","ac":37.3},"geometry":{"type":"Polygon","coordinates":[[[-106.679629,44.165655],[-106.678296,44.165648],[-106.67826,44.162287],[-106.683337,44.162321],[-106.68337,44.165642],[-106.679629,44.165655]]]}},{"type":"Feature","properties":{"q":"NENE","ac":40.4},"geometry":{"type":"Polygon","coordinates":[[[-106.64786,44.133051],[-106.652906,44.13306],[-106.652914,44.136699],[-106.647866,44.136691],[-106.64786,44.133051]]]}},{"type":"Feature","properties":{"q":"SESW","ac":40.1},"geometry":{"type":"Polygon","coordinates":[[[-106.718388,44.140809],[-106.718402,44.137182],[-106.723428,44.137188],[-106.723415,44.140819],[-106.718388,44.140809]]]}}]}