{"type":"FeatureCollection","note":"BLM Public Land Survey System. Provided by the Bureau of Land Management as is. These data are neither legal documents nor land surveys and must not be used as such.","features":[{"type":"Feature","properties":{"q":"NWSW","ac":40.5},"geometry":{"type":"Polygon","coordinates":[[[-104.94037,43.496375],[-104.940342,43.500012],[-104.935328,43.500044],[-104.935356,43.496401],[-104.94037,43.496375]]]}},{"type":"Feature","properties":{"q":"NESW","ac":40.4},"geometry":{"type":"Polygon","coordinates":[[[-104.955325,43.496229],[-104.955297,43.499882],[-104.950316,43.499926],[-104.950344,43.496266],[-104.955325,43.496229]]]}},{"type":"Feature","properties":{"q":"SESW","ac":40.7},"geometry":{"type":"Polygon","coordinates":[[[-104.935635,43.481839],[-104.930606,43.481834],[-104.930684,43.478186],[-104.934316,43.4782],[-104.935718,43.478202],[-104.935635,43.481839]]]}},{"type":"Feature","properties":{"q":"SENW","ac":40.6},"geometry":{"type":"Polygon","coordinates":[[[-104.910376,43.489477],[-104.910439,43.485839],[-104.915459,43.485663],[-104.915394,43.489315],[-104.910376,43.489477]]]}},{"type":"Feature","properties":{"q":"1","ac":40.4},"geometry":{"type":"Polygon","coordinates":[[[-104.960434,43.488863],[-104.960298,43.492545],[-104.955353,43.492575],[-104.95547,43.488915],[-104.960434,43.488863]]]}},{"type":"Feature","properties":{"q":"NWSE","ac":40.6},"geometry":{"type":"Polygon","coordinates":[[[-104.950588,43.485329],[-104.945581,43.485402],[-104.94568,43.481757],[-104.950696,43.481668],[-104.950588,43.485329]]]}},{"type":"Feature","properties":{"q":"SWSW","ac":40.7},"geometry":{"type":"Polygon","coordinates":[[[-104.920342,43.492819],[-104.920313,43.496478],[-104.915299,43.496616],[-104.915328,43.492967],[-104.920342,43.492819]]]}},{"type":"Feature","properties":{"q":"3","ac":40.3},"geometry":{"type":"Polygon","coordinates":[[[-104.955325,43.496229],[-104.960286,43.496192],[-104.960273,43.499839],[-104.955297,43.499882],[-104.955325,43.496229]]]}},{"type":"Feature","properties":{"q":"SWSE","ac":40.8},"geometry":{"type":"Polygon","coordinates":[[[-104.925577,43.481827],[-104.92565,43.47817],[-104.929288,43.478184],[-104.930684,43.478186],[-104.930606,43.481834],[-104.925577,43.481827]]]}},{"type":"Feature","properties":{"q":"SESE","ac":40.3},"geometry":{"type":"Polygon","coordinates":[[[-104.945385,43.492671],[-104.945357,43.49632],[-104.94037,43.496375],[-104.940397,43.492737],[-104.945385,43.492671]]]}},{"type":"Feature","properties":{"q":"4","ac":40.1},"geometry":{"type":"Polygon","coordinates":[[[-104.955353,43.492575],[-104.960298,43.492545],[-104.960286,43.496192],[-104.955325,43.496229],[-104.955353,43.492575]]]}},{"type":"Feature","properties":{"q":"SESW","ac":40.4},"geometry":{"type":"Polygon","coordinates":[[[-104.955353,43.492575],[-104.955325,43.496229],[-104.950344,43.496266],[-104.950372,43.492605],[-104.955353,43.492575]]]}},{"type":"Feature","properties":{"q":"NESE","ac":40.3},"geometry":{"type":"Polygon","coordinates":[[[-104.945329,43.499969],[-104.940342,43.500012],[-104.94037,43.496375],[-104.945357,43.49632],[-104.945329,43.499969]]]}},{"type":"Feature","properties":{"q":"2","ac":40.5},"geometry":{"type":"Polygon","coordinates":[[[-104.960571,43.485181],[-104.960434,43.488863],[-104.95547,43.488915],[-104.955588,43.485255],[-104.960571,43.485181]]]}},{"type":"Feature","properties":{"q":"SESW","ac":41.0},"geometry":{"type":"Polygon","coordinates":[[[-104.954424,43.47792],[-104.955831,43.477904],[-104.95571,43.481584],[-104.950696,43.481668],[-104.950805,43.478007],[-104.954424,43.47792]]]}},{"type":"Feature","properties":{"q":"NENW","ac":40.6},"geometry":{"type":"Polygon","coordinates":[[[-104.935467,43.489118],[-104.935384,43.492757],[-104.93037,43.492778],[-104.930449,43.48913],[-104.935467,43.489118]]]}},{"type":"Feature","properties":{"q":"SWNW","ac":40.8},"geometry":{"type":"Polygon","coordinates":[[[-104.920479,43.485486],[-104.920411,43.489152],[-104.915394,43.489315],[-104.915459,43.485663],[-104.920479,43.485486]]]}},{"type":"Feature","properties":{"q":"SWSW","ac":40.7},"geometry":{"type":"Polygon","coordinates":[[[-104.915525,43.482014],[-104.915591,43.478382],[-104.919233,43.478214],[-104.920616,43.478153],[-104.920548,43.48182],[-104.915525,43.482014]]]}},{"type":"Feature","properties":{"q":"SWNE","ac":40.7},"geometry":{"type":"Polygon","coordinates":[[[-104.930527,43.485481],[-104.930449,43.48913],[-104.92543,43.489141],[-104.925503,43.485484],[-104.930527,43.485481]]]}},{"type":"Feature","properties":{"q":"SESW","ac":40.6},"geometry":{"type":"Polygon","coordinates":[[[-104.910313,43.493116],[-104.915328,43.492967],[-104.915299,43.496616],[-104.910284,43.496754],[-104.910313,43.493116]]]}},{"type":"Feature","properties":{"q":"SWSW","ac":40.5},"geometry":{"type":"Polygon","coordinates":[[[-104.940397,43.492737],[-104.94037,43.496375],[-104.935356,43.496401],[-104.935384,43.492757],[-104.940397,43.492737]]]}},{"type":"Feature","properties":{"q":"SESE","ac":40.9},"geometry":{"type":"Polygon","coordinates":[[[-104.920616,43.478153],[-104.924259,43.478168],[-104.92565,43.47817],[-104.925577,43.481827],[-104.920548,43.48182],[-104.920616,43.478153]]]}},{"type":"Feature","properties":{"q":"NESW","ac":40.6},"geometry":{"type":"Polygon","coordinates":[[[-104.915299,43.496616],[-104.915269,43.500265],[-104.910255,43.500392],[-104.910284,43.496754],[-104.915299,43.496616]]]}},{"type":"Feature","properties":{"q":"NESE","ac":40.9},"geometry":{"type":"Polygon","coordinates":[[[-104.925577,43.481827],[-104.925503,43.485484],[-104.920479,43.485486],[-104.920548,43.48182],[-104.925577,43.481827]]]}},{"type":"Feature","properties":{"q":"NESW","ac":40.7},"geometry":{"type":"Polygon","coordinates":[[[-104.935635,43.481839],[-104.935551,43.485479],[-104.930527,43.485481],[-104.930606,43.481834],[-104.935635,43.481839]]]}},{"type":"Feature","properties":{"q":"SESE","ac":40.6},"geometry":{"type":"Polygon","coordinates":[[[-104.945778,43.478111],[-104.94568,43.481757],[-104.940663,43.481845],[-104.940752,43.478215],[-104.944371,43.478127],[-104.945778,43.478111]]]}},{"type":"Feature","properties":{"q":"3","ac":40.7},"geometry":{"type":"Polygon","coordinates":[[[-104.960707,43.481499],[-104.960571,43.485181],[-104.955588,43.485255],[-104.95571,43.481584],[-104.960707,43.481499]]]}},{"type":"Feature","properties":{"q":"NENW","ac":40.4},"geometry":{"type":"Polygon","coordinates":[[[-104.95547,43.488915],[-104.955353,43.492575],[-104.950372,43.492605],[-104.95048,43.488967],[-104.95547,43.488915]]]}},{"type":"Feature","properties":{"q":"NENE","ac":40.3},"geometry":{"type":"Polygon","coordinates":[[[-104.945483,43.489037],[-104.945385,43.492671],[-104.940397,43.492737],[-104.940486,43.489107],[-104.945483,43.489037]]]}},{"type":"Feature","properties":{"q":"NENW","ac":40.6},"geometry":{"type":"Polygon","coordinates":[[[-104.915394,43.489315],[-104.915328,43.492967],[-104.910313,43.493116],[-104.910376,43.489477],[-104.915394,43.489315]]]}},{"type":"Feature","properties":{"q":"SWSE","ac":40.7},"geometry":{"type":"Polygon","coordinates":[[[-104.93037,43.492778],[-104.930341,43.496427],[-104.925327,43.496453],[-104.925356,43.492798],[-104.93037,43.492778]]]}},{"type":"Feature","properties":{"q":"SESW","ac":40.6},"geometry":{"type":"Polygon","coordinates":[[[-104.935384,43.492757],[-104.935356,43.496401],[-104.930341,43.496427],[-104.93037,43.492778],[-104.935384,43.492757]]]}},{"type":"Feature","properties":{"q":"SWSE","ac":40.8},"geometry":{"type":"Polygon","coordinates":[[[-104.949398,43.478023],[-104.950805,43.478007],[-104.950696,43.481668],[-104.94568,43.481757],[-104.945778,43.478111],[-104.949398,43.478023]]]}},{"type":"Feature","properties":{"q":"SENE","ac":40.8},"geometry":{"type":"Polygon","coordinates":[[[-104.925503,43.485484],[-104.92543,43.489141],[-104.920411,43.489152],[-104.920479,43.485486],[-104.925503,43.485484]]]}},{"type":"Feature","properties":{"q":"SWSW","ac":40.6},"geometry":{"type":"Polygon","coordinates":[[[-104.935718,43.478202],[-104.939345,43.478216],[-104.940752,43.478215],[-104.940663,43.481845],[-104.935635,43.481839],[-104.935718,43.478202]]]}},{"type":"Feature","properties":{"q":"SESE","ac":40.7},"geometry":{"type":"Polygon","coordinates":[[[-104.920342,43.492819],[-104.925356,43.492798],[-104.925327,43.496453],[-104.920313,43.496478],[-104.920342,43.492819]]]}},{"type":"Feature","properties":{"q":"NWNW","ac":40.7},"geometry":{"type":"Polygon","coordinates":[[[-104.915394,43.489315],[-104.920411,43.489152],[-104.920342,43.492819],[-104.915328,43.492967],[-104.915394,43.489315]]]}},{"type":"Feature","properties":{"q":"NWSW","ac":40.8},"geometry":{"type":"Polygon","coordinates":[[[-104.915525,43.482014],[-104.920548,43.48182],[-104.920479,43.485486],[-104.915459,43.485663],[-104.915525,43.482014]]]}},{"type":"Feature","properties":{"q":"NWSE","ac":40.8},"geometry":{"type":"Polygon","coordinates":[[[-104.925577,43.481827],[-104.930606,43.481834],[-104.930527,43.485481],[-104.925503,43.485484],[-104.925577,43.481827]]]}},{"type":"Feature","properties":{"q":"SENW","ac":40.5},"geometry":{"type":"Polygon","coordinates":[[[-104.95048,43.488967],[-104.950588,43.485329],[-104.955588,43.485255],[-104.95547,43.488915],[-104.95048,43.488967]]]}},{"type":"Feature","properties":{"q":"4","ac":41.0},"geometry":{"type":"Polygon","coordinates":[[[-104.960844,43.477817],[-104.960707,43.481499],[-104.95571,43.481584],[-104.955831,43.477904],[-104.959066,43.477832],[-104.960844,43.477817]]]}},{"type":"Feature","properties":{"q":"SWSE","ac":40.5},"geometry":{"type":"Polygon","coordinates":[[[-104.950372,43.492605],[-104.950344,43.496266],[-104.945357,43.49632],[-104.945385,43.492671],[-104.950372,43.492605]]]}},{"type":"Feature","properties":{"q":"NESE","ac":40.7},"geometry":{"type":"Polygon","coordinates":[[[-104.925327,43.496453],[-104.925298,43.500107],[-104.920283,43.500138],[-104.920313,43.496478],[-104.925327,43.496453]]]}},{"type":"Feature","properties":{"q":"SENE","ac":40.3},"geometry":{"type":"Polygon","coordinates":[[[-104.945581,43.485402],[-104.945483,43.489037],[-104.940486,43.489107],[-104.940575,43.485476],[-104.945581,43.485402]]]}},{"type":"Feature","properties":{"q":"NWSW","ac":40.7},"geometry":{"type":"Polygon","coordinates":[[[-104.915269,43.500265],[-104.915299,43.496616],[-104.920313,43.496478],[-104.920283,43.500138],[-104.915269,43.500265]]]}},{"type":"Feature","properties":{"q":"NWSE","ac":40.5},"geometry":{"type":"Polygon","coordinates":[[[-104.950344,43.496266],[-104.950316,43.499926],[-104.945329,43.499969],[-104.945357,43.49632],[-104.950344,43.496266]]]}},{"type":"Feature","properties":{"q":"SWNW","ac":40.5},"geometry":{"type":"Polygon","coordinates":[[[-104.935551,43.485479],[-104.940575,43.485476],[-104.940486,43.489107],[-104.935467,43.489118],[-104.935551,43.485479]]]}},{"type":"Feature","properties":{"q":"SENW","ac":40.6},"geometry":{"type":"Polygon","coordinates":[[[-104.935551,43.485479],[-104.935467,43.489118],[-104.930449,43.48913],[-104.930527,43.485481],[-104.935551,43.485479]]]}},{"type":"Feature","properties":{"q":"NWNE","ac":40.3},"geometry":{"type":"Polygon","coordinates":[[[-104.945483,43.489037],[-104.95048,43.488967],[-104.950372,43.492605],[-104.945385,43.492671],[-104.945483,43.489037]]]}},{"type":"Feature","properties":{"q":"SWNE","ac":40.4},"geometry":{"type":"Polygon","coordinates":[[[-104.950588,43.485329],[-104.95048,43.488967],[-104.945483,43.489037],[-104.945581,43.485402],[-104.950588,43.485329]]]}},{"type":"Feature","properties":{"q":"SESW","ac":40.6},"geometry":{"type":"Polygon","coordinates":[[[-104.915591,43.478382],[-104.915525,43.482014],[-104.910502,43.482209],[-104.910564,43.478579],[-104.914198,43.478412],[-104.915591,43.478382]]]}},{"type":"Feature","properties":{"q":"NENE","ac":40.8},"geometry":{"type":"Polygon","coordinates":[[[-104.92543,43.489141],[-104.925356,43.492798],[-104.920342,43.492819],[-104.920411,43.489152],[-104.92543,43.489141]]]}},{"type":"Feature","properties":{"q":"NWNW","ac":40.5},"geometry":{"type":"Polygon","coordinates":[[[-104.940486,43.489107],[-104.940397,43.492737],[-104.935384,43.492757],[-104.935467,43.489118],[-104.940486,43.489107]]]}},{"type":"Feature","properties":{"q":"NWNE","ac":40.7},"geometry":{"type":"Polygon","coordinates":[[[-104.930449,43.48913],[-104.93037,43.492778],[-104.925356,43.492798],[-104.92543,43.489141],[-104.930449,43.48913]]]}},{"type":"Feature","properties":{"q":"NESW","ac":40.6},"geometry":{"type":"Polygon","coordinates":[[[-104.915525,43.482014],[-104.915459,43.485663],[-104.910439,43.485839],[-104.910502,43.482209],[-104.915525,43.482014]]]}},{"type":"Feature","properties":{"q":"NESE","ac":40.5},"geometry":{"type":"Polygon","coordinates":[[[-104.94568,43.481757],[-104.945581,43.485402],[-104.940575,43.485476],[-104.940663,43.481845],[-104.94568,43.481757]]]}},{"type":"Feature","properties":{"q":"NWSE","ac":40.7},"geometry":{"type":"Polygon","coordinates":[[[-104.930313,43.500075],[-104.925298,43.500107],[-104.925327,43.496453],[-104.930341,43.496427],[-104.930313,43.500075]]]}},{"type":"Feature","properties":{"q":"NESW","ac":40.7},"geometry":{"type":"Polygon","coordinates":[[[-104.95571,43.481584],[-104.955588,43.485255],[-104.950588,43.485329],[-104.950696,43.481668],[-104.95571,43.481584]]]}},{"type":"Feature","properties":{"q":"NESW","ac":40.6},"geometry":{"type":"Polygon","coordinates":[[[-104.935356,43.496401],[-104.935328,43.500044],[-104.930313,43.500075],[-104.930341,43.496427],[-104.935356,43.496401]]]}},{"type":"Feature","properties":{"q":"NWSW","ac":40.6},"geometry":{"type":"Polygon","coordinates":[[[-104.935635,43.481839],[-104.940663,43.481845],[-104.940575,43.485476],[-104.935551,43.485479],[-104.935635,43.481839]]]}},{"type":"Feature","properties":{"q":"NWSE","ac":40.4},"geometry":{"type":"Polygon","coordinates":[[[-104.910439,43.485839],[-104.905418,43.486016],[-104.905478,43.482395],[-104.910502,43.482209],[-104.910439,43.485839]]]}},{"type":"Feature","properties":{"q":"NENE","ac":40.3},"geometry":{"type":"Polygon","coordinates":[[[-104.905299,43.493264],[-104.900284,43.493413],[-104.900341,43.489802],[-104.905359,43.48964],[-104.905299,43.493264]]]}},{"type":"Feature","properties":{"q":"SWNE","ac":40.5},"geometry":{"type":"Polygon","coordinates":[[[-104.905359,43.48964],[-104.905418,43.486016],[-104.910439,43.485839],[-104.910376,43.489477],[-104.905359,43.48964]]]}},{"type":"Feature","properties":{"q":"NWNE","ac":40.4},"geometry":{"type":"Polygon","coordinates":[[[-104.905299,43.493264],[-104.905359,43.48964],[-104.910376,43.489477],[-104.910313,43.493116],[-104.905299,43.493264]]]}},{"type":"Feature","properties":{"q":"SESE","ac":40.5},"geometry":{"type":"Polygon","coordinates":[[[-104.900455,43.482581],[-104.900512,43.478971],[-104.904129,43.478805],[-104.905538,43.478775],[-104.905478,43.482395],[-104.900455,43.482581]]]}},{"type":"Feature","properties":{"q":"NESE","ac":40.3},"geometry":{"type":"Polygon","coordinates":[[[-104.900398,43.486192],[-104.900455,43.482581],[-104.905478,43.482395],[-104.905418,43.486016],[-104.900398,43.486192]]]}},{"type":"Feature","properties":{"q":"NESE","ac":40.3},"geometry":{"type":"Polygon","coordinates":[[[-104.900228,43.500645],[-104.900256,43.497029],[-104.90527,43.496891],[-104.905241,43.500518],[-104.900228,43.500645]]]}},{"type":"Feature","properties":{"q":"NWSE","ac":40.4},"geometry":{"type":"Polygon","coordinates":[[[-104.90527,43.496891],[-104.910284,43.496754],[-104.910255,43.500392],[-104.905241,43.500518],[-104.90527,43.496891]]]}},{"type":"Feature","properties":{"q":"SWSE","ac":40.4},"geometry":{"type":"Polygon","coordinates":[[[-104.905299,43.493264],[-104.910313,43.493116],[-104.910284,43.496754],[-104.90527,43.496891],[-104.905299,43.493264]]]}},{"type":"Feature","properties":{"q":"SENE","ac":40.3},"geometry":{"type":"Polygon","coordinates":[[[-104.900398,43.486192],[-104.905418,43.486016],[-104.905359,43.48964],[-104.900341,43.489802],[-104.900398,43.486192]]]}},{"type":"Feature","properties":{"q":"SESE","ac":40.3},"geometry":{"type":"Polygon","coordinates":[[[-104.90527,43.496891],[-104.900256,43.497029],[-104.900284,43.493413],[-104.905299,43.493264],[-104.90527,43.496891]]]}},{"type":"Feature","properties":{"q":"SWSE","ac":40.6},"geometry":{"type":"Polygon","coordinates":[[[-104.905538,43.478775],[-104.909163,43.478608],[-104.910564,43.478579],[-104.910502,43.482209],[-104.905478,43.482395],[-104.905538,43.478775]]]}},{"type":"Feature","properties":{"q":"NENW","ac":40.5},"geometry":{"type":"Polygon","coordinates":[[[-104.91524,43.503914],[-104.915211,43.507562],[-104.910197,43.507667],[-104.910226,43.504029],[-104.91524,43.503914]]]}},{"type":"Feature","properties":{"q":"NWSE","ac":40.4},"geometry":{"type":"Polygon","coordinates":[[[-104.950271,43.510838],[-104.950281,43.514484],[-104.945291,43.514526],[-104.945282,43.510882],[-104.950271,43.510838]]]}},{"type":"Feature","properties":{"q":"NWNW","ac":40.5},"geometry":{"type":"Polygon","coordinates":[[[-104.940315,43.50365],[-104.940287,43.507287],[-104.935271,43.50733],[-104.9353,43.503687],[-104.940315,43.50365]]]}},{"type":"Feature","properties":{"q":"NWSW","ac":40.7},"geometry":{"type":"Polygon","coordinates":[[[-104.920137,43.529389],[-104.91512,43.529439],[-104.915166,43.525793],[-104.920185,43.525734],[-104.920137,43.529389]]]}},{"type":"Feature","properties":{"q":"NESE","ac":40.6},"geometry":{"type":"Polygon","coordinates":[[[-104.925146,43.529324],[-104.920137,43.529389],[-104.920185,43.525734],[-104.9252,43.525672],[-104.925146,43.529324]]]}},{"type":"Feature","properties":{"q":"SENE","ac":40.7},"geometry":{"type":"Polygon","coordinates":[[[-104.925247,43.514718],[-104.92525,43.518369],[-104.920231,43.518423],[-104.920229,43.514768],[-104.925247,43.514718]]]}},{"type":"Feature","properties":{"q":"SESE","ac":40.3},"geometry":{"type":"Polygon","coordinates":[[[-104.945274,43.507239],[-104.945282,43.510882],[-104.940294,43.510927],[-104.940287,43.507287],[-104.945274,43.507239]]]}},{"type":"Feature","properties":{"q":"NWSE","ac":40.6},"geometry":{"type":"Polygon","coordinates":[[[-104.925146,43.529324],[-104.9252,43.525672],[-104.930214,43.52561],[-104.930156,43.529258],[-104.925146,43.529324]]]}},{"type":"Feature","properties":{"q":"SESW","ac":40.2},"geometry":{"type":"Polygon","coordinates":[[[-104.950231,43.525382],[-104.950302,43.52174],[-104.955287,43.521705],[-104.955216,43.525339],[-104.950231,43.525382]]]}},{"type":"Feature","properties":{"q":"NENE","ac":40.3},"geometry":{"type":"Polygon","coordinates":[[[-104.945299,43.518159],[-104.945307,43.521793],[-104.940313,43.521846],[-104.940306,43.518206],[-104.945299,43.518159]]]}},{"type":"Feature","properties":{"q":"NWSE","ac":40.3},"geometry":{"type":"Polygon","coordinates":[[[-104.950231,43.525382],[-104.95016,43.529024],[-104.945167,43.529075],[-104.945237,43.525434],[-104.950231,43.525382]]]}},{"type":"Feature","properties":{"q":"4","ac":40.4},"geometry":{"type":"Polygon","coordinates":[[[-104.955241,43.507162],[-104.960249,43.507133],[-104.960249,43.510767],[-104.955253,43.510803],[-104.955241,43.507162]]]}},{"type":"Feature","properties":{"q":"SENW","ac":40.5},"geometry":{"type":"Polygon","coordinates":[[[-104.910255,43.500392],[-104.915269,43.500265],[-104.91524,43.503914],[-104.910226,43.504029],[-104.910255,43.500392]]]}},{"type":"Feature","properties":{"q":"1","ac":40.0},"geometry":{"type":"Polygon","coordinates":[[[-104.960247,43.518036],[-104.960247,43.52167],[-104.955287,43.521705],[-104.955275,43.518074],[-104.960247,43.518036]]]}},{"type":"Feature","properties":{"q":"NWNW","ac":40.6},"geometry":{"type":"Polygon","coordinates":[[[-104.935288,43.518261],[-104.940306,43.518206],[-104.940313,43.521846],[-104.935293,43.521904],[-104.935288,43.518261]]]}},{"type":"Feature","properties":{"q":"SWNW","ac":40.7},"geometry":{"type":"Polygon","coordinates":[[[-104.915211,43.514855],[-104.920229,43.514768],[-104.920231,43.518423],[-104.915211,43.518501],[-104.915211,43.514855]]]}},{"type":"Feature","properties":{"q":"NWNE","ac":40.7},"geometry":{"type":"Polygon","coordinates":[[[-104.925269,43.503761],[-104.930284,43.503724],[-104.930256,43.507372],[-104.92524,43.507415],[-104.925269,43.503761]]]}},{"type":"Feature","properties":{"q":"SESW","ac":40.3},"geometry":{"type":"Polygon","coordinates":[[[-104.950261,43.507191],[-104.955241,43.507162],[-104.955253,43.510803],[-104.950271,43.510838],[-104.950261,43.507191]]]}},{"type":"Feature","properties":{"q":"NENW","ac":40.6},"geometry":{"type":"Polygon","coordinates":[[[-104.930269,43.518315],[-104.935288,43.518261],[-104.935293,43.521904],[-104.930273,43.521962],[-104.930269,43.518315]]]}},{"type":"Feature","properties":{"q":"NWSW","ac":40.5},"geometry":{"type":"Polygon","coordinates":[[[-104.940243,43.525486],[-104.940174,43.529126],[-104.935165,43.529192],[-104.935229,43.525548],[-104.940243,43.525486]]]}},{"type":"Feature","properties":{"q":"SESW","ac":40.6},"geometry":{"type":"Polygon","coordinates":[[[-104.930214,43.52561],[-104.930273,43.521962],[-104.935293,43.521904],[-104.935229,43.525548],[-104.930214,43.52561]]]}},{"type":"Feature","properties":{"q":"NWSW","ac":40.7},"geometry":{"type":"Polygon","coordinates":[[[-104.920226,43.511113],[-104.920229,43.514768],[-104.915211,43.514855],[-104.915211,43.511209],[-104.920226,43.511113]]]}},{"type":"Feature","properties":{"q":"3","ac":40.3},"geometry":{"type":"Polygon","coordinates":[[[-104.960249,43.510767],[-104.960248,43.514401],[-104.955264,43.514443],[-104.955253,43.510803],[-104.960249,43.510767]]]}},{"type":"Feature","properties":{"q":"NESW","ac":40.2},"geometry":{"type":"Polygon","coordinates":[[[-104.955145,43.528972],[-104.95016,43.529024],[-104.950231,43.525382],[-104.955216,43.525339],[-104.955145,43.528972]]]}},{"type":"Feature","properties":{"q":"NWNW","ac":40.7},"geometry":{"type":"Polygon","coordinates":[[[-104.920231,43.518423],[-104.920234,43.522078],[-104.915212,43.522147],[-104.915211,43.518501],[-104.920231,43.518423]]]}},{"type":"Feature","properties":{"q":"NESE","ac":40.7},"geometry":{"type":"Polygon","coordinates":[[[-104.925243,43.511066],[-104.925247,43.514718],[-104.920229,43.514768],[-104.920226,43.511113],[-104.925243,43.511066]]]}},{"type":"Feature","properties":{"q":"SWNE","ac":40.7},"geometry":{"type":"Polygon","coordinates":[[[-104.925298,43.500107],[-104.930313,43.500075],[-104.930284,43.503724],[-104.925269,43.503761],[-104.925298,43.500107]]]}},{"type":"Feature","properties":{"q":"SWNW","ac":40.6},"geometry":{"type":"Polygon","coordinates":[[[-104.9403,43.514567],[-104.940306,43.518206],[-104.935288,43.518261],[-104.935282,43.514617],[-104.9403,43.514567]]]}},{"type":"Feature","properties":{"q":"SESE","ac":40.6},"geometry":{"type":"Polygon","coordinates":[[[-104.925039,43.536627],[-104.924928,43.54028],[-104.919914,43.540356],[-104.92004,43.5367],[-104.925039,43.536627]]]}},{"type":"Feature","properties":{"q":"SENW","ac":40.5},"geometry":{"type":"Polygon","coordinates":[[[-104.91512,43.529439],[-104.915075,43.533085],[-104.910061,43.533125],[-104.910104,43.529489],[-104.91512,43.529439]]]}},{"type":"Feature","properties":{"q":"SWNE","ac":39.8},"geometry":{"type":"Polygon","coordinates":[[[-104.950037,43.558],[-104.950166,43.561568],[-104.945146,43.561731],[-104.945043,43.558132],[-104.950037,43.558]]]}},{"type":"Feature","properties":{"q":"NENE","ac":40.2},"geometry":{"type":"Polygon","coordinates":[[[-104.945028,43.536326],[-104.940036,43.536406],[-104.940105,43.532766],[-104.945098,43.532701],[-104.945028,43.536326]]]}},{"type":"Feature","properties":{"q":"2","ac":40.2},"geometry":{"type":"Polygon","coordinates":[[[-104.959915,43.543374],[-104.959859,43.546975],[-104.954824,43.54705],[-104.954884,43.543456],[-104.959915,43.543374]]]}},{"type":"Feature","properties":{"q":"NENE","ac":40.3},"geometry":{"type":"Polygon","coordinates":[[[-104.939842,43.547343],[-104.944839,43.547234],[-104.944776,43.550851],[-104.939777,43.550989],[-104.939842,43.547343]]]}},{"type":"Feature","properties":{"q":"6","ac":39.8},"geometry":{"type":"Polygon","coordinates":[[[-104.959918,43.554156],[-104.960031,43.557735],[-104.955066,43.557867],[-104.954915,43.554256],[-104.959918,43.554156]]]}},{"type":"Feature","properties":{"q":"SWSE","ac":40.9},"geometry":{"type":"Polygon","coordinates":[[[-104.929656,43.551156],[-104.929748,43.554796],[-104.924694,43.55488],[-104.924596,43.55124],[-104.929656,43.551156]]]}},{"type":"Feature","properties":{"q":"SWNW","ac":40.6},"geometry":{"type":"Polygon","coordinates":[[[-104.920137,43.529389],[-104.920089,43.533045],[-104.915075,43.533085],[-104.91512,43.529439],[-104.920137,43.529389]]]}},{"type":"Feature","properties":{"q":"2","ac":41.2},"geometry":{"type":"Polygon","coordinates":[[[-104.929932,43.562066],[-104.930024,43.565713],[-104.924935,43.565816],[-104.924863,43.562151],[-104.929932,43.562066]]]}},{"type":"Feature","properties":{"q":"NWNW","ac":40.9},"geometry":{"type":"Polygon","coordinates":[[[-104.934797,43.547425],[-104.939842,43.547343],[-104.939777,43.550989],[-104.934717,43.551073],[-104.934797,43.547425]]]}},{"type":"Feature","properties":{"q":"3","ac":41.1},"geometry":{"type":"Polygon","coordinates":[[[-104.935029,43.56198],[-104.935114,43.565611],[-104.930024,43.565713],[-104.929932,43.562066],[-104.935029,43.56198]]]}},{"type":"Feature","properties":{"q":"NWNE","ac":40.5},"geometry":{"type":"Polygon","coordinates":[[[-104.925093,43.532975],[-104.930097,43.532906],[-104.930038,43.536553],[-104.925039,43.536627],[-104.925093,43.532975]]]}},{"type":"Feature","properties":{"q":"NESW","ac":40.4},"geometry":{"type":"Polygon","coordinates":[[[-104.954915,43.554256],[-104.955066,43.557867],[-104.950037,43.558],[-104.949906,43.554356],[-104.954915,43.554256]]]}},{"type":"Feature","properties":{"q":"NESW","ac":40.2},"geometry":{"type":"Polygon","coordinates":[[[-104.949958,43.539892],[-104.954944,43.539833],[-104.954884,43.543456],[-104.949897,43.543536],[-104.949958,43.539892]]]}},{"type":"Feature","properties":{"q":"NESE","ac":40.4},"geometry":{"type":"Polygon","coordinates":[[[-104.940048,43.558264],[-104.939912,43.554627],[-104.944909,43.554492],[-104.945043,43.558132],[-104.940048,43.558264]]]}},{"type":"Feature","properties":{"q":"4","ac":38.8},"geometry":{"type":"Polygon","coordinates":[[[-104.960087,43.561334],[-104.960143,43.564934],[-104.955307,43.565029],[-104.955186,43.56145],[-104.960087,43.561334]]]}},{"type":"Feature","properties":{"q":"NWNW","ac":40.6},"geometry":{"type":"Polygon","coordinates":[[[-104.92004,43.5367],[-104.915029,43.536731],[-104.915075,43.533085],[-104.920089,43.533045],[-104.92004,43.5367]]]}},{"type":"Feature","properties":{"q":"SWSE","ac":40.4},"geometry":{"type":"Polygon","coordinates":[[[-104.95002,43.536247],[-104.949958,43.539892],[-104.944965,43.539972],[-104.945028,43.536326],[-104.95002,43.536247]]]}},{"type":"Feature","properties":{"q":"SESW","ac":40.5},"geometry":{"type":"Polygon","coordinates":[[[-104.910018,43.536761],[-104.915029,43.536731],[-104.914886,43.540376],[-104.909857,43.540395],[-104.910018,43.536761]]]}},{"type":"Feature","properties":{"q":"SWNE","ac":39.9},"geometry":{"type":"Polygon","coordinates":[[[-104.949897,43.543536],[-104.949836,43.547124],[-104.944839,43.547234],[-104.944902,43.543617],[-104.949897,43.543536]]]}},{"type":"Feature","properties":{"q":"SWSW","ac":40.5},"geometry":{"type":"Polygon","coordinates":[[[-104.940036,43.536406],[-104.939971,43.540051],[-104.934957,43.540128],[-104.935037,43.536479],[-104.940036,43.536406]]]}},{"type":"Feature","properties":{"q":"SWNE","ac":40.8},"geometry":{"type":"Polygon","coordinates":[[[-104.850027,43.518735],[-104.845012,43.518717],[-104.845023,43.51506],[-104.850036,43.515067],[-104.850027,43.518735]]]}},{"type":"Feature","properties":{"q":"SWNW","ac":39.7},"geometry":{"type":"Polygon","coordinates":[[[-104.899605,43.544044],[-104.899411,43.547655],[-104.894462,43.547808],[-104.894638,43.544187],[-104.899605,43.544044]]]}},{"type":"Feature","properties":{"q":"SWSE","ac":39.2},"geometry":{"type":"Polygon","coordinates":[[[-104.865032,43.537236],[-104.870013,43.53726],[-104.86996,43.540839],[-104.865011,43.540778],[-104.865032,43.537236]]]}},{"type":"Feature","properties":{"q":"NWSE","ac":41.1},"geometry":{"type":"Polygon","coordinates":[[[-104.90451,43.558622],[-104.904403,43.554951],[-104.909462,43.554956],[-104.909548,43.558617],[-104.90451,43.558622]]]}},{"type":"Feature","properties":{"q":"SENW","ac":40.4},"geometry":{"type":"Polygon","coordinates":[[[-104.895054,43.529694],[-104.895022,43.533319],[-104.890011,43.533433],[-104.890037,43.529801],[-104.895054,43.529694]]]}},{"type":"Feature","properties":{"q":"NWSE","ac":39.0},"geometry":{"type":"Polygon","coordinates":[[[-104.864871,43.555054],[-104.869718,43.55517],[-104.869638,43.558765],[-104.864792,43.558707],[-104.864871,43.555054]]]}},{"type":"Feature","properties":{"q":"NWNE","ac":40.4},"geometry":{"type":"Polygon","coordinates":[[[-104.890011,43.533433],[-104.889986,43.537065],[-104.884981,43.537187],[-104.885,43.533547],[-104.890011,43.533433]]]}},{"type":"Feature","properties":{"q":"SENE","ac":40.5},"geometry":{"type":"Polygon","coordinates":[[[-104.880003,43.530014],[-104.88502,43.529907],[-104.885,43.533547],[-104.87999,43.533661],[-104.880003,43.530014]]]}},{"type":"Feature","properties":{"q":"NENW","ac":40.7},"geometry":{"type":"Polygon","coordinates":[[[-104.850051,43.537043],[-104.850042,43.533383],[-104.855046,43.533454],[-104.85505,43.537128],[-104.850051,43.537043]]]}},{"type":"Feature","properties":{"q":"SWSW","ac":40.5},"geometry":{"type":"Polygon","coordinates":[[[-104.875034,43.522655],[-104.880029,43.522719],[-104.880016,43.526367],[-104.875024,43.526312],[-104.875034,43.522655]]]}},{"type":"Feature","properties":{"q":"SESE","ac":41.1},"geometry":{"type":"Polygon","coordinates":[[[-104.839842,43.551702],[-104.844907,43.551584],[-104.844894,43.555256],[-104.839853,43.555361],[-104.839842,43.551702]]]}},{"type":"Feature","properties":{"q":"NWSW","ac":40.3},"geometry":{"type":"Polygon","coordinates":[[[-104.900108,43.52597],[-104.90007,43.529587],[-104.895054,43.529694],[-104.895085,43.526069],[-104.900108,43.52597]]]}},{"type":"Feature","properties":{"q":"NESW","ac":40.8},"geometry":{"type":"Polygon","coordinates":[[[-104.850026,43.526063],[-104.855038,43.526106],[-104.855042,43.52978],[-104.850034,43.529724],[-104.850026,43.526063]]]}},{"type":"Feature","properties":{"q":"SWNE","ac":40.8},"geometry":{"type":"Polygon","coordinates":[[[-104.90451,43.558622],[-104.909548,43.558617],[-104.909634,43.562257],[-104.904583,43.562268],[-104.90451,43.558622]]]}},{"type":"Feature","properties":{"q":"SWSE","ac":40.7},"geometry":{"type":"Polygon","coordinates":[[[-104.850054,43.507731],[-104.850045,43.511399],[-104.845033,43.511402],[-104.845044,43.507744],[-104.850054,43.507731]]]}},{"type":"Feature","properties":{"q":"SESW","ac":40.2},"geometry":{"type":"Polygon","coordinates":[[[-104.894991,43.536944],[-104.894814,43.540565],[-104.889828,43.540697],[-104.889986,43.537065],[-104.894991,43.536944]]]}},{"type":"Feature","properties":{"q":"SWNE","ac":40.7},"geometry":{"type":"Polygon","coordinates":[[[-104.909536,43.547662],[-104.904473,43.547659],[-104.904651,43.544036],[-104.909697,43.544028],[-104.909536,43.547662]]]}},{"type":"Feature","properties":{"q":"NWNE","ac":40.5},"geometry":{"type":"Polygon","coordinates":[[[-104.91019,43.522215],[-104.905168,43.522284],[-104.905172,43.518656],[-104.910192,43.518578],[-104.91019,43.522215]]]}},{"type":"Feature","properties":{"q":"NENE","ac":40.7},"geometry":{"type":"Polygon","coordinates":[[[-104.904473,43.547659],[-104.904296,43.551281],[-104.899216,43.551266],[-104.899411,43.547655],[-104.904473,43.547659]]]}},{"type":"Feature","properties":{"q":"NESE","ac":40.9},"geometry":{"type":"Polygon","coordinates":[[[-104.839864,43.55902],[-104.839853,43.555361],[-104.844894,43.555256],[-104.844881,43.558927],[-104.839864,43.55902]]]}},{"type":"Feature","properties":{"q":"SENE","ac":41.2},"geometry":{"type":"Polygon","coordinates":[[[-104.839947,43.544288],[-104.844979,43.544272],[-104.844943,43.547928],[-104.839894,43.547995],[-104.839947,43.544288]]]}},{"type":"Feature","properties":{"q":"SWSW","ac":39.7},"geometry":{"type":"Polygon","coordinates":[[[-104.894285,43.55143],[-104.899216,43.551266],[-104.899217,43.55494],[-104.894333,43.555052],[-104.894285,43.55143]]]}},{"type":"Feature","properties":{"q":"SESE","ac":38.8},"geometry":{"type":"Polygon","coordinates":[[[-104.860063,43.540716],[-104.86005,43.537212],[-104.865032,43.537236],[-104.865011,43.540778],[-104.860063,43.540716]]]}},{"type":"Feature","properties":{"q":"SENE","ac":40.4},"geometry":{"type":"Polygon","coordinates":[[[-104.880137,43.500906],[-104.88516,43.500841],[-104.885139,43.504466],[-104.880119,43.504535],[-104.880137,43.500906]]]}},{"type":"Feature","properties":{"q":"NENE","ac":40.8},"geometry":{"type":"Polygon","coordinates":[[[-104.860051,43.522461],[-104.860057,43.518772],[-104.865054,43.518849],[-104.865046,43.522526],[-104.860051,43.522461]]]}},{"type":"Feature","properties":{"q":"NENE","ac":40.4},"geometry":{"type":"Polygon","coordinates":[[[-104.905172,43.518656],[-104.905168,43.522284],[-104.900146,43.522352],[-104.900152,43.518733],[-104.905172,43.518656]]]}},{"type":"Feature","properties":{"q":"SENW","ac":40.9},"geometry":{"type":"Polygon","coordinates":[[[-104.849903,43.558835],[-104.854926,43.558742],[-104.85487,43.562435],[-104.849869,43.56251],[-104.849903,43.558835]]]}},{"type":"Feature","properties":{"q":"SESE","ac":38.2},"geometry":{"type":"Polygon","coordinates":[[[-104.879495,43.55192],[-104.884425,43.551756],[-104.884387,43.555226],[-104.879411,43.5554],[-104.879495,43.55192]]]}},{"type":"Feature","properties":{"q":"NESE","ac":38.5},"geometry":{"type":"Polygon","coordinates":[[[-104.865011,43.540778],[-104.864991,43.544319],[-104.860076,43.54422],[-104.860063,43.540716],[-104.865011,43.540778]]]}},{"type":"Feature","properties":{"q":"SWSE","ac":40.4},"geometry":{"type":"Polygon","coordinates":[[[-104.845051,43.536959],[-104.850051,43.537043],[-104.850031,43.540649],[-104.845015,43.540615],[-104.845051,43.536959]]]}},{"type":"Feature","properties":{"q":"SENE","ac":40.4},"geometry":{"type":"Polygon","coordinates":[[[-104.845039,43.533313],[-104.840035,43.533242],[-104.840018,43.52961],[-104.845026,43.529667],[-104.845039,43.533313]]]}},{"type":"Feature","properties":{"q":"4","ac":40.0},"geometry":{"type":"Polygon","coordinates":[[[-104.960247,43.52167],[-104.960192,43.525296],[-104.955216,43.525339],[-104.955287,43.521705],[-104.960247,43.52167]]]}},{"type":"Feature","properties":{"q":"NWNE","ac":40.2},"geometry":{"type":"Polygon","coordinates":[[[-104.950292,43.518112],[-104.950302,43.52174],[-104.945307,43.521793],[-104.945299,43.518159],[-104.950292,43.518112]]]}},{"type":"Feature","properties":{"q":"NWSE","ac":40.6},"geometry":{"type":"Polygon","coordinates":[[[-104.93026,43.51102],[-104.930264,43.514668],[-104.925247,43.514718],[-104.925243,43.511066],[-104.93026,43.51102]]]}},{"type":"Feature","properties":{"q":"NWNE","ac":40.7},"geometry":{"type":"Polygon","coordinates":[[[-104.92525,43.518369],[-104.930269,43.518315],[-104.930273,43.521962],[-104.925253,43.52202],[-104.92525,43.518369]]]}},{"type":"Feature","properties":{"q":"2","ac":40.1},"geometry":{"type":"Polygon","coordinates":[[[-104.960248,43.514401],[-104.960247,43.518036],[-104.955275,43.518074],[-104.955264,43.514443],[-104.960248,43.514401]]]}},{"type":"Feature","properties":{"q":"NENE","ac":40.3},"geometry":{"type":"Polygon","coordinates":[[[-104.945302,43.503604],[-104.945274,43.507239],[-104.940287,43.507287],[-104.940315,43.50365],[-104.945302,43.503604]]]}},{"type":"Feature","properties":{"q":"SESW","ac":40.6},"geometry":{"type":"Polygon","coordinates":[[[-104.915212,43.522147],[-104.915166,43.525793],[-104.910147,43.525852],[-104.91019,43.522215],[-104.915212,43.522147]]]}},{"type":"Feature","properties":{"q":"SENW","ac":40.1},"geometry":{"type":"Polygon","coordinates":[[[-104.950281,43.514484],[-104.955264,43.514443],[-104.955275,43.518074],[-104.950292,43.518112],[-104.950281,43.514484]]]}},{"type":"Feature","properties":{"q":"NENW","ac":40.2},"geometry":{"type":"Polygon","coordinates":[[[-104.955269,43.503522],[-104.955241,43.507162],[-104.950261,43.507191],[-104.950289,43.503559],[-104.955269,43.503522]]]}},{"type":"Feature","properties":{"q":"NESW","ac":40.5},"geometry":{"type":"Polygon","coordinates":[[[-104.910147,43.525852],[-104.915166,43.525793],[-104.91512,43.529439],[-104.910104,43.529489],[-104.910147,43.525852]]]}},{"type":"Feature","properties":{"q":"SWNW","ac":40.5},"geometry":{"type":"Polygon","coordinates":[[[-104.940342,43.500012],[-104.940315,43.50365],[-104.9353,43.503687],[-104.935328,43.500044],[-104.940342,43.500012]]]}},{"type":"Feature","properties":{"q":"NESW","ac":40.6},"geometry":{"type":"Polygon","coordinates":[[[-104.93026,43.51102],[-104.935277,43.510974],[-104.935282,43.514617],[-104.930264,43.514668],[-104.93026,43.51102]]]}},{"type":"Feature","properties":{"q":"NWNW","ac":40.7},"geometry":{"type":"Polygon","coordinates":[[[-104.915211,43.507562],[-104.91524,43.503914],[-104.920254,43.503798],[-104.920224,43.507457],[-104.915211,43.507562]]]}},{"type":"Feature","properties":{"q":"SENW","ac":40.6},"geometry":{"type":"Polygon","coordinates":[[[-104.930313,43.500075],[-104.935328,43.500044],[-104.9353,43.503687],[-104.930284,43.503724],[-104.930313,43.500075]]]}},{"type":"Feature","properties":{"q":"SESW","ac":40.6},"geometry":{"type":"Polygon","coordinates":[[[-104.935271,43.50733],[-104.935277,43.510974],[-104.93026,43.51102],[-104.930256,43.507372],[-104.935271,43.50733]]]}},{"type":"Feature","properties":{"q":"NESW","ac":40.5},"geometry":{"type":"Polygon","coordinates":[[[-104.930156,43.529258],[-104.930214,43.52561],[-104.935229,43.525548],[-104.935165,43.529192],[-104.930156,43.529258]]]}},{"type":"Feature","properties":{"q":"NENE","ac":40.7},"geometry":{"type":"Polygon","coordinates":[[[-104.925253,43.52202],[-104.920234,43.522078],[-104.920231,43.518423],[-104.92525,43.518369],[-104.925253,43.52202]]]}},{"type":"Feature","properties":{"q":"1","ac":40.4},"geometry":{"type":"Polygon","coordinates":[[[-104.955269,43.503522],[-104.960261,43.503486],[-104.960249,43.507133],[-104.955241,43.507162],[-104.955269,43.503522]]]}},{"type":"Feature","properties":{"q":"SWSE","ac":40.6},"geometry":{"type":"Polygon","coordinates":[[[-104.930256,43.507372],[-104.93026,43.51102],[-104.925243,43.511066],[-104.92524,43.507415],[-104.930256,43.507372]]]}},{"type":"Feature","properties":{"q":"SESE","ac":40.7},"geometry":{"type":"Polygon","coordinates":[[[-104.920224,43.507457],[-104.92524,43.507415],[-104.925243,43.511066],[-104.920226,43.511113],[-104.920224,43.507457]]]}},{"type":"Feature","properties":{"q":"SWSE","ac":40.4},"geometry":{"type":"Polygon","coordinates":[[[-104.950302,43.52174],[-104.950231,43.525382],[-104.945237,43.525434],[-104.945307,43.521793],[-104.950302,43.52174]]]}},{"type":"Feature","properties":{"q":"NENE","ac":40.7},"geometry":{"type":"Polygon","coordinates":[[[-104.920254,43.503798],[-104.925269,43.503761],[-104.92524,43.507415],[-104.920224,43.507457],[-104.920254,43.503798]]]}},{"type":"Feature","properties":{"q":"SENW","ac":40.6},"geometry":{"type":"Polygon","coordinates":[[[-104.915211,43.514855],[-104.915211,43.518501],[-104.910192,43.518578],[-104.910194,43.514942],[-104.915211,43.514855]]]}},{"type":"Feature","properties":{"q":"SWNE","ac":40.7},"geometry":{"type":"Polygon","coordinates":[[[-104.930264,43.514668],[-104.930269,43.518315],[-104.92525,43.518369],[-104.925247,43.514718],[-104.930264,43.514668]]]}},{"type":"Feature","properties":{"q":"NENW","ac":40.6},"geometry":{"type":"Polygon","coordinates":[[[-104.915211,43.518501],[-104.915212,43.522147],[-104.91019,43.522215],[-104.910192,43.518578],[-104.915211,43.518501]]]}},{"type":"Feature","properties":{"q":"SESW","ac":40.5},"geometry":{"type":"Polygon","coordinates":[[[-104.915211,43.507562],[-104.915211,43.511209],[-104.910195,43.511304],[-104.910197,43.507667],[-104.915211,43.507562]]]}},{"type":"Feature","properties":{"q":"NENW","ac":40.2},"geometry":{"type":"Polygon","coordinates":[[[-104.955275,43.518074],[-104.955287,43.521705],[-104.950302,43.52174],[-104.950292,43.518112],[-104.955275,43.518074]]]}},{"type":"Feature","properties":{"q":"SWNE","ac":40.2},"geometry":{"type":"Polygon","coordinates":[[[-104.950281,43.514484],[-104.950292,43.518112],[-104.945299,43.518159],[-104.945291,43.514526],[-104.950281,43.514484]]]}},{"type":"Feature","properties":{"q":"2","ac":40.3},"geometry":{"type":"Polygon","coordinates":[[[-104.960273,43.499839],[-104.960261,43.503486],[-104.955269,43.503522],[-104.955297,43.499882],[-104.960273,43.499839]]]}},{"type":"Feature","properties":{"q":"NENW","ac":40.6},"geometry":{"type":"Polygon","coordinates":[[[-104.9353,43.503687],[-104.935271,43.50733],[-104.930256,43.507372],[-104.930284,43.503724],[-104.9353,43.503687]]]}},{"type":"Feature","properties":{"q":"NESW","ac":40.3},"geometry":{"type":"Polygon","coordinates":[[[-104.950281,43.514484],[-104.950271,43.510838],[-104.955253,43.510803],[-104.955264,43.514443],[-104.950281,43.514484]]]}},{"type":"Feature","properties":{"q":"NWNE","ac":40.2},"geometry":{"type":"Polygon","coordinates":[[[-104.945302,43.503604],[-104.950289,43.503559],[-104.950261,43.507191],[-104.945274,43.507239],[-104.945302,43.503604]]]}},{"type":"Feature","properties":{"q":"SWNE","ac":40.2},"geometry":{"type":"Polygon","coordinates":[[[-104.950316,43.499926],[-104.950289,43.503559],[-104.945302,43.503604],[-104.945329,43.499969],[-104.950316,43.499926]]]}},{"type":"Feature","properties":{"q":"SWSE","ac":40.4},"geometry":{"type":"Polygon","coordinates":[[[-104.950261,43.507191],[-104.950271,43.510838],[-104.945282,43.510882],[-104.945274,43.507239],[-104.950261,43.507191]]]}},{"type":"Feature","properties":{"q":"SWSW","ac":40.6},"geometry":{"type":"Polygon","coordinates":[[[-104.920226,43.511113],[-104.915211,43.511209],[-104.915211,43.507562],[-104.920224,43.507457],[-104.920226,43.511113]]]}},{"type":"Feature","properties":{"q":"NESE","ac":40.3},"geometry":{"type":"Polygon","coordinates":[[[-104.940243,43.525486],[-104.945237,43.525434],[-104.945167,43.529075],[-104.940174,43.529126],[-104.940243,43.525486]]]}},{"type":"Feature","properties":{"q":"SWSW","ac":40.5},"geometry":{"type":"Polygon","coordinates":[[[-104.940313,43.521846],[-104.940243,43.525486],[-104.935229,43.525548],[-104.935293,43.521904],[-104.940313,43.521846]]]}},{"type":"Feature","properties":{"q":"SWSE","ac":40.6},"geometry":{"type":"Polygon","coordinates":[[[-104.930273,43.521962],[-104.930214,43.52561],[-104.9252,43.525672],[-104.925253,43.52202],[-104.930273,43.521962]]]}},{"type":"Feature","properties":{"q":"SENW","ac":40.2},"geometry":{"type":"Polygon","coordinates":[[[-104.955297,43.499882],[-104.955269,43.503522],[-104.950289,43.503559],[-104.950316,43.499926],[-104.955297,43.499882]]]}},{"type":"Feature","properties":{"q":"NWSW","ac":40.6},"geometry":{"type":"Polygon","coordinates":[[[-104.940294,43.510927],[-104.9403,43.514567],[-104.935282,43.514617],[-104.935277,43.510974],[-104.940294,43.510927]]]}},{"type":"Feature","properties":{"q":"SENE","ac":40.3},"geometry":{"type":"Polygon","coordinates":[[[-104.945329,43.499969],[-104.945302,43.503604],[-104.940315,43.50365],[-104.940342,43.500012],[-104.945329,43.499969]]]}},{"type":"Feature","properties":{"q":"SESE","ac":40.3},"geometry":{"type":"Polygon","coordinates":[[[-104.945237,43.525434],[-104.940243,43.525486],[-104.940313,43.521846],[-104.945307,43.521793],[-104.945237,43.525434]]]}},{"type":"Feature","properties":{"q":"SWSW","ac":40.6},"geometry":{"type":"Polygon","coordinates":[[[-104.940287,43.507287],[-104.940294,43.510927],[-104.935277,43.510974],[-104.935271,43.50733],[-104.940287,43.507287]]]}},{"type":"Feature","properties":{"q":"SESE","ac":40.7},"geometry":{"type":"Polygon","coordinates":[[[-104.925253,43.52202],[-104.9252,43.525672],[-104.920185,43.525734],[-104.920234,43.522078],[-104.925253,43.52202]]]}},{"type":"Feature","properties":{"q":"SENE","ac":40.7},"geometry":{"type":"Polygon","coordinates":[[[-104.925298,43.500107],[-104.925269,43.503761],[-104.920254,43.503798],[-104.920283,43.500138],[-104.925298,43.500107]]]}},{"type":"Feature","properties":{"q":"SWNW","ac":40.7},"geometry":{"type":"Polygon","coordinates":[[[-104.920283,43.500138],[-104.920254,43.503798],[-104.91524,43.503914],[-104.915269,43.500265],[-104.920283,43.500138]]]}},{"type":"Feature","properties":{"q":"3","ac":40.1},"geometry":{"type":"Polygon","coordinates":[[[-104.960192,43.525296],[-104.960137,43.528921],[-104.955145,43.528972],[-104.955216,43.525339],[-104.960192,43.525296]]]}},{"type":"Feature","properties":{"q":"NESE","ac":40.3},"geometry":{"type":"Polygon","coordinates":[[[-104.945282,43.510882],[-104.945291,43.514526],[-104.9403,43.514567],[-104.940294,43.510927],[-104.945282,43.510882]]]}},{"type":"Feature","properties":{"q":"NESW","ac":40.6},"geometry":{"type":"Polygon","coordinates":[[[-104.915211,43.511209],[-104.915211,43.514855],[-104.910194,43.514942],[-104.910195,43.511304],[-104.915211,43.511209]]]}},{"type":"Feature","properties":{"q":"SWSW","ac":40.7},"geometry":{"type":"Polygon","coordinates":[[[-104.920234,43.522078],[-104.920185,43.525734],[-104.915166,43.525793],[-104.915212,43.522147],[-104.920234,43.522078]]]}},{"type":"Feature","properties":{"q":"SENW","ac":40.6},"geometry":{"type":"Polygon","coordinates":[[[-104.930269,43.518315],[-104.930264,43.514668],[-104.935282,43.514617],[-104.935288,43.518261],[-104.930269,43.518315]]]}},{"type":"Feature","properties":{"q":"SENE","ac":40.3},"geometry":{"type":"Polygon","coordinates":[[[-104.945291,43.514526],[-104.945299,43.518159],[-104.940306,43.518206],[-104.9403,43.514567],[-104.945291,43.514526]]]}},{"type":"Feature","properties":{"q":"NESW","ac":41.3},"geometry":{"type":"Polygon","coordinates":[[[-104.914646,43.558611],[-104.909548,43.558617],[-104.909462,43.554956],[-104.914551,43.55496],[-104.914646,43.558611]]]}},{"type":"Feature","properties":{"q":"1","ac":40.2},"geometry":{"type":"Polygon","coordinates":[[[-104.945146,43.561731],[-104.945249,43.565319],[-104.940203,43.565508],[-104.940126,43.561893],[-104.945146,43.561731]]]}},{"type":"Feature","properties":{"q":"SWNW","ac":41.0},"geometry":{"type":"Polygon","coordinates":[[[-104.914646,43.558611],[-104.919744,43.558605],[-104.919794,43.562236],[-104.914714,43.562247],[-104.914646,43.558611]]]}},{"type":"Feature","properties":{"q":"NESE","ac":40.4},"geometry":{"type":"Polygon","coordinates":[[[-104.944965,43.539972],[-104.944902,43.543617],[-104.939907,43.543697],[-104.939971,43.540051],[-104.944965,43.539972]]]}},{"type":"Feature","properties":{"q":"SENE","ac":40.8},"geometry":{"type":"Polygon","coordinates":[[[-104.924792,43.558521],[-104.924863,43.562151],[-104.919794,43.562236],[-104.919744,43.558605],[-104.924792,43.558521]]]}},{"type":"Feature","properties":{"q":"NENW","ac":40.5},"geometry":{"type":"Polygon","coordinates":[[[-104.935101,43.532836],[-104.935037,43.536479],[-104.930038,43.536553],[-104.930097,43.532906],[-104.935101,43.532836]]]}},{"type":"Feature","properties":{"q":"2","ac":40.2},"geometry":{"type":"Polygon","coordinates":[[[-104.960137,43.528921],[-104.960081,43.532546],[-104.955075,43.532591],[-104.955145,43.528972],[-104.960137,43.528921]]]}},{"type":"Feature","properties":{"q":"3","ac":40.3},"geometry":{"type":"Polygon","coordinates":[[[-104.959971,43.539773],[-104.959915,43.543374],[-104.954884,43.543456],[-104.954944,43.539833],[-104.959971,43.539773]]]}},{"type":"Feature","properties":{"q":"SESE","ac":40.4},"geometry":{"type":"Polygon","coordinates":[[[-104.944776,43.550851],[-104.944909,43.554492],[-104.939912,43.554627],[-104.939777,43.550989],[-104.944776,43.550851]]]}},{"type":"Feature","properties":{"q":"SWSW","ac":41.0},"geometry":{"type":"Polygon","coordinates":[[[-104.939777,43.550989],[-104.939912,43.554627],[-104.93483,43.554712],[-104.934717,43.551073],[-104.939777,43.550989]]]}},{"type":"Feature","properties":{"q":"SENE","ac":40.2},"geometry":{"type":"Polygon","coordinates":[[[-104.940048,43.558264],[-104.945043,43.558132],[-104.945146,43.561731],[-104.940126,43.561893],[-104.940048,43.558264]]]}},{"type":"Feature","properties":{"q":"NWNE","ac":40.9},"geometry":{"type":"Polygon","coordinates":[[[-104.924707,43.547587],[-104.929752,43.547506],[-104.929656,43.551156],[-104.924596,43.55124],[-104.924707,43.547587]]]}},{"type":"Feature","properties":{"q":"NWSW","ac":41.1},"geometry":{"type":"Polygon","coordinates":[[[-104.939912,43.554627],[-104.940048,43.558264],[-104.934944,43.55835],[-104.93483,43.554712],[-104.939912,43.554627]]]}},{"type":"Feature","properties":{"q":"5","ac":39.3},"geometry":{"type":"Polygon","coordinates":[[[-104.960031,43.557735],[-104.960087,43.561334],[-104.955186,43.56145],[-104.955066,43.557867],[-104.960031,43.557735]]]}},{"type":"Feature","properties":{"q":"4","ac":40.3},"geometry":{"type":"Polygon","coordinates":[[[-104.960026,43.536171],[-104.959971,43.539773],[-104.954944,43.539833],[-104.955004,43.53621],[-104.960026,43.536171]]]}},{"type":"Feature","properties":{"q":"NWNE","ac":39.9},"geometry":{"type":"Polygon","coordinates":[[[-104.944776,43.550851],[-104.944839,43.547234],[-104.949836,43.547124],[-104.949775,43.550713],[-104.944776,43.550851]]]}},{"type":"Feature","properties":{"q":"SWNE","ac":40.7},"geometry":{"type":"Polygon","coordinates":[[[-104.929932,43.562066],[-104.924863,43.562151],[-104.924792,43.558521],[-104.92984,43.558436],[-104.929932,43.562066]]]}},{"type":"Feature","properties":{"q":"SENW","ac":40.0},"geometry":{"type":"Polygon","coordinates":[[[-104.95016,43.529024],[-104.955145,43.528972],[-104.955075,43.532591],[-104.95009,43.532635],[-104.95016,43.529024]]]}},{"type":"Feature","properties":{"q":"SENW","ac":40.8},"geometry":{"type":"Polygon","coordinates":[[[-104.934877,43.543776],[-104.934797,43.547425],[-104.929752,43.547506],[-104.929847,43.543855],[-104.934877,43.543776]]]}},{"type":"Feature","properties":{"q":"NWSE","ac":40.4},"geometry":{"type":"Polygon","coordinates":[[[-104.944909,43.554492],[-104.949906,43.554356],[-104.950037,43.558],[-104.945043,43.558132],[-104.944909,43.554492]]]}},{"type":"Feature","properties":{"q":"NWSW","ac":40.8},"geometry":{"type":"Polygon","coordinates":[[[-104.919914,43.540356],[-104.919788,43.544012],[-104.914742,43.54402],[-104.914886,43.540376],[-104.919914,43.540356]]]}},{"type":"Feature","properties":{"q":"NESE","ac":40.8},"geometry":{"type":"Polygon","coordinates":[[[-104.924694,43.55488],[-104.924792,43.558521],[-104.919744,43.558605],[-104.91964,43.554964],[-104.924694,43.55488]]]}},{"type":"Feature","properties":{"q":"SENW","ac":41.1},"geometry":{"type":"Polygon","coordinates":[[[-104.914646,43.558611],[-104.914714,43.562247],[-104.909634,43.562257],[-104.909548,43.558617],[-104.914646,43.558611]]]}},{"type":"Feature","properties":{"q":"NENW","ac":40.9},"geometry":{"type":"Polygon","coordinates":[[[-104.934797,43.547425],[-104.934717,43.551073],[-104.929656,43.551156],[-104.929752,43.547506],[-104.934797,43.547425]]]}},{"type":"Feature","properties":{"q":"NENE","ac":40.5},"geometry":{"type":"Polygon","coordinates":[[[-104.92004,43.5367],[-104.920089,43.533045],[-104.925093,43.532975],[-104.925039,43.536627],[-104.92004,43.5367]]]}},{"type":"Feature","properties":{"q":"SESW","ac":40.5},"geometry":{"type":"Polygon","coordinates":[[[-104.935037,43.536479],[-104.934957,43.540128],[-104.929943,43.540204],[-104.930038,43.536553],[-104.935037,43.536479]]]}},{"type":"Feature","properties":{"q":"SESW","ac":40.2},"geometry":{"type":"Polygon","coordinates":[[[-104.955004,43.53621],[-104.954944,43.539833],[-104.949958,43.539892],[-104.95002,43.536247],[-104.955004,43.53621]]]}},{"type":"Feature","properties":{"q":"SENE","ac":40.8},"geometry":{"type":"Polygon","coordinates":[[[-104.924707,43.547587],[-104.919662,43.547668],[-104.919788,43.544012],[-104.924818,43.543934],[-104.924707,43.547587]]]}},{"type":"Feature","properties":{"q":"SENW","ac":41.1},"geometry":{"type":"Polygon","coordinates":[[[-104.935029,43.56198],[-104.929932,43.562066],[-104.92984,43.558436],[-104.934944,43.55835],[-104.935029,43.56198]]]}},{"type":"Feature","properties":{"q":"SWSE","ac":40.6},"geometry":{"type":"Polygon","coordinates":[[[-104.930038,43.536553],[-104.929943,43.540204],[-104.924928,43.54028],[-104.925039,43.536627],[-104.930038,43.536553]]]}},{"type":"Feature","properties":{"q":"3","ac":41.5},"geometry":{"type":"Polygon","coordinates":[[[-104.909634,43.562257],[-104.914714,43.562247],[-104.91478,43.565934],[-104.909703,43.565943],[-104.909634,43.562257]]]}},{"type":"Feature","properties":{"q":"NENW","ac":40.5},"geometry":{"type":"Polygon","coordinates":[[[-104.910018,43.536761],[-104.910061,43.533125],[-104.915075,43.533085],[-104.915029,43.536731],[-104.910018,43.536761]]]}},{"type":"Feature","properties":{"q":"NWNE","ac":40.5},"geometry":{"type":"Polygon","coordinates":[[[-104.845051,43.536959],[-104.845039,43.533313],[-104.850042,43.533383],[-104.850051,43.537043],[-104.845051,43.536959]]]}},{"type":"Feature","properties":{"q":"SWNE","ac":40.6},"geometry":{"type":"Polygon","coordinates":[[[-104.849992,43.54786],[-104.844943,43.547928],[-104.844979,43.544272],[-104.850011,43.544255],[-104.849992,43.54786]]]}},{"type":"Feature","properties":{"q":"NWNW","ac":39.6},"geometry":{"type":"Polygon","coordinates":[[[-104.899216,43.551266],[-104.894285,43.55143],[-104.894462,43.547808],[-104.899411,43.547655],[-104.899216,43.551266]]]}},{"type":"Feature","properties":{"q":"SENW","ac":40.7},"geometry":{"type":"Polygon","coordinates":[[[-104.870112,43.500609],[-104.875124,43.500758],[-104.87511,43.504403],[-104.8701,43.504271],[-104.870112,43.500609]]]}},{"type":"Feature","properties":{"q":"SWSE","ac":40.7},"geometry":{"type":"Polygon","coordinates":[[[-104.870033,43.526258],[-104.865042,43.526204],[-104.865046,43.522526],[-104.87004,43.52259],[-104.870033,43.526258]]]}},{"type":"Feature","properties":{"q":"SENE","ac":41.0},"geometry":{"type":"Polygon","coordinates":[[[-104.86509,43.504139],[-104.86008,43.504007],[-104.860086,43.50031],[-104.865099,43.500459],[-104.86509,43.504139]]]}},{"type":"Feature","properties":{"q":"NWNW","ac":40.4},"geometry":{"type":"Polygon","coordinates":[[[-104.895126,43.51882],[-104.900152,43.518733],[-104.900146,43.522352],[-104.895116,43.522444],[-104.895126,43.51882]]]}},{"type":"Feature","properties":{"q":"SWSE","ac":40.7},"geometry":{"type":"Polygon","coordinates":[[[-104.845001,43.522374],[-104.850018,43.522403],[-104.850026,43.526063],[-104.845014,43.526021],[-104.845001,43.522374]]]}},{"type":"Feature","properties":{"q":"SESE","ac":39.6},"geometry":{"type":"Polygon","coordinates":[[[-104.860025,43.554939],[-104.860102,43.551228],[-104.8647,43.551392],[-104.86495,43.551401],[-104.864871,43.555054],[-104.860025,43.554939]]]}},{"type":"Feature","properties":{"q":"NESW","ac":40.4},"geometry":{"type":"Polygon","coordinates":[[[-104.895054,43.529694],[-104.890037,43.529801],[-104.890062,43.526168],[-104.895085,43.526069],[-104.895054,43.529694]]]}},{"type":"Feature","properties":{"q":"NWSW","ac":37.7},"geometry":{"type":"Polygon","coordinates":[[[-104.874565,43.555285],[-104.879411,43.5554],[-104.879327,43.55888],[-104.874483,43.558823],[-104.874565,43.555285]]]}},{"type":"Feature","properties":{"q":"NESE","ac":40.5},"geometry":{"type":"Polygon","coordinates":[[[-104.840001,43.525977],[-104.845014,43.526021],[-104.845026,43.529667],[-104.840018,43.52961],[-104.840001,43.525977]]]}},{"type":"Feature","properties":{"q":"SENE","ac":40.3},"geometry":{"type":"Polygon","coordinates":[[[-104.905241,43.500518],[-104.905213,43.504145],[-104.900199,43.504261],[-104.900228,43.500645],[-104.905241,43.500518]]]}},{"type":"Feature","properties":{"q":"SWSE","ac":40.4},"geometry":{"type":"Polygon","coordinates":[[[-104.910018,43.536761],[-104.909857,43.540395],[-104.904829,43.540414],[-104.905007,43.536792],[-104.910018,43.536761]]]}},{"type":"Feature","properties":{"q":"SESW","ac":40.8},"geometry":{"type":"Polygon","coordinates":[[[-104.850018,43.522403],[-104.855035,43.522432],[-104.855038,43.526106],[-104.850026,43.526063],[-104.850018,43.522403]]]}},{"type":"Feature","properties":{"q":"NENW","ac":39.7},"geometry":{"type":"Polygon","coordinates":[[[-104.894462,43.547808],[-104.894285,43.55143],[-104.889355,43.551593],[-104.889513,43.547961],[-104.894462,43.547808]]]}},{"type":"Feature","properties":{"q":"SWSE","ac":40.5},"geometry":{"type":"Polygon","coordinates":[[[-104.91019,43.522215],[-104.910147,43.525852],[-104.905127,43.525911],[-104.905168,43.522284],[-104.91019,43.522215]]]}},{"type":"Feature","properties":{"q":"SWSE","ac":39.0},"geometry":{"type":"Polygon","coordinates":[[[-104.864871,43.555054],[-104.86495,43.551401],[-104.869799,43.551574],[-104.869718,43.55517],[-104.864871,43.555054]]]}},{"type":"Feature","properties":{"q":"NWNE","ac":39.8},"geometry":{"type":"Polygon","coordinates":[[[-104.884564,43.548114],[-104.889513,43.547961],[-104.889355,43.551593],[-104.884425,43.551756],[-104.884564,43.548114]]]}},{"type":"Feature","properties":{"q":"NWSE","ac":40.5},"geometry":{"type":"Polygon","coordinates":[[[-104.905176,43.515028],[-104.90518,43.5114],[-104.910195,43.511304],[-104.910194,43.514942],[-104.905176,43.515028]]]}},{"type":"Feature","properties":{"q":"SWSE","ac":40.6},"geometry":{"type":"Polygon","coordinates":[[[-104.885058,43.522628],[-104.890087,43.522536],[-104.890062,43.526168],[-104.885039,43.526268],[-104.885058,43.522628]]]}},{"type":"Feature","properties":{"q":"SWSE","ac":38.5},"geometry":{"type":"Polygon","coordinates":[[[-104.884425,43.551756],[-104.889355,43.551593],[-104.88936,43.555139],[-104.884387,43.555226],[-104.884425,43.551756]]]}},{"type":"Feature","properties":{"q":"3","ac":40.9},"geometry":{"type":"Polygon","coordinates":[[[-104.849835,43.566195],[-104.849869,43.56251],[-104.85487,43.562435],[-104.854814,43.566146],[-104.849835,43.566195]]]}},{"type":"Feature","properties":{"q":"NWNE","ac":40.7},"geometry":{"type":"Polygon","coordinates":[[[-104.870052,43.518926],[-104.87004,43.52259],[-104.865046,43.522526],[-104.865054,43.518849],[-104.870052,43.518926]]]}},{"type":"Feature","properties":{"q":"SESW","ac":40.7},"geometry":{"type":"Polygon","coordinates":[[[-104.870088,43.507933],[-104.875095,43.508048],[-104.87508,43.5117],[-104.870076,43.511598],[-104.870088,43.507933]]]}},{"type":"Feature","properties":{"q":"1","ac":39.9},"geometry":{"type":"Polygon","coordinates":[[[-104.859793,43.566111],[-104.859871,43.56236],[-104.859878,43.56236],[-104.859885,43.562361],[-104.864713,43.56236],[-104.864633,43.566043],[-104.859793,43.566111]]]}},{"type":"Feature","properties":{"q":"NWSE","ac":40.8},"geometry":{"type":"Polygon","coordinates":[[[-104.850045,43.511399],[-104.850036,43.515067],[-104.845023,43.51506],[-104.845033,43.511402],[-104.850045,43.511399]]]}},{"type":"Feature","properties":{"q":"SENW","ac":40.6},"geometry":{"type":"Polygon","coordinates":[[[-104.870064,43.515262],[-104.875065,43.515352],[-104.875049,43.519003],[-104.870052,43.518926],[-104.870064,43.515262]]]}},{"type":"Feature","properties":{"q":"NESE","ac":41.9},"geometry":{"type":"Polygon","coordinates":[[[-104.899217,43.55494],[-104.904403,43.554951],[-104.90451,43.558622],[-104.899414,43.55861],[-104.899217,43.55494]]]}},{"type":"Feature","properties":{"q":"1","ac":40.4},"geometry":{"type":"Polygon","coordinates":[[[-104.83987,43.562659],[-104.844868,43.562585],[-104.844855,43.566247],[-104.839876,43.566299],[-104.83987,43.562659]]]}},{"type":"Feature","properties":{"q":"NESW","ac":40.6},"geometry":{"type":"Polygon","coordinates":[[[-104.870076,43.511598],[-104.87508,43.5117],[-104.875065,43.515352],[-104.870064,43.515262],[-104.870076,43.511598]]]}},{"type":"Feature","properties":{"q":"SWNE","ac":40.4},"geometry":{"type":"Polygon","coordinates":[[[-104.890159,43.504398],[-104.885139,43.504466],[-104.88516,43.500841],[-104.890182,43.500776],[-104.890159,43.504398]]]}},{"type":"Feature","properties":{"q":"SWSE","ac":40.4},"geometry":{"type":"Polygon","coordinates":[[[-104.910195,43.511304],[-104.90518,43.5114],[-104.905184,43.507772],[-104.910197,43.507667],[-104.910195,43.511304]]]}},{"type":"Feature","properties":{"q":"NENW","ac":40.3},"geometry":{"type":"Polygon","coordinates":[[[-104.895179,43.504329],[-104.895154,43.507948],[-104.890136,43.50802],[-104.890159,43.504398],[-104.895179,43.504329]]]}},{"type":"Feature","properties":{"q":"NWSW","ac":39.8},"geometry":{"type":"Polygon","coordinates":[[[-104.879736,43.544614],[-104.874821,43.544516],[-104.874908,43.5409],[-104.879856,43.540961],[-104.879736,43.544614]]]}},{"type":"Feature","properties":{"q":"NWNE","ac":40.8},"geometry":{"type":"Polygon","coordinates":[[[-104.850077,43.504051],[-104.850054,43.507731],[-104.845044,43.507744],[-104.845075,43.504073],[-104.850077,43.504051]]]}},{"type":"Feature","properties":{"q":"NWNE","ac":38.4},"geometry":{"type":"Polygon","coordinates":[[[-104.864971,43.54786],[-104.869852,43.547996],[-104.869799,43.551574],[-104.86495,43.551401],[-104.864971,43.54786]]]}},{"type":"Feature","properties":{"q":"SESW","ac":40.9},"geometry":{"type":"Polygon","coordinates":[[[-104.855064,43.507717],[-104.855057,43.511396],[-104.850045,43.511399],[-104.850054,43.507731],[-104.855064,43.507717]]]}},{"type":"Feature","properties":{"q":"SWNE","ac":40.5},"geometry":{"type":"Polygon","coordinates":[[[-104.905176,43.515028],[-104.910194,43.514942],[-104.910192,43.518578],[-104.905172,43.518656],[-104.905176,43.515028]]]}},{"type":"Feature","properties":{"q":"SWNW","ac":40.4},"geometry":{"type":"Polygon","coordinates":[[[-104.880003,43.530014],[-104.87999,43.533661],[-104.875005,43.533627],[-104.875015,43.52997],[-104.880003,43.530014]]]}},{"type":"Feature","properties":{"q":"SWNE","ac":40.8},"geometry":{"type":"Polygon","coordinates":[[[-104.8501,43.500371],[-104.850077,43.504051],[-104.845075,43.504073],[-104.845106,43.500401],[-104.8501,43.500371]]]}},{"type":"Feature","properties":{"q":"SWSE","ac":40.8},"geometry":{"type":"Polygon","coordinates":[[[-104.870076,43.511598],[-104.865072,43.511495],[-104.865081,43.507818],[-104.870088,43.507933],[-104.870076,43.511598]]]}},{"type":"Feature","properties":{"q":"NESE","ac":40.4},"geometry":{"type":"Polygon","coordinates":[[[-104.90518,43.5114],[-104.905176,43.515028],[-104.900158,43.515114],[-104.900165,43.511496],[-104.90518,43.5114]]]}},{"type":"Feature","properties":{"q":"SWNW","ac":40.5},"geometry":{"type":"Polygon","coordinates":[[[-104.875124,43.500758],[-104.880137,43.500906],[-104.880119,43.504535],[-104.87511,43.504403],[-104.875124,43.500758]]]}},{"type":"Feature","properties":{"q":"SWNW","ac":40.3},"geometry":{"type":"Polygon","coordinates":[[[-104.895054,43.529694],[-104.90007,43.529587],[-104.900033,43.533205],[-104.895022,43.533319],[-104.895054,43.529694]]]}},{"type":"Feature","properties":{"q":"NWNW","ac":40.2},"geometry":{"type":"Polygon","coordinates":[[[-104.900033,43.533205],[-104.899995,43.536822],[-104.894991,43.536944],[-104.895022,43.533319],[-104.900033,43.533205]]]}},{"type":"Feature","properties":{"q":"4","ac":40.9},"geometry":{"type":"Polygon","coordinates":[[[-104.894429,43.562338],[-104.899483,43.562281],[-104.899548,43.565949],[-104.894455,43.565932],[-104.894429,43.562338]]]}},{"type":"Feature","properties":{"q":"SWSW","ac":41.0},"geometry":{"type":"Polygon","coordinates":[[[-104.855035,43.522432],[-104.860051,43.522461],[-104.860051,43.526149],[-104.855038,43.526106],[-104.855035,43.522432]]]}},{"type":"Feature","properties":{"q":"NESE","ac":40.3},"geometry":{"type":"Polygon","coordinates":[[[-104.905127,43.525911],[-104.905087,43.529538],[-104.90007,43.529587],[-104.900108,43.52597],[-104.905127,43.525911]]]}},{"type":"Feature","properties":{"q":"1","ac":40.2},"geometry":{"type":"Polygon","coordinates":[[[-104.959859,43.546975],[-104.959804,43.550576],[-104.954765,43.550645],[-104.954824,43.54705],[-104.959859,43.546975]]]}},{"type":"Feature","properties":{"q":"SWNE","ac":40.8},"geometry":{"type":"Polygon","coordinates":[[[-104.929847,43.543855],[-104.929752,43.547506],[-104.924707,43.547587],[-104.924818,43.543934],[-104.929847,43.543855]]]}},{"type":"Feature","properties":{"q":"SWSW","ac":40.7},"geometry":{"type":"Polygon","coordinates":[[[-104.915029,43.536731],[-104.92004,43.5367],[-104.919914,43.540356],[-104.914886,43.540376],[-104.915029,43.536731]]]}},{"type":"Feature","properties":{"q":"SESW","ac":40.3},"geometry":{"type":"Polygon","coordinates":[[[-104.949775,43.550713],[-104.954765,43.550645],[-104.954915,43.554256],[-104.949906,43.554356],[-104.949775,43.550713]]]}},{"type":"Feature","properties":{"q":"NWNW","ac":41.1},"geometry":{"type":"Polygon","coordinates":[[[-104.919662,43.547668],[-104.919536,43.551323],[-104.914456,43.551309],[-104.914599,43.547665],[-104.919662,43.547668]]]}},{"type":"Feature","properties":{"q":"NWSE","ac":40.7},"geometry":{"type":"Polygon","coordinates":[[[-104.929943,43.540204],[-104.929847,43.543855],[-104.924818,43.543934],[-104.924928,43.54028],[-104.929943,43.540204]]]}},{"type":"Feature","properties":{"q":"SENW","ac":40.8},"geometry":{"type":"Polygon","coordinates":[[[-104.914742,43.54402],[-104.914599,43.547665],[-104.909536,43.547662],[-104.909697,43.544028],[-104.914742,43.54402]]]}},{"type":"Feature","properties":{"q":"SENE","ac":40.6},"geometry":{"type":"Polygon","coordinates":[[[-104.925146,43.529324],[-104.925093,43.532975],[-104.920089,43.533045],[-104.920137,43.529389],[-104.925146,43.529324]]]}},{"type":"Feature","properties":{"q":"SENW","ac":39.7},"geometry":{"type":"Polygon","coordinates":[[[-104.949897,43.543536],[-104.954884,43.543456],[-104.954824,43.54705],[-104.949836,43.547124],[-104.949897,43.543536]]]}},{"type":"Feature","properties":{"q":"2","ac":39.9},"geometry":{"type":"Polygon","coordinates":[[[-104.950166,43.561568],[-104.950294,43.56513],[-104.945249,43.565319],[-104.945146,43.561731],[-104.950166,43.561568]]]}},{"type":"Feature","properties":{"q":"4","ac":40.9},"geometry":{"type":"Polygon","coordinates":[[[-104.935029,43.56198],[-104.940126,43.561893],[-104.940203,43.565508],[-104.935114,43.565611],[-104.935029,43.56198]]]}},{"type":"Feature","properties":{"q":"SESW","ac":41.0},"geometry":{"type":"Polygon","coordinates":[[[-104.929656,43.551156],[-104.934717,43.551073],[-104.93483,43.554712],[-104.929748,43.554796],[-104.929656,43.551156]]]}},{"type":"Feature","properties":{"q":"NENW","ac":39.7},"geometry":{"type":"Polygon","coordinates":[[[-104.954824,43.54705],[-104.954765,43.550645],[-104.949775,43.550713],[-104.949836,43.547124],[-104.954824,43.54705]]]}},{"type":"Feature","properties":{"q":"NWSW","ac":41.2},"geometry":{"type":"Polygon","coordinates":[[[-104.914551,43.55496],[-104.91964,43.554964],[-104.919744,43.558605],[-104.914646,43.558611],[-104.914551,43.55496]]]}},{"type":"Feature","properties":{"q":"SWSW","ac":41.1},"geometry":{"type":"Polygon","coordinates":[[[-104.91964,43.554964],[-104.914551,43.55496],[-104.914456,43.551309],[-104.919536,43.551323],[-104.91964,43.554964]]]}},{"type":"Feature","properties":{"q":"SWNE","ac":40.5},"geometry":{"type":"Polygon","coordinates":[[[-104.925093,43.532975],[-104.925146,43.529324],[-104.930156,43.529258],[-104.930097,43.532906],[-104.925093,43.532975]]]}},{"type":"Feature","properties":{"q":"NWNW","ac":40.4},"geometry":{"type":"Polygon","coordinates":[[[-104.935101,43.532836],[-104.940105,43.532766],[-104.940036,43.536406],[-104.935037,43.536479],[-104.935101,43.532836]]]}},{"type":"Feature","properties":{"q":"SESW","ac":41.2},"geometry":{"type":"Polygon","coordinates":[[[-104.909462,43.554956],[-104.909376,43.551295],[-104.914456,43.551309],[-104.914551,43.55496],[-104.909462,43.554956]]]}},{"type":"Feature","properties":{"q":"3","ac":39.8},"geometry":{"type":"Polygon","coordinates":[[[-104.955186,43.56145],[-104.955307,43.565029],[-104.950294,43.56513],[-104.950166,43.561568],[-104.955186,43.56145]]]}},{"type":"Feature","properties":{"q":"SWSE","ac":40.4},"geometry":{"type":"Polygon","coordinates":[[[-104.949775,43.550713],[-104.949906,43.554356],[-104.944909,43.554492],[-104.944776,43.550851],[-104.949775,43.550713]]]}},{"type":"Feature","properties":{"q":"NWSE","ac":40.8},"geometry":{"type":"Polygon","coordinates":[[[-104.924694,43.55488],[-104.929748,43.554796],[-104.92984,43.558436],[-104.924792,43.558521],[-104.924694,43.55488]]]}},{"type":"Feature","properties":{"q":"NESW","ac":40.7},"geometry":{"type":"Polygon","coordinates":[[[-104.909857,43.540395],[-104.914886,43.540376],[-104.914742,43.54402],[-104.909697,43.544028],[-104.909857,43.540395]]]}},{"type":"Feature","properties":{"q":"SENE","ac":40.2},"geometry":{"type":"Polygon","coordinates":[[[-104.945167,43.529075],[-104.945098,43.532701],[-104.940105,43.532766],[-104.940174,43.529126],[-104.945167,43.529075]]]}},{"type":"Feature","properties":{"q":"1","ac":41.4},"geometry":{"type":"Polygon","coordinates":[[[-104.924863,43.562151],[-104.924935,43.565816],[-104.919845,43.565918],[-104.919794,43.562236],[-104.924863,43.562151]]]}},{"type":"Feature","properties":{"q":"7","ac":40.1},"geometry":{"type":"Polygon","coordinates":[[[-104.959804,43.550576],[-104.959918,43.554156],[-104.954915,43.554256],[-104.954765,43.550645],[-104.959804,43.550576]]]}},{"type":"Feature","properties":{"q":"NESW","ac":41.1},"geometry":{"type":"Polygon","coordinates":[[[-104.934944,43.55835],[-104.92984,43.558436],[-104.929748,43.554796],[-104.93483,43.554712],[-104.934944,43.55835]]]}},{"type":"Feature","properties":{"q":"SWNW","ac":40.7},"geometry":{"type":"Polygon","coordinates":[[[-104.939907,43.543697],[-104.939842,43.547343],[-104.934797,43.547425],[-104.934877,43.543776],[-104.939907,43.543697]]]}},{"type":"Feature","properties":{"q":"4","ac":41.5},"geometry":{"type":"Polygon","coordinates":[[[-104.914714,43.562247],[-104.919794,43.562236],[-104.919845,43.565918],[-104.91478,43.565934],[-104.914714,43.562247]]]}},{"type":"Feature","properties":{"q":"NESE","ac":40.7},"geometry":{"type":"Polygon","coordinates":[[[-104.919914,43.540356],[-104.924928,43.54028],[-104.924818,43.543934],[-104.919788,43.544012],[-104.919914,43.540356]]]}},{"type":"Feature","properties":{"q":"SENW","ac":40.5},"geometry":{"type":"Polygon","coordinates":[[[-104.935165,43.529192],[-104.935101,43.532836],[-104.930097,43.532906],[-104.930156,43.529258],[-104.935165,43.529192]]]}},{"type":"Feature","properties":{"q":"SENE","ac":40.2},"geometry":{"type":"Polygon","coordinates":[[[-104.939842,43.547343],[-104.939907,43.543697],[-104.944902,43.543617],[-104.944839,43.547234],[-104.939842,43.547343]]]}},{"type":"Feature","properties":{"q":"SWNW","ac":41.1},"geometry":{"type":"Polygon","coordinates":[[[-104.940048,43.558264],[-104.940126,43.561893],[-104.935029,43.56198],[-104.934944,43.55835],[-104.940048,43.558264]]]}},{"type":"Feature","properties":{"q":"SENW","ac":39.9},"geometry":{"type":"Polygon","coordinates":[[[-104.950166,43.561568],[-104.950037,43.558],[-104.955066,43.557867],[-104.955186,43.56145],[-104.950166,43.561568]]]}},{"type":"Feature","properties":{"q":"SWNE","ac":40.1},"geometry":{"type":"Polygon","coordinates":[[[-104.95016,43.529024],[-104.95009,43.532635],[-104.945098,43.532701],[-104.945167,43.529075],[-104.95016,43.529024]]]}},{"type":"Feature","properties":{"q":"NENW","ac":40.0},"geometry":{"type":"Polygon","coordinates":[[[-104.955075,43.532591],[-104.955004,43.53621],[-104.95002,43.536247],[-104.95009,43.532635],[-104.955075,43.532591]]]}},{"type":"Feature","properties":{"q":"SWNW","ac":40.5},"geometry":{"type":"Polygon","coordinates":[[[-104.940174,43.529126],[-104.940105,43.532766],[-104.935101,43.532836],[-104.935165,43.529192],[-104.940174,43.529126]]]}},{"type":"Feature","properties":{"q":"NENW","ac":40.9},"geometry":{"type":"Polygon","coordinates":[[[-104.914599,43.547665],[-104.914456,43.551309],[-104.909376,43.551295],[-104.909536,43.547662],[-104.914599,43.547665]]]}},{"type":"Feature","properties":{"q":"NWSE","ac":40.4},"geometry":{"type":"Polygon","coordinates":[[[-104.949958,43.539892],[-104.949897,43.543536],[-104.944902,43.543617],[-104.944965,43.539972],[-104.949958,43.539892]]]}},{"type":"Feature","properties":{"q":"SESE","ac":40.9},"geometry":{"type":"Polygon","coordinates":[[[-104.919536,43.551323],[-104.924596,43.55124],[-104.924694,43.55488],[-104.91964,43.554964],[-104.919536,43.551323]]]}},{"type":"Feature","properties":{"q":"NWNE","ac":40.1},"geometry":{"type":"Polygon","coordinates":[[[-104.95009,43.532635],[-104.95002,43.536247],[-104.945028,43.536326],[-104.945098,43.532701],[-104.95009,43.532635]]]}},{"type":"Feature","properties":{"q":"NENE","ac":40.9},"geometry":{"type":"Polygon","coordinates":[[[-104.919662,43.547668],[-104.924707,43.547587],[-104.924596,43.55124],[-104.919536,43.551323],[-104.919662,43.547668]]]}},{"type":"Feature","properties":{"q":"SWNW","ac":40.9},"geometry":{"type":"Polygon","coordinates":[[[-104.919788,43.544012],[-104.919662,43.547668],[-104.914599,43.547665],[-104.914742,43.54402],[-104.919788,43.544012]]]}},{"type":"Feature","properties":{"q":"NWSW","ac":40.6},"geometry":{"type":"Polygon","coordinates":[[[-104.934957,43.540128],[-104.939971,43.540051],[-104.939907,43.543697],[-104.934877,43.543776],[-104.934957,43.540128]]]}},{"type":"Feature","properties":{"q":"SESE","ac":40.4},"geometry":{"type":"Polygon","coordinates":[[[-104.945028,43.536326],[-104.944965,43.539972],[-104.939971,43.540051],[-104.940036,43.536406],[-104.945028,43.536326]]]}},{"type":"Feature","properties":{"q":"1","ac":40.3},"geometry":{"type":"Polygon","coordinates":[[[-104.960081,43.532546],[-104.960026,43.536171],[-104.955004,43.53621],[-104.955075,43.532591],[-104.960081,43.532546]]]}},{"type":"Feature","properties":{"q":"NESW","ac":40.7},"geometry":{"type":"Polygon","coordinates":[[[-104.934957,43.540128],[-104.934877,43.543776],[-104.929847,43.543855],[-104.929943,43.540204],[-104.934957,43.540128]]]}},{"type":"Feature","properties":{"q":"NESW","ac":41.2},"geometry":{"type":"Polygon","coordinates":[[[-104.849903,43.558835],[-104.849938,43.55515],[-104.854981,43.555045],[-104.854926,43.558742],[-104.849903,43.558835]]]}},{"type":"Feature","properties":{"q":"NWNW","ac":41.0},"geometry":{"type":"Polygon","coordinates":[[[-104.860051,43.522461],[-104.855035,43.522432],[-104.855042,43.518754],[-104.860057,43.518772],[-104.860051,43.522461]]]}},{"type":"Feature","properties":{"q":"NWSE","ac":39.0},"geometry":{"type":"Polygon","coordinates":[[[-104.864991,43.544319],[-104.865011,43.540778],[-104.86996,43.540839],[-104.869906,43.544418],[-104.864991,43.544319]]]}},{"type":"Feature","properties":{"q":"SWNE","ac":39.0},"geometry":{"type":"Polygon","coordinates":[[[-104.864792,43.558707],[-104.869638,43.558765],[-104.869557,43.56236],[-104.864713,43.56236],[-104.864792,43.558707]]]}},{"type":"Feature","properties":{"q":"NESW","ac":40.0},"geometry":{"type":"Polygon","coordinates":[[[-104.894814,43.540565],[-104.894638,43.544187],[-104.889671,43.54433],[-104.889828,43.540697],[-104.894814,43.540565]]]}},{"type":"Feature","properties":{"q":"NESE","ac":38.5},"geometry":{"type":"Polygon","coordinates":[[[-104.879411,43.5554],[-104.884387,43.555226],[-104.884349,43.558695],[-104.879327,43.55888],[-104.879411,43.5554]]]}},{"type":"Feature","properties":{"q":"NWNE","ac":40.4},"geometry":{"type":"Polygon","coordinates":[[[-104.910226,43.504029],[-104.910197,43.507667],[-104.905184,43.507772],[-104.905213,43.504145],[-104.910226,43.504029]]]}},{"type":"Feature","properties":{"q":"SENW","ac":40.5},"geometry":{"type":"Polygon","coordinates":[[[-104.875015,43.52997],[-104.875005,43.533627],[-104.87002,43.533593],[-104.870027,43.529926],[-104.875015,43.52997]]]}},{"type":"Feature","properties":{"q":"NESE","ac":40.4},"geometry":{"type":"Polygon","coordinates":[[[-104.8998,43.540433],[-104.904829,43.540414],[-104.904651,43.544036],[-104.899605,43.544044],[-104.8998,43.540433]]]}},{"type":"Feature","properties":{"q":"SENW","ac":40.9},"geometry":{"type":"Polygon","coordinates":[[[-104.850036,43.515067],[-104.855049,43.515075],[-104.855042,43.518754],[-104.850027,43.518735],[-104.850036,43.515067]]]}},{"type":"Feature","properties":{"q":"NWNW","ac":40.9},"geometry":{"type":"Polygon","coordinates":[[[-104.855046,43.533454],[-104.86005,43.533525],[-104.86005,43.537212],[-104.85505,43.537128],[-104.855046,43.533454]]]}},{"type":"Feature","properties":{"q":"NWSW","ac":40.4},"geometry":{"type":"Polygon","coordinates":[[[-104.880016,43.526367],[-104.880003,43.530014],[-104.875015,43.52997],[-104.875024,43.526312],[-104.880016,43.526367]]]}},{"type":"Feature","properties":{"q":"SESE","ac":40.6},"geometry":{"type":"Polygon","coordinates":[[[-104.885058,43.522628],[-104.885039,43.526268],[-104.880016,43.526367],[-104.880029,43.522719],[-104.885058,43.522628]]]}},{"type":"Feature","properties":{"q":"NENW","ac":40.9},"geometry":{"type":"Polygon","coordinates":[[[-104.855042,43.518754],[-104.855035,43.522432],[-104.850018,43.522403],[-104.850027,43.518735],[-104.855042,43.518754]]]}},{"type":"Feature","properties":{"q":"4","ac":37.9},"geometry":{"type":"Polygon","coordinates":[[[-104.874401,43.56236],[-104.879244,43.56236],[-104.87916,43.56584],[-104.874319,43.565932],[-104.874401,43.56236]]]}},{"type":"Feature","properties":{"q":"NENW","ac":40.5},"geometry":{"type":"Polygon","coordinates":[[[-104.895116,43.522444],[-104.890087,43.522536],[-104.890099,43.518907],[-104.895126,43.51882],[-104.895116,43.522444]]]}},{"type":"Feature","properties":{"q":"SENE","ac":40.6},"geometry":{"type":"Polygon","coordinates":[[[-104.845012,43.518717],[-104.839997,43.518698],[-104.840009,43.515052],[-104.845023,43.51506],[-104.845012,43.518717]]]}},{"type":"Feature","properties":{"q":"SESE","ac":40.3},"geometry":{"type":"Polygon","coordinates":[[[-104.904829,43.540414],[-104.8998,43.540433],[-104.899995,43.536822],[-104.905007,43.536792],[-104.904829,43.540414]]]}},{"type":"Feature","properties":{"q":"SENE","ac":39.7},"geometry":{"type":"Polygon","coordinates":[[[-104.879327,43.55888],[-104.884349,43.558695],[-104.884309,43.562317],[-104.879244,43.56236],[-104.879327,43.55888]]]}},{"type":"Feature","properties":{"q":"NESE","ac":40.5},"geometry":{"type":"Polygon","coordinates":[[[-104.880084,43.511802],[-104.885104,43.511726],[-104.885088,43.51536],[-104.880065,43.515441],[-104.880084,43.511802]]]}},{"type":"Feature","properties":{"q":"SWSE","ac":40.5},"geometry":{"type":"Polygon","coordinates":[[[-104.890136,43.50802],[-104.890124,43.511649],[-104.885104,43.511726],[-104.885119,43.508091],[-104.890136,43.50802]]]}},{"type":"Feature","properties":{"q":"SENE","ac":40.4},"geometry":{"type":"Polygon","coordinates":[[[-104.900152,43.518733],[-104.900158,43.515114],[-104.905176,43.515028],[-104.905172,43.518656],[-104.900152,43.518733]]]}},{"type":"Feature","properties":{"q":"NWNE","ac":40.4},"geometry":{"type":"Polygon","coordinates":[[[-104.905047,43.533165],[-104.910061,43.533125],[-104.910018,43.536761],[-104.905007,43.536792],[-104.905047,43.533165]]]}},{"type":"Feature","properties":{"q":"SWNE","ac":40.6},"geometry":{"type":"Polygon","coordinates":[[[-104.865039,43.529881],[-104.870027,43.529926],[-104.87002,43.533593],[-104.865035,43.533559],[-104.865039,43.529881]]]}},{"type":"Feature","properties":{"q":"SWSW","ac":41.0},"geometry":{"type":"Polygon","coordinates":[[[-104.855064,43.507717],[-104.860074,43.507703],[-104.860068,43.511393],[-104.855057,43.511396],[-104.855064,43.507717]]]}},{"type":"Feature","properties":{"q":"NENW","ac":38.8},"geometry":{"type":"Polygon","coordinates":[[[-104.869852,43.547996],[-104.874734,43.548131],[-104.874647,43.551747],[-104.869799,43.551574],[-104.869852,43.547996]]]}},{"type":"Feature","properties":{"q":"NWNE","ac":40.5},"geometry":{"type":"Polygon","coordinates":[[[-104.885073,43.518994],[-104.890099,43.518907],[-104.890087,43.522536],[-104.885058,43.522628],[-104.885073,43.518994]]]}},{"type":"Feature","properties":{"q":"SENE","ac":38.3},"geometry":{"type":"Polygon","coordinates":[[[-104.864991,43.544319],[-104.864971,43.54786],[-104.860089,43.547724],[-104.860076,43.54422],[-104.864991,43.544319]]]}},{"type":"Feature","properties":{"q":"SESE","ac":40.9},"geometry":{"type":"Polygon","coordinates":[[[-104.839999,43.540581],[-104.840051,43.536874],[-104.845051,43.536959],[-104.845015,43.540615],[-104.839999,43.540581]]]}},{"type":"Feature","properties":{"q":"SWNE","ac":40.5},"geometry":{"type":"Polygon","coordinates":[[[-104.890112,43.515278],[-104.890099,43.518907],[-104.885073,43.518994],[-104.885088,43.51536],[-104.890112,43.515278]]]}},{"type":"Feature","properties":{"q":"NWSW","ac":41.4},"geometry":{"type":"Polygon","coordinates":[[[-104.854981,43.555045],[-104.860025,43.554939],[-104.859948,43.558649],[-104.85969,43.558666],[-104.854926,43.558742],[-104.854981,43.555045]]]}},{"type":"Feature","properties":{"q":"SESE","ac":40.4},"geometry":{"type":"Polygon","coordinates":[[[-104.905168,43.522284],[-104.905127,43.525911],[-104.900108,43.52597],[-104.900146,43.522352],[-104.905168,43.522284]]]}},{"type":"Feature","properties":{"q":"SWSW","ac":37.8},"geometry":{"type":"Polygon","coordinates":[[[-104.874565,43.555285],[-104.874647,43.551747],[-104.879495,43.55192],[-104.879411,43.5554],[-104.874565,43.555285]]]}},{"type":"Feature","properties":{"q":"SENE","ac":39.6},"geometry":{"type":"Polygon","coordinates":[[[-104.859871,43.56236],[-104.859948,43.558649],[-104.85996,43.558651],[-104.864792,43.558707],[-104.864713,43.56236],[-104.859885,43.562361],[-104.859878,43.56236],[-104.859871,43.56236]]]}},{"type":"Feature","properties":{"q":"SENW","ac":40.0},"geometry":{"type":"Polygon","coordinates":[[[-104.855044,43.544238],[-104.85504,43.547792],[-104.849992,43.54786],[-104.850011,43.544255],[-104.855044,43.544238]]]}},{"type":"Feature","properties":{"q":"NWSE","ac":40.5},"geometry":{"type":"Polygon","coordinates":[[[-104.850031,43.540649],[-104.850011,43.544255],[-104.844979,43.544272],[-104.845015,43.540615],[-104.850031,43.540649]]]}},{"type":"Feature","properties":{"q":"NWSE","ac":40.6},"geometry":{"type":"Polygon","coordinates":[[[-104.850026,43.526063],[-104.850034,43.529724],[-104.845026,43.529667],[-104.845014,43.526021],[-104.850026,43.526063]]]}},{"type":"Feature","properties":{"q":"NWSE","ac":40.5},"geometry":{"type":"Polygon","coordinates":[[[-104.909857,43.540395],[-104.909697,43.544028],[-104.904651,43.544036],[-104.904829,43.540414],[-104.909857,43.540395]]]}},{"type":"Feature","properties":{"q":"SWSW","ac":41.5},"geometry":{"type":"Polygon","coordinates":[[[-104.855037,43.551347],[-104.860102,43.551228],[-104.860025,43.554939],[-104.854981,43.555045],[-104.855037,43.551347]]]}},{"type":"Feature","properties":{"q":"SWNE","ac":40.7},"geometry":{"type":"Polygon","coordinates":[[[-104.844868,43.562585],[-104.844881,43.558927],[-104.849903,43.558835],[-104.849869,43.56251],[-104.844868,43.562585]]]}},{"type":"Feature","properties":{"q":"3","ac":40.2},"geometry":{"type":"Polygon","coordinates":[[[-104.88937,43.562371],[-104.894429,43.562338],[-104.894455,43.565932],[-104.889359,43.565908],[-104.88937,43.562371]]]}},{"type":"Feature","properties":{"q":"NWSW","ac":40.1},"geometry":{"type":"Polygon","coordinates":[[[-104.894333,43.555052],[-104.899217,43.55494],[-104.899414,43.55861],[-104.894398,43.558674],[-104.894333,43.555052]]]}},{"type":"Feature","properties":{"q":"NESE","ac":40.8},"geometry":{"type":"Polygon","coordinates":[[[-104.865042,43.526204],[-104.865039,43.529881],[-104.860051,43.529837],[-104.860051,43.526149],[-104.865042,43.526204]]]}},{"type":"Feature","properties":{"q":"SWNW","ac":41.0},"geometry":{"type":"Polygon","coordinates":[[[-104.894398,43.558674],[-104.899414,43.55861],[-104.899483,43.562281],[-104.894429,43.562338],[-104.894398,43.558674]]]}},{"type":"Feature","properties":{"q":"2","ac":40.7},"geometry":{"type":"Polygon","coordinates":[[[-104.844868,43.562585],[-104.849869,43.56251],[-104.849835,43.566195],[-104.844855,43.566247],[-104.844868,43.562585]]]}},{"type":"Feature","properties":{"q":"NWSW","ac":39.3},"geometry":{"type":"Polygon","coordinates":[[[-104.855047,43.540683],[-104.860063,43.540716],[-104.860076,43.54422],[-104.855044,43.544238],[-104.855047,43.540683]]]}},{"type":"Feature","properties":{"q":"SENW","ac":41.1},"geometry":{"type":"Polygon","coordinates":[[[-104.88937,43.562371],[-104.889365,43.558685],[-104.894381,43.558674],[-104.894398,43.558674],[-104.894429,43.562338],[-104.88937,43.562371]]]}},{"type":"Feature","properties":{"q":"SENW","ac":39.8},"geometry":{"type":"Polygon","coordinates":[[[-104.894462,43.547808],[-104.889513,43.547961],[-104.889671,43.54433],[-104.894638,43.544187],[-104.894462,43.547808]]]}},{"type":"Feature","properties":{"q":"NESW","ac":38.4},"geometry":{"type":"Polygon","coordinates":[[[-104.869638,43.558765],[-104.869718,43.55517],[-104.874565,43.555285],[-104.874483,43.558823],[-104.869638,43.558765]]]}},{"type":"Feature","properties":{"q":"1","ac":41.5},"geometry":{"type":"Polygon","coordinates":[[[-104.899483,43.562281],[-104.904583,43.562268],[-104.904627,43.565947],[-104.899548,43.565949],[-104.899483,43.562281]]]}},{"type":"Feature","properties":{"q":"SWNE","ac":38.7},"geometry":{"type":"Polygon","coordinates":[[[-104.869906,43.544418],[-104.869852,43.547996],[-104.864971,43.54786],[-104.864991,43.544319],[-104.869906,43.544418]]]}},{"type":"Feature","properties":{"q":"NWNW","ac":41.0},"geometry":{"type":"Polygon","coordinates":[[[-104.855064,43.507717],[-104.855078,43.504029],[-104.86008,43.504007],[-104.860074,43.507703],[-104.855064,43.507717]]]}},{"type":"Feature","properties":{"q":"SESW","ac":40.5},"geometry":{"type":"Polygon","coordinates":[[[-104.895116,43.522444],[-104.895085,43.526069],[-104.890062,43.526168],[-104.890087,43.522536],[-104.895116,43.522444]]]}},{"type":"Feature","properties":{"q":"NENE","ac":40.4},"geometry":{"type":"Polygon","coordinates":[[[-104.840035,43.533242],[-104.845039,43.533313],[-104.845051,43.536959],[-104.840051,43.536874],[-104.840035,43.533242]]]}},{"type":"Feature","properties":{"q":"SWNE","ac":40.0},"geometry":{"type":"Polygon","coordinates":[[[-104.889671,43.54433],[-104.889513,43.547961],[-104.884564,43.548114],[-104.884703,43.544472],[-104.889671,43.54433]]]}},{"type":"Feature","properties":{"q":"SENW","ac":40.4},"geometry":{"type":"Polygon","coordinates":[[[-104.890112,43.515278],[-104.895135,43.515196],[-104.895126,43.51882],[-104.890099,43.518907],[-104.890112,43.515278]]]}},{"type":"Feature","properties":{"q":"2","ac":41.4},"geometry":{"type":"Polygon","coordinates":[[[-104.904583,43.562268],[-104.909634,43.562257],[-104.909703,43.565943],[-104.904627,43.565947],[-104.904583,43.562268]]]}},{"type":"Feature","properties":{"q":"NENW","ac":40.2},"geometry":{"type":"Polygon","coordinates":[[[-104.849992,43.54786],[-104.85504,43.547792],[-104.855037,43.551347],[-104.849972,43.551466],[-104.849992,43.54786]]]}},{"type":"Feature","properties":{"q":"SENW","ac":38.3},"geometry":{"type":"Polygon","coordinates":[[[-104.869638,43.558765],[-104.874483,43.558823],[-104.874401,43.56236],[-104.869557,43.56236],[-104.869638,43.558765]]]}},{"type":"Feature","properties":{"q":"SWNW","ac":40.4},"geometry":{"type":"Polygon","coordinates":[[[-104.900158,43.515114],[-104.900152,43.518733],[-104.895126,43.51882],[-104.895135,43.515196],[-104.900158,43.515114]]]}},{"type":"Feature","properties":{"q":"NESE","ac":40.6},"geometry":{"type":"Polygon","coordinates":[[[-104.880003,43.530014],[-104.880016,43.526367],[-104.885039,43.526268],[-104.88502,43.529907],[-104.880003,43.530014]]]}},{"type":"Feature","properties":{"q":"SWNE","ac":40.7},"geometry":{"type":"Polygon","coordinates":[[[-104.865054,43.518849],[-104.865063,43.515172],[-104.870064,43.515262],[-104.870052,43.518926],[-104.865054,43.518849]]]}},{"type":"Feature","properties":{"q":"3","ac":38.6},"geometry":{"type":"Polygon","coordinates":[[[-104.869476,43.565976],[-104.869557,43.56236],[-104.874401,43.56236],[-104.874319,43.565932],[-104.869476,43.565976]]]}},{"type":"Feature","properties":{"q":"NENE","ac":40.6},"geometry":{"type":"Polygon","coordinates":[[[-104.885073,43.518994],[-104.885058,43.522628],[-104.880029,43.522719],[-104.880047,43.51908],[-104.885073,43.518994]]]}},{"type":"Feature","properties":{"q":"SESE","ac":40.3},"geometry":{"type":"Polygon","coordinates":[[[-104.905184,43.507772],[-104.90518,43.5114],[-104.900165,43.511496],[-104.900171,43.507877],[-104.905184,43.507772]]]}},{"type":"Feature","properties":{"q":"SENW","ac":40.4},"geometry":{"type":"Polygon","coordinates":[[[-104.890159,43.504398],[-104.890182,43.500776],[-104.895205,43.50071],[-104.895179,43.504329],[-104.890159,43.504398]]]}},{"type":"Feature","properties":{"q":"SENW","ac":40.9},"geometry":{"type":"Polygon","coordinates":[[[-104.850077,43.504051],[-104.8501,43.500371],[-104.855093,43.500341],[-104.855078,43.504029],[-104.850077,43.504051]]]}},{"type":"Feature","properties":{"q":"NENE","ac":40.3},"geometry":{"type":"Polygon","coordinates":[[[-104.900171,43.507877],[-104.900199,43.504261],[-104.905213,43.504145],[-104.905184,43.507772],[-104.900171,43.507877]]]}},{"type":"Feature","properties":{"q":"NWSE","ac":40.8},"geometry":{"type":"Polygon","coordinates":[[[-104.870064,43.515262],[-104.865063,43.515172],[-104.865072,43.511495],[-104.870076,43.511598],[-104.870064,43.515262]]]}},{"type":"Feature","properties":{"q":"SENE","ac":40.7},"geometry":{"type":"Polygon","coordinates":[[[-104.845106,43.500401],[-104.845075,43.504073],[-104.840074,43.504095],[-104.840113,43.500431],[-104.845106,43.500401]]]}},{"type":"Feature","properties":{"q":"SWSW","ac":40.3},"geometry":{"type":"Polygon","coordinates":[[[-104.895144,43.511572],[-104.895154,43.507948],[-104.900171,43.507877],[-104.900165,43.511496],[-104.895144,43.511572]]]}},{"type":"Feature","properties":{"q":"NENW","ac":40.6},"geometry":{"type":"Polygon","coordinates":[[[-104.870052,43.518926],[-104.875049,43.519003],[-104.875034,43.522655],[-104.87004,43.52259],[-104.870052,43.518926]]]}},{"type":"Feature","properties":{"q":"NWSE","ac":40.7},"geometry":{"type":"Polygon","coordinates":[[[-104.865039,43.529881],[-104.865042,43.526204],[-104.870033,43.526258],[-104.870027,43.529926],[-104.865039,43.529881]]]}},{"type":"Feature","properties":{"q":"NESW","ac":39.4},"geometry":{"type":"Polygon","coordinates":[[[-104.874908,43.5409],[-104.874821,43.544516],[-104.869906,43.544418],[-104.86996,43.540839],[-104.874908,43.5409]]]}},{"type":"Feature","properties":{"q":"NWSE","ac":40.5},"geometry":{"type":"Polygon","coordinates":[[[-104.890062,43.526168],[-104.890037,43.529801],[-104.88502,43.529907],[-104.885039,43.526268],[-104.890062,43.526168]]]}},{"type":"Feature","properties":{"q":"SESW","ac":39.6},"geometry":{"type":"Polygon","coordinates":[[[-104.874908,43.5409],[-104.86996,43.540839],[-104.870013,43.53726],[-104.874995,43.537284],[-104.874908,43.5409]]]}},{"type":"Feature","properties":{"q":"NENE","ac":39.9},"geometry":{"type":"Polygon","coordinates":[[[-104.879616,43.548267],[-104.884564,43.548114],[-104.884425,43.551756],[-104.879495,43.55192],[-104.879616,43.548267]]]}},{"type":"Feature","properties":{"q":"SESW","ac":40.4},"geometry":{"type":"Polygon","coordinates":[[[-104.895154,43.507948],[-104.895144,43.511572],[-104.890124,43.511649],[-104.890136,43.50802],[-104.895154,43.507948]]]}},{"type":"Feature","properties":{"q":"SENE","ac":40.8},"geometry":{"type":"Polygon","coordinates":[[[-104.865039,43.529881],[-104.865035,43.533559],[-104.86005,43.533525],[-104.860051,43.529837],[-104.865039,43.529881]]]}},{"type":"Feature","properties":{"q":"SESW","ac":41.4},"geometry":{"type":"Polygon","coordinates":[[[-104.849972,43.551466],[-104.855037,43.551347],[-104.854981,43.555045],[-104.849938,43.55515],[-104.849972,43.551466]]]}},{"type":"Feature","properties":{"q":"NENE","ac":40.7},"geometry":{"type":"Polygon","coordinates":[[[-104.86005,43.533525],[-104.865035,43.533559],[-104.865032,43.537236],[-104.86005,43.537212],[-104.86005,43.533525]]]}},{"type":"Feature","properties":{"q":"NWSW","ac":39.9},"geometry":{"type":"Polygon","coordinates":[[[-104.894638,43.544187],[-104.894814,43.540565],[-104.8998,43.540433],[-104.899605,43.544044],[-104.894638,43.544187]]]}},{"type":"Feature","properties":{"q":"SWNE","ac":40.6},"geometry":{"type":"Polygon","coordinates":[[[-104.850042,43.533383],[-104.845039,43.533313],[-104.845026,43.529667],[-104.850034,43.529724],[-104.850042,43.533383]]]}},{"type":"Feature","properties":{"q":"NENW","ac":40.9},"geometry":{"type":"Polygon","coordinates":[[[-104.855064,43.507717],[-104.850054,43.507731],[-104.850077,43.504051],[-104.855078,43.504029],[-104.855064,43.507717]]]}},{"type":"Feature","properties":{"q":"SWNE","ac":40.4},"geometry":{"type":"Polygon","coordinates":[[[-104.905241,43.500518],[-104.910255,43.500392],[-104.910226,43.504029],[-104.905213,43.504145],[-104.905241,43.500518]]]}},{"type":"Feature","properties":{"q":"NENE","ac":40.7},"geometry":{"type":"Polygon","coordinates":[[[-104.839984,43.522345],[-104.839997,43.518698],[-104.845012,43.518717],[-104.845001,43.522374],[-104.839984,43.522345]]]}},{"type":"Feature","properties":{"q":"NESE","ac":40.2},"geometry":{"type":"Polygon","coordinates":[[[-104.879856,43.540961],[-104.884842,43.540829],[-104.884703,43.544472],[-104.879736,43.544614],[-104.879856,43.540961]]]}},{"type":"Feature","properties":{"q":"SWNE","ac":40.4},"geometry":{"type":"Polygon","coordinates":[[[-104.910061,43.533125],[-104.905047,43.533165],[-104.905087,43.529538],[-104.910104,43.529489],[-104.910061,43.533125]]]}},{"type":"Feature","properties":{"q":"NWNW","ac":39.3},"geometry":{"type":"Polygon","coordinates":[[[-104.874734,43.548131],[-104.879616,43.548267],[-104.879495,43.55192],[-104.874647,43.551747],[-104.874734,43.548131]]]}},{"type":"Feature","properties":{"q":"SWSW","ac":39.2},"geometry":{"type":"Polygon","coordinates":[[[-104.855047,43.540683],[-104.85505,43.537128],[-104.860049,43.537212],[-104.86005,43.537212],[-104.860063,43.540716],[-104.855047,43.540683]]]}},{"type":"Feature","properties":{"q":"NENE","ac":40.8},"geometry":{"type":"Polygon","coordinates":[[[-104.845044,43.507744],[-104.840034,43.507758],[-104.840074,43.504095],[-104.845075,43.504073],[-104.845044,43.507744]]]}},{"type":"Feature","properties":{"q":"SWNE","ac":40.8},"geometry":{"type":"Polygon","coordinates":[[[-104.870112,43.500609],[-104.8701,43.504271],[-104.86509,43.504139],[-104.865099,43.500459],[-104.870112,43.500609]]]}},{"type":"Feature","properties":{"q":"SWSW","ac":40.4},"geometry":{"type":"Polygon","coordinates":[[[-104.895085,43.526069],[-104.895116,43.522444],[-104.900146,43.522352],[-104.900108,43.52597],[-104.895085,43.526069]]]}},{"type":"Feature","properties":{"q":"SENW","ac":39.1},"geometry":{"type":"Polygon","coordinates":[[[-104.869852,43.547996],[-104.869906,43.544418],[-104.874821,43.544516],[-104.874734,43.548131],[-104.869852,43.547996]]]}},{"type":"Feature","properties":{"q":"NENE","ac":40.4},"geometry":{"type":"Polygon","coordinates":[[[-104.885119,43.508091],[-104.880102,43.508163],[-104.880119,43.504535],[-104.885139,43.504466],[-104.885119,43.508091]]]}},{"type":"Feature","properties":{"q":"SWNW","ac":39.5},"geometry":{"type":"Polygon","coordinates":[[[-104.874821,43.544516],[-104.879736,43.544614],[-104.879616,43.548267],[-104.874734,43.548131],[-104.874821,43.544516]]]}},{"type":"Feature","properties":{"q":"SESE","ac":40.5},"geometry":{"type":"Polygon","coordinates":[[[-104.880102,43.508163],[-104.885119,43.508091],[-104.885104,43.511726],[-104.880084,43.511802],[-104.880102,43.508163]]]}},{"type":"Feature","properties":{"q":"NESE","ac":41.0},"geometry":{"type":"Polygon","coordinates":[[[-104.839999,43.540581],[-104.845015,43.540615],[-104.844979,43.544272],[-104.839947,43.544288],[-104.839999,43.540581]]]}},{"type":"Feature","properties":{"q":"SESE","ac":40.8},"geometry":{"type":"Polygon","coordinates":[[[-104.860051,43.522461],[-104.865046,43.522526],[-104.865042,43.526204],[-104.860051,43.526149],[-104.860051,43.522461]]]}},{"type":"Feature","properties":{"q":"NESW","ac":39.9},"geometry":{"type":"Polygon","coordinates":[[[-104.850031,43.540649],[-104.855047,43.540683],[-104.855044,43.544238],[-104.850011,43.544255],[-104.850031,43.540649]]]}},{"type":"Feature","properties":{"q":"NENW","ac":40.3},"geometry":{"type":"Polygon","coordinates":[[[-104.895022,43.533319],[-104.894991,43.536944],[-104.889986,43.537065],[-104.890011,43.533433],[-104.895022,43.533319]]]}},{"type":"Feature","properties":{"q":"SENE","ac":40.3},"geometry":{"type":"Polygon","coordinates":[[[-104.90007,43.529587],[-104.905087,43.529538],[-104.905047,43.533165],[-104.900033,43.533205],[-104.90007,43.529587]]]}},{"type":"Feature","properties":{"q":"SWSE","ac":41.2},"geometry":{"type":"Polygon","coordinates":[[[-104.909462,43.554956],[-104.904403,43.554951],[-104.904296,43.551281],[-104.909376,43.551295],[-104.909462,43.554956]]]}},{"type":"Feature","properties":{"q":"SWNW","ac":41.1},"geometry":{"type":"Polygon","coordinates":[[[-104.859948,43.558649],[-104.859871,43.56236],[-104.85487,43.562435],[-104.854926,43.558742],[-104.859948,43.558649]]]}},{"type":"Feature","properties":{"q":"NWSW","ac":40.5},"geometry":{"type":"Polygon","coordinates":[[[-104.875065,43.515352],[-104.87508,43.5117],[-104.880084,43.511802],[-104.880065,43.515441],[-104.875065,43.515352]]]}},{"type":"Feature","properties":{"q":"NWSE","ac":38.9},"geometry":{"type":"Polygon","coordinates":[[[-104.884387,43.555226],[-104.88936,43.555139],[-104.889365,43.558685],[-104.884349,43.558695],[-104.884387,43.555226]]]}},{"type":"Feature","properties":{"q":"SESE","ac":40.4},"geometry":{"type":"Polygon","coordinates":[[[-104.884842,43.540829],[-104.879856,43.540961],[-104.879977,43.537308],[-104.884981,43.537187],[-104.884842,43.540829]]]}},{"type":"Feature","properties":{"q":"NESE","ac":40.6},"geometry":{"type":"Polygon","coordinates":[[[-104.845033,43.511402],[-104.845023,43.51506],[-104.840009,43.515052],[-104.840022,43.511405],[-104.845033,43.511402]]]}},{"type":"Feature","properties":{"q":"NWNW","ac":40.4},"geometry":{"type":"Polygon","coordinates":[[[-104.87511,43.504403],[-104.880119,43.504535],[-104.880102,43.508163],[-104.875095,43.508048],[-104.87511,43.504403]]]}},{"type":"Feature","properties":{"q":"NWSE","ac":40.1},"geometry":{"type":"Polygon","coordinates":[[[-104.889828,43.540697],[-104.889671,43.54433],[-104.884703,43.544472],[-104.884842,43.540829],[-104.889828,43.540697]]]}},{"type":"Feature","properties":{"q":"SESE","ac":40.6},"geometry":{"type":"Polygon","coordinates":[[[-104.845044,43.507744],[-104.845033,43.511402],[-104.840022,43.511405],[-104.840034,43.507758],[-104.845044,43.507744]]]}},{"type":"Feature","properties":{"q":"SWSW","ac":40.0},"geometry":{"type":"Polygon","coordinates":[[[-104.894814,43.540565],[-104.894991,43.536944],[-104.899995,43.536822],[-104.8998,43.540433],[-104.894814,43.540565]]]}},{"type":"Feature","properties":{"q":"SENE","ac":40.1},"geometry":{"type":"Polygon","coordinates":[[[-104.879736,43.544614],[-104.884703,43.544472],[-104.884564,43.548114],[-104.879616,43.548267],[-104.879736,43.544614]]]}},{"type":"Feature","properties":{"q":"SENE","ac":40.5},"geometry":{"type":"Polygon","coordinates":[[[-104.839864,43.55902],[-104.844881,43.558927],[-104.844868,43.562585],[-104.83987,43.562659],[-104.839864,43.55902]]]}},{"type":"Feature","properties":{"q":"NWNE","ac":40.8},"geometry":{"type":"Polygon","coordinates":[[[-104.86509,43.504139],[-104.8701,43.504271],[-104.870088,43.507933],[-104.865081,43.507818],[-104.86509,43.504139]]]}},{"type":"Feature","properties":{"q":"NWSW","ac":40.4},"geometry":{"type":"Polygon","coordinates":[[[-104.900165,43.511496],[-104.900158,43.515114],[-104.895135,43.515196],[-104.895144,43.511572],[-104.900165,43.511496]]]}},{"type":"Feature","properties":{"q":"2","ac":39.2},"geometry":{"type":"Polygon","coordinates":[[[-104.864713,43.56236],[-104.869557,43.56236],[-104.869476,43.565976],[-104.864633,43.566043],[-104.864713,43.56236]]]}},{"type":"Feature","properties":{"q":"2","ac":39.9},"geometry":{"type":"Polygon","coordinates":[[[-104.884309,43.562317],[-104.88937,43.562371],[-104.889359,43.565908],[-104.884266,43.565875],[-104.884309,43.562317]]]}},{"type":"Feature","properties":{"q":"SWSW","ac":40.1},"geometry":{"type":"Polygon","coordinates":[[[-104.874995,43.537284],[-104.879977,43.537308],[-104.879856,43.540961],[-104.874908,43.5409],[-104.874995,43.537284]]]}},{"type":"Feature","properties":{"q":"NWSE","ac":40.4},"geometry":{"type":"Polygon","coordinates":[[[-104.910104,43.529489],[-104.905087,43.529538],[-104.905127,43.525911],[-104.910147,43.525852],[-104.910104,43.529489]]]}},{"type":"Feature","properties":{"q":"SWNW","ac":41.0},"geometry":{"type":"Polygon","coordinates":[[[-104.855078,43.504029],[-104.855093,43.500341],[-104.860086,43.50031],[-104.86008,43.504007],[-104.855078,43.504029]]]}},{"type":"Feature","properties":{"q":"NWNE","ac":40.4},"geometry":{"type":"Polygon","coordinates":[[[-104.890136,43.50802],[-104.885119,43.508091],[-104.885139,43.504466],[-104.890159,43.504398],[-104.890136,43.50802]]]}},{"type":"Feature","properties":{"q":"NENE","ac":41.3},"geometry":{"type":"Polygon","coordinates":[[[-104.839842,43.551702],[-104.839894,43.547995],[-104.844943,43.547928],[-104.844907,43.551584],[-104.839842,43.551702]]]}},{"type":"Feature","properties":{"q":"SESW","ac":39.4},"geometry":{"type":"Polygon","coordinates":[[[-104.889355,43.551593],[-104.894285,43.55143],[-104.894333,43.555052],[-104.88936,43.555139],[-104.889355,43.551593]]]}},{"type":"Feature","properties":{"q":"NENW","ac":40.6},"geometry":{"type":"Polygon","coordinates":[[[-104.8701,43.504271],[-104.87511,43.504403],[-104.875095,43.508048],[-104.870088,43.507933],[-104.8701,43.504271]]]}},{"type":"Feature","properties":{"q":"SWNW","ac":39.5},"geometry":{"type":"Polygon","coordinates":[[[-104.855044,43.544238],[-104.860076,43.54422],[-104.860089,43.547724],[-104.85504,43.547792],[-104.855044,43.544238]]]}},{"type":"Feature","properties":{"q":"SWNW","ac":40.3},"geometry":{"type":"Polygon","coordinates":[[[-104.900199,43.504261],[-104.895179,43.504329],[-104.895205,43.50071],[-104.900228,43.500645],[-104.900199,43.504261]]]}},{"type":"Feature","properties":{"q":"SENE","ac":40.6},"geometry":{"type":"Polygon","coordinates":[[[-104.904651,43.544036],[-104.904473,43.547659],[-104.899411,43.547655],[-104.899605,43.544044],[-104.904651,43.544036]]]}},{"type":"Feature","properties":{"q":"SESE","ac":41.8},"geometry":{"type":"Polygon","coordinates":[[[-104.899217,43.55494],[-104.899216,43.551266],[-104.904296,43.551281],[-104.904403,43.554951],[-104.899217,43.55494]]]}},{"type":"Feature","properties":{"q":"NESE","ac":40.9},"geometry":{"type":"Polygon","coordinates":[[[-104.865063,43.515172],[-104.860062,43.515082],[-104.860068,43.511393],[-104.865072,43.511495],[-104.865063,43.515172]]]}},{"type":"Feature","properties":{"q":"NWNW","ac":40.4},"geometry":{"type":"Polygon","coordinates":[[[-104.875005,43.533627],[-104.87999,43.533661],[-104.879977,43.537308],[-104.874995,43.537284],[-104.875005,43.533627]]]}},{"type":"Feature","properties":{"q":"SWNW","ac":37.7},"geometry":{"type":"Polygon","coordinates":[[[-104.874483,43.558823],[-104.879327,43.55888],[-104.879244,43.56236],[-104.874401,43.56236],[-104.874483,43.558823]]]}},{"type":"Feature","properties":{"q":"NWNW","ac":39.6},"geometry":{"type":"Polygon","coordinates":[[[-104.85504,43.547792],[-104.860089,43.547724],[-104.860102,43.551228],[-104.855037,43.551347],[-104.85504,43.547792]]]}},{"type":"Feature","properties":{"q":"SWNW","ac":40.5},"geometry":{"type":"Polygon","coordinates":[[[-104.875065,43.515352],[-104.880065,43.515441],[-104.880047,43.51908],[-104.875049,43.519003],[-104.875065,43.515352]]]}},{"type":"Feature","properties":{"q":"SESW","ac":40.6},"geometry":{"type":"Polygon","coordinates":[[[-104.87004,43.52259],[-104.875034,43.522655],[-104.875024,43.526312],[-104.870033,43.526258],[-104.87004,43.52259]]]}},{"type":"Feature","properties":{"q":"NENE","ac":40.5},"geometry":{"type":"Polygon","coordinates":[[[-104.879977,43.537308],[-104.87999,43.533661],[-104.885,43.533547],[-104.884981,43.537187],[-104.879977,43.537308]]]}},{"type":"Feature","properties":{"q":"NWNE","ac":40.6},"geometry":{"type":"Polygon","coordinates":[[[-104.865032,43.537236],[-104.865035,43.533559],[-104.87002,43.533593],[-104.870013,43.53726],[-104.865032,43.537236]]]}},{"type":"Feature","properties":{"q":"SESE","ac":40.9},"geometry":{"type":"Polygon","coordinates":[[[-104.860074,43.507703],[-104.865081,43.507818],[-104.865072,43.511495],[-104.860068,43.511393],[-104.860074,43.507703]]]}},{"type":"Feature","properties":{"q":"NWSE","ac":40.5},"geometry":{"type":"Polygon","coordinates":[[[-104.890124,43.511649],[-104.890112,43.515278],[-104.885088,43.51536],[-104.885104,43.511726],[-104.890124,43.511649]]]}},{"type":"Feature","properties":{"q":"SENE","ac":40.6},"geometry":{"type":"Polygon","coordinates":[[[-104.885088,43.51536],[-104.885073,43.518994],[-104.880047,43.51908],[-104.880065,43.515441],[-104.885088,43.51536]]]}},{"type":"Feature","properties":{"q":"4","ac":41.3},"geometry":{"type":"Polygon","coordinates":[[[-104.859871,43.56236],[-104.859793,43.566111],[-104.854814,43.566146],[-104.85487,43.562435],[-104.859871,43.56236]]]}},{"type":"Feature","properties":{"q":"NESE","ac":39.6},"geometry":{"type":"Polygon","coordinates":[[[-104.860025,43.554939],[-104.864871,43.555054],[-104.864792,43.558707],[-104.85996,43.558651],[-104.859948,43.558649],[-104.860025,43.554939]]]}},{"type":"Feature","properties":{"q":"SESW","ac":38.4},"geometry":{"type":"Polygon","coordinates":[[[-104.869718,43.55517],[-104.869799,43.551574],[-104.874647,43.551747],[-104.874565,43.555285],[-104.869718,43.55517]]]}},{"type":"Feature","properties":{"q":"NESW","ac":39.8},"geometry":{"type":"Polygon","coordinates":[[[-104.894333,43.555052],[-104.894398,43.558674],[-104.894381,43.558674],[-104.889365,43.558685],[-104.88936,43.555139],[-104.894333,43.555052]]]}},{"type":"Feature","properties":{"q":"NWNE","ac":40.8},"geometry":{"type":"Polygon","coordinates":[[[-104.909536,43.547662],[-104.909376,43.551295],[-104.904296,43.551281],[-104.904473,43.547659],[-104.909536,43.547662]]]}},{"type":"Feature","properties":{"q":"NESW","ac":40.9},"geometry":{"type":"Polygon","coordinates":[[[-104.850036,43.515067],[-104.850045,43.511399],[-104.855057,43.511396],[-104.855049,43.515075],[-104.850036,43.515067]]]}},{"type":"Feature","properties":{"q":"SWNW","ac":41.0},"geometry":{"type":"Polygon","coordinates":[[[-104.855049,43.515075],[-104.860062,43.515082],[-104.860057,43.518772],[-104.855042,43.518754],[-104.855049,43.515075]]]}},{"type":"Feature","properties":{"q":"SWSE","ac":40.3},"geometry":{"type":"Polygon","coordinates":[[[-104.884842,43.540829],[-104.884981,43.537187],[-104.889986,43.537065],[-104.889828,43.540697],[-104.884842,43.540829]]]}},{"type":"Feature","properties":{"q":"NENE","ac":41.0},"geometry":{"type":"Polygon","coordinates":[[[-104.865081,43.507818],[-104.860074,43.507703],[-104.86008,43.504007],[-104.86509,43.504139],[-104.865081,43.507818]]]}},{"type":"Feature","properties":{"q":"NWSW","ac":41.0},"geometry":{"type":"Polygon","coordinates":[[[-104.860068,43.511393],[-104.860062,43.515082],[-104.855049,43.515075],[-104.855057,43.511396],[-104.860068,43.511393]]]}},{"type":"Feature","properties":{"q":"NWNW","ac":40.3},"geometry":{"type":"Polygon","coordinates":[[[-104.900199,43.504261],[-104.900171,43.507877],[-104.895154,43.507948],[-104.895179,43.504329],[-104.900199,43.504261]]]}},{"type":"Feature","properties":{"q":"NWSE","ac":41.1},"geometry":{"type":"Polygon","coordinates":[[[-104.844894,43.555256],[-104.849938,43.55515],[-104.849903,43.558835],[-104.844881,43.558927],[-104.844894,43.555256]]]}},{"type":"Feature","properties":{"q":"SENE","ac":41.4},"geometry":{"type":"Polygon","coordinates":[[[-104.90451,43.558622],[-104.904583,43.562268],[-104.899483,43.562281],[-104.899414,43.55861],[-104.90451,43.558622]]]}},{"type":"Feature","properties":{"q":"NWNE","ac":40.8},"geometry":{"type":"Polygon","coordinates":[[[-104.845012,43.518717],[-104.850027,43.518735],[-104.850018,43.522403],[-104.845001,43.522374],[-104.845012,43.518717]]]}},{"type":"Feature","properties":{"q":"SESE","ac":40.5},"geometry":{"type":"Polygon","coordinates":[[[-104.839984,43.522345],[-104.845001,43.522374],[-104.845014,43.526021],[-104.840001,43.525977],[-104.839984,43.522345]]]}},{"type":"Feature","properties":{"q":"NESW","ac":40.4},"geometry":{"type":"Polygon","coordinates":[[[-104.890124,43.511649],[-104.895144,43.511572],[-104.895135,43.515196],[-104.890112,43.515278],[-104.890124,43.511649]]]}},{"type":"Feature","properties":{"q":"1","ac":39.7},"geometry":{"type":"Polygon","coordinates":[[[-104.879244,43.56236],[-104.884309,43.562317],[-104.884266,43.565875],[-104.87916,43.56584],[-104.879244,43.56236]]]}},{"type":"Feature","properties":{"q":"SWSW","ac":40.5},"geometry":{"type":"Polygon","coordinates":[[[-104.875095,43.508048],[-104.880102,43.508163],[-104.880084,43.511802],[-104.87508,43.5117],[-104.875095,43.508048]]]}},{"type":"Feature","properties":{"q":"NENE","ac":40.3},"geometry":{"type":"Polygon","coordinates":[[[-104.905007,43.536792],[-104.899995,43.536822],[-104.900033,43.533205],[-104.905047,43.533165],[-104.905007,43.536792]]]}},{"type":"Feature","properties":{"q":"SENW","ac":40.7},"geometry":{"type":"Polygon","coordinates":[[[-104.850034,43.529724],[-104.855042,43.52978],[-104.855046,43.533454],[-104.850042,43.533383],[-104.850034,43.529724]]]}},{"type":"Feature","properties":{"q":"SENE","ac":40.9},"geometry":{"type":"Polygon","coordinates":[[[-104.860062,43.515082],[-104.865063,43.515172],[-104.865054,43.518849],[-104.860057,43.518772],[-104.860062,43.515082]]]}},{"type":"Feature","properties":{"q":"NENW","ac":40.5},"geometry":{"type":"Polygon","coordinates":[[[-104.875005,43.533627],[-104.874995,43.537284],[-104.870013,43.53726],[-104.87002,43.533593],[-104.875005,43.533627]]]}},{"type":"Feature","properties":{"q":"SWNW","ac":40.9},"geometry":{"type":"Polygon","coordinates":[[[-104.860051,43.529837],[-104.86005,43.533525],[-104.855046,43.533454],[-104.855042,43.52978],[-104.860051,43.529837]]]}},{"type":"Feature","properties":{"q":"NWNE","ac":40.7},"geometry":{"type":"Polygon","coordinates":[[[-104.844907,43.551584],[-104.844943,43.547928],[-104.849992,43.54786],[-104.849972,43.551466],[-104.844907,43.551584]]]}},{"type":"Feature","properties":{"q":"SESW","ac":39.8},"geometry":{"type":"Polygon","coordinates":[[[-104.850051,43.537043],[-104.85505,43.537128],[-104.855047,43.540683],[-104.850031,43.540649],[-104.850051,43.537043]]]}},{"type":"Feature","properties":{"q":"NWSW","ac":40.9},"geometry":{"type":"Polygon","coordinates":[[[-104.855038,43.526106],[-104.860051,43.526149],[-104.860051,43.529837],[-104.855042,43.52978],[-104.855038,43.526106]]]}},{"type":"Feature","properties":{"q":"SWSE","ac":41.2},"geometry":{"type":"Polygon","coordinates":[[[-104.844907,43.551584],[-104.849972,43.551466],[-104.849938,43.55515],[-104.844894,43.555256],[-104.844907,43.551584]]]}},{"type":"Feature","properties":{"q":"NESW","ac":40.6},"geometry":{"type":"Polygon","coordinates":[[[-104.875015,43.52997],[-104.870027,43.529926],[-104.870033,43.526258],[-104.875024,43.526312],[-104.875015,43.52997]]]}},{"type":"Feature","properties":{"q":"NENE","ac":38.0},"geometry":{"type":"Polygon","coordinates":[[[-104.860089,43.547724],[-104.864971,43.54786],[-104.86495,43.551401],[-104.860102,43.551228],[-104.860089,43.547724]]]}},{"type":"Feature","properties":{"q":"SWNE","ac":40.5},"geometry":{"type":"Polygon","coordinates":[[[-104.890037,43.529801],[-104.890011,43.533433],[-104.885,43.533547],[-104.88502,43.529907],[-104.890037,43.529801]]]}},{"type":"Feature","properties":{"q":"SWNE","ac":40.8},"geometry":{"type":"Polygon","coordinates":[[[-104.884349,43.558695],[-104.889365,43.558685],[-104.88937,43.562371],[-104.884309,43.562317],[-104.884349,43.558695]]]}},{"type":"Feature","properties":{"q":"NWNW","ac":40.4},"geometry":{"type":"Polygon","coordinates":[[[-104.880029,43.522719],[-104.875034,43.522655],[-104.875049,43.519003],[-104.880047,43.51908],[-104.880029,43.522719]]]}},{"type":"Feature","properties":{"q":"SWSW","ac":39.9},"geometry":{"type":"Polygon","coordinates":[[[-104.855258,43.47853],[-104.858855,43.478509],[-104.860278,43.478445],[-104.860233,43.482063],[-104.855223,43.482113],[-104.855258,43.47853]]]}},{"type":"Feature","properties":{"q":"NWNW","ac":40.0},"geometry":{"type":"Polygon","coordinates":[[[-104.855155,43.489344],[-104.860143,43.489299],[-104.860098,43.492917],[-104.855122,43.492964],[-104.855155,43.489344]]]}},{"type":"Feature","properties":{"q":"NWNE","ac":40.1},"geometry":{"type":"Polygon","coordinates":[[[-104.850145,43.493011],[-104.845169,43.493058],[-104.845179,43.489435],[-104.850167,43.48939],[-104.850145,43.493011]]]}},{"type":"Feature","properties":{"q":"SWSE","ac":40.3},"geometry":{"type":"Polygon","coordinates":[[[-104.889017,43.47911],[-104.890451,43.479102],[-104.890395,43.482705],[-104.885366,43.482757],[-104.885421,43.479149],[-104.889017,43.47911]]]}},{"type":"Feature","properties":{"q":"SENE","ac":40.2},"geometry":{"type":"Polygon","coordinates":[[[-104.845189,43.485812],[-104.845179,43.489435],[-104.84019,43.48948],[-104.840189,43.485856],[-104.845189,43.485812]]]}},{"type":"Feature","properties":{"q":"NWSE","ac":40.9},"geometry":{"type":"Polygon","coordinates":[[[-104.870112,43.500609],[-104.865099,43.500459],[-104.865108,43.49678],[-104.870123,43.496946],[-104.870112,43.500609]]]}},{"type":"Feature","properties":{"q":"SENW","ac":40.1},"geometry":{"type":"Polygon","coordinates":[[[-104.850189,43.485769],[-104.855189,43.485725],[-104.855155,43.489344],[-104.850167,43.48939],[-104.850189,43.485769]]]}},{"type":"Feature","properties":{"q":"SWSW","ac":40.5},"geometry":{"type":"Polygon","coordinates":[[[-104.880155,43.497278],[-104.875139,43.497112],[-104.875154,43.493467],[-104.880172,43.49365],[-104.880155,43.497278]]]}},{"type":"Feature","properties":{"q":"NWSE","ac":40.1},"geometry":{"type":"Polygon","coordinates":[[[-104.845199,43.482197],[-104.850211,43.482162],[-104.850189,43.485769],[-104.845189,43.485812],[-104.845199,43.482197]]]}},{"type":"Feature","properties":{"q":"NWSE","ac":40.3},"geometry":{"type":"Polygon","coordinates":[[[-104.89034,43.486308],[-104.885311,43.486366],[-104.885366,43.482757],[-104.890395,43.482705],[-104.89034,43.486308]]]}},{"type":"Feature","properties":{"q":"SESW","ac":40.2},"geometry":{"type":"Polygon","coordinates":[[[-104.890395,43.482705],[-104.890451,43.479102],[-104.894056,43.479062],[-104.895482,43.479054],[-104.895425,43.482643],[-104.890395,43.482705]]]}},{"type":"Feature","properties":{"q":"NESW","ac":40.8},"geometry":{"type":"Polygon","coordinates":[[[-104.855107,43.496652],[-104.855093,43.500341],[-104.8501,43.500371],[-104.850122,43.496691],[-104.855107,43.496652]]]}},{"type":"Feature","properties":{"q":"NENW","ac":40.3},"geometry":{"type":"Polygon","coordinates":[[[-104.890284,43.48992],[-104.895313,43.489861],[-104.895256,43.493472],[-104.890228,43.493531],[-104.890284,43.48992]]]}},{"type":"Feature","properties":{"q":"NWSW","ac":40.9},"geometry":{"type":"Polygon","coordinates":[[[-104.855093,43.500341],[-104.855107,43.496652],[-104.860092,43.496613],[-104.860086,43.50031],[-104.855093,43.500341]]]}},{"type":"Feature","properties":{"q":"SWSW","ac":40.4},"geometry":{"type":"Polygon","coordinates":[[[-104.900284,43.493413],[-104.900256,43.497029],[-104.895231,43.497091],[-104.895256,43.493472],[-104.900284,43.493413]]]}},{"type":"Feature","properties":{"q":"SWNE","ac":40.3},"geometry":{"type":"Polygon","coordinates":[[[-104.89034,43.486308],[-104.890284,43.48992],[-104.885255,43.489978],[-104.885311,43.486366],[-104.89034,43.486308]]]}},{"type":"Feature","properties":{"q":"SWSE","ac":40.3},"geometry":{"type":"Polygon","coordinates":[[[-104.850234,43.478556],[-104.850211,43.482162],[-104.845199,43.482197],[-104.845209,43.478581],[-104.848817,43.47856],[-104.850234,43.478556]]]}},{"type":"Feature","properties":{"q":"NESW","ac":40.3},"geometry":{"type":"Polygon","coordinates":[[[-104.89034,43.486308],[-104.890395,43.482705],[-104.895425,43.482643],[-104.895369,43.48625],[-104.89034,43.486308]]]}},{"type":"Feature","properties":{"q":"SWNE","ac":40.2},"geometry":{"type":"Polygon","coordinates":[[[-104.850189,43.485769],[-104.850167,43.48939],[-104.845179,43.489435],[-104.845189,43.485812],[-104.850189,43.485769]]]}},{"type":"Feature","properties":{"q":"NENW","ac":40.3},"geometry":{"type":"Polygon","coordinates":[[[-104.870185,43.489668],[-104.875206,43.489852],[-104.875154,43.493467],[-104.870135,43.493283],[-104.870185,43.489668]]]}},{"type":"Feature","properties":{"q":"SWSE","ac":40.7},"geometry":{"type":"Polygon","coordinates":[[[-104.845169,43.493058],[-104.850145,43.493011],[-104.850122,43.496691],[-104.845138,43.49673],[-104.845169,43.493058]]]}},{"type":"Feature","properties":{"q":"SWNW","ac":40.3},"geometry":{"type":"Polygon","coordinates":[[[-104.900398,43.486192],[-104.900341,43.489802],[-104.895313,43.489861],[-104.895369,43.48625],[-104.900398,43.486192]]]}},{"type":"Feature","properties":{"q":"SESE","ac":40.4},"geometry":{"type":"Polygon","coordinates":[[[-104.845209,43.478581],[-104.845199,43.482197],[-104.840187,43.482231],[-104.840185,43.478607],[-104.843798,43.478586],[-104.845209,43.478581]]]}},{"type":"Feature","properties":{"q":"NWNE","ac":40.3},"geometry":{"type":"Polygon","coordinates":[[[-104.8852,43.493591],[-104.885255,43.489978],[-104.890284,43.48992],[-104.890228,43.493531],[-104.8852,43.493591]]]}},{"type":"Feature","properties":{"q":"SENW","ac":40.3},"geometry":{"type":"Polygon","coordinates":[[[-104.875206,43.489852],[-104.870185,43.489668],[-104.870235,43.486053],[-104.875258,43.486238],[-104.875206,43.489852]]]}},{"type":"Feature","properties":{"q":"NWSW","ac":40.2},"geometry":{"type":"Polygon","coordinates":[[[-104.855189,43.485725],[-104.855223,43.482113],[-104.860233,43.482063],[-104.860188,43.485681],[-104.855189,43.485725]]]}},{"type":"Feature","properties":{"q":"NENW","ac":40.1},"geometry":{"type":"Polygon","coordinates":[[[-104.855155,43.489344],[-104.855122,43.492964],[-104.850145,43.493011],[-104.850167,43.48939],[-104.855155,43.489344]]]}},{"type":"Feature","properties":{"q":"SESE","ac":40.6},"geometry":{"type":"Polygon","coordinates":[[[-104.845138,43.49673],[-104.840153,43.496768],[-104.840192,43.493104],[-104.845169,43.493058],[-104.845138,43.49673]]]}},{"type":"Feature","properties":{"q":"SWNW","ac":40.1},"geometry":{"type":"Polygon","coordinates":[[[-104.860143,43.489299],[-104.855155,43.489344],[-104.855189,43.485725],[-104.860188,43.485681],[-104.860143,43.489299]]]}},{"type":"Feature","properties":{"q":"SWSE","ac":40.9},"geometry":{"type":"Polygon","coordinates":[[[-104.870135,43.493283],[-104.870123,43.496946],[-104.865108,43.49678],[-104.865117,43.4931],[-104.870135,43.493283]]]}},{"type":"Feature","properties":{"q":"NESE","ac":40.4},"geometry":{"type":"Polygon","coordinates":[[[-104.865212,43.485867],[-104.860188,43.485681],[-104.860233,43.482063],[-104.865259,43.482256],[-104.865212,43.485867]]]}},{"type":"Feature","properties":{"q":"NWSW","ac":40.4},"geometry":{"type":"Polygon","coordinates":[[[-104.900228,43.500645],[-104.895205,43.50071],[-104.895231,43.497091],[-104.900256,43.497029],[-104.900228,43.500645]]]}},{"type":"Feature","properties":{"q":"SESW","ac":40.0},"geometry":{"type":"Polygon","coordinates":[[[-104.873918,43.479015],[-104.875363,43.479046],[-104.875311,43.48263],[-104.870285,43.482449],[-104.870335,43.478846],[-104.873918,43.479015]]]}},{"type":"Feature","properties":{"q":"NESE","ac":40.5},"geometry":{"type":"Polygon","coordinates":[[[-104.880155,43.497278],[-104.88518,43.497216],[-104.88516,43.500841],[-104.880137,43.500906],[-104.880155,43.497278]]]}},{"type":"Feature","properties":{"q":"SWSW","ac":39.8},"geometry":{"type":"Polygon","coordinates":[[[-104.875311,43.48263],[-104.875363,43.479046],[-104.87894,43.479215],[-104.88039,43.479196],[-104.880336,43.48281],[-104.875311,43.48263]]]}},{"type":"Feature","properties":{"q":"SESE","ac":40.2},"geometry":{"type":"Polygon","coordinates":[[[-104.860278,43.478445],[-104.863873,43.478615],[-104.865307,43.478646],[-104.865259,43.482256],[-104.860233,43.482063],[-104.860278,43.478445]]]}},{"type":"Feature","properties":{"q":"SENW","ac":40.3},"geometry":{"type":"Polygon","coordinates":[[[-104.895369,43.48625],[-104.895313,43.489861],[-104.890284,43.48992],[-104.89034,43.486308],[-104.895369,43.48625]]]}},{"type":"Feature","properties":{"q":"NESW","ac":40.4},"geometry":{"type":"Polygon","coordinates":[[[-104.890205,43.497154],[-104.895231,43.497091],[-104.895205,43.50071],[-104.890182,43.500776],[-104.890205,43.497154]]]}},{"type":"Feature","properties":{"q":"NWNE","ac":40.3},"geometry":{"type":"Polygon","coordinates":[[[-104.870135,43.493283],[-104.865117,43.4931],[-104.865164,43.489484],[-104.870185,43.489668],[-104.870135,43.493283]]]}},{"type":"Feature","properties":{"q":"NENE","ac":40.3},"geometry":{"type":"Polygon","coordinates":[[[-104.8852,43.493591],[-104.880172,43.49365],[-104.880227,43.490037],[-104.885255,43.489978],[-104.8852,43.493591]]]}},{"type":"Feature","properties":{"q":"NENE","ac":40.3},"geometry":{"type":"Polygon","coordinates":[[[-104.860143,43.489299],[-104.865164,43.489484],[-104.865117,43.4931],[-104.860098,43.492917],[-104.860143,43.489299]]]}},{"type":"Feature","properties":{"q":"NWSE","ac":40.4},"geometry":{"type":"Polygon","coordinates":[[[-104.88516,43.500841],[-104.88518,43.497216],[-104.890205,43.497154],[-104.890182,43.500776],[-104.88516,43.500841]]]}},{"type":"Feature","properties":{"q":"SWSW","ac":40.8},"geometry":{"type":"Polygon","coordinates":[[[-104.860098,43.492917],[-104.860092,43.496613],[-104.855107,43.496652],[-104.855122,43.492964],[-104.860098,43.492917]]]}},{"type":"Feature","properties":{"q":"NESW","ac":40.3},"geometry":{"type":"Polygon","coordinates":[[[-104.875258,43.486238],[-104.870235,43.486053],[-104.870285,43.482449],[-104.875311,43.48263],[-104.875258,43.486238]]]}},{"type":"Feature","properties":{"q":"SESE","ac":40.4},"geometry":{"type":"Polygon","coordinates":[[[-104.880336,43.48281],[-104.88039,43.479196],[-104.883978,43.479157],[-104.885421,43.479149],[-104.885366,43.482757],[-104.880336,43.48281]]]}},{"type":"Feature","properties":{"q":"SENE","ac":40.3},"geometry":{"type":"Polygon","coordinates":[[[-104.885311,43.486366],[-104.885255,43.489978],[-104.880227,43.490037],[-104.880281,43.486423],[-104.885311,43.486366]]]}},{"type":"Feature","properties":{"q":"SESE","ac":41.1},"geometry":{"type":"Polygon","coordinates":[[[-104.860092,43.496613],[-104.860098,43.492917],[-104.865117,43.4931],[-104.865108,43.49678],[-104.860092,43.496613]]]}},{"type":"Feature","properties":{"q":"SWSE","ac":40.4},"geometry":{"type":"Polygon","coordinates":[[[-104.890228,43.493531],[-104.890205,43.497154],[-104.88518,43.497216],[-104.8852,43.493591],[-104.890228,43.493531]]]}},{"type":"Feature","properties":{"q":"SESE","ac":40.5},"geometry":{"type":"Polygon","coordinates":[[[-104.880172,43.49365],[-104.8852,43.493591],[-104.88518,43.497216],[-104.880155,43.497278],[-104.880172,43.49365]]]}},{"type":"Feature","properties":{"q":"NESE","ac":40.3},"geometry":{"type":"Polygon","coordinates":[[[-104.880281,43.486423],[-104.880336,43.48281],[-104.885366,43.482757],[-104.885311,43.486366],[-104.880281,43.486423]]]}},{"type":"Feature","properties":{"q":"SWSE","ac":40.1},"geometry":{"type":"Polygon","coordinates":[[[-104.865307,43.478646],[-104.868896,43.478815],[-104.870335,43.478846],[-104.870285,43.482449],[-104.865259,43.482256],[-104.865307,43.478646]]]}},{"type":"Feature","properties":{"q":"NWSE","ac":40.7},"geometry":{"type":"Polygon","coordinates":[[[-104.850122,43.496691],[-104.8501,43.500371],[-104.845106,43.500401],[-104.845138,43.49673],[-104.850122,43.496691]]]}},{"type":"Feature","properties":{"q":"SENE","ac":40.4},"geometry":{"type":"Polygon","coordinates":[[[-104.860143,43.489299],[-104.860188,43.485681],[-104.865212,43.485867],[-104.865164,43.489484],[-104.860143,43.489299]]]}},{"type":"Feature","properties":{"q":"SESW","ac":40.7},"geometry":{"type":"Polygon","coordinates":[[[-104.855122,43.492964],[-104.855107,43.496652],[-104.850122,43.496691],[-104.850145,43.493011],[-104.855122,43.492964]]]}},{"type":"Feature","properties":{"q":"SESW","ac":40.1},"geometry":{"type":"Polygon","coordinates":[[[-104.850211,43.482162],[-104.850234,43.478556],[-104.853836,43.478535],[-104.855258,43.47853],[-104.855223,43.482113],[-104.850211,43.482162]]]}},{"type":"Feature","properties":{"q":"NESE","ac":41.1},"geometry":{"type":"Polygon","coordinates":[[[-104.865099,43.500459],[-104.860086,43.50031],[-104.860092,43.496613],[-104.865108,43.49678],[-104.865099,43.500459]]]}},{"type":"Feature","properties":{"q":"SESW","ac":40.4},"geometry":{"type":"Polygon","coordinates":[[[-104.895256,43.493472],[-104.895231,43.497091],[-104.890205,43.497154],[-104.890228,43.493531],[-104.895256,43.493472]]]}},{"type":"Feature","properties":{"q":"NESW","ac":40.1},"geometry":{"type":"Polygon","coordinates":[[[-104.850189,43.485769],[-104.850211,43.482162],[-104.855223,43.482113],[-104.855189,43.485725],[-104.850189,43.485769]]]}},{"type":"Feature","properties":{"q":"NESW","ac":40.7},"geometry":{"type":"Polygon","coordinates":[[[-104.870123,43.496946],[-104.875139,43.497112],[-104.875124,43.500758],[-104.870112,43.500609],[-104.870123,43.496946]]]}},{"type":"Feature","properties":{"q":"NWNW","ac":40.3},"geometry":{"type":"Polygon","coordinates":[[[-104.875206,43.489852],[-104.880227,43.490037],[-104.880172,43.49365],[-104.875154,43.493467],[-104.875206,43.489852]]]}},{"type":"Feature","properties":{"q":"NWSW","ac":40.3},"geometry":{"type":"Polygon","coordinates":[[[-104.895425,43.482643],[-104.900455,43.482581],[-104.900398,43.486192],[-104.895369,43.48625],[-104.895425,43.482643]]]}},{"type":"Feature","properties":{"q":"SWNW","ac":40.3},"geometry":{"type":"Polygon","coordinates":[[[-104.875206,43.489852],[-104.875258,43.486238],[-104.880281,43.486423],[-104.880227,43.490037],[-104.875206,43.489852]]]}},{"type":"Feature","properties":{"q":"NESE","ac":40.3},"geometry":{"type":"Polygon","coordinates":[[[-104.845189,43.485812],[-104.840189,43.485856],[-104.840187,43.482231],[-104.845199,43.482197],[-104.845189,43.485812]]]}},{"type":"Feature","properties":{"q":"SESW","ac":40.7},"geometry":{"type":"Polygon","coordinates":[[[-104.870135,43.493283],[-104.875154,43.493467],[-104.875139,43.497112],[-104.870123,43.496946],[-104.870135,43.493283]]]}},{"type":"Feature","properties":{"q":"SWNE","ac":40.4},"geometry":{"type":"Polygon","coordinates":[[[-104.870235,43.486053],[-104.870185,43.489668],[-104.865164,43.489484],[-104.865212,43.485867],[-104.870235,43.486053]]]}},{"type":"Feature","properties":{"q":"NWSW","ac":40.5},"geometry":{"type":"Polygon","coordinates":[[[-104.875139,43.497112],[-104.880155,43.497278],[-104.880137,43.500906],[-104.875124,43.500758],[-104.875139,43.497112]]]}},{"type":"Feature","properties":{"q":"NESE","ac":40.6},"geometry":{"type":"Polygon","coordinates":[[[-104.845106,43.500401],[-104.840113,43.500431],[-104.840153,43.496768],[-104.845138,43.49673],[-104.845106,43.500401]]]}},{"type":"Feature","properties":{"q":"NWNW","ac":40.3},"geometry":{"type":"Polygon","coordinates":[[[-104.895256,43.493472],[-104.895313,43.489861],[-104.900341,43.489802],[-104.900284,43.493413],[-104.895256,43.493472]]]}},{"type":"Feature","properties":{"q":"NWSE","ac":40.3},"geometry":{"type":"Polygon","coordinates":[[[-104.870235,43.486053],[-104.865212,43.485867],[-104.865259,43.482256],[-104.870285,43.482449],[-104.870235,43.486053]]]}},{"type":"Feature","properties":{"q":"NENE","ac":40.1},"geometry":{"type":"Polygon","coordinates":[[[-104.845179,43.489435],[-104.845169,43.493058],[-104.840192,43.493104],[-104.84019,43.48948],[-104.845179,43.489435]]]}},{"type":"Feature","properties":{"q":"NWSW","ac":40.3},"geometry":{"type":"Polygon","coordinates":[[[-104.875311,43.48263],[-104.880336,43.48281],[-104.880281,43.486423],[-104.875258,43.486238],[-104.875311,43.48263]]]}},{"type":"Feature","properties":{"q":"SWSW","ac":40.1},"geometry":{"type":"Polygon","coordinates":[[[-104.895425,43.482643],[-104.895482,43.479054],[-104.899095,43.479015],[-104.900512,43.478971],[-104.900455,43.482581],[-104.895425,43.482643]]]}}]}