{"type":"FeatureCollection","note":"BLM Public Land Survey System. Provided by the Bureau of Land Management as is. These data are neither legal documents nor land surveys and must not be used as such.","features":[{"type":"Feature","properties":{"q":"1","ac":40.7},"geometry":{"type":"Polygon","coordinates":[[[-105.589272,43.572795],[-105.589274,43.576418],[-105.584212,43.57646],[-105.584215,43.572831],[-105.589272,43.572795]]]}},{"type":"Feature","properties":{"q":"20","ac":40.6},"geometry":{"type":"Polygon","coordinates":[[[-105.669643,43.576074],[-105.669684,43.579681],[-105.664603,43.579668],[-105.664549,43.576068],[-105.669643,43.576074]]]}},{"type":"Feature","properties":{"q":"2","ac":39.1},"geometry":{"type":"Polygon","coordinates":[[[-105.629699,43.572349],[-105.6347,43.572392],[-105.634714,43.575935],[-105.629728,43.575872],[-105.629699,43.572349]]]}},{"type":"Feature","properties":{"q":"5","ac":39.7},"geometry":{"type":"Polygon","coordinates":[[[-105.639701,43.568872],[-105.644715,43.568896],[-105.6447,43.572479],[-105.6397,43.572436],[-105.639701,43.568872]]]}},{"type":"Feature","properties":{"q":"15","ac":40.9},"geometry":{"type":"Polygon","coordinates":[[[-105.568948,43.580156],[-105.568982,43.576524],[-105.574059,43.576502],[-105.574028,43.580134],[-105.568948,43.580156]]]}},{"type":"Feature","properties":{"q":"14","ac":41.0},"geometry":{"type":"Polygon","coordinates":[[[-105.619672,43.57593],[-105.619708,43.579574],[-105.614623,43.579683],[-105.614601,43.576051],[-105.619672,43.57593]]]}},{"type":"Feature","properties":{"q":"3","ac":39.3},"geometry":{"type":"Polygon","coordinates":[[[-105.6347,43.572392],[-105.6397,43.572436],[-105.639699,43.575998],[-105.634714,43.575935],[-105.6347,43.572392]]]}},{"type":"Feature","properties":{"q":"7","ac":40.8},"geometry":{"type":"Polygon","coordinates":[[[-105.674804,43.572467],[-105.679885,43.572468],[-105.679832,43.576087],[-105.674738,43.576081],[-105.674804,43.572467]]]}},{"type":"Feature","properties":{"q":"8","ac":43.9},"geometry":{"type":"Polygon","coordinates":[[[-105.679885,43.572468],[-105.685321,43.572462],[-105.685317,43.576089],[-105.679832,43.576087],[-105.679885,43.572468]]]}},{"type":"Feature","properties":{"q":"9","ac":40.3},"geometry":{"type":"Polygon","coordinates":[[[-105.629772,43.579516],[-105.629817,43.583161],[-105.624844,43.583123],[-105.624793,43.579465],[-105.629772,43.579516]]]}},{"type":"Feature","properties":{"q":"19","ac":40.4},"geometry":{"type":"Polygon","coordinates":[[[-105.669962,43.561643],[-105.675006,43.561628],[-105.674938,43.565241],[-105.669882,43.56525],[-105.669962,43.561643]]]}},{"type":"Feature","properties":{"q":"8","ac":39.7},"geometry":{"type":"Polygon","coordinates":[[[-105.644715,43.568896],[-105.64972,43.568888],[-105.649686,43.572476],[-105.6447,43.572479],[-105.644715,43.568896]]]}},{"type":"Feature","properties":{"q":"18","ac":40.8},"geometry":{"type":"Polygon","coordinates":[[[-105.679847,43.579707],[-105.674766,43.579694],[-105.674738,43.576081],[-105.679832,43.576087],[-105.679847,43.579707]]]}},{"type":"Feature","properties":{"q":"13","ac":39.7},"geometry":{"type":"Polygon","coordinates":[[[-105.614483,43.561833],[-105.619526,43.561814],[-105.619563,43.565343],[-105.614512,43.565388],[-105.614483,43.561833]]]}},{"type":"Feature","properties":{"q":"3","ac":39.8},"geometry":{"type":"Polygon","coordinates":[[[-105.614601,43.576051],[-105.614572,43.572497],[-105.619635,43.572401],[-105.619672,43.57593],[-105.614601,43.576051]]]}},{"type":"Feature","properties":{"q":"SENE","ac":40.3},"geometry":{"type":"Polygon","coordinates":[[[-105.609485,43.569013],[-105.609508,43.572593],[-105.604444,43.572689],[-105.604428,43.569083],[-105.609485,43.569013]]]}},{"type":"Feature","properties":{"q":"11","ac":41.6},"geometry":{"type":"Polygon","coordinates":[[[-105.654697,43.623156],[-105.659864,43.623134],[-105.659816,43.626765],[-105.654653,43.626793],[-105.654697,43.623156]]]}},{"type":"Feature","properties":{"q":"11","ac":41.0},"geometry":{"type":"Polygon","coordinates":[[[-105.599378,43.623332],[-105.599414,43.62699],[-105.594359,43.62708],[-105.594312,43.623432],[-105.599378,43.623332]]]}},{"type":"Feature","properties":{"q":"15","ac":40.2},"geometry":{"type":"Polygon","coordinates":[[[-105.674776,43.608683],[-105.679803,43.608699],[-105.679819,43.612321],[-105.674827,43.612302],[-105.674776,43.608683]]]}},{"type":"Feature","properties":{"q":"3","ac":40.7},"geometry":{"type":"Polygon","coordinates":[[[-105.599241,43.601617],[-105.599204,43.605229],[-105.594123,43.605318],[-105.594161,43.6017],[-105.599241,43.601617]]]}},{"type":"Feature","properties":{"q":"10","ac":39.8},"geometry":{"type":"Polygon","coordinates":[[[-105.679819,43.612321],[-105.679835,43.615935],[-105.674877,43.615904],[-105.674827,43.612302],[-105.679819,43.612321]]]}},{"type":"Feature","properties":{"q":"3","ac":40.7},"geometry":{"type":"Polygon","coordinates":[[[-105.59945,43.630642],[-105.599486,43.634294],[-105.594452,43.634353],[-105.594405,43.630716],[-105.59945,43.630642]]]}},{"type":"Feature","properties":{"q":"10","ac":40.4},"geometry":{"type":"Polygon","coordinates":[[[-105.629838,43.594112],[-105.634812,43.594115],[-105.634758,43.597768],[-105.62977,43.597774],[-105.629838,43.594112]]]}},{"type":"Feature","properties":{"q":"9","ac":40.2},"geometry":{"type":"Polygon","coordinates":[[[-105.64476,43.594121],[-105.64975,43.594119],[-105.649722,43.597754],[-105.644735,43.597754],[-105.64476,43.594121]]]}},{"type":"Feature","properties":{"q":"8","ac":40.9},"geometry":{"type":"Polygon","coordinates":[[[-105.609544,43.58341],[-105.609551,43.587029],[-105.604436,43.587111],[-105.604444,43.583506],[-105.609544,43.58341]]]}},{"type":"Feature","properties":{"q":"9","ac":41.0},"geometry":{"type":"Polygon","coordinates":[[[-105.60951,43.594269],[-105.609463,43.597892],[-105.604357,43.597928],[-105.604392,43.594323],[-105.60951,43.594269]]]}},{"type":"Feature","properties":{"q":"8","ac":40.6},"geometry":{"type":"Polygon","coordinates":[[[-105.604469,43.626899],[-105.609473,43.626889],[-105.609497,43.630549],[-105.604495,43.630567],[-105.604469,43.626899]]]}},{"type":"Feature","properties":{"q":"7","ac":40.1},"geometry":{"type":"Polygon","coordinates":[[[-105.634789,43.583199],[-105.634827,43.58683],[-105.629861,43.586805],[-105.629817,43.583161],[-105.634789,43.583199]]]}},{"type":"Feature","properties":{"q":"13","ac":40.3},"geometry":{"type":"Polygon","coordinates":[[[-105.624437,43.619591],[-105.624459,43.623224],[-105.619455,43.623226],[-105.619432,43.619585],[-105.624437,43.619591]]]}},{"type":"Feature","properties":{"q":"14","ac":40.3},"geometry":{"type":"Polygon","coordinates":[[[-105.629906,43.590449],[-105.634865,43.590462],[-105.634812,43.594115],[-105.629838,43.594112],[-105.629906,43.590449]]]}},{"type":"Feature","properties":{"q":"6","ac":41.7},"geometry":{"type":"Polygon","coordinates":[[[-105.659816,43.626765],[-105.659687,43.630448],[-105.654608,43.630463],[-105.654653,43.626793],[-105.659816,43.626765]]]}},{"type":"Feature","properties":{"q":"6","ac":40.4},"geometry":{"type":"Polygon","coordinates":[[[-105.614476,43.626878],[-105.619479,43.626868],[-105.619502,43.630512],[-105.614499,43.63053],[-105.614476,43.626878]]]}},{"type":"Feature","properties":{"q":"5","ac":41.1},"geometry":{"type":"Polygon","coordinates":[[[-105.584247,43.627261],[-105.584316,43.630889],[-105.579194,43.630949],[-105.579139,43.627317],[-105.584247,43.627261]]]}},{"type":"Feature","properties":{"q":"NENW","ac":40.7},"geometry":{"type":"Polygon","coordinates":[[[-105.578996,43.616442],[-105.579031,43.620054],[-105.573952,43.620104],[-105.573929,43.616481],[-105.578996,43.616442]]]}},{"type":"Feature","properties":{"q":"13","ac":40.6},"geometry":{"type":"Polygon","coordinates":[[[-105.604392,43.594323],[-105.599314,43.594394],[-105.599351,43.590783],[-105.604428,43.590717],[-105.604392,43.594323]]]}},{"type":"Feature","properties":{"q":"4","ac":40.3},"geometry":{"type":"Polygon","coordinates":[[[-105.619525,43.634156],[-105.619502,43.630512],[-105.624504,43.630493],[-105.624527,43.63413],[-105.619525,43.634156]]]}},{"type":"Feature","properties":{"q":"11","ac":41.2},"geometry":{"type":"Polygon","coordinates":[[[-105.629459,43.641634],[-105.63439,43.641615],[-105.634309,43.645355],[-105.629317,43.645385],[-105.629459,43.641634]]]}},{"type":"Feature","properties":{"q":"14","ac":40.9},"geometry":{"type":"Polygon","coordinates":[[[-105.674578,43.645102],[-105.669533,43.645129],[-105.66954,43.641464],[-105.674572,43.641447],[-105.674578,43.645102]]]}},{"type":"Feature","properties":{"q":"18","ac":41.8},"geometry":{"type":"Polygon","coordinates":[[[-105.599486,43.634294],[-105.599354,43.63805],[-105.594325,43.638096],[-105.594452,43.634353],[-105.599486,43.634294]]]}},{"type":"Feature","properties":{"q":"9","ac":41.4},"geometry":{"type":"Polygon","coordinates":[[[-105.584071,43.641909],[-105.583959,43.645606],[-105.578902,43.645628],[-105.579002,43.641945],[-105.584071,43.641909]]]}},{"type":"Feature","properties":{"q":"9","ac":41.6},"geometry":{"type":"Polygon","coordinates":[[[-105.639423,43.641595],[-105.644455,43.641575],[-105.644394,43.645294],[-105.639351,43.645325],[-105.639423,43.641595]]]}},{"type":"Feature","properties":{"q":"13","ac":40.9},"geometry":{"type":"Polygon","coordinates":[[[-105.674572,43.641447],[-105.679639,43.641431],[-105.679641,43.645071],[-105.674578,43.645102],[-105.674572,43.641447]]]}},{"type":"Feature","properties":{"q":"20","ac":41.1},"geometry":{"type":"Polygon","coordinates":[[[-105.644578,43.634137],[-105.649571,43.634136],[-105.649523,43.637844],[-105.644517,43.637856],[-105.644578,43.634137]]]}},{"type":"Feature","properties":{"q":"9","ac":39.9},"geometry":{"type":"Polygon","coordinates":[[[-105.64473,43.565313],[-105.649754,43.5653],[-105.64972,43.568888],[-105.644715,43.568896],[-105.64473,43.565313]]]}},{"type":"Feature","properties":{"q":"NWSE","ac":40.8},"geometry":{"type":"Polygon","coordinates":[[[-105.574097,43.569243],[-105.569028,43.569263],[-105.569062,43.565626],[-105.574116,43.565608],[-105.574097,43.569243]]]}},{"type":"Feature","properties":{"q":"4","ac":39.7},"geometry":{"type":"Polygon","coordinates":[[[-105.659656,43.572469],[-105.664642,43.572466],[-105.664549,43.576068],[-105.659583,43.576066],[-105.659656,43.572469]]]}},{"type":"Feature","properties":{"q":"10","ac":39.4},"geometry":{"type":"Polygon","coordinates":[[[-105.629642,43.565302],[-105.634672,43.565306],[-105.634686,43.568849],[-105.629671,43.568825],[-105.629642,43.565302]]]}},{"type":"Feature","properties":{"q":"SWNE","ac":40.8},"geometry":{"type":"Polygon","coordinates":[[[-105.569005,43.572893],[-105.569028,43.569263],[-105.574097,43.569243],[-105.574078,43.572872],[-105.569005,43.572893]]]}},{"type":"Feature","properties":{"q":"15","ac":39.7},"geometry":{"type":"Polygon","coordinates":[[[-105.649651,43.576063],[-105.654617,43.576065],[-105.654656,43.579668],[-105.649688,43.579669],[-105.649651,43.576063]]]}},{"type":"Feature","properties":{"q":"6","ac":39.8},"geometry":{"type":"Polygon","coordinates":[[[-105.654725,43.56888],[-105.659729,43.568872],[-105.659656,43.572469],[-105.654671,43.572472],[-105.654725,43.56888]]]}},{"type":"Feature","properties":{"q":"10","ac":40.7},"geometry":{"type":"Polygon","coordinates":[[[-105.679939,43.568848],[-105.679885,43.572468],[-105.674804,43.572467],[-105.674871,43.568853],[-105.679939,43.568848]]]}},{"type":"Feature","properties":{"q":"9","ac":40.6},"geometry":{"type":"Polygon","coordinates":[[[-105.58422,43.565573],[-105.589267,43.565549],[-105.589269,43.569172],[-105.584217,43.569202],[-105.58422,43.565573]]]}},{"type":"Feature","properties":{"q":"1","ac":38.9},"geometry":{"type":"Polygon","coordinates":[[[-105.624699,43.572305],[-105.629699,43.572349],[-105.629728,43.575872],[-105.624742,43.575808],[-105.624699,43.572305]]]}},{"type":"Feature","properties":{"q":"SENW","ac":40.8},"geometry":{"type":"Polygon","coordinates":[[[-105.574097,43.569243],[-105.579157,43.569222],[-105.579146,43.572852],[-105.574078,43.572872],[-105.574097,43.569243]]]}},{"type":"Feature","properties":{"q":"11","ac":40.1},"geometry":{"type":"Polygon","coordinates":[[[-105.634752,43.579567],[-105.639735,43.579618],[-105.639771,43.583237],[-105.634789,43.583199],[-105.634752,43.579567]]]}},{"type":"Feature","properties":{"q":"12","ac":39.8},"geometry":{"type":"Polygon","coordinates":[[[-105.639701,43.565309],[-105.64473,43.565313],[-105.644715,43.568896],[-105.639701,43.568872],[-105.639701,43.565309]]]}},{"type":"Feature","properties":{"q":"16","ac":40.3},"geometry":{"type":"Polygon","coordinates":[[[-105.624742,43.575808],[-105.629728,43.575872],[-105.629772,43.579516],[-105.624793,43.579465],[-105.624742,43.575808]]]}},{"type":"Feature","properties":{"q":"11","ac":41.1},"geometry":{"type":"Polygon","coordinates":[[[-105.619708,43.579574],[-105.619744,43.583219],[-105.614644,43.583315],[-105.614623,43.579683],[-105.619708,43.579574]]]}},{"type":"Feature","properties":{"q":"11","ac":39.4},"geometry":{"type":"Polygon","coordinates":[[[-105.624613,43.565298],[-105.624656,43.568801],[-105.619599,43.568872],[-105.619563,43.565343],[-105.624613,43.565298]]]}},{"type":"Feature","properties":{"q":"NESW","ac":40.7},"geometry":{"type":"Polygon","coordinates":[[[-105.579157,43.569222],[-105.574097,43.569243],[-105.574116,43.565608],[-105.579168,43.565591],[-105.579157,43.569222]]]}},{"type":"Feature","properties":{"q":"10","ac":39.9},"geometry":{"type":"Polygon","coordinates":[[[-105.649754,43.5653],[-105.654778,43.565287],[-105.654725,43.56888],[-105.64972,43.568888],[-105.649754,43.5653]]]}},{"type":"Feature","properties":{"q":"6","ac":40.5},"geometry":{"type":"Polygon","coordinates":[[[-105.599386,43.572724],[-105.594328,43.572759],[-105.594322,43.569143],[-105.599375,43.569113],[-105.599386,43.572724]]]}},{"type":"Feature","properties":{"q":"15","ac":40.7},"geometry":{"type":"Polygon","coordinates":[[[-105.594335,43.576376],[-105.59432,43.579994],[-105.589255,43.580042],[-105.589274,43.576418],[-105.594335,43.576376]]]}},{"type":"Feature","properties":{"q":"11","ac":40.6},"geometry":{"type":"Polygon","coordinates":[[[-105.674804,43.572467],[-105.669722,43.572466],[-105.669803,43.568858],[-105.674871,43.568853],[-105.674804,43.572467]]]}},{"type":"Feature","properties":{"q":"5","ac":40.5},"geometry":{"type":"Polygon","coordinates":[[[-105.599386,43.572724],[-105.599375,43.569113],[-105.604428,43.569083],[-105.604444,43.572689],[-105.599386,43.572724]]]}},{"type":"Feature","properties":{"q":"16","ac":39.7},"geometry":{"type":"Polygon","coordinates":[[[-105.644685,43.576062],[-105.649651,43.576063],[-105.649688,43.579669],[-105.644719,43.579669],[-105.644685,43.576062]]]}},{"type":"Feature","properties":{"q":"10","ac":40.9},"geometry":{"type":"Polygon","coordinates":[[[-105.594312,43.623432],[-105.594359,43.62708],[-105.589303,43.627171],[-105.589245,43.623532],[-105.594312,43.623432]]]}},{"type":"Feature","properties":{"q":"14","ac":39.4},"geometry":{"type":"Polygon","coordinates":[[[-105.669932,43.623129],[-105.674833,43.623145],[-105.674738,43.626784],[-105.669858,43.626761],[-105.669932,43.623129]]]}},{"type":"Feature","properties":{"q":"7","ac":39.5},"geometry":{"type":"Polygon","coordinates":[[[-105.674877,43.615904],[-105.679835,43.615935],[-105.67985,43.619548],[-105.674927,43.619506],[-105.674877,43.615904]]]}},{"type":"Feature","properties":{"q":"9","ac":40.4},"geometry":{"type":"Polygon","coordinates":[[[-105.604319,43.608745],[-105.609382,43.608744],[-105.609396,43.612353],[-105.604352,43.612351],[-105.604319,43.608745]]]}},{"type":"Feature","properties":{"q":"4","ac":41.3},"geometry":{"type":"Polygon","coordinates":[[[-105.619605,43.601473],[-105.624699,43.601452],[-105.624617,43.605124],[-105.619534,43.605128],[-105.619605,43.601473]]]}},{"type":"Feature","properties":{"q":"15","ac":41.0},"geometry":{"type":"Polygon","coordinates":[[[-105.573917,43.594662],[-105.568835,43.594689],[-105.568845,43.591052],[-105.573937,43.591027],[-105.573917,43.594662]]]}},{"type":"Feature","properties":{"q":"5","ac":39.9},"geometry":{"type":"Polygon","coordinates":[[[-105.644752,43.583275],[-105.644768,43.586882],[-105.639798,43.586856],[-105.639771,43.583237],[-105.644752,43.583275]]]}},{"type":"Feature","properties":{"q":"6","ac":41.2},"geometry":{"type":"Polygon","coordinates":[[[-105.619675,43.597818],[-105.619605,43.601473],[-105.61451,43.601493],[-105.614569,43.597855],[-105.619675,43.597818]]]}},{"type":"Feature","properties":{"q":"11","ac":40.5},"geometry":{"type":"Polygon","coordinates":[[[-105.614445,43.608743],[-105.619509,43.608742],[-105.619483,43.612356],[-105.61444,43.612355],[-105.614445,43.608743]]]}},{"type":"Feature","properties":{"q":"10","ac":40.9},"geometry":{"type":"Polygon","coordinates":[[[-105.578909,43.60553],[-105.583962,43.605495],[-105.583989,43.609147],[-105.578935,43.60918],[-105.578909,43.60553]]]}},{"type":"Feature","properties":{"q":"8","ac":41.3},"geometry":{"type":"Polygon","coordinates":[[[-105.568924,43.62743],[-105.568949,43.631069],[-105.563826,43.631128],[-105.563816,43.627486],[-105.568924,43.62743]]]}},{"type":"Feature","properties":{"q":"SENW","ac":40.2},"geometry":{"type":"Polygon","coordinates":[[[-105.639538,43.612305],[-105.639473,43.615934],[-105.634476,43.615947],[-105.634534,43.612323],[-105.639538,43.612305]]]}},{"type":"Feature","properties":{"q":"20","ac":39.5},"geometry":{"type":"Polygon","coordinates":[[[-105.670005,43.619496],[-105.669932,43.623129],[-105.665031,43.623112],[-105.665084,43.619487],[-105.670005,43.619496]]]}},{"type":"Feature","properties":{"q":"9","ac":43.5},"geometry":{"type":"Polygon","coordinates":[[[-105.679819,43.612321],[-105.685251,43.612341],[-105.685239,43.615967],[-105.679835,43.615935],[-105.679819,43.612321]]]}},{"type":"Feature","properties":{"q":"NWNE","ac":40.1},"geometry":{"type":"Polygon","coordinates":[[[-105.629479,43.615961],[-105.634476,43.615947],[-105.634418,43.619572],[-105.629427,43.619582],[-105.629479,43.615961]]]}},{"type":"Feature","properties":{"q":"7","ac":40.7},"geometry":{"type":"Polygon","coordinates":[[[-105.599204,43.605229],[-105.604285,43.60514],[-105.604319,43.608745],[-105.599239,43.608846],[-105.599204,43.605229]]]}},{"type":"Feature","properties":{"q":"7","ac":41.0},"geometry":{"type":"Polygon","coordinates":[[[-105.654717,43.615898],[-105.649593,43.615909],[-105.649617,43.612281],[-105.654692,43.612275],[-105.654717,43.615898]]]}},{"type":"Feature","properties":{"q":"9","ac":43.9},"geometry":{"type":"Polygon","coordinates":[[[-105.685278,43.601465],[-105.679813,43.601447],[-105.67984,43.597817],[-105.685281,43.59784],[-105.685278,43.601465]]]}},{"type":"Feature","properties":{"q":"1","ac":40.8},"geometry":{"type":"Polygon","coordinates":[[[-105.589217,43.587289],[-105.589198,43.590912],[-105.584122,43.590977],[-105.584144,43.587347],[-105.589217,43.587289]]]}},{"type":"Feature","properties":{"q":"SESW","ac":40.3},"geometry":{"type":"Polygon","coordinates":[[[-105.639668,43.605046],[-105.639603,43.608675],[-105.634593,43.608697],[-105.634651,43.605072],[-105.639668,43.605046]]]}},{"type":"Feature","properties":{"q":"1","ac":41.0},"geometry":{"type":"Polygon","coordinates":[[[-105.563753,43.591077],[-105.563791,43.587444],[-105.568879,43.58742],[-105.568845,43.591052],[-105.563753,43.591077]]]}},{"type":"Feature","properties":{"q":"6","ac":40.5},"geometry":{"type":"Polygon","coordinates":[[[-105.634309,43.645355],[-105.63423,43.648996],[-105.629178,43.64903],[-105.629317,43.645385],[-105.634309,43.645355]]]}},{"type":"Feature","properties":{"q":"7","ac":40.7},"geometry":{"type":"Polygon","coordinates":[[[-105.573844,43.645649],[-105.578902,43.645628],[-105.578803,43.649266],[-105.573756,43.649288],[-105.573844,43.645649]]]}},{"type":"Feature","properties":{"q":"19","ac":41.0},"geometry":{"type":"Polygon","coordinates":[[[-105.649571,43.634136],[-105.654564,43.634134],[-105.654529,43.637831],[-105.649523,43.637844],[-105.649571,43.634136]]]}},{"type":"Feature","properties":{"q":"13","ac":41.2},"geometry":{"type":"Polygon","coordinates":[[[-105.624528,43.637891],[-105.6295,43.637883],[-105.629459,43.641634],[-105.624528,43.641653],[-105.624528,43.637891]]]}},{"type":"Feature","properties":{"q":"20","ac":41.4},"geometry":{"type":"Polygon","coordinates":[[[-105.568974,43.634707],[-105.568907,43.638362],[-105.563793,43.638411],[-105.563837,43.63477],[-105.568974,43.634707]]]}},{"type":"Feature","properties":{"q":"16","ac":41.9},"geometry":{"type":"Polygon","coordinates":[[[-105.624527,43.63413],[-105.624528,43.637891],[-105.619466,43.63792],[-105.619525,43.634156],[-105.624527,43.63413]]]}},{"type":"Feature","properties":{"q":"14","ac":40.1},"geometry":{"type":"Polygon","coordinates":[[[-105.649789,43.561712],[-105.654832,43.561694],[-105.654778,43.565287],[-105.649754,43.5653],[-105.649789,43.561712]]]}},{"type":"Feature","properties":{"q":"19","ac":40.7},"geometry":{"type":"Polygon","coordinates":[[[-105.669643,43.576074],[-105.674738,43.576081],[-105.674766,43.579694],[-105.669684,43.579681],[-105.669643,43.576074]]]}},{"type":"Feature","properties":{"q":"10","ac":39.7},"geometry":{"type":"Polygon","coordinates":[[[-105.614542,43.568943],[-105.614512,43.565388],[-105.619563,43.565343],[-105.619599,43.568872],[-105.614542,43.568943]]]}},{"type":"Feature","properties":{"q":"3","ac":40.6},"geometry":{"type":"Polygon","coordinates":[[[-105.594335,43.576376],[-105.594328,43.572759],[-105.599386,43.572724],[-105.599398,43.576335],[-105.594335,43.576376]]]}},{"type":"Feature","properties":{"q":"15","ac":40.5},"geometry":{"type":"Polygon","coordinates":[[[-105.589267,43.565549],[-105.589265,43.561926],[-105.594309,43.561908],[-105.594315,43.565525],[-105.589267,43.565549]]]}},{"type":"Feature","properties":{"q":"13","ac":40.5},"geometry":{"type":"Polygon","coordinates":[[[-105.599398,43.576335],[-105.604461,43.576294],[-105.604453,43.5799],[-105.599386,43.579947],[-105.599398,43.576335]]]}},{"type":"Feature","properties":{"q":"17","ac":42.7},"geometry":{"type":"Polygon","coordinates":[[[-105.679994,43.565231],[-105.680051,43.561613],[-105.685347,43.561585],[-105.685336,43.56521],[-105.679994,43.565231]]]}},{"type":"Feature","properties":{"q":"NESE","ac":40.8},"geometry":{"type":"Polygon","coordinates":[[[-105.563959,43.569283],[-105.564018,43.565644],[-105.569062,43.565626],[-105.569028,43.569263],[-105.563959,43.569283]]]}},{"type":"Feature","properties":{"q":"13","ac":39.7},"geometry":{"type":"Polygon","coordinates":[[[-105.664549,43.576068],[-105.664603,43.579668],[-105.65963,43.579668],[-105.659583,43.576066],[-105.664549,43.576068]]]}},{"type":"Feature","properties":{"q":"13","ac":40.9},"geometry":{"type":"Polygon","coordinates":[[[-105.579135,43.576481],[-105.584212,43.57646],[-105.584189,43.580089],[-105.579109,43.580111],[-105.579135,43.576481]]]}},{"type":"Feature","properties":{"q":"NWNE","ac":40.9},"geometry":{"type":"Polygon","coordinates":[[[-105.574059,43.576502],[-105.568982,43.576524],[-105.569005,43.572893],[-105.574078,43.572872],[-105.574059,43.576502]]]}},{"type":"Feature","properties":{"q":"15","ac":40.2},"geometry":{"type":"Polygon","coordinates":[[[-105.634714,43.575935],[-105.634752,43.579567],[-105.629772,43.579516],[-105.629728,43.575872],[-105.634714,43.575935]]]}},{"type":"Feature","properties":{"q":"14","ac":40.6},"geometry":{"type":"Polygon","coordinates":[[[-105.599398,43.576335],[-105.599386,43.579947],[-105.59432,43.579994],[-105.594335,43.576376],[-105.599398,43.576335]]]}},{"type":"Feature","properties":{"q":"11","ac":39.6},"geometry":{"type":"Polygon","coordinates":[[[-105.634672,43.565306],[-105.639701,43.565309],[-105.639701,43.568872],[-105.634686,43.568849],[-105.634672,43.565306]]]}},{"type":"Feature","properties":{"q":"NESW","ac":40.0},"geometry":{"type":"Polygon","coordinates":[[[-105.654778,43.565287],[-105.659803,43.565274],[-105.659729,43.568872],[-105.654725,43.56888],[-105.654778,43.565287]]]}},{"type":"Feature","properties":{"q":"8","ac":40.6},"geometry":{"type":"Polygon","coordinates":[[[-105.589269,43.569172],[-105.589272,43.572795],[-105.584215,43.572831],[-105.584217,43.569202],[-105.589269,43.569172]]]}},{"type":"Feature","properties":{"q":"16","ac":39.3},"geometry":{"type":"Polygon","coordinates":[[[-105.62457,43.561795],[-105.629614,43.561778],[-105.629642,43.565302],[-105.624613,43.565298],[-105.62457,43.561795]]]}},{"type":"Feature","properties":{"q":"13","ac":40.1},"geometry":{"type":"Polygon","coordinates":[[[-105.654832,43.561694],[-105.659876,43.561676],[-105.659803,43.565274],[-105.654778,43.565287],[-105.654832,43.561694]]]}},{"type":"Feature","properties":{"q":"12","ac":40.2},"geometry":{"type":"Polygon","coordinates":[[[-105.659876,43.561676],[-105.664919,43.561658],[-105.664827,43.565261],[-105.659803,43.565274],[-105.659876,43.561676]]]}},{"type":"Feature","properties":{"q":"NWSW","ac":40.7},"geometry":{"type":"Polygon","coordinates":[[[-105.584217,43.569202],[-105.579157,43.569222],[-105.579168,43.565591],[-105.58422,43.565573],[-105.584217,43.569202]]]}},{"type":"Feature","properties":{"q":"14","ac":40.9},"geometry":{"type":"Polygon","coordinates":[[[-105.574059,43.576502],[-105.579135,43.576481],[-105.579109,43.580111],[-105.574028,43.580134],[-105.574059,43.576502]]]}},{"type":"Feature","properties":{"q":"10","ac":40.1},"geometry":{"type":"Polygon","coordinates":[[[-105.634752,43.579567],[-105.634789,43.583199],[-105.629817,43.583161],[-105.629772,43.579516],[-105.634752,43.579567]]]}},{"type":"Feature","properties":{"q":"16","ac":40.7},"geometry":{"type":"Polygon","coordinates":[[[-105.589274,43.576418],[-105.589255,43.580042],[-105.584189,43.580089],[-105.584212,43.57646],[-105.589274,43.576418]]]}},{"type":"Feature","properties":{"q":"5","ac":39.5},"geometry":{"type":"Polygon","coordinates":[[[-105.624656,43.568801],[-105.624699,43.572305],[-105.619635,43.572401],[-105.619599,43.568872],[-105.624656,43.568801]]]}},{"type":"Feature","properties":{"q":"14","ac":39.7},"geometry":{"type":"Polygon","coordinates":[[[-105.634672,43.565306],[-105.634658,43.561762],[-105.639702,43.561746],[-105.639701,43.565309],[-105.634672,43.565306]]]}},{"type":"Feature","properties":{"q":"12","ac":39.4},"geometry":{"type":"Polygon","coordinates":[[[-105.62457,43.561795],[-105.624613,43.565298],[-105.619563,43.565343],[-105.619526,43.561814],[-105.62457,43.561795]]]}},{"type":"Feature","properties":{"q":"13","ac":39.9},"geometry":{"type":"Polygon","coordinates":[[[-105.639699,43.575998],[-105.644685,43.576062],[-105.644719,43.579669],[-105.639735,43.579618],[-105.639699,43.575998]]]}},{"type":"Feature","properties":{"q":"SWNW","ac":40.8},"geometry":{"type":"Polygon","coordinates":[[[-105.579157,43.569222],[-105.584217,43.569202],[-105.584215,43.572831],[-105.579146,43.572852],[-105.579157,43.569222]]]}},{"type":"Feature","properties":{"q":"8","ac":40.3},"geometry":{"type":"Polygon","coordinates":[[[-105.609485,43.569013],[-105.604428,43.569083],[-105.604412,43.565477],[-105.609462,43.565433],[-105.609485,43.569013]]]}},{"type":"Feature","properties":{"q":"2","ac":40.6},"geometry":{"type":"Polygon","coordinates":[[[-105.594328,43.572759],[-105.594335,43.576376],[-105.589274,43.576418],[-105.589272,43.572795],[-105.594328,43.572759]]]}},{"type":"Feature","properties":{"q":"20","ac":40.4},"geometry":{"type":"Polygon","coordinates":[[[-105.664919,43.561658],[-105.669962,43.561643],[-105.669882,43.56525],[-105.664827,43.565261],[-105.664919,43.561658]]]}},{"type":"Feature","properties":{"q":"6","ac":39.8},"geometry":{"type":"Polygon","coordinates":[[[-105.619599,43.568872],[-105.619635,43.572401],[-105.614572,43.572497],[-105.614542,43.568943],[-105.619599,43.568872]]]}},{"type":"Feature","properties":{"q":"NENE","ac":40.9},"geometry":{"type":"Polygon","coordinates":[[[-105.563932,43.572914],[-105.569005,43.572893],[-105.568982,43.576524],[-105.563905,43.576545],[-105.563932,43.572914]]]}},{"type":"Feature","properties":{"q":"11","ac":40.7},"geometry":{"type":"Polygon","coordinates":[[[-105.599314,43.594394],[-105.599278,43.598006],[-105.594199,43.598083],[-105.594236,43.594465],[-105.599314,43.594394]]]}},{"type":"Feature","properties":{"q":"2","ac":40.1},"geometry":{"type":"Polygon","coordinates":[[[-105.60941,43.615962],[-105.614434,43.615967],[-105.614428,43.619579],[-105.609424,43.619571],[-105.60941,43.615962]]]}},{"type":"Feature","properties":{"q":"7","ac":40.9},"geometry":{"type":"Polygon","coordinates":[[[-105.674642,43.63045],[-105.679663,43.630462],[-105.679603,43.634117],[-105.674547,43.634116],[-105.674642,43.63045]]]}},{"type":"Feature","properties":{"q":"15","ac":40.6},"geometry":{"type":"Polygon","coordinates":[[[-105.609368,43.605136],[-105.614451,43.605132],[-105.614445,43.608743],[-105.609382,43.608744],[-105.609368,43.605136]]]}},{"type":"Feature","properties":{"q":"3","ac":40.6},"geometry":{"type":"Polygon","coordinates":[[[-105.604352,43.612351],[-105.604386,43.615957],[-105.599308,43.616068],[-105.599273,43.612463],[-105.604352,43.612351]]]}},{"type":"Feature","properties":{"q":"19","ac":40.4},"geometry":{"type":"Polygon","coordinates":[[[-105.669663,43.60505],[-105.674725,43.605064],[-105.674776,43.608683],[-105.669749,43.608666],[-105.669663,43.60505]]]}},{"type":"Feature","properties":{"q":"7","ac":41.0},"geometry":{"type":"Polygon","coordinates":[[[-105.614569,43.597855],[-105.61451,43.601493],[-105.609416,43.601514],[-105.609463,43.597892],[-105.614569,43.597855]]]}},{"type":"Feature","properties":{"q":"1","ac":40.2},"geometry":{"type":"Polygon","coordinates":[[[-105.629861,43.586805],[-105.629906,43.590449],[-105.624946,43.590437],[-105.624895,43.58678],[-105.629861,43.586805]]]}},{"type":"Feature","properties":{"q":"6","ac":40.4},"geometry":{"type":"Polygon","coordinates":[[[-105.669703,43.630442],[-105.674642,43.63045],[-105.674547,43.634116],[-105.669548,43.634122],[-105.669703,43.630442]]]}},{"type":"Feature","properties":{"q":"12","ac":41.1},"geometry":{"type":"Polygon","coordinates":[[[-105.604469,43.626899],[-105.599414,43.62699],[-105.599378,43.623332],[-105.604444,43.623231],[-105.604469,43.626899]]]}},{"type":"Feature","properties":{"q":"7","ac":40.3},"geometry":{"type":"Polygon","coordinates":[[[-105.679877,43.586933],[-105.679892,43.590539],[-105.674849,43.59049],[-105.674821,43.586899],[-105.679877,43.586933]]]}},{"type":"Feature","properties":{"q":"7","ac":41.1},"geometry":{"type":"Polygon","coordinates":[[[-105.614644,43.583315],[-105.614666,43.586946],[-105.609551,43.587029],[-105.609544,43.58341],[-105.614644,43.583315]]]}},{"type":"Feature","properties":{"q":"6","ac":40.0},"geometry":{"type":"Polygon","coordinates":[[[-105.634789,43.583199],[-105.639771,43.583237],[-105.639798,43.586856],[-105.634827,43.58683],[-105.634789,43.583199]]]}},{"type":"Feature","properties":{"q":"1","ac":40.2},"geometry":{"type":"Polygon","coordinates":[[[-105.644685,43.60502],[-105.64471,43.601387],[-105.649693,43.601406],[-105.649664,43.605058],[-105.644685,43.60502]]]}},{"type":"Feature","properties":{"q":"13","ac":40.0},"geometry":{"type":"Polygon","coordinates":[[[-105.664602,43.605037],[-105.664722,43.60865],[-105.659695,43.608668],[-105.659622,43.605067],[-105.664602,43.605037]]]}},{"type":"Feature","properties":{"q":"5","ac":40.4},"geometry":{"type":"Polygon","coordinates":[[[-105.639487,43.626849],[-105.644488,43.626846],[-105.644533,43.630492],[-105.639526,43.630492],[-105.639487,43.626849]]]}},{"type":"Feature","properties":{"q":"4","ac":41.0},"geometry":{"type":"Polygon","coordinates":[[[-105.579029,43.591002],[-105.579056,43.587372],[-105.584144,43.587347],[-105.584122,43.590977],[-105.579029,43.591002]]]}},{"type":"Feature","properties":{"q":"5","ac":40.4},"geometry":{"type":"Polygon","coordinates":[[[-105.609139,43.645507],[-105.609016,43.649132],[-105.603979,43.649155],[-105.60411,43.645538],[-105.609139,43.645507]]]}},{"type":"Feature","properties":{"q":"16","ac":41.6},"geometry":{"type":"Polygon","coordinates":[[[-105.579125,43.638263],[-105.584228,43.638213],[-105.584071,43.641909],[-105.579002,43.641945],[-105.579125,43.638263]]]}},{"type":"Feature","properties":{"q":"13","ac":41.2},"geometry":{"type":"Polygon","coordinates":[[[-105.644517,43.637856],[-105.649523,43.637844],[-105.649475,43.641551],[-105.644455,43.641575],[-105.644517,43.637856]]]}},{"type":"Feature","properties":{"q":"10","ac":41.7},"geometry":{"type":"Polygon","coordinates":[[[-105.639351,43.645325],[-105.634309,43.645355],[-105.63439,43.641615],[-105.639423,43.641595],[-105.639351,43.645325]]]}},{"type":"Feature","properties":{"q":"16","ac":43.1},"geometry":{"type":"Polygon","coordinates":[[[-105.685336,43.56521],[-105.685327,43.568835],[-105.679939,43.568848],[-105.679994,43.565231],[-105.685336,43.56521]]]}},{"type":"Feature","properties":{"q":"NWNW","ac":40.8},"geometry":{"type":"Polygon","coordinates":[[[-105.584215,43.572831],[-105.584212,43.57646],[-105.579135,43.576481],[-105.579146,43.572852],[-105.584215,43.572831]]]}},{"type":"Feature","properties":{"q":"9","ac":39.1},"geometry":{"type":"Polygon","coordinates":[[[-105.624613,43.565298],[-105.629642,43.565302],[-105.629671,43.568825],[-105.624656,43.568801],[-105.624613,43.565298]]]}},{"type":"Feature","properties":{"q":"13","ac":41.1},"geometry":{"type":"Polygon","coordinates":[[[-105.624742,43.575808],[-105.624793,43.579465],[-105.619708,43.579574],[-105.619672,43.57593],[-105.624742,43.575808]]]}},{"type":"Feature","properties":{"q":"SENE","ac":40.8},"geometry":{"type":"Polygon","coordinates":[[[-105.563932,43.572914],[-105.563959,43.569283],[-105.569028,43.569263],[-105.569005,43.572893],[-105.563932,43.572914]]]}},{"type":"Feature","properties":{"q":"2","ac":39.6},"geometry":{"type":"Polygon","coordinates":[[[-105.649686,43.572476],[-105.654671,43.572472],[-105.654617,43.576065],[-105.649651,43.576063],[-105.649686,43.572476]]]}},{"type":"Feature","properties":{"q":"16","ac":40.6},"geometry":{"type":"Polygon","coordinates":[[[-105.58422,43.565573],[-105.584222,43.561944],[-105.589265,43.561926],[-105.589267,43.565549],[-105.58422,43.565573]]]}},{"type":"Feature","properties":{"q":"14","ac":40.5},"geometry":{"type":"Polygon","coordinates":[[[-105.674871,43.568853],[-105.669803,43.568858],[-105.669882,43.56525],[-105.674938,43.565241],[-105.674871,43.568853]]]}},{"type":"Feature","properties":{"q":"8","ac":39.0},"geometry":{"type":"Polygon","coordinates":[[[-105.624656,43.568801],[-105.629671,43.568825],[-105.629699,43.572349],[-105.624699,43.572305],[-105.624656,43.568801]]]}},{"type":"Feature","properties":{"q":"11","ac":40.5},"geometry":{"type":"Polygon","coordinates":[[[-105.594315,43.565525],[-105.599363,43.565501],[-105.599375,43.569113],[-105.594322,43.569143],[-105.594315,43.565525]]]}},{"type":"Feature","properties":{"q":"7","ac":40.6},"geometry":{"type":"Polygon","coordinates":[[[-105.594322,43.569143],[-105.594328,43.572759],[-105.589272,43.572795],[-105.589269,43.569172],[-105.594322,43.569143]]]}},{"type":"Feature","properties":{"q":"15","ac":40.0},"geometry":{"type":"Polygon","coordinates":[[[-105.649789,43.561712],[-105.649754,43.5653],[-105.64473,43.565313],[-105.644746,43.56173],[-105.649789,43.561712]]]}},{"type":"Feature","properties":{"q":"17","ac":44.0},"geometry":{"type":"Polygon","coordinates":[[[-105.685317,43.576089],[-105.68531,43.579718],[-105.679847,43.579707],[-105.679832,43.576087],[-105.685317,43.576089]]]}},{"type":"Feature","properties":{"q":"9","ac":43.5},"geometry":{"type":"Polygon","coordinates":[[[-105.685321,43.572462],[-105.679885,43.572468],[-105.679939,43.568848],[-105.685327,43.568835],[-105.685321,43.572462]]]}},{"type":"Feature","properties":{"q":"15","ac":40.6},"geometry":{"type":"Polygon","coordinates":[[[-105.674938,43.565241],[-105.679994,43.565231],[-105.679939,43.568848],[-105.674871,43.568853],[-105.674938,43.565241]]]}},{"type":"Feature","properties":{"q":"7","ac":39.8},"geometry":{"type":"Polygon","coordinates":[[[-105.64972,43.568888],[-105.654725,43.56888],[-105.654671,43.572472],[-105.649686,43.572476],[-105.64972,43.568888]]]}},{"type":"Feature","properties":{"q":"14","ac":39.9},"geometry":{"type":"Polygon","coordinates":[[[-105.609439,43.561852],[-105.614483,43.561833],[-105.614512,43.565388],[-105.609462,43.565433],[-105.609439,43.561852]]]}},{"type":"Feature","properties":{"q":"12","ac":40.6},"geometry":{"type":"Polygon","coordinates":[[[-105.664734,43.568863],[-105.669803,43.568858],[-105.669722,43.572466],[-105.664642,43.572466],[-105.664734,43.568863]]]}},{"type":"Feature","properties":{"q":"14","ac":39.7},"geometry":{"type":"Polygon","coordinates":[[[-105.654617,43.576065],[-105.659583,43.576066],[-105.65963,43.579668],[-105.654656,43.579668],[-105.654617,43.576065]]]}},{"type":"Feature","properties":{"q":"10","ac":40.6},"geometry":{"type":"Polygon","coordinates":[[[-105.594315,43.565525],[-105.594322,43.569143],[-105.589269,43.569172],[-105.589267,43.565549],[-105.594315,43.565525]]]}},{"type":"Feature","properties":{"q":"14","ac":40.5},"geometry":{"type":"Polygon","coordinates":[[[-105.599352,43.56189],[-105.599363,43.565501],[-105.594315,43.565525],[-105.594309,43.561908],[-105.599352,43.56189]]]}},{"type":"Feature","properties":{"q":"16","ac":40.7},"geometry":{"type":"Polygon","coordinates":[[[-105.609531,43.576173],[-105.609538,43.579792],[-105.604453,43.5799],[-105.604461,43.576294],[-105.609531,43.576173]]]}},{"type":"Feature","properties":{"q":"15","ac":39.5},"geometry":{"type":"Polygon","coordinates":[[[-105.629614,43.561778],[-105.634658,43.561762],[-105.634672,43.565306],[-105.629642,43.565302],[-105.629614,43.561778]]]}},{"type":"Feature","properties":{"q":"5","ac":40.7},"geometry":{"type":"Polygon","coordinates":[[[-105.664642,43.572466],[-105.669722,43.572466],[-105.669643,43.576074],[-105.664549,43.576068],[-105.664642,43.572466]]]}},{"type":"Feature","properties":{"q":"13","ac":40.5},"geometry":{"type":"Polygon","coordinates":[[[-105.669803,43.568858],[-105.664734,43.568863],[-105.664827,43.565261],[-105.669882,43.56525],[-105.669803,43.568858]]]}},{"type":"Feature","properties":{"q":"6","ac":40.7},"geometry":{"type":"Polygon","coordinates":[[[-105.669722,43.572466],[-105.674804,43.572467],[-105.674738,43.576081],[-105.669643,43.576074],[-105.669722,43.572466]]]}},{"type":"Feature","properties":{"q":"SWSW","ac":40.6},"geometry":{"type":"Polygon","coordinates":[[[-105.584222,43.561944],[-105.58422,43.565573],[-105.579168,43.565591],[-105.579179,43.561961],[-105.584222,43.561944]]]}},{"type":"Feature","properties":{"q":"1","ac":39.6},"geometry":{"type":"Polygon","coordinates":[[[-105.6447,43.572479],[-105.649686,43.572476],[-105.649651,43.576063],[-105.644685,43.576062],[-105.6447,43.572479]]]}},{"type":"Feature","properties":{"q":"2","ac":40.1},"geometry":{"type":"Polygon","coordinates":[[[-105.614572,43.572497],[-105.614601,43.576051],[-105.609531,43.576173],[-105.609508,43.572593],[-105.614572,43.572497]]]}},{"type":"Feature","properties":{"q":"SWSE","ac":40.7},"geometry":{"type":"Polygon","coordinates":[[[-105.569062,43.565626],[-105.569095,43.561994],[-105.574136,43.561977],[-105.574116,43.565608],[-105.569062,43.565626]]]}},{"type":"Feature","properties":{"q":"SESE","ac":40.6},"geometry":{"type":"Polygon","coordinates":[[[-105.564054,43.562011],[-105.569095,43.561994],[-105.569062,43.565626],[-105.564018,43.565644],[-105.564054,43.562011]]]}},{"type":"Feature","properties":{"q":"15","ac":40.8},"geometry":{"type":"Polygon","coordinates":[[[-105.614601,43.576051],[-105.614623,43.579683],[-105.609538,43.579792],[-105.609531,43.576173],[-105.614601,43.576051]]]}},{"type":"Feature","properties":{"q":"16","ac":40.9},"geometry":{"type":"Polygon","coordinates":[[[-105.563867,43.580178],[-105.563905,43.576545],[-105.568982,43.576524],[-105.568948,43.580156],[-105.563867,43.580178]]]}},{"type":"Feature","properties":{"q":"13","ac":39.9},"geometry":{"type":"Polygon","coordinates":[[[-105.644746,43.56173],[-105.64473,43.565313],[-105.639701,43.565309],[-105.639702,43.561746],[-105.644746,43.56173]]]}},{"type":"Feature","properties":{"q":"13","ac":40.4},"geometry":{"type":"Polygon","coordinates":[[[-105.599352,43.56189],[-105.604395,43.561872],[-105.604412,43.565477],[-105.599363,43.565501],[-105.599352,43.56189]]]}},{"type":"Feature","properties":{"q":"18","ac":40.5},"geometry":{"type":"Polygon","coordinates":[[[-105.680051,43.561613],[-105.679994,43.565231],[-105.674938,43.565241],[-105.675006,43.561628],[-105.680051,43.561613]]]}},{"type":"Feature","properties":{"q":"4","ac":39.5},"geometry":{"type":"Polygon","coordinates":[[[-105.624699,43.572305],[-105.624742,43.575808],[-105.619672,43.57593],[-105.619635,43.572401],[-105.624699,43.572305]]]}},{"type":"Feature","properties":{"q":"7","ac":39.2},"geometry":{"type":"Polygon","coordinates":[[[-105.629671,43.568825],[-105.634686,43.568849],[-105.6347,43.572392],[-105.629699,43.572349],[-105.629671,43.568825]]]}},{"type":"Feature","properties":{"q":"12","ac":40.4},"geometry":{"type":"Polygon","coordinates":[[[-105.599363,43.565501],[-105.604412,43.565477],[-105.604428,43.569083],[-105.599375,43.569113],[-105.599363,43.565501]]]}},{"type":"Feature","properties":{"q":"4","ac":39.6},"geometry":{"type":"Polygon","coordinates":[[[-105.6397,43.572436],[-105.6447,43.572479],[-105.644685,43.576062],[-105.639699,43.575998],[-105.6397,43.572436]]]}},{"type":"Feature","properties":{"q":"NENW","ac":40.8},"geometry":{"type":"Polygon","coordinates":[[[-105.574078,43.572872],[-105.579146,43.572852],[-105.579135,43.576481],[-105.574059,43.576502],[-105.574078,43.572872]]]}},{"type":"Feature","properties":{"q":"10","ac":40.9},"geometry":{"type":"Polygon","coordinates":[[[-105.614644,43.583315],[-105.609544,43.58341],[-105.609538,43.579792],[-105.614623,43.579683],[-105.614644,43.583315]]]}},{"type":"Feature","properties":{"q":"9","ac":40.0},"geometry":{"type":"Polygon","coordinates":[[[-105.614512,43.565388],[-105.614542,43.568943],[-105.609485,43.569013],[-105.609462,43.565433],[-105.614512,43.565388]]]}},{"type":"Feature","properties":{"q":"14","ac":40.1},"geometry":{"type":"Polygon","coordinates":[[[-105.634714,43.575935],[-105.639699,43.575998],[-105.639735,43.579618],[-105.634752,43.579567],[-105.634714,43.575935]]]}},{"type":"Feature","properties":{"q":"12","ac":41.2},"geometry":{"type":"Polygon","coordinates":[[[-105.624793,43.579465],[-105.624844,43.583123],[-105.619744,43.583219],[-105.619708,43.579574],[-105.624793,43.579465]]]}},{"type":"Feature","properties":{"q":"4","ac":40.5},"geometry":{"type":"Polygon","coordinates":[[[-105.604444,43.572689],[-105.604461,43.576294],[-105.599398,43.576335],[-105.599386,43.572724],[-105.604444,43.572689]]]}},{"type":"Feature","properties":{"q":"SESW","ac":40.6},"geometry":{"type":"Polygon","coordinates":[[[-105.574136,43.561977],[-105.579179,43.561961],[-105.579168,43.565591],[-105.574116,43.565608],[-105.574136,43.561977]]]}},{"type":"Feature","properties":{"q":"15","ac":40.2},"geometry":{"type":"Polygon","coordinates":[[[-105.604395,43.561872],[-105.609439,43.561852],[-105.609462,43.565433],[-105.604412,43.565477],[-105.604395,43.561872]]]}},{"type":"Feature","properties":{"q":"6","ac":39.5},"geometry":{"type":"Polygon","coordinates":[[[-105.634686,43.568849],[-105.639701,43.568872],[-105.6397,43.572436],[-105.6347,43.572392],[-105.634686,43.568849]]]}},{"type":"Feature","properties":{"q":"3","ac":39.7},"geometry":{"type":"Polygon","coordinates":[[[-105.654671,43.572472],[-105.659656,43.572469],[-105.659583,43.576066],[-105.654617,43.576065],[-105.654671,43.572472]]]}},{"type":"Feature","properties":{"q":"7","ac":40.0},"geometry":{"type":"Polygon","coordinates":[[[-105.614542,43.568943],[-105.614572,43.572497],[-105.609508,43.572593],[-105.609485,43.569013],[-105.614542,43.568943]]]}},{"type":"Feature","properties":{"q":"5","ac":39.9},"geometry":{"type":"Polygon","coordinates":[[[-105.659729,43.568872],[-105.664734,43.568863],[-105.664642,43.572466],[-105.659656,43.572469],[-105.659729,43.568872]]]}},{"type":"Feature","properties":{"q":"11","ac":40.0},"geometry":{"type":"Polygon","coordinates":[[[-105.659803,43.565274],[-105.664827,43.565261],[-105.664734,43.568863],[-105.659729,43.568872],[-105.659803,43.565274]]]}},{"type":"Feature","properties":{"q":"1","ac":40.4},"geometry":{"type":"Polygon","coordinates":[[[-105.604444,43.572689],[-105.609508,43.572593],[-105.609531,43.576173],[-105.604461,43.576294],[-105.604444,43.572689]]]}},{"type":"Feature","properties":{"q":"12","ac":39.9},"geometry":{"type":"Polygon","coordinates":[[[-105.639735,43.579618],[-105.644719,43.579669],[-105.644752,43.583275],[-105.639771,43.583237],[-105.639735,43.579618]]]}},{"type":"Feature","properties":{"q":"14","ac":40.6},"geometry":{"type":"Polygon","coordinates":[[[-105.674766,43.579694],[-105.674794,43.583307],[-105.669725,43.583287],[-105.669684,43.579681],[-105.674766,43.579694]]]}},{"type":"Feature","properties":{"q":"10","ac":40.7},"geometry":{"type":"Polygon","coordinates":[[[-105.589159,43.594536],[-105.594236,43.594465],[-105.594199,43.598083],[-105.58912,43.598159],[-105.589159,43.594536]]]}},{"type":"Feature","properties":{"q":"6","ac":40.7},"geometry":{"type":"Polygon","coordinates":[[[-105.599239,43.608846],[-105.604319,43.608745],[-105.604352,43.612351],[-105.599273,43.612463],[-105.599239,43.608846]]]}},{"type":"Feature","properties":{"q":"5","ac":40.6},"geometry":{"type":"Polygon","coordinates":[[[-105.664761,43.601394],[-105.669758,43.601412],[-105.669663,43.60505],[-105.664602,43.605037],[-105.664761,43.601394]]]}},{"type":"Feature","properties":{"q":"8","ac":40.9},"geometry":{"type":"Polygon","coordinates":[[[-105.568825,43.598326],[-105.568815,43.601963],[-105.563753,43.601995],[-105.563753,43.598356],[-105.568825,43.598326]]]}},{"type":"Feature","properties":{"q":"13","ac":40.1},"geometry":{"type":"Polygon","coordinates":[[[-105.664842,43.594109],[-105.66983,43.594126],[-105.669854,43.597774],[-105.66492,43.597751],[-105.664842,43.594109]]]}},{"type":"Feature","properties":{"q":"16","ac":40.6},"geometry":{"type":"Polygon","coordinates":[[[-105.604319,43.608745],[-105.604285,43.60514],[-105.609368,43.605136],[-105.609382,43.608744],[-105.604319,43.608745]]]}},{"type":"Feature","properties":{"q":"7","ac":41.0},"geometry":{"type":"Polygon","coordinates":[[[-105.573998,43.583765],[-105.573968,43.587396],[-105.568879,43.58742],[-105.568913,43.583788],[-105.573998,43.583765]]]}},{"type":"Feature","properties":{"q":"NWSE","ac":40.2},"geometry":{"type":"Polygon","coordinates":[[[-105.629582,43.608719],[-105.634593,43.608697],[-105.634534,43.612323],[-105.629531,43.61234],[-105.629582,43.608719]]]}},{"type":"Feature","properties":{"q":"6","ac":40.4},"geometry":{"type":"Polygon","coordinates":[[[-105.634485,43.626852],[-105.639487,43.626849],[-105.639526,43.630492],[-105.634519,43.630493],[-105.634485,43.626852]]]}},{"type":"Feature","properties":{"q":"6","ac":40.9},"geometry":{"type":"Polygon","coordinates":[[[-105.65984,43.615886],[-105.654717,43.615898],[-105.654692,43.612275],[-105.659767,43.612268],[-105.65984,43.615886]]]}},{"type":"Feature","properties":{"q":"11","ac":40.3},"geometry":{"type":"Polygon","coordinates":[[[-105.654667,43.608685],[-105.659695,43.608668],[-105.659767,43.612268],[-105.654692,43.612275],[-105.654667,43.608685]]]}},{"type":"Feature","properties":{"q":"13","ac":40.9},"geometry":{"type":"Polygon","coordinates":[[[-105.579029,43.591002],[-105.584122,43.590977],[-105.584082,43.594606],[-105.578999,43.594634],[-105.579029,43.591002]]]}},{"type":"Feature","properties":{"q":"11","ac":41.3},"geometry":{"type":"Polygon","coordinates":[[[-105.619746,43.594162],[-105.619675,43.597818],[-105.614569,43.597855],[-105.614628,43.594216],[-105.619746,43.594162]]]}},{"type":"Feature","properties":{"q":"14","ac":40.1},"geometry":{"type":"Polygon","coordinates":[[[-105.674818,43.594143],[-105.674787,43.597795],[-105.669854,43.597774],[-105.66983,43.594126],[-105.674818,43.594143]]]}},{"type":"Feature","properties":{"q":"2","ac":40.8},"geometry":{"type":"Polygon","coordinates":[[[-105.568815,43.601963],[-105.573877,43.60193],[-105.573857,43.605565],[-105.568805,43.605599],[-105.568815,43.601963]]]}},{"type":"Feature","properties":{"q":"9","ac":40.6},"geometry":{"type":"Polygon","coordinates":[[[-105.644613,43.608653],[-105.64964,43.60867],[-105.649617,43.612281],[-105.644542,43.612287],[-105.644613,43.608653]]]}},{"type":"Feature","properties":{"q":"1","ac":40.6},"geometry":{"type":"Polygon","coordinates":[[[-105.599308,43.616068],[-105.599342,43.619673],[-105.594265,43.619784],[-105.594229,43.61618],[-105.599308,43.616068]]]}},{"type":"Feature","properties":{"q":"6","ac":39.5},"geometry":{"type":"Polygon","coordinates":[[[-105.66992,43.615889],[-105.674877,43.615904],[-105.674927,43.619506],[-105.670005,43.619496],[-105.66992,43.615889]]]}},{"type":"Feature","properties":{"q":"19","ac":41.6},"geometry":{"type":"Polygon","coordinates":[[[-105.568974,43.634707],[-105.574111,43.634643],[-105.574022,43.638312],[-105.568907,43.638362],[-105.568974,43.634707]]]}},{"type":"Feature","properties":{"q":"8","ac":40.6},"geometry":{"type":"Polygon","coordinates":[[[-105.644394,43.645294],[-105.644333,43.648927],[-105.639282,43.648961],[-105.639351,43.645325],[-105.644394,43.645294]]]}},{"type":"Feature","properties":{"q":"10","ac":41.6},"geometry":{"type":"Polygon","coordinates":[[[-105.599222,43.641805],[-105.599091,43.645555],[-105.594071,43.645572],[-105.594198,43.64184],[-105.599222,43.641805]]]}},{"type":"Feature","properties":{"q":"7","ac":40.4},"geometry":{"type":"Polygon","coordinates":[[[-105.659474,43.64519],[-105.659447,43.648829],[-105.654427,43.648859],[-105.65446,43.645223],[-105.659474,43.64519]]]}},{"type":"Feature","properties":{"q":"14","ac":42.4},"geometry":{"type":"Polygon","coordinates":[[[-105.614405,43.637948],[-105.619466,43.63792],[-105.619407,43.641683],[-105.614286,43.641712],[-105.614405,43.637948]]]}},{"type":"Feature","properties":{"q":"19","ac":45.1},"geometry":{"type":"Polygon","coordinates":[[[-105.685194,43.637762],[-105.685212,43.64141],[-105.679639,43.641431],[-105.679617,43.637774],[-105.685194,43.637762]]]}},{"type":"Feature","properties":{"q":"2","ac":40.8},"geometry":{"type":"Polygon","coordinates":[[[-105.594161,43.6017],[-105.594123,43.605318],[-105.589043,43.605406],[-105.589081,43.601783],[-105.594161,43.6017]]]}},{"type":"Feature","properties":{"q":"5","ac":40.3},"geometry":{"type":"Polygon","coordinates":[[[-105.619483,43.612356],[-105.624527,43.612357],[-105.624482,43.615974],[-105.619458,43.615971],[-105.619483,43.612356]]]}},{"type":"Feature","properties":{"q":"2","ac":39.9},"geometry":{"type":"Polygon","coordinates":[[[-105.654735,43.586876],[-105.654774,43.590481],[-105.649779,43.590485],[-105.649752,43.586879],[-105.654735,43.586876]]]}},{"type":"Feature","properties":{"q":"3","ac":39.9},"geometry":{"type":"Polygon","coordinates":[[[-105.654735,43.586876],[-105.659722,43.586872],[-105.659768,43.590474],[-105.654774,43.590481],[-105.654735,43.586876]]]}},{"type":"Feature","properties":{"q":"NWSW","ac":40.3},"geometry":{"type":"Polygon","coordinates":[[[-105.639603,43.608675],[-105.644613,43.608653],[-105.644542,43.612287],[-105.639538,43.612305],[-105.639603,43.608675]]]}},{"type":"Feature","properties":{"q":"NWNE","ac":40.6},"geometry":{"type":"Polygon","coordinates":[[[-105.594229,43.61618],[-105.594265,43.619784],[-105.589187,43.619894],[-105.589146,43.616291],[-105.594229,43.61618]]]}},{"type":"Feature","properties":{"q":"17","ac":43.4},"geometry":{"type":"Polygon","coordinates":[[[-105.679788,43.623178],[-105.67985,43.619548],[-105.685227,43.619592],[-105.685216,43.623211],[-105.679788,43.623178]]]}},{"type":"Feature","properties":{"q":"6","ac":40.4},"geometry":{"type":"Polygon","coordinates":[[[-105.634758,43.597768],[-105.639746,43.597761],[-105.639707,43.601404],[-105.634705,43.60142],[-105.634758,43.597768]]]}},{"type":"Feature","properties":{"q":"10","ac":41.2},"geometry":{"type":"Polygon","coordinates":[[[-105.654697,43.623156],[-105.654653,43.626793],[-105.649571,43.626819],[-105.64957,43.623178],[-105.654697,43.623156]]]}},{"type":"Feature","properties":{"q":"12","ac":39.8},"geometry":{"type":"Polygon","coordinates":[[[-105.664843,43.612262],[-105.669835,43.612282],[-105.66992,43.615889],[-105.664963,43.615874],[-105.664843,43.612262]]]}},{"type":"Feature","properties":{"q":"1","ac":41.4},"geometry":{"type":"Polygon","coordinates":[[[-105.649593,43.615909],[-105.64957,43.619537],[-105.644399,43.619554],[-105.64447,43.61592],[-105.649593,43.615909]]]}},{"type":"Feature","properties":{"q":"15","ac":40.3},"geometry":{"type":"Polygon","coordinates":[[[-105.629427,43.619582],[-105.634418,43.619572],[-105.634451,43.623212],[-105.629455,43.623218],[-105.629427,43.619582]]]}},{"type":"Feature","properties":{"q":"1","ac":41.0},"geometry":{"type":"Polygon","coordinates":[[[-105.609551,43.587029],[-105.609557,43.590647],[-105.604428,43.590717],[-105.604436,43.587111],[-105.609551,43.587029]]]}},{"type":"Feature","properties":{"q":"6","ac":40.3},"geometry":{"type":"Polygon","coordinates":[[[-105.619483,43.612356],[-105.619458,43.615971],[-105.614434,43.615967],[-105.61444,43.612355],[-105.619483,43.612356]]]}},{"type":"Feature","properties":{"q":"10","ac":41.1},"geometry":{"type":"Polygon","coordinates":[[[-105.614569,43.597855],[-105.609463,43.597892],[-105.60951,43.594269],[-105.614628,43.594216],[-105.614569,43.597855]]]}},{"type":"Feature","properties":{"q":"13","ac":40.3},"geometry":{"type":"Polygon","coordinates":[[[-105.639408,43.619563],[-105.644399,43.619554],[-105.644444,43.6232],[-105.639448,43.623206],[-105.639408,43.619563]]]}},{"type":"Feature","properties":{"q":"8","ac":40.6},"geometry":{"type":"Polygon","coordinates":[[[-105.589303,43.627171],[-105.589361,43.630803],[-105.584316,43.630889],[-105.584247,43.627261],[-105.589303,43.627171]]]}},{"type":"Feature","properties":{"q":"12","ac":40.9},"geometry":{"type":"Polygon","coordinates":[[[-105.584189,43.580089],[-105.584167,43.583718],[-105.579082,43.583742],[-105.579109,43.580111],[-105.584189,43.580089]]]}},{"type":"Feature","properties":{"q":"14","ac":40.2},"geometry":{"type":"Polygon","coordinates":[[[-105.669749,43.608666],[-105.674776,43.608683],[-105.674827,43.612302],[-105.669835,43.612282],[-105.669749,43.608666]]]}},{"type":"Feature","properties":{"q":"2","ac":40.5},"geometry":{"type":"Polygon","coordinates":[[[-105.614499,43.63053],[-105.614523,43.634183],[-105.609521,43.634209],[-105.609497,43.630549],[-105.614499,43.63053]]]}},{"type":"Feature","properties":{"q":"11","ac":40.3},"geometry":{"type":"Polygon","coordinates":[[[-105.634451,43.623212],[-105.639448,43.623206],[-105.639487,43.626849],[-105.634485,43.626852],[-105.634451,43.623212]]]}},{"type":"Feature","properties":{"q":"7","ac":40.8},"geometry":{"type":"Polygon","coordinates":[[[-105.594199,43.598083],[-105.594161,43.6017],[-105.589081,43.601783],[-105.58912,43.598159],[-105.594199,43.598083]]]}},{"type":"Feature","properties":{"q":"NENE","ac":40.6},"geometry":{"type":"Polygon","coordinates":[[[-105.589187,43.619894],[-105.58411,43.620005],[-105.584063,43.616402],[-105.589146,43.616291],[-105.589187,43.619894]]]}},{"type":"Feature","properties":{"q":"4","ac":41.5},"geometry":{"type":"Polygon","coordinates":[[[-105.624895,43.58678],[-105.624946,43.590437],[-105.619816,43.590507],[-105.61978,43.586863],[-105.624895,43.58678]]]}},{"type":"Feature","properties":{"q":"9","ac":40.6},"geometry":{"type":"Polygon","coordinates":[[[-105.609448,43.62323],[-105.609473,43.626889],[-105.604469,43.626899],[-105.604444,43.623231],[-105.609448,43.62323]]]}},{"type":"Feature","properties":{"q":"8","ac":43.3},"geometry":{"type":"Polygon","coordinates":[[[-105.679892,43.590539],[-105.679877,43.586933],[-105.685296,43.586968],[-105.685288,43.59059],[-105.679892,43.590539]]]}},{"type":"Feature","properties":{"q":"NENW","ac":40.1},"geometry":{"type":"Polygon","coordinates":[[[-105.634476,43.615947],[-105.639473,43.615934],[-105.639408,43.619563],[-105.634418,43.619572],[-105.634476,43.615947]]]}},{"type":"Feature","properties":{"q":"13","ac":40.9},"geometry":{"type":"Polygon","coordinates":[[[-105.58411,43.620005],[-105.584179,43.623633],[-105.579085,43.623686],[-105.579031,43.620054],[-105.58411,43.620005]]]}},{"type":"Feature","properties":{"q":"11","ac":39.7},"geometry":{"type":"Polygon","coordinates":[[[-105.669835,43.612282],[-105.674827,43.612302],[-105.674877,43.615904],[-105.66992,43.615889],[-105.669835,43.612282]]]}},{"type":"Feature","properties":{"q":"8","ac":40.3},"geometry":{"type":"Polygon","coordinates":[[[-105.644735,43.597754],[-105.649722,43.597754],[-105.649693,43.601406],[-105.64471,43.601387],[-105.644735,43.597754]]]}},{"type":"Feature","properties":{"q":"1","ac":40.8},"geometry":{"type":"Polygon","coordinates":[[[-105.604321,43.601534],[-105.609416,43.601514],[-105.609368,43.605136],[-105.604285,43.60514],[-105.604321,43.601534]]]}},{"type":"Feature","properties":{"q":"18","ac":40.9},"geometry":{"type":"Polygon","coordinates":[[[-105.654564,43.634134],[-105.659557,43.634131],[-105.659529,43.637817],[-105.654529,43.637831],[-105.654564,43.634134]]]}},{"type":"Feature","properties":{"q":"11","ac":41.9},"geometry":{"type":"Polygon","coordinates":[[[-105.609266,43.641741],[-105.609139,43.645507],[-105.60411,43.645538],[-105.604246,43.64177],[-105.609266,43.641741]]]}},{"type":"Feature","properties":{"q":"16","ac":40.8},"geometry":{"type":"Polygon","coordinates":[[[-105.659529,43.637817],[-105.664529,43.637804],[-105.664509,43.64148],[-105.659502,43.641504],[-105.659529,43.637817]]]}},{"type":"Feature","properties":{"q":"12","ac":40.1},"geometry":{"type":"Polygon","coordinates":[[[-105.664979,43.626738],[-105.669858,43.626761],[-105.669703,43.630442],[-105.664765,43.630432],[-105.664979,43.626738]]]}},{"type":"Feature","properties":{"q":"2","ac":40.0},"geometry":{"type":"Polygon","coordinates":[[[-105.629861,43.586805],[-105.634827,43.58683],[-105.634865,43.590462],[-105.629906,43.590449],[-105.629861,43.586805]]]}},{"type":"Feature","properties":{"q":"3","ac":40.7},"geometry":{"type":"Polygon","coordinates":[[[-105.578939,43.601898],[-105.578909,43.60553],[-105.573857,43.605565],[-105.573877,43.60193],[-105.578939,43.601898]]]}},{"type":"Feature","properties":{"q":"4","ac":39.8},"geometry":{"type":"Polygon","coordinates":[[[-105.659722,43.586872],[-105.66471,43.586867],[-105.664763,43.590466],[-105.659768,43.590474],[-105.659722,43.586872]]]}},{"type":"Feature","properties":{"q":"3","ac":41.3},"geometry":{"type":"Polygon","coordinates":[[[-105.579194,43.630949],[-105.579248,43.63458],[-105.574111,43.634643],[-105.574071,43.631009],[-105.579194,43.630949]]]}},{"type":"Feature","properties":{"q":"16","ac":40.2},"geometry":{"type":"Polygon","coordinates":[[[-105.644685,43.60502],[-105.649664,43.605058],[-105.64964,43.60867],[-105.644613,43.608653],[-105.644685,43.60502]]]}},{"type":"Feature","properties":{"q":"4","ac":40.5},"geometry":{"type":"Polygon","coordinates":[[[-105.659718,43.60141],[-105.664761,43.601394],[-105.664602,43.605037],[-105.659622,43.605067],[-105.659718,43.60141]]]}},{"type":"Feature","properties":{"q":"10","ac":40.4},"geometry":{"type":"Polygon","coordinates":[[[-105.674794,43.583307],[-105.679862,43.583327],[-105.679877,43.586933],[-105.674821,43.586899],[-105.674794,43.583307]]]}},{"type":"Feature","properties":{"q":"14","ac":40.7},"geometry":{"type":"Polygon","coordinates":[[[-105.599351,43.590783],[-105.599314,43.594394],[-105.594236,43.594465],[-105.594274,43.590848],[-105.599351,43.590783]]]}},{"type":"Feature","properties":{"q":"19","ac":40.6},"geometry":{"type":"Polygon","coordinates":[[[-105.66983,43.594126],[-105.669806,43.590478],[-105.674849,43.59049],[-105.674818,43.594143],[-105.66983,43.594126]]]}},{"type":"Feature","properties":{"q":"16","ac":41.0},"geometry":{"type":"Polygon","coordinates":[[[-105.609557,43.590647],[-105.60951,43.594269],[-105.604392,43.594323],[-105.604428,43.590717],[-105.609557,43.590647]]]}},{"type":"Feature","properties":{"q":"4","ac":39.8},"geometry":{"type":"Polygon","coordinates":[[[-105.644768,43.586882],[-105.644785,43.590488],[-105.639825,43.590475],[-105.639798,43.586856],[-105.644768,43.586882]]]}},{"type":"Feature","properties":{"q":"8","ac":41.0},"geometry":{"type":"Polygon","coordinates":[[[-105.644542,43.612287],[-105.649617,43.612281],[-105.649593,43.615909],[-105.64447,43.61592],[-105.644542,43.612287]]]}},{"type":"Feature","properties":{"q":"12","ac":40.9},"geometry":{"type":"Polygon","coordinates":[[[-105.578999,43.594634],[-105.584082,43.594606],[-105.584042,43.598236],[-105.578969,43.598266],[-105.578999,43.594634]]]}},{"type":"Feature","properties":{"q":"12","ac":40.1},"geometry":{"type":"Polygon","coordinates":[[[-105.64476,43.594121],[-105.639786,43.594118],[-105.639825,43.590475],[-105.644785,43.590488],[-105.64476,43.594121]]]}},{"type":"Feature","properties":{"q":"12","ac":39.7},"geometry":{"type":"Polygon","coordinates":[[[-105.664603,43.579668],[-105.664656,43.583267],[-105.659676,43.58327],[-105.65963,43.579668],[-105.664603,43.579668]]]}},{"type":"Feature","properties":{"q":"6","ac":40.9},"geometry":{"type":"Polygon","coordinates":[[[-105.573968,43.587396],[-105.573998,43.583765],[-105.579082,43.583742],[-105.579056,43.587372],[-105.573968,43.587396]]]}},{"type":"Feature","properties":{"q":"2","ac":40.4},"geometry":{"type":"Polygon","coordinates":[[[-105.634552,43.634134],[-105.62954,43.634132],[-105.629512,43.630493],[-105.634519,43.630493],[-105.634552,43.634134]]]}},{"type":"Feature","properties":{"q":"3","ac":40.7},"geometry":{"type":"Polygon","coordinates":[[[-105.599363,43.587171],[-105.599351,43.590783],[-105.594274,43.590848],[-105.594289,43.58723],[-105.599363,43.587171]]]}},{"type":"Feature","properties":{"q":"13","ac":41.2},"geometry":{"type":"Polygon","coordinates":[[[-105.568841,43.642016],[-105.563749,43.642051],[-105.563793,43.638411],[-105.568907,43.638362],[-105.568841,43.642016]]]}},{"type":"Feature","properties":{"q":"22","ac":40.7},"geometry":{"type":"Polygon","coordinates":[[[-105.669548,43.634122],[-105.674547,43.634116],[-105.674557,43.637782],[-105.669543,43.637793],[-105.669548,43.634122]]]}},{"type":"Feature","properties":{"q":"14","ac":41.1},"geometry":{"type":"Polygon","coordinates":[[[-105.649523,43.637844],[-105.654529,43.637831],[-105.654495,43.641528],[-105.649475,43.641551],[-105.649523,43.637844]]]}},{"type":"Feature","properties":{"q":"4","ac":40.8},"geometry":{"type":"Polygon","coordinates":[[[-105.624325,43.645415],[-105.624127,43.649065],[-105.61909,43.649087],[-105.619246,43.645446],[-105.624325,43.645415]]]}},{"type":"Feature","properties":{"q":"20","ac":41.5},"geometry":{"type":"Polygon","coordinates":[[[-105.6295,43.637883],[-105.624528,43.637891],[-105.624527,43.63413],[-105.62954,43.634132],[-105.6295,43.637883]]]}},{"type":"Feature","properties":{"q":"16","ac":41.9},"geometry":{"type":"Polygon","coordinates":[[[-105.604383,43.638003],[-105.604246,43.64177],[-105.599222,43.641805],[-105.599354,43.63805],[-105.604383,43.638003]]]}},{"type":"Feature","properties":{"q":"14","ac":41.4},"geometry":{"type":"Polygon","coordinates":[[[-105.574022,43.638312],[-105.573933,43.641981],[-105.568841,43.642016],[-105.568907,43.638362],[-105.574022,43.638312]]]}},{"type":"Feature","properties":{"q":"18","ac":41.5},"geometry":{"type":"Polygon","coordinates":[[[-105.634552,43.634134],[-105.639565,43.634136],[-105.639494,43.637865],[-105.634471,43.637874],[-105.634552,43.634134]]]}},{"type":"Feature","properties":{"q":"11","ac":44.6},"geometry":{"type":"Polygon","coordinates":[[[-105.685196,43.645037],[-105.685193,43.648663],[-105.679651,43.648702],[-105.679641,43.645071],[-105.685196,43.645037]]]}},{"type":"Feature","properties":{"q":"7","ac":40.7},"geometry":{"type":"Polygon","coordinates":[[[-105.61909,43.649087],[-105.614053,43.64911],[-105.614167,43.645477],[-105.619246,43.645446],[-105.61909,43.649087]]]}},{"type":"Feature","properties":{"q":"12","ac":41.0},"geometry":{"type":"Polygon","coordinates":[[[-105.568841,43.642016],[-105.568775,43.645671],[-105.563706,43.645692],[-105.563749,43.642051],[-105.568841,43.642016]]]}},{"type":"Feature","properties":{"q":"20","ac":41.4},"geometry":{"type":"Polygon","coordinates":[[[-105.589419,43.634435],[-105.589277,43.638155],[-105.584228,43.638213],[-105.584385,43.634517],[-105.589419,43.634435]]]}},{"type":"Feature","properties":{"q":"11","ac":40.9},"geometry":{"type":"Polygon","coordinates":[[[-105.578909,43.60553],[-105.578935,43.60918],[-105.573881,43.609212],[-105.573857,43.605565],[-105.578909,43.60553]]]}},{"type":"Feature","properties":{"q":"15","ac":41.5},"geometry":{"type":"Polygon","coordinates":[[[-105.64957,43.623178],[-105.64957,43.619537],[-105.654741,43.61952],[-105.654697,43.623156],[-105.64957,43.623178]]]}},{"type":"Feature","properties":{"q":"6","ac":40.8},"geometry":{"type":"Polygon","coordinates":[[[-105.599414,43.62699],[-105.59945,43.630642],[-105.594405,43.630716],[-105.594359,43.62708],[-105.599414,43.62699]]]}},{"type":"Feature","properties":{"q":"11","ac":40.9},"geometry":{"type":"Polygon","coordinates":[[[-105.578999,43.594634],[-105.578969,43.598266],[-105.573897,43.598296],[-105.573917,43.594662],[-105.578999,43.594634]]]}},{"type":"Feature","properties":{"q":"12","ac":41.0},"geometry":{"type":"Polygon","coordinates":[[[-105.659814,43.597752],[-105.659791,43.594113],[-105.664842,43.594109],[-105.66492,43.597751],[-105.659814,43.597752]]]}},{"type":"Feature","properties":{"q":"7","ac":39.8},"geometry":{"type":"Polygon","coordinates":[[[-105.649752,43.586879],[-105.649724,43.583273],[-105.654696,43.583272],[-105.654735,43.586876],[-105.649752,43.586879]]]}},{"type":"Feature","properties":{"q":"10","ac":40.5},"geometry":{"type":"Polygon","coordinates":[[[-105.614452,43.623229],[-105.614476,43.626878],[-105.609473,43.626889],[-105.609448,43.62323],[-105.614452,43.623229]]]}},{"type":"Feature","properties":{"q":"18","ac":40.8},"geometry":{"type":"Polygon","coordinates":[[[-105.674818,43.594143],[-105.674849,43.59049],[-105.679892,43.590539],[-105.679866,43.594178],[-105.674818,43.594143]]]}},{"type":"Feature","properties":{"q":"1","ac":40.7},"geometry":{"type":"Polygon","coordinates":[[[-105.624699,43.601452],[-105.629702,43.601436],[-105.629634,43.605098],[-105.624617,43.605124],[-105.624699,43.601452]]]}},{"type":"Feature","properties":{"q":"9","ac":40.9},"geometry":{"type":"Polygon","coordinates":[[[-105.568835,43.594689],[-105.568825,43.598326],[-105.563753,43.598356],[-105.563753,43.594716],[-105.568835,43.594689]]]}},{"type":"Feature","properties":{"q":"5","ac":40.6},"geometry":{"type":"Polygon","coordinates":[[[-105.604444,43.583506],[-105.604436,43.587111],[-105.599363,43.587171],[-105.599374,43.583559],[-105.604444,43.583506]]]}},{"type":"Feature","properties":{"q":"SENE","ac":40.6},"geometry":{"type":"Polygon","coordinates":[[[-105.589105,43.612687],[-105.589146,43.616291],[-105.584063,43.616402],[-105.584016,43.612799],[-105.589105,43.612687]]]}},{"type":"Feature","properties":{"q":"6","ac":40.9},"geometry":{"type":"Polygon","coordinates":[[[-105.568822,43.609244],[-105.568839,43.612889],[-105.563774,43.612918],[-105.563763,43.609276],[-105.568822,43.609244]]]}},{"type":"Feature","properties":{"q":"15","ac":40.4},"geometry":{"type":"Polygon","coordinates":[[[-105.629838,43.594112],[-105.624864,43.594109],[-105.624946,43.590437],[-105.629906,43.590449],[-105.629838,43.594112]]]}},{"type":"Feature","properties":{"q":"14","ac":40.5},"geometry":{"type":"Polygon","coordinates":[[[-105.654774,43.590481],[-105.659768,43.590474],[-105.659791,43.594113],[-105.654741,43.594117],[-105.654774,43.590481]]]}},{"type":"Feature","properties":{"q":"SESE","ac":40.2},"geometry":{"type":"Polygon","coordinates":[[[-105.629634,43.605098],[-105.629582,43.608719],[-105.624572,43.60874],[-105.624617,43.605124],[-105.629634,43.605098]]]}},{"type":"Feature","properties":{"q":"5","ac":40.9},"geometry":{"type":"Polygon","coordinates":[[[-105.584144,43.587347],[-105.579056,43.587372],[-105.579082,43.583742],[-105.584167,43.583718],[-105.584144,43.587347]]]}},{"type":"Feature","properties":{"q":"9","ac":40.3},"geometry":{"type":"Polygon","coordinates":[[[-105.629455,43.623218],[-105.629483,43.626854],[-105.624482,43.626857],[-105.624459,43.623224],[-105.629455,43.623218]]]}},{"type":"Feature","properties":{"q":"8","ac":40.3},"geometry":{"type":"Polygon","coordinates":[[[-105.629512,43.630493],[-105.624504,43.630493],[-105.624482,43.626857],[-105.629483,43.626854],[-105.629512,43.630493]]]}},{"type":"Feature","properties":{"q":"11","ac":40.0},"geometry":{"type":"Polygon","coordinates":[[[-105.669703,43.630442],[-105.669858,43.626761],[-105.674738,43.626784],[-105.674642,43.63045],[-105.669703,43.630442]]]}},{"type":"Feature","properties":{"q":"8","ac":40.8},"geometry":{"type":"Polygon","coordinates":[[[-105.58912,43.598159],[-105.589081,43.601783],[-105.584002,43.601866],[-105.584042,43.598236],[-105.58912,43.598159]]]}},{"type":"Feature","properties":{"q":"8","ac":44.0},"geometry":{"type":"Polygon","coordinates":[[[-105.679813,43.601447],[-105.685278,43.601465],[-105.685274,43.605089],[-105.679786,43.605076],[-105.679813,43.601447]]]}},{"type":"Feature","properties":{"q":"7","ac":40.7},"geometry":{"type":"Polygon","coordinates":[[[-105.679813,43.601447],[-105.679786,43.605076],[-105.674725,43.605064],[-105.674756,43.60143],[-105.679813,43.601447]]]}},{"type":"Feature","properties":{"q":"16","ac":41.0},"geometry":{"type":"Polygon","coordinates":[[[-105.563753,43.591077],[-105.568845,43.591052],[-105.568835,43.594689],[-105.563753,43.594716],[-105.563753,43.591077]]]}},{"type":"Feature","properties":{"q":"6","ac":40.5},"geometry":{"type":"Polygon","coordinates":[[[-105.669758,43.601412],[-105.674756,43.60143],[-105.674725,43.605064],[-105.669663,43.60505],[-105.669758,43.601412]]]}},{"type":"Feature","properties":{"q":"9","ac":39.7},"geometry":{"type":"Polygon","coordinates":[[[-105.644719,43.579669],[-105.649688,43.579669],[-105.649724,43.583273],[-105.644752,43.583275],[-105.644719,43.579669]]]}},{"type":"Feature","properties":{"q":"9","ac":41.1},"geometry":{"type":"Polygon","coordinates":[[[-105.563805,43.623844],[-105.568899,43.623792],[-105.568924,43.62743],[-105.563816,43.627486],[-105.563805,43.623844]]]}},{"type":"Feature","properties":{"q":"NESE","ac":40.2},"geometry":{"type":"Polygon","coordinates":[[[-105.629582,43.608719],[-105.629531,43.61234],[-105.624527,43.612357],[-105.624572,43.60874],[-105.629582,43.608719]]]}},{"type":"Feature","properties":{"q":"12","ac":40.9},"geometry":{"type":"Polygon","coordinates":[[[-105.568805,43.605599],[-105.573857,43.605565],[-105.573881,43.609212],[-105.568822,43.609244],[-105.568805,43.605599]]]}},{"type":"Feature","properties":{"q":"15","ac":41.2},"geometry":{"type":"Polygon","coordinates":[[[-105.614687,43.590577],[-105.614628,43.594216],[-105.60951,43.594269],[-105.609557,43.590647],[-105.614687,43.590577]]]}},{"type":"Feature","properties":{"q":"2","ac":41.0},"geometry":{"type":"Polygon","coordinates":[[[-105.568879,43.58742],[-105.573968,43.587396],[-105.573937,43.591027],[-105.568845,43.591052],[-105.568879,43.58742]]]}},{"type":"Feature","properties":{"q":"6","ac":41.2},"geometry":{"type":"Polygon","coordinates":[[[-105.579139,43.627317],[-105.579194,43.630949],[-105.574071,43.631009],[-105.574032,43.627374],[-105.579139,43.627317]]]}},{"type":"Feature","properties":{"q":"14","ac":41.4},"geometry":{"type":"Polygon","coordinates":[[[-105.619816,43.590507],[-105.619746,43.594162],[-105.614628,43.594216],[-105.614687,43.590577],[-105.619816,43.590507]]]}},{"type":"Feature","properties":{"q":"5","ac":40.3},"geometry":{"type":"Polygon","coordinates":[[[-105.66471,43.586867],[-105.669765,43.586883],[-105.669806,43.590478],[-105.664763,43.590466],[-105.66471,43.586867]]]}},{"type":"Feature","properties":{"q":"NENE","ac":40.0},"geometry":{"type":"Polygon","coordinates":[[[-105.629479,43.615961],[-105.629427,43.619582],[-105.624437,43.619591],[-105.624482,43.615974],[-105.629479,43.615961]]]}},{"type":"Feature","properties":{"q":"2","ac":40.6},"geometry":{"type":"Polygon","coordinates":[[[-105.604386,43.615957],[-105.604419,43.619563],[-105.599342,43.619673],[-105.599308,43.616068],[-105.604386,43.615957]]]}},{"type":"Feature","properties":{"q":"10","ac":40.6},"geometry":{"type":"Polygon","coordinates":[[[-105.674738,43.626784],[-105.679726,43.626807],[-105.679663,43.630462],[-105.674642,43.63045],[-105.674738,43.626784]]]}},{"type":"Feature","properties":{"q":"10","ac":40.3},"geometry":{"type":"Polygon","coordinates":[[[-105.629455,43.623218],[-105.634451,43.623212],[-105.634485,43.626852],[-105.629483,43.626854],[-105.629455,43.623218]]]}},{"type":"Feature","properties":{"q":"18","ac":39.8},"geometry":{"type":"Polygon","coordinates":[[[-105.674833,43.623145],[-105.674927,43.619506],[-105.67985,43.619548],[-105.679788,43.623178],[-105.674833,43.623145]]]}},{"type":"Feature","properties":{"q":"SWNE","ac":40.6},"geometry":{"type":"Polygon","coordinates":[[[-105.589105,43.612687],[-105.594194,43.612575],[-105.594229,43.61618],[-105.589146,43.616291],[-105.589105,43.612687]]]}},{"type":"Feature","properties":{"q":"5","ac":39.5},"geometry":{"type":"Polygon","coordinates":[[[-105.664963,43.615874],[-105.66992,43.615889],[-105.670005,43.619496],[-105.665084,43.619487],[-105.664963,43.615874]]]}},{"type":"Feature","properties":{"q":"4","ac":40.6},"geometry":{"type":"Polygon","coordinates":[[[-105.599273,43.612463],[-105.599308,43.616068],[-105.594229,43.61618],[-105.594194,43.612575],[-105.599273,43.612463]]]}},{"type":"Feature","properties":{"q":"5","ac":41.4},"geometry":{"type":"Polygon","coordinates":[[[-105.624844,43.583123],[-105.624895,43.58678],[-105.61978,43.586863],[-105.619744,43.583219],[-105.624844,43.583123]]]}},{"type":"Feature","properties":{"q":"NESW","ac":40.3},"geometry":{"type":"Polygon","coordinates":[[[-105.634593,43.608697],[-105.639603,43.608675],[-105.639538,43.612305],[-105.634534,43.612323],[-105.634593,43.608697]]]}},{"type":"Feature","properties":{"q":"10","ac":40.9},"geometry":{"type":"Polygon","coordinates":[[[-105.574028,43.580134],[-105.573998,43.583765],[-105.568913,43.583788],[-105.568948,43.580156],[-105.574028,43.580134]]]}},{"type":"Feature","properties":{"q":"SESW","ac":41.0},"geometry":{"type":"Polygon","coordinates":[[[-105.579031,43.620054],[-105.579085,43.623686],[-105.573992,43.623739],[-105.573952,43.620104],[-105.579031,43.620054]]]}},{"type":"Feature","properties":{"q":"12","ac":40.4},"geometry":{"type":"Polygon","coordinates":[[[-105.664656,43.583267],[-105.669725,43.583287],[-105.669765,43.586883],[-105.66471,43.586867],[-105.664656,43.583267]]]}},{"type":"Feature","properties":{"q":"14","ac":40.6},"geometry":{"type":"Polygon","coordinates":[[[-105.614451,43.605132],[-105.619534,43.605128],[-105.619509,43.608742],[-105.614445,43.608743],[-105.614451,43.605132]]]}},{"type":"Feature","properties":{"q":"8","ac":40.2},"geometry":{"type":"Polygon","coordinates":[[[-105.609396,43.612353],[-105.60941,43.615962],[-105.604386,43.615957],[-105.604352,43.612351],[-105.609396,43.612353]]]}},{"type":"Feature","properties":{"q":"8","ac":41.0},"geometry":{"type":"Polygon","coordinates":[[[-105.563829,43.583811],[-105.568913,43.583788],[-105.568879,43.58742],[-105.563791,43.587444],[-105.563829,43.583811]]]}},{"type":"Feature","properties":{"q":"8","ac":43.2},"geometry":{"type":"Polygon","coordinates":[[[-105.679835,43.615935],[-105.685239,43.615967],[-105.685227,43.619592],[-105.67985,43.619548],[-105.679835,43.615935]]]}},{"type":"Feature","properties":{"q":"3","ac":41.0},"geometry":{"type":"Polygon","coordinates":[[[-105.654608,43.630463],[-105.659687,43.630448],[-105.659557,43.634131],[-105.654564,43.634134],[-105.654608,43.630463]]]}},{"type":"Feature","properties":{"q":"14","ac":41.0},"geometry":{"type":"Polygon","coordinates":[[[-105.568874,43.620153],[-105.573952,43.620104],[-105.573992,43.623739],[-105.568899,43.623792],[-105.568874,43.620153]]]}},{"type":"Feature","properties":{"q":"5","ac":40.6},"geometry":{"type":"Polygon","coordinates":[[[-105.66455,43.634127],[-105.664765,43.630432],[-105.669703,43.630442],[-105.669548,43.634122],[-105.66455,43.634127]]]}},{"type":"Feature","properties":{"q":"SWSW","ac":40.4},"geometry":{"type":"Polygon","coordinates":[[[-105.639668,43.605046],[-105.644685,43.60502],[-105.644613,43.608653],[-105.639603,43.608675],[-105.639668,43.605046]]]}},{"type":"Feature","properties":{"q":"20","ac":40.4},"geometry":{"type":"Polygon","coordinates":[[[-105.669663,43.60505],[-105.669749,43.608666],[-105.664722,43.60865],[-105.664602,43.605037],[-105.669663,43.60505]]]}},{"type":"Feature","properties":{"q":"SWNE","ac":40.1},"geometry":{"type":"Polygon","coordinates":[[[-105.629479,43.615961],[-105.629531,43.61234],[-105.634534,43.612323],[-105.634476,43.615947],[-105.629479,43.615961]]]}},{"type":"Feature","properties":{"q":"8","ac":40.8},"geometry":{"type":"Polygon","coordinates":[[[-105.599204,43.605229],[-105.599239,43.608846],[-105.594159,43.608946],[-105.594123,43.605318],[-105.599204,43.605229]]]}},{"type":"Feature","properties":{"q":"15","ac":40.5},"geometry":{"type":"Polygon","coordinates":[[[-105.614428,43.619579],[-105.614452,43.623229],[-105.609448,43.62323],[-105.609424,43.619571],[-105.614428,43.619579]]]}},{"type":"Feature","properties":{"q":"3","ac":40.5},"geometry":{"type":"Polygon","coordinates":[[[-105.634705,43.60142],[-105.639707,43.601404],[-105.639668,43.605046],[-105.634651,43.605072],[-105.634705,43.60142]]]}},{"type":"Feature","properties":{"q":"14","ac":40.3},"geometry":{"type":"Polygon","coordinates":[[[-105.634451,43.623212],[-105.634418,43.619572],[-105.639408,43.619563],[-105.639448,43.623206],[-105.634451,43.623212]]]}},{"type":"Feature","properties":{"q":"SWNW","ac":40.2},"geometry":{"type":"Polygon","coordinates":[[[-105.644542,43.612287],[-105.64447,43.61592],[-105.639473,43.615934],[-105.639538,43.612305],[-105.644542,43.612287]]]}},{"type":"Feature","properties":{"q":"8","ac":39.8},"geometry":{"type":"Polygon","coordinates":[[[-105.644752,43.583275],[-105.649724,43.583273],[-105.649752,43.586879],[-105.644768,43.586882],[-105.644752,43.583275]]]}},{"type":"Feature","properties":{"q":"1","ac":39.9},"geometry":{"type":"Polygon","coordinates":[[[-105.649752,43.586879],[-105.649779,43.590485],[-105.644785,43.590488],[-105.644768,43.586882],[-105.649752,43.586879]]]}},{"type":"Feature","properties":{"q":"11","ac":41.0},"geometry":{"type":"Polygon","coordinates":[[[-105.659791,43.594113],[-105.659814,43.597752],[-105.654709,43.597753],[-105.654741,43.594117],[-105.659791,43.594113]]]}},{"type":"Feature","properties":{"q":"7","ac":40.5},"geometry":{"type":"Polygon","coordinates":[[[-105.614476,43.626878],[-105.614499,43.63053],[-105.609497,43.630549],[-105.609473,43.626889],[-105.614476,43.626878]]]}},{"type":"Feature","properties":{"q":"16","ac":40.2},"geometry":{"type":"Polygon","coordinates":[[[-105.629427,43.619582],[-105.629455,43.623218],[-105.624459,43.623224],[-105.624437,43.619591],[-105.629427,43.619582]]]}},{"type":"Feature","properties":{"q":"13","ac":40.2},"geometry":{"type":"Polygon","coordinates":[[[-105.634865,43.590462],[-105.639825,43.590475],[-105.639786,43.594118],[-105.634812,43.594115],[-105.634865,43.590462]]]}},{"type":"Feature","properties":{"q":"8","ac":40.9},"geometry":{"type":"Polygon","coordinates":[[[-105.604357,43.597928],[-105.609463,43.597892],[-105.609416,43.601514],[-105.604321,43.601534],[-105.604357,43.597928]]]}},{"type":"Feature","properties":{"q":"SENE","ac":40.1},"geometry":{"type":"Polygon","coordinates":[[[-105.624527,43.612357],[-105.629531,43.61234],[-105.629479,43.615961],[-105.624482,43.615974],[-105.624527,43.612357]]]}},{"type":"Feature","properties":{"q":"15","ac":41.0},"geometry":{"type":"Polygon","coordinates":[[[-105.563805,43.623844],[-105.563795,43.620202],[-105.568874,43.620153],[-105.568899,43.623792],[-105.563805,43.623844]]]}},{"type":"Feature","properties":{"q":"14","ac":40.4},"geometry":{"type":"Polygon","coordinates":[[[-105.614428,43.619579],[-105.619432,43.619585],[-105.619455,43.623226],[-105.614452,43.623229],[-105.614428,43.619579]]]}},{"type":"Feature","properties":{"q":"2","ac":40.7},"geometry":{"type":"Polygon","coordinates":[[[-105.594289,43.58723],[-105.594274,43.590848],[-105.589198,43.590912],[-105.589217,43.587289],[-105.594289,43.58723]]]}},{"type":"Feature","properties":{"q":"4","ac":41.2},"geometry":{"type":"Polygon","coordinates":[[[-105.65984,43.615886],[-105.664963,43.615874],[-105.665084,43.619487],[-105.659912,43.619503],[-105.65984,43.615886]]]}},{"type":"Feature","properties":{"q":"9","ac":41.2},"geometry":{"type":"Polygon","coordinates":[[[-105.644444,43.6232],[-105.64957,43.623178],[-105.649571,43.626819],[-105.644488,43.626846],[-105.644444,43.6232]]]}},{"type":"Feature","properties":{"q":"20","ac":40.5},"geometry":{"type":"Polygon","coordinates":[[[-105.669806,43.590478],[-105.66983,43.594126],[-105.664842,43.594109],[-105.664763,43.590466],[-105.669806,43.590478]]]}},{"type":"Feature","properties":{"q":"3","ac":40.6},"geometry":{"type":"Polygon","coordinates":[[[-105.57896,43.612829],[-105.578996,43.616442],[-105.573929,43.616481],[-105.573905,43.612859],[-105.57896,43.612829]]]}},{"type":"Feature","properties":{"q":"SESE","ac":41.1},"geometry":{"type":"Polygon","coordinates":[[[-105.589043,43.605406],[-105.589074,43.609047],[-105.583989,43.609147],[-105.583962,43.605495],[-105.589043,43.605406]]]}},{"type":"Feature","properties":{"q":"15","ac":40.7},"geometry":{"type":"Polygon","coordinates":[[[-105.594236,43.594465],[-105.589159,43.594536],[-105.589198,43.590912],[-105.594274,43.590848],[-105.594236,43.594465]]]}},{"type":"Feature","properties":{"q":"11","ac":40.2},"geometry":{"type":"Polygon","coordinates":[[[-105.639786,43.594118],[-105.64476,43.594121],[-105.644735,43.597754],[-105.639746,43.597761],[-105.639786,43.594118]]]}},{"type":"Feature","properties":{"q":"12","ac":41.0},"geometry":{"type":"Polygon","coordinates":[[[-105.584179,43.623633],[-105.584247,43.627261],[-105.579139,43.627317],[-105.579085,43.623686],[-105.584179,43.623633]]]}},{"type":"Feature","properties":{"q":"3","ac":40.2},"geometry":{"type":"Polygon","coordinates":[[[-105.614434,43.615967],[-105.619458,43.615971],[-105.619432,43.619585],[-105.614428,43.619579],[-105.614434,43.615967]]]}},{"type":"Feature","properties":{"q":"7","ac":40.4},"geometry":{"type":"Polygon","coordinates":[[[-105.629483,43.626854],[-105.634485,43.626852],[-105.634519,43.630493],[-105.629512,43.630493],[-105.629483,43.626854]]]}},{"type":"Feature","properties":{"q":"12","ac":41.5},"geometry":{"type":"Polygon","coordinates":[[[-105.665031,43.623112],[-105.664979,43.626738],[-105.659816,43.626765],[-105.659864,43.623134],[-105.665031,43.623112]]]}},{"type":"Feature","properties":{"q":"13","ac":40.1},"geometry":{"type":"Polygon","coordinates":[[[-105.669749,43.608666],[-105.669835,43.612282],[-105.664843,43.612262],[-105.664722,43.60865],[-105.669749,43.608666]]]}},{"type":"Feature","properties":{"q":"NESE","ac":41.1},"geometry":{"type":"Polygon","coordinates":[[[-105.589074,43.609047],[-105.589105,43.612687],[-105.584016,43.612799],[-105.583989,43.609147],[-105.589074,43.609047]]]}},{"type":"Feature","properties":{"q":"12","ac":40.6},"geometry":{"type":"Polygon","coordinates":[[[-105.604392,43.594323],[-105.604357,43.597928],[-105.599278,43.598006],[-105.599314,43.594394],[-105.604392,43.594323]]]}},{"type":"Feature","properties":{"q":"14","ac":41.1},"geometry":{"type":"Polygon","coordinates":[[[-105.599342,43.619673],[-105.599378,43.623332],[-105.594312,43.623432],[-105.594265,43.619784],[-105.599342,43.619673]]]}},{"type":"Feature","properties":{"q":"10","ac":40.7},"geometry":{"type":"Polygon","coordinates":[[[-105.674787,43.597795],[-105.67984,43.597817],[-105.679813,43.601447],[-105.674756,43.60143],[-105.674787,43.597795]]]}},{"type":"Feature","properties":{"q":"2","ac":40.4},"geometry":{"type":"Polygon","coordinates":[[[-105.649664,43.605058],[-105.649693,43.601406],[-105.654676,43.601425],[-105.654643,43.605096],[-105.649664,43.605058]]]}},{"type":"Feature","properties":{"q":"7","ac":40.5},"geometry":{"type":"Polygon","coordinates":[[[-105.634758,43.597768],[-105.634705,43.60142],[-105.629702,43.601436],[-105.62977,43.597774],[-105.634758,43.597768]]]}},{"type":"Feature","properties":{"q":"13","ac":40.7},"geometry":{"type":"Polygon","coordinates":[[[-105.619534,43.605128],[-105.624617,43.605124],[-105.624572,43.60874],[-105.619509,43.608742],[-105.619534,43.605128]]]}},{"type":"Feature","properties":{"q":"2","ac":40.8},"geometry":{"type":"Polygon","coordinates":[[[-105.573929,43.616481],[-105.573952,43.620104],[-105.568874,43.620153],[-105.568857,43.616521],[-105.573929,43.616481]]]}},{"type":"Feature","properties":{"q":"16","ac":43.7},"geometry":{"type":"Polygon","coordinates":[[[-105.685262,43.608715],[-105.685251,43.612341],[-105.679819,43.612321],[-105.679803,43.608699],[-105.685262,43.608715]]]}},{"type":"Feature","properties":{"q":"3","ac":41.3},"geometry":{"type":"Polygon","coordinates":[[[-105.619816,43.590507],[-105.614687,43.590577],[-105.614666,43.586946],[-105.61978,43.586863],[-105.619816,43.590507]]]}},{"type":"Feature","properties":{"q":"16","ac":43.8},"geometry":{"type":"Polygon","coordinates":[[[-105.679862,43.583327],[-105.679847,43.579707],[-105.68531,43.579718],[-105.685303,43.583345],[-105.679862,43.583327]]]}},{"type":"Feature","properties":{"q":"6","ac":40.6},"geometry":{"type":"Polygon","coordinates":[[[-105.594304,43.583612],[-105.599374,43.583559],[-105.599363,43.587171],[-105.594289,43.58723],[-105.594304,43.583612]]]}},{"type":"Feature","properties":{"q":"15","ac":41.0},"geometry":{"type":"Polygon","coordinates":[[[-105.594265,43.619784],[-105.594312,43.623432],[-105.589245,43.623532],[-105.589187,43.619894],[-105.594265,43.619784]]]}},{"type":"Feature","properties":{"q":"10","ac":40.9},"geometry":{"type":"Polygon","coordinates":[[[-105.573917,43.594662],[-105.573897,43.598296],[-105.568825,43.598326],[-105.568835,43.594689],[-105.573917,43.594662]]]}},{"type":"Feature","properties":{"q":"4","ac":41.2},"geometry":{"type":"Polygon","coordinates":[[[-105.659687,43.630448],[-105.664765,43.630432],[-105.66455,43.634127],[-105.659557,43.634131],[-105.659687,43.630448]]]}},{"type":"Feature","properties":{"q":"13","ac":41.6},"geometry":{"type":"Polygon","coordinates":[[[-105.619816,43.590507],[-105.624946,43.590437],[-105.624864,43.594109],[-105.619746,43.594162],[-105.619816,43.590507]]]}},{"type":"Feature","properties":{"q":"1","ac":40.9},"geometry":{"type":"Polygon","coordinates":[[[-105.563784,43.61656],[-105.568857,43.616521],[-105.568874,43.620153],[-105.563795,43.620202],[-105.563784,43.61656]]]}},{"type":"Feature","properties":{"q":"16","ac":40.2},"geometry":{"type":"Polygon","coordinates":[[[-105.649779,43.590485],[-105.64975,43.594119],[-105.64476,43.594121],[-105.644785,43.590488],[-105.649779,43.590485]]]}},{"type":"Feature","properties":{"q":"12","ac":40.3},"geometry":{"type":"Polygon","coordinates":[[[-105.624459,43.623224],[-105.624482,43.626857],[-105.619479,43.626868],[-105.619455,43.623226],[-105.624459,43.623224]]]}},{"type":"Feature","properties":{"q":"2","ac":40.6},"geometry":{"type":"Polygon","coordinates":[[[-105.629702,43.601436],[-105.634705,43.60142],[-105.634651,43.605072],[-105.629634,43.605098],[-105.629702,43.601436]]]}},{"type":"Feature","properties":{"q":"13","ac":40.5},"geometry":{"type":"Polygon","coordinates":[[[-105.659768,43.590474],[-105.664763,43.590466],[-105.664842,43.594109],[-105.659791,43.594113],[-105.659768,43.590474]]]}},{"type":"Feature","properties":{"q":"6","ac":39.8},"geometry":{"type":"Polygon","coordinates":[[[-105.654696,43.583272],[-105.659676,43.58327],[-105.659722,43.586872],[-105.654735,43.586876],[-105.654696,43.583272]]]}},{"type":"Feature","properties":{"q":"11","ac":40.6},"geometry":{"type":"Polygon","coordinates":[[[-105.599386,43.579947],[-105.599374,43.583559],[-105.594304,43.583612],[-105.59432,43.579994],[-105.599386,43.579947]]]}},{"type":"Feature","properties":{"q":"15","ac":39.9},"geometry":{"type":"Polygon","coordinates":[[[-105.649664,43.605058],[-105.654643,43.605096],[-105.654667,43.608685],[-105.64964,43.60867],[-105.649664,43.605058]]]}},{"type":"Feature","properties":{"q":"9","ac":43.5},"geometry":{"type":"Polygon","coordinates":[[[-105.679862,43.583327],[-105.685303,43.583345],[-105.685296,43.586968],[-105.679877,43.586933],[-105.679862,43.583327]]]}},{"type":"Feature","properties":{"q":"18","ac":40.5},"geometry":{"type":"Polygon","coordinates":[[[-105.679786,43.605076],[-105.679803,43.608699],[-105.674776,43.608683],[-105.674725,43.605064],[-105.679786,43.605076]]]}},{"type":"Feature","properties":{"q":"2","ac":40.7},"geometry":{"type":"Polygon","coordinates":[[[-105.649571,43.630478],[-105.654608,43.630463],[-105.654564,43.634134],[-105.649571,43.634136],[-105.649571,43.630478]]]}},{"type":"Feature","properties":{"q":"3","ac":41.1},"geometry":{"type":"Polygon","coordinates":[[[-105.619605,43.601473],[-105.619534,43.605128],[-105.614451,43.605132],[-105.61451,43.601493],[-105.619605,43.601473]]]}},{"type":"Feature","properties":{"q":"7","ac":41.2},"geometry":{"type":"Polygon","coordinates":[[[-105.568924,43.62743],[-105.574032,43.627374],[-105.574071,43.631009],[-105.568949,43.631069],[-105.568924,43.62743]]]}},{"type":"Feature","properties":{"q":"16","ac":43.7},"geometry":{"type":"Polygon","coordinates":[[[-105.685281,43.59784],[-105.67984,43.597817],[-105.679866,43.594178],[-105.685285,43.594215],[-105.685281,43.59784]]]}},{"type":"Feature","properties":{"q":"13","ac":40.8},"geometry":{"type":"Polygon","coordinates":[[[-105.563763,43.609276],[-105.563753,43.605634],[-105.568805,43.605599],[-105.568822,43.609244],[-105.563763,43.609276]]]}},{"type":"Feature","properties":{"q":"5","ac":39.8},"geometry":{"type":"Polygon","coordinates":[[[-105.659676,43.58327],[-105.664656,43.583267],[-105.66471,43.586867],[-105.659722,43.586872],[-105.659676,43.58327]]]}},{"type":"Feature","properties":{"q":"10","ac":40.3},"geometry":{"type":"Polygon","coordinates":[[[-105.654667,43.608685],[-105.654692,43.612275],[-105.649617,43.612281],[-105.64964,43.60867],[-105.654667,43.608685]]]}},{"type":"Feature","properties":{"q":"1","ac":40.6},"geometry":{"type":"Polygon","coordinates":[[[-105.644533,43.630492],[-105.649571,43.630478],[-105.649571,43.634136],[-105.644578,43.634137],[-105.644533,43.630492]]]}},{"type":"Feature","properties":{"q":"4","ac":40.6},"geometry":{"type":"Polygon","coordinates":[[[-105.599363,43.587171],[-105.604436,43.587111],[-105.604428,43.590717],[-105.599351,43.590783],[-105.599363,43.587171]]]}},{"type":"Feature","properties":{"q":"9","ac":40.8},"geometry":{"type":"Polygon","coordinates":[[[-105.58912,43.598159],[-105.584042,43.598236],[-105.584082,43.594606],[-105.589159,43.594536],[-105.58912,43.598159]]]}},{"type":"Feature","properties":{"q":"2","ac":41.4},"geometry":{"type":"Polygon","coordinates":[[[-105.654741,43.61952],[-105.64957,43.619537],[-105.649593,43.615909],[-105.654717,43.615898],[-105.654741,43.61952]]]}},{"type":"Feature","properties":{"q":"SWSE","ac":41.0},"geometry":{"type":"Polygon","coordinates":[[[-105.594123,43.605318],[-105.594159,43.608946],[-105.589074,43.609047],[-105.589043,43.605406],[-105.594123,43.605318]]]}},{"type":"Feature","properties":{"q":"16","ac":40.6},"geometry":{"type":"Polygon","coordinates":[[[-105.609424,43.619571],[-105.609448,43.62323],[-105.604444,43.623231],[-105.604419,43.619563],[-105.609424,43.619571]]]}},{"type":"Feature","properties":{"q":"1","ac":41.4},"geometry":{"type":"Polygon","coordinates":[[[-105.568949,43.631069],[-105.568974,43.634707],[-105.563837,43.63477],[-105.563826,43.631128],[-105.568949,43.631069]]]}},{"type":"Feature","properties":{"q":"9","ac":40.9},"geometry":{"type":"Polygon","coordinates":[[[-105.583989,43.609147],[-105.584016,43.612799],[-105.57896,43.612829],[-105.578935,43.60918],[-105.583989,43.609147]]]}},{"type":"Feature","properties":{"q":"3","ac":40.7},"geometry":{"type":"Polygon","coordinates":[[[-105.654676,43.601425],[-105.659718,43.60141],[-105.659622,43.605067],[-105.654643,43.605096],[-105.654676,43.601425]]]}},{"type":"Feature","properties":{"q":"3","ac":39.9},"geometry":{"type":"Polygon","coordinates":[[[-105.639798,43.586856],[-105.639825,43.590475],[-105.634865,43.590462],[-105.634827,43.58683],[-105.639798,43.586856]]]}},{"type":"Feature","properties":{"q":"16","ac":43.8},"geometry":{"type":"Polygon","coordinates":[[[-105.679788,43.623178],[-105.685216,43.623211],[-105.685204,43.62683],[-105.679726,43.626807],[-105.679788,43.623178]]]}},{"type":"Feature","properties":{"q":"16","ac":40.8},"geometry":{"type":"Polygon","coordinates":[[[-105.589198,43.590912],[-105.589159,43.594536],[-105.584082,43.594606],[-105.584122,43.590977],[-105.589198,43.590912]]]}},{"type":"Feature","properties":{"q":"7","ac":40.3},"geometry":{"type":"Polygon","coordinates":[[[-105.609396,43.612353],[-105.61444,43.612355],[-105.614434,43.615967],[-105.60941,43.615962],[-105.609396,43.612353]]]}},{"type":"Feature","properties":{"q":"6","ac":40.6},"geometry":{"type":"Polygon","coordinates":[[[-105.589015,43.645589],[-105.594071,43.645572],[-105.593948,43.649199],[-105.588899,43.649221],[-105.589015,43.645589]]]}},{"type":"Feature","properties":{"q":"15","ac":42.4},"geometry":{"type":"Polygon","coordinates":[[[-105.624528,43.637891],[-105.624528,43.641653],[-105.619407,43.641683],[-105.619466,43.63792],[-105.624528,43.637891]]]}},{"type":"Feature","properties":{"q":"8","ac":40.7},"geometry":{"type":"Polygon","coordinates":[[[-105.578902,43.645628],[-105.583959,43.645606],[-105.58385,43.649244],[-105.578803,43.649266],[-105.578902,43.645628]]]}},{"type":"Feature","properties":{"q":"15","ac":41.0},"geometry":{"type":"Polygon","coordinates":[[[-105.664509,43.64148],[-105.66954,43.641464],[-105.669533,43.645129],[-105.664488,43.645156],[-105.664509,43.64148]]]}},{"type":"Feature","properties":{"q":"12","ac":41.8},"geometry":{"type":"Polygon","coordinates":[[[-105.604246,43.64177],[-105.604383,43.638003],[-105.609394,43.637975],[-105.609266,43.641741],[-105.604246,43.64177]]]}},{"type":"Feature","properties":{"q":"18","ac":41.1},"geometry":{"type":"Polygon","coordinates":[[[-105.679639,43.641431],[-105.674572,43.641447],[-105.674557,43.637782],[-105.679617,43.637774],[-105.679639,43.641431]]]}},{"type":"Feature","properties":{"q":"9","ac":40.9},"geometry":{"type":"Polygon","coordinates":[[[-105.659502,43.641504],[-105.664509,43.64148],[-105.664488,43.645156],[-105.659474,43.64519],[-105.659502,43.641504]]]}},{"type":"Feature","properties":{"q":"6","ac":40.6},"geometry":{"type":"Polygon","coordinates":[[[-105.649427,43.645259],[-105.65446,43.645223],[-105.654427,43.648859],[-105.64938,43.648893],[-105.649427,43.645259]]]}},{"type":"Feature","properties":{"q":"4","ac":40.2},"geometry":{"type":"Polygon","coordinates":[[[-105.619458,43.615971],[-105.624482,43.615974],[-105.624437,43.619591],[-105.619432,43.619585],[-105.619458,43.615971]]]}},{"type":"Feature","properties":{"q":"13","ac":41.2},"geometry":{"type":"Polygon","coordinates":[[[-105.599378,43.623332],[-105.599342,43.619673],[-105.604419,43.619563],[-105.604444,43.623231],[-105.599378,43.623332]]]}},{"type":"Feature","properties":{"q":"8","ac":40.8},"geometry":{"type":"Polygon","coordinates":[[[-105.589236,43.583665],[-105.589217,43.587289],[-105.584144,43.587347],[-105.584167,43.583718],[-105.589236,43.583665]]]}},{"type":"Feature","properties":{"q":"2","ac":40.6},"geometry":{"type":"Polygon","coordinates":[[[-105.589361,43.630803],[-105.594405,43.630716],[-105.594452,43.634353],[-105.589419,43.634435],[-105.589361,43.630803]]]}},{"type":"Feature","properties":{"q":"11","ac":40.3},"geometry":{"type":"Polygon","coordinates":[[[-105.669725,43.583287],[-105.674794,43.583307],[-105.674821,43.586899],[-105.669765,43.586883],[-105.669725,43.583287]]]}},{"type":"Feature","properties":{"q":"14","ac":41.0},"geometry":{"type":"Polygon","coordinates":[[[-105.573937,43.591027],[-105.579029,43.591002],[-105.578999,43.594634],[-105.573917,43.594662],[-105.573937,43.591027]]]}},{"type":"Feature","properties":{"q":"15","ac":40.2},"geometry":{"type":"Polygon","coordinates":[[[-105.649779,43.590485],[-105.654774,43.590481],[-105.654741,43.594117],[-105.64975,43.594119],[-105.649779,43.590485]]]}},{"type":"Feature","properties":{"q":"14","ac":41.6},"geometry":{"type":"Polygon","coordinates":[[[-105.654697,43.623156],[-105.654741,43.61952],[-105.659912,43.619503],[-105.659864,43.623134],[-105.654697,43.623156]]]}},{"type":"Feature","properties":{"q":"5","ac":40.9},"geometry":{"type":"Polygon","coordinates":[[[-105.659767,43.612268],[-105.664843,43.612262],[-105.664963,43.615874],[-105.65984,43.615886],[-105.659767,43.612268]]]}},{"type":"Feature","properties":{"q":"4","ac":40.7},"geometry":{"type":"Polygon","coordinates":[[[-105.568839,43.612889],[-105.573905,43.612859],[-105.573929,43.616481],[-105.568857,43.616521],[-105.568839,43.612889]]]}},{"type":"Feature","properties":{"q":"10","ac":40.2},"geometry":{"type":"Polygon","coordinates":[[[-105.654741,43.594117],[-105.654709,43.597753],[-105.649722,43.597754],[-105.64975,43.594119],[-105.654741,43.594117]]]}},{"type":"Feature","properties":{"q":"5","ac":41.8},"geometry":{"type":"Polygon","coordinates":[[[-105.664979,43.626738],[-105.664765,43.630432],[-105.659687,43.630448],[-105.659816,43.626765],[-105.664979,43.626738]]]}},{"type":"Feature","properties":{"q":"4","ac":40.5},"geometry":{"type":"Polygon","coordinates":[[[-105.639526,43.630492],[-105.644533,43.630492],[-105.644578,43.634137],[-105.639565,43.634136],[-105.639526,43.630492]]]}},{"type":"Feature","properties":{"q":"NWNW","ac":40.2},"geometry":{"type":"Polygon","coordinates":[[[-105.639408,43.619563],[-105.639473,43.615934],[-105.64447,43.61592],[-105.644399,43.619554],[-105.639408,43.619563]]]}},{"type":"Feature","properties":{"q":"1","ac":40.5},"geometry":{"type":"Polygon","coordinates":[[[-105.584316,43.630889],[-105.589361,43.630803],[-105.589419,43.634435],[-105.584385,43.634517],[-105.584316,43.630889]]]}},{"type":"Feature","properties":{"q":"15","ac":40.0},"geometry":{"type":"Polygon","coordinates":[[[-105.674833,43.623145],[-105.679788,43.623178],[-105.679726,43.626807],[-105.674738,43.626784],[-105.674833,43.623145]]]}},{"type":"Feature","properties":{"q":"NESW","ac":40.3},"geometry":{"type":"Polygon","coordinates":[[[-105.634812,43.594115],[-105.639786,43.594118],[-105.639746,43.597761],[-105.634758,43.597768],[-105.634812,43.594115]]]}},{"type":"Feature","properties":{"q":"8","ac":40.6},"geometry":{"type":"Polygon","coordinates":[[[-105.624782,43.59778],[-105.62977,43.597774],[-105.629702,43.601436],[-105.624699,43.601452],[-105.624782,43.59778]]]}},{"type":"Feature","properties":{"q":"12","ac":40.5},"geometry":{"type":"Polygon","coordinates":[[[-105.619509,43.608742],[-105.624572,43.60874],[-105.624527,43.612357],[-105.619483,43.612356],[-105.619509,43.608742]]]}},{"type":"Feature","properties":{"q":"5","ac":40.9},"geometry":{"type":"Polygon","coordinates":[[[-105.568839,43.612889],[-105.568857,43.616521],[-105.563784,43.61656],[-105.563774,43.612918],[-105.568839,43.612889]]]}},{"type":"Feature","properties":{"q":"5","ac":41.4},"geometry":{"type":"Polygon","coordinates":[[[-105.619675,43.597818],[-105.624782,43.59778],[-105.624699,43.601452],[-105.619605,43.601473],[-105.619675,43.597818]]]}},{"type":"Feature","properties":{"q":"1","ac":40.1},"geometry":{"type":"Polygon","coordinates":[[[-105.604386,43.615957],[-105.60941,43.615962],[-105.609424,43.619571],[-105.604419,43.619563],[-105.604386,43.615957]]]}},{"type":"Feature","properties":{"q":"17","ac":44.0},"geometry":{"type":"Polygon","coordinates":[[[-105.685262,43.608715],[-105.679803,43.608699],[-105.679786,43.605076],[-105.685274,43.605089],[-105.685262,43.608715]]]}},{"type":"Feature","properties":{"q":"7","ac":40.5},"geometry":{"type":"Polygon","coordinates":[[[-105.654709,43.597753],[-105.654676,43.601425],[-105.649693,43.601406],[-105.649722,43.597754],[-105.654709,43.597753]]]}},{"type":"Feature","properties":{"q":"12","ac":41.5},"geometry":{"type":"Polygon","coordinates":[[[-105.624864,43.594109],[-105.624782,43.59778],[-105.619675,43.597818],[-105.619746,43.594162],[-105.624864,43.594109]]]}},{"type":"Feature","properties":{"q":"1","ac":40.4},"geometry":{"type":"Polygon","coordinates":[[[-105.629512,43.630493],[-105.62954,43.634132],[-105.624527,43.63413],[-105.624504,43.630493],[-105.629512,43.630493]]]}},{"type":"Feature","properties":{"q":"17","ac":43.5},"geometry":{"type":"Polygon","coordinates":[[[-105.679892,43.590539],[-105.685288,43.59059],[-105.685285,43.594215],[-105.679866,43.594178],[-105.679892,43.590539]]]}},{"type":"Feature","properties":{"q":"8","ac":40.9},"geometry":{"type":"Polygon","coordinates":[[[-105.644488,43.626846],[-105.649571,43.626819],[-105.649571,43.630478],[-105.644533,43.630492],[-105.644488,43.626846]]]}},{"type":"Feature","properties":{"q":"7","ac":40.7},"geometry":{"type":"Polygon","coordinates":[[[-105.594304,43.583612],[-105.594289,43.58723],[-105.589217,43.587289],[-105.589236,43.583665],[-105.594304,43.583612]]]}},{"type":"Feature","properties":{"q":"16","ac":40.8},"geometry":{"type":"Polygon","coordinates":[[[-105.58411,43.620005],[-105.589187,43.619894],[-105.589245,43.623532],[-105.584179,43.623633],[-105.58411,43.620005]]]}},{"type":"Feature","properties":{"q":"9","ac":40.8},"geometry":{"type":"Polygon","coordinates":[[[-105.609538,43.579792],[-105.609544,43.58341],[-105.604444,43.583506],[-105.604453,43.5799],[-105.609538,43.579792]]]}},{"type":"Feature","properties":{"q":"7","ac":40.7},"geometry":{"type":"Polygon","coordinates":[[[-105.594405,43.630716],[-105.589361,43.630803],[-105.589303,43.627171],[-105.594359,43.62708],[-105.594405,43.630716]]]}},{"type":"Feature","properties":{"q":"19","ac":39.6},"geometry":{"type":"Polygon","coordinates":[[[-105.670005,43.619496],[-105.674927,43.619506],[-105.674833,43.623145],[-105.669932,43.623129],[-105.670005,43.619496]]]}},{"type":"Feature","properties":{"q":"8","ac":40.2},"geometry":{"type":"Polygon","coordinates":[[[-105.629817,43.583161],[-105.629861,43.586805],[-105.624895,43.58678],[-105.624844,43.583123],[-105.629817,43.583161]]]}},{"type":"Feature","properties":{"q":"13","ac":39.3},"geometry":{"type":"Polygon","coordinates":[[[-105.665031,43.623112],[-105.669932,43.623129],[-105.669858,43.626761],[-105.664979,43.626738],[-105.665031,43.623112]]]}},{"type":"Feature","properties":{"q":"10","ac":40.7},"geometry":{"type":"Polygon","coordinates":[[[-105.589236,43.583665],[-105.589255,43.580042],[-105.59432,43.579994],[-105.594304,43.583612],[-105.589236,43.583665]]]}},{"type":"Feature","properties":{"q":"8","ac":44.9},"geometry":{"type":"Polygon","coordinates":[[[-105.679663,43.630462],[-105.685194,43.630472],[-105.685186,43.634113],[-105.679603,43.634117],[-105.679663,43.630462]]]}},{"type":"Feature","properties":{"q":"4","ac":41.3},"geometry":{"type":"Polygon","coordinates":[[[-105.579194,43.630949],[-105.584316,43.630889],[-105.584385,43.634517],[-105.579248,43.63458],[-105.579194,43.630949]]]}},{"type":"Feature","properties":{"q":"5","ac":41.1},"geometry":{"type":"Polygon","coordinates":[[[-105.659718,43.60141],[-105.659814,43.597752],[-105.66492,43.597751],[-105.664761,43.601394],[-105.659718,43.60141]]]}},{"type":"Feature","properties":{"q":"4","ac":40.7},"geometry":{"type":"Polygon","coordinates":[[[-105.584002,43.601866],[-105.583962,43.605495],[-105.578909,43.60553],[-105.578939,43.601898],[-105.584002,43.601866]]]}},{"type":"Feature","properties":{"q":"16","ac":41.6},"geometry":{"type":"Polygon","coordinates":[[[-105.64957,43.623178],[-105.644444,43.6232],[-105.644399,43.619554],[-105.64957,43.619537],[-105.64957,43.623178]]]}},{"type":"Feature","properties":{"q":"3","ac":41.3},"geometry":{"type":"Polygon","coordinates":[[[-105.654717,43.615898],[-105.65984,43.615886],[-105.659912,43.619503],[-105.654741,43.61952],[-105.654717,43.615898]]]}},{"type":"Feature","properties":{"q":"6","ac":40.8},"geometry":{"type":"Polygon","coordinates":[[[-105.578969,43.598266],[-105.578939,43.601898],[-105.573877,43.60193],[-105.573897,43.598296],[-105.578969,43.598266]]]}},{"type":"Feature","properties":{"q":"15","ac":40.8},"geometry":{"type":"Polygon","coordinates":[[[-105.674818,43.594143],[-105.679866,43.594178],[-105.67984,43.597817],[-105.674787,43.597795],[-105.674818,43.594143]]]}},{"type":"Feature","properties":{"q":"15","ac":40.7},"geometry":{"type":"Polygon","coordinates":[[[-105.674766,43.579694],[-105.679847,43.579707],[-105.679862,43.583327],[-105.674794,43.583307],[-105.674766,43.579694]]]}},{"type":"Feature","properties":{"q":"NWNW","ac":40.6},"geometry":{"type":"Polygon","coordinates":[[[-105.584063,43.616402],[-105.58411,43.620005],[-105.579031,43.620054],[-105.578996,43.616442],[-105.584063,43.616402]]]}},{"type":"Feature","properties":{"q":"13","ac":40.5},"geometry":{"type":"Polygon","coordinates":[[[-105.669684,43.579681],[-105.669725,43.583287],[-105.664656,43.583267],[-105.664603,43.579668],[-105.669684,43.579681]]]}},{"type":"Feature","properties":{"q":"10","ac":40.4},"geometry":{"type":"Polygon","coordinates":[[[-105.609382,43.608744],[-105.614445,43.608743],[-105.61444,43.612355],[-105.609396,43.612353],[-105.609382,43.608744]]]}},{"type":"Feature","properties":{"q":"11","ac":41.1},"geometry":{"type":"Polygon","coordinates":[[[-105.579085,43.623686],[-105.579139,43.627317],[-105.574032,43.627374],[-105.573992,43.623739],[-105.579085,43.623686]]]}},{"type":"Feature","properties":{"q":"3","ac":40.4},"geometry":{"type":"Polygon","coordinates":[[[-105.639526,43.630492],[-105.639565,43.634136],[-105.634552,43.634134],[-105.634519,43.630493],[-105.639526,43.630492]]]}},{"type":"Feature","properties":{"q":"5","ac":40.8},"geometry":{"type":"Polygon","coordinates":[[[-105.584042,43.598236],[-105.584002,43.601866],[-105.578939,43.601898],[-105.578969,43.598266],[-105.584042,43.598236]]]}},{"type":"Feature","properties":{"q":"6","ac":40.7},"geometry":{"type":"Polygon","coordinates":[[[-105.599278,43.598006],[-105.599241,43.601617],[-105.594161,43.6017],[-105.594199,43.598083],[-105.599278,43.598006]]]}},{"type":"Feature","properties":{"q":"9","ac":40.9},"geometry":{"type":"Polygon","coordinates":[[[-105.568913,43.583788],[-105.563829,43.583811],[-105.563867,43.580178],[-105.568948,43.580156],[-105.568913,43.583788]]]}},{"type":"Feature","properties":{"q":"12","ac":40.4},"geometry":{"type":"Polygon","coordinates":[[[-105.659695,43.608668],[-105.664722,43.60865],[-105.664843,43.612262],[-105.659767,43.612268],[-105.659695,43.608668]]]}},{"type":"Feature","properties":{"q":"11","ac":40.0},"geometry":{"type":"Polygon","coordinates":[[[-105.674787,43.597795],[-105.674756,43.60143],[-105.669758,43.601412],[-105.669854,43.597774],[-105.674787,43.597795]]]}},{"type":"Feature","properties":{"q":"12","ac":40.1},"geometry":{"type":"Polygon","coordinates":[[[-105.66492,43.597751],[-105.669854,43.597774],[-105.669758,43.601412],[-105.664761,43.601394],[-105.66492,43.597751]]]}},{"type":"Feature","properties":{"q":"6","ac":40.2},"geometry":{"type":"Polygon","coordinates":[[[-105.669765,43.586883],[-105.674821,43.586899],[-105.674849,43.59049],[-105.669806,43.590478],[-105.669765,43.586883]]]}},{"type":"Feature","properties":{"q":"5","ac":40.4},"geometry":{"type":"Polygon","coordinates":[[[-105.624482,43.626857],[-105.624504,43.630493],[-105.619502,43.630512],[-105.619479,43.626868],[-105.624482,43.626857]]]}},{"type":"Feature","properties":{"q":"1","ac":40.8},"geometry":{"type":"Polygon","coordinates":[[[-105.589043,43.605406],[-105.583962,43.605495],[-105.584002,43.601866],[-105.589081,43.601783],[-105.589043,43.605406]]]}},{"type":"Feature","properties":{"q":"4","ac":40.6},"geometry":{"type":"Polygon","coordinates":[[[-105.604321,43.601534],[-105.604285,43.60514],[-105.599204,43.605229],[-105.599241,43.601617],[-105.604321,43.601534]]]}},{"type":"Feature","properties":{"q":"6","ac":41.2},"geometry":{"type":"Polygon","coordinates":[[[-105.659718,43.60141],[-105.654676,43.601425],[-105.654709,43.597753],[-105.659814,43.597752],[-105.659718,43.60141]]]}},{"type":"Feature","properties":{"q":"11","ac":40.9},"geometry":{"type":"Polygon","coordinates":[[[-105.573998,43.583765],[-105.574028,43.580134],[-105.579109,43.580111],[-105.579082,43.583742],[-105.573998,43.583765]]]}},{"type":"Feature","properties":{"q":"2","ac":41.3},"geometry":{"type":"Polygon","coordinates":[[[-105.574071,43.631009],[-105.574111,43.634643],[-105.568974,43.634707],[-105.568949,43.631069],[-105.574071,43.631009]]]}},{"type":"Feature","properties":{"q":"4","ac":40.9},"geometry":{"type":"Polygon","coordinates":[[[-105.604495,43.630567],[-105.60452,43.634235],[-105.599486,43.634294],[-105.59945,43.630642],[-105.604495,43.630567]]]}},{"type":"Feature","properties":{"q":"12","ac":40.6},"geometry":{"type":"Polygon","coordinates":[[[-105.604453,43.5799],[-105.604444,43.583506],[-105.599374,43.583559],[-105.599386,43.579947],[-105.604453,43.5799]]]}},{"type":"Feature","properties":{"q":"3","ac":41.0},"geometry":{"type":"Polygon","coordinates":[[[-105.573968,43.587396],[-105.579056,43.587372],[-105.579029,43.591002],[-105.573937,43.591027],[-105.573968,43.587396]]]}},{"type":"Feature","properties":{"q":"5","ac":40.6},"geometry":{"type":"Polygon","coordinates":[[[-105.604357,43.597928],[-105.604321,43.601534],[-105.599241,43.601617],[-105.599278,43.598006],[-105.604357,43.597928]]]}},{"type":"Feature","properties":{"q":"9","ac":44.5},"geometry":{"type":"Polygon","coordinates":[[[-105.685204,43.62683],[-105.685194,43.630472],[-105.679663,43.630462],[-105.679726,43.626807],[-105.685204,43.62683]]]}},{"type":"Feature","properties":{"q":"2","ac":41.2},"geometry":{"type":"Polygon","coordinates":[[[-105.614666,43.586946],[-105.614687,43.590577],[-105.609557,43.590647],[-105.609551,43.587029],[-105.614666,43.586946]]]}},{"type":"Feature","properties":{"q":"2","ac":40.9},"geometry":{"type":"Polygon","coordinates":[[[-105.609416,43.601514],[-105.61451,43.601493],[-105.614451,43.605132],[-105.609368,43.605136],[-105.609416,43.601514]]]}},{"type":"Feature","properties":{"q":"9","ac":40.5},"geometry":{"type":"Polygon","coordinates":[[[-105.624864,43.594109],[-105.629838,43.594112],[-105.62977,43.597774],[-105.624782,43.59778],[-105.624864,43.594109]]]}},{"type":"Feature","properties":{"q":"5","ac":40.8},"geometry":{"type":"Polygon","coordinates":[[[-105.599239,43.608846],[-105.599273,43.612463],[-105.594194,43.612575],[-105.594159,43.608946],[-105.599239,43.608846]]]}},{"type":"Feature","properties":{"q":"10","ac":39.7},"geometry":{"type":"Polygon","coordinates":[[[-105.649688,43.579669],[-105.654656,43.579668],[-105.654696,43.583272],[-105.649724,43.583273],[-105.649688,43.579669]]]}},{"type":"Feature","properties":{"q":"5","ac":40.3},"geometry":{"type":"Polygon","coordinates":[[[-105.639707,43.601404],[-105.639746,43.597761],[-105.644735,43.597754],[-105.64471,43.601387],[-105.639707,43.601404]]]}},{"type":"Feature","properties":{"q":"13","ac":41.6},"geometry":{"type":"Polygon","coordinates":[[[-105.665084,43.619487],[-105.665031,43.623112],[-105.659864,43.623134],[-105.659912,43.619503],[-105.665084,43.619487]]]}},{"type":"Feature","properties":{"q":"8","ac":40.9},"geometry":{"type":"Polygon","coordinates":[[[-105.578935,43.60918],[-105.57896,43.612829],[-105.573905,43.612859],[-105.573881,43.609212],[-105.578935,43.60918]]]}},{"type":"Feature","properties":{"q":"SWSE","ac":40.3},"geometry":{"type":"Polygon","coordinates":[[[-105.629634,43.605098],[-105.634651,43.605072],[-105.634593,43.608697],[-105.629582,43.608719],[-105.629634,43.605098]]]}},{"type":"Feature","properties":{"q":"12","ac":40.4},"geometry":{"type":"Polygon","coordinates":[[[-105.639448,43.623206],[-105.644444,43.6232],[-105.644488,43.626846],[-105.639487,43.626849],[-105.639448,43.623206]]]}},{"type":"Feature","properties":{"q":"7","ac":40.8},"geometry":{"type":"Polygon","coordinates":[[[-105.573897,43.598296],[-105.573877,43.60193],[-105.568815,43.601963],[-105.568825,43.598326],[-105.573897,43.598296]]]}},{"type":"Feature","properties":{"q":"NWSE","ac":41.0},"geometry":{"type":"Polygon","coordinates":[[[-105.594159,43.608946],[-105.594194,43.612575],[-105.589105,43.612687],[-105.589074,43.609047],[-105.594159,43.608946]]]}},{"type":"Feature","properties":{"q":"4","ac":40.4},"geometry":{"type":"Polygon","coordinates":[[[-105.639707,43.601404],[-105.64471,43.601387],[-105.644685,43.60502],[-105.639668,43.605046],[-105.639707,43.601404]]]}},{"type":"Feature","properties":{"q":"6","ac":41.2},"geometry":{"type":"Polygon","coordinates":[[[-105.619744,43.583219],[-105.61978,43.586863],[-105.614666,43.586946],[-105.614644,43.583315],[-105.619744,43.583219]]]}},{"type":"Feature","properties":{"q":"1","ac":40.6},"geometry":{"type":"Polygon","coordinates":[[[-105.604495,43.630567],[-105.609497,43.630549],[-105.609521,43.634209],[-105.60452,43.634235],[-105.604495,43.630567]]]}},{"type":"Feature","properties":{"q":"11","ac":40.4},"geometry":{"type":"Polygon","coordinates":[[[-105.619479,43.626868],[-105.614476,43.626878],[-105.614452,43.623229],[-105.619455,43.623226],[-105.619479,43.626868]]]}},{"type":"Feature","properties":{"q":"1","ac":40.8},"geometry":{"type":"Polygon","coordinates":[[[-105.568815,43.601963],[-105.568805,43.605599],[-105.563753,43.605634],[-105.563753,43.601995],[-105.568815,43.601963]]]}},{"type":"Feature","properties":{"q":"SWNW","ac":40.5},"geometry":{"type":"Polygon","coordinates":[[[-105.584016,43.612799],[-105.584063,43.616402],[-105.578996,43.616442],[-105.57896,43.612829],[-105.584016,43.612799]]]}},{"type":"Feature","properties":{"q":"9","ac":40.7},"geometry":{"type":"Polygon","coordinates":[[[-105.589255,43.580042],[-105.589236,43.583665],[-105.584167,43.583718],[-105.584189,43.580089],[-105.589255,43.580042]]]}},{"type":"Feature","properties":{"q":"11","ac":39.8},"geometry":{"type":"Polygon","coordinates":[[[-105.654656,43.579668],[-105.65963,43.579668],[-105.659676,43.58327],[-105.654696,43.583272],[-105.654656,43.579668]]]}},{"type":"Feature","properties":{"q":"7","ac":41.1},"geometry":{"type":"Polygon","coordinates":[[[-105.649571,43.626819],[-105.654653,43.626793],[-105.654608,43.630463],[-105.649571,43.630478],[-105.649571,43.626819]]]}},{"type":"Feature","properties":{"q":"5","ac":41.0},"geometry":{"type":"Polygon","coordinates":[[[-105.604495,43.630567],[-105.59945,43.630642],[-105.599414,43.62699],[-105.604469,43.626899],[-105.604495,43.630567]]]}},{"type":"Feature","properties":{"q":"7","ac":40.9},"geometry":{"type":"Polygon","coordinates":[[[-105.573881,43.609212],[-105.573905,43.612859],[-105.568839,43.612889],[-105.568822,43.609244],[-105.573881,43.609212]]]}},{"type":"Feature","properties":{"q":"14","ac":39.9},"geometry":{"type":"Polygon","coordinates":[[[-105.659622,43.605067],[-105.659695,43.608668],[-105.654667,43.608685],[-105.654643,43.605096],[-105.659622,43.605067]]]}},{"type":"Feature","properties":{"q":"3","ac":40.4},"geometry":{"type":"Polygon","coordinates":[[[-105.614499,43.63053],[-105.619502,43.630512],[-105.619525,43.634156],[-105.614523,43.634183],[-105.614499,43.63053]]]}},{"type":"Feature","properties":{"q":"10","ac":41.1},"geometry":{"type":"Polygon","coordinates":[[[-105.573992,43.623739],[-105.574032,43.627374],[-105.568924,43.62743],[-105.568899,43.623792],[-105.573992,43.623739]]]}},{"type":"Feature","properties":{"q":"9","ac":40.8},"geometry":{"type":"Polygon","coordinates":[[[-105.589245,43.623532],[-105.589303,43.627171],[-105.584247,43.627261],[-105.584179,43.623633],[-105.589245,43.623532]]]}},{"type":"Feature","properties":{"q":"3","ac":43.7},"geometry":{"type":"Polygon","coordinates":[[[-105.67984,43.597817],[-105.679866,43.594178],[-105.685285,43.594215],[-105.685281,43.59784],[-105.67984,43.597817]]]}},{"type":"Feature","properties":{"q":"SWNW","ac":41.4},"geometry":{"type":"Polygon","coordinates":[[[-105.624844,43.583123],[-105.624895,43.58678],[-105.61978,43.586863],[-105.619744,43.583219],[-105.624844,43.583123]]]}},{"type":"Feature","properties":{"q":"NENE","ac":39.5},"geometry":{"type":"Polygon","coordinates":[[[-105.664963,43.615874],[-105.66992,43.615889],[-105.670005,43.619496],[-105.665084,43.619487],[-105.664963,43.615874]]]}},{"type":"Feature","properties":{"q":"17","ac":41.9},"geometry":{"type":"Polygon","coordinates":[[[-105.60452,43.634235],[-105.604383,43.638003],[-105.599354,43.63805],[-105.599486,43.634294],[-105.60452,43.634235]]]}},{"type":"Feature","properties":{"q":"15","ac":41.7},"geometry":{"type":"Polygon","coordinates":[[[-105.599354,43.63805],[-105.599222,43.641805],[-105.594198,43.64184],[-105.594325,43.638096],[-105.599354,43.63805]]]}},{"type":"Feature","properties":{"q":"8","ac":40.2},"geometry":{"type":"Polygon","coordinates":[[[-105.599091,43.645555],[-105.60411,43.645538],[-105.603979,43.649155],[-105.598964,43.649177],[-105.599091,43.645555]]]}},{"type":"Feature","properties":{"q":"8","ac":40.5},"geometry":{"type":"Polygon","coordinates":[[[-105.659474,43.64519],[-105.664488,43.645156],[-105.664467,43.6488],[-105.659447,43.648829],[-105.659474,43.64519]]]}},{"type":"Feature","properties":{"q":"18","ac":41.7},"geometry":{"type":"Polygon","coordinates":[[[-105.579248,43.63458],[-105.579125,43.638263],[-105.574022,43.638312],[-105.574111,43.634643],[-105.579248,43.63458]]]}},{"type":"Feature","properties":{"q":"17","ac":40.8},"geometry":{"type":"Polygon","coordinates":[[[-105.669543,43.637793],[-105.674557,43.637782],[-105.674572,43.641447],[-105.66954,43.641464],[-105.669543,43.637793]]]}},{"type":"Feature","properties":{"q":"13","ac":41.5},"geometry":{"type":"Polygon","coordinates":[[[-105.589277,43.638155],[-105.589135,43.641875],[-105.584071,43.641909],[-105.584228,43.638213],[-105.589277,43.638155]]]}},{"type":"Feature","properties":{"q":"16","ac":40.9},"geometry":{"type":"Polygon","coordinates":[[[-105.664529,43.637804],[-105.669543,43.637793],[-105.66954,43.641464],[-105.664509,43.64148],[-105.664529,43.637804]]]}},{"type":"Feature","properties":{"q":"11","ac":41.2},"geometry":{"type":"Polygon","coordinates":[[[-105.573933,43.641981],[-105.573844,43.645649],[-105.568775,43.645671],[-105.568841,43.642016],[-105.573933,43.641981]]]}},{"type":"Feature","properties":{"q":"5","ac":40.8},"geometry":{"type":"Polygon","coordinates":[[[-105.563706,43.645692],[-105.568775,43.645671],[-105.568709,43.64931],[-105.563662,43.649332],[-105.563706,43.645692]]]}},{"type":"Feature","properties":{"q":"19","ac":41.8},"geometry":{"type":"Polygon","coordinates":[[[-105.60452,43.634235],[-105.609521,43.634209],[-105.609394,43.637975],[-105.604383,43.638003],[-105.60452,43.634235]]]}},{"type":"Feature","properties":{"q":"23","ac":40.7},"geometry":{"type":"Polygon","coordinates":[[[-105.66455,43.634127],[-105.669548,43.634122],[-105.669543,43.637793],[-105.664529,43.637804],[-105.66455,43.634127]]]}},{"type":"Feature","properties":{"q":"13","ac":41.8},"geometry":{"type":"Polygon","coordinates":[[[-105.609394,43.637975],[-105.614405,43.637948],[-105.614286,43.641712],[-105.609266,43.641741],[-105.609394,43.637975]]]}},{"type":"Feature","properties":{"q":"12","ac":41.3},"geometry":{"type":"Polygon","coordinates":[[[-105.649475,43.641551],[-105.649427,43.645259],[-105.644394,43.645294],[-105.644455,43.641575],[-105.649475,43.641551]]]}},{"type":"Feature","properties":{"q":"14","ac":41.8},"geometry":{"type":"Polygon","coordinates":[[[-105.594325,43.638096],[-105.594198,43.64184],[-105.589135,43.641875],[-105.589277,43.638155],[-105.594325,43.638096]]]}},{"type":"Feature","properties":{"q":"15","ac":40.9},"geometry":{"type":"Polygon","coordinates":[[[-105.654529,43.637831],[-105.659529,43.637817],[-105.659502,43.641504],[-105.654495,43.641528],[-105.654529,43.637831]]]}},{"type":"Feature","properties":{"q":"7","ac":40.3},"geometry":{"type":"Polygon","coordinates":[[[-105.594071,43.645572],[-105.599091,43.645555],[-105.598964,43.649177],[-105.593948,43.649199],[-105.594071,43.645572]]]}},{"type":"Feature","properties":{"q":"14","ac":41.1},"geometry":{"type":"Polygon","coordinates":[[[-105.634471,43.637874],[-105.63439,43.641615],[-105.629459,43.641634],[-105.6295,43.637883],[-105.634471,43.637874]]]}},{"type":"Feature","properties":{"q":"19","ac":41.4},"geometry":{"type":"Polygon","coordinates":[[[-105.62954,43.634132],[-105.634552,43.634134],[-105.634471,43.637874],[-105.6295,43.637883],[-105.62954,43.634132]]]}},{"type":"Feature","properties":{"q":"10","ac":41.9},"geometry":{"type":"Polygon","coordinates":[[[-105.614286,43.641712],[-105.614167,43.645477],[-105.609139,43.645507],[-105.609266,43.641741],[-105.614286,43.641712]]]}},{"type":"Feature","properties":{"q":"11","ac":41.7},"geometry":{"type":"Polygon","coordinates":[[[-105.594198,43.64184],[-105.594071,43.645572],[-105.589015,43.645589],[-105.589135,43.641875],[-105.594198,43.64184]]]}},{"type":"Feature","properties":{"q":"8","ac":42.5},"geometry":{"type":"Polygon","coordinates":[[[-105.624528,43.641653],[-105.624325,43.645415],[-105.619246,43.645446],[-105.619407,43.641683],[-105.624528,43.641653]]]}},{"type":"Feature","properties":{"q":"17","ac":41.8},"geometry":{"type":"Polygon","coordinates":[[[-105.584228,43.638213],[-105.579125,43.638263],[-105.579248,43.63458],[-105.584385,43.634517],[-105.584228,43.638213]]]}},{"type":"Feature","properties":{"q":"9","ac":40.7},"geometry":{"type":"Polygon","coordinates":[[[-105.669533,43.645129],[-105.674578,43.645102],[-105.67459,43.648741],[-105.669529,43.64877],[-105.669533,43.645129]]]}},{"type":"Feature","properties":{"q":"5","ac":40.6},"geometry":{"type":"Polygon","coordinates":[[[-105.624325,43.645415],[-105.629317,43.645385],[-105.629178,43.64903],[-105.624127,43.649065],[-105.624325,43.645415]]]}},{"type":"Feature","properties":{"q":"5","ac":40.6},"geometry":{"type":"Polygon","coordinates":[[[-105.649427,43.645259],[-105.64938,43.648893],[-105.644333,43.648927],[-105.644394,43.645294],[-105.649427,43.645259]]]}},{"type":"Feature","properties":{"q":"10","ac":41.0},"geometry":{"type":"Polygon","coordinates":[[[-105.659502,43.641504],[-105.659474,43.64519],[-105.65446,43.645223],[-105.654495,43.641528],[-105.659502,43.641504]]]}},{"type":"Feature","properties":{"q":"19","ac":41.7},"geometry":{"type":"Polygon","coordinates":[[[-105.589419,43.634435],[-105.594452,43.634353],[-105.594325,43.638096],[-105.589277,43.638155],[-105.589419,43.634435]]]}},{"type":"Feature","properties":{"q":"18","ac":41.8},"geometry":{"type":"Polygon","coordinates":[[[-105.609521,43.634209],[-105.614523,43.634183],[-105.614405,43.637948],[-105.609394,43.637975],[-105.609521,43.634209]]]}},{"type":"Feature","properties":{"q":"15","ac":41.6},"geometry":{"type":"Polygon","coordinates":[[[-105.634471,43.637874],[-105.639494,43.637865],[-105.639423,43.641595],[-105.63439,43.641615],[-105.634471,43.637874]]]}},{"type":"Feature","properties":{"q":"10","ac":41.2},"geometry":{"type":"Polygon","coordinates":[[[-105.579002,43.641945],[-105.578902,43.645628],[-105.573844,43.645649],[-105.573933,43.641981],[-105.579002,43.641945]]]}},{"type":"Feature","properties":{"q":"9","ac":42.5},"geometry":{"type":"Polygon","coordinates":[[[-105.614286,43.641712],[-105.619407,43.641683],[-105.619246,43.645446],[-105.614167,43.645477],[-105.614286,43.641712]]]}},{"type":"Feature","properties":{"q":"15","ac":41.4},"geometry":{"type":"Polygon","coordinates":[[[-105.579125,43.638263],[-105.579002,43.641945],[-105.573933,43.641981],[-105.574022,43.638312],[-105.579125,43.638263]]]}},{"type":"Feature","properties":{"q":"17","ac":41.4},"geometry":{"type":"Polygon","coordinates":[[[-105.639565,43.634136],[-105.644578,43.634137],[-105.644517,43.637856],[-105.639494,43.637865],[-105.639565,43.634136]]]}},{"type":"Feature","properties":{"q":"12","ac":41.3},"geometry":{"type":"Polygon","coordinates":[[[-105.624528,43.641653],[-105.629459,43.641634],[-105.629317,43.645385],[-105.624325,43.645415],[-105.624528,43.641653]]]}},{"type":"Feature","properties":{"q":"20","ac":45.2},"geometry":{"type":"Polygon","coordinates":[[[-105.679617,43.637774],[-105.679603,43.634117],[-105.685186,43.634113],[-105.685194,43.637762],[-105.679617,43.637774]]]}},{"type":"Feature","properties":{"q":"16","ac":41.5},"geometry":{"type":"Polygon","coordinates":[[[-105.639494,43.637865],[-105.644517,43.637856],[-105.644455,43.641575],[-105.639423,43.641595],[-105.639494,43.637865]]]}},{"type":"Feature","properties":{"q":"17","ac":40.8},"geometry":{"type":"Polygon","coordinates":[[[-105.659529,43.637817],[-105.659557,43.634131],[-105.66455,43.634127],[-105.664529,43.637804],[-105.659529,43.637817]]]}},{"type":"Feature","properties":{"q":"10","ac":40.8},"geometry":{"type":"Polygon","coordinates":[[[-105.674578,43.645102],[-105.679641,43.645071],[-105.679651,43.648702],[-105.67459,43.648741],[-105.674578,43.645102]]]}},{"type":"Feature","properties":{"q":"21","ac":41.0},"geometry":{"type":"Polygon","coordinates":[[[-105.679603,43.634117],[-105.679617,43.637774],[-105.674557,43.637782],[-105.674547,43.634116],[-105.679603,43.634117]]]}},{"type":"Feature","properties":{"q":"12","ac":41.5},"geometry":{"type":"Polygon","coordinates":[[[-105.589135,43.641875],[-105.589015,43.645589],[-105.583959,43.645606],[-105.584071,43.641909],[-105.589135,43.641875]]]}},{"type":"Feature","properties":{"q":"8","ac":40.8},"geometry":{"type":"Polygon","coordinates":[[[-105.664488,43.645156],[-105.669533,43.645129],[-105.669529,43.64877],[-105.664467,43.6488],[-105.664488,43.645156]]]}},{"type":"Feature","properties":{"q":"6","ac":40.8},"geometry":{"type":"Polygon","coordinates":[[[-105.568775,43.645671],[-105.573844,43.645649],[-105.573756,43.649288],[-105.568709,43.64931],[-105.568775,43.645671]]]}},{"type":"Feature","properties":{"q":"9","ac":41.8},"geometry":{"type":"Polygon","coordinates":[[[-105.604246,43.64177],[-105.60411,43.645538],[-105.599091,43.645555],[-105.599222,43.641805],[-105.604246,43.64177]]]}},{"type":"Feature","properties":{"q":"17","ac":42.0},"geometry":{"type":"Polygon","coordinates":[[[-105.614523,43.634183],[-105.619525,43.634156],[-105.619466,43.63792],[-105.614405,43.637948],[-105.614523,43.634183]]]}},{"type":"Feature","properties":{"q":"7","ac":40.7},"geometry":{"type":"Polygon","coordinates":[[[-105.63423,43.648996],[-105.634309,43.645355],[-105.639351,43.645325],[-105.639282,43.648961],[-105.63423,43.648996]]]}},{"type":"Feature","properties":{"q":"5","ac":40.7},"geometry":{"type":"Polygon","coordinates":[[[-105.583959,43.645606],[-105.589015,43.645589],[-105.588899,43.649221],[-105.58385,43.649244],[-105.583959,43.645606]]]}},{"type":"Feature","properties":{"q":"11","ac":41.2},"geometry":{"type":"Polygon","coordinates":[[[-105.649427,43.645259],[-105.649475,43.641551],[-105.654495,43.641528],[-105.65446,43.645223],[-105.649427,43.645259]]]}},{"type":"Feature","properties":{"q":"12","ac":44.8},"geometry":{"type":"Polygon","coordinates":[[[-105.679639,43.641431],[-105.685212,43.64141],[-105.685196,43.645037],[-105.679641,43.645071],[-105.679639,43.641431]]]}},{"type":"Feature","properties":{"q":"6","ac":40.4},"geometry":{"type":"Polygon","coordinates":[[[-105.614167,43.645477],[-105.614053,43.64911],[-105.609016,43.649132],[-105.609139,43.645507],[-105.614167,43.645477]]]}}]}