{"type":"FeatureCollection","note":"BLM Public Land Survey System. Provided by the Bureau of Land Management as is. These data are neither legal documents nor land surveys and must not be used as such.","features":[{"type":"Feature","properties":{"q":"9","ac":38.5},"geometry":{"type":"Polygon","coordinates":[[[-105.565272,44.622332],[-105.565263,44.618705],[-105.570127,44.618669],[-105.570142,44.622298],[-105.565272,44.622332]]]}},{"type":"Feature","properties":{"q":"13","ac":38.7},"geometry":{"type":"Polygon","coordinates":[[[-105.560378,44.629632],[-105.560351,44.63327],[-105.555462,44.633304],[-105.555496,44.629666],[-105.560378,44.629632]]]}},{"type":"Feature","properties":{"q":"SWSE","ac":40.5},"geometry":{"type":"Polygon","coordinates":[[[-105.524964,44.611624],[-105.52496,44.615272],[-105.519921,44.615337],[-105.519884,44.611634],[-105.524964,44.611624]]]}},{"type":"Feature","properties":{"q":"8","ac":40.8},"geometry":{"type":"Polygon","coordinates":[[[-105.534988,44.61868],[-105.540128,44.618704],[-105.540119,44.622343],[-105.534979,44.622323],[-105.534988,44.61868]]]}},{"type":"Feature","properties":{"q":"9","ac":41.7},"geometry":{"type":"Polygon","coordinates":[[[-105.540062,44.62969],[-105.540014,44.633399],[-105.534871,44.63343],[-105.53492,44.629698],[-105.540062,44.62969]]]}},{"type":"Feature","properties":{"q":"NWNW","ac":42.8},"geometry":{"type":"Polygon","coordinates":[[[-105.489089,44.622751],[-105.494454,44.622752],[-105.494443,44.626394],[-105.488994,44.62637],[-105.489089,44.622751]]]}},{"type":"Feature","properties":{"q":"9","ac":41.1},"geometry":{"type":"Polygon","coordinates":[[[-105.504659,44.629981],[-105.504635,44.63368],[-105.499516,44.633683],[-105.49954,44.63001],[-105.504659,44.629981]]]}},{"type":"Feature","properties":{"q":"3","ac":40.6},"geometry":{"type":"Polygon","coordinates":[[[-105.545259,44.622363],[-105.550388,44.622382],[-105.550389,44.626012],[-105.54525,44.625997],[-105.545259,44.622363]]]}},{"type":"Feature","properties":{"q":"NWSW","ac":41.3},"geometry":{"type":"Polygon","coordinates":[[[-105.467001,44.629811],[-105.472368,44.629855],[-105.472089,44.63341],[-105.46683,44.633385],[-105.467001,44.629811]]]}},{"type":"Feature","properties":{"q":"SESE","ac":42.8},"geometry":{"type":"Polygon","coordinates":[[[-105.472646,44.6263],[-105.478095,44.626323],[-105.477918,44.629902],[-105.472368,44.629855],[-105.472646,44.6263]]]}},{"type":"Feature","properties":{"q":"SWNE","ac":42.7},"geometry":{"type":"Polygon","coordinates":[[[-105.456164,44.633332],[-105.46157,44.633359],[-105.461505,44.636995],[-105.456132,44.636964],[-105.456164,44.633332]]]}},{"type":"Feature","properties":{"q":"SWNW","ac":41.9},"geometry":{"type":"Polygon","coordinates":[[[-105.472089,44.63341],[-105.472103,44.637055],[-105.466804,44.637025],[-105.46683,44.633385],[-105.472089,44.63341]]]}},{"type":"Feature","properties":{"q":"SENE","ac":45.9},"geometry":{"type":"Polygon","coordinates":[[[-105.456741,44.619014],[-105.456483,44.622562],[-105.450703,44.622498],[-105.450655,44.618949],[-105.456741,44.619014]]]}},{"type":"Feature","properties":{"q":"20","ac":39.8},"geometry":{"type":"Polygon","coordinates":[[[-105.499664,44.684262],[-105.499506,44.687874],[-105.494444,44.687879],[-105.494596,44.684272],[-105.499664,44.684262]]]}},{"type":"Feature","properties":{"q":"SWNW","ac":39.0},"geometry":{"type":"Polygon","coordinates":[[[-105.534579,44.662392],[-105.534568,44.666003],[-105.529623,44.666053],[-105.529626,44.66243],[-105.534579,44.662392]]]}},{"type":"Feature","properties":{"q":"SWNW","ac":40.9},"geometry":{"type":"Polygon","coordinates":[[[-105.555298,44.662402],[-105.555284,44.666019],[-105.550097,44.666015],[-105.550104,44.6624],[-105.555298,44.662402]]]}},{"type":"Feature","properties":{"q":"15","ac":38.8},"geometry":{"type":"Polygon","coordinates":[[[-105.519811,44.640873],[-105.519792,44.644444],[-105.514819,44.644459],[-105.514825,44.640869],[-105.519811,44.640873]]]}},{"type":"Feature","properties":{"q":"15","ac":40.1},"geometry":{"type":"Polygon","coordinates":[[[-105.545064,44.640738],[-105.545025,44.644316],[-105.539835,44.644359],[-105.539918,44.640816],[-105.545064,44.640738]]]}},{"type":"Feature","properties":{"q":"NENW","ac":38.1},"geometry":{"type":"Polygon","coordinates":[[[-105.570142,44.683849],[-105.565346,44.683943],[-105.56528,44.680305],[-105.570103,44.680212],[-105.570142,44.683849]]]}},{"type":"Feature","properties":{"q":"1","ac":41.1},"geometry":{"type":"Polygon","coordinates":[[[-105.53457,44.68043],[-105.539751,44.680436],[-105.539746,44.684064],[-105.534553,44.684071],[-105.53457,44.68043]]]}},{"type":"Feature","properties":{"q":"6","ac":38.4},"geometry":{"type":"Polygon","coordinates":[[[-105.519774,44.676951],[-105.519761,44.673374],[-105.52469,44.673317],[-105.524696,44.676897],[-105.519774,44.676951]]]}},{"type":"Feature","properties":{"q":"NESW","ac":39.3},"geometry":{"type":"Polygon","coordinates":[[[-105.529608,44.65879],[-105.529626,44.66243],[-105.524673,44.662469],[-105.524667,44.658823],[-105.529608,44.65879]]]}},{"type":"Feature","properties":{"q":"12","ac":45.3},"geometry":{"type":"Polygon","coordinates":[[[-105.477368,44.669528],[-105.483069,44.669603],[-105.48304,44.673237],[-105.477285,44.673164],[-105.477368,44.669528]]]}},{"type":"Feature","properties":{"q":"NENW","ac":40.8},"geometry":{"type":"Polygon","coordinates":[[[-105.550097,44.666015],[-105.550091,44.669631],[-105.544913,44.669625],[-105.544911,44.666011],[-105.550097,44.666015]]]}},{"type":"Feature","properties":{"q":"3","ac":40.7},"geometry":{"type":"Polygon","coordinates":[[[-105.544933,44.680441],[-105.550106,44.680446],[-105.550133,44.68405],[-105.54494,44.684057],[-105.544933,44.680441]]]}},{"type":"Feature","properties":{"q":"6","ac":44.9},"geometry":{"type":"Polygon","coordinates":[[[-105.488833,44.662417],[-105.488801,44.666047],[-105.483108,44.665984],[-105.483147,44.662365],[-105.488833,44.662417]]]}},{"type":"Feature","properties":{"q":"6","ac":43.9},"geometry":{"type":"Polygon","coordinates":[[[-105.483227,44.651533],[-105.48323,44.647933],[-105.488834,44.64797],[-105.488831,44.651567],[-105.483227,44.651533]]]}},{"type":"Feature","properties":{"q":"4","ac":45.1},"geometry":{"type":"Polygon","coordinates":[[[-105.494495,44.66611],[-105.494471,44.669752],[-105.48877,44.669677],[-105.488801,44.666047],[-105.494495,44.66611]]]}},{"type":"Feature","properties":{"q":"9","ac":40.1},"geometry":{"type":"Polygon","coordinates":[[[-105.49955,44.658845],[-105.499574,44.662487],[-105.494518,44.662468],[-105.494475,44.658831],[-105.49955,44.658845]]]}},{"type":"Feature","properties":{"q":"SENW","ac":39.9},"geometry":{"type":"Polygon","coordinates":[[[-105.504603,44.648029],[-105.509708,44.648039],[-105.509709,44.651631],[-105.50461,44.651621],[-105.504603,44.648029]]]}},{"type":"Feature","properties":{"q":"SWNE","ac":39.1},"geometry":{"type":"Polygon","coordinates":[[[-105.524673,44.662469],[-105.524678,44.666102],[-105.519744,44.666152],[-105.51974,44.662507],[-105.524673,44.662469]]]}},{"type":"Feature","properties":{"q":"5","ac":40.9},"geometry":{"type":"Polygon","coordinates":[[[-105.555345,44.647875],[-105.55532,44.651499],[-105.550133,44.651504],[-105.550165,44.647884],[-105.555345,44.647875]]]}},{"type":"Feature","properties":{"q":"3","ac":45.0},"geometry":{"type":"Polygon","coordinates":[[[-105.483108,44.665984],[-105.488801,44.666047],[-105.48877,44.669677],[-105.483069,44.669603],[-105.483108,44.665984]]]}},{"type":"Feature","properties":{"q":"11","ac":41.8},"geometry":{"type":"Polygon","coordinates":[[[-105.466669,44.655085],[-105.472016,44.655071],[-105.471929,44.658667],[-105.466618,44.658688],[-105.466669,44.655085]]]}},{"type":"Feature","properties":{"q":"5","ac":41.8},"geometry":{"type":"Polygon","coordinates":[[[-105.466753,44.644261],[-105.472095,44.64428],[-105.472072,44.647859],[-105.466726,44.647856],[-105.466753,44.644261]]]}},{"type":"Feature","properties":{"q":"8","ac":43.9},"geometry":{"type":"Polygon","coordinates":[[[-105.472072,44.647859],[-105.47765,44.647896],[-105.477635,44.651499],[-105.472044,44.651465],[-105.472072,44.647859]]]}},{"type":"Feature","properties":{"q":"14","ac":42.0},"geometry":{"type":"Polygon","coordinates":[[[-105.455974,44.655113],[-105.455996,44.658731],[-105.450686,44.658752],[-105.450626,44.655127],[-105.455974,44.655113]]]}},{"type":"Feature","properties":{"q":"1","ac":43.9},"geometry":{"type":"Polygon","coordinates":[[[-105.472044,44.651465],[-105.477635,44.651499],[-105.47762,44.655102],[-105.472016,44.655071],[-105.472044,44.651465]]]}},{"type":"Feature","properties":{"q":"SWSW","ac":41.7},"geometry":{"type":"Polygon","coordinates":[[[-105.466779,44.640665],[-105.472118,44.6407],[-105.472095,44.64428],[-105.466753,44.644261],[-105.466779,44.640665]]]}},{"type":"Feature","properties":{"q":"7","ac":38.2},"geometry":{"type":"Polygon","coordinates":[[[-105.524473,44.694957],[-105.529424,44.694954],[-105.529356,44.698522],[-105.524396,44.698473],[-105.524473,44.694957]]]}},{"type":"Feature","properties":{"q":"8","ac":44.8},"geometry":{"type":"Polygon","coordinates":[[[-105.467545,44.695016],[-105.473071,44.695055],[-105.473662,44.69874],[-105.467977,44.698684],[-105.467545,44.695016]]]}},{"type":"Feature","properties":{"q":"5","ac":41.2},"geometry":{"type":"Polygon","coordinates":[[[-105.478324,44.695067],[-105.478724,44.69873],[-105.473662,44.69874],[-105.473071,44.695055],[-105.478324,44.695067]]]}},{"type":"Feature","properties":{"q":"10","ac":43.2},"geometry":{"type":"Polygon","coordinates":[[[-105.467115,44.691362],[-105.467545,44.695016],[-105.46202,44.694978],[-105.461748,44.691337],[-105.467115,44.691362]]]}},{"type":"Feature","properties":{"q":"15","ac":42.4},"geometry":{"type":"Polygon","coordinates":[[[-105.467115,44.691362],[-105.461748,44.691337],[-105.461472,44.68764],[-105.466683,44.68768],[-105.467115,44.691362]]]}},{"type":"Feature","properties":{"q":"11","ac":38.8},"geometry":{"type":"Polygon","coordinates":[[[-105.560248,44.647834],[-105.56515,44.647794],[-105.565126,44.651426],[-105.560223,44.651462],[-105.560248,44.647834]]]}},{"type":"Feature","properties":{"q":"17","ac":36.1},"geometry":{"type":"Polygon","coordinates":[[[-105.574702,44.625894],[-105.574712,44.62953],[-105.570143,44.629563],[-105.570156,44.625925],[-105.574702,44.625894]]]}},{"type":"Feature","properties":{"q":"6","ac":41.3},"geometry":{"type":"Polygon","coordinates":[[[-105.55031,44.633336],[-105.550268,44.636998],[-105.545111,44.637053],[-105.545157,44.633368],[-105.55031,44.633336]]]}},{"type":"Feature","properties":{"q":"9","ac":39.7},"geometry":{"type":"Polygon","coordinates":[[[-105.530008,44.615207],[-105.529971,44.6188],[-105.524955,44.618921],[-105.52496,44.615272],[-105.530008,44.615207]]]}},{"type":"Feature","properties":{"q":"NENW","ac":42.5},"geometry":{"type":"Polygon","coordinates":[[[-105.483725,44.622749],[-105.489089,44.622751],[-105.488994,44.62637],[-105.483545,44.626347],[-105.483725,44.622749]]]}},{"type":"Feature","properties":{"q":"16","ac":41.0},"geometry":{"type":"Polygon","coordinates":[[[-105.514924,44.626168],[-105.519935,44.626117],[-105.519898,44.629866],[-105.514886,44.629921],[-105.514924,44.626168]]]}},{"type":"Feature","properties":{"q":"5","ac":41.0},"geometry":{"type":"Polygon","coordinates":[[[-105.555462,44.633304],[-105.555426,44.636944],[-105.550268,44.636998],[-105.55031,44.633336],[-105.555462,44.633304]]]}},{"type":"Feature","properties":{"q":"7","ac":40.6},"geometry":{"type":"Polygon","coordinates":[[[-105.494375,44.637331],[-105.494397,44.633686],[-105.499516,44.633683],[-105.499493,44.637317],[-105.494375,44.637331]]]}},{"type":"Feature","properties":{"q":"14","ac":41.2},"geometry":{"type":"Polygon","coordinates":[[[-105.54525,44.625997],[-105.550389,44.626012],[-105.55035,44.629674],[-105.545203,44.629682],[-105.54525,44.625997]]]}},{"type":"Feature","properties":{"q":"2","ac":41.4},"geometry":{"type":"Polygon","coordinates":[[[-105.494464,44.619111],[-105.489185,44.619131],[-105.48928,44.61551],[-105.494475,44.615469],[-105.494464,44.619111]]]}},{"type":"Feature","properties":{"q":"SWSE","ac":41.1},"geometry":{"type":"Polygon","coordinates":[[[-105.504643,44.611672],[-105.504653,44.615404],[-105.499564,44.615437],[-105.499564,44.61175],[-105.504643,44.611672]]]}},{"type":"Feature","properties":{"q":"SESE","ac":43.0},"geometry":{"type":"Polygon","coordinates":[[[-105.456225,44.62611],[-105.456194,44.629721],[-105.450754,44.629676],[-105.450751,44.626047],[-105.456225,44.62611]]]}},{"type":"Feature","properties":{"q":"8","ac":37.7},"geometry":{"type":"Polygon","coordinates":[[[-105.574763,44.651353],[-105.574777,44.654993],[-105.570005,44.655025],[-105.570028,44.651389],[-105.574763,44.651353]]]}},{"type":"Feature","properties":{"q":"1","ac":37.4},"geometry":{"type":"Polygon","coordinates":[[[-105.574835,44.68012],[-105.574843,44.683758],[-105.570142,44.683849],[-105.570103,44.680212],[-105.574835,44.68012]]]}},{"type":"Feature","properties":{"q":"9","ac":39.1},"geometry":{"type":"Polygon","coordinates":[[[-105.560198,44.673146],[-105.560222,44.676763],[-105.55523,44.676859],[-105.55525,44.673248],[-105.560198,44.673146]]]}},{"type":"Feature","properties":{"q":"11","ac":43.1},"geometry":{"type":"Polygon","coordinates":[[[-105.483232,44.644386],[-105.488813,44.644439],[-105.488834,44.64797],[-105.48323,44.647933],[-105.483232,44.644386]]]}},{"type":"Feature","properties":{"q":"SENE","ac":39.2},"geometry":{"type":"Polygon","coordinates":[[[-105.51974,44.662507],[-105.519744,44.666152],[-105.514809,44.666201],[-105.514807,44.662545],[-105.51974,44.662507]]]}},{"type":"Feature","properties":{"q":"11","ac":37.7},"geometry":{"type":"Polygon","coordinates":[[[-105.529705,44.644415],[-105.534645,44.644402],[-105.534519,44.647911],[-105.529624,44.647946],[-105.529705,44.644415]]]}},{"type":"Feature","properties":{"q":"6","ac":39.1},"geometry":{"type":"Polygon","coordinates":[[[-105.494395,44.644492],[-105.499495,44.644484],[-105.49952,44.648017],[-105.494438,44.648006],[-105.494395,44.644492]]]}},{"type":"Feature","properties":{"q":"13","ac":39.6},"geometry":{"type":"Polygon","coordinates":[[[-105.514811,44.669857],[-105.514831,44.673431],[-105.509747,44.673419],[-105.509726,44.669831],[-105.514811,44.669857]]]}},{"type":"Feature","properties":{"q":"14","ac":40.5},"geometry":{"type":"Polygon","coordinates":[[[-105.504618,44.655213],[-105.509711,44.655223],[-105.509714,44.658874],[-105.504624,44.65886],[-105.504618,44.655213]]]}},{"type":"Feature","properties":{"q":"5","ac":38.7},"geometry":{"type":"Polygon","coordinates":[[[-105.560223,44.651462],[-105.560198,44.65509],[-105.555295,44.655123],[-105.55532,44.651499],[-105.560223,44.651462]]]}},{"type":"Feature","properties":{"q":"17","ac":38.9},"geometry":{"type":"Polygon","coordinates":[[[-105.529631,44.684112],[-105.529562,44.687738],[-105.52463,44.687778],[-105.524709,44.684153],[-105.529631,44.684112]]]}},{"type":"Feature","properties":{"q":"5","ac":38.4},"geometry":{"type":"Polygon","coordinates":[[[-105.529624,44.647946],[-105.529608,44.651548],[-105.524696,44.651579],[-105.52473,44.647981],[-105.529624,44.647946]]]}},{"type":"Feature","properties":{"q":"NESW","ac":38.6},"geometry":{"type":"Polygon","coordinates":[[[-105.529631,44.673259],[-105.529642,44.676843],[-105.524696,44.676897],[-105.52469,44.673317],[-105.529631,44.673259]]]}},{"type":"Feature","properties":{"q":"SWSE","ac":39.2},"geometry":{"type":"Polygon","coordinates":[[[-105.524661,44.655177],[-105.524667,44.658823],[-105.519736,44.658856],[-105.519732,44.655204],[-105.524661,44.655177]]]}},{"type":"Feature","properties":{"q":"2","ac":40.9},"geometry":{"type":"Polygon","coordinates":[[[-105.54494,44.684057],[-105.539746,44.684064],[-105.539751,44.680436],[-105.544933,44.680441],[-105.54494,44.684057]]]}},{"type":"Feature","properties":{"q":"7","ac":40.2},"geometry":{"type":"Polygon","coordinates":[[[-105.499574,44.662487],[-105.504629,44.662506],[-105.504635,44.666155],[-105.499565,44.666133],[-105.499574,44.662487]]]}},{"type":"Feature","properties":{"q":"NESE","ac":41.0},"geometry":{"type":"Polygon","coordinates":[[[-105.534579,44.662392],[-105.534549,44.658757],[-105.539729,44.658758],[-105.539745,44.662395],[-105.534579,44.662392]]]}},{"type":"Feature","properties":{"q":"4","ac":41.3},"geometry":{"type":"Polygon","coordinates":[[[-105.466567,44.662291],[-105.466516,44.665894],[-105.461279,44.66593],[-105.461293,44.66232],[-105.466567,44.662291]]]}},{"type":"Feature","properties":{"q":"9","ac":41.6},"geometry":{"type":"Polygon","coordinates":[[[-105.461307,44.65871],[-105.466618,44.658688],[-105.466567,44.662291],[-105.461293,44.66232],[-105.461307,44.65871]]]}},{"type":"Feature","properties":{"q":"1","ac":42.1},"geometry":{"type":"Polygon","coordinates":[[[-105.461351,44.651476],[-105.466697,44.651471],[-105.466669,44.655085],[-105.461321,44.655099],[-105.461351,44.651476]]]}},{"type":"Feature","properties":{"q":"18","ac":41.2},"geometry":{"type":"Polygon","coordinates":[[[-105.461196,44.683944],[-105.466251,44.683998],[-105.466683,44.68768],[-105.461472,44.68764],[-105.461196,44.683944]]]}},{"type":"Feature","properties":{"q":"20","ac":45.6},"geometry":{"type":"Polygon","coordinates":[[[-105.471307,44.684053],[-105.477129,44.684107],[-105.477527,44.68776],[-105.471894,44.68772],[-105.471307,44.684053]]]}},{"type":"Feature","properties":{"q":"9","ac":43.4},"geometry":{"type":"Polygon","coordinates":[[[-105.472072,44.647859],[-105.472095,44.64428],[-105.477663,44.644333],[-105.47765,44.647896],[-105.472072,44.647859]]]}},{"type":"Feature","properties":{"q":"6","ac":40.0},"geometry":{"type":"Polygon","coordinates":[[[-105.539475,44.694909],[-105.544575,44.694867],[-105.544453,44.698479],[-105.539385,44.698525],[-105.539475,44.694909]]]}},{"type":"Feature","properties":{"q":"6","ac":39.1},"geometry":{"type":"Polygon","coordinates":[[[-105.499035,44.698651],[-105.49919,44.695085],[-105.504242,44.695077],[-105.504081,44.698624],[-105.499035,44.698651]]]}},{"type":"Feature","properties":{"q":"14","ac":39.8},"geometry":{"type":"Polygon","coordinates":[[[-105.499506,44.687874],[-105.504567,44.687868],[-105.504404,44.691484],[-105.499348,44.691485],[-105.499506,44.687874]]]}},{"type":"Feature","properties":{"q":"13","ac":43.3},"geometry":{"type":"Polygon","coordinates":[[[-105.45622,44.6876],[-105.456298,44.69131],[-105.450848,44.691284],[-105.450967,44.68756],[-105.45622,44.6876]]]}},{"type":"Feature","properties":{"q":"7","ac":38.5},"geometry":{"type":"Polygon","coordinates":[[[-105.570142,44.622298],[-105.570156,44.625925],[-105.565281,44.62596],[-105.565272,44.622332],[-105.570142,44.622298]]]}},{"type":"Feature","properties":{"q":"10","ac":43.3},"geometry":{"type":"Polygon","coordinates":[[[-105.488994,44.62637],[-105.494443,44.626394],[-105.49442,44.63004],[-105.488944,44.629994],[-105.488994,44.62637]]]}},{"type":"Feature","properties":{"q":"13","ac":40.9},"geometry":{"type":"Polygon","coordinates":[[[-105.555529,44.626027],[-105.555496,44.629666],[-105.55035,44.629674],[-105.550389,44.626012],[-105.555529,44.626027]]]}},{"type":"Feature","properties":{"q":"NESW","ac":43.2},"geometry":{"type":"Polygon","coordinates":[[[-105.488944,44.629994],[-105.488894,44.633618],[-105.483391,44.63355],[-105.483468,44.629949],[-105.488944,44.629994]]]}},{"type":"Feature","properties":{"q":"9","ac":43.5},"geometry":{"type":"Polygon","coordinates":[[[-105.488944,44.629994],[-105.49442,44.63004],[-105.494397,44.633686],[-105.488894,44.633618],[-105.488944,44.629994]]]}},{"type":"Feature","properties":{"q":"11","ac":38.8},"geometry":{"type":"Polygon","coordinates":[[[-105.56524,44.633235],[-105.565219,44.636873],[-105.560323,44.636908],[-105.560351,44.63327],[-105.56524,44.633235]]]}},{"type":"Feature","properties":{"q":"NWSE","ac":40.2},"geometry":{"type":"Polygon","coordinates":[[[-105.52496,44.615272],[-105.524955,44.618921],[-105.519958,44.61904],[-105.519921,44.615337],[-105.52496,44.615272]]]}},{"type":"Feature","properties":{"q":"13","ac":40.2},"geometry":{"type":"Polygon","coordinates":[[[-105.550384,44.611553],[-105.555481,44.611524],[-105.555493,44.61515],[-105.550385,44.615153],[-105.550384,44.611553]]]}},{"type":"Feature","properties":{"q":"8","ac":38.4},"geometry":{"type":"Polygon","coordinates":[[[-105.51496,44.619159],[-105.519958,44.61904],[-105.519947,44.622579],[-105.514942,44.622664],[-105.51496,44.619159]]]}},{"type":"Feature","properties":{"q":"SWSW","ac":41.7},"geometry":{"type":"Polygon","coordinates":[[[-105.509723,44.611659],[-105.514803,44.611645],[-105.514881,44.615402],[-105.509767,44.615403],[-105.509723,44.611659]]]}},{"type":"Feature","properties":{"q":"6","ac":40.5},"geometry":{"type":"Polygon","coordinates":[[[-105.499516,44.633683],[-105.504635,44.63368],[-105.504612,44.637302],[-105.499493,44.637317],[-105.499516,44.633683]]]}},{"type":"Feature","properties":{"q":"2","ac":40.7},"geometry":{"type":"Polygon","coordinates":[[[-105.54525,44.625997],[-105.54011,44.625982],[-105.540119,44.622343],[-105.545259,44.622363],[-105.54525,44.625997]]]}},{"type":"Feature","properties":{"q":"9","ac":41.0},"geometry":{"type":"Polygon","coordinates":[[[-105.514886,44.629921],[-105.519898,44.629866],[-105.51986,44.633614],[-105.514848,44.633675],[-105.514886,44.629921]]]}},{"type":"Feature","properties":{"q":"5","ac":40.4},"geometry":{"type":"Polygon","coordinates":[[[-105.534822,44.637161],[-105.529828,44.637188],[-105.529871,44.633491],[-105.534871,44.63343],[-105.534822,44.637161]]]}},{"type":"Feature","properties":{"q":"10","ac":40.9},"geometry":{"type":"Polygon","coordinates":[[[-105.524909,44.62981],[-105.524872,44.633552],[-105.51986,44.633614],[-105.519898,44.629866],[-105.524909,44.62981]]]}},{"type":"Feature","properties":{"q":"10","ac":41.3},"geometry":{"type":"Polygon","coordinates":[[[-105.509773,44.629951],[-105.509741,44.633678],[-105.504635,44.63368],[-105.504659,44.629981],[-105.509773,44.629951]]]}},{"type":"Feature","properties":{"q":"12","ac":41.0},"geometry":{"type":"Polygon","coordinates":[[[-105.55035,44.629674],[-105.555496,44.629666],[-105.555462,44.633304],[-105.55031,44.633336],[-105.55035,44.629674]]]}},{"type":"Feature","properties":{"q":"SWSW","ac":39.7},"geometry":{"type":"Polygon","coordinates":[[[-105.469035,44.612094],[-105.474132,44.612081],[-105.473761,44.615636],[-105.468572,44.615614],[-105.469035,44.612094]]]}},{"type":"Feature","properties":{"q":"8","ac":37.4},"geometry":{"type":"Polygon","coordinates":[[[-105.56999,44.665743],[-105.574801,44.665652],[-105.574809,44.669205],[-105.569985,44.669312],[-105.56999,44.665743]]]}},{"type":"Feature","properties":{"q":"SESW","ac":39.2},"geometry":{"type":"Polygon","coordinates":[[[-105.529591,44.655149],[-105.529608,44.65879],[-105.524667,44.658823],[-105.524661,44.655177],[-105.529591,44.655149]]]}},{"type":"Feature","properties":{"q":"12","ac":38.1},"geometry":{"type":"Polygon","coordinates":[[[-105.529785,44.640885],[-105.534772,44.640893],[-105.534645,44.644402],[-105.529705,44.644415],[-105.529785,44.640885]]]}},{"type":"Feature","properties":{"q":"1","ac":41.7},"geometry":{"type":"Polygon","coordinates":[[[-105.539966,44.637107],[-105.539918,44.640816],[-105.534772,44.640893],[-105.534822,44.637161],[-105.539966,44.637107]]]}},{"type":"Feature","properties":{"q":"10","ac":45.2},"geometry":{"type":"Polygon","coordinates":[[[-105.494471,44.669752],[-105.494502,44.673382],[-105.488771,44.673309],[-105.48877,44.669677],[-105.494471,44.669752]]]}},{"type":"Feature","properties":{"q":"NWNE","ac":40.4},"geometry":{"type":"Polygon","coordinates":[[[-105.504612,44.637302],[-105.504588,44.640923],[-105.49947,44.64095],[-105.499493,44.637317],[-105.504612,44.637302]]]}},{"type":"Feature","properties":{"q":"4","ac":38.8},"geometry":{"type":"Polygon","coordinates":[[[-105.514851,44.677004],[-105.519774,44.676951],[-105.51978,44.680572],[-105.514858,44.68062],[-105.514851,44.677004]]]}},{"type":"Feature","properties":{"q":"5","ac":38.5},"geometry":{"type":"Polygon","coordinates":[[[-105.560184,44.665927],[-105.560174,44.669528],[-105.555269,44.669636],[-105.555284,44.666019],[-105.560184,44.665927]]]}},{"type":"Feature","properties":{"q":"1","ac":40.9},"geometry":{"type":"Polygon","coordinates":[[[-105.534519,44.651516],[-105.539733,44.651512],[-105.539713,44.655122],[-105.53452,44.655121],[-105.534519,44.651516]]]}},{"type":"Feature","properties":{"q":"10","ac":40.5},"geometry":{"type":"Polygon","coordinates":[[[-105.539745,44.673213],[-105.544919,44.673225],[-105.544926,44.676824],[-105.539757,44.676807],[-105.539745,44.673213]]]}},{"type":"Feature","properties":{"q":"15","ac":44.2},"geometry":{"type":"Polygon","coordinates":[[[-105.483224,44.655133],[-105.483185,44.658749],[-105.477557,44.658708],[-105.47762,44.655102],[-105.483224,44.655133]]]}},{"type":"Feature","properties":{"q":"SWNE","ac":42.2},"geometry":{"type":"Polygon","coordinates":[[[-105.456038,44.647849],[-105.461381,44.647852],[-105.461351,44.651476],[-105.456006,44.651481],[-105.456038,44.647849]]]}},{"type":"Feature","properties":{"q":"11","ac":40.9},"geometry":{"type":"Polygon","coordinates":[[[-105.456064,44.669583],[-105.456084,44.673212],[-105.45092,44.673252],[-105.450864,44.669626],[-105.456064,44.669583]]]}},{"type":"Feature","properties":{"q":"6","ac":39.1},"geometry":{"type":"Polygon","coordinates":[[[-105.524396,44.698473],[-105.519267,44.698564],[-105.519395,44.69503],[-105.524473,44.694957],[-105.524396,44.698473]]]}},{"type":"Feature","properties":{"q":"5","ac":40.0},"geometry":{"type":"Polygon","coordinates":[[[-105.539385,44.698525],[-105.534316,44.698571],[-105.534376,44.694951],[-105.539475,44.694909],[-105.539385,44.698525]]]}},{"type":"Feature","properties":{"q":"14","ac":39.4},"geometry":{"type":"Polygon","coordinates":[[[-105.559914,44.694782],[-105.560055,44.691179],[-105.565072,44.691129],[-105.564935,44.694743],[-105.559914,44.694782]]]}},{"type":"Feature","properties":{"q":"12","ac":42.6},"geometry":{"type":"Polygon","coordinates":[[[-105.472482,44.691387],[-105.477925,44.691412],[-105.478324,44.695067],[-105.473071,44.695055],[-105.472482,44.691387]]]}},{"type":"Feature","properties":{"q":"5","ac":40.2},"geometry":{"type":"Polygon","coordinates":[[[-105.504635,44.63368],[-105.509741,44.633678],[-105.509724,44.637287],[-105.504612,44.637302],[-105.504635,44.63368]]]}},{"type":"Feature","properties":{"q":"SESW","ac":41.5},"geometry":{"type":"Polygon","coordinates":[[[-105.504643,44.611672],[-105.509723,44.611659],[-105.509767,44.615403],[-105.504653,44.615404],[-105.504643,44.611672]]]}},{"type":"Feature","properties":{"q":"2","ac":39.3},"geometry":{"type":"Polygon","coordinates":[[[-105.509808,44.622686],[-105.514942,44.622664],[-105.514924,44.626168],[-105.509804,44.626224],[-105.509808,44.622686]]]}},{"type":"Feature","properties":{"q":"10","ac":41.4},"geometry":{"type":"Polygon","coordinates":[[[-105.540062,44.62969],[-105.545203,44.629682],[-105.545157,44.633368],[-105.540014,44.633399],[-105.540062,44.62969]]]}},{"type":"Feature","properties":{"q":"17","ac":38.6},"geometry":{"type":"Polygon","coordinates":[[[-105.560363,44.611486],[-105.560373,44.615113],[-105.555493,44.61515],[-105.555481,44.611524],[-105.560363,44.611486]]]}},{"type":"Feature","properties":{"q":"SESW","ac":43.0},"geometry":{"type":"Polygon","coordinates":[[[-105.488994,44.62637],[-105.488944,44.629994],[-105.483468,44.629949],[-105.483545,44.626347],[-105.488994,44.62637]]]}},{"type":"Feature","properties":{"q":"NWNE","ac":42.2},"geometry":{"type":"Polygon","coordinates":[[[-105.478371,44.622747],[-105.483725,44.622749],[-105.483545,44.626347],[-105.478095,44.626323],[-105.478371,44.622747]]]}},{"type":"Feature","properties":{"q":"NWSE","ac":41.2},"geometry":{"type":"Polygon","coordinates":[[[-105.499564,44.615437],[-105.504653,44.615404],[-105.504664,44.619135],[-105.499564,44.619123],[-105.499564,44.615437]]]}},{"type":"Feature","properties":{"q":"16","ac":38.6},"geometry":{"type":"Polygon","coordinates":[[[-105.560363,44.611486],[-105.565245,44.611448],[-105.565254,44.615076],[-105.560373,44.615113],[-105.560363,44.611486]]]}},{"type":"Feature","properties":{"q":"NWSE","ac":47.7},"geometry":{"type":"Polygon","coordinates":[[[-105.456995,44.615496],[-105.463382,44.615593],[-105.462828,44.619079],[-105.456741,44.619014],[-105.456995,44.615496]]]}},{"type":"Feature","properties":{"q":"9","ac":37.4},"geometry":{"type":"Polygon","coordinates":[[[-105.57475,44.647714],[-105.574763,44.651353],[-105.570028,44.651389],[-105.57005,44.647753],[-105.57475,44.647714]]]}},{"type":"Feature","properties":{"q":"12","ac":38.1},"geometry":{"type":"Polygon","coordinates":[[[-105.574809,44.669205],[-105.574818,44.672843],[-105.570024,44.672943],[-105.569985,44.669312],[-105.574809,44.669205]]]}},{"type":"Feature","properties":{"q":"14","ac":38.9},"geometry":{"type":"Polygon","coordinates":[[[-105.570077,44.644114],[-105.57005,44.647753],[-105.56515,44.647794],[-105.565175,44.644152],[-105.570077,44.644114]]]}},{"type":"Feature","properties":{"q":"11","ac":40.5},"geometry":{"type":"Polygon","coordinates":[[[-105.550078,44.676842],[-105.544926,44.676824],[-105.544919,44.673225],[-105.550085,44.673236],[-105.550078,44.676842]]]}},{"type":"Feature","properties":{"q":"11","ac":38.4},"geometry":{"type":"Polygon","coordinates":[[[-105.570024,44.672943],[-105.570063,44.676574],[-105.565213,44.676667],[-105.565146,44.673044],[-105.570024,44.672943]]]}},{"type":"Feature","properties":{"q":"7","ac":40.0},"geometry":{"type":"Polygon","coordinates":[[[-105.504686,44.677008],[-105.504708,44.680631],[-105.499637,44.680636],[-105.49961,44.67701],[-105.504686,44.677008]]]}},{"type":"Feature","properties":{"q":"8","ac":41.0},"geometry":{"type":"Polygon","coordinates":[[[-105.534519,44.647911],[-105.539752,44.647902],[-105.539733,44.651512],[-105.534519,44.651516],[-105.534519,44.647911]]]}},{"type":"Feature","properties":{"q":"6","ac":40.0},"geometry":{"type":"Polygon","coordinates":[[[-105.504686,44.677008],[-105.509769,44.677007],[-105.509783,44.680625],[-105.504708,44.680631],[-105.504686,44.677008]]]}},{"type":"Feature","properties":{"q":"1","ac":38.8},"geometry":{"type":"Polygon","coordinates":[[[-105.51978,44.680572],[-105.519787,44.684194],[-105.514865,44.684235],[-105.514858,44.68062],[-105.51978,44.680572]]]}},{"type":"Feature","properties":{"q":"12","ac":38.5},"geometry":{"type":"Polygon","coordinates":[[[-105.560194,44.662327],[-105.560184,44.665927],[-105.555284,44.666019],[-105.555298,44.662402],[-105.560194,44.662327]]]}},{"type":"Feature","properties":{"q":"4","ac":45.7},"geometry":{"type":"Polygon","coordinates":[[[-105.488772,44.676941],[-105.494534,44.677012],[-105.494565,44.680642],[-105.488773,44.680579],[-105.488772,44.676941]]]}},{"type":"Feature","properties":{"q":"NENW","ac":39.0},"geometry":{"type":"Polygon","coordinates":[[[-105.529636,44.680478],[-105.529631,44.684112],[-105.524709,44.684153],[-105.524703,44.680525],[-105.529636,44.680478]]]}},{"type":"Feature","properties":{"q":"15","ac":40.3},"geometry":{"type":"Polygon","coordinates":[[[-105.499525,44.655204],[-105.504618,44.655213],[-105.504624,44.65886],[-105.49955,44.658845],[-105.499525,44.655204]]]}},{"type":"Feature","properties":{"q":"1","ac":38.7},"geometry":{"type":"Polygon","coordinates":[[[-105.519752,44.65161],[-105.524696,44.651579],[-105.524661,44.655177],[-105.519732,44.655204],[-105.519752,44.65161]]]}},{"type":"Feature","properties":{"q":"3","ac":39.9},"geometry":{"type":"Polygon","coordinates":[[[-105.50461,44.651621],[-105.509709,44.651631],[-105.509711,44.655223],[-105.504618,44.655213],[-105.50461,44.651621]]]}},{"type":"Feature","properties":{"q":"10","ac":40.4},"geometry":{"type":"Polygon","coordinates":[[[-105.545025,44.644316],[-105.544986,44.647893],[-105.539752,44.647902],[-105.539835,44.644359],[-105.545025,44.644316]]]}},{"type":"Feature","properties":{"q":"10","ac":38.2},"geometry":{"type":"Polygon","coordinates":[[[-105.569995,44.662174],[-105.56999,44.665743],[-105.565085,44.665835],[-105.565091,44.66225],[-105.569995,44.662174]]]}},{"type":"Feature","properties":{"q":"SWSE","ac":38.5},"geometry":{"type":"Polygon","coordinates":[[[-105.565102,44.655058],[-105.565096,44.658654],[-105.560196,44.658708],[-105.560198,44.65509],[-105.565102,44.655058]]]}},{"type":"Feature","properties":{"q":"NWNW","ac":38.9},"geometry":{"type":"Polygon","coordinates":[[[-105.529623,44.666053],[-105.534568,44.666003],[-105.534556,44.669615],[-105.52962,44.669675],[-105.529623,44.666053]]]}},{"type":"Feature","properties":{"q":"11","ac":45.2},"geometry":{"type":"Polygon","coordinates":[[[-105.483069,44.669603],[-105.48877,44.669677],[-105.488771,44.673309],[-105.48304,44.673237],[-105.483069,44.669603]]]}},{"type":"Feature","properties":{"q":"4","ac":40.9},"geometry":{"type":"Polygon","coordinates":[[[-105.550133,44.651504],[-105.55532,44.651499],[-105.555295,44.655123],[-105.550101,44.655123],[-105.550133,44.651504]]]}},{"type":"Feature","properties":{"q":"6","ac":39.5},"geometry":{"type":"Polygon","coordinates":[[[-105.560336,44.683993],[-105.560279,44.680378],[-105.56528,44.680305],[-105.565346,44.683943],[-105.560336,44.683993]]]}},{"type":"Feature","properties":{"q":"4","ac":39.5},"geometry":{"type":"Polygon","coordinates":[[[-105.46123,44.676803],[-105.461213,44.680374],[-105.456122,44.680365],[-105.456103,44.676841],[-105.46123,44.676803]]]}},{"type":"Feature","properties":{"q":"NWNE","ac":42.2},"geometry":{"type":"Polygon","coordinates":[[[-105.461321,44.655099],[-105.455974,44.655113],[-105.456006,44.651481],[-105.461351,44.651476],[-105.461321,44.655099]]]}},{"type":"Feature","properties":{"q":"1","ac":41.0},"geometry":{"type":"Polygon","coordinates":[[[-105.466516,44.665894],[-105.466466,44.669497],[-105.461265,44.66954],[-105.461279,44.66593],[-105.466516,44.665894]]]}},{"type":"Feature","properties":{"q":"3","ac":41.2},"geometry":{"type":"Polygon","coordinates":[[[-105.466567,44.662291],[-105.471841,44.662262],[-105.471754,44.665858],[-105.466516,44.665894],[-105.466567,44.662291]]]}},{"type":"Feature","properties":{"q":"1","ac":42.4},"geometry":{"type":"Polygon","coordinates":[[[-105.45076,44.636933],[-105.456132,44.636964],[-105.456101,44.640596],[-105.450763,44.640562],[-105.45076,44.636933]]]}},{"type":"Feature","properties":{"q":"1","ac":38.7},"geometry":{"type":"Polygon","coordinates":[[[-105.451031,44.680357],[-105.456122,44.680365],[-105.456141,44.68389],[-105.451086,44.683835],[-105.451031,44.680357]]]}},{"type":"Feature","properties":{"q":"NENE","ac":40.3},"geometry":{"type":"Polygon","coordinates":[[[-105.494495,44.66611],[-105.499565,44.666133],[-105.499556,44.669778],[-105.494471,44.669752],[-105.494495,44.66611]]]}},{"type":"Feature","properties":{"q":"11","ac":39.7},"geometry":{"type":"Polygon","coordinates":[[[-105.574869,44.694666],[-105.574879,44.698302],[-105.56982,44.698343],[-105.5699,44.694705],[-105.574869,44.694666]]]}},{"type":"Feature","properties":{"q":"11","ac":42.5},"geometry":{"type":"Polygon","coordinates":[[[-105.477925,44.691412],[-105.483369,44.691437],[-105.483578,44.69508],[-105.478324,44.695067],[-105.477925,44.691412]]]}},{"type":"Feature","properties":{"q":"14","ac":43.9},"geometry":{"type":"Polygon","coordinates":[[[-105.477925,44.691412],[-105.477527,44.68776],[-105.48316,44.6878],[-105.483369,44.691437],[-105.477925,44.691412]]]}},{"type":"Feature","properties":{"q":"12","ac":39.6},"geometry":{"type":"Polygon","coordinates":[[[-105.5145,44.691481],[-105.519525,44.691442],[-105.519395,44.69503],[-105.514317,44.695104],[-105.5145,44.691481]]]}},{"type":"Feature","properties":{"q":"16","ac":42.3},"geometry":{"type":"Polygon","coordinates":[[[-105.466683,44.68768],[-105.471894,44.68772],[-105.472482,44.691387],[-105.467115,44.691362],[-105.466683,44.68768]]]}},{"type":"Feature","properties":{"q":"9","ac":43.4},"geometry":{"type":"Polygon","coordinates":[[[-105.467115,44.691362],[-105.472482,44.691387],[-105.473071,44.695055],[-105.467545,44.695016],[-105.467115,44.691362]]]}},{"type":"Feature","properties":{"q":"9","ac":36.5},"geometry":{"type":"Polygon","coordinates":[[[-105.574721,44.633167],[-105.574731,44.636804],[-105.570117,44.636837],[-105.57013,44.6332],[-105.574721,44.633167]]]}},{"type":"Feature","properties":{"q":"14","ac":35.0},"geometry":{"type":"Polygon","coordinates":[[[-105.574536,44.611376],[-105.574564,44.615006],[-105.570127,44.61504],[-105.570128,44.61141],[-105.574536,44.611376]]]}},{"type":"Feature","properties":{"q":"15","ac":38.7},"geometry":{"type":"Polygon","coordinates":[[[-105.57013,44.6332],[-105.56524,44.633235],[-105.56526,44.629597],[-105.570143,44.629563],[-105.57013,44.6332]]]}},{"type":"Feature","properties":{"q":"3","ac":35.2},"geometry":{"type":"Polygon","coordinates":[[[-105.574564,44.615006],[-105.574591,44.618637],[-105.570127,44.618669],[-105.570127,44.61504],[-105.574564,44.615006]]]}},{"type":"Feature","properties":{"q":"2","ac":35.5},"geometry":{"type":"Polygon","coordinates":[[[-105.574591,44.618637],[-105.574647,44.622265],[-105.570142,44.622298],[-105.570127,44.618669],[-105.574591,44.618637]]]}},{"type":"Feature","properties":{"q":"5","ac":43.8},"geometry":{"type":"Polygon","coordinates":[[[-105.488894,44.633618],[-105.494397,44.633686],[-105.494375,44.637331],[-105.488844,44.637263],[-105.488894,44.633618]]]}},{"type":"Feature","properties":{"q":"13","ac":38.6},"geometry":{"type":"Polygon","coordinates":[[[-105.565254,44.615076],[-105.565263,44.618705],[-105.560384,44.61874],[-105.560373,44.615113],[-105.565254,44.615076]]]}},{"type":"Feature","properties":{"q":"1","ac":38.4},"geometry":{"type":"Polygon","coordinates":[[[-105.519947,44.622579],[-105.519935,44.626117],[-105.514924,44.626168],[-105.514942,44.622664],[-105.519947,44.622579]]]}},{"type":"Feature","properties":{"q":"19","ac":38.7},"geometry":{"type":"Polygon","coordinates":[[[-105.565281,44.62596],[-105.56526,44.629597],[-105.560378,44.629632],[-105.560405,44.625993],[-105.565281,44.62596]]]}},{"type":"Feature","properties":{"q":"2","ac":38.8},"geometry":{"type":"Polygon","coordinates":[[[-105.524951,44.622494],[-105.524947,44.626067],[-105.519935,44.626117],[-105.519947,44.622579],[-105.524951,44.622494]]]}},{"type":"Feature","properties":{"q":"NESW","ac":41.8},"geometry":{"type":"Polygon","coordinates":[[[-105.509767,44.615403],[-105.509812,44.619148],[-105.504664,44.619135],[-105.504653,44.615404],[-105.509767,44.615403]]]}},{"type":"Feature","properties":{"q":"NWSE","ac":43.8},"geometry":{"type":"Polygon","coordinates":[[[-105.483468,44.629949],[-105.483391,44.63355],[-105.47774,44.63348],[-105.477918,44.629902],[-105.483468,44.629949]]]}},{"type":"Feature","properties":{"q":"11","ac":41.2},"geometry":{"type":"Polygon","coordinates":[[[-105.545203,44.629682],[-105.55035,44.629674],[-105.55031,44.633336],[-105.545157,44.633368],[-105.545203,44.629682]]]}},{"type":"Feature","properties":{"q":"7","ac":39.8},"geometry":{"type":"Polygon","coordinates":[[[-105.51986,44.633614],[-105.524872,44.633552],[-105.524835,44.637215],[-105.519836,44.637243],[-105.51986,44.633614]]]}},{"type":"Feature","properties":{"q":"3","ac":39.2},"geometry":{"type":"Polygon","coordinates":[[[-105.529958,44.626017],[-105.524947,44.626067],[-105.524951,44.622494],[-105.529965,44.622409],[-105.529958,44.626017]]]}},{"type":"Feature","properties":{"q":"SWSE","ac":43.0},"geometry":{"type":"Polygon","coordinates":[[[-105.478095,44.626323],[-105.483545,44.626347],[-105.483468,44.629949],[-105.477918,44.629902],[-105.478095,44.626323]]]}},{"type":"Feature","properties":{"q":"11","ac":40.8},"geometry":{"type":"Polygon","coordinates":[[[-105.524872,44.633552],[-105.524909,44.62981],[-105.529915,44.629754],[-105.529871,44.633491],[-105.524872,44.633552]]]}},{"type":"Feature","properties":{"q":"SWSE","ac":40.0},"geometry":{"type":"Polygon","coordinates":[[[-105.484266,44.611951],[-105.484085,44.615551],[-105.478923,44.615593],[-105.479199,44.612016],[-105.484266,44.611951]]]}},{"type":"Feature","properties":{"q":"1","ac":39.7},"geometry":{"type":"Polygon","coordinates":[[[-105.509808,44.622686],[-105.509804,44.626224],[-105.504683,44.626281],[-105.504674,44.622708],[-105.509808,44.622686]]]}},{"type":"Feature","properties":{"q":"NWNE","ac":40.0},"geometry":{"type":"Polygon","coordinates":[[[-105.499564,44.62273],[-105.504674,44.622708],[-105.504683,44.626281],[-105.499563,44.626337],[-105.499564,44.62273]]]}},{"type":"Feature","properties":{"q":"1","ac":41.2},"geometry":{"type":"Polygon","coordinates":[[[-105.484085,44.615551],[-105.48928,44.61551],[-105.489185,44.619131],[-105.483905,44.619151],[-105.484085,44.615551]]]}},{"type":"Feature","properties":{"q":"3","ac":39.5},"geometry":{"type":"Polygon","coordinates":[[[-105.509812,44.619148],[-105.51496,44.619159],[-105.514942,44.622664],[-105.509808,44.622686],[-105.509812,44.619148]]]}},{"type":"Feature","properties":{"q":"6","ac":40.6},"geometry":{"type":"Polygon","coordinates":[[[-105.545268,44.618728],[-105.550387,44.618752],[-105.550388,44.622382],[-105.545259,44.622363],[-105.545268,44.618728]]]}},{"type":"Feature","properties":{"q":"11","ac":41.6},"geometry":{"type":"Polygon","coordinates":[[[-105.514886,44.629921],[-105.514848,44.633675],[-105.509741,44.633678],[-105.509773,44.629951],[-105.514886,44.629921]]]}},{"type":"Feature","properties":{"q":"15","ac":39.6},"geometry":{"type":"Polygon","coordinates":[[[-105.545278,44.615155],[-105.540167,44.615148],[-105.540206,44.611592],[-105.545287,44.611582],[-105.545278,44.615155]]]}},{"type":"Feature","properties":{"q":"NESW","ac":41.5},"geometry":{"type":"Polygon","coordinates":[[[-105.461634,44.629766],[-105.467001,44.629811],[-105.46683,44.633385],[-105.46157,44.633359],[-105.461634,44.629766]]]}},{"type":"Feature","properties":{"q":"SESE","ac":50.4},"geometry":{"type":"Polygon","coordinates":[[[-105.450559,44.61185],[-105.457248,44.611978],[-105.456995,44.615496],[-105.450607,44.615399],[-105.450559,44.61185]]]}},{"type":"Feature","properties":{"q":"SENW","ac":41.3},"geometry":{"type":"Polygon","coordinates":[[[-105.468109,44.619135],[-105.46764,44.622686],[-105.462263,44.622626],[-105.462828,44.619079],[-105.468109,44.619135]]]}},{"type":"Feature","properties":{"q":"11","ac":44.7},"geometry":{"type":"Polygon","coordinates":[[[-105.483185,44.658749],[-105.48883,44.65879],[-105.488833,44.662417],[-105.483147,44.662365],[-105.483185,44.658749]]]}},{"type":"Feature","properties":{"q":"2","ac":39.7},"geometry":{"type":"Polygon","coordinates":[[[-105.524835,44.637215],[-105.524798,44.640877],[-105.519811,44.640873],[-105.519836,44.637243],[-105.524835,44.637215]]]}},{"type":"Feature","properties":{"q":"NESE","ac":38.7},"geometry":{"type":"Polygon","coordinates":[[[-105.555298,44.662402],[-105.555296,44.658763],[-105.560196,44.658708],[-105.560194,44.662327],[-105.555298,44.662402]]]}},{"type":"Feature","properties":{"q":"1","ac":40.0},"geometry":{"type":"Polygon","coordinates":[[[-105.499637,44.680636],[-105.499664,44.684262],[-105.494596,44.684272],[-105.494565,44.680642],[-105.499637,44.680636]]]}},{"type":"Feature","properties":{"q":"5","ac":45.8},"geometry":{"type":"Polygon","coordinates":[[[-105.48301,44.67687],[-105.488772,44.676941],[-105.488773,44.680579],[-105.482981,44.680516],[-105.48301,44.67687]]]}},{"type":"Feature","properties":{"q":"3","ac":45.9},"geometry":{"type":"Polygon","coordinates":[[[-105.488773,44.680579],[-105.494565,44.680642],[-105.494596,44.684272],[-105.488774,44.684217],[-105.488773,44.680579]]]}},{"type":"Feature","properties":{"q":"18","ac":39.9},"geometry":{"type":"Polygon","coordinates":[[[-105.504731,44.684253],[-105.509798,44.684244],[-105.509625,44.687863],[-105.504567,44.687868],[-105.504731,44.684253]]]}},{"type":"Feature","properties":{"q":"NWNW","ac":40.8},"geometry":{"type":"Polygon","coordinates":[[[-105.550097,44.666015],[-105.555284,44.666019],[-105.555269,44.669636],[-105.550091,44.669631],[-105.550097,44.666015]]]}},{"type":"Feature","properties":{"q":"3","ac":40.0},"geometry":{"type":"Polygon","coordinates":[[[-105.529785,44.640885],[-105.524798,44.640877],[-105.524835,44.637215],[-105.529828,44.637188],[-105.529785,44.640885]]]}},{"type":"Feature","properties":{"q":"11","ac":40.5},"geometry":{"type":"Polygon","coordinates":[[[-105.545025,44.644316],[-105.550196,44.644273],[-105.550165,44.647884],[-105.544986,44.647893],[-105.545025,44.644316]]]}},{"type":"Feature","properties":{"q":"NENE","ac":40.7},"geometry":{"type":"Polygon","coordinates":[[[-105.539739,44.666007],[-105.539734,44.66962],[-105.534556,44.669615],[-105.534568,44.666003],[-105.539739,44.666007]]]}},{"type":"Feature","properties":{"q":"13","ac":38.3},"geometry":{"type":"Polygon","coordinates":[[[-105.524798,44.640877],[-105.529785,44.640885],[-105.529705,44.644415],[-105.524764,44.644429],[-105.524798,44.640877]]]}},{"type":"Feature","properties":{"q":"NWNE","ac":39.1},"geometry":{"type":"Polygon","coordinates":[[[-105.519747,44.669797],[-105.519744,44.666152],[-105.524678,44.666102],[-105.524684,44.669736],[-105.519747,44.669797]]]}},{"type":"Feature","properties":{"q":"5","ac":39.3},"geometry":{"type":"Polygon","coordinates":[[[-105.560279,44.680378],[-105.560336,44.683993],[-105.555326,44.684043],[-105.555278,44.680451],[-105.560279,44.680378]]]}},{"type":"Feature","properties":{"q":"1","ac":39.3},"geometry":{"type":"Polygon","coordinates":[[[-105.519836,44.637243],[-105.519811,44.640873],[-105.514825,44.640869],[-105.514836,44.637272],[-105.519836,44.637243]]]}},{"type":"Feature","properties":{"q":"2","ac":41.4},"geometry":{"type":"Polygon","coordinates":[[[-105.545111,44.637053],[-105.545064,44.640738],[-105.539918,44.640816],[-105.539966,44.637107],[-105.545111,44.637053]]]}},{"type":"Feature","properties":{"q":"15","ac":39.9},"geometry":{"type":"Polygon","coordinates":[[[-105.504641,44.669805],[-105.504664,44.673407],[-105.499583,44.673394],[-105.499556,44.669778],[-105.504641,44.669805]]]}},{"type":"Feature","properties":{"q":"NWSE","ac":39.2},"geometry":{"type":"Polygon","coordinates":[[[-105.524673,44.662469],[-105.51974,44.662507],[-105.519736,44.658856],[-105.524667,44.658823],[-105.524673,44.662469]]]}},{"type":"Feature","properties":{"q":"13","ac":44.5},"geometry":{"type":"Polygon","coordinates":[[[-105.488828,44.655164],[-105.494432,44.655194],[-105.494475,44.658831],[-105.48883,44.65879],[-105.488828,44.655164]]]}},{"type":"Feature","properties":{"q":"SENE","ac":42.3},"geometry":{"type":"Polygon","coordinates":[[[-105.450694,44.647844],[-105.456038,44.647849],[-105.456006,44.651481],[-105.45066,44.651486],[-105.450694,44.647844]]]}},{"type":"Feature","properties":{"q":"NESW","ac":41.9},"geometry":{"type":"Polygon","coordinates":[[[-105.461411,44.644242],[-105.466753,44.644261],[-105.466726,44.647856],[-105.461381,44.647852],[-105.461411,44.644242]]]}},{"type":"Feature","properties":{"q":"19","ac":41.5},"geometry":{"type":"Polygon","coordinates":[[[-105.456141,44.68389],[-105.461196,44.683944],[-105.461472,44.68764],[-105.45622,44.6876],[-105.456141,44.68389]]]}},{"type":"Feature","properties":{"q":"SWNW","ac":40.2},"geometry":{"type":"Polygon","coordinates":[[[-105.471396,44.676727],[-105.471351,44.68039],[-105.466282,44.680382],[-105.466313,44.676765],[-105.471396,44.676727]]]}},{"type":"Feature","properties":{"q":"1","ac":44.6},"geometry":{"type":"Polygon","coordinates":[[[-105.471754,44.665858],[-105.477431,44.665921],[-105.477368,44.669528],[-105.471666,44.669454],[-105.471754,44.665858]]]}},{"type":"Feature","properties":{"q":"15","ac":38.6},"geometry":{"type":"Polygon","coordinates":[[[-105.565245,44.611448],[-105.570128,44.61141],[-105.570127,44.61504],[-105.565254,44.615076],[-105.565245,44.611448]]]}},{"type":"Feature","properties":{"q":"8","ac":35.8},"geometry":{"type":"Polygon","coordinates":[[[-105.570142,44.622298],[-105.574647,44.622265],[-105.574702,44.625894],[-105.570156,44.625925],[-105.570142,44.622298]]]}},{"type":"Feature","properties":{"q":"16","ac":36.3},"geometry":{"type":"Polygon","coordinates":[[[-105.574712,44.62953],[-105.574721,44.633167],[-105.57013,44.6332],[-105.570143,44.629563],[-105.574712,44.62953]]]}},{"type":"Feature","properties":{"q":"NESW","ac":38.5},"geometry":{"type":"Polygon","coordinates":[[[-105.570127,44.61504],[-105.570127,44.618669],[-105.565263,44.618705],[-105.565254,44.615076],[-105.570127,44.61504]]]}},{"type":"Feature","properties":{"q":"18","ac":38.7},"geometry":{"type":"Polygon","coordinates":[[[-105.570156,44.625925],[-105.570143,44.629563],[-105.56526,44.629597],[-105.565281,44.62596],[-105.570156,44.625925]]]}},{"type":"Feature","properties":{"q":"6","ac":40.1},"geometry":{"type":"Polygon","coordinates":[[[-105.524835,44.637215],[-105.524872,44.633552],[-105.529871,44.633491],[-105.529828,44.637188],[-105.524835,44.637215]]]}},{"type":"Feature","properties":{"q":"SESE","ac":40.6},"geometry":{"type":"Polygon","coordinates":[[[-105.499564,44.61175],[-105.499564,44.615437],[-105.494475,44.615469],[-105.494485,44.611828],[-105.499564,44.61175]]]}},{"type":"Feature","properties":{"q":"10","ac":39.8},"geometry":{"type":"Polygon","coordinates":[[[-105.540167,44.615148],[-105.545278,44.615155],[-105.545268,44.618728],[-105.540128,44.618704],[-105.540167,44.615148]]]}},{"type":"Feature","properties":{"q":"14","ac":39.9},"geometry":{"type":"Polygon","coordinates":[[[-105.550384,44.611553],[-105.550385,44.615153],[-105.545278,44.615155],[-105.545287,44.611582],[-105.550384,44.611553]]]}},{"type":"Feature","properties":{"q":"SWNW","ac":42.1},"geometry":{"type":"Polygon","coordinates":[[[-105.489185,44.619131],[-105.494464,44.619111],[-105.494454,44.622752],[-105.489089,44.622751],[-105.489185,44.619131]]]}},{"type":"Feature","properties":{"q":"4","ac":40.1},"geometry":{"type":"Polygon","coordinates":[[[-105.509741,44.633678],[-105.514848,44.633675],[-105.514836,44.637272],[-105.509724,44.637287],[-105.509741,44.633678]]]}},{"type":"Feature","properties":{"q":"6","ac":38.5},"geometry":{"type":"Polygon","coordinates":[[[-105.565272,44.622332],[-105.565281,44.62596],[-105.560405,44.625993],[-105.560394,44.622367],[-105.565272,44.622332]]]}},{"type":"Feature","properties":{"q":"4","ac":40.6},"geometry":{"type":"Polygon","coordinates":[[[-105.550388,44.622382],[-105.555517,44.622401],[-105.555529,44.626027],[-105.550389,44.626012],[-105.550388,44.622382]]]}},{"type":"Feature","properties":{"q":"16","ac":41.7},"geometry":{"type":"Polygon","coordinates":[[[-105.54011,44.625982],[-105.540062,44.62969],[-105.53492,44.629698],[-105.53497,44.625966],[-105.54011,44.625982]]]}},{"type":"Feature","properties":{"q":"13","ac":41.4},"geometry":{"type":"Polygon","coordinates":[[[-105.509804,44.626224],[-105.509773,44.629951],[-105.504659,44.629981],[-105.504683,44.626281],[-105.509804,44.626224]]]}},{"type":"Feature","properties":{"q":"4","ac":39.8},"geometry":{"type":"Polygon","coordinates":[[[-105.504664,44.619135],[-105.509812,44.619148],[-105.509808,44.622686],[-105.504674,44.622708],[-105.504664,44.619135]]]}},{"type":"Feature","properties":{"q":"10","ac":38.6},"geometry":{"type":"Polygon","coordinates":[[[-105.560384,44.61874],[-105.565263,44.618705],[-105.565272,44.622332],[-105.560394,44.622367],[-105.560384,44.61874]]]}},{"type":"Feature","properties":{"q":"SWSW","ac":40.8},"geometry":{"type":"Polygon","coordinates":[[[-105.48928,44.61551],[-105.489375,44.611889],[-105.494485,44.611828],[-105.494475,44.615469],[-105.48928,44.61551]]]}},{"type":"Feature","properties":{"q":"SESW","ac":40.0},"geometry":{"type":"Polygon","coordinates":[[[-105.530008,44.615207],[-105.52496,44.615272],[-105.524964,44.611624],[-105.530045,44.611613],[-105.530008,44.615207]]]}},{"type":"Feature","properties":{"q":"6","ac":43.8},"geometry":{"type":"Polygon","coordinates":[[[-105.488894,44.633618],[-105.488844,44.637263],[-105.483313,44.637194],[-105.483391,44.63355],[-105.488894,44.633618]]]}},{"type":"Feature","properties":{"q":"7","ac":38.8},"geometry":{"type":"Polygon","coordinates":[[[-105.524951,44.622494],[-105.519947,44.622579],[-105.519958,44.61904],[-105.524955,44.618921],[-105.524951,44.622494]]]}},{"type":"Feature","properties":{"q":"15","ac":40.8},"geometry":{"type":"Polygon","coordinates":[[[-105.499563,44.626337],[-105.49954,44.63001],[-105.49442,44.63004],[-105.494443,44.626394],[-105.499563,44.626337]]]}},{"type":"Feature","properties":{"q":"SWNE","ac":39.9},"geometry":{"type":"Polygon","coordinates":[[[-105.499564,44.619123],[-105.504664,44.619135],[-105.504674,44.622708],[-105.499564,44.62273],[-105.499564,44.619123]]]}},{"type":"Feature","properties":{"q":"15","ac":40.9},"geometry":{"type":"Polygon","coordinates":[[[-105.524947,44.626067],[-105.524909,44.62981],[-105.519898,44.629866],[-105.519935,44.626117],[-105.524947,44.626067]]]}},{"type":"Feature","properties":{"q":"SWSW","ac":39.4},"geometry":{"type":"Polygon","coordinates":[[[-105.530045,44.611613],[-105.535126,44.611602],[-105.535057,44.615141],[-105.530008,44.615207],[-105.530045,44.611613]]]}},{"type":"Feature","properties":{"q":"8","ac":40.8},"geometry":{"type":"Polygon","coordinates":[[[-105.49954,44.63001],[-105.499516,44.633683],[-105.494397,44.633686],[-105.49442,44.63004],[-105.49954,44.63001]]]}},{"type":"Feature","properties":{"q":"NENE","ac":40.4},"geometry":{"type":"Polygon","coordinates":[[[-105.494443,44.626394],[-105.494454,44.622752],[-105.499564,44.62273],[-105.499563,44.626337],[-105.494443,44.626394]]]}},{"type":"Feature","properties":{"q":"11","ac":40.0},"geometry":{"type":"Polygon","coordinates":[[[-105.545278,44.615155],[-105.550385,44.615153],[-105.550387,44.618752],[-105.545268,44.618728],[-105.545278,44.615155]]]}},{"type":"Feature","properties":{"q":"14","ac":38.7},"geometry":{"type":"Polygon","coordinates":[[[-105.56526,44.629597],[-105.56524,44.633235],[-105.560351,44.63327],[-105.560378,44.629632],[-105.56526,44.629597]]]}},{"type":"Feature","properties":{"q":"7","ac":41.4},"geometry":{"type":"Polygon","coordinates":[[[-105.545157,44.633368],[-105.545111,44.637053],[-105.539966,44.637107],[-105.540014,44.633399],[-105.545157,44.633368]]]}},{"type":"Feature","properties":{"q":"13","ac":40.8},"geometry":{"type":"Polygon","coordinates":[[[-105.529915,44.629754],[-105.529958,44.626017],[-105.53497,44.625966],[-105.53492,44.629698],[-105.529915,44.629754]]]}},{"type":"Feature","properties":{"q":"5","ac":38.5},"geometry":{"type":"Polygon","coordinates":[[[-105.560394,44.622367],[-105.560405,44.625993],[-105.555529,44.626027],[-105.555517,44.622401],[-105.560394,44.622367]]]}},{"type":"Feature","properties":{"q":"3","ac":40.5},"geometry":{"type":"Polygon","coordinates":[[[-105.489375,44.611889],[-105.48928,44.61551],[-105.484085,44.615551],[-105.484266,44.611951],[-105.489375,44.611889]]]}},{"type":"Feature","properties":{"q":"6","ac":39.2},"geometry":{"type":"Polygon","coordinates":[[[-105.529965,44.622409],[-105.524951,44.622494],[-105.524955,44.618921],[-105.529971,44.6188],[-105.529965,44.622409]]]}},{"type":"Feature","properties":{"q":"NESE","ac":40.8},"geometry":{"type":"Polygon","coordinates":[[[-105.519921,44.615337],[-105.519958,44.61904],[-105.51496,44.619159],[-105.514881,44.615402],[-105.519921,44.615337]]]}},{"type":"Feature","properties":{"q":"2","ac":42.6},"geometry":{"type":"Polygon","coordinates":[[[-105.456194,44.629721],[-105.461634,44.629766],[-105.46157,44.633359],[-105.456164,44.633332],[-105.456194,44.629721]]]}},{"type":"Feature","properties":{"q":"NESE","ac":40.5},"geometry":{"type":"Polygon","coordinates":[[[-105.478923,44.615593],[-105.478647,44.619171],[-105.473389,44.61919],[-105.473761,44.615636],[-105.478923,44.615593]]]}},{"type":"Feature","properties":{"q":"SENE","ac":41.2},"geometry":{"type":"Polygon","coordinates":[[[-105.473389,44.61919],[-105.478647,44.619171],[-105.478371,44.622747],[-105.473018,44.622745],[-105.473389,44.61919]]]}},{"type":"Feature","properties":{"q":"7","ac":39.3},"geometry":{"type":"Polygon","coordinates":[[[-105.499495,44.644484],[-105.504596,44.644476],[-105.504603,44.648029],[-105.49952,44.648017],[-105.499495,44.644484]]]}},{"type":"Feature","properties":{"q":"9","ac":39.9},"geometry":{"type":"Polygon","coordinates":[[[-105.509706,44.640896],[-105.514825,44.640869],[-105.514819,44.644459],[-105.509707,44.644468],[-105.509706,44.640896]]]}},{"type":"Feature","properties":{"q":"13","ac":40.6},"geometry":{"type":"Polygon","coordinates":[[[-105.550091,44.669631],[-105.555269,44.669636],[-105.55525,44.673248],[-105.550085,44.673236],[-105.550091,44.669631]]]}},{"type":"Feature","properties":{"q":"15","ac":43.1},"geometry":{"type":"Polygon","coordinates":[[[-105.477676,44.640769],[-105.483235,44.640839],[-105.483232,44.644386],[-105.477663,44.644333],[-105.477676,44.640769]]]}},{"type":"Feature","properties":{"q":"SESW","ac":40.7},"geometry":{"type":"Polygon","coordinates":[[[-105.544818,44.687667],[-105.54494,44.684057],[-105.550133,44.68405],[-105.55,44.687652],[-105.544818,44.687667]]]}},{"type":"Feature","properties":{"q":"13","ac":38.9},"geometry":{"type":"Polygon","coordinates":[[[-105.560248,44.647834],[-105.560271,44.644191],[-105.565175,44.644152],[-105.56515,44.647794],[-105.560248,44.647834]]]}},{"type":"Feature","properties":{"q":"2","ac":38.8},"geometry":{"type":"Polygon","coordinates":[[[-105.524709,44.684153],[-105.519787,44.684194],[-105.51978,44.680572],[-105.524703,44.680525],[-105.524709,44.684153]]]}},{"type":"Feature","properties":{"q":"16","ac":39.2},"geometry":{"type":"Polygon","coordinates":[[[-105.565346,44.683943],[-105.565209,44.687536],[-105.560196,44.687586],[-105.560336,44.683993],[-105.565346,44.683943]]]}},{"type":"Feature","properties":{"q":"SESE","ac":39.2},"geometry":{"type":"Polygon","coordinates":[[[-105.555326,44.684043],[-105.560336,44.683993],[-105.560196,44.687586],[-105.555183,44.687636],[-105.555326,44.684043]]]}},{"type":"Feature","properties":{"q":"11","ac":40.4},"geometry":{"type":"Polygon","coordinates":[[[-105.504624,44.65886],[-105.509714,44.658874],[-105.509718,44.662526],[-105.504629,44.662506],[-105.504624,44.65886]]]}},{"type":"Feature","properties":{"q":"NESW","ac":39.6},"geometry":{"type":"Polygon","coordinates":[[[-105.504596,44.644476],[-105.509707,44.644468],[-105.509708,44.648039],[-105.504603,44.648029],[-105.504596,44.644476]]]}},{"type":"Feature","properties":{"q":"10","ac":37.9},"geometry":{"type":"Polygon","coordinates":[[[-105.529624,44.647946],[-105.52473,44.647981],[-105.524764,44.644429],[-105.529705,44.644415],[-105.529624,44.647946]]]}},{"type":"Feature","properties":{"q":"13","ac":42.7},"geometry":{"type":"Polygon","coordinates":[[[-105.488793,44.640908],[-105.494352,44.640977],[-105.494395,44.644492],[-105.488813,44.644439],[-105.488793,44.640908]]]}},{"type":"Feature","properties":{"q":"SWSE","ac":40.7},"geometry":{"type":"Polygon","coordinates":[[[-105.539746,44.684064],[-105.54494,44.684057],[-105.544818,44.687667],[-105.539656,44.687683],[-105.539746,44.684064]]]}},{"type":"Feature","properties":{"q":"NESE","ac":39.2},"geometry":{"type":"Polygon","coordinates":[[[-105.514805,44.658888],[-105.519736,44.658856],[-105.51974,44.662507],[-105.514807,44.662545],[-105.514805,44.658888]]]}},{"type":"Feature","properties":{"q":"1","ac":39.8},"geometry":{"type":"Polygon","coordinates":[[[-105.494435,44.6516],[-105.499523,44.651611],[-105.499525,44.655204],[-105.494432,44.655194],[-105.494435,44.6516]]]}},{"type":"Feature","properties":{"q":"2","ac":38.6},"geometry":{"type":"Polygon","coordinates":[[[-105.529608,44.651548],[-105.529591,44.655149],[-105.524661,44.655177],[-105.524696,44.651579],[-105.529608,44.651548]]]}},{"type":"Feature","properties":{"q":"SWSE","ac":41.1},"geometry":{"type":"Polygon","coordinates":[[[-105.539713,44.655122],[-105.544907,44.655122],[-105.544908,44.65876],[-105.539729,44.658758],[-105.539713,44.655122]]]}},{"type":"Feature","properties":{"q":"SWSW","ac":40.6},"geometry":{"type":"Polygon","coordinates":[[[-105.550133,44.68405],[-105.555326,44.684043],[-105.555183,44.687636],[-105.55,44.687652],[-105.550133,44.68405]]]}},{"type":"Feature","properties":{"q":"2","ac":40.3},"geometry":{"type":"Polygon","coordinates":[[[-105.499565,44.666133],[-105.504635,44.666155],[-105.504641,44.669805],[-105.499556,44.669778],[-105.499565,44.666133]]]}},{"type":"Feature","properties":{"q":"15","ac":40.5},"geometry":{"type":"Polygon","coordinates":[[[-105.539745,44.673213],[-105.539734,44.66962],[-105.544913,44.669625],[-105.544919,44.673225],[-105.539745,44.673213]]]}},{"type":"Feature","properties":{"q":"7","ac":39.5},"geometry":{"type":"Polygon","coordinates":[[[-105.565213,44.676667],[-105.56528,44.680305],[-105.560279,44.680378],[-105.560222,44.676763],[-105.565213,44.676667]]]}},{"type":"Feature","properties":{"q":"6","ac":40.5},"geometry":{"type":"Polygon","coordinates":[[[-105.504629,44.662506],[-105.509718,44.662526],[-105.509722,44.666178],[-105.504635,44.666155],[-105.504629,44.662506]]]}},{"type":"Feature","properties":{"q":"NENE","ac":42.3},"geometry":{"type":"Polygon","coordinates":[[[-105.45066,44.651486],[-105.456006,44.651481],[-105.455974,44.655113],[-105.450626,44.655127],[-105.45066,44.651486]]]}},{"type":"Feature","properties":{"q":"2","ac":39.2},"geometry":{"type":"Polygon","coordinates":[[[-105.461213,44.680374],[-105.461196,44.683944],[-105.456141,44.68389],[-105.456122,44.680365],[-105.461213,44.680374]]]}},{"type":"Feature","properties":{"q":"SWSE","ac":42.1},"geometry":{"type":"Polygon","coordinates":[[[-105.461411,44.644242],[-105.45607,44.644223],[-105.456101,44.640596],[-105.46144,44.640631],[-105.461411,44.644242]]]}},{"type":"Feature","properties":{"q":"5","ac":44.4},"geometry":{"type":"Polygon","coordinates":[[[-105.450886,44.6949],[-105.456453,44.694939],[-105.456608,44.698572],[-105.450924,44.698516],[-105.450886,44.6949]]]}},{"type":"Feature","properties":{"q":"4","ac":39.6},"geometry":{"type":"Polygon","coordinates":[[[-105.534979,44.622323],[-105.53497,44.625966],[-105.529958,44.626017],[-105.529965,44.622409],[-105.534979,44.622323]]]}},{"type":"Feature","properties":{"q":"12","ac":40.7},"geometry":{"type":"Polygon","coordinates":[[[-105.534871,44.63343],[-105.529871,44.633491],[-105.529915,44.629754],[-105.53492,44.629698],[-105.534871,44.63343]]]}},{"type":"Feature","properties":{"q":"12","ac":38.6},"geometry":{"type":"Polygon","coordinates":[[[-105.555493,44.61515],[-105.560373,44.615113],[-105.560384,44.61874],[-105.555505,44.618776],[-105.555493,44.61515]]]}},{"type":"Feature","properties":{"q":"NWSW","ac":41.9},"geometry":{"type":"Polygon","coordinates":[[[-105.509767,44.615403],[-105.514881,44.615402],[-105.51496,44.619159],[-105.509812,44.619148],[-105.509767,44.615403]]]}},{"type":"Feature","properties":{"q":"SENW","ac":41.9},"geometry":{"type":"Polygon","coordinates":[[[-105.483905,44.619151],[-105.489185,44.619131],[-105.489089,44.622751],[-105.483725,44.622749],[-105.483905,44.619151]]]}},{"type":"Feature","properties":{"q":"14","ac":40.8},"geometry":{"type":"Polygon","coordinates":[[[-105.529958,44.626017],[-105.529915,44.629754],[-105.524909,44.62981],[-105.524947,44.626067],[-105.529958,44.626017]]]}},{"type":"Feature","properties":{"q":"8","ac":41.7},"geometry":{"type":"Polygon","coordinates":[[[-105.540014,44.633399],[-105.539966,44.637107],[-105.534822,44.637161],[-105.534871,44.63343],[-105.540014,44.633399]]]}},{"type":"Feature","properties":{"q":"1","ac":40.8},"geometry":{"type":"Polygon","coordinates":[[[-105.54011,44.625982],[-105.53497,44.625966],[-105.534979,44.622323],[-105.540119,44.622343],[-105.54011,44.625982]]]}},{"type":"Feature","properties":{"q":"12","ac":41.7},"geometry":{"type":"Polygon","coordinates":[[[-105.514924,44.626168],[-105.514886,44.629921],[-105.509773,44.629951],[-105.509804,44.626224],[-105.514924,44.626168]]]}},{"type":"Feature","properties":{"q":"SENE","ac":40.3},"geometry":{"type":"Polygon","coordinates":[[[-105.494454,44.622752],[-105.494464,44.619111],[-105.499564,44.619123],[-105.499564,44.62273],[-105.494454,44.622752]]]}},{"type":"Feature","properties":{"q":"7","ac":40.7},"geometry":{"type":"Polygon","coordinates":[[[-105.540128,44.618704],[-105.545268,44.618728],[-105.545259,44.622363],[-105.540119,44.622343],[-105.540128,44.618704]]]}},{"type":"Feature","properties":{"q":"9","ac":39.6},"geometry":{"type":"Polygon","coordinates":[[[-105.540167,44.615148],[-105.540128,44.618704],[-105.534988,44.61868],[-105.535057,44.615141],[-105.540167,44.615148]]]}},{"type":"Feature","properties":{"q":"15","ac":41.4},"geometry":{"type":"Polygon","coordinates":[[[-105.54011,44.625982],[-105.54525,44.625997],[-105.545203,44.629682],[-105.540062,44.62969],[-105.54011,44.625982]]]}},{"type":"Feature","properties":{"q":"SESE","ac":41.1},"geometry":{"type":"Polygon","coordinates":[[[-105.519921,44.615337],[-105.514881,44.615402],[-105.514803,44.611645],[-105.519884,44.611634],[-105.519921,44.615337]]]}},{"type":"Feature","properties":{"q":"5","ac":40.5},"geometry":{"type":"Polygon","coordinates":[[[-105.550387,44.618752],[-105.555505,44.618776],[-105.555517,44.622401],[-105.550388,44.622382],[-105.550387,44.618752]]]}},{"type":"Feature","properties":{"q":"14","ac":41.1},"geometry":{"type":"Polygon","coordinates":[[[-105.504683,44.626281],[-105.504659,44.629981],[-105.49954,44.63001],[-105.499563,44.626337],[-105.504683,44.626281]]]}},{"type":"Feature","properties":{"q":"11","ac":38.6},"geometry":{"type":"Polygon","coordinates":[[[-105.560384,44.61874],[-105.560394,44.622367],[-105.555517,44.622401],[-105.555505,44.618776],[-105.560384,44.61874]]]}},{"type":"Feature","properties":{"q":"8","ac":39.4},"geometry":{"type":"Polygon","coordinates":[[[-105.514836,44.637272],[-105.514848,44.633675],[-105.51986,44.633614],[-105.519836,44.637243],[-105.514836,44.637272]]]}},{"type":"Feature","properties":{"q":"10","ac":38.8},"geometry":{"type":"Polygon","coordinates":[[[-105.57013,44.6332],[-105.570117,44.636837],[-105.565219,44.636873],[-105.56524,44.633235],[-105.57013,44.6332]]]}},{"type":"Feature","properties":{"q":"20","ac":38.7},"geometry":{"type":"Polygon","coordinates":[[[-105.555529,44.626027],[-105.560405,44.625993],[-105.560378,44.629632],[-105.555496,44.629666],[-105.555529,44.626027]]]}},{"type":"Feature","properties":{"q":"SWNE","ac":41.5},"geometry":{"type":"Polygon","coordinates":[[[-105.478647,44.619171],[-105.483905,44.619151],[-105.483725,44.622749],[-105.478371,44.622747],[-105.478647,44.619171]]]}},{"type":"Feature","properties":{"q":"NESE","ac":40.7},"geometry":{"type":"Polygon","coordinates":[[[-105.499564,44.615437],[-105.499564,44.619123],[-105.494464,44.619111],[-105.494475,44.615469],[-105.499564,44.615437]]]}},{"type":"Feature","properties":{"q":"NWSE","ac":40.7},"geometry":{"type":"Polygon","coordinates":[[[-105.478647,44.619171],[-105.478923,44.615593],[-105.484085,44.615551],[-105.483905,44.619151],[-105.478647,44.619171]]]}},{"type":"Feature","properties":{"q":"7","ac":44.7},"geometry":{"type":"Polygon","coordinates":[[[-105.483391,44.63355],[-105.483313,44.637194],[-105.477708,44.637125],[-105.47774,44.63348],[-105.483391,44.63355]]]}},{"type":"Feature","properties":{"q":"10","ac":39.1},"geometry":{"type":"Polygon","coordinates":[[[-105.530008,44.615207],[-105.535057,44.615141],[-105.534988,44.61868],[-105.529971,44.6188],[-105.530008,44.615207]]]}},{"type":"Feature","properties":{"q":"12","ac":38.8},"geometry":{"type":"Polygon","coordinates":[[[-105.560351,44.63327],[-105.560323,44.636908],[-105.555426,44.636944],[-105.555462,44.633304],[-105.560351,44.63327]]]}},{"type":"Feature","properties":{"q":"16","ac":39.4},"geometry":{"type":"Polygon","coordinates":[[[-105.535057,44.615141],[-105.535126,44.611602],[-105.540206,44.611592],[-105.540167,44.615148],[-105.535057,44.615141]]]}},{"type":"Feature","properties":{"q":"12","ac":40.3},"geometry":{"type":"Polygon","coordinates":[[[-105.550385,44.615153],[-105.555493,44.61515],[-105.555505,44.618776],[-105.550387,44.618752],[-105.550385,44.615153]]]}},{"type":"Feature","properties":{"q":"5","ac":39.6},"geometry":{"type":"Polygon","coordinates":[[[-105.534988,44.61868],[-105.534979,44.622323],[-105.529965,44.622409],[-105.529971,44.6188],[-105.534988,44.61868]]]}},{"type":"Feature","properties":{"q":"NWNW","ac":42.1},"geometry":{"type":"Polygon","coordinates":[[[-105.473018,44.622745],[-105.472646,44.6263],[-105.467172,44.626237],[-105.46764,44.622686],[-105.473018,44.622745]]]}},{"type":"Feature","properties":{"q":"8","ac":44.7},"geometry":{"type":"Polygon","coordinates":[[[-105.477708,44.637125],[-105.472103,44.637055],[-105.472089,44.63341],[-105.47774,44.63348],[-105.477708,44.637125]]]}},{"type":"Feature","properties":{"q":"NENE","ac":43.5},"geometry":{"type":"Polygon","coordinates":[[[-105.450703,44.622498],[-105.456483,44.622562],[-105.456225,44.62611],[-105.450751,44.626047],[-105.450703,44.622498]]]}},{"type":"Feature","properties":{"q":"NENW","ac":42.0},"geometry":{"type":"Polygon","coordinates":[[[-105.462263,44.622626],[-105.46764,44.622686],[-105.467172,44.626237],[-105.461699,44.626174],[-105.462263,44.622626]]]}},{"type":"Feature","properties":{"q":"NWNE","ac":43.6},"geometry":{"type":"Polygon","coordinates":[[[-105.462263,44.622626],[-105.461699,44.626174],[-105.456225,44.62611],[-105.456483,44.622562],[-105.462263,44.622626]]]}},{"type":"Feature","properties":{"q":"NESW","ac":40.0},"geometry":{"type":"Polygon","coordinates":[[[-105.468572,44.615614],[-105.468109,44.619135],[-105.462828,44.619079],[-105.463382,44.615593],[-105.468572,44.615614]]]}},{"type":"Feature","properties":{"q":"SENE","ac":42.6},"geometry":{"type":"Polygon","coordinates":[[[-105.450757,44.633305],[-105.456164,44.633332],[-105.456132,44.636964],[-105.45076,44.636933],[-105.450757,44.633305]]]}},{"type":"Feature","properties":{"q":"NENE","ac":42.0},"geometry":{"type":"Polygon","coordinates":[[[-105.473018,44.622745],[-105.478371,44.622747],[-105.478095,44.626323],[-105.472646,44.6263],[-105.473018,44.622745]]]}},{"type":"Feature","properties":{"q":"NESE","ac":48.1},"geometry":{"type":"Polygon","coordinates":[[[-105.456995,44.615496],[-105.456741,44.619014],[-105.450655,44.618949],[-105.450607,44.615399],[-105.456995,44.615496]]]}},{"type":"Feature","properties":{"q":"NESE","ac":43.6},"geometry":{"type":"Polygon","coordinates":[[[-105.472368,44.629855],[-105.477918,44.629902],[-105.47774,44.63348],[-105.472089,44.63341],[-105.472368,44.629855]]]}},{"type":"Feature","properties":{"q":"SESW","ac":39.3},"geometry":{"type":"Polygon","coordinates":[[[-105.469035,44.612094],[-105.468572,44.615614],[-105.463382,44.615593],[-105.463937,44.612107],[-105.469035,44.612094]]]}},{"type":"Feature","properties":{"q":"SWNW","ac":41.3},"geometry":{"type":"Polygon","coordinates":[[[-105.473018,44.622745],[-105.46764,44.622686],[-105.468109,44.619135],[-105.473389,44.61919],[-105.473018,44.622745]]]}},{"type":"Feature","properties":{"q":"SWNE","ac":45.9},"geometry":{"type":"Polygon","coordinates":[[[-105.456741,44.619014],[-105.462828,44.619079],[-105.462263,44.622626],[-105.456483,44.622562],[-105.456741,44.619014]]]}},{"type":"Feature","properties":{"q":"NWSW","ac":40.4},"geometry":{"type":"Polygon","coordinates":[[[-105.468572,44.615614],[-105.473761,44.615636],[-105.473389,44.61919],[-105.468109,44.619135],[-105.468572,44.615614]]]}},{"type":"Feature","properties":{"q":"SWSW","ac":42.1},"geometry":{"type":"Polygon","coordinates":[[[-105.472646,44.6263],[-105.472368,44.629855],[-105.467001,44.629811],[-105.467172,44.626237],[-105.472646,44.6263]]]}},{"type":"Feature","properties":{"q":"SWSE","ac":50.0},"geometry":{"type":"Polygon","coordinates":[[[-105.457248,44.611978],[-105.463937,44.612107],[-105.463382,44.615593],[-105.456995,44.615496],[-105.457248,44.611978]]]}},{"type":"Feature","properties":{"q":"4","ac":42.8},"geometry":{"type":"Polygon","coordinates":[[[-105.456225,44.62611],[-105.461699,44.626174],[-105.461634,44.629766],[-105.456194,44.629721],[-105.456225,44.62611]]]}},{"type":"Feature","properties":{"q":"NESE","ac":42.8},"geometry":{"type":"Polygon","coordinates":[[[-105.450754,44.629676],[-105.456194,44.629721],[-105.456164,44.633332],[-105.450757,44.633305],[-105.450754,44.629676]]]}},{"type":"Feature","properties":{"q":"3","ac":42.3},"geometry":{"type":"Polygon","coordinates":[[[-105.461699,44.626174],[-105.467172,44.626237],[-105.467001,44.629811],[-105.461634,44.629766],[-105.461699,44.626174]]]}},{"type":"Feature","properties":{"q":"SENW","ac":41.9},"geometry":{"type":"Polygon","coordinates":[[[-105.46157,44.633359],[-105.46683,44.633385],[-105.466804,44.637025],[-105.461505,44.636995],[-105.46157,44.633359]]]}},{"type":"Feature","properties":{"q":"SESE","ac":39.7},"geometry":{"type":"Polygon","coordinates":[[[-105.479199,44.612016],[-105.478923,44.615593],[-105.473761,44.615636],[-105.474132,44.612081],[-105.479199,44.612016]]]}},{"type":"Feature","properties":{"q":"9","ac":37.3},"geometry":{"type":"Polygon","coordinates":[[[-105.574793,44.662099],[-105.574801,44.665652],[-105.56999,44.665743],[-105.569995,44.662174],[-105.574793,44.662099]]]}},{"type":"Feature","properties":{"q":"4","ac":37.1},"geometry":{"type":"Polygon","coordinates":[[[-105.574777,44.654993],[-105.574785,44.658546],[-105.57,44.658599],[-105.570005,44.655025],[-105.574777,44.654993]]]}},{"type":"Feature","properties":{"q":"16","ac":36.9},"geometry":{"type":"Polygon","coordinates":[[[-105.570077,44.644114],[-105.570104,44.640474],[-105.57474,44.64044],[-105.574745,44.644077],[-105.570077,44.644114]]]}},{"type":"Feature","properties":{"q":"SWSW","ac":38.9},"geometry":{"type":"Polygon","coordinates":[[[-105.534553,44.684071],[-105.534494,44.687698],[-105.529562,44.687738],[-105.529631,44.684112],[-105.534553,44.684071]]]}},{"type":"Feature","properties":{"q":"19","ac":45.4},"geometry":{"type":"Polygon","coordinates":[[[-105.477129,44.684107],[-105.482951,44.684162],[-105.48316,44.6878],[-105.477527,44.68776],[-105.477129,44.684107]]]}},{"type":"Feature","properties":{"q":"2","ac":46.0},"geometry":{"type":"Polygon","coordinates":[[[-105.482981,44.680516],[-105.488773,44.680579],[-105.488774,44.684217],[-105.482951,44.684162],[-105.482981,44.680516]]]}},{"type":"Feature","properties":{"q":"SWNW","ac":39.1},"geometry":{"type":"Polygon","coordinates":[[[-105.534587,44.676789],[-105.53457,44.68043],[-105.529636,44.680478],[-105.529642,44.676843],[-105.534587,44.676789]]]}},{"type":"Feature","properties":{"q":"NESW","ac":41.2},"geometry":{"type":"Polygon","coordinates":[[[-105.544908,44.65876],[-105.550102,44.658761],[-105.550104,44.6624],[-105.54491,44.662397],[-105.544908,44.65876]]]}},{"type":"Feature","properties":{"q":"9","ac":45.4},"geometry":{"type":"Polygon","coordinates":[[[-105.494502,44.673382],[-105.494534,44.677012],[-105.488772,44.676941],[-105.488771,44.673309],[-105.494502,44.673382]]]}},{"type":"Feature","properties":{"q":"9","ac":38.5},"geometry":{"type":"Polygon","coordinates":[[[-105.524764,44.644429],[-105.52473,44.647981],[-105.519772,44.648016],[-105.519792,44.644444],[-105.524764,44.644429]]]}},{"type":"Feature","properties":{"q":"7","ac":40.8},"geometry":{"type":"Polygon","coordinates":[[[-105.539757,44.676807],[-105.544926,44.676824],[-105.544933,44.680441],[-105.539751,44.680436],[-105.539757,44.676807]]]}},{"type":"Feature","properties":{"q":"11","ac":40.8},"geometry":{"type":"Polygon","coordinates":[[[-105.539746,44.684064],[-105.539656,44.687683],[-105.534494,44.687698],[-105.534553,44.684071],[-105.539746,44.684064]]]}},{"type":"Feature","properties":{"q":"2","ac":43.9},"geometry":{"type":"Polygon","coordinates":[[[-105.483227,44.651533],[-105.483224,44.655133],[-105.47762,44.655102],[-105.477635,44.651499],[-105.483227,44.651533]]]}},{"type":"Feature","properties":{"q":"NWNE","ac":40.7},"geometry":{"type":"Polygon","coordinates":[[[-105.539739,44.666007],[-105.544911,44.666011],[-105.544913,44.669625],[-105.539734,44.66962],[-105.539739,44.666007]]]}},{"type":"Feature","properties":{"q":"14","ac":42.9},"geometry":{"type":"Polygon","coordinates":[[[-105.483235,44.640839],[-105.488793,44.640908],[-105.488813,44.644439],[-105.483232,44.644386],[-105.483235,44.640839]]]}},{"type":"Feature","properties":{"q":"NENW","ac":39.0},"geometry":{"type":"Polygon","coordinates":[[[-105.524684,44.669736],[-105.524678,44.666102],[-105.529623,44.666053],[-105.52962,44.669675],[-105.524684,44.669736]]]}},{"type":"Feature","properties":{"q":"11","ac":38.3},"geometry":{"type":"Polygon","coordinates":[[[-105.565091,44.66225],[-105.565085,44.665835],[-105.560184,44.665927],[-105.560194,44.662327],[-105.565091,44.66225]]]}},{"type":"Feature","properties":{"q":"17","ac":45.1},"geometry":{"type":"Polygon","coordinates":[[[-105.494444,44.687879],[-105.488802,44.687839],[-105.488774,44.684217],[-105.494596,44.684272],[-105.494444,44.687879]]]}},{"type":"Feature","properties":{"q":"SESW","ac":38.3},"geometry":{"type":"Polygon","coordinates":[[[-105.570005,44.655025],[-105.57,44.658599],[-105.565096,44.658654],[-105.565102,44.655058],[-105.570005,44.655025]]]}},{"type":"Feature","properties":{"q":"8","ac":39.2},"geometry":{"type":"Polygon","coordinates":[[[-105.560222,44.676763],[-105.560279,44.680378],[-105.555278,44.680451],[-105.55523,44.676859],[-105.560222,44.676763]]]}},{"type":"Feature","properties":{"q":"7","ac":45.8},"geometry":{"type":"Polygon","coordinates":[[[-105.48304,44.673237],[-105.48301,44.67687],[-105.477203,44.676799],[-105.477285,44.673164],[-105.48304,44.673237]]]}},{"type":"Feature","properties":{"q":"NWSW","ac":38.6},"geometry":{"type":"Polygon","coordinates":[[[-105.534571,44.673202],[-105.534587,44.676789],[-105.529642,44.676843],[-105.529631,44.673259],[-105.534571,44.673202]]]}},{"type":"Feature","properties":{"q":"SENE","ac":46.3},"geometry":{"type":"Polygon","coordinates":[[[-105.471396,44.676727],[-105.477203,44.676799],[-105.477166,44.680453],[-105.471351,44.68039],[-105.471396,44.676727]]]}},{"type":"Feature","properties":{"q":"20","ac":41.7},"geometry":{"type":"Polygon","coordinates":[[[-105.451086,44.683835],[-105.456141,44.68389],[-105.45622,44.6876],[-105.450967,44.68756],[-105.451086,44.683835]]]}},{"type":"Feature","properties":{"q":"10","ac":41.0},"geometry":{"type":"Polygon","coordinates":[[[-105.456064,44.669583],[-105.461265,44.66954],[-105.461248,44.673171],[-105.456084,44.673212],[-105.456064,44.669583]]]}},{"type":"Feature","properties":{"q":"8","ac":41.7},"geometry":{"type":"Polygon","coordinates":[[[-105.461307,44.65871],[-105.461293,44.66232],[-105.456019,44.662348],[-105.455996,44.658731],[-105.461307,44.65871]]]}},{"type":"Feature","properties":{"q":"NESE","ac":45.8},"geometry":{"type":"Polygon","coordinates":[[[-105.471531,44.67309],[-105.477285,44.673164],[-105.477203,44.676799],[-105.471396,44.676727],[-105.471531,44.67309]]]}},{"type":"Feature","properties":{"q":"6","ac":41.4},"geometry":{"type":"Polygon","coordinates":[[[-105.456019,44.662348],[-105.456042,44.665966],[-105.450804,44.666001],[-105.450745,44.662377],[-105.456019,44.662348]]]}},{"type":"Feature","properties":{"q":"3","ac":40.6},"geometry":{"type":"Polygon","coordinates":[[[-105.549734,44.694844],[-105.5496,44.698472],[-105.544453,44.698479],[-105.544575,44.694867],[-105.549734,44.694844]]]}},{"type":"Feature","properties":{"q":"11","ac":39.6},"geometry":{"type":"Polygon","coordinates":[[[-105.504242,44.695077],[-105.49919,44.695085],[-105.499348,44.691485],[-105.504404,44.691484],[-105.504242,44.695077]]]}},{"type":"Feature","properties":{"q":"14","ac":39.4},"geometry":{"type":"Polygon","coordinates":[[[-105.519656,44.687818],[-105.52463,44.687778],[-105.524551,44.691403],[-105.519525,44.691442],[-105.519656,44.687818]]]}},{"type":"Feature","properties":{"q":"11","ac":39.3},"geometry":{"type":"Polygon","coordinates":[[[-105.524551,44.691403],[-105.524473,44.694957],[-105.519395,44.69503],[-105.519525,44.691442],[-105.524551,44.691403]]]}},{"type":"Feature","properties":{"q":"3","ac":37.2},"geometry":{"type":"Polygon","coordinates":[[[-105.569995,44.662174],[-105.57,44.658599],[-105.574785,44.658546],[-105.574793,44.662099],[-105.569995,44.662174]]]}},{"type":"Feature","properties":{"q":"2","ac":37.6},"geometry":{"type":"Polygon","coordinates":[[[-105.570063,44.676574],[-105.574826,44.676482],[-105.574835,44.68012],[-105.570103,44.680212],[-105.570063,44.676574]]]}},{"type":"Feature","properties":{"q":"SENW","ac":39.1},"geometry":{"type":"Polygon","coordinates":[[[-105.529642,44.676843],[-105.529636,44.680478],[-105.524703,44.680525],[-105.524696,44.676897],[-105.529642,44.676843]]]}},{"type":"Feature","properties":{"q":"NWSE","ac":41.0},"geometry":{"type":"Polygon","coordinates":[[[-105.539729,44.658758],[-105.544908,44.65876],[-105.54491,44.662397],[-105.539745,44.662395],[-105.539729,44.658758]]]}},{"type":"Feature","properties":{"q":"4","ac":40.5},"geometry":{"type":"Polygon","coordinates":[[[-105.509722,44.666178],[-105.514809,44.666201],[-105.514811,44.669857],[-105.509726,44.669831],[-105.509722,44.666178]]]}},{"type":"Feature","properties":{"q":"4","ac":43.9},"geometry":{"type":"Polygon","coordinates":[[[-105.488831,44.651567],[-105.494435,44.6516],[-105.494432,44.655194],[-105.488828,44.655164],[-105.488831,44.651567]]]}},{"type":"Feature","properties":{"q":"5","ac":39.8},"geometry":{"type":"Polygon","coordinates":[[[-105.494438,44.648006],[-105.49952,44.648017],[-105.499523,44.651611],[-105.494435,44.6516],[-105.494438,44.648006]]]}},{"type":"Feature","properties":{"q":"2","ac":40.3},"geometry":{"type":"Polygon","coordinates":[[[-105.509724,44.637287],[-105.509706,44.640896],[-105.504588,44.640923],[-105.504612,44.637302],[-105.509724,44.637287]]]}},{"type":"Feature","properties":{"q":"7","ac":38.2},"geometry":{"type":"Polygon","coordinates":[[[-105.565085,44.665835],[-105.56999,44.665743],[-105.569985,44.669312],[-105.56508,44.66942],[-105.565085,44.665835]]]}},{"type":"Feature","properties":{"q":"17","ac":39.9},"geometry":{"type":"Polygon","coordinates":[[[-105.509798,44.684244],[-105.514865,44.684235],[-105.514683,44.687858],[-105.509625,44.687863],[-105.509798,44.684244]]]}},{"type":"Feature","properties":{"q":"12","ac":42.9},"geometry":{"type":"Polygon","coordinates":[[[-105.488813,44.644439],[-105.494395,44.644492],[-105.494438,44.648006],[-105.488834,44.64797],[-105.488813,44.644439]]]}},{"type":"Feature","properties":{"q":"7","ac":38.8},"geometry":{"type":"Polygon","coordinates":[[[-105.570117,44.636837],[-105.570104,44.640474],[-105.565199,44.64051],[-105.565219,44.636873],[-105.570117,44.636837]]]}},{"type":"Feature","properties":{"q":"4","ac":40.4},"geometry":{"type":"Polygon","coordinates":[[[-105.529828,44.637188],[-105.534822,44.637161],[-105.534772,44.640893],[-105.529785,44.640885],[-105.529828,44.637188]]]}},{"type":"Feature","properties":{"q":"SESW","ac":39.7},"geometry":{"type":"Polygon","coordinates":[[[-105.509706,44.640896],[-105.509707,44.644468],[-105.504596,44.644476],[-105.504588,44.640923],[-105.509706,44.640896]]]}},{"type":"Feature","properties":{"q":"7","ac":38.7},"geometry":{"type":"Polygon","coordinates":[[[-105.514809,44.651641],[-105.514814,44.64805],[-105.519772,44.648016],[-105.519752,44.65161],[-105.514809,44.651641]]]}},{"type":"Feature","properties":{"q":"14","ac":38.8},"geometry":{"type":"Polygon","coordinates":[[[-105.56508,44.66942],[-105.565146,44.673044],[-105.560198,44.673146],[-105.560174,44.669528],[-105.56508,44.66942]]]}},{"type":"Feature","properties":{"q":"NWSW","ac":39.2},"geometry":{"type":"Polygon","coordinates":[[[-105.534549,44.658757],[-105.534579,44.662392],[-105.529626,44.66243],[-105.529608,44.65879],[-105.534549,44.658757]]]}},{"type":"Feature","properties":{"q":"NWSE","ac":38.5},"geometry":{"type":"Polygon","coordinates":[[[-105.560196,44.658708],[-105.565096,44.658654],[-105.565091,44.66225],[-105.560194,44.662327],[-105.560196,44.658708]]]}},{"type":"Feature","properties":{"q":"8","ac":40.2},"geometry":{"type":"Polygon","coordinates":[[[-105.494518,44.662468],[-105.499574,44.662487],[-105.499565,44.666133],[-105.494495,44.66611],[-105.494518,44.662468]]]}},{"type":"Feature","properties":{"q":"2","ac":44.8},"geometry":{"type":"Polygon","coordinates":[[[-105.483108,44.665984],[-105.483069,44.669603],[-105.477368,44.669528],[-105.477431,44.665921],[-105.483108,44.665984]]]}},{"type":"Feature","properties":{"q":"5","ac":40.5},"geometry":{"type":"Polygon","coordinates":[[[-105.514807,44.662545],[-105.514809,44.666201],[-105.509722,44.666178],[-105.509718,44.662526],[-105.514807,44.662545]]]}},{"type":"Feature","properties":{"q":"7","ac":38.8},"geometry":{"type":"Polygon","coordinates":[[[-105.570028,44.651389],[-105.570005,44.655025],[-105.565102,44.655058],[-105.565126,44.651426],[-105.570028,44.651389]]]}},{"type":"Feature","properties":{"q":"16","ac":40.1},"geometry":{"type":"Polygon","coordinates":[[[-105.494471,44.669752],[-105.499556,44.669778],[-105.499583,44.673394],[-105.494502,44.673382],[-105.494471,44.669752]]]}},{"type":"Feature","properties":{"q":"3","ac":44.0},"geometry":{"type":"Polygon","coordinates":[[[-105.488793,44.640908],[-105.483235,44.640839],[-105.483313,44.637194],[-105.488844,44.637263],[-105.488793,44.640908]]]}},{"type":"Feature","properties":{"q":"7","ac":40.7},"geometry":{"type":"Polygon","coordinates":[[[-105.461248,44.673171],[-105.46123,44.676803],[-105.456103,44.676841],[-105.456084,44.673212],[-105.461248,44.673171]]]}},{"type":"Feature","properties":{"q":"8","ac":44.4},"geometry":{"type":"Polygon","coordinates":[[[-105.477494,44.662314],[-105.477431,44.665921],[-105.471754,44.665858],[-105.471841,44.662262],[-105.477494,44.662314]]]}},{"type":"Feature","properties":{"q":"10","ac":41.5},"geometry":{"type":"Polygon","coordinates":[[[-105.471841,44.662262],[-105.466567,44.662291],[-105.466618,44.658688],[-105.471929,44.658667],[-105.471841,44.662262]]]}},{"type":"Feature","properties":{"q":"1","ac":44.3},"geometry":{"type":"Polygon","coordinates":[[[-105.477708,44.637125],[-105.477676,44.640769],[-105.472118,44.6407],[-105.472103,44.637055],[-105.477708,44.637125]]]}},{"type":"Feature","properties":{"q":"5","ac":41.4},"geometry":{"type":"Polygon","coordinates":[[[-105.461293,44.66232],[-105.461279,44.66593],[-105.456042,44.665966],[-105.456019,44.662348],[-105.461293,44.66232]]]}},{"type":"Feature","properties":{"q":"NWSE","ac":42.1},"geometry":{"type":"Polygon","coordinates":[[[-105.45607,44.644223],[-105.461411,44.644242],[-105.461381,44.647852],[-105.456038,44.647849],[-105.45607,44.644223]]]}},{"type":"Feature","properties":{"q":"9","ac":40.3},"geometry":{"type":"Polygon","coordinates":[[[-105.534435,44.691325],[-105.539565,44.691301],[-105.539475,44.694909],[-105.534376,44.694951],[-105.534435,44.691325]]]}},{"type":"Feature","properties":{"q":"7","ac":37.4},"geometry":{"type":"Polygon","coordinates":[[[-105.574851,44.687394],[-105.570061,44.687465],[-105.570142,44.683849],[-105.574843,44.683758],[-105.574851,44.687394]]]}},{"type":"Feature","properties":{"q":"8","ac":36.6},"geometry":{"type":"Polygon","coordinates":[[[-105.574731,44.636804],[-105.57474,44.64044],[-105.570104,44.640474],[-105.570117,44.636837],[-105.574731,44.636804]]]}},{"type":"Feature","properties":{"q":"15","ac":37.1},"geometry":{"type":"Polygon","coordinates":[[[-105.574745,44.644077],[-105.57475,44.647714],[-105.57005,44.647753],[-105.570077,44.644114],[-105.574745,44.644077]]]}},{"type":"Feature","properties":{"q":"3","ac":37.8},"geometry":{"type":"Polygon","coordinates":[[[-105.574818,44.672843],[-105.574826,44.676482],[-105.570063,44.676574],[-105.570024,44.672943],[-105.574818,44.672843]]]}},{"type":"Feature","properties":{"q":"SESW","ac":38.5},"geometry":{"type":"Polygon","coordinates":[[[-105.52469,44.673317],[-105.524684,44.669736],[-105.52962,44.669675],[-105.529631,44.673259],[-105.52469,44.673317]]]}},{"type":"Feature","properties":{"q":"SWNE","ac":40.7},"geometry":{"type":"Polygon","coordinates":[[[-105.539745,44.662395],[-105.54491,44.662397],[-105.544911,44.666011],[-105.539739,44.666007],[-105.539745,44.662395]]]}},{"type":"Feature","properties":{"q":"5","ac":45.1},"geometry":{"type":"Polygon","coordinates":[[[-105.488833,44.662417],[-105.494518,44.662468],[-105.494495,44.66611],[-105.488801,44.666047],[-105.488833,44.662417]]]}},{"type":"Feature","properties":{"q":"4","ac":39.8},"geometry":{"type":"Polygon","coordinates":[[[-105.49952,44.648017],[-105.504603,44.648029],[-105.50461,44.651621],[-105.499523,44.651611],[-105.49952,44.648017]]]}},{"type":"Feature","properties":{"q":"NENE","ac":38.6},"geometry":{"type":"Polygon","coordinates":[[[-105.519752,44.65161],[-105.519732,44.655204],[-105.514803,44.655232],[-105.514809,44.651641],[-105.519752,44.65161]]]}},{"type":"Feature","properties":{"q":"7","ac":41.1},"geometry":{"type":"Polygon","coordinates":[[[-105.539752,44.647902],[-105.544986,44.647893],[-105.544947,44.651508],[-105.539733,44.651512],[-105.539752,44.647902]]]}},{"type":"Feature","properties":{"q":"10","ac":40.2},"geometry":{"type":"Polygon","coordinates":[[[-105.49955,44.658845],[-105.504624,44.65886],[-105.504629,44.662506],[-105.499574,44.662487],[-105.49955,44.658845]]]}},{"type":"Feature","properties":{"q":"9","ac":40.4},"geometry":{"type":"Polygon","coordinates":[[[-105.534571,44.673202],[-105.539745,44.673213],[-105.539757,44.676807],[-105.534587,44.676789],[-105.534571,44.673202]]]}},{"type":"Feature","properties":{"q":"NWNW","ac":39.9},"geometry":{"type":"Polygon","coordinates":[[[-105.509709,44.651631],[-105.514809,44.651641],[-105.514803,44.655232],[-105.509711,44.655223],[-105.509709,44.651631]]]}},{"type":"Feature","properties":{"q":"10","ac":43.2},"geometry":{"type":"Polygon","coordinates":[[[-105.483232,44.644386],[-105.48323,44.647933],[-105.47765,44.647896],[-105.477663,44.644333],[-105.483232,44.644386]]]}},{"type":"Feature","properties":{"q":"SESE","ac":39.2},"geometry":{"type":"Polygon","coordinates":[[[-105.514805,44.658888],[-105.514803,44.655232],[-105.519732,44.655204],[-105.519736,44.658856],[-105.514805,44.658888]]]}},{"type":"Feature","properties":{"q":"SESE","ac":38.9},"geometry":{"type":"Polygon","coordinates":[[[-105.560294,44.640547],[-105.560271,44.644191],[-105.555367,44.644229],[-105.555389,44.640583],[-105.560294,44.640547]]]}},{"type":"Feature","properties":{"q":"14","ac":40.6},"geometry":{"type":"Polygon","coordinates":[[[-105.544913,44.669625],[-105.550091,44.669631],[-105.550085,44.673236],[-105.544919,44.673225],[-105.544913,44.669625]]]}},{"type":"Feature","properties":{"q":"1","ac":46.2},"geometry":{"type":"Polygon","coordinates":[[[-105.477166,44.680453],[-105.482981,44.680516],[-105.482951,44.684162],[-105.477129,44.684107],[-105.477166,44.680453]]]}},{"type":"Feature","properties":{"q":"SESE","ac":41.1},"geometry":{"type":"Polygon","coordinates":[[[-105.53452,44.655121],[-105.539713,44.655122],[-105.539729,44.658758],[-105.534549,44.658757],[-105.53452,44.655121]]]}},{"type":"Feature","properties":{"q":"SENW","ac":40.9},"geometry":{"type":"Polygon","coordinates":[[[-105.54491,44.662397],[-105.550104,44.6624],[-105.550097,44.666015],[-105.544911,44.666011],[-105.54491,44.662397]]]}},{"type":"Feature","properties":{"q":"SWSW","ac":38.6},"geometry":{"type":"Polygon","coordinates":[[[-105.534556,44.669615],[-105.534571,44.673202],[-105.529631,44.673259],[-105.52962,44.669675],[-105.534556,44.669615]]]}},{"type":"Feature","properties":{"q":"12","ac":40.9},"geometry":{"type":"Polygon","coordinates":[[[-105.550165,44.647884],[-105.550196,44.644273],[-105.555367,44.644229],[-105.555345,44.647875],[-105.550165,44.647884]]]}},{"type":"Feature","properties":{"q":"6","ac":40.8},"geometry":{"type":"Polygon","coordinates":[[[-105.544986,44.647893],[-105.550165,44.647884],[-105.550133,44.651504],[-105.544947,44.651508],[-105.544986,44.647893]]]}},{"type":"Feature","properties":{"q":"10","ac":39.2},"geometry":{"type":"Polygon","coordinates":[[[-105.565146,44.673044],[-105.565213,44.676667],[-105.560222,44.676763],[-105.560198,44.673146],[-105.565146,44.673044]]]}},{"type":"Feature","properties":{"q":"14","ac":38.6},"geometry":{"type":"Polygon","coordinates":[[[-105.519811,44.640873],[-105.524798,44.640877],[-105.524764,44.644429],[-105.519792,44.644444],[-105.519811,44.640873]]]}},{"type":"Feature","properties":{"q":"3","ac":40.4},"geometry":{"type":"Polygon","coordinates":[[[-105.504635,44.666155],[-105.509722,44.666178],[-105.509726,44.669831],[-105.504641,44.669805],[-105.504635,44.666155]]]}},{"type":"Feature","properties":{"q":"12","ac":39.6},"geometry":{"type":"Polygon","coordinates":[[[-105.509747,44.673419],[-105.514831,44.673431],[-105.514851,44.677004],[-105.509769,44.677007],[-105.509747,44.673419]]]}},{"type":"Feature","properties":{"q":"8","ac":38.7},"geometry":{"type":"Polygon","coordinates":[[[-105.519792,44.644444],[-105.519772,44.648016],[-105.514814,44.64805],[-105.514819,44.644459],[-105.519792,44.644444]]]}},{"type":"Feature","properties":{"q":"8","ac":40.1},"geometry":{"type":"Polygon","coordinates":[[[-105.494534,44.677012],[-105.49961,44.67701],[-105.499637,44.680636],[-105.494565,44.680642],[-105.494534,44.677012]]]}},{"type":"Feature","properties":{"q":"1","ac":40.3},"geometry":{"type":"Polygon","coordinates":[[[-105.494495,44.66611],[-105.499565,44.666133],[-105.499556,44.669778],[-105.494471,44.669752],[-105.494495,44.66611]]]}},{"type":"Feature","properties":{"q":"12","ac":44.8},"geometry":{"type":"Polygon","coordinates":[[[-105.48883,44.65879],[-105.494475,44.658831],[-105.494518,44.662468],[-105.488833,44.662417],[-105.48883,44.65879]]]}},{"type":"Feature","properties":{"q":"SENE","ac":40.7},"geometry":{"type":"Polygon","coordinates":[[[-105.534579,44.662392],[-105.539745,44.662395],[-105.539739,44.666007],[-105.534568,44.666003],[-105.534579,44.662392]]]}},{"type":"Feature","properties":{"q":"3","ac":38.6},"geometry":{"type":"Polygon","coordinates":[[[-105.534519,44.651516],[-105.53452,44.655121],[-105.529591,44.655149],[-105.529608,44.651548],[-105.534519,44.651516]]]}},{"type":"Feature","properties":{"q":"SENW","ac":38.3},"geometry":{"type":"Polygon","coordinates":[[[-105.570063,44.676574],[-105.570103,44.680212],[-105.56528,44.680305],[-105.565213,44.676667],[-105.570063,44.676574]]]}},{"type":"Feature","properties":{"q":"19","ac":39.0},"geometry":{"type":"Polygon","coordinates":[[[-105.514865,44.684235],[-105.519787,44.684194],[-105.519656,44.687818],[-105.514683,44.687858],[-105.514865,44.684235]]]}},{"type":"Feature","properties":{"q":"2","ac":39.8},"geometry":{"type":"Polygon","coordinates":[[[-105.499525,44.655204],[-105.499523,44.651611],[-105.50461,44.651621],[-105.504618,44.655213],[-105.499525,44.655204]]]}},{"type":"Feature","properties":{"q":"NWSW","ac":41.2},"geometry":{"type":"Polygon","coordinates":[[[-105.550104,44.6624],[-105.550102,44.658761],[-105.555296,44.658763],[-105.555298,44.662402],[-105.550104,44.6624]]]}},{"type":"Feature","properties":{"q":"4","ac":40.6},"geometry":{"type":"Polygon","coordinates":[[[-105.555278,44.680451],[-105.555326,44.684043],[-105.550133,44.68405],[-105.550106,44.680446],[-105.555278,44.680451]]]}},{"type":"Feature","properties":{"q":"5","ac":40.4},"geometry":{"type":"Polygon","coordinates":[[[-105.550106,44.680446],[-105.550078,44.676842],[-105.55523,44.676859],[-105.555278,44.680451],[-105.550106,44.680446]]]}},{"type":"Feature","properties":{"q":"SWSE","ac":39.4},"geometry":{"type":"Polygon","coordinates":[[[-105.504588,44.640923],[-105.504596,44.644476],[-105.499495,44.644484],[-105.49947,44.64095],[-105.504588,44.640923]]]}},{"type":"Feature","properties":{"q":"2","ac":40.0},"geometry":{"type":"Polygon","coordinates":[[[-105.504708,44.680631],[-105.504731,44.684253],[-105.499664,44.684262],[-105.499637,44.680636],[-105.504708,44.680631]]]}},{"type":"Feature","properties":{"q":"9","ac":40.0},"geometry":{"type":"Polygon","coordinates":[[[-105.539835,44.644359],[-105.539752,44.647902],[-105.534519,44.647911],[-105.534645,44.644402],[-105.539835,44.644359]]]}},{"type":"Feature","properties":{"q":"SESW","ac":41.2},"geometry":{"type":"Polygon","coordinates":[[[-105.550101,44.655123],[-105.550102,44.658761],[-105.544908,44.65876],[-105.544907,44.655122],[-105.550101,44.655123]]]}},{"type":"Feature","properties":{"q":"8","ac":38.4},"geometry":{"type":"Polygon","coordinates":[[[-105.519747,44.669797],[-105.519761,44.673374],[-105.514831,44.673431],[-105.514811,44.669857],[-105.519747,44.669797]]]}},{"type":"Feature","properties":{"q":"15","ac":38.8},"geometry":{"type":"Polygon","coordinates":[[[-105.560174,44.669528],[-105.560198,44.673146],[-105.55525,44.673248],[-105.555269,44.669636],[-105.560174,44.669528]]]}},{"type":"Feature","properties":{"q":"13","ac":38.6},"geometry":{"type":"Polygon","coordinates":[[[-105.569985,44.669312],[-105.570024,44.672943],[-105.565146,44.673044],[-105.56508,44.66942],[-105.569985,44.669312]]]}},{"type":"Feature","properties":{"q":"12","ac":40.5},"geometry":{"type":"Polygon","coordinates":[[[-105.509714,44.658874],[-105.514805,44.658888],[-105.514807,44.662545],[-105.509718,44.662526],[-105.509714,44.658874]]]}},{"type":"Feature","properties":{"q":"18","ac":39.0},"geometry":{"type":"Polygon","coordinates":[[[-105.524709,44.684153],[-105.52463,44.687778],[-105.519656,44.687818],[-105.519787,44.684194],[-105.524709,44.684153]]]}},{"type":"Feature","properties":{"q":"16","ac":40.3},"geometry":{"type":"Polygon","coordinates":[[[-105.499525,44.655204],[-105.49955,44.658845],[-105.494475,44.658831],[-105.494432,44.655194],[-105.499525,44.655204]]]}},{"type":"Feature","properties":{"q":"3","ac":40.2},"geometry":{"type":"Polygon","coordinates":[[[-105.509724,44.637287],[-105.514836,44.637272],[-105.514825,44.640869],[-105.509706,44.640896],[-105.509724,44.637287]]]}},{"type":"Feature","properties":{"q":"5","ac":38.9},"geometry":{"type":"Polygon","coordinates":[[[-105.560294,44.640547],[-105.555389,44.640583],[-105.555426,44.636944],[-105.560323,44.636908],[-105.560294,44.640547]]]}},{"type":"Feature","properties":{"q":"10","ac":44.4},"geometry":{"type":"Polygon","coordinates":[[[-105.483147,44.662365],[-105.477494,44.662314],[-105.477557,44.658708],[-105.483185,44.658749],[-105.483147,44.662365]]]}},{"type":"Feature","properties":{"q":"8","ac":39.9},"geometry":{"type":"Polygon","coordinates":[[[-105.509707,44.644468],[-105.514819,44.644459],[-105.514814,44.64805],[-105.509708,44.648039],[-105.509707,44.644468]]]}},{"type":"Feature","properties":{"q":"3","ac":38.8},"geometry":{"type":"Polygon","coordinates":[[[-105.524696,44.676897],[-105.524703,44.680525],[-105.51978,44.680572],[-105.519774,44.676951],[-105.524696,44.676897]]]}},{"type":"Feature","properties":{"q":"7","ac":44.6},"geometry":{"type":"Polygon","coordinates":[[[-105.483147,44.662365],[-105.483108,44.665984],[-105.477431,44.665921],[-105.477494,44.662314],[-105.483147,44.662365]]]}},{"type":"Feature","properties":{"q":"13","ac":40.5},"geometry":{"type":"Polygon","coordinates":[[[-105.514803,44.655232],[-105.514805,44.658888],[-105.509714,44.658874],[-105.509711,44.655223],[-105.514803,44.655232]]]}},{"type":"Feature","properties":{"q":"2","ac":40.9},"geometry":{"type":"Polygon","coordinates":[[[-105.544947,44.651508],[-105.544907,44.655122],[-105.539713,44.655122],[-105.539733,44.651512],[-105.544947,44.651508]]]}},{"type":"Feature","properties":{"q":"7","ac":38.4},"geometry":{"type":"Polygon","coordinates":[[[-105.519747,44.669797],[-105.524684,44.669736],[-105.52469,44.673317],[-105.519761,44.673374],[-105.519747,44.669797]]]}},{"type":"Feature","properties":{"q":"3","ac":43.9},"geometry":{"type":"Polygon","coordinates":[[[-105.488831,44.651567],[-105.488828,44.655164],[-105.483224,44.655133],[-105.483227,44.651533],[-105.488831,44.651567]]]}},{"type":"Feature","properties":{"q":"NESE","ac":38.9},"geometry":{"type":"Polygon","coordinates":[[[-105.560271,44.644191],[-105.560248,44.647834],[-105.555345,44.647875],[-105.555367,44.644229],[-105.560271,44.644191]]]}},{"type":"Feature","properties":{"q":"18","ac":45.3},"geometry":{"type":"Polygon","coordinates":[[[-105.482951,44.684162],[-105.488774,44.684217],[-105.488802,44.687839],[-105.48316,44.6878],[-105.482951,44.684162]]]}},{"type":"Feature","properties":{"q":"14","ac":40.5},"geometry":{"type":"Polygon","coordinates":[[[-105.550227,44.640661],[-105.550196,44.644273],[-105.545025,44.644316],[-105.545064,44.640738],[-105.550227,44.640661]]]}},{"type":"Feature","properties":{"q":"3","ac":41.3},"geometry":{"type":"Polygon","coordinates":[[[-105.550227,44.640661],[-105.545064,44.640738],[-105.545111,44.637053],[-105.550268,44.636998],[-105.550227,44.640661]]]}},{"type":"Feature","properties":{"q":"6","ac":38.8},"geometry":{"type":"Polygon","coordinates":[[[-105.560323,44.636908],[-105.565219,44.636873],[-105.565199,44.64051],[-105.560294,44.640547],[-105.560323,44.636908]]]}},{"type":"Feature","properties":{"q":"6","ac":38.4},"geometry":{"type":"Polygon","coordinates":[[[-105.560184,44.665927],[-105.565085,44.665835],[-105.56508,44.66942],[-105.560174,44.669528],[-105.560184,44.665927]]]}},{"type":"Feature","properties":{"q":"SWSW","ac":41.2},"geometry":{"type":"Polygon","coordinates":[[[-105.550101,44.655123],[-105.555295,44.655123],[-105.555296,44.658763],[-105.550102,44.658761],[-105.550101,44.655123]]]}},{"type":"Feature","properties":{"q":"18","ac":38.9},"geometry":{"type":"Polygon","coordinates":[[[-105.565175,44.644152],[-105.560271,44.644191],[-105.560294,44.640547],[-105.565199,44.64051],[-105.565175,44.644152]]]}},{"type":"Feature","properties":{"q":"3","ac":40.0},"geometry":{"type":"Polygon","coordinates":[[[-105.504708,44.680631],[-105.509783,44.680625],[-105.509798,44.684244],[-105.504731,44.684253],[-105.504708,44.680631]]]}},{"type":"Feature","properties":{"q":"8","ac":45.5},"geometry":{"type":"Polygon","coordinates":[[[-105.48304,44.673237],[-105.488771,44.673309],[-105.488772,44.676941],[-105.48301,44.67687],[-105.48304,44.673237]]]}},{"type":"Feature","properties":{"q":"3","ac":40.9},"geometry":{"type":"Polygon","coordinates":[[[-105.544947,44.651508],[-105.550133,44.651504],[-105.550101,44.655123],[-105.544907,44.655122],[-105.544947,44.651508]]]}},{"type":"Feature","properties":{"q":"12","ac":38.7},"geometry":{"type":"Polygon","coordinates":[[[-105.560248,44.647834],[-105.560223,44.651462],[-105.55532,44.651499],[-105.555345,44.647875],[-105.560248,44.647834]]]}},{"type":"Feature","properties":{"q":"12","ac":40.5},"geometry":{"type":"Polygon","coordinates":[[[-105.550085,44.673236],[-105.55525,44.673248],[-105.55523,44.676859],[-105.550078,44.676842],[-105.550085,44.673236]]]}},{"type":"Feature","properties":{"q":"2","ac":44.3},"geometry":{"type":"Polygon","coordinates":[[[-105.477676,44.640769],[-105.477708,44.637125],[-105.483313,44.637194],[-105.483235,44.640839],[-105.477676,44.640769]]]}},{"type":"Feature","properties":{"q":"8","ac":41.0},"geometry":{"type":"Polygon","coordinates":[[[-105.539751,44.680436],[-105.53457,44.68043],[-105.534587,44.676789],[-105.539757,44.676807],[-105.539751,44.680436]]]}},{"type":"Feature","properties":{"q":"9","ac":40.1},"geometry":{"type":"Polygon","coordinates":[[[-105.494534,44.677012],[-105.494502,44.673382],[-105.499583,44.673394],[-105.49961,44.67701],[-105.494534,44.677012]]]}},{"type":"Feature","properties":{"q":"11","ac":39.8},"geometry":{"type":"Polygon","coordinates":[[[-105.504664,44.673407],[-105.509747,44.673419],[-105.509769,44.677007],[-105.504686,44.677008],[-105.504664,44.673407]]]}},{"type":"Feature","properties":{"q":"5","ac":43.9},"geometry":{"type":"Polygon","coordinates":[[[-105.488834,44.64797],[-105.494438,44.648006],[-105.494435,44.6516],[-105.488831,44.651567],[-105.488834,44.64797]]]}},{"type":"Feature","properties":{"q":"4","ac":39.9},"geometry":{"type":"Polygon","coordinates":[[[-105.509783,44.680625],[-105.514858,44.68062],[-105.514865,44.684235],[-105.509798,44.684244],[-105.509783,44.680625]]]}},{"type":"Feature","properties":{"q":"4","ac":44.0},"geometry":{"type":"Polygon","coordinates":[[[-105.494375,44.637331],[-105.494352,44.640977],[-105.488793,44.640908],[-105.488844,44.637263],[-105.494375,44.637331]]]}},{"type":"Feature","properties":{"q":"5","ac":38.3},"geometry":{"type":"Polygon","coordinates":[[[-105.514831,44.673431],[-105.519761,44.673374],[-105.519774,44.676951],[-105.514851,44.677004],[-105.514831,44.673431]]]}},{"type":"Feature","properties":{"q":"14","ac":44.4},"geometry":{"type":"Polygon","coordinates":[[[-105.488828,44.655164],[-105.48883,44.65879],[-105.483185,44.658749],[-105.483224,44.655133],[-105.488828,44.655164]]]}},{"type":"Feature","properties":{"q":"NESW","ac":38.3},"geometry":{"type":"Polygon","coordinates":[[[-105.565096,44.658654],[-105.57,44.658599],[-105.569995,44.662174],[-105.565091,44.66225],[-105.565096,44.658654]]]}},{"type":"Feature","properties":{"q":"5","ac":40.0},"geometry":{"type":"Polygon","coordinates":[[[-105.509769,44.677007],[-105.514851,44.677004],[-105.514858,44.68062],[-105.509783,44.680625],[-105.509769,44.677007]]]}},{"type":"Feature","properties":{"q":"10","ac":39.2},"geometry":{"type":"Polygon","coordinates":[[[-105.494352,44.640977],[-105.49947,44.64095],[-105.499495,44.644484],[-105.494395,44.644492],[-105.494352,44.640977]]]}},{"type":"Feature","properties":{"q":"SENW","ac":39.1},"geometry":{"type":"Polygon","coordinates":[[[-105.529626,44.66243],[-105.529623,44.666053],[-105.524678,44.666102],[-105.524673,44.662469],[-105.529626,44.66243]]]}},{"type":"Feature","properties":{"q":"6","ac":38.8},"geometry":{"type":"Polygon","coordinates":[[[-105.52473,44.647981],[-105.524696,44.651579],[-105.519752,44.65161],[-105.519772,44.648016],[-105.52473,44.647981]]]}},{"type":"Feature","properties":{"q":"6","ac":40.6},"geometry":{"type":"Polygon","coordinates":[[[-105.544926,44.676824],[-105.550078,44.676842],[-105.550106,44.680446],[-105.544933,44.680441],[-105.544926,44.676824]]]}},{"type":"Feature","properties":{"q":"SESE","ac":38.7},"geometry":{"type":"Polygon","coordinates":[[[-105.555295,44.655123],[-105.560198,44.65509],[-105.560196,44.658708],[-105.555296,44.658763],[-105.555295,44.655123]]]}},{"type":"Feature","properties":{"q":"16","ac":39.7},"geometry":{"type":"Polygon","coordinates":[[[-105.539918,44.640816],[-105.539835,44.644359],[-105.534645,44.644402],[-105.534772,44.640893],[-105.539918,44.640816]]]}},{"type":"Feature","properties":{"q":"4","ac":38.5},"geometry":{"type":"Polygon","coordinates":[[[-105.534519,44.647911],[-105.534519,44.651516],[-105.529608,44.651548],[-105.529624,44.647946],[-105.534519,44.647911]]]}},{"type":"Feature","properties":{"q":"6","ac":46.2},"geometry":{"type":"Polygon","coordinates":[[[-105.477203,44.676799],[-105.48301,44.67687],[-105.482981,44.680516],[-105.477166,44.680453],[-105.477203,44.676799]]]}},{"type":"Feature","properties":{"q":"10","ac":39.9},"geometry":{"type":"Polygon","coordinates":[[[-105.504686,44.677008],[-105.49961,44.67701],[-105.499583,44.673394],[-105.504664,44.673407],[-105.504686,44.677008]]]}},{"type":"Feature","properties":{"q":"10","ac":38.8},"geometry":{"type":"Polygon","coordinates":[[[-105.570028,44.651389],[-105.565126,44.651426],[-105.56515,44.647794],[-105.57005,44.647753],[-105.570028,44.651389]]]}},{"type":"Feature","properties":{"q":"SESW","ac":37.8},"geometry":{"type":"Polygon","coordinates":[[[-105.570061,44.687465],[-105.565209,44.687536],[-105.565346,44.683943],[-105.570142,44.683849],[-105.570061,44.687465]]]}},{"type":"Feature","properties":{"q":"1","ac":40.6},"geometry":{"type":"Polygon","coordinates":[[[-105.494375,44.637331],[-105.499493,44.637317],[-105.49947,44.64095],[-105.494352,44.640977],[-105.494375,44.637331]]]}},{"type":"Feature","properties":{"q":"4","ac":41.0},"geometry":{"type":"Polygon","coordinates":[[[-105.555426,44.636944],[-105.555389,44.640583],[-105.550227,44.640661],[-105.550268,44.636998],[-105.555426,44.636944]]]}},{"type":"Feature","properties":{"q":"16","ac":40.5},"geometry":{"type":"Polygon","coordinates":[[[-105.534556,44.669615],[-105.539734,44.66962],[-105.539745,44.673213],[-105.534571,44.673202],[-105.534556,44.669615]]]}},{"type":"Feature","properties":{"q":"NENE","ac":39.2},"geometry":{"type":"Polygon","coordinates":[[[-105.519747,44.669797],[-105.514811,44.669857],[-105.514809,44.666201],[-105.519744,44.666152],[-105.519747,44.669797]]]}},{"type":"Feature","properties":{"q":"7","ac":43.8},"geometry":{"type":"Polygon","coordinates":[[[-105.47765,44.647896],[-105.48323,44.647933],[-105.483227,44.651533],[-105.477635,44.651499],[-105.47765,44.647896]]]}},{"type":"Feature","properties":{"q":"6","ac":38.8},"geometry":{"type":"Polygon","coordinates":[[[-105.565102,44.655058],[-105.560198,44.65509],[-105.560223,44.651462],[-105.565126,44.651426],[-105.565102,44.655058]]]}},{"type":"Feature","properties":{"q":"14","ac":39.8},"geometry":{"type":"Polygon","coordinates":[[[-105.504641,44.669805],[-105.509726,44.669831],[-105.509747,44.673419],[-105.504664,44.673407],[-105.504641,44.669805]]]}},{"type":"Feature","properties":{"q":"19","ac":39.8},"geometry":{"type":"Polygon","coordinates":[[[-105.499664,44.684262],[-105.504731,44.684253],[-105.504567,44.687868],[-105.499506,44.687874],[-105.499664,44.684262]]]}},{"type":"Feature","properties":{"q":"SWSW","ac":39.1},"geometry":{"type":"Polygon","coordinates":[[[-105.529591,44.655149],[-105.53452,44.655121],[-105.534549,44.658757],[-105.529608,44.65879],[-105.529591,44.655149]]]}},{"type":"Feature","properties":{"q":"NWNW","ac":39.0},"geometry":{"type":"Polygon","coordinates":[[[-105.53457,44.68043],[-105.534553,44.684071],[-105.529631,44.684112],[-105.529636,44.680478],[-105.53457,44.68043]]]}},{"type":"Feature","properties":{"q":"13","ac":40.8},"geometry":{"type":"Polygon","coordinates":[[[-105.555389,44.640583],[-105.555367,44.644229],[-105.550196,44.644273],[-105.550227,44.640661],[-105.555389,44.640583]]]}},{"type":"Feature","properties":{"q":"17","ac":38.9},"geometry":{"type":"Polygon","coordinates":[[[-105.565199,44.64051],[-105.570104,44.640474],[-105.570077,44.644114],[-105.565175,44.644152],[-105.565199,44.64051]]]}},{"type":"Feature","properties":{"q":"SWNW","ac":39.9},"geometry":{"type":"Polygon","coordinates":[[[-105.509708,44.648039],[-105.514814,44.64805],[-105.514809,44.651641],[-105.509709,44.651631],[-105.509708,44.648039]]]}},{"type":"Feature","properties":{"q":"6","ac":40.6},"geometry":{"type":"Polygon","coordinates":[[[-105.456084,44.673212],[-105.456103,44.676841],[-105.450976,44.676879],[-105.45092,44.673252],[-105.456084,44.673212]]]}},{"type":"Feature","properties":{"q":"13","ac":41.9},"geometry":{"type":"Polygon","coordinates":[[[-105.455974,44.655113],[-105.461321,44.655099],[-105.461307,44.65871],[-105.455996,44.658731],[-105.455974,44.655113]]]}},{"type":"Feature","properties":{"q":"NWNE","ac":42.4},"geometry":{"type":"Polygon","coordinates":[[[-105.461505,44.636995],[-105.46144,44.640631],[-105.456101,44.640596],[-105.456132,44.636964],[-105.461505,44.636995]]]}},{"type":"Feature","properties":{"q":"9","ac":44.2},"geometry":{"type":"Polygon","coordinates":[[[-105.477494,44.662314],[-105.471841,44.662262],[-105.471929,44.658667],[-105.477557,44.658708],[-105.477494,44.662314]]]}},{"type":"Feature","properties":{"q":"8","ac":40.9},"geometry":{"type":"Polygon","coordinates":[[[-105.471531,44.67309],[-105.46639,44.673131],[-105.466466,44.669497],[-105.471666,44.669454],[-105.471531,44.67309]]]}},{"type":"Feature","properties":{"q":"4","ac":42.3},"geometry":{"type":"Polygon","coordinates":[[[-105.450729,44.644203],[-105.45607,44.644223],[-105.456038,44.647849],[-105.450694,44.647844],[-105.450729,44.644203]]]}},{"type":"Feature","properties":{"q":"NENE","ac":41.2},"geometry":{"type":"Polygon","coordinates":[[[-105.456042,44.665966],[-105.456064,44.669583],[-105.450864,44.669626],[-105.450804,44.666001],[-105.456042,44.665966]]]}},{"type":"Feature","properties":{"q":"13","ac":45.4},"geometry":{"type":"Polygon","coordinates":[[[-105.471531,44.67309],[-105.471666,44.669454],[-105.477368,44.669528],[-105.477285,44.673164],[-105.471531,44.67309]]]}},{"type":"Feature","properties":{"q":"SESW","ac":41.9},"geometry":{"type":"Polygon","coordinates":[[[-105.466779,44.640665],[-105.466753,44.644261],[-105.461411,44.644242],[-105.46144,44.640631],[-105.466779,44.640665]]]}},{"type":"Feature","properties":{"q":"16","ac":44.1},"geometry":{"type":"Polygon","coordinates":[[[-105.472016,44.655071],[-105.47762,44.655102],[-105.477557,44.658708],[-105.471929,44.658667],[-105.472016,44.655071]]]}},{"type":"Feature","properties":{"q":"9","ac":40.9},"geometry":{"type":"Polygon","coordinates":[[[-105.461248,44.673171],[-105.461265,44.66954],[-105.466466,44.669497],[-105.46639,44.673131],[-105.461248,44.673171]]]}},{"type":"Feature","properties":{"q":"NWSW","ac":40.5},"geometry":{"type":"Polygon","coordinates":[[[-105.466313,44.676765],[-105.46639,44.673131],[-105.471531,44.67309],[-105.471396,44.676727],[-105.466313,44.676765]]]}},{"type":"Feature","properties":{"q":"3","ac":42.0},"geometry":{"type":"Polygon","coordinates":[[[-105.472072,44.647859],[-105.472044,44.651465],[-105.466697,44.651471],[-105.466726,44.647856],[-105.472072,44.647859]]]}},{"type":"Feature","properties":{"q":"SENW","ac":42.1},"geometry":{"type":"Polygon","coordinates":[[[-105.466697,44.651471],[-105.461351,44.651476],[-105.461381,44.647852],[-105.466726,44.647856],[-105.466697,44.651471]]]}},{"type":"Feature","properties":{"q":"NWNE","ac":41.1},"geometry":{"type":"Polygon","coordinates":[[[-105.461265,44.66954],[-105.456064,44.669583],[-105.456042,44.665966],[-105.461279,44.66593],[-105.461265,44.66954]]]}},{"type":"Feature","properties":{"q":"12","ac":41.9},"geometry":{"type":"Polygon","coordinates":[[[-105.461321,44.655099],[-105.466669,44.655085],[-105.466618,44.658688],[-105.461307,44.65871],[-105.461321,44.655099]]]}},{"type":"Feature","properties":{"q":"2","ac":42.0},"geometry":{"type":"Polygon","coordinates":[[[-105.466697,44.651471],[-105.472044,44.651465],[-105.472016,44.655071],[-105.466669,44.655085],[-105.466697,44.651471]]]}},{"type":"Feature","properties":{"q":"2","ac":40.9},"geometry":{"type":"Polygon","coordinates":[[[-105.471754,44.665858],[-105.471666,44.669454],[-105.466466,44.669497],[-105.466516,44.665894],[-105.471754,44.665858]]]}},{"type":"Feature","properties":{"q":"3","ac":39.6},"geometry":{"type":"Polygon","coordinates":[[[-105.461213,44.680374],[-105.466282,44.680382],[-105.466251,44.683998],[-105.461196,44.683944],[-105.461213,44.680374]]]}},{"type":"Feature","properties":{"q":"16","ac":43.3},"geometry":{"type":"Polygon","coordinates":[[[-105.477676,44.640769],[-105.477663,44.644333],[-105.472095,44.64428],[-105.472118,44.6407],[-105.477676,44.640769]]]}},{"type":"Feature","properties":{"q":"NENE","ac":46.4},"geometry":{"type":"Polygon","coordinates":[[[-105.477166,44.680453],[-105.477129,44.684107],[-105.471307,44.684053],[-105.471351,44.68039],[-105.477166,44.680453]]]}},{"type":"Feature","properties":{"q":"SENW","ac":39.7},"geometry":{"type":"Polygon","coordinates":[[[-105.466313,44.676765],[-105.466282,44.680382],[-105.461213,44.680374],[-105.46123,44.676803],[-105.466313,44.676765]]]}},{"type":"Feature","properties":{"q":"7","ac":41.7},"geometry":{"type":"Polygon","coordinates":[[[-105.450745,44.662377],[-105.450686,44.658752],[-105.455996,44.658731],[-105.456019,44.662348],[-105.450745,44.662377]]]}},{"type":"Feature","properties":{"q":"6","ac":42.3},"geometry":{"type":"Polygon","coordinates":[[[-105.450763,44.640562],[-105.456101,44.640596],[-105.45607,44.644223],[-105.450729,44.644203],[-105.450763,44.640562]]]}},{"type":"Feature","properties":{"q":"NWNW","ac":40.1},"geometry":{"type":"Polygon","coordinates":[[[-105.466282,44.680382],[-105.471351,44.68039],[-105.471307,44.684053],[-105.466251,44.683998],[-105.466282,44.680382]]]}},{"type":"Feature","properties":{"q":"NENW","ac":42.2},"geometry":{"type":"Polygon","coordinates":[[[-105.466779,44.640665],[-105.46144,44.640631],[-105.461505,44.636995],[-105.466804,44.637025],[-105.466779,44.640665]]]}},{"type":"Feature","properties":{"q":"NESW","ac":40.4},"geometry":{"type":"Polygon","coordinates":[[[-105.461248,44.673171],[-105.46639,44.673131],[-105.466313,44.676765],[-105.46123,44.676803],[-105.461248,44.673171]]]}},{"type":"Feature","properties":{"q":"NWNW","ac":42.2},"geometry":{"type":"Polygon","coordinates":[[[-105.466804,44.637025],[-105.472103,44.637055],[-105.472118,44.6407],[-105.466779,44.640665],[-105.466804,44.637025]]]}},{"type":"Feature","properties":{"q":"5","ac":38.9},"geometry":{"type":"Polygon","coordinates":[[[-105.456103,44.676841],[-105.456122,44.680365],[-105.451031,44.680357],[-105.450976,44.676879],[-105.456103,44.676841]]]}},{"type":"Feature","properties":{"q":"17","ac":41.0},"geometry":{"type":"Polygon","coordinates":[[[-105.466251,44.683998],[-105.471307,44.684053],[-105.471894,44.68772],[-105.466683,44.68768],[-105.466251,44.683998]]]}},{"type":"Feature","properties":{"q":"8","ac":38.9},"geometry":{"type":"Polygon","coordinates":[[[-105.509279,44.695091],[-105.514317,44.695104],[-105.514137,44.698655],[-105.509109,44.69864],[-105.509279,44.695091]]]}},{"type":"Feature","properties":{"q":"6","ac":44.6},"geometry":{"type":"Polygon","coordinates":[[[-105.456453,44.694939],[-105.46202,44.694978],[-105.462293,44.698628],[-105.456608,44.698572],[-105.456453,44.694939]]]}},{"type":"Feature","properties":{"q":"12","ac":38.9},"geometry":{"type":"Polygon","coordinates":[[[-105.569981,44.691079],[-105.574858,44.69103],[-105.574869,44.694666],[-105.5699,44.694705],[-105.569981,44.691079]]]}},{"type":"Feature","properties":{"q":"6","ac":38.1},"geometry":{"type":"Polygon","coordinates":[[[-105.574851,44.687394],[-105.574858,44.69103],[-105.569981,44.691079],[-105.570061,44.687465],[-105.574851,44.687394]]]}},{"type":"Feature","properties":{"q":"10","ac":39.6},"geometry":{"type":"Polygon","coordinates":[[[-105.564935,44.694743],[-105.5699,44.694705],[-105.56982,44.698343],[-105.564796,44.698383],[-105.564935,44.694743]]]}},{"type":"Feature","properties":{"q":"NWSW","ac":40.5},"geometry":{"type":"Polygon","coordinates":[[[-105.55,44.687652],[-105.555183,44.687636],[-105.555039,44.691229],[-105.549867,44.691253],[-105.55,44.687652]]]}},{"type":"Feature","properties":{"q":"9","ac":39.8},"geometry":{"type":"Polygon","coordinates":[[[-105.559914,44.694782],[-105.564935,44.694743],[-105.564796,44.698383],[-105.559772,44.698424],[-105.559914,44.694782]]]}},{"type":"Feature","properties":{"q":"10","ac":38.5},"geometry":{"type":"Polygon","coordinates":[[[-105.529493,44.691364],[-105.529424,44.694954],[-105.524473,44.694957],[-105.524551,44.691403],[-105.529493,44.691364]]]}},{"type":"Feature","properties":{"q":"9","ac":38.9},"geometry":{"type":"Polygon","coordinates":[[[-105.534376,44.694951],[-105.529424,44.694954],[-105.529493,44.691364],[-105.534435,44.691325],[-105.534376,44.694951]]]}},{"type":"Feature","properties":{"q":"4","ac":40.8},"geometry":{"type":"Polygon","coordinates":[[[-105.549734,44.694844],[-105.554894,44.694821],[-105.554747,44.698465],[-105.5496,44.698472],[-105.549734,44.694844]]]}},{"type":"Feature","properties":{"q":"12","ac":39.6},"geometry":{"type":"Polygon","coordinates":[[[-105.49919,44.695085],[-105.494139,44.695092],[-105.494291,44.691485],[-105.499348,44.691485],[-105.49919,44.695085]]]}},{"type":"Feature","properties":{"q":"NESW","ac":38.3},"geometry":{"type":"Polygon","coordinates":[[[-105.569981,44.691079],[-105.565072,44.691129],[-105.565209,44.687536],[-105.570061,44.687465],[-105.569981,44.691079]]]}},{"type":"Feature","properties":{"q":"10","ac":42.5},"geometry":{"type":"Polygon","coordinates":[[[-105.483369,44.691437],[-105.48883,44.691461],[-105.488859,44.695086],[-105.483578,44.69508],[-105.483369,44.691437]]]}},{"type":"Feature","properties":{"q":"15","ac":39.8},"geometry":{"type":"Polygon","coordinates":[[[-105.504567,44.687868],[-105.509625,44.687863],[-105.509452,44.691482],[-105.504404,44.691484],[-105.504567,44.687868]]]}},{"type":"Feature","properties":{"q":"6","ac":41.0},"geometry":{"type":"Polygon","coordinates":[[[-105.478324,44.695067],[-105.483578,44.69508],[-105.483787,44.69872],[-105.478724,44.69873],[-105.478324,44.695067]]]}},{"type":"Feature","properties":{"q":"16","ac":43.7},"geometry":{"type":"Polygon","coordinates":[[[-105.488802,44.687839],[-105.494444,44.687879],[-105.494291,44.691485],[-105.48883,44.691461],[-105.488802,44.687839]]]}},{"type":"Feature","properties":{"q":"15","ac":43.9},"geometry":{"type":"Polygon","coordinates":[[[-105.48316,44.6878],[-105.488802,44.687839],[-105.48883,44.691461],[-105.483369,44.691437],[-105.48316,44.6878]]]}},{"type":"Feature","properties":{"q":"NESE","ac":39.2},"geometry":{"type":"Polygon","coordinates":[[[-105.560196,44.687586],[-105.560055,44.691179],[-105.555039,44.691229],[-105.555183,44.687636],[-105.560196,44.687586]]]}},{"type":"Feature","properties":{"q":"5","ac":39.3},"geometry":{"type":"Polygon","coordinates":[[[-105.49919,44.695085],[-105.499035,44.698651],[-105.493988,44.698678],[-105.494139,44.695092],[-105.49919,44.695085]]]}},{"type":"Feature","properties":{"q":"10","ac":40.6},"geometry":{"type":"Polygon","coordinates":[[[-105.539656,44.687683],[-105.539565,44.691301],[-105.534435,44.691325],[-105.534494,44.687698],[-105.539656,44.687683]]]}},{"type":"Feature","properties":{"q":"8","ac":40.7},"geometry":{"type":"Polygon","coordinates":[[[-105.493988,44.698678],[-105.488887,44.698699],[-105.488859,44.695086],[-105.494139,44.695092],[-105.493988,44.698678]]]}},{"type":"Feature","properties":{"q":"16","ac":39.8},"geometry":{"type":"Polygon","coordinates":[[[-105.509625,44.687863],[-105.514683,44.687858],[-105.5145,44.691481],[-105.509452,44.691482],[-105.509625,44.687863]]]}},{"type":"Feature","properties":{"q":"5","ac":39.3},"geometry":{"type":"Polygon","coordinates":[[[-105.514317,44.695104],[-105.519395,44.69503],[-105.519267,44.698564],[-105.514137,44.698655],[-105.514317,44.695104]]]}},{"type":"Feature","properties":{"q":"15","ac":39.3},"geometry":{"type":"Polygon","coordinates":[[[-105.560055,44.691179],[-105.559914,44.694782],[-105.554894,44.694821],[-105.555039,44.691229],[-105.560055,44.691179]]]}},{"type":"Feature","properties":{"q":"7","ac":41.0},"geometry":{"type":"Polygon","coordinates":[[[-105.488859,44.695086],[-105.488887,44.698699],[-105.483787,44.69872],[-105.483578,44.69508],[-105.488859,44.695086]]]}},{"type":"Feature","properties":{"q":"SWNW","ac":40.4},"geometry":{"type":"Polygon","coordinates":[[[-105.554894,44.694821],[-105.549734,44.694844],[-105.549867,44.691253],[-105.555039,44.691229],[-105.554894,44.694821]]]}},{"type":"Feature","properties":{"q":"NWSE","ac":39.2},"geometry":{"type":"Polygon","coordinates":[[[-105.565209,44.687536],[-105.565072,44.691129],[-105.560055,44.691179],[-105.560196,44.687586],[-105.565209,44.687536]]]}},{"type":"Feature","properties":{"q":"8","ac":40.1},"geometry":{"type":"Polygon","coordinates":[[[-105.539475,44.694909],[-105.539565,44.691301],[-105.544696,44.691277],[-105.544575,44.694867],[-105.539475,44.694909]]]}},{"type":"Feature","properties":{"q":"9","ac":39.7},"geometry":{"type":"Polygon","coordinates":[[[-105.5145,44.691481],[-105.514317,44.695104],[-105.509279,44.695091],[-105.509452,44.691482],[-105.5145,44.691481]]]}},{"type":"Feature","properties":{"q":"7","ac":40.4},"geometry":{"type":"Polygon","coordinates":[[[-105.544696,44.691277],[-105.549867,44.691253],[-105.549734,44.694844],[-105.544575,44.694867],[-105.544696,44.691277]]]}},{"type":"Feature","properties":{"q":"7","ac":38.9},"geometry":{"type":"Polygon","coordinates":[[[-105.504081,44.698624],[-105.504242,44.695077],[-105.509279,44.695091],[-105.509109,44.69864],[-105.504081,44.698624]]]}},{"type":"Feature","properties":{"q":"8","ac":39.8},"geometry":{"type":"Polygon","coordinates":[[[-105.559914,44.694782],[-105.559772,44.698424],[-105.554747,44.698465],[-105.554894,44.694821],[-105.559914,44.694782]]]}},{"type":"Feature","properties":{"q":"10","ac":39.5},"geometry":{"type":"Polygon","coordinates":[[[-105.504404,44.691484],[-105.509452,44.691482],[-105.509279,44.695091],[-105.504242,44.695077],[-105.504404,44.691484]]]}},{"type":"Feature","properties":{"q":"8","ac":38.8},"geometry":{"type":"Polygon","coordinates":[[[-105.534376,44.694951],[-105.534316,44.698571],[-105.529356,44.698522],[-105.529424,44.694954],[-105.534376,44.694951]]]}},{"type":"Feature","properties":{"q":"NWSE","ac":40.5},"geometry":{"type":"Polygon","coordinates":[[[-105.539656,44.687683],[-105.544818,44.687667],[-105.544696,44.691277],[-105.539565,44.691301],[-105.539656,44.687683]]]}},{"type":"Feature","properties":{"q":"NESW","ac":40.6},"geometry":{"type":"Polygon","coordinates":[[[-105.544818,44.687667],[-105.55,44.687652],[-105.549867,44.691253],[-105.544696,44.691277],[-105.544818,44.687667]]]}},{"type":"Feature","properties":{"q":"9","ac":42.3},"geometry":{"type":"Polygon","coordinates":[[[-105.48883,44.691461],[-105.494291,44.691485],[-105.494139,44.695092],[-105.488859,44.695086],[-105.48883,44.691461]]]}},{"type":"Feature","properties":{"q":"13","ac":38.9},"geometry":{"type":"Polygon","coordinates":[[[-105.569981,44.691079],[-105.5699,44.694705],[-105.564935,44.694743],[-105.565072,44.691129],[-105.569981,44.691079]]]}},{"type":"Feature","properties":{"q":"16","ac":39.0},"geometry":{"type":"Polygon","coordinates":[[[-105.534494,44.687698],[-105.534435,44.691325],[-105.529493,44.691364],[-105.529562,44.687738],[-105.534494,44.687698]]]}},{"type":"Feature","properties":{"q":"13","ac":39.4},"geometry":{"type":"Polygon","coordinates":[[[-105.519656,44.687818],[-105.519525,44.691442],[-105.5145,44.691481],[-105.514683,44.687858],[-105.519656,44.687818]]]}},{"type":"Feature","properties":{"q":"15","ac":39.0},"geometry":{"type":"Polygon","coordinates":[[[-105.529562,44.687738],[-105.529493,44.691364],[-105.524551,44.691403],[-105.52463,44.687778],[-105.529562,44.687738]]]}},{"type":"Feature","properties":{"q":"13","ac":39.7},"geometry":{"type":"Polygon","coordinates":[[[-105.494444,44.687879],[-105.499506,44.687874],[-105.499348,44.691485],[-105.494291,44.691485],[-105.494444,44.687879]]]}},{"type":"Feature","properties":{"q":"11","ac":43.6},"geometry":{"type":"Polygon","coordinates":[[[-105.456298,44.69131],[-105.461748,44.691337],[-105.46202,44.694978],[-105.456453,44.694939],[-105.456298,44.69131]]]}},{"type":"Feature","properties":{"q":"12","ac":43.4},"geometry":{"type":"Polygon","coordinates":[[[-105.456453,44.694939],[-105.450886,44.6949],[-105.450848,44.691284],[-105.456298,44.69131],[-105.456453,44.694939]]]}},{"type":"Feature","properties":{"q":"7","ac":44.6},"geometry":{"type":"Polygon","coordinates":[[[-105.467545,44.695016],[-105.467977,44.698684],[-105.462293,44.698628],[-105.46202,44.694978],[-105.467545,44.695016]]]}},{"type":"Feature","properties":{"q":"14","ac":43.1},"geometry":{"type":"Polygon","coordinates":[[[-105.461472,44.68764],[-105.461748,44.691337],[-105.456298,44.69131],[-105.45622,44.6876],[-105.461472,44.68764]]]}},{"type":"Feature","properties":{"q":"13","ac":44.1},"geometry":{"type":"Polygon","coordinates":[[[-105.471894,44.68772],[-105.477527,44.68776],[-105.477925,44.691412],[-105.472482,44.691387],[-105.471894,44.68772]]]}}]}