{"type":"FeatureCollection","note":"BLM Public Land Survey System. Provided by the Bureau of Land Management as is. These data are neither legal documents nor land surveys and must not be used as such.","features":[{"type":"Feature","properties":{"q":"SESE","ac":39.7},"geometry":{"type":"Polygon","coordinates":[[[-106.044674,42.996557],[-106.049557,42.9965],[-106.049582,43.000138],[-106.044702,43.000193],[-106.044674,42.996557]]]}},{"type":"Feature","properties":{"q":"SESE","ac":40.1},"geometry":{"type":"Polygon","coordinates":[[[-106.024613,42.967593],[-106.029537,42.967569],[-106.029583,42.971202],[-106.024668,42.971237],[-106.024613,42.967593]]]}},{"type":"Feature","properties":{"q":"SWNE","ac":39.6},"geometry":{"type":"Polygon","coordinates":[[[-106.074208,43.021687],[-106.069347,43.02175],[-106.069279,43.018109],[-106.074145,43.018046],[-106.074208,43.021687]]]}},{"type":"Feature","properties":{"q":"NESW","ac":40.0},"geometry":{"type":"Polygon","coordinates":[[[-106.078486,42.956071],[-106.078492,42.959713],[-106.073589,42.959786],[-106.073578,42.956144],[-106.078486,42.956071]]]}},{"type":"Feature","properties":{"q":"NENE","ac":39.7},"geometry":{"type":"Polygon","coordinates":[[[-106.108004,42.992108],[-106.108038,42.995749],[-106.103174,42.995851],[-106.103135,42.992203],[-106.108004,42.992108]]]}},{"type":"Feature","properties":{"q":"NESW","ac":39.8},"geometry":{"type":"Polygon","coordinates":[[[-106.059122,42.985465],[-106.059189,42.989106],[-106.054303,42.989161],[-106.054235,42.985519],[-106.059122,42.985465]]]}},{"type":"Feature","properties":{"q":"NENE","ac":39.9},"geometry":{"type":"Polygon","coordinates":[[[-106.024777,42.978525],[-106.029675,42.978479],[-106.029721,42.982123],[-106.024832,42.982169],[-106.024777,42.978525]]]}},{"type":"Feature","properties":{"q":"SWSE","ac":39.8},"geometry":{"type":"Polygon","coordinates":[[[-106.108038,42.995749],[-106.112903,42.995646],[-106.112938,42.999302],[-106.10807,42.999401],[-106.108038,42.995749]]]}},{"type":"Feature","properties":{"q":"NENW","ac":39.8},"geometry":{"type":"Polygon","coordinates":[[[-106.117984,43.021158],[-106.118005,43.024817],[-106.11314,43.024891],[-106.113116,43.021236],[-106.117984,43.021158]]]}},{"type":"Feature","properties":{"q":"NWNE","ac":39.6},"geometry":{"type":"Polygon","coordinates":[[[-106.112903,42.995646],[-106.108038,42.995749],[-106.108004,42.992108],[-106.112872,42.992012],[-106.112903,42.995646]]]}},{"type":"Feature","properties":{"q":"NWSW","ac":39.6},"geometry":{"type":"Polygon","coordinates":[[[-106.040001,43.014751],[-106.044862,43.014739],[-106.044938,43.018375],[-106.040078,43.018398],[-106.040001,43.014751]]]}},{"type":"Feature","properties":{"q":"NESW","ac":39.8},"geometry":{"type":"Polygon","coordinates":[[[-106.034914,43.000249],[-106.039808,43.000221],[-106.039847,43.003857],[-106.034965,43.003883],[-106.034914,43.000249]]]}},{"type":"Feature","properties":{"q":"NESE","ac":39.9},"geometry":{"type":"Polygon","coordinates":[[[-106.049417,42.989216],[-106.044531,42.989271],[-106.044459,42.985628],[-106.049347,42.985574],[-106.049417,42.989216]]]}},{"type":"Feature","properties":{"q":"NWSW","ac":39.8},"geometry":{"type":"Polygon","coordinates":[[[-106.078634,42.985205],[-106.083509,42.985136],[-106.083567,42.988779],[-106.078694,42.988847],[-106.078634,42.985205]]]}},{"type":"Feature","properties":{"q":"NESW","ac":39.7},"geometry":{"type":"Polygon","coordinates":[[[-106.078634,42.985205],[-106.078694,42.988847],[-106.073821,42.988915],[-106.073759,42.985274],[-106.078634,42.985205]]]}},{"type":"Feature","properties":{"q":"NENE","ac":39.9},"geometry":{"type":"Polygon","coordinates":[[[-106.088342,42.981435],[-106.08345,42.981494],[-106.083436,42.977852],[-106.088326,42.977791],[-106.088342,42.981435]]]}},{"type":"Feature","properties":{"q":"NENW","ac":39.8},"geometry":{"type":"Polygon","coordinates":[[[-106.059256,42.992747],[-106.059323,42.996388],[-106.05444,42.996444],[-106.054372,42.992803],[-106.059256,42.992747]]]}},{"type":"Feature","properties":{"q":"NESW","ac":39.7},"geometry":{"type":"Polygon","coordinates":[[[-106.078835,42.999773],[-106.078856,43.003415],[-106.073983,43.00348],[-106.073964,42.999839],[-106.078835,42.999773]]]}},{"type":"Feature","properties":{"q":"SENW","ac":39.6},"geometry":{"type":"Polygon","coordinates":[[[-106.079234,43.03255],[-106.079288,43.036192],[-106.074433,43.036252],[-106.074379,43.032611],[-106.079234,43.03255]]]}},{"type":"Feature","properties":{"q":"SWNW","ac":39.7},"geometry":{"type":"Polygon","coordinates":[[[-106.083567,42.988779],[-106.083625,42.992421],[-106.078754,42.992489],[-106.078694,42.988847],[-106.083567,42.988779]]]}},{"type":"Feature","properties":{"q":"NENE","ac":39.9},"geometry":{"type":"Polygon","coordinates":[[[-106.068705,42.963499],[-106.068722,42.96714],[-106.063832,42.967211],[-106.063808,42.963571],[-106.068705,42.963499]]]}},{"type":"Feature","properties":{"q":"NWSE","ac":39.9},"geometry":{"type":"Polygon","coordinates":[[[-106.034737,42.989352],[-106.029838,42.989392],[-106.02978,42.985758],[-106.034674,42.985714],[-106.034737,42.989352]]]}},{"type":"Feature","properties":{"q":"SESW","ac":39.7},"geometry":{"type":"Polygon","coordinates":[[[-106.117662,42.981033],[-106.117689,42.984661],[-106.112811,42.984743],[-106.112781,42.981108],[-106.117662,42.981033]]]}},{"type":"Feature","properties":{"q":"NENW","ac":39.9},"geometry":{"type":"Polygon","coordinates":[[[-106.039468,42.978387],[-106.039499,42.982031],[-106.03461,42.982077],[-106.034573,42.978433],[-106.039468,42.978387]]]}},{"type":"Feature","properties":{"q":"NWNE","ac":39.8},"geometry":{"type":"Polygon","coordinates":[[[-106.029958,42.996644],[-106.029898,42.993018],[-106.0348,42.992983],[-106.034864,42.996615],[-106.029958,42.996644]]]}},{"type":"Feature","properties":{"q":"NESE","ac":39.6},"geometry":{"type":"Polygon","coordinates":[[[-106.044862,43.014739],[-106.049731,43.014688],[-106.049807,43.018325],[-106.044938,43.018375],[-106.044862,43.014739]]]}},{"type":"Feature","properties":{"q":"SENW","ac":39.8},"geometry":{"type":"Polygon","coordinates":[[[-106.059189,42.989106],[-106.059256,42.992747],[-106.054372,42.992803],[-106.054303,42.989161],[-106.059189,42.989106]]]}},{"type":"Feature","properties":{"q":"SESE","ac":39.7},"geometry":{"type":"Polygon","coordinates":[[[-106.108275,43.024965],[-106.108324,43.028617],[-106.103462,43.028687],[-106.10341,43.025038],[-106.108275,43.024965]]]}},{"type":"Feature","properties":{"q":"SWNW","ac":39.7},"geometry":{"type":"Polygon","coordinates":[[[-106.064252,43.007251],[-106.059378,43.007305],[-106.05936,43.003666],[-106.064237,43.003611],[-106.064252,43.007251]]]}},{"type":"Feature","properties":{"q":"NESW","ac":40.1},"geometry":{"type":"Polygon","coordinates":[[[-106.053949,42.960027],[-106.053894,42.956392],[-106.058828,42.956341],[-106.058867,42.959979],[-106.053949,42.960027]]]}},{"type":"Feature","properties":{"q":"NENW","ac":39.6},"geometry":{"type":"Polygon","coordinates":[[[-106.05475,43.021912],[-106.059618,43.021862],[-106.059691,43.025501],[-106.054825,43.02555],[-106.05475,43.021912]]]}},{"type":"Feature","properties":{"q":"NWSW","ac":40.2},"geometry":{"type":"Polygon","coordinates":[[[-106.058828,42.956341],[-106.063761,42.95629],[-106.063785,42.95993],[-106.058867,42.959979],[-106.058828,42.956341]]]}},{"type":"Feature","properties":{"q":"SWSW","ac":39.7},"geometry":{"type":"Polygon","coordinates":[[[-106.078898,43.010699],[-106.083775,43.010634],[-106.083827,43.014277],[-106.078955,43.014341],[-106.078898,43.010699]]]}},{"type":"Feature","properties":{"q":"SENE","ac":39.6},"geometry":{"type":"Polygon","coordinates":[[[-106.069279,43.018109],[-106.069347,43.02175],[-106.064485,43.021812],[-106.064413,43.018172],[-106.069279,43.018109]]]}},{"type":"Feature","properties":{"q":"SWSE","ac":39.9},"geometry":{"type":"Polygon","coordinates":[[[-106.113044,43.010269],[-106.113068,43.013925],[-106.108193,43.014009],[-106.108166,43.010357],[-106.113044,43.010269]]]}},{"type":"Feature","properties":{"q":"SWSW","ac":39.8},"geometry":{"type":"Polygon","coordinates":[[[-106.103318,43.014093],[-106.098445,43.014139],[-106.09841,43.010492],[-106.103288,43.010445],[-106.103318,43.014093]]]}},{"type":"Feature","properties":{"q":"NENE","ac":39.7},"geometry":{"type":"Polygon","coordinates":[[[-106.069144,43.010827],[-106.064267,43.010891],[-106.064252,43.007251],[-106.069127,43.007187],[-106.069144,43.010827]]]}},{"type":"Feature","properties":{"q":"SESW","ac":39.6},"geometry":{"type":"Polygon","coordinates":[[[-106.079126,43.025266],[-106.07918,43.028908],[-106.074324,43.02897],[-106.07427,43.025328],[-106.079126,43.025266]]]}},{"type":"Feature","properties":{"q":"SESE","ac":40.1},"geometry":{"type":"Polygon","coordinates":[[[-106.029269,42.952971],[-106.029336,42.956615],[-106.024424,42.956659],[-106.024362,42.953015],[-106.029269,42.952971]]]}},{"type":"Feature","properties":{"q":"NENW","ac":39.9},"geometry":{"type":"Polygon","coordinates":[[[-106.0348,42.992983],[-106.039701,42.992949],[-106.039769,42.996586],[-106.034864,42.996615],[-106.0348,42.992983]]]}},{"type":"Feature","properties":{"q":"NESW","ac":39.6},"geometry":{"type":"Polygon","coordinates":[[[-106.117689,42.984661],[-106.117715,42.988288],[-106.112842,42.988377],[-106.112811,42.984743],[-106.117689,42.984661]]]}},{"type":"Feature","properties":{"q":"2","ac":38.7},"geometry":{"type":"Polygon","coordinates":[[[-106.08905,43.03966],[-106.088998,43.036095],[-106.093854,43.036058],[-106.093905,43.039611],[-106.08905,43.03966]]]}},{"type":"Feature","properties":{"q":"4","ac":38.7},"geometry":{"type":"Polygon","coordinates":[[[-106.064725,43.036372],[-106.064778,43.039926],[-106.059924,43.039982],[-106.059867,43.036419],[-106.064725,43.036372]]]}},{"type":"Feature","properties":{"q":"2","ac":39.4},"geometry":{"type":"Polygon","coordinates":[[[-106.030727,43.036686],[-106.035585,43.036643],[-106.035656,43.040263],[-106.030802,43.040318],[-106.030727,43.036686]]]}},{"type":"Feature","properties":{"q":"NWSW","ac":39.6},"geometry":{"type":"Polygon","coordinates":[[[-106.08409,43.032489],[-106.079234,43.03255],[-106.07918,43.028908],[-106.084036,43.028847],[-106.08409,43.032489]]]}},{"type":"Feature","properties":{"q":"3","ac":38.8},"geometry":{"type":"Polygon","coordinates":[[[-106.059867,43.036419],[-106.059924,43.039982],[-106.055071,43.040039],[-106.05501,43.036465],[-106.059867,43.036419]]]}},{"type":"Feature","properties":{"q":"SWNW","ac":39.8},"geometry":{"type":"Polygon","coordinates":[[[-106.078556,42.977922],[-106.078539,42.97428],[-106.083422,42.974209],[-106.083436,42.977852],[-106.078556,42.977922]]]}},{"type":"Feature","properties":{"q":"SWNE","ac":39.7},"geometry":{"type":"Polygon","coordinates":[[[-106.069127,43.007187],[-106.06911,43.003546],[-106.073983,43.00348],[-106.074002,43.007122],[-106.069127,43.007187]]]}},{"type":"Feature","properties":{"q":"NWNE","ac":39.8},"geometry":{"type":"Polygon","coordinates":[[[-106.088653,43.010587],[-106.088629,43.006943],[-106.093506,43.006894],[-106.093531,43.01054],[-106.088653,43.010587]]]}},{"type":"Feature","properties":{"q":"NENE","ac":39.6},"geometry":{"type":"Polygon","coordinates":[[[-106.069347,43.02175],[-106.069414,43.025391],[-106.064558,43.025453],[-106.064485,43.021812],[-106.069347,43.02175]]]}},{"type":"Feature","properties":{"q":"SESE","ac":39.7},"geometry":{"type":"Polygon","coordinates":[[[-106.02565,43.025772],[-106.03051,43.025741],[-106.030581,43.029393],[-106.02572,43.029428],[-106.02565,43.025772]]]}},{"type":"Feature","properties":{"q":"SENE","ac":39.9},"geometry":{"type":"Polygon","coordinates":[[[-106.10788,42.959335],[-106.107854,42.962976],[-106.102959,42.963015],[-106.102989,42.959367],[-106.10788,42.959335]]]}},{"type":"Feature","properties":{"q":"SWSE","ac":39.8},"geometry":{"type":"Polygon","coordinates":[[[-106.113186,43.028546],[-106.108324,43.028617],[-106.108275,43.024965],[-106.11314,43.024891],[-106.113186,43.028546]]]}},{"type":"Feature","properties":{"q":"SESE","ac":39.9},"geometry":{"type":"Polygon","coordinates":[[[-106.088342,42.981435],[-106.088396,42.985079],[-106.083509,42.985136],[-106.08345,42.981494],[-106.088342,42.981435]]]}},{"type":"Feature","properties":{"q":"SENW","ac":39.7},"geometry":{"type":"Polygon","coordinates":[[[-106.078754,42.992489],[-106.073883,42.992556],[-106.073821,42.988915],[-106.078694,42.988847],[-106.078754,42.992489]]]}},{"type":"Feature","properties":{"q":"SWNE","ac":40.3},"geometry":{"type":"Polygon","coordinates":[[[-106.02947,42.963914],[-106.029403,42.960259],[-106.034318,42.960214],[-106.03439,42.963879],[-106.02947,42.963914]]]}},{"type":"Feature","properties":{"q":"NESW","ac":39.8},"geometry":{"type":"Polygon","coordinates":[[[-106.034498,42.971167],[-106.039405,42.97111],[-106.039436,42.974744],[-106.034535,42.97479],[-106.034498,42.971167]]]}},{"type":"Feature","properties":{"q":"SESW","ac":39.7},"geometry":{"type":"Polygon","coordinates":[[[-106.078898,43.010699],[-106.078955,43.014341],[-106.074083,43.014404],[-106.074021,43.010763],[-106.078898,43.010699]]]}},{"type":"Feature","properties":{"q":"SENE","ac":39.6},"geometry":{"type":"Polygon","coordinates":[[[-106.030079,43.00391],[-106.030141,43.007528],[-106.025266,43.007562],[-106.025193,43.003936],[-106.030079,43.00391]]]}},{"type":"Feature","properties":{"q":"SENE","ac":39.9},"geometry":{"type":"Polygon","coordinates":[[[-106.08831,42.974148],[-106.088326,42.977791],[-106.083436,42.977852],[-106.083422,42.974209],[-106.08831,42.974148]]]}},{"type":"Feature","properties":{"q":"SWNE","ac":39.9},"geometry":{"type":"Polygon","coordinates":[[[-106.10788,42.959335],[-106.112771,42.959303],[-106.112749,42.962936],[-106.107854,42.962976],[-106.10788,42.959335]]]}},{"type":"Feature","properties":{"q":"NESE","ac":40.1},"geometry":{"type":"Polygon","coordinates":[[[-106.044065,42.95648],[-106.04898,42.956436],[-106.049044,42.960076],[-106.044139,42.960123],[-106.044065,42.95648]]]}},{"type":"Feature","properties":{"q":"SWNW","ac":39.7},"geometry":{"type":"Polygon","coordinates":[[[-106.059544,43.018223],[-106.064413,43.018172],[-106.064485,43.021812],[-106.059618,43.021862],[-106.059544,43.018223]]]}},{"type":"Feature","properties":{"q":"NWNE","ac":39.7},"geometry":{"type":"Polygon","coordinates":[[[-106.069012,42.992624],[-106.073883,42.992556],[-106.073945,42.996197],[-106.069076,42.996264],[-106.069012,42.992624]]]}},{"type":"Feature","properties":{"q":"NESE","ac":40.1},"geometry":{"type":"Polygon","coordinates":[[[-106.029403,42.960259],[-106.024487,42.960304],[-106.024424,42.956659],[-106.029336,42.956615],[-106.029403,42.960259]]]}},{"type":"Feature","properties":{"q":"NWSW","ac":39.7},"geometry":{"type":"Polygon","coordinates":[[[-106.083707,42.999706],[-106.083729,43.003349],[-106.078856,43.003415],[-106.078835,42.999773],[-106.083707,42.999706]]]}},{"type":"Feature","properties":{"q":"SWSE","ac":39.6},"geometry":{"type":"Polygon","coordinates":[[[-106.088892,43.028807],[-106.088839,43.025163],[-106.093696,43.025121],[-106.093749,43.028767],[-106.088892,43.028807]]]}},{"type":"Feature","properties":{"q":"NENW","ac":39.7},"geometry":{"type":"Polygon","coordinates":[[[-106.078877,43.007057],[-106.078898,43.010699],[-106.074021,43.010763],[-106.074002,43.007122],[-106.078877,43.007057]]]}},{"type":"Feature","properties":{"q":"NENW","ac":39.7},"geometry":{"type":"Polygon","coordinates":[[[-106.093655,43.021476],[-106.098517,43.021433],[-106.098553,43.02508],[-106.093696,43.025121],[-106.093655,43.021476]]]}},{"type":"Feature","properties":{"q":"SWSW","ac":39.9},"geometry":{"type":"Polygon","coordinates":[[[-106.083395,42.966925],[-106.083409,42.970567],[-106.078521,42.970638],[-106.078504,42.966996],[-106.083395,42.966925]]]}},{"type":"Feature","properties":{"q":"SENE","ac":39.8},"geometry":{"type":"Polygon","coordinates":[[[-106.108102,43.003053],[-106.108134,43.006705],[-106.103259,43.006796],[-106.103231,43.003148],[-106.108102,43.003053]]]}},{"type":"Feature","properties":{"q":"NESW","ac":39.9},"geometry":{"type":"Polygon","coordinates":[[[-106.034674,42.985714],[-106.039567,42.985671],[-106.039634,42.989311],[-106.034737,42.989352],[-106.034674,42.985714]]]}},{"type":"Feature","properties":{"q":"SENW","ac":39.7},"geometry":{"type":"Polygon","coordinates":[[[-106.112767,42.977474],[-106.112754,42.97384],[-106.117645,42.973778],[-106.117653,42.977406],[-106.112767,42.977474]]]}},{"type":"Feature","properties":{"q":"NESW","ac":39.7},"geometry":{"type":"Polygon","coordinates":[[[-106.093573,43.014185],[-106.098445,43.014139],[-106.098481,43.017786],[-106.093614,43.017831],[-106.093573,43.014185]]]}},{"type":"Feature","properties":{"q":"NWNE","ac":39.7},"geometry":{"type":"Polygon","coordinates":[[[-106.049631,43.007413],[-106.054505,43.007359],[-106.054526,43.010997],[-106.049655,43.01105],[-106.049631,43.007413]]]}},{"type":"Feature","properties":{"q":"SWNE","ac":39.7},"geometry":{"type":"Polygon","coordinates":[[[-106.113233,43.032201],[-106.11328,43.035856],[-106.108423,43.03592],[-106.108374,43.032268],[-106.113233,43.032201]]]}},{"type":"Feature","properties":{"q":"NWNE","ac":39.8},"geometry":{"type":"Polygon","coordinates":[[[-106.054372,42.992803],[-106.05444,42.996444],[-106.049557,42.9965],[-106.049487,42.992858],[-106.054372,42.992803]]]}},{"type":"Feature","properties":{"q":"NENE","ac":39.9},"geometry":{"type":"Polygon","coordinates":[[[-106.044212,42.963766],[-106.049108,42.963718],[-106.049172,42.96736],[-106.044285,42.96741],[-106.044212,42.963766]]]}},{"type":"Feature","properties":{"q":"NENE","ac":39.8},"geometry":{"type":"Polygon","coordinates":[[[-106.083752,43.006992],[-106.088629,43.006943],[-106.088653,43.010587],[-106.083775,43.010634],[-106.083752,43.006992]]]}},{"type":"Feature","properties":{"q":"NWSW","ac":40.1},"geometry":{"type":"Polygon","coordinates":[[[-106.044065,42.95648],[-106.044139,42.960123],[-106.039229,42.960169],[-106.039156,42.956525],[-106.044065,42.95648]]]}},{"type":"Feature","properties":{"q":"SESE","ac":39.6},"geometry":{"type":"Polygon","coordinates":[[[-106.064558,43.025453],[-106.069414,43.025391],[-106.069469,43.029031],[-106.064614,43.029092],[-106.064558,43.025453]]]}},{"type":"Feature","properties":{"q":"SWSE","ac":39.6},"geometry":{"type":"Polygon","coordinates":[[[-106.07427,43.025328],[-106.074324,43.02897],[-106.069469,43.029031],[-106.069414,43.025391],[-106.07427,43.025328]]]}},{"type":"Feature","properties":{"q":"NWSE","ac":39.7},"geometry":{"type":"Polygon","coordinates":[[[-106.107969,42.988466],[-106.107934,42.984825],[-106.112811,42.984743],[-106.112842,42.988377],[-106.107969,42.988466]]]}},{"type":"Feature","properties":{"q":"SWSE","ac":39.7},"geometry":{"type":"Polygon","coordinates":[[[-106.03051,43.025741],[-106.035371,43.02571],[-106.035442,43.029356],[-106.030581,43.029393],[-106.03051,43.025741]]]}},{"type":"Feature","properties":{"q":"SWSE","ac":39.8},"geometry":{"type":"Polygon","coordinates":[[[-106.107932,42.952052],[-106.112814,42.952034],[-106.112793,42.955668],[-106.107906,42.955693],[-106.107932,42.952052]]]}},{"type":"Feature","properties":{"q":"SWNE","ac":39.9},"geometry":{"type":"Polygon","coordinates":[[[-106.093216,42.977731],[-106.088326,42.977791],[-106.08831,42.974148],[-106.093198,42.974086],[-106.093216,42.977731]]]}},{"type":"Feature","properties":{"q":"NWSE","ac":40.0},"geometry":{"type":"Polygon","coordinates":[[[-106.053949,42.960027],[-106.049044,42.960076],[-106.04898,42.956436],[-106.053894,42.956392],[-106.053949,42.960027]]]}},{"type":"Feature","properties":{"q":"NWNW","ac":39.9},"geometry":{"type":"Polygon","coordinates":[[[-106.083395,42.966925],[-106.078504,42.966996],[-106.078498,42.963355],[-106.083394,42.963283],[-106.083395,42.966925]]]}},{"type":"Feature","properties":{"q":"NENE","ac":39.6},"geometry":{"type":"Polygon","coordinates":[[[-106.045015,43.022011],[-106.049882,43.021962],[-106.049958,43.025599],[-106.045091,43.025648],[-106.045015,43.022011]]]}},{"type":"Feature","properties":{"q":"NESW","ac":39.8},"geometry":{"type":"Polygon","coordinates":[[[-106.117662,42.95927],[-106.112771,42.959303],[-106.112793,42.955668],[-106.11768,42.955644],[-106.117662,42.95927]]]}},{"type":"Feature","properties":{"q":"NESW","ac":39.9},"geometry":{"type":"Polygon","coordinates":[[[-106.112974,43.002958],[-106.112938,42.999302],[-106.117806,42.999203],[-106.117845,43.002862],[-106.112974,43.002958]]]}},{"type":"Feature","properties":{"q":"NWSW","ac":39.8},"geometry":{"type":"Polygon","coordinates":[[[-106.103202,42.9995],[-106.103231,43.003148],[-106.098355,43.003199],[-106.098328,42.999552],[-106.103202,42.9995]]]}},{"type":"Feature","properties":{"q":"SENW","ac":39.9},"geometry":{"type":"Polygon","coordinates":[[[-106.034737,42.989352],[-106.039634,42.989311],[-106.039701,42.992949],[-106.0348,42.992983],[-106.034737,42.989352]]]}},{"type":"Feature","properties":{"q":"NENW","ac":39.6},"geometry":{"type":"Polygon","coordinates":[[[-106.035294,43.022065],[-106.040155,43.022038],[-106.040231,43.025679],[-106.035371,43.02571],[-106.035294,43.022065]]]}},{"type":"Feature","properties":{"q":"SESW","ac":39.8},"geometry":{"type":"Polygon","coordinates":[[[-106.113186,43.028546],[-106.11314,43.024891],[-106.118005,43.024817],[-106.118049,43.028476],[-106.113186,43.028546]]]}},{"type":"Feature","properties":{"q":"SWSW","ac":39.6},"geometry":{"type":"Polygon","coordinates":[[[-106.040231,43.025679],[-106.045091,43.025648],[-106.045159,43.029284],[-106.040301,43.02932],[-106.040231,43.025679]]]}},{"type":"Feature","properties":{"q":"SENE","ac":39.8},"geometry":{"type":"Polygon","coordinates":[[[-106.068771,42.974421],[-106.068796,42.978061],[-106.063916,42.978131],[-106.063888,42.974491],[-106.068771,42.974421]]]}},{"type":"Feature","properties":{"q":"NWNW","ac":39.6},"geometry":{"type":"Polygon","coordinates":[[[-106.064485,43.021812],[-106.064558,43.025453],[-106.059691,43.025501],[-106.059618,43.021862],[-106.064485,43.021812]]]}},{"type":"Feature","properties":{"q":"NWSE","ac":39.9},"geometry":{"type":"Polygon","coordinates":[[[-106.112741,42.970205],[-106.112754,42.97384],[-106.107864,42.9739],[-106.107846,42.970259],[-106.112741,42.970205]]]}},{"type":"Feature","properties":{"q":"SENW","ac":39.8},"geometry":{"type":"Polygon","coordinates":[[[-106.073655,42.974351],[-106.078539,42.97428],[-106.078556,42.977922],[-106.073676,42.977991],[-106.073655,42.974351]]]}},{"type":"Feature","properties":{"q":"SENW","ac":39.6},"geometry":{"type":"Polygon","coordinates":[[[-106.059544,43.018223],[-106.059618,43.021862],[-106.05475,43.021912],[-106.054675,43.018274],[-106.059544,43.018223]]]}},{"type":"Feature","properties":{"q":"NENE","ac":40.2},"geometry":{"type":"Polygon","coordinates":[[[-106.02947,42.963914],[-106.029537,42.967569],[-106.024613,42.967593],[-106.02455,42.963948],[-106.02947,42.963914]]]}},{"type":"Feature","properties":{"q":"NENE","ac":39.8},"geometry":{"type":"Polygon","coordinates":[[[-106.108134,43.006705],[-106.108166,43.010357],[-106.103288,43.010445],[-106.103259,43.006796],[-106.108134,43.006705]]]}},{"type":"Feature","properties":{"q":"SWNE","ac":39.6},"geometry":{"type":"Polygon","coordinates":[[[-106.049807,43.018325],[-106.054675,43.018274],[-106.05475,43.021912],[-106.049882,43.021962],[-106.049807,43.018325]]]}},{"type":"Feature","properties":{"q":"SWSW","ac":39.8},"geometry":{"type":"Polygon","coordinates":[[[-106.08345,42.981494],[-106.083509,42.985136],[-106.078634,42.985205],[-106.078574,42.981563],[-106.08345,42.981494]]]}},{"type":"Feature","properties":{"q":"NWSW","ac":39.8},"geometry":{"type":"Polygon","coordinates":[[[-106.078521,42.970638],[-106.083409,42.970567],[-106.083422,42.974209],[-106.078539,42.97428],[-106.078521,42.970638]]]}},{"type":"Feature","properties":{"q":"NWNW","ac":39.9},"geometry":{"type":"Polygon","coordinates":[[[-106.063916,42.978131],[-106.063944,42.98177],[-106.059055,42.981824],[-106.059027,42.978183],[-106.063916,42.978131]]]}},{"type":"Feature","properties":{"q":"SWNE","ac":39.8},"geometry":{"type":"Polygon","coordinates":[[[-106.068771,42.974421],[-106.073655,42.974351],[-106.073676,42.977991],[-106.068796,42.978061],[-106.068771,42.974421]]]}},{"type":"Feature","properties":{"q":"NESE","ac":40.0},"geometry":{"type":"Polygon","coordinates":[[[-106.068687,42.959858],[-106.063785,42.95993],[-106.063761,42.95629],[-106.068669,42.956217],[-106.068687,42.959858]]]}},{"type":"Feature","properties":{"q":"NWSW","ac":39.7},"geometry":{"type":"Polygon","coordinates":[[[-106.059544,43.018223],[-106.05947,43.014584],[-106.06434,43.014532],[-106.064413,43.018172],[-106.059544,43.018223]]]}},{"type":"Feature","properties":{"q":"NESE","ac":39.9},"geometry":{"type":"Polygon","coordinates":[[[-106.10788,42.959335],[-106.102989,42.959367],[-106.103019,42.955718],[-106.107906,42.955693],[-106.10788,42.959335]]]}},{"type":"Feature","properties":{"q":"SWNW","ac":39.6},"geometry":{"type":"Polygon","coordinates":[[[-106.040078,43.018398],[-106.044938,43.018375],[-106.045015,43.022011],[-106.040155,43.022038],[-106.040078,43.018398]]]}},{"type":"Feature","properties":{"q":"NWSE","ac":39.7},"geometry":{"type":"Polygon","coordinates":[[[-106.073983,43.00348],[-106.06911,43.003546],[-106.069093,42.999905],[-106.073964,42.999839],[-106.073983,43.00348]]]}},{"type":"Feature","properties":{"q":"SWNW","ac":39.9},"geometry":{"type":"Polygon","coordinates":[[[-106.039634,42.989311],[-106.044531,42.989271],[-106.044603,42.992914],[-106.039701,42.992949],[-106.039634,42.989311]]]}},{"type":"Feature","properties":{"q":"SENE","ac":39.8},"geometry":{"type":"Polygon","coordinates":[[[-106.088503,42.992367],[-106.083625,42.992421],[-106.083567,42.988779],[-106.088449,42.988723],[-106.088503,42.992367]]]}},{"type":"Feature","properties":{"q":"NENW","ac":39.6},"geometry":{"type":"Polygon","coordinates":[[[-106.074208,43.021687],[-106.079069,43.021625],[-106.079126,43.025266],[-106.07427,43.025328],[-106.074208,43.021687]]]}},{"type":"Feature","properties":{"q":"NWNW","ac":39.7},"geometry":{"type":"Polygon","coordinates":[[[-106.064252,43.007251],[-106.064267,43.010891],[-106.059396,43.010944],[-106.059378,43.007305],[-106.064252,43.007251]]]}},{"type":"Feature","properties":{"q":"SESW","ac":39.9},"geometry":{"type":"Polygon","coordinates":[[[-106.078504,42.966996],[-106.078521,42.970638],[-106.073634,42.970709],[-106.073613,42.967068],[-106.078504,42.966996]]]}},{"type":"Feature","properties":{"q":"SESE","ac":39.7},"geometry":{"type":"Polygon","coordinates":[[[-106.069144,43.010827],[-106.069211,43.014468],[-106.06434,43.014532],[-106.064267,43.010891],[-106.069144,43.010827]]]}},{"type":"Feature","properties":{"q":"NWSE","ac":39.8},"geometry":{"type":"Polygon","coordinates":[[[-106.030273,43.014794],[-106.035141,43.014762],[-106.035218,43.018421],[-106.030343,43.018443],[-106.030273,43.014794]]]}},{"type":"Feature","properties":{"q":"4","ac":38.8},"geometry":{"type":"Polygon","coordinates":[[[-106.084195,43.039709],[-106.079341,43.039763],[-106.079288,43.036192],[-106.084143,43.036131],[-106.084195,43.039709]]]}},{"type":"Feature","properties":{"q":"NENE","ac":39.8},"geometry":{"type":"Polygon","coordinates":[[[-106.044674,42.996557],[-106.044603,42.992914],[-106.049487,42.992858],[-106.049557,42.9965],[-106.044674,42.996557]]]}},{"type":"Feature","properties":{"q":"NWSE","ac":39.9},"geometry":{"type":"Polygon","coordinates":[[[-106.054085,42.970953],[-106.054112,42.974595],[-106.049224,42.974646],[-106.049198,42.971003],[-106.054085,42.970953]]]}},{"type":"Feature","properties":{"q":"SWSE","ac":40.1},"geometry":{"type":"Polygon","coordinates":[[[-106.073578,42.956144],[-106.068669,42.956217],[-106.068652,42.952576],[-106.073566,42.952503],[-106.073578,42.956144]]]}},{"type":"Feature","properties":{"q":"SESW","ac":39.9},"geometry":{"type":"Polygon","coordinates":[[[-106.058945,42.967261],[-106.058973,42.970902],[-106.054085,42.970953],[-106.054058,42.967311],[-106.058945,42.967261]]]}},{"type":"Feature","properties":{"q":"SESW","ac":40.1},"geometry":{"type":"Polygon","coordinates":[[[-106.039156,42.956525],[-106.034248,42.95657],[-106.034177,42.952926],[-106.039084,42.952882],[-106.039156,42.956525]]]}},{"type":"Feature","properties":{"q":"SESW","ac":40.1},"geometry":{"type":"Polygon","coordinates":[[[-106.098135,42.952141],[-106.098113,42.955788],[-106.093207,42.955858],[-106.093222,42.952213],[-106.098135,42.952141]]]}},{"type":"Feature","properties":{"q":"NWNW","ac":39.8},"geometry":{"type":"Polygon","coordinates":[[[-106.078877,43.007057],[-106.083752,43.006992],[-106.083775,43.010634],[-106.078898,43.010699],[-106.078877,43.007057]]]}},{"type":"Feature","properties":{"q":"NWSE","ac":39.9},"geometry":{"type":"Polygon","coordinates":[[[-106.093331,42.988667],[-106.088449,42.988723],[-106.088396,42.985079],[-106.093283,42.985022],[-106.093331,42.988667]]]}},{"type":"Feature","properties":{"q":"SENE","ac":39.8},"geometry":{"type":"Polygon","coordinates":[[[-106.088605,43.003299],[-106.088629,43.006943],[-106.083752,43.006992],[-106.083729,43.003349],[-106.088605,43.003299]]]}},{"type":"Feature","properties":{"q":"NWSW","ac":39.9},"geometry":{"type":"Polygon","coordinates":[[[-106.102951,42.970313],[-106.102973,42.973961],[-106.098085,42.974024],[-106.098065,42.970376],[-106.102951,42.970313]]]}},{"type":"Feature","properties":{"q":"SWNE","ac":40.0},"geometry":{"type":"Polygon","coordinates":[[[-106.073589,42.959786],[-106.073601,42.963427],[-106.068705,42.963499],[-106.068687,42.959858],[-106.073589,42.959786]]]}},{"type":"Feature","properties":{"q":"NWNE","ac":40.3},"geometry":{"type":"Polygon","coordinates":[[[-106.03439,42.963879],[-106.034461,42.967544],[-106.029537,42.967569],[-106.02947,42.963914],[-106.03439,42.963879]]]}},{"type":"Feature","properties":{"q":"SENW","ac":40.1},"geometry":{"type":"Polygon","coordinates":[[[-106.058867,42.959979],[-106.058906,42.96362],[-106.054004,42.963669],[-106.053949,42.960027],[-106.058867,42.959979]]]}},{"type":"Feature","properties":{"q":"NESE","ac":39.8},"geometry":{"type":"Polygon","coordinates":[[[-106.088396,42.985079],[-106.088449,42.988723],[-106.083567,42.988779],[-106.083509,42.985136],[-106.088396,42.985079]]]}},{"type":"Feature","properties":{"q":"NWSW","ac":39.9},"geometry":{"type":"Polygon","coordinates":[[[-106.103096,42.988555],[-106.098213,42.988611],[-106.098169,42.984964],[-106.103056,42.984907],[-106.103096,42.988555]]]}},{"type":"Feature","properties":{"q":"SENE","ac":39.9},"geometry":{"type":"Polygon","coordinates":[[[-106.088285,42.963216],[-106.083394,42.963283],[-106.083394,42.95964],[-106.088293,42.959572],[-106.088285,42.963216]]]}},{"type":"Feature","properties":{"q":"NESE","ac":39.8},"geometry":{"type":"Polygon","coordinates":[[[-106.063888,42.974491],[-106.06386,42.970851],[-106.068747,42.97078],[-106.068771,42.974421],[-106.063888,42.974491]]]}},{"type":"Feature","properties":{"q":"SENE","ac":39.9},"geometry":{"type":"Polygon","coordinates":[[[-106.049224,42.974646],[-106.049251,42.978289],[-106.044362,42.978341],[-106.044337,42.974697],[-106.049224,42.974646]]]}},{"type":"Feature","properties":{"q":"NWSE","ac":39.8},"geometry":{"type":"Polygon","coordinates":[[[-106.068747,42.97078],[-106.073634,42.970709],[-106.073655,42.974351],[-106.068771,42.974421],[-106.068747,42.97078]]]}},{"type":"Feature","properties":{"q":"NWNE","ac":39.6},"geometry":{"type":"Polygon","coordinates":[[[-106.093655,43.021476],[-106.093696,43.025121],[-106.088839,43.025163],[-106.088792,43.021519],[-106.093655,43.021476]]]}},{"type":"Feature","properties":{"q":"SWNE","ac":39.7},"geometry":{"type":"Polygon","coordinates":[[[-106.054483,43.003721],[-106.054505,43.007359],[-106.049631,43.007413],[-106.049606,43.003776],[-106.054483,43.003721]]]}},{"type":"Feature","properties":{"q":"SESW","ac":39.7},"geometry":{"type":"Polygon","coordinates":[[[-106.059396,43.010944],[-106.05947,43.014584],[-106.054601,43.014636],[-106.054526,43.010997],[-106.059396,43.010944]]]}},{"type":"Feature","properties":{"q":"SWNW","ac":40.0},"geometry":{"type":"Polygon","coordinates":[[[-106.063785,42.95993],[-106.063808,42.963571],[-106.058906,42.96362],[-106.058867,42.959979],[-106.063785,42.95993]]]}},{"type":"Feature","properties":{"q":"NWSW","ac":40.0},"geometry":{"type":"Polygon","coordinates":[[[-106.083394,42.955998],[-106.083394,42.95964],[-106.078492,42.959713],[-106.078486,42.956071],[-106.083394,42.955998]]]}},{"type":"Feature","properties":{"q":"SWSE","ac":39.9},"geometry":{"type":"Polygon","coordinates":[[[-106.068722,42.96714],[-106.073613,42.967068],[-106.073634,42.970709],[-106.068747,42.97078],[-106.068722,42.96714]]]}},{"type":"Feature","properties":{"q":"SWSW","ac":40.1},"geometry":{"type":"Polygon","coordinates":[[[-106.103019,42.955718],[-106.098113,42.955788],[-106.098135,42.952141],[-106.103049,42.95207],[-106.103019,42.955718]]]}},{"type":"Feature","properties":{"q":"NWSE","ac":39.7},"geometry":{"type":"Polygon","coordinates":[[[-106.030581,43.029393],[-106.035442,43.029356],[-106.035514,43.033003],[-106.030652,43.033044],[-106.030581,43.029393]]]}},{"type":"Feature","properties":{"q":"NWSE","ac":39.7},"geometry":{"type":"Polygon","coordinates":[[[-106.113233,43.032201],[-106.108374,43.032268],[-106.108324,43.028617],[-106.113186,43.028546],[-106.113233,43.032201]]]}},{"type":"Feature","properties":{"q":"NESE","ac":39.8},"geometry":{"type":"Polygon","coordinates":[[[-106.024886,42.985801],[-106.02978,42.985758],[-106.029838,42.989392],[-106.024939,42.989432],[-106.024886,42.985801]]]}},{"type":"Feature","properties":{"q":"NWSW","ac":39.8},"geometry":{"type":"Polygon","coordinates":[[[-106.039808,43.000221],[-106.044702,43.000193],[-106.044729,43.00383],[-106.039847,43.003857],[-106.039808,43.000221]]]}},{"type":"Feature","properties":{"q":"SESW","ac":39.8},"geometry":{"type":"Polygon","coordinates":[[[-106.112728,42.96657],[-106.117627,42.966523],[-106.117636,42.970151],[-106.112741,42.970205],[-106.112728,42.96657]]]}},{"type":"Feature","properties":{"q":"NWSE","ac":39.7},"geometry":{"type":"Polygon","coordinates":[[[-106.088746,43.017875],[-106.0887,43.014231],[-106.093573,43.014185],[-106.093614,43.017831],[-106.088746,43.017875]]]}},{"type":"Feature","properties":{"q":"SWSW","ac":39.8},"geometry":{"type":"Polygon","coordinates":[[[-106.064206,42.996331],[-106.064222,42.999971],[-106.059342,43.000027],[-106.059323,42.996388],[-106.064206,42.996331]]]}},{"type":"Feature","properties":{"q":"NWNW","ac":39.8},"geometry":{"type":"Polygon","coordinates":[[[-106.059323,42.996388],[-106.059256,42.992747],[-106.064141,42.992691],[-106.064206,42.996331],[-106.059323,42.996388]]]}},{"type":"Feature","properties":{"q":"NENE","ac":39.9},"geometry":{"type":"Polygon","coordinates":[[[-106.044388,42.981985],[-106.044362,42.978341],[-106.049251,42.978289],[-106.049277,42.981931],[-106.044388,42.981985]]]}},{"type":"Feature","properties":{"q":"SESE","ac":39.8},"geometry":{"type":"Polygon","coordinates":[[[-106.024886,42.985801],[-106.024832,42.982169],[-106.029721,42.982123],[-106.02978,42.985758],[-106.024886,42.985801]]]}},{"type":"Feature","properties":{"q":"NENW","ac":39.4},"geometry":{"type":"Polygon","coordinates":[[[-106.035065,43.011103],[-106.035015,43.007493],[-106.039886,43.00748],[-106.039925,43.011103],[-106.035065,43.011103]]]}},{"type":"Feature","properties":{"q":"SWSW","ac":39.6},"geometry":{"type":"Polygon","coordinates":[[[-106.098553,43.02508],[-106.10341,43.025038],[-106.103462,43.028687],[-106.098605,43.028727],[-106.098553,43.02508]]]}},{"type":"Feature","properties":{"q":"NWSW","ac":39.8},"geometry":{"type":"Polygon","coordinates":[[[-106.059,42.974543],[-106.058973,42.970902],[-106.06386,42.970851],[-106.063888,42.974491],[-106.059,42.974543]]]}},{"type":"Feature","properties":{"q":"NENE","ac":39.7},"geometry":{"type":"Polygon","coordinates":[[[-106.044785,43.011103],[-106.044757,43.007466],[-106.049631,43.007413],[-106.049655,43.01105],[-106.044785,43.011103]]]}},{"type":"Feature","properties":{"q":"NWNW","ac":39.8},"geometry":{"type":"Polygon","coordinates":[[[-106.103135,42.992203],[-106.103174,42.995851],[-106.098301,42.995904],[-106.098257,42.992258],[-106.103135,42.992203]]]}},{"type":"Feature","properties":{"q":"SESE","ac":40.1},"geometry":{"type":"Polygon","coordinates":[[[-106.048916,42.952797],[-106.04898,42.956436],[-106.044065,42.95648],[-106.043992,42.952837],[-106.048916,42.952797]]]}},{"type":"Feature","properties":{"q":"NWSE","ac":39.6},"geometry":{"type":"Polygon","coordinates":[[[-106.054675,43.018274],[-106.049807,43.018325],[-106.049731,43.014688],[-106.054601,43.014636],[-106.054675,43.018274]]]}},{"type":"Feature","properties":{"q":"NWSW","ac":39.8},"geometry":{"type":"Polygon","coordinates":[[[-106.098481,43.017786],[-106.098445,43.014139],[-106.103318,43.014093],[-106.103349,43.017742],[-106.098481,43.017786]]]}},{"type":"Feature","properties":{"q":"NWSW","ac":40.0},"geometry":{"type":"Polygon","coordinates":[[[-106.039405,42.97111],[-106.044311,42.971053],[-106.044337,42.974697],[-106.039436,42.974744],[-106.039405,42.97111]]]}},{"type":"Feature","properties":{"q":"SESW","ac":39.9},"geometry":{"type":"Polygon","coordinates":[[[-106.113044,43.010269],[-106.117922,43.010181],[-106.117943,43.01384],[-106.113068,43.013925],[-106.113044,43.010269]]]}},{"type":"Feature","properties":{"q":"SWSE","ac":39.9},"geometry":{"type":"Polygon","coordinates":[[[-106.054166,42.981878],[-106.054235,42.985519],[-106.049347,42.985574],[-106.049277,42.981931],[-106.054166,42.981878]]]}},{"type":"Feature","properties":{"q":"NESE","ac":39.8},"geometry":{"type":"Polygon","coordinates":[[[-106.083729,43.003349],[-106.083707,42.999706],[-106.088581,42.999655],[-106.088605,43.003299],[-106.083729,43.003349]]]}},{"type":"Feature","properties":{"q":"SESW","ac":39.9},"geometry":{"type":"Polygon","coordinates":[[[-106.117768,42.995543],[-106.117806,42.999203],[-106.112938,42.999302],[-106.112903,42.995646],[-106.117768,42.995543]]]}},{"type":"Feature","properties":{"q":"SWNE","ac":39.8},"geometry":{"type":"Polygon","coordinates":[[[-106.054303,42.989161],[-106.054372,42.992803],[-106.049487,42.992858],[-106.049417,42.989216],[-106.054303,42.989161]]]}},{"type":"Feature","properties":{"q":"NESW","ac":40.1},"geometry":{"type":"Polygon","coordinates":[[[-106.039156,42.956525],[-106.039229,42.960169],[-106.034318,42.960214],[-106.034248,42.95657],[-106.039156,42.956525]]]}},{"type":"Feature","properties":{"q":"NESE","ac":39.7},"geometry":{"type":"Polygon","coordinates":[[[-106.083827,43.014277],[-106.0887,43.014231],[-106.088746,43.017875],[-106.083878,43.017919],[-106.083827,43.014277]]]}},{"type":"Feature","properties":{"q":"NESE","ac":39.9},"geometry":{"type":"Polygon","coordinates":[[[-106.044311,42.971053],[-106.049198,42.971003],[-106.049224,42.974646],[-106.044337,42.974697],[-106.044311,42.971053]]]}},{"type":"Feature","properties":{"q":"NWNW","ac":39.7},"geometry":{"type":"Polygon","coordinates":[[[-106.083625,42.992421],[-106.083684,42.996063],[-106.078814,42.99613],[-106.078754,42.992489],[-106.083625,42.992421]]]}},{"type":"Feature","properties":{"q":"NWNW","ac":40.0},"geometry":{"type":"Polygon","coordinates":[[[-106.039701,42.992949],[-106.044603,42.992914],[-106.044674,42.996557],[-106.039769,42.996586],[-106.039701,42.992949]]]}},{"type":"Feature","properties":{"q":"NENW","ac":40.3},"geometry":{"type":"Polygon","coordinates":[[[-106.03439,42.963879],[-106.039301,42.963823],[-106.039373,42.967477],[-106.034461,42.967544],[-106.03439,42.963879]]]}},{"type":"Feature","properties":{"q":"SWNE","ac":39.8},"geometry":{"type":"Polygon","coordinates":[[[-106.093331,42.988667],[-106.09338,42.992312],[-106.088503,42.992367],[-106.088449,42.988723],[-106.093331,42.988667]]]}},{"type":"Feature","properties":{"q":"NWNE","ac":39.9},"geometry":{"type":"Polygon","coordinates":[[[-106.034573,42.978433],[-106.03461,42.982077],[-106.029721,42.982123],[-106.029675,42.978479],[-106.034573,42.978433]]]}},{"type":"Feature","properties":{"q":"NWNW","ac":39.8},"geometry":{"type":"Polygon","coordinates":[[[-106.09841,43.010492],[-106.098382,43.006845],[-106.103259,43.006796],[-106.103288,43.010445],[-106.09841,43.010492]]]}},{"type":"Feature","properties":{"q":"NESE","ac":39.7},"geometry":{"type":"Polygon","coordinates":[[[-106.025404,43.014827],[-106.030273,43.014794],[-106.030343,43.018443],[-106.025467,43.018466],[-106.025404,43.014827]]]}},{"type":"Feature","properties":{"q":"SESW","ac":39.6},"geometry":{"type":"Polygon","coordinates":[[[-106.040231,43.025679],[-106.040301,43.02932],[-106.035442,43.029356],[-106.035371,43.02571],[-106.040231,43.025679]]]}},{"type":"Feature","properties":{"q":"SWSW","ac":40.0},"geometry":{"type":"Polygon","coordinates":[[[-106.044285,42.96741],[-106.044311,42.971053],[-106.039405,42.97111],[-106.039373,42.967477],[-106.044285,42.96741]]]}},{"type":"Feature","properties":{"q":"NENW","ac":39.8},"geometry":{"type":"Polygon","coordinates":[[[-106.073676,42.977991],[-106.078556,42.977922],[-106.078574,42.981563],[-106.073697,42.981632],[-106.073676,42.977991]]]}},{"type":"Feature","properties":{"q":"SENW","ac":39.8},"geometry":{"type":"Polygon","coordinates":[[[-106.098382,43.006845],[-106.093506,43.006894],[-106.09348,43.003249],[-106.098355,43.003199],[-106.098382,43.006845]]]}},{"type":"Feature","properties":{"q":"SWNE","ac":40.0},"geometry":{"type":"Polygon","coordinates":[[[-106.054004,42.963669],[-106.049108,42.963718],[-106.049044,42.960076],[-106.053949,42.960027],[-106.054004,42.963669]]]}},{"type":"Feature","properties":{"q":"SESW","ac":39.9},"geometry":{"type":"Polygon","coordinates":[[[-106.098126,42.981317],[-106.098169,42.984964],[-106.093283,42.985022],[-106.093234,42.981376],[-106.098126,42.981317]]]}},{"type":"Feature","properties":{"q":"NWNE","ac":39.6},"geometry":{"type":"Polygon","coordinates":[[[-106.074208,43.021687],[-106.07427,43.025328],[-106.069414,43.025391],[-106.069347,43.02175],[-106.074208,43.021687]]]}},{"type":"Feature","properties":{"q":"SENE","ac":39.7},"geometry":{"type":"Polygon","coordinates":[[[-106.068948,42.988983],[-106.069012,42.992624],[-106.064141,42.992691],[-106.064075,42.989051],[-106.068948,42.988983]]]}},{"type":"Feature","properties":{"q":"SWSW","ac":39.6},"geometry":{"type":"Polygon","coordinates":[[[-106.079126,43.025266],[-106.083982,43.025204],[-106.084036,43.028847],[-106.07918,43.028908],[-106.079126,43.025266]]]}},{"type":"Feature","properties":{"q":"NWSE","ac":39.8},"geometry":{"type":"Polygon","coordinates":[[[-106.108102,43.003053],[-106.10807,42.999401],[-106.112938,42.999302],[-106.112974,43.002958],[-106.108102,43.003053]]]}},{"type":"Feature","properties":{"q":"SWNW","ac":39.9},"geometry":{"type":"Polygon","coordinates":[[[-106.098085,42.974024],[-106.102973,42.973961],[-106.102995,42.97761],[-106.098105,42.97767],[-106.098085,42.974024]]]}},{"type":"Feature","properties":{"q":"SWNW","ac":39.9},"geometry":{"type":"Polygon","coordinates":[[[-106.103096,42.988555],[-106.103135,42.992203],[-106.098257,42.992258],[-106.098213,42.988611],[-106.103096,42.988555]]]}},{"type":"Feature","properties":{"q":"NWSW","ac":39.8},"geometry":{"type":"Polygon","coordinates":[[[-106.06401,42.985411],[-106.064075,42.989051],[-106.059189,42.989106],[-106.059122,42.985465],[-106.06401,42.985411]]]}},{"type":"Feature","properties":{"q":"NWNE","ac":39.9},"geometry":{"type":"Polygon","coordinates":[[[-106.088278,42.96686],[-106.088285,42.963216],[-106.093177,42.963149],[-106.093162,42.966794],[-106.088278,42.96686]]]}},{"type":"Feature","properties":{"q":"SENW","ac":39.5},"geometry":{"type":"Polygon","coordinates":[[[-106.039847,43.003857],[-106.039886,43.00748],[-106.035015,43.007493],[-106.034965,43.003883],[-106.039847,43.003857]]]}},{"type":"Feature","properties":{"q":"SWNW","ac":40.1},"geometry":{"type":"Polygon","coordinates":[[[-106.044139,42.960123],[-106.044212,42.963766],[-106.039301,42.963823],[-106.039229,42.960169],[-106.044139,42.960123]]]}},{"type":"Feature","properties":{"q":"SESW","ac":39.8},"geometry":{"type":"Polygon","coordinates":[[[-106.059323,42.996388],[-106.059342,43.000027],[-106.054462,43.000082],[-106.05444,42.996444],[-106.059323,42.996388]]]}},{"type":"Feature","properties":{"q":"SWNE","ac":39.8},"geometry":{"type":"Polygon","coordinates":[[[-106.112754,42.97384],[-106.112767,42.977474],[-106.107881,42.977542],[-106.107864,42.9739],[-106.112754,42.97384]]]}},{"type":"Feature","properties":{"q":"NESE","ac":39.7},"geometry":{"type":"Polygon","coordinates":[[[-106.06401,42.985411],[-106.068884,42.985342],[-106.068948,42.988983],[-106.064075,42.989051],[-106.06401,42.985411]]]}},{"type":"Feature","properties":{"q":"SENE","ac":39.8},"geometry":{"type":"Polygon","coordinates":[[[-106.103349,43.017742],[-106.10822,43.017661],[-106.108248,43.021313],[-106.103379,43.02139],[-106.103349,43.017742]]]}},{"type":"Feature","properties":{"q":"SWNW","ac":39.8},"geometry":{"type":"Polygon","coordinates":[[[-106.059027,42.978183],[-106.059,42.974543],[-106.063888,42.974491],[-106.063916,42.978131],[-106.059027,42.978183]]]}},{"type":"Feature","properties":{"q":"SESE","ac":39.8},"geometry":{"type":"Polygon","coordinates":[[[-106.088653,43.010587],[-106.0887,43.014231],[-106.083827,43.014277],[-106.083775,43.010634],[-106.088653,43.010587]]]}},{"type":"Feature","properties":{"q":"NENE","ac":39.7},"geometry":{"type":"Polygon","coordinates":[[[-106.064141,42.992691],[-106.069012,42.992624],[-106.069076,42.996264],[-106.064206,42.996331],[-106.064141,42.992691]]]}},{"type":"Feature","properties":{"q":"SWSW","ac":39.8},"geometry":{"type":"Polygon","coordinates":[[[-106.103174,42.995851],[-106.103202,42.9995],[-106.098328,42.999552],[-106.098301,42.995904],[-106.103174,42.995851]]]}},{"type":"Feature","properties":{"q":"SWNE","ac":39.8},"geometry":{"type":"Polygon","coordinates":[[[-106.113092,43.01758],[-106.113116,43.021236],[-106.108248,43.021313],[-106.10822,43.017661],[-106.113092,43.01758]]]}},{"type":"Feature","properties":{"q":"SESE","ac":39.8},"geometry":{"type":"Polygon","coordinates":[[[-106.107934,42.984825],[-106.103056,42.984907],[-106.103017,42.981258],[-106.107899,42.981183],[-106.107934,42.984825]]]}},{"type":"Feature","properties":{"q":"SESE","ac":39.9},"geometry":{"type":"Polygon","coordinates":[[[-106.068722,42.96714],[-106.068747,42.97078],[-106.06386,42.970851],[-106.063832,42.967211],[-106.068722,42.96714]]]}},{"type":"Feature","properties":{"q":"SENE","ac":39.7},"geometry":{"type":"Polygon","coordinates":[[[-106.088746,43.017875],[-106.088792,43.021519],[-106.08393,43.021562],[-106.083878,43.017919],[-106.088746,43.017875]]]}},{"type":"Feature","properties":{"q":"SESE","ac":39.8},"geometry":{"type":"Polygon","coordinates":[[[-106.025053,42.996673],[-106.029958,42.996644],[-106.030018,43.000277],[-106.025123,43.000304],[-106.025053,42.996673]]]}},{"type":"Feature","properties":{"q":"SESW","ac":39.8},"geometry":{"type":"Polygon","coordinates":[[[-106.073759,42.985274],[-106.073697,42.981632],[-106.078574,42.981563],[-106.078634,42.985205],[-106.073759,42.985274]]]}},{"type":"Feature","properties":{"q":"NENW","ac":39.7},"geometry":{"type":"Polygon","coordinates":[[[-106.073883,42.992556],[-106.078754,42.992489],[-106.078814,42.99613],[-106.073945,42.996197],[-106.073883,42.992556]]]}},{"type":"Feature","properties":{"q":"NENE","ac":39.8},"geometry":{"type":"Polygon","coordinates":[[[-106.068796,42.978061],[-106.068821,42.981701],[-106.063944,42.98177],[-106.063916,42.978131],[-106.068796,42.978061]]]}},{"type":"Feature","properties":{"q":"NENW","ac":39.7},"geometry":{"type":"Polygon","coordinates":[[[-106.112767,42.977474],[-106.117653,42.977406],[-106.117662,42.981033],[-106.112781,42.981108],[-106.112767,42.977474]]]}},{"type":"Feature","properties":{"q":"SESE","ac":39.8},"geometry":{"type":"Polygon","coordinates":[[[-106.108193,43.014009],[-106.103318,43.014093],[-106.103288,43.010445],[-106.108166,43.010357],[-106.108193,43.014009]]]}},{"type":"Feature","properties":{"q":"NESE","ac":39.9},"geometry":{"type":"Polygon","coordinates":[[[-106.102951,42.970313],[-106.107846,42.970259],[-106.107864,42.9739],[-106.102973,42.973961],[-106.102951,42.970313]]]}},{"type":"Feature","properties":{"q":"NESW","ac":40.0},"geometry":{"type":"Polygon","coordinates":[[[-106.098113,42.955788],[-106.09809,42.959435],[-106.093192,42.959504],[-106.093207,42.955858],[-106.098113,42.955788]]]}},{"type":"Feature","properties":{"q":"NENE","ac":39.8},"geometry":{"type":"Polygon","coordinates":[[[-106.108248,43.021313],[-106.108275,43.024965],[-106.10341,43.025038],[-106.103379,43.02139],[-106.108248,43.021313]]]}},{"type":"Feature","properties":{"q":"SWSW","ac":39.7},"geometry":{"type":"Polygon","coordinates":[[[-106.059396,43.010944],[-106.064267,43.010891],[-106.06434,43.014532],[-106.05947,43.014584],[-106.059396,43.010944]]]}},{"type":"Feature","properties":{"q":"SWSE","ac":39.8},"geometry":{"type":"Polygon","coordinates":[[[-106.0887,43.014231],[-106.088653,43.010587],[-106.093531,43.01054],[-106.093573,43.014185],[-106.0887,43.014231]]]}},{"type":"Feature","properties":{"q":"SWSE","ac":39.7},"geometry":{"type":"Polygon","coordinates":[[[-106.073945,42.996197],[-106.073964,42.999839],[-106.069093,42.999905],[-106.069076,42.996264],[-106.073945,42.996197]]]}},{"type":"Feature","properties":{"q":"SWSE","ac":39.8},"geometry":{"type":"Polygon","coordinates":[[[-106.068821,42.981701],[-106.073697,42.981632],[-106.073759,42.985274],[-106.068884,42.985342],[-106.068821,42.981701]]]}},{"type":"Feature","properties":{"q":"NWSE","ac":39.7},"geometry":{"type":"Polygon","coordinates":[[[-106.073759,42.985274],[-106.073821,42.988915],[-106.068948,42.988983],[-106.068884,42.985342],[-106.073759,42.985274]]]}},{"type":"Feature","properties":{"q":"NWNW","ac":39.5},"geometry":{"type":"Polygon","coordinates":[[[-106.039886,43.00748],[-106.044757,43.007466],[-106.044785,43.011103],[-106.039925,43.011103],[-106.039886,43.00748]]]}},{"type":"Feature","properties":{"q":"SENE","ac":39.8},"geometry":{"type":"Polygon","coordinates":[[[-106.049487,42.992858],[-106.044603,42.992914],[-106.044531,42.989271],[-106.049417,42.989216],[-106.049487,42.992858]]]}},{"type":"Feature","properties":{"q":"SESW","ac":39.9},"geometry":{"type":"Polygon","coordinates":[[[-106.054166,42.981878],[-106.059055,42.981824],[-106.059122,42.985465],[-106.054235,42.985519],[-106.054166,42.981878]]]}},{"type":"Feature","properties":{"q":"NWNW","ac":39.8},"geometry":{"type":"Polygon","coordinates":[[[-106.083436,42.977852],[-106.08345,42.981494],[-106.078574,42.981563],[-106.078556,42.977922],[-106.083436,42.977852]]]}},{"type":"Feature","properties":{"q":"SENE","ac":39.8},"geometry":{"type":"Polygon","coordinates":[[[-106.025467,43.018466],[-106.030343,43.018443],[-106.030426,43.022092],[-106.025559,43.022119],[-106.025467,43.018466]]]}},{"type":"Feature","properties":{"q":"SENE","ac":39.9},"geometry":{"type":"Polygon","coordinates":[[[-106.107864,42.9739],[-106.107881,42.977542],[-106.102995,42.97761],[-106.102973,42.973961],[-106.107864,42.9739]]]}},{"type":"Feature","properties":{"q":"NESE","ac":39.9},"geometry":{"type":"Polygon","coordinates":[[[-106.083422,42.974209],[-106.083409,42.970567],[-106.088294,42.970504],[-106.08831,42.974148],[-106.083422,42.974209]]]}},{"type":"Feature","properties":{"q":"SWSE","ac":40.1},"geometry":{"type":"Polygon","coordinates":[[[-106.048916,42.952797],[-106.053839,42.952757],[-106.053894,42.956392],[-106.04898,42.956436],[-106.048916,42.952797]]]}},{"type":"Feature","properties":{"q":"NWNE","ac":39.8},"geometry":{"type":"Polygon","coordinates":[[[-106.09338,42.992312],[-106.093429,42.995957],[-106.088556,42.99601],[-106.088503,42.992367],[-106.09338,42.992312]]]}},{"type":"Feature","properties":{"q":"NESE","ac":39.7},"geometry":{"type":"Polygon","coordinates":[[[-106.064222,42.999971],[-106.069093,42.999905],[-106.06911,43.003546],[-106.064237,43.003611],[-106.064222,42.999971]]]}},{"type":"Feature","properties":{"q":"NWSE","ac":39.8},"geometry":{"type":"Polygon","coordinates":[[[-106.088581,42.999655],[-106.093454,42.999603],[-106.09348,43.003249],[-106.088605,43.003299],[-106.088581,42.999655]]]}},{"type":"Feature","properties":{"q":"SWNE","ac":39.8},"geometry":{"type":"Polygon","coordinates":[[[-106.09348,43.003249],[-106.093506,43.006894],[-106.088629,43.006943],[-106.088605,43.003299],[-106.09348,43.003249]]]}},{"type":"Feature","properties":{"q":"SESW","ac":39.8},"geometry":{"type":"Polygon","coordinates":[[[-106.098301,42.995904],[-106.098328,42.999552],[-106.093454,42.999603],[-106.093429,42.995957],[-106.098301,42.995904]]]}},{"type":"Feature","properties":{"q":"SENW","ac":39.6},"geometry":{"type":"Polygon","coordinates":[[[-106.035218,43.018421],[-106.040078,43.018398],[-106.040155,43.022038],[-106.035294,43.022065],[-106.035218,43.018421]]]}},{"type":"Feature","properties":{"q":"SESE","ac":39.9},"geometry":{"type":"Polygon","coordinates":[[[-106.083409,42.970567],[-106.083395,42.966925],[-106.088278,42.96686],[-106.088294,42.970504],[-106.083409,42.970567]]]}},{"type":"Feature","properties":{"q":"NESE","ac":39.8},"geometry":{"type":"Polygon","coordinates":[[[-106.103231,43.003148],[-106.103202,42.9995],[-106.10807,42.999401],[-106.108102,43.003053],[-106.103231,43.003148]]]}},{"type":"Feature","properties":{"q":"SWSW","ac":39.7},"geometry":{"type":"Polygon","coordinates":[[[-106.083684,42.996063],[-106.083707,42.999706],[-106.078835,42.999773],[-106.078814,42.99613],[-106.083684,42.996063]]]}},{"type":"Feature","properties":{"q":"SWNE","ac":40.0},"geometry":{"type":"Polygon","coordinates":[[[-106.093192,42.959504],[-106.093177,42.963149],[-106.088285,42.963216],[-106.088293,42.959572],[-106.093192,42.959504]]]}},{"type":"Feature","properties":{"q":"NWNE","ac":39.8},"geometry":{"type":"Polygon","coordinates":[[[-106.107899,42.981183],[-106.107881,42.977542],[-106.112767,42.977474],[-106.112781,42.981108],[-106.107899,42.981183]]]}},{"type":"Feature","properties":{"q":"SWSE","ac":39.9},"geometry":{"type":"Polygon","coordinates":[[[-106.030018,43.000277],[-106.029958,42.996644],[-106.034864,42.996615],[-106.034914,43.000249],[-106.030018,43.000277]]]}},{"type":"Feature","properties":{"q":"NWNW","ac":39.9},"geometry":{"type":"Polygon","coordinates":[[[-106.039468,42.978387],[-106.044362,42.978341],[-106.044388,42.981985],[-106.039499,42.982031],[-106.039468,42.978387]]]}},{"type":"Feature","properties":{"q":"SENW","ac":39.9},"geometry":{"type":"Polygon","coordinates":[[[-106.098085,42.974024],[-106.098105,42.97767],[-106.093216,42.977731],[-106.093198,42.974086],[-106.098085,42.974024]]]}},{"type":"Feature","properties":{"q":"SESE","ac":39.9},"geometry":{"type":"Polygon","coordinates":[[[-106.107932,42.952052],[-106.107906,42.955693],[-106.103019,42.955718],[-106.103049,42.95207],[-106.107932,42.952052]]]}},{"type":"Feature","properties":{"q":"NWNE","ac":39.9},"geometry":{"type":"Polygon","coordinates":[[[-106.107854,42.962976],[-106.112749,42.962936],[-106.112728,42.96657],[-106.107828,42.966617],[-106.107854,42.962976]]]}},{"type":"Feature","properties":{"q":"NWNW","ac":39.7},"geometry":{"type":"Polygon","coordinates":[[[-106.103379,43.02139],[-106.10341,43.025038],[-106.098553,43.02508],[-106.098517,43.021433],[-106.103379,43.02139]]]}},{"type":"Feature","properties":{"q":"SESW","ac":39.6},"geometry":{"type":"Polygon","coordinates":[[[-106.059691,43.025501],[-106.05975,43.02914],[-106.054887,43.029188],[-106.054825,43.02555],[-106.059691,43.025501]]]}},{"type":"Feature","properties":{"q":"SWSW","ac":39.8},"geometry":{"type":"Polygon","coordinates":[[[-106.058945,42.967261],[-106.063832,42.967211],[-106.06386,42.970851],[-106.058973,42.970902],[-106.058945,42.967261]]]}},{"type":"Feature","properties":{"q":"SENW","ac":40.0},"geometry":{"type":"Polygon","coordinates":[[[-106.078498,42.963355],[-106.073601,42.963427],[-106.073589,42.959786],[-106.078492,42.959713],[-106.078498,42.963355]]]}},{"type":"Feature","properties":{"q":"NENE","ac":39.8},"geometry":{"type":"Polygon","coordinates":[[[-106.029898,42.993018],[-106.029958,42.996644],[-106.025053,42.996673],[-106.024996,42.993052],[-106.029898,42.993018]]]}},{"type":"Feature","properties":{"q":"NWNW","ac":39.9},"geometry":{"type":"Polygon","coordinates":[[[-106.102959,42.963015],[-106.102929,42.966664],[-106.098045,42.966729],[-106.098068,42.963082],[-106.102959,42.963015]]]}},{"type":"Feature","properties":{"q":"SENE","ac":40.2},"geometry":{"type":"Polygon","coordinates":[[[-106.024487,42.960304],[-106.029403,42.960259],[-106.02947,42.963914],[-106.02455,42.963948],[-106.024487,42.960304]]]}},{"type":"Feature","properties":{"q":"NENE","ac":39.9},"geometry":{"type":"Polygon","coordinates":[[[-106.102995,42.97761],[-106.107881,42.977542],[-106.107899,42.981183],[-106.103017,42.981258],[-106.102995,42.97761]]]}},{"type":"Feature","properties":{"q":"NWNE","ac":39.9},"geometry":{"type":"Polygon","coordinates":[[[-106.073601,42.963427],[-106.073613,42.967068],[-106.068722,42.96714],[-106.068705,42.963499],[-106.073601,42.963427]]]}},{"type":"Feature","properties":{"q":"SESE","ac":39.7},"geometry":{"type":"Polygon","coordinates":[[[-106.083707,42.999706],[-106.083684,42.996063],[-106.088556,42.99601],[-106.088581,42.999655],[-106.083707,42.999706]]]}},{"type":"Feature","properties":{"q":"SENE","ac":40.0},"geometry":{"type":"Polygon","coordinates":[[[-106.049044,42.960076],[-106.049108,42.963718],[-106.044212,42.963766],[-106.044139,42.960123],[-106.049044,42.960076]]]}},{"type":"Feature","properties":{"q":"NWNW","ac":39.9},"geometry":{"type":"Polygon","coordinates":[[[-106.063832,42.967211],[-106.058945,42.967261],[-106.058906,42.96362],[-106.063808,42.963571],[-106.063832,42.967211]]]}},{"type":"Feature","properties":{"q":"NWNW","ac":40.1},"geometry":{"type":"Polygon","coordinates":[[[-106.039373,42.967477],[-106.039301,42.963823],[-106.044212,42.963766],[-106.044285,42.96741],[-106.039373,42.967477]]]}},{"type":"Feature","properties":{"q":"SWNW","ac":40.0},"geometry":{"type":"Polygon","coordinates":[[[-106.078492,42.959713],[-106.083394,42.95964],[-106.083394,42.963283],[-106.078498,42.963355],[-106.078492,42.959713]]]}},{"type":"Feature","properties":{"q":"NENW","ac":39.7},"geometry":{"type":"Polygon","coordinates":[[[-106.054505,43.007359],[-106.059378,43.007305],[-106.059396,43.010944],[-106.054526,43.010997],[-106.054505,43.007359]]]}},{"type":"Feature","properties":{"q":"SWSE","ac":39.9},"geometry":{"type":"Polygon","coordinates":[[[-106.088342,42.981435],[-106.093234,42.981376],[-106.093283,42.985022],[-106.088396,42.985079],[-106.088342,42.981435]]]}},{"type":"Feature","properties":{"q":"SWSW","ac":40.1},"geometry":{"type":"Polygon","coordinates":[[[-106.083394,42.952356],[-106.083394,42.955998],[-106.078486,42.956071],[-106.07848,42.952429],[-106.083394,42.952356]]]}},{"type":"Feature","properties":{"q":"SESW","ac":39.9},"geometry":{"type":"Polygon","coordinates":[[[-106.093162,42.966794],[-106.098045,42.966729],[-106.098065,42.970376],[-106.09318,42.97044],[-106.093162,42.966794]]]}},{"type":"Feature","properties":{"q":"SESW","ac":39.6},"geometry":{"type":"Polygon","coordinates":[[[-106.093696,43.025121],[-106.098553,43.02508],[-106.098605,43.028727],[-106.093749,43.028767],[-106.093696,43.025121]]]}},{"type":"Feature","properties":{"q":"NENE","ac":39.8},"geometry":{"type":"Polygon","coordinates":[[[-106.083684,42.996063],[-106.083625,42.992421],[-106.088503,42.992367],[-106.088556,42.99601],[-106.083684,42.996063]]]}},{"type":"Feature","properties":{"q":"NENW","ac":39.9},"geometry":{"type":"Polygon","coordinates":[[[-106.113009,43.006613],[-106.117883,43.006522],[-106.117922,43.010181],[-106.113044,43.010269],[-106.113009,43.006613]]]}},{"type":"Feature","properties":{"q":"SWNE","ac":40.0},"geometry":{"type":"Polygon","coordinates":[[[-106.034535,42.97479],[-106.034573,42.978433],[-106.029675,42.978479],[-106.029629,42.974835],[-106.034535,42.97479]]]}},{"type":"Feature","properties":{"q":"SWSW","ac":40.3},"geometry":{"type":"Polygon","coordinates":[[[-106.063738,42.952649],[-106.063761,42.95629],[-106.058828,42.956341],[-106.058789,42.952703],[-106.063738,42.952649]]]}},{"type":"Feature","properties":{"q":"NESW","ac":39.9},"geometry":{"type":"Polygon","coordinates":[[[-106.093198,42.974086],[-106.09318,42.97044],[-106.098065,42.970376],[-106.098085,42.974024],[-106.093198,42.974086]]]}},{"type":"Feature","properties":{"q":"NESE","ac":40.0},"geometry":{"type":"Polygon","coordinates":[[[-106.083394,42.95964],[-106.083394,42.955998],[-106.0883,42.955928],[-106.088293,42.959572],[-106.083394,42.95964]]]}},{"type":"Feature","properties":{"q":"SENW","ac":39.7},"geometry":{"type":"Polygon","coordinates":[[[-106.05936,43.003666],[-106.059378,43.007305],[-106.054505,43.007359],[-106.054483,43.003721],[-106.05936,43.003666]]]}},{"type":"Feature","properties":{"q":"NENW","ac":39.9},"geometry":{"type":"Polygon","coordinates":[[[-106.054166,42.981878],[-106.054139,42.978236],[-106.059027,42.978183],[-106.059055,42.981824],[-106.054166,42.981878]]]}},{"type":"Feature","properties":{"q":"NWNE","ac":39.9},"geometry":{"type":"Polygon","coordinates":[[[-106.054004,42.963669],[-106.054058,42.967311],[-106.049172,42.96736],[-106.049108,42.963718],[-106.054004,42.963669]]]}},{"type":"Feature","properties":{"q":"NWNW","ac":39.9},"geometry":{"type":"Polygon","coordinates":[[[-106.102995,42.97761],[-106.103017,42.981258],[-106.098126,42.981317],[-106.098105,42.97767],[-106.102995,42.97761]]]}},{"type":"Feature","properties":{"q":"SESE","ac":39.9},"geometry":{"type":"Polygon","coordinates":[[[-106.044285,42.96741],[-106.049172,42.96736],[-106.049198,42.971003],[-106.044311,42.971053],[-106.044285,42.96741]]]}},{"type":"Feature","properties":{"q":"SESE","ac":39.6},"geometry":{"type":"Polygon","coordinates":[[[-106.083982,43.025204],[-106.088839,43.025163],[-106.088892,43.028807],[-106.084036,43.028847],[-106.083982,43.025204]]]}},{"type":"Feature","properties":{"q":"SENW","ac":39.8},"geometry":{"type":"Polygon","coordinates":[[[-106.112771,42.959303],[-106.117662,42.95927],[-106.117645,42.962897],[-106.112749,42.962936],[-106.112771,42.959303]]]}},{"type":"Feature","properties":{"q":"NESW","ac":39.8},"geometry":{"type":"Polygon","coordinates":[[[-106.113186,43.028546],[-106.118049,43.028476],[-106.118094,43.032134],[-106.113233,43.032201],[-106.113186,43.028546]]]}},{"type":"Feature","properties":{"q":"SWNW","ac":39.6},"geometry":{"type":"Polygon","coordinates":[[[-106.098658,43.032374],[-106.103514,43.032335],[-106.103565,43.035984],[-106.09871,43.036021],[-106.098658,43.032374]]]}},{"type":"Feature","properties":{"q":"1","ac":38.6},"geometry":{"type":"Polygon","coordinates":[[[-106.069579,43.036312],[-106.069632,43.039872],[-106.064778,43.039926],[-106.064725,43.036372],[-106.069579,43.036312]]]}},{"type":"Feature","properties":{"q":"NESW","ac":39.6},"geometry":{"type":"Polygon","coordinates":[[[-106.040301,43.02932],[-106.04037,43.032962],[-106.035514,43.033003],[-106.035442,43.029356],[-106.040301,43.02932]]]}},{"type":"Feature","properties":{"q":"SENE","ac":39.5},"geometry":{"type":"Polygon","coordinates":[[[-106.050153,43.036511],[-106.045296,43.036557],[-106.045227,43.032921],[-106.050088,43.032874],[-106.050153,43.036511]]]}},{"type":"Feature","properties":{"q":"NENW","ac":39.8},"geometry":{"type":"Polygon","coordinates":[[[-106.093429,42.995957],[-106.09338,42.992312],[-106.098257,42.992258],[-106.098301,42.995904],[-106.093429,42.995957]]]}},{"type":"Feature","properties":{"q":"SESE","ac":39.9},"geometry":{"type":"Polygon","coordinates":[[[-106.049277,42.981931],[-106.049347,42.985574],[-106.044459,42.985628],[-106.044388,42.981985],[-106.049277,42.981931]]]}},{"type":"Feature","properties":{"q":"NWSW","ac":39.7},"geometry":{"type":"Polygon","coordinates":[[[-106.064222,42.999971],[-106.064237,43.003611],[-106.05936,43.003666],[-106.059342,43.000027],[-106.064222,42.999971]]]}},{"type":"Feature","properties":{"q":"NWNE","ac":39.9},"geometry":{"type":"Polygon","coordinates":[[[-106.113044,43.010269],[-106.108166,43.010357],[-106.108134,43.006705],[-106.113009,43.006613],[-106.113044,43.010269]]]}},{"type":"Feature","properties":{"q":"SENW","ac":40.3},"geometry":{"type":"Polygon","coordinates":[[[-106.03439,42.963879],[-106.034318,42.960214],[-106.039229,42.960169],[-106.039301,42.963823],[-106.03439,42.963879]]]}},{"type":"Feature","properties":{"q":"SESE","ac":39.7},"geometry":{"type":"Polygon","coordinates":[[[-106.02534,43.011188],[-106.030203,43.011145],[-106.030273,43.014794],[-106.025404,43.014827],[-106.02534,43.011188]]]}},{"type":"Feature","properties":{"q":"SWSE","ac":39.8},"geometry":{"type":"Polygon","coordinates":[[[-106.05444,42.996444],[-106.054462,43.000082],[-106.049582,43.000138],[-106.049557,42.9965],[-106.05444,42.996444]]]}},{"type":"Feature","properties":{"q":"NENW","ac":39.8},"geometry":{"type":"Polygon","coordinates":[[[-106.112749,42.962936],[-106.117645,42.962897],[-106.117627,42.966523],[-106.112728,42.96657],[-106.112749,42.962936]]]}},{"type":"Feature","properties":{"q":"NENW","ac":39.6},"geometry":{"type":"Polygon","coordinates":[[[-106.112872,42.992012],[-106.117741,42.991916],[-106.117768,42.995543],[-106.112903,42.995646],[-106.112872,42.992012]]]}},{"type":"Feature","properties":{"q":"SENE","ac":39.6},"geometry":{"type":"Polygon","coordinates":[[[-106.049807,43.018325],[-106.049882,43.021962],[-106.045015,43.022011],[-106.044938,43.018375],[-106.049807,43.018325]]]}},{"type":"Feature","properties":{"q":"SWSW","ac":39.9},"geometry":{"type":"Polygon","coordinates":[[[-106.102929,42.966664],[-106.102951,42.970313],[-106.098065,42.970376],[-106.098045,42.966729],[-106.102929,42.966664]]]}},{"type":"Feature","properties":{"q":"NESW","ac":39.9},"geometry":{"type":"Polygon","coordinates":[[[-106.098169,42.984964],[-106.098213,42.988611],[-106.093331,42.988667],[-106.093283,42.985022],[-106.098169,42.984964]]]}},{"type":"Feature","properties":{"q":"SWNE","ac":39.7},"geometry":{"type":"Polygon","coordinates":[[[-106.088746,43.017875],[-106.093614,43.017831],[-106.093655,43.021476],[-106.088792,43.021519],[-106.088746,43.017875]]]}},{"type":"Feature","properties":{"q":"NWNW","ac":39.6},"geometry":{"type":"Polygon","coordinates":[[[-106.040231,43.025679],[-106.040155,43.022038],[-106.045015,43.022011],[-106.045091,43.025648],[-106.040231,43.025679]]]}},{"type":"Feature","properties":{"q":"NESW","ac":39.7},"geometry":{"type":"Polygon","coordinates":[[[-106.05947,43.014584],[-106.059544,43.018223],[-106.054675,43.018274],[-106.054601,43.014636],[-106.05947,43.014584]]]}},{"type":"Feature","properties":{"q":"NENW","ac":39.9},"geometry":{"type":"Polygon","coordinates":[[[-106.058906,42.96362],[-106.058945,42.967261],[-106.054058,42.967311],[-106.054004,42.963669],[-106.058906,42.96362]]]}},{"type":"Feature","properties":{"q":"SWSE","ac":39.8},"geometry":{"type":"Polygon","coordinates":[[[-106.112781,42.981108],[-106.112811,42.984743],[-106.107934,42.984825],[-106.107899,42.981183],[-106.112781,42.981108]]]}},{"type":"Feature","properties":{"q":"SENW","ac":39.7},"geometry":{"type":"Polygon","coordinates":[[[-106.078856,43.003415],[-106.078877,43.007057],[-106.074002,43.007122],[-106.073983,43.00348],[-106.078856,43.003415]]]}},{"type":"Feature","properties":{"q":"SWSW","ac":39.9},"geometry":{"type":"Polygon","coordinates":[[[-106.044674,42.996557],[-106.044702,43.000193],[-106.039808,43.000221],[-106.039769,42.996586],[-106.044674,42.996557]]]}},{"type":"Feature","properties":{"q":"NESE","ac":39.7},"geometry":{"type":"Polygon","coordinates":[[[-106.049582,43.000138],[-106.049606,43.003776],[-106.044729,43.00383],[-106.044702,43.000193],[-106.049582,43.000138]]]}},{"type":"Feature","properties":{"q":"NWSE","ac":39.8},"geometry":{"type":"Polygon","coordinates":[[[-106.112793,42.955668],[-106.112771,42.959303],[-106.10788,42.959335],[-106.107906,42.955693],[-106.112793,42.955668]]]}},{"type":"Feature","properties":{"q":"SWNW","ac":39.6},"geometry":{"type":"Polygon","coordinates":[[[-106.079012,43.017983],[-106.083878,43.017919],[-106.08393,43.021562],[-106.079069,43.021625],[-106.079012,43.017983]]]}},{"type":"Feature","properties":{"q":"SWNW","ac":39.7},"geometry":{"type":"Polygon","coordinates":[[[-106.103349,43.017742],[-106.103379,43.02139],[-106.098517,43.021433],[-106.098481,43.017786],[-106.103349,43.017742]]]}},{"type":"Feature","properties":{"q":"SWSE","ac":39.9},"geometry":{"type":"Polygon","coordinates":[[[-106.107846,42.970259],[-106.107828,42.966617],[-106.112728,42.96657],[-106.112741,42.970205],[-106.107846,42.970259]]]}},{"type":"Feature","properties":{"q":"SESE","ac":39.6},"geometry":{"type":"Polygon","coordinates":[[[-106.049958,43.025599],[-106.050023,43.029236],[-106.045159,43.029284],[-106.045091,43.025648],[-106.049958,43.025599]]]}},{"type":"Feature","properties":{"q":"NWNE","ac":39.7},"geometry":{"type":"Polygon","coordinates":[[[-106.074002,43.007122],[-106.074021,43.010763],[-106.069144,43.010827],[-106.069127,43.007187],[-106.074002,43.007122]]]}},{"type":"Feature","properties":{"q":"SESW","ac":40.3},"geometry":{"type":"Polygon","coordinates":[[[-106.058789,42.952703],[-106.058828,42.956341],[-106.053894,42.956392],[-106.053839,42.952757],[-106.058789,42.952703]]]}},{"type":"Feature","properties":{"q":"NENW","ac":39.9},"geometry":{"type":"Polygon","coordinates":[[[-106.098045,42.966729],[-106.093162,42.966794],[-106.093177,42.963149],[-106.098068,42.963082],[-106.098045,42.966729]]]}},{"type":"Feature","properties":{"q":"SENW","ac":39.8},"geometry":{"type":"Polygon","coordinates":[[[-106.098213,42.988611],[-106.098257,42.992258],[-106.09338,42.992312],[-106.093331,42.988667],[-106.098213,42.988611]]]}},{"type":"Feature","properties":{"q":"NESW","ac":39.7},"geometry":{"type":"Polygon","coordinates":[[[-106.059342,43.000027],[-106.05936,43.003666],[-106.054483,43.003721],[-106.054462,43.000082],[-106.059342,43.000027]]]}},{"type":"Feature","properties":{"q":"NWSE","ac":39.9},"geometry":{"type":"Polygon","coordinates":[[[-106.088294,42.970504],[-106.09318,42.97044],[-106.093198,42.974086],[-106.08831,42.974148],[-106.088294,42.970504]]]}},{"type":"Feature","properties":{"q":"SWNE","ac":39.5},"geometry":{"type":"Polygon","coordinates":[[[-106.034965,43.003883],[-106.035015,43.007493],[-106.030141,43.007528],[-106.030079,43.00391],[-106.034965,43.003883]]]}},{"type":"Feature","properties":{"q":"SESW","ac":39.7},"geometry":{"type":"Polygon","coordinates":[[[-106.112814,42.952034],[-106.117697,42.952017],[-106.11768,42.955644],[-106.112793,42.955668],[-106.112814,42.952034]]]}},{"type":"Feature","properties":{"q":"NESW","ac":39.9},"geometry":{"type":"Polygon","coordinates":[[[-106.054085,42.970953],[-106.058973,42.970902],[-106.059,42.974543],[-106.054112,42.974595],[-106.054085,42.970953]]]}},{"type":"Feature","properties":{"q":"SWNW","ac":40.0},"geometry":{"type":"Polygon","coordinates":[[[-106.098068,42.963082],[-106.09809,42.959435],[-106.102989,42.959367],[-106.102959,42.963015],[-106.098068,42.963082]]]}},{"type":"Feature","properties":{"q":"NESW","ac":39.8},"geometry":{"type":"Polygon","coordinates":[[[-106.073655,42.974351],[-106.073634,42.970709],[-106.078521,42.970638],[-106.078539,42.97428],[-106.073655,42.974351]]]}},{"type":"Feature","properties":{"q":"SWNW","ac":39.8},"geometry":{"type":"Polygon","coordinates":[[[-106.103231,43.003148],[-106.103259,43.006796],[-106.098382,43.006845],[-106.098355,43.003199],[-106.103231,43.003148]]]}},{"type":"Feature","properties":{"q":"SWSE","ac":39.6},"geometry":{"type":"Polygon","coordinates":[[[-106.050023,43.029236],[-106.049958,43.025599],[-106.054825,43.02555],[-106.054887,43.029188],[-106.050023,43.029236]]]}},{"type":"Feature","properties":{"q":"SWNE","ac":39.8},"geometry":{"type":"Polygon","coordinates":[[[-106.0348,42.992983],[-106.029898,42.993018],[-106.029838,42.989392],[-106.034737,42.989352],[-106.0348,42.992983]]]}},{"type":"Feature","properties":{"q":"SESE","ac":39.7},"geometry":{"type":"Polygon","coordinates":[[[-106.069076,42.996264],[-106.069093,42.999905],[-106.064222,42.999971],[-106.064206,42.996331],[-106.069076,42.996264]]]}},{"type":"Feature","properties":{"q":"SWSW","ac":39.9},"geometry":{"type":"Polygon","coordinates":[[[-106.098126,42.981317],[-106.103017,42.981258],[-106.103056,42.984907],[-106.098169,42.984964],[-106.098126,42.981317]]]}},{"type":"Feature","properties":{"q":"SWSE","ac":39.8},"geometry":{"type":"Polygon","coordinates":[[[-106.030273,43.014794],[-106.030203,43.011145],[-106.035065,43.011103],[-106.035141,43.014762],[-106.030273,43.014794]]]}},{"type":"Feature","properties":{"q":"NWNE","ac":39.9},"geometry":{"type":"Polygon","coordinates":[[[-106.093234,42.981376],[-106.088342,42.981435],[-106.088326,42.977791],[-106.093216,42.977731],[-106.093234,42.981376]]]}},{"type":"Feature","properties":{"q":"NESW","ac":39.8},"geometry":{"type":"Polygon","coordinates":[[[-106.098328,42.999552],[-106.098355,43.003199],[-106.09348,43.003249],[-106.093454,42.999603],[-106.098328,42.999552]]]}},{"type":"Feature","properties":{"q":"NWSE","ac":40.1},"geometry":{"type":"Polygon","coordinates":[[[-106.029403,42.960259],[-106.029336,42.956615],[-106.034248,42.95657],[-106.034318,42.960214],[-106.029403,42.960259]]]}},{"type":"Feature","properties":{"q":"NWSE","ac":39.9},"geometry":{"type":"Polygon","coordinates":[[[-106.029583,42.971202],[-106.034498,42.971167],[-106.034535,42.97479],[-106.029629,42.974835],[-106.029583,42.971202]]]}},{"type":"Feature","properties":{"q":"SWSW","ac":39.9},"geometry":{"type":"Polygon","coordinates":[[[-106.044388,42.981985],[-106.044459,42.985628],[-106.039567,42.985671],[-106.039499,42.982031],[-106.044388,42.981985]]]}},{"type":"Feature","properties":{"q":"SWSW","ac":40.1},"geometry":{"type":"Polygon","coordinates":[[[-106.044065,42.95648],[-106.039156,42.956525],[-106.039084,42.952882],[-106.043992,42.952837],[-106.044065,42.95648]]]}},{"type":"Feature","properties":{"q":"NESW","ac":39.9},"geometry":{"type":"Polygon","coordinates":[[[-106.117963,43.017499],[-106.113092,43.01758],[-106.113068,43.013925],[-106.117943,43.01384],[-106.117963,43.017499]]]}},{"type":"Feature","properties":{"q":"SWNW","ac":39.6},"geometry":{"type":"Polygon","coordinates":[[[-106.039847,43.003857],[-106.044729,43.00383],[-106.044757,43.007466],[-106.039886,43.00748],[-106.039847,43.003857]]]}},{"type":"Feature","properties":{"q":"NESE","ac":39.8},"geometry":{"type":"Polygon","coordinates":[[[-106.108193,43.014009],[-106.10822,43.017661],[-106.103349,43.017742],[-106.103318,43.014093],[-106.108193,43.014009]]]}},{"type":"Feature","properties":{"q":"NESE","ac":39.8},"geometry":{"type":"Polygon","coordinates":[[[-106.030018,43.000277],[-106.030079,43.00391],[-106.025193,43.003936],[-106.025123,43.000304],[-106.030018,43.000277]]]}},{"type":"Feature","properties":{"q":"SENE","ac":39.8},"geometry":{"type":"Polygon","coordinates":[[[-106.024939,42.989432],[-106.029838,42.989392],[-106.029898,42.993018],[-106.024996,42.993052],[-106.024939,42.989432]]]}},{"type":"Feature","properties":{"q":"NENW","ac":39.9},"geometry":{"type":"Polygon","coordinates":[[[-106.098105,42.97767],[-106.098126,42.981317],[-106.093234,42.981376],[-106.093216,42.977731],[-106.098105,42.97767]]]}},{"type":"Feature","properties":{"q":"SESE","ac":40.1},"geometry":{"type":"Polygon","coordinates":[[[-106.068652,42.952576],[-106.068669,42.956217],[-106.063761,42.95629],[-106.063738,42.952649],[-106.068652,42.952576]]]}},{"type":"Feature","properties":{"q":"SESE","ac":39.6},"geometry":{"type":"Polygon","coordinates":[[[-106.049655,43.01105],[-106.049731,43.014688],[-106.044862,43.014739],[-106.044785,43.011103],[-106.049655,43.01105]]]}},{"type":"Feature","properties":{"q":"SWSE","ac":39.8},"geometry":{"type":"Polygon","coordinates":[[[-106.088581,42.999655],[-106.088556,42.99601],[-106.093429,42.995957],[-106.093454,42.999603],[-106.088581,42.999655]]]}},{"type":"Feature","properties":{"q":"SWSE","ac":39.8},"geometry":{"type":"Polygon","coordinates":[[[-106.034674,42.985714],[-106.02978,42.985758],[-106.029721,42.982123],[-106.03461,42.982077],[-106.034674,42.985714]]]}},{"type":"Feature","properties":{"q":"NENE","ac":40.0},"geometry":{"type":"Polygon","coordinates":[[[-106.107828,42.966617],[-106.102929,42.966664],[-106.102959,42.963015],[-106.107854,42.962976],[-106.107828,42.966617]]]}},{"type":"Feature","properties":{"q":"SENE","ac":39.8},"geometry":{"type":"Polygon","coordinates":[[[-106.107969,42.988466],[-106.108004,42.992108],[-106.103135,42.992203],[-106.103096,42.988555],[-106.107969,42.988466]]]}},{"type":"Feature","properties":{"q":"NESE","ac":39.8},"geometry":{"type":"Polygon","coordinates":[[[-106.107934,42.984825],[-106.107969,42.988466],[-106.103096,42.988555],[-106.103056,42.984907],[-106.107934,42.984825]]]}},{"type":"Feature","properties":{"q":"SENW","ac":39.9},"geometry":{"type":"Polygon","coordinates":[[[-106.059027,42.978183],[-106.054139,42.978236],[-106.054112,42.974595],[-106.059,42.974543],[-106.059027,42.978183]]]}},{"type":"Feature","properties":{"q":"SENE","ac":40.0},"geometry":{"type":"Polygon","coordinates":[[[-106.029629,42.974835],[-106.029675,42.978479],[-106.024777,42.978525],[-106.024723,42.974881],[-106.029629,42.974835]]]}},{"type":"Feature","properties":{"q":"NWSE","ac":40.0},"geometry":{"type":"Polygon","coordinates":[[[-106.093192,42.959504],[-106.088293,42.959572],[-106.0883,42.955928],[-106.093207,42.955858],[-106.093192,42.959504]]]}},{"type":"Feature","properties":{"q":"SESW","ac":39.7},"geometry":{"type":"Polygon","coordinates":[[[-106.040001,43.014751],[-106.035141,43.014762],[-106.035065,43.011103],[-106.039925,43.011103],[-106.040001,43.014751]]]}},{"type":"Feature","properties":{"q":"SWNE","ac":39.9},"geometry":{"type":"Polygon","coordinates":[[[-106.054112,42.974595],[-106.054139,42.978236],[-106.049251,42.978289],[-106.049224,42.974646],[-106.054112,42.974595]]]}},{"type":"Feature","properties":{"q":"SENW","ac":39.9},"geometry":{"type":"Polygon","coordinates":[[[-106.117963,43.017499],[-106.117984,43.021158],[-106.113116,43.021236],[-106.113092,43.01758],[-106.117963,43.017499]]]}},{"type":"Feature","properties":{"q":"SENW","ac":39.9},"geometry":{"type":"Polygon","coordinates":[[[-106.117883,43.006522],[-106.113009,43.006613],[-106.112974,43.002958],[-106.117845,43.002862],[-106.117883,43.006522]]]}},{"type":"Feature","properties":{"q":"NWSE","ac":39.7},"geometry":{"type":"Polygon","coordinates":[[[-106.074083,43.014404],[-106.074145,43.018046],[-106.069279,43.018109],[-106.069211,43.014468],[-106.074083,43.014404]]]}},{"type":"Feature","properties":{"q":"SWSE","ac":39.9},"geometry":{"type":"Polygon","coordinates":[[[-106.093162,42.966794],[-106.09318,42.97044],[-106.088294,42.970504],[-106.088278,42.96686],[-106.093162,42.966794]]]}},{"type":"Feature","properties":{"q":"SENW","ac":39.7},"geometry":{"type":"Polygon","coordinates":[[[-106.093614,43.017831],[-106.098481,43.017786],[-106.098517,43.021433],[-106.093655,43.021476],[-106.093614,43.017831]]]}},{"type":"Feature","properties":{"q":"NWNE","ac":39.7},"geometry":{"type":"Polygon","coordinates":[[[-106.030426,43.022092],[-106.035294,43.022065],[-106.035371,43.02571],[-106.03051,43.025741],[-106.030426,43.022092]]]}},{"type":"Feature","properties":{"q":"NENE","ac":39.7},"geometry":{"type":"Polygon","coordinates":[[[-106.030426,43.022092],[-106.03051,43.025741],[-106.02565,43.025772],[-106.025559,43.022119],[-106.030426,43.022092]]]}},{"type":"Feature","properties":{"q":"NWNE","ac":39.8},"geometry":{"type":"Polygon","coordinates":[[[-106.108275,43.024965],[-106.108248,43.021313],[-106.113116,43.021236],[-106.11314,43.024891],[-106.108275,43.024965]]]}},{"type":"Feature","properties":{"q":"NENW","ac":39.8},"geometry":{"type":"Polygon","coordinates":[[[-106.098382,43.006845],[-106.09841,43.010492],[-106.093531,43.01054],[-106.093506,43.006894],[-106.098382,43.006845]]]}},{"type":"Feature","properties":{"q":"NWNW","ac":39.6},"geometry":{"type":"Polygon","coordinates":[[[-106.08393,43.021562],[-106.083982,43.025204],[-106.079126,43.025266],[-106.079069,43.021625],[-106.08393,43.021562]]]}},{"type":"Feature","properties":{"q":"NWSW","ac":39.7},"geometry":{"type":"Polygon","coordinates":[[[-106.083827,43.014277],[-106.083878,43.017919],[-106.079012,43.017983],[-106.078955,43.014341],[-106.083827,43.014277]]]}},{"type":"Feature","properties":{"q":"SWNE","ac":39.7},"geometry":{"type":"Polygon","coordinates":[[[-106.112842,42.988377],[-106.112872,42.992012],[-106.108004,42.992108],[-106.107969,42.988466],[-106.112842,42.988377]]]}},{"type":"Feature","properties":{"q":"SESW","ac":39.9},"geometry":{"type":"Polygon","coordinates":[[[-106.034914,43.000249],[-106.034864,42.996615],[-106.039769,42.996586],[-106.039808,43.000221],[-106.034914,43.000249]]]}},{"type":"Feature","properties":{"q":"NWSW","ac":39.9},"geometry":{"type":"Polygon","coordinates":[[[-106.044531,42.989271],[-106.039634,42.989311],[-106.039567,42.985671],[-106.044459,42.985628],[-106.044531,42.989271]]]}},{"type":"Feature","properties":{"q":"SENW","ac":40.0},"geometry":{"type":"Polygon","coordinates":[[[-106.09809,42.959435],[-106.098068,42.963082],[-106.093177,42.963149],[-106.093192,42.959504],[-106.09809,42.959435]]]}},{"type":"Feature","properties":{"q":"SENW","ac":39.6},"geometry":{"type":"Polygon","coordinates":[[[-106.112842,42.988377],[-106.117715,42.988288],[-106.117741,42.991916],[-106.112872,42.992012],[-106.112842,42.988377]]]}},{"type":"Feature","properties":{"q":"SWSW","ac":39.6},"geometry":{"type":"Polygon","coordinates":[[[-106.039925,43.011103],[-106.044785,43.011103],[-106.044862,43.014739],[-106.040001,43.014751],[-106.039925,43.011103]]]}},{"type":"Feature","properties":{"q":"SWNW","ac":39.8},"geometry":{"type":"Polygon","coordinates":[[[-106.064075,42.989051],[-106.064141,42.992691],[-106.059256,42.992747],[-106.059189,42.989106],[-106.064075,42.989051]]]}},{"type":"Feature","properties":{"q":"NENW","ac":39.9},"geometry":{"type":"Polygon","coordinates":[[[-106.078504,42.966996],[-106.073613,42.967068],[-106.073601,42.963427],[-106.078498,42.963355],[-106.078504,42.966996]]]}},{"type":"Feature","properties":{"q":"SENE","ac":39.7},"geometry":{"type":"Polygon","coordinates":[[[-106.06911,43.003546],[-106.069127,43.007187],[-106.064252,43.007251],[-106.064237,43.003611],[-106.06911,43.003546]]]}},{"type":"Feature","properties":{"q":"NWSE","ac":39.7},"geometry":{"type":"Polygon","coordinates":[[[-106.049606,43.003776],[-106.049582,43.000138],[-106.054462,43.000082],[-106.054483,43.003721],[-106.049606,43.003776]]]}},{"type":"Feature","properties":{"q":"SWSE","ac":40.1},"geometry":{"type":"Polygon","coordinates":[[[-106.029269,42.952971],[-106.034177,42.952926],[-106.034248,42.95657],[-106.029336,42.956615],[-106.029269,42.952971]]]}},{"type":"Feature","properties":{"q":"SENE","ac":40.0},"geometry":{"type":"Polygon","coordinates":[[[-106.063808,42.963571],[-106.063785,42.95993],[-106.068687,42.959858],[-106.068705,42.963499],[-106.063808,42.963571]]]}},{"type":"Feature","properties":{"q":"NESE","ac":39.7},"geometry":{"type":"Polygon","coordinates":[[[-106.06434,43.014532],[-106.069211,43.014468],[-106.069279,43.018109],[-106.064413,43.018172],[-106.06434,43.014532]]]}},{"type":"Feature","properties":{"q":"SWNE","ac":39.7},"geometry":{"type":"Polygon","coordinates":[[[-106.073821,42.988915],[-106.073883,42.992556],[-106.069012,42.992624],[-106.068948,42.988983],[-106.073821,42.988915]]]}},{"type":"Feature","properties":{"q":"NWSW","ac":40.1},"geometry":{"type":"Polygon","coordinates":[[[-106.098113,42.955788],[-106.103019,42.955718],[-106.102989,42.959367],[-106.09809,42.959435],[-106.098113,42.955788]]]}},{"type":"Feature","properties":{"q":"NWNE","ac":39.4},"geometry":{"type":"Polygon","coordinates":[[[-106.035015,43.007493],[-106.035065,43.011103],[-106.030203,43.011145],[-106.030141,43.007528],[-106.035015,43.007493]]]}},{"type":"Feature","properties":{"q":"NWSE","ac":39.9},"geometry":{"type":"Polygon","coordinates":[[[-106.054235,42.985519],[-106.054303,42.989161],[-106.049417,42.989216],[-106.049347,42.985574],[-106.054235,42.985519]]]}},{"type":"Feature","properties":{"q":"NESW","ac":39.7},"geometry":{"type":"Polygon","coordinates":[[[-106.079012,43.017983],[-106.074145,43.018046],[-106.074083,43.014404],[-106.078955,43.014341],[-106.079012,43.017983]]]}},{"type":"Feature","properties":{"q":"SWSE","ac":39.7},"geometry":{"type":"Polygon","coordinates":[[[-106.054526,43.010997],[-106.054601,43.014636],[-106.049731,43.014688],[-106.049655,43.01105],[-106.054526,43.010997]]]}},{"type":"Feature","properties":{"q":"NENE","ac":39.6},"geometry":{"type":"Polygon","coordinates":[[[-106.08393,43.021562],[-106.088792,43.021519],[-106.088839,43.025163],[-106.083982,43.025204],[-106.08393,43.021562]]]}},{"type":"Feature","properties":{"q":"SENW","ac":39.6},"geometry":{"type":"Polygon","coordinates":[[[-106.079012,43.017983],[-106.079069,43.021625],[-106.074208,43.021687],[-106.074145,43.018046],[-106.079012,43.017983]]]}},{"type":"Feature","properties":{"q":"SWSE","ac":40.0},"geometry":{"type":"Polygon","coordinates":[[[-106.029537,42.967569],[-106.034461,42.967544],[-106.034498,42.971167],[-106.029583,42.971202],[-106.029537,42.967569]]]}},{"type":"Feature","properties":{"q":"SWNE","ac":39.9},"geometry":{"type":"Polygon","coordinates":[[[-106.108102,43.003053],[-106.112974,43.002958],[-106.113009,43.006613],[-106.108134,43.006705],[-106.108102,43.003053]]]}},{"type":"Feature","properties":{"q":"SESW","ac":39.8},"geometry":{"type":"Polygon","coordinates":[[[-106.09841,43.010492],[-106.098445,43.014139],[-106.093573,43.014185],[-106.093531,43.01054],[-106.09841,43.010492]]]}},{"type":"Feature","properties":{"q":"NESW","ac":39.8},"geometry":{"type":"Polygon","coordinates":[[[-106.117636,42.970151],[-106.117645,42.973778],[-106.112754,42.97384],[-106.112741,42.970205],[-106.117636,42.970151]]]}},{"type":"Feature","properties":{"q":"NESE","ac":40.0},"geometry":{"type":"Polygon","coordinates":[[[-106.024668,42.971237],[-106.029583,42.971202],[-106.029629,42.974835],[-106.024723,42.974881],[-106.024668,42.971237]]]}},{"type":"Feature","properties":{"q":"SENW","ac":40.0},"geometry":{"type":"Polygon","coordinates":[[[-106.039436,42.974744],[-106.039468,42.978387],[-106.034573,42.978433],[-106.034535,42.97479],[-106.039436,42.974744]]]}},{"type":"Feature","properties":{"q":"SESE","ac":40.1},"geometry":{"type":"Polygon","coordinates":[[[-106.088308,42.952284],[-106.0883,42.955928],[-106.083394,42.955998],[-106.083394,42.952356],[-106.088308,42.952284]]]}},{"type":"Feature","properties":{"q":"SWNW","ac":40.0},"geometry":{"type":"Polygon","coordinates":[[[-106.044337,42.974697],[-106.044362,42.978341],[-106.039468,42.978387],[-106.039436,42.974744],[-106.044337,42.974697]]]}},{"type":"Feature","properties":{"q":"SWSW","ac":39.9},"geometry":{"type":"Polygon","coordinates":[[[-106.063944,42.98177],[-106.06401,42.985411],[-106.059122,42.985465],[-106.059055,42.981824],[-106.063944,42.98177]]]}},{"type":"Feature","properties":{"q":"SESW","ac":39.7},"geometry":{"type":"Polygon","coordinates":[[[-106.073964,42.999839],[-106.073945,42.996197],[-106.078814,42.99613],[-106.078835,42.999773],[-106.073964,42.999839]]]}},{"type":"Feature","properties":{"q":"NWSE","ac":40.0},"geometry":{"type":"Polygon","coordinates":[[[-106.073578,42.956144],[-106.073589,42.959786],[-106.068687,42.959858],[-106.068669,42.956217],[-106.073578,42.956144]]]}},{"type":"Feature","properties":{"q":"SWSE","ac":39.9},"geometry":{"type":"Polygon","coordinates":[[[-106.054085,42.970953],[-106.049198,42.971003],[-106.049172,42.96736],[-106.054058,42.967311],[-106.054085,42.970953]]]}},{"type":"Feature","properties":{"q":"SESE","ac":39.8},"geometry":{"type":"Polygon","coordinates":[[[-106.068821,42.981701],[-106.068884,42.985342],[-106.06401,42.985411],[-106.063944,42.98177],[-106.068821,42.981701]]]}},{"type":"Feature","properties":{"q":"NWSE","ac":39.9},"geometry":{"type":"Polygon","coordinates":[[[-106.113068,43.013925],[-106.113092,43.01758],[-106.10822,43.017661],[-106.108193,43.014009],[-106.113068,43.013925]]]}},{"type":"Feature","properties":{"q":"SESW","ac":40.1},"geometry":{"type":"Polygon","coordinates":[[[-106.07848,42.952429],[-106.078486,42.956071],[-106.073578,42.956144],[-106.073566,42.952503],[-106.07848,42.952429]]]}},{"type":"Feature","properties":{"q":"SWSE","ac":40.1},"geometry":{"type":"Polygon","coordinates":[[[-106.093222,42.952213],[-106.093207,42.955858],[-106.0883,42.955928],[-106.088308,42.952284],[-106.093222,42.952213]]]}},{"type":"Feature","properties":{"q":"NWNE","ac":39.8},"geometry":{"type":"Polygon","coordinates":[[[-106.068796,42.978061],[-106.073676,42.977991],[-106.073697,42.981632],[-106.068821,42.981701],[-106.068796,42.978061]]]}},{"type":"Feature","properties":{"q":"NESW","ac":39.7},"geometry":{"type":"Polygon","coordinates":[[[-106.035141,43.014762],[-106.040001,43.014751],[-106.040078,43.018398],[-106.035218,43.018421],[-106.035141,43.014762]]]}},{"type":"Feature","properties":{"q":"SWNW","ac":39.7},"geometry":{"type":"Polygon","coordinates":[[[-106.083729,43.003349],[-106.083752,43.006992],[-106.078877,43.007057],[-106.078856,43.003415],[-106.083729,43.003349]]]}},{"type":"Feature","properties":{"q":"SESW","ac":39.9},"geometry":{"type":"Polygon","coordinates":[[[-106.039373,42.967477],[-106.039405,42.97111],[-106.034498,42.971167],[-106.034461,42.967544],[-106.039373,42.967477]]]}},{"type":"Feature","properties":{"q":"NENE","ac":39.5},"geometry":{"type":"Polygon","coordinates":[[[-106.025266,43.007562],[-106.030141,43.007528],[-106.030203,43.011145],[-106.02534,43.011188],[-106.025266,43.007562]]]}},{"type":"Feature","properties":{"q":"NWNE","ac":39.9},"geometry":{"type":"Polygon","coordinates":[[[-106.054166,42.981878],[-106.049277,42.981931],[-106.049251,42.978289],[-106.054139,42.978236],[-106.054166,42.981878]]]}},{"type":"Feature","properties":{"q":"SENE","ac":39.7},"geometry":{"type":"Polygon","coordinates":[[[-106.044757,43.007466],[-106.044729,43.00383],[-106.049606,43.003776],[-106.049631,43.007413],[-106.044757,43.007466]]]}},{"type":"Feature","properties":{"q":"SWSW","ac":39.6},"geometry":{"type":"Polygon","coordinates":[[[-106.064558,43.025453],[-106.064614,43.029092],[-106.05975,43.02914],[-106.059691,43.025501],[-106.064558,43.025453]]]}},{"type":"Feature","properties":{"q":"SWNE","ac":39.8},"geometry":{"type":"Polygon","coordinates":[[[-106.030343,43.018443],[-106.035218,43.018421],[-106.035294,43.022065],[-106.030426,43.022092],[-106.030343,43.018443]]]}},{"type":"Feature","properties":{"q":"SESE","ac":40.0},"geometry":{"type":"Polygon","coordinates":[[[-106.102929,42.966664],[-106.107828,42.966617],[-106.107846,42.970259],[-106.102951,42.970313],[-106.102929,42.966664]]]}},{"type":"Feature","properties":{"q":"SWSE","ac":39.7},"geometry":{"type":"Polygon","coordinates":[[[-106.069211,43.014468],[-106.069144,43.010827],[-106.074021,43.010763],[-106.074083,43.014404],[-106.069211,43.014468]]]}},{"type":"Feature","properties":{"q":"NENE","ac":39.9},"geometry":{"type":"Polygon","coordinates":[[[-106.083394,42.963283],[-106.088285,42.963216],[-106.088278,42.96686],[-106.083395,42.966925],[-106.083394,42.963283]]]}},{"type":"Feature","properties":{"q":"SESE","ac":39.8},"geometry":{"type":"Polygon","coordinates":[[[-106.108038,42.995749],[-106.10807,42.999401],[-106.103202,42.9995],[-106.103174,42.995851],[-106.108038,42.995749]]]}},{"type":"Feature","properties":{"q":"SESW","ac":39.9},"geometry":{"type":"Polygon","coordinates":[[[-106.034674,42.985714],[-106.03461,42.982077],[-106.039499,42.982031],[-106.039567,42.985671],[-106.034674,42.985714]]]}},{"type":"Feature","properties":{"q":"NWSE","ac":39.8},"geometry":{"type":"Polygon","coordinates":[[[-106.030079,43.00391],[-106.030018,43.000277],[-106.034914,43.000249],[-106.034965,43.003883],[-106.030079,43.00391]]]}},{"type":"Feature","properties":{"q":"NWNE","ac":39.6},"geometry":{"type":"Polygon","coordinates":[[[-106.05475,43.021912],[-106.054825,43.02555],[-106.049958,43.025599],[-106.049882,43.021962],[-106.05475,43.021912]]]}},{"type":"Feature","properties":{"q":"SENW","ac":39.6},"geometry":{"type":"Polygon","coordinates":[[[-106.054948,43.032827],[-106.059809,43.032779],[-106.059867,43.036419],[-106.05501,43.036465],[-106.054948,43.032827]]]}},{"type":"Feature","properties":{"q":"NWSW","ac":39.6},"geometry":{"type":"Polygon","coordinates":[[[-106.040301,43.02932],[-106.045159,43.029284],[-106.045227,43.032921],[-106.04037,43.032962],[-106.040301,43.02932]]]}},{"type":"Feature","properties":{"q":"NWSE","ac":39.6},"geometry":{"type":"Polygon","coordinates":[[[-106.054887,43.029188],[-106.054948,43.032827],[-106.050088,43.032874],[-106.050023,43.029236],[-106.054887,43.029188]]]}},{"type":"Feature","properties":{"q":"NWSW","ac":39.6},"geometry":{"type":"Polygon","coordinates":[[[-106.103462,43.028687],[-106.103514,43.032335],[-106.098658,43.032374],[-106.098605,43.028727],[-106.103462,43.028687]]]}},{"type":"Feature","properties":{"q":"NWSE","ac":39.6},"geometry":{"type":"Polygon","coordinates":[[[-106.093749,43.028767],[-106.093801,43.032412],[-106.088946,43.032451],[-106.088892,43.028807],[-106.093749,43.028767]]]}},{"type":"Feature","properties":{"q":"3","ac":38.8},"geometry":{"type":"Polygon","coordinates":[[[-106.079288,43.036192],[-106.079341,43.039763],[-106.074487,43.039817],[-106.074433,43.036252],[-106.079288,43.036192]]]}},{"type":"Feature","properties":{"q":"NESE","ac":39.5},"geometry":{"type":"Polygon","coordinates":[[[-106.069469,43.029031],[-106.069524,43.032672],[-106.06467,43.032732],[-106.064614,43.029092],[-106.069469,43.029031]]]}},{"type":"Feature","properties":{"q":"1","ac":39.0},"geometry":{"type":"Polygon","coordinates":[[[-106.045296,43.036557],[-106.050153,43.036511],[-106.050217,43.040095],[-106.045364,43.040152],[-106.045296,43.036557]]]}},{"type":"Feature","properties":{"q":"3","ac":39.2},"geometry":{"type":"Polygon","coordinates":[[[-106.035585,43.036643],[-106.04044,43.0366],[-106.04051,43.040207],[-106.035656,43.040263],[-106.035585,43.036643]]]}},{"type":"Feature","properties":{"q":"1","ac":39.5},"geometry":{"type":"Polygon","coordinates":[[[-106.030727,43.036686],[-106.030802,43.040318],[-106.025948,43.040373],[-106.025869,43.036729],[-106.030727,43.036686]]]}},{"type":"Feature","properties":{"q":"NWSW","ac":39.6},"geometry":{"type":"Polygon","coordinates":[[[-106.05975,43.02914],[-106.064614,43.029092],[-106.06467,43.032732],[-106.059809,43.032779],[-106.05975,43.02914]]]}},{"type":"Feature","properties":{"q":"SWNE","ac":39.5},"geometry":{"type":"Polygon","coordinates":[[[-106.069524,43.032672],[-106.074379,43.032611],[-106.074433,43.036252],[-106.069579,43.036312],[-106.069524,43.032672]]]}},{"type":"Feature","properties":{"q":"SENW","ac":39.8},"geometry":{"type":"Polygon","coordinates":[[[-106.118094,43.032134],[-106.118138,43.035792],[-106.11328,43.035856],[-106.113233,43.032201],[-106.118094,43.032134]]]}},{"type":"Feature","properties":{"q":"NESE","ac":39.6},"geometry":{"type":"Polygon","coordinates":[[[-106.088892,43.028807],[-106.088946,43.032451],[-106.08409,43.032489],[-106.084036,43.028847],[-106.088892,43.028807]]]}},{"type":"Feature","properties":{"q":"NESW","ac":39.6},"geometry":{"type":"Polygon","coordinates":[[[-106.074324,43.02897],[-106.07918,43.028908],[-106.079234,43.03255],[-106.074379,43.032611],[-106.074324,43.02897]]]}},{"type":"Feature","properties":{"q":"1","ac":38.8},"geometry":{"type":"Polygon","coordinates":[[[-106.088998,43.036095],[-106.08905,43.03966],[-106.084195,43.039709],[-106.084143,43.036131],[-106.088998,43.036095]]]}},{"type":"Feature","properties":{"q":"4","ac":39.1},"geometry":{"type":"Polygon","coordinates":[[[-106.04044,43.0366],[-106.045296,43.036557],[-106.045364,43.040152],[-106.04051,43.040207],[-106.04044,43.0366]]]}},{"type":"Feature","properties":{"q":"SWNW","ac":39.6},"geometry":{"type":"Polygon","coordinates":[[[-106.06467,43.032732],[-106.064725,43.036372],[-106.059867,43.036419],[-106.059809,43.032779],[-106.06467,43.032732]]]}},{"type":"Feature","properties":{"q":"SWNE","ac":39.6},"geometry":{"type":"Polygon","coordinates":[[[-106.035514,43.033003],[-106.035585,43.036643],[-106.030727,43.036686],[-106.030652,43.033044],[-106.035514,43.033003]]]}},{"type":"Feature","properties":{"q":"SENE","ac":39.6},"geometry":{"type":"Polygon","coordinates":[[[-106.025791,43.033085],[-106.030652,43.033044],[-106.030727,43.036686],[-106.025869,43.036729],[-106.025791,43.033085]]]}},{"type":"Feature","properties":{"q":"SWNE","ac":39.6},"geometry":{"type":"Polygon","coordinates":[[[-106.093854,43.036058],[-106.088998,43.036095],[-106.088946,43.032451],[-106.093801,43.032412],[-106.093854,43.036058]]]}},{"type":"Feature","properties":{"q":"NESE","ac":39.7},"geometry":{"type":"Polygon","coordinates":[[[-106.103462,43.028687],[-106.108324,43.028617],[-106.108374,43.032268],[-106.103514,43.032335],[-106.103462,43.028687]]]}},{"type":"Feature","properties":{"q":"SWNE","ac":39.6},"geometry":{"type":"Polygon","coordinates":[[[-106.054948,43.032827],[-106.05501,43.036465],[-106.050153,43.036511],[-106.050088,43.032874],[-106.054948,43.032827]]]}},{"type":"Feature","properties":{"q":"NESW","ac":39.6},"geometry":{"type":"Polygon","coordinates":[[[-106.05975,43.02914],[-106.059809,43.032779],[-106.054948,43.032827],[-106.054887,43.029188],[-106.05975,43.02914]]]}},{"type":"Feature","properties":{"q":"NESW","ac":39.6},"geometry":{"type":"Polygon","coordinates":[[[-106.093749,43.028767],[-106.098605,43.028727],[-106.098658,43.032374],[-106.093801,43.032412],[-106.093749,43.028767]]]}},{"type":"Feature","properties":{"q":"NESE","ac":39.7},"geometry":{"type":"Polygon","coordinates":[[[-106.02572,43.029428],[-106.030581,43.029393],[-106.030652,43.033044],[-106.025791,43.033085],[-106.02572,43.029428]]]}},{"type":"Feature","properties":{"q":"2","ac":38.5},"geometry":{"type":"Polygon","coordinates":[[[-106.11328,43.035856],[-106.113325,43.039409],[-106.10847,43.039461],[-106.108423,43.03592],[-106.11328,43.035856]]]}},{"type":"Feature","properties":{"q":"SENW","ac":39.6},"geometry":{"type":"Polygon","coordinates":[[[-106.093801,43.032412],[-106.098658,43.032374],[-106.09871,43.036021],[-106.093854,43.036058],[-106.093801,43.032412]]]}},{"type":"Feature","properties":{"q":"1","ac":38.4},"geometry":{"type":"Polygon","coordinates":[[[-106.103565,43.035984],[-106.108423,43.03592],[-106.10847,43.039461],[-106.103615,43.039512],[-106.103565,43.035984]]]}},{"type":"Feature","properties":{"q":"NESE","ac":39.6},"geometry":{"type":"Polygon","coordinates":[[[-106.050023,43.029236],[-106.050088,43.032874],[-106.045227,43.032921],[-106.045159,43.029284],[-106.050023,43.029236]]]}},{"type":"Feature","properties":{"q":"SWNW","ac":39.6},"geometry":{"type":"Polygon","coordinates":[[[-106.08409,43.032489],[-106.084143,43.036131],[-106.079288,43.036192],[-106.079234,43.03255],[-106.08409,43.032489]]]}},{"type":"Feature","properties":{"q":"SENW","ac":39.5},"geometry":{"type":"Polygon","coordinates":[[[-106.035514,43.033003],[-106.04037,43.032962],[-106.04044,43.0366],[-106.035585,43.036643],[-106.035514,43.033003]]]}},{"type":"Feature","properties":{"q":"SENE","ac":39.7},"geometry":{"type":"Polygon","coordinates":[[[-106.108374,43.032268],[-106.108423,43.03592],[-106.103565,43.035984],[-106.103514,43.032335],[-106.108374,43.032268]]]}},{"type":"Feature","properties":{"q":"3","ac":38.7},"geometry":{"type":"Polygon","coordinates":[[[-106.11818,43.039357],[-106.113325,43.039409],[-106.11328,43.035856],[-106.118138,43.035792],[-106.11818,43.039357]]]}},{"type":"Feature","properties":{"q":"2","ac":38.9},"geometry":{"type":"Polygon","coordinates":[[[-106.05501,43.036465],[-106.055071,43.040039],[-106.050217,43.040095],[-106.050153,43.036511],[-106.05501,43.036465]]]}},{"type":"Feature","properties":{"q":"4","ac":38.4},"geometry":{"type":"Polygon","coordinates":[[[-106.103565,43.035984],[-106.103615,43.039512],[-106.09876,43.039561],[-106.09871,43.036021],[-106.103565,43.035984]]]}},{"type":"Feature","properties":{"q":"SWNW","ac":39.5},"geometry":{"type":"Polygon","coordinates":[[[-106.04037,43.032962],[-106.045227,43.032921],[-106.045296,43.036557],[-106.04044,43.0366],[-106.04037,43.032962]]]}},{"type":"Feature","properties":{"q":"NWSE","ac":39.6},"geometry":{"type":"Polygon","coordinates":[[[-106.074324,43.02897],[-106.074379,43.032611],[-106.069524,43.032672],[-106.069469,43.029031],[-106.074324,43.02897]]]}},{"type":"Feature","properties":{"q":"3","ac":38.5},"geometry":{"type":"Polygon","coordinates":[[[-106.093854,43.036058],[-106.09871,43.036021],[-106.09876,43.039561],[-106.093905,43.039611],[-106.093854,43.036058]]]}},{"type":"Feature","properties":{"q":"SENE","ac":39.6},"geometry":{"type":"Polygon","coordinates":[[[-106.08409,43.032489],[-106.088946,43.032451],[-106.088998,43.036095],[-106.084143,43.036131],[-106.08409,43.032489]]]}},{"type":"Feature","properties":{"q":"2","ac":38.7},"geometry":{"type":"Polygon","coordinates":[[[-106.074433,43.036252],[-106.074487,43.039817],[-106.069632,43.039872],[-106.069579,43.036312],[-106.074433,43.036252]]]}},{"type":"Feature","properties":{"q":"SENE","ac":39.5},"geometry":{"type":"Polygon","coordinates":[[[-106.069524,43.032672],[-106.069579,43.036312],[-106.064725,43.036372],[-106.06467,43.032732],[-106.069524,43.032672]]]}}]}