{"type":"FeatureCollection","note":"BLM Public Land Survey System. Provided by the Bureau of Land Management as is. These data are neither legal documents nor land surveys and must not be used as such.","features":[{"type":"Feature","properties":{"q":"3","ac":34.2},"geometry":{"type":"Polygon","coordinates":[[[-106.283324,43.662868],[-106.287599,43.662826],[-106.287613,43.666441],[-106.283336,43.666475],[-106.283324,43.662868]]]}},{"type":"Feature","properties":{"q":"NWSE","ac":39.6},"geometry":{"type":"Polygon","coordinates":[[[-106.233409,43.68129],[-106.233442,43.677698],[-106.238423,43.677682],[-106.238389,43.681276],[-106.233409,43.68129]]]}},{"type":"Feature","properties":{"q":"NWSW","ac":38.7},"geometry":{"type":"Polygon","coordinates":[[[-106.244423,43.652493],[-106.244644,43.648896],[-106.249499,43.648866],[-106.249292,43.652464],[-106.244423,43.652493]]]}},{"type":"Feature","properties":{"q":"NWSE","ac":40.7},"geometry":{"type":"Polygon","coordinates":[[[-106.278297,43.677369],[-106.278295,43.681023],[-106.273262,43.681049],[-106.273263,43.677393],[-106.278297,43.677369]]]}},{"type":"Feature","properties":{"q":"SESE","ac":37.9},"geometry":{"type":"Polygon","coordinates":[[[-106.254442,43.645234],[-106.254282,43.648825],[-106.249499,43.648866],[-106.249705,43.645268],[-106.254442,43.645234]]]}},{"type":"Feature","properties":{"q":"SWNE","ac":39.7},"geometry":{"type":"Polygon","coordinates":[[[-106.278351,43.666515],[-106.278325,43.670116],[-106.273321,43.670146],[-106.273377,43.666555],[-106.278351,43.666515]]]}},{"type":"Feature","properties":{"q":"SWSE","ac":39.6},"geometry":{"type":"Polygon","coordinates":[[[-106.238457,43.674088],[-106.238423,43.677682],[-106.233442,43.677698],[-106.233475,43.674105],[-106.238457,43.674088]]]}},{"type":"Feature","properties":{"q":"SWSE","ac":39.1},"geometry":{"type":"Polygon","coordinates":[[[-106.214502,43.660228],[-106.219429,43.660072],[-106.219224,43.66366],[-106.214294,43.663814],[-106.214502,43.660228]]]}},{"type":"Feature","properties":{"q":"NESE","ac":39.1},"geometry":{"type":"Polygon","coordinates":[[[-106.214086,43.6674],[-106.209152,43.667552],[-106.209363,43.663968],[-106.214294,43.663814],[-106.214086,43.6674]]]}},{"type":"Feature","properties":{"q":"SWSE","ac":39.2},"geometry":{"type":"Polygon","coordinates":[[[-106.278402,43.659318],[-106.278376,43.662917],[-106.273434,43.662965],[-106.27349,43.659374],[-106.278402,43.659318]]]}},{"type":"Feature","properties":{"q":"SESW","ac":39.1},"geometry":{"type":"Polygon","coordinates":[[[-106.258628,43.663136],[-106.258729,43.659546],[-106.263653,43.659489],[-106.26356,43.663075],[-106.258628,43.663136]]]}},{"type":"Feature","properties":{"q":"NENE","ac":39.5},"geometry":{"type":"Polygon","coordinates":[[[-106.228493,43.674123],[-106.22869,43.670532],[-106.233652,43.670513],[-106.233475,43.674105],[-106.228493,43.674123]]]}},{"type":"Feature","properties":{"q":"NWNE","ac":40.8},"geometry":{"type":"Polygon","coordinates":[[[-106.174592,43.659165],[-106.179653,43.658848],[-106.179606,43.662498],[-106.174557,43.662818],[-106.174592,43.659165]]]}},{"type":"Feature","properties":{"q":"SWSE","ac":38.6},"geometry":{"type":"Polygon","coordinates":[[[-106.17441,43.666277],[-106.174557,43.662818],[-106.179606,43.662498],[-106.179434,43.665974],[-106.17441,43.666277]]]}},{"type":"Feature","properties":{"q":"SENW","ac":40.6},"geometry":{"type":"Polygon","coordinates":[[[-106.278408,43.710248],[-106.283428,43.710234],[-106.283447,43.713901],[-106.27845,43.713908],[-106.278408,43.710248]]]}},{"type":"Feature","properties":{"q":"SESE","ac":40.3},"geometry":{"type":"Polygon","coordinates":[[[-106.212911,43.717654],[-106.212848,43.721253],[-106.207774,43.721301],[-106.207838,43.717718],[-106.212911,43.717654]]]}},{"type":"Feature","properties":{"q":"SENE","ac":40.3},"geometry":{"type":"Polygon","coordinates":[[[-106.207711,43.724884],[-106.212784,43.724853],[-106.212724,43.728457],[-106.207654,43.728467],[-106.207711,43.724884]]]}},{"type":"Feature","properties":{"q":"NENW","ac":39.6},"geometry":{"type":"Polygon","coordinates":[[[-106.238354,43.68487],[-106.243332,43.684858],[-106.243297,43.688453],[-106.23832,43.688464],[-106.238354,43.68487]]]}},{"type":"Feature","properties":{"q":"2","ac":41.1},"geometry":{"type":"Polygon","coordinates":[[[-106.278512,43.728517],[-106.278518,43.732183],[-106.273451,43.732177],[-106.273466,43.728498],[-106.278512,43.728517]]]}},{"type":"Feature","properties":{"q":"NWSW","ac":41.1},"geometry":{"type":"Polygon","coordinates":[[[-106.243325,43.721123],[-106.248407,43.721116],[-106.248307,43.724774],[-106.243231,43.724781],[-106.243325,43.721123]]]}},{"type":"Feature","properties":{"q":"SESE","ac":39.4},"geometry":{"type":"Polygon","coordinates":[[[-106.213281,43.692501],[-106.208306,43.692641],[-106.208476,43.689057],[-106.213449,43.688914],[-106.213281,43.692501]]]}},{"type":"Feature","properties":{"q":"SENE","ac":40.4},"geometry":{"type":"Polygon","coordinates":[[[-106.268332,43.695676],[-106.27332,43.69565],[-106.273289,43.6993],[-106.268262,43.699325],[-106.268332,43.695676]]]}},{"type":"Feature","properties":{"q":"NENE","ac":39.8},"geometry":{"type":"Polygon","coordinates":[[[-106.24831,43.684845],[-106.25329,43.684817],[-106.253262,43.68843],[-106.248273,43.688442],[-106.24831,43.684845]]]}},{"type":"Feature","properties":{"q":"NWNW","ac":40.6},"geometry":{"type":"Polygon","coordinates":[[[-106.22805,43.713826],[-106.228148,43.717453],[-106.223066,43.717521],[-106.222998,43.713906],[-106.22805,43.713826]]]}},{"type":"Feature","properties":{"q":"NWSW","ac":39.3},"geometry":{"type":"Polygon","coordinates":[[[-106.24371,43.666878],[-106.243845,43.663282],[-106.248765,43.663259],[-106.248651,43.666857],[-106.24371,43.666878]]]}},{"type":"Feature","properties":{"q":"NENE","ac":39.9},"geometry":{"type":"Polygon","coordinates":[[[-106.268317,43.670177],[-106.273321,43.670146],[-106.273264,43.673737],[-106.26823,43.673758],[-106.268317,43.670177]]]}},{"type":"Feature","properties":{"q":"NENW","ac":38.9},"geometry":{"type":"Polygon","coordinates":[[[-106.24398,43.659686],[-106.239081,43.659711],[-106.239317,43.656116],[-106.244202,43.65609],[-106.24398,43.659686]]]}},{"type":"Feature","properties":{"q":"NWNE","ac":38.8},"geometry":{"type":"Polygon","coordinates":[[[-106.273526,43.6558],[-106.278427,43.655752],[-106.278402,43.659318],[-106.27349,43.659374],[-106.273526,43.6558]]]}},{"type":"Feature","properties":{"q":"SWNW","ac":38.7},"geometry":{"type":"Polygon","coordinates":[[[-106.263813,43.652316],[-106.268672,43.652266],[-106.268625,43.655849],[-106.263733,43.655902],[-106.263813,43.652316]]]}},{"type":"Feature","properties":{"q":"NENW","ac":38.7},"geometry":{"type":"Polygon","coordinates":[[[-106.278427,43.655752],[-106.283319,43.655703],[-106.283313,43.659261],[-106.278402,43.659318],[-106.278427,43.655752]]]}},{"type":"Feature","properties":{"q":"SENW","ac":39.4},"geometry":{"type":"Polygon","coordinates":[[[-106.238613,43.670494],[-106.238769,43.6669],[-106.24371,43.666878],[-106.243575,43.670474],[-106.238613,43.670494]]]}},{"type":"Feature","properties":{"q":"NESW","ac":40.0},"geometry":{"type":"Polygon","coordinates":[[[-106.258307,43.677534],[-106.263268,43.677475],[-106.263259,43.681119],[-106.258288,43.681162],[-106.258307,43.677534]]]}},{"type":"Feature","properties":{"q":"SENE","ac":39.3},"geometry":{"type":"Polygon","coordinates":[[[-106.253589,43.666792],[-106.253481,43.670385],[-106.248536,43.670455],[-106.248651,43.666857],[-106.253589,43.666792]]]}},{"type":"Feature","properties":{"q":"SESW","ac":39.9},"geometry":{"type":"Polygon","coordinates":[[[-106.263278,43.673832],[-106.263268,43.677475],[-106.258307,43.677534],[-106.258326,43.673906],[-106.263278,43.673832]]]}},{"type":"Feature","properties":{"q":"NWNE","ac":39.5},"geometry":{"type":"Polygon","coordinates":[[[-106.238613,43.670494],[-106.238457,43.674088],[-106.233475,43.674105],[-106.233652,43.670513],[-106.238613,43.670494]]]}},{"type":"Feature","properties":{"q":"NWSE","ac":39.0},"geometry":{"type":"Polygon","coordinates":[[[-106.194253,43.668546],[-106.194477,43.665011],[-106.19947,43.664654],[-106.19924,43.668213],[-106.194253,43.668546]]]}},{"type":"Feature","properties":{"q":"SENW","ac":38.4},"geometry":{"type":"Polygon","coordinates":[[[-106.184265,43.669164],[-106.18407,43.672656],[-106.179092,43.672925],[-106.179263,43.66945],[-106.184265,43.669164]]]}},{"type":"Feature","properties":{"q":"NESW","ac":40.6},"geometry":{"type":"Polygon","coordinates":[[[-106.263244,43.692036],[-106.263249,43.695666],[-106.258166,43.695656],[-106.258208,43.692037],[-106.263244,43.692036]]]}},{"type":"Feature","properties":{"q":"NWSW","ac":39.5},"geometry":{"type":"Polygon","coordinates":[[[-106.223069,43.695808],[-106.223232,43.692218],[-106.228207,43.692077],[-106.228047,43.695668],[-106.223069,43.695808]]]}},{"type":"Feature","properties":{"q":"NESW","ac":41.0},"geometry":{"type":"Polygon","coordinates":[[[-106.23809,43.710157],[-106.23797,43.706499],[-106.243037,43.706494],[-106.243165,43.710151],[-106.23809,43.710157]]]}},{"type":"Feature","properties":{"q":"NENE","ac":39.6},"geometry":{"type":"Polygon","coordinates":[[[-106.228367,43.688486],[-106.228399,43.684895],[-106.233376,43.684883],[-106.233344,43.688475],[-106.228367,43.688486]]]}},{"type":"Feature","properties":{"q":"NESW","ac":39.9},"geometry":{"type":"Polygon","coordinates":[[[-106.238202,43.692058],[-106.2432,43.692049],[-106.243103,43.695645],[-106.238085,43.695653],[-106.238202,43.692058]]]}},{"type":"Feature","properties":{"q":"NESW","ac":40.8},"geometry":{"type":"Polygon","coordinates":[[[-106.278498,43.72123],[-106.283509,43.721236],[-106.283551,43.724905],[-106.278505,43.72489],[-106.278498,43.72123]]]}},{"type":"Feature","properties":{"q":"4","ac":32.9},"geometry":{"type":"Polygon","coordinates":[[[-106.283569,43.728538],[-106.287657,43.728555],[-106.287665,43.732196],[-106.283586,43.73219],[-106.283569,43.728538]]]}},{"type":"Feature","properties":{"q":"SWSE","ac":41.2},"geometry":{"type":"Polygon","coordinates":[[[-106.233245,43.717478],[-106.238332,43.717472],[-106.238244,43.72113],[-106.23316,43.721137],[-106.233245,43.717478]]]}},{"type":"Feature","properties":{"q":"SWNW","ac":39.2},"geometry":{"type":"Polygon","coordinates":[[[-106.187425,43.728557],[-106.182361,43.728549],[-106.182476,43.725054],[-106.187536,43.725045],[-106.187425,43.728557]]]}},{"type":"Feature","properties":{"q":"NWSE","ac":38.4},"geometry":{"type":"Polygon","coordinates":[[[-106.172913,43.707778],[-106.177912,43.707683],[-106.177825,43.711159],[-106.172808,43.711237],[-106.172913,43.707778]]]}},{"type":"Feature","properties":{"q":"SESE","ac":40.8},"geometry":{"type":"Polygon","coordinates":[[[-106.26823,43.673758],[-106.273264,43.673737],[-106.273263,43.677393],[-106.268229,43.677417],[-106.26823,43.673758]]]}},{"type":"Feature","properties":{"q":"SWSW","ac":40.1},"geometry":{"type":"Polygon","coordinates":[[[-106.26823,43.673758],[-106.268229,43.677417],[-106.263268,43.677475],[-106.263278,43.673832],[-106.26823,43.673758]]]}},{"type":"Feature","properties":{"q":"SENW","ac":39.9},"geometry":{"type":"Polygon","coordinates":[[[-106.278351,43.666515],[-106.283336,43.666475],[-106.283335,43.670084],[-106.278325,43.670116],[-106.278351,43.666515]]]}},{"type":"Feature","properties":{"q":"NENE","ac":39.4},"geometry":{"type":"Polygon","coordinates":[[[-106.253481,43.670385],[-106.253374,43.673979],[-106.248421,43.674053],[-106.248536,43.670455],[-106.253481,43.670385]]]}},{"type":"Feature","properties":{"q":"SENW","ac":39.1},"geometry":{"type":"Polygon","coordinates":[[[-106.223954,43.667095],[-106.223753,43.670684],[-106.218815,43.670835],[-106.21902,43.667247],[-106.223954,43.667095]]]}},{"type":"Feature","properties":{"q":"NWSE","ac":41.1},"geometry":{"type":"Polygon","coordinates":[[[-106.220033,43.652894],[-106.215007,43.653055],[-106.215264,43.649403],[-106.220346,43.649173],[-106.220033,43.652894]]]}},{"type":"Feature","properties":{"q":"SESE","ac":39.6},"geometry":{"type":"Polygon","coordinates":[[[-106.253374,43.673979],[-106.253346,43.677592],[-106.248384,43.67765],[-106.248421,43.674053],[-106.253374,43.673979]]]}},{"type":"Feature","properties":{"q":"NWNW","ac":39.6},"geometry":{"type":"Polygon","coordinates":[[[-106.243575,43.670474],[-106.248536,43.670455],[-106.248421,43.674053],[-106.243439,43.67407],[-106.243575,43.670474]]]}},{"type":"Feature","properties":{"q":"SESE","ac":39.6},"geometry":{"type":"Polygon","coordinates":[[[-106.228493,43.674123],[-106.233475,43.674105],[-106.233442,43.677698],[-106.228461,43.677714],[-106.228493,43.674123]]]}},{"type":"Feature","properties":{"q":"NESW","ac":39.2},"geometry":{"type":"Polygon","coordinates":[[[-106.243845,43.663282],[-106.24371,43.666878],[-106.238769,43.6669],[-106.238925,43.663305],[-106.243845,43.663282]]]}},{"type":"Feature","properties":{"q":"SENE","ac":38.6},"geometry":{"type":"Polygon","coordinates":[[[-106.249292,43.652464],[-106.254123,43.652415],[-106.253964,43.656009],[-106.249086,43.656063],[-106.249292,43.652464]]]}},{"type":"Feature","properties":{"q":"SESW","ac":39.1},"geometry":{"type":"Polygon","coordinates":[[[-106.24398,43.659686],[-106.243845,43.663282],[-106.238925,43.663305],[-106.239081,43.659711],[-106.24398,43.659686]]]}},{"type":"Feature","properties":{"q":"SESW","ac":39.6},"geometry":{"type":"Polygon","coordinates":[[[-106.238423,43.677682],[-106.238457,43.674088],[-106.243439,43.67407],[-106.243404,43.677666],[-106.238423,43.677682]]]}},{"type":"Feature","properties":{"q":"NESW","ac":38.3},"geometry":{"type":"Polygon","coordinates":[[[-106.178816,43.679876],[-106.183781,43.679642],[-106.183685,43.683135],[-106.178712,43.683352],[-106.178816,43.679876]]]}},{"type":"Feature","properties":{"q":"SESW","ac":38.2},"geometry":{"type":"Polygon","coordinates":[[[-106.183876,43.676149],[-106.183781,43.679642],[-106.178816,43.679876],[-106.178921,43.6764],[-106.183876,43.676149]]]}},{"type":"Feature","properties":{"q":"SWNE","ac":40.8},"geometry":{"type":"Polygon","coordinates":[[[-106.258443,43.724818],[-106.258347,43.728455],[-106.253279,43.728443],[-106.253375,43.724796],[-106.258443,43.724818]]]}},{"type":"Feature","properties":{"q":"NESE","ac":40.4},"geometry":{"type":"Polygon","coordinates":[[[-106.268459,43.724861],[-106.268499,43.721217],[-106.273499,43.721224],[-106.273482,43.724876],[-106.268459,43.724861]]]}},{"type":"Feature","properties":{"q":"4","ac":34.0},"geometry":{"type":"Polygon","coordinates":[[[-106.28339,43.702899],[-106.287595,43.702879],[-106.287581,43.706551],[-106.283409,43.706567],[-106.28339,43.702899]]]}},{"type":"Feature","properties":{"q":"NWSE","ac":40.1},"geometry":{"type":"Polygon","coordinates":[[[-106.253203,43.692038],[-106.258208,43.692037],[-106.258166,43.695656],[-106.253144,43.695647],[-106.253203,43.692038]]]}},{"type":"Feature","properties":{"q":"NWNE","ac":41.1},"geometry":{"type":"Polygon","coordinates":[[[-106.23313,43.71382],[-106.238211,43.713814],[-106.238332,43.717472],[-106.233245,43.717478],[-106.23313,43.71382]]]}},{"type":"Feature","properties":{"q":"NENW","ac":39.4},"geometry":{"type":"Polygon","coordinates":[[[-106.223394,43.688629],[-106.218422,43.688771],[-106.218469,43.685184],[-106.223434,43.68504],[-106.223394,43.688629]]]}},{"type":"Feature","properties":{"q":"SWSW","ac":40.4},"geometry":{"type":"Polygon","coordinates":[[[-106.227727,43.702851],[-106.227835,43.706509],[-106.222829,43.706627],[-106.222744,43.702987],[-106.227727,43.702851]]]}},{"type":"Feature","properties":{"q":"SESW","ac":38.4},"geometry":{"type":"Polygon","coordinates":[[[-106.183494,43.690121],[-106.183365,43.693615],[-106.178377,43.693779],[-106.178503,43.690303],[-106.183494,43.690121]]]}},{"type":"Feature","properties":{"q":"NENE","ac":39.1},"geometry":{"type":"Polygon","coordinates":[[[-106.192818,43.714421],[-106.192785,43.717949],[-106.187759,43.718022],[-106.187809,43.714512],[-106.192818,43.714421]]]}},{"type":"Feature","properties":{"q":"4","ac":38.7},"geometry":{"type":"Polygon","coordinates":[[[-106.187425,43.728557],[-106.187316,43.732012],[-106.182248,43.732],[-106.182361,43.728549],[-106.187425,43.728557]]]}},{"type":"Feature","properties":{"q":"1","ac":38.6},"geometry":{"type":"Polygon","coordinates":[[[-106.167168,43.728521],[-106.172233,43.728531],[-106.172111,43.731976],[-106.167043,43.731965],[-106.167168,43.728521]]]}},{"type":"Feature","properties":{"q":"NWSW","ac":39.1},"geometry":{"type":"Polygon","coordinates":[[[-106.223954,43.667095],[-106.224155,43.663506],[-106.229085,43.663351],[-106.228888,43.666942],[-106.223954,43.667095]]]}},{"type":"Feature","properties":{"q":"NESW","ac":39.8},"geometry":{"type":"Polygon","coordinates":[[[-106.220033,43.652894],[-106.220346,43.649173],[-106.225212,43.64908],[-106.224923,43.652736],[-106.220033,43.652894]]]}},{"type":"Feature","properties":{"q":"SWSW","ac":39.1},"geometry":{"type":"Polygon","coordinates":[[[-106.24398,43.659686],[-106.24888,43.659661],[-106.248765,43.663259],[-106.243845,43.663282],[-106.24398,43.659686]]]}},{"type":"Feature","properties":{"q":"SENE","ac":39.1},"geometry":{"type":"Polygon","coordinates":[[[-106.209152,43.667552],[-106.214086,43.6674],[-106.213878,43.670986],[-106.20894,43.671136],[-106.209152,43.667552]]]}},{"type":"Feature","properties":{"q":"NWNW","ac":39.0},"geometry":{"type":"Polygon","coordinates":[[[-106.263733,43.655902],[-106.268625,43.655849],[-106.268578,43.659431],[-106.263653,43.659489],[-106.263733,43.655902]]]}},{"type":"Feature","properties":{"q":"SWNE","ac":38.7},"geometry":{"type":"Polygon","coordinates":[[[-106.273562,43.652226],[-106.278452,43.652186],[-106.278427,43.655752],[-106.273526,43.6558],[-106.273562,43.652226]]]}},{"type":"Feature","properties":{"q":"NENW","ac":40.8},"geometry":{"type":"Polygon","coordinates":[[[-106.179606,43.662498],[-106.179653,43.658848],[-106.184713,43.65853],[-106.184654,43.662178],[-106.179606,43.662498]]]}},{"type":"Feature","properties":{"q":"SENE","ac":38.0},"geometry":{"type":"Polygon","coordinates":[[[-106.16926,43.670021],[-106.174262,43.669735],[-106.174114,43.673193],[-106.169135,43.673462],[-106.16926,43.670021]]]}},{"type":"Feature","properties":{"q":"NESW","ac":41.0},"geometry":{"type":"Polygon","coordinates":[[[-106.184833,43.651235],[-106.184773,43.654883],[-106.1797,43.655197],[-106.179747,43.651546],[-106.184833,43.651235]]]}},{"type":"Feature","properties":{"q":"SWSW","ac":38.9},"geometry":{"type":"Polygon","coordinates":[[[-106.184654,43.662178],[-106.189702,43.661858],[-106.189484,43.665368],[-106.184459,43.665671],[-106.184654,43.662178]]]}},{"type":"Feature","properties":{"q":"NWSE","ac":40.6},"geometry":{"type":"Polygon","coordinates":[[[-106.253473,43.72116],[-106.258539,43.721204],[-106.258443,43.724818],[-106.253375,43.724796],[-106.253473,43.72116]]]}},{"type":"Feature","properties":{"q":"SESW","ac":40.2},"geometry":{"type":"Polygon","coordinates":[[[-106.258251,43.688417],[-106.263239,43.688405],[-106.263244,43.692036],[-106.258208,43.692037],[-106.258251,43.688417]]]}},{"type":"Feature","properties":{"q":"SWNE","ac":41.1},"geometry":{"type":"Polygon","coordinates":[[[-106.238156,43.724788],[-106.238068,43.728447],[-106.232993,43.728454],[-106.233075,43.724795],[-106.238156,43.724788]]]}},{"type":"Feature","properties":{"q":"2","ac":40.4},"geometry":{"type":"Polygon","coordinates":[[[-106.212664,43.732051],[-106.212724,43.728457],[-106.217794,43.728447],[-106.217731,43.732055],[-106.212664,43.732051]]]}},{"type":"Feature","properties":{"q":"3","ac":41.0},"geometry":{"type":"Polygon","coordinates":[[[-106.278512,43.728517],[-106.283569,43.728538],[-106.283586,43.73219],[-106.278518,43.732183],[-106.278512,43.728517]]]}},{"type":"Feature","properties":{"q":"NWNW","ac":39.5},"geometry":{"type":"Polygon","coordinates":[[[-106.228399,43.684895],[-106.228367,43.688486],[-106.223394,43.688629],[-106.223434,43.68504],[-106.228399,43.684895]]]}},{"type":"Feature","properties":{"q":"NWSW","ac":40.7},"geometry":{"type":"Polygon","coordinates":[[[-106.26828,43.692034],[-106.268332,43.695676],[-106.263249,43.695666],[-106.263244,43.692036],[-106.26828,43.692034]]]}},{"type":"Feature","properties":{"q":"1","ac":41.4},"geometry":{"type":"Polygon","coordinates":[[[-106.248115,43.732126],[-106.248212,43.728431],[-106.253279,43.728443],[-106.253182,43.732138],[-106.248115,43.732126]]]}},{"type":"Feature","properties":{"q":"SWNW","ac":39.4},"geometry":{"type":"Polygon","coordinates":[[[-106.22843,43.681304],[-106.228399,43.684895],[-106.223434,43.68504],[-106.223473,43.681451],[-106.22843,43.681304]]]}},{"type":"Feature","properties":{"q":"SESW","ac":40.8},"geometry":{"type":"Polygon","coordinates":[[[-106.223003,43.721156],[-106.217922,43.721206],[-106.217985,43.71759],[-106.223066,43.717521],[-106.223003,43.721156]]]}},{"type":"Feature","properties":{"q":"7","ac":33.1},"geometry":{"type":"Polygon","coordinates":[[[-106.283509,43.721236],[-106.283466,43.717568],[-106.28754,43.717567],[-106.287594,43.721242],[-106.283509,43.721236]]]}},{"type":"Feature","properties":{"q":"3","ac":34.3},"geometry":{"type":"Polygon","coordinates":[[[-106.287598,43.695577],[-106.283358,43.695599],[-106.283342,43.691951],[-106.2876,43.691926],[-106.287598,43.695577]]]}},{"type":"Feature","properties":{"q":"NWNE","ac":40.4},"geometry":{"type":"Polygon","coordinates":[[[-106.258082,43.702903],[-106.253026,43.702867],[-106.253085,43.699257],[-106.258124,43.69928],[-106.258082,43.702903]]]}},{"type":"Feature","properties":{"q":"NWSW","ac":40.5},"geometry":{"type":"Polygon","coordinates":[[[-106.227835,43.706509],[-106.227942,43.710168],[-106.222914,43.710267],[-106.222829,43.706627],[-106.227835,43.706509]]]}},{"type":"Feature","properties":{"q":"SWNE","ac":39.0},"geometry":{"type":"Polygon","coordinates":[[[-106.198631,43.682404],[-106.198556,43.685951],[-106.193564,43.68619],[-106.193645,43.682661],[-106.198631,43.682404]]]}},{"type":"Feature","properties":{"q":"SENE","ac":38.9},"geometry":{"type":"Polygon","coordinates":[[[-106.192851,43.710892],[-106.192818,43.714421],[-106.187809,43.714512],[-106.187859,43.711002],[-106.192851,43.710892]]]}},{"type":"Feature","properties":{"q":"NENW","ac":39.0},"geometry":{"type":"Polygon","coordinates":[[[-106.202997,43.699975],[-106.202836,43.703541],[-106.197877,43.703688],[-106.198028,43.700141],[-106.202997,43.699975]]]}},{"type":"Feature","properties":{"q":"SWSW","ac":39.6},"geometry":{"type":"Polygon","coordinates":[[[-106.207838,43.717718],[-106.207774,43.721301],[-106.202756,43.721369],[-106.202835,43.717803],[-106.207838,43.717718]]]}},{"type":"Feature","properties":{"q":"NENE","ac":39.0},"geometry":{"type":"Polygon","coordinates":[[[-106.24888,43.659661],[-106.249086,43.656063],[-106.253964,43.656009],[-106.253804,43.659603],[-106.24888,43.659661]]]}},{"type":"Feature","properties":{"q":"SWNW","ac":38.8},"geometry":{"type":"Polygon","coordinates":[[[-106.244423,43.652493],[-106.249292,43.652464],[-106.249086,43.656063],[-106.244202,43.65609],[-106.244423,43.652493]]]}},{"type":"Feature","properties":{"q":"SESW","ac":38.2},"geometry":{"type":"Polygon","coordinates":[[[-106.259178,43.645201],[-106.263972,43.645151],[-106.263892,43.648733],[-106.259066,43.648783],[-106.259178,43.645201]]]}},{"type":"Feature","properties":{"q":"NENE","ac":38.9},"geometry":{"type":"Polygon","coordinates":[[[-106.268625,43.655849],[-106.273526,43.6558],[-106.27349,43.659374],[-106.268578,43.659431],[-106.268625,43.655849]]]}},{"type":"Feature","properties":{"q":"SENE","ac":39.4},"geometry":{"type":"Polygon","coordinates":[[[-106.22869,43.670532],[-106.228888,43.666942],[-106.233828,43.666921],[-106.233652,43.670513],[-106.22869,43.670532]]]}},{"type":"Feature","properties":{"q":"SWSE","ac":40.7},"geometry":{"type":"Polygon","coordinates":[[[-106.273264,43.673737],[-106.278299,43.673716],[-106.278297,43.677369],[-106.273263,43.677393],[-106.273264,43.673737]]]}},{"type":"Feature","properties":{"q":"NWSW","ac":39.2},"geometry":{"type":"Polygon","coordinates":[[[-106.268491,43.663013],[-106.268404,43.666595],[-106.263466,43.666661],[-106.26356,43.663075],[-106.268491,43.663013]]]}},{"type":"Feature","properties":{"q":"SWSE","ac":39.3},"geometry":{"type":"Polygon","coordinates":[[[-106.213615,43.678157],[-106.21367,43.674571],[-106.218611,43.674422],[-106.218563,43.678009],[-106.213615,43.678157]]]}},{"type":"Feature","properties":{"q":"SWNE","ac":38.8},"geometry":{"type":"Polygon","coordinates":[[[-106.239317,43.656116],[-106.234432,43.656143],[-106.234683,43.65255],[-106.239553,43.652522],[-106.239317,43.656116]]]}},{"type":"Feature","properties":{"q":"SENE","ac":39.6},"geometry":{"type":"Polygon","coordinates":[[[-106.268317,43.670177],[-106.268404,43.666595],[-106.273377,43.666555],[-106.273321,43.670146],[-106.268317,43.670177]]]}},{"type":"Feature","properties":{"q":"NESW","ac":39.2},"geometry":{"type":"Polygon","coordinates":[[[-106.258527,43.666726],[-106.258628,43.663136],[-106.26356,43.663075],[-106.263466,43.666661],[-106.258527,43.666726]]]}},{"type":"Feature","properties":{"q":"NENW","ac":39.2},"geometry":{"type":"Polygon","coordinates":[[[-106.223753,43.670684],[-106.223552,43.674272],[-106.218611,43.674422],[-106.218815,43.670835],[-106.223753,43.670684]]]}},{"type":"Feature","properties":{"q":"SESE","ac":39.0},"geometry":{"type":"Polygon","coordinates":[[[-106.234182,43.659736],[-106.234005,43.663328],[-106.229085,43.663351],[-106.229283,43.659761],[-106.234182,43.659736]]]}},{"type":"Feature","properties":{"q":"NESE","ac":39.0},"geometry":{"type":"Polygon","coordinates":[[[-106.273598,43.648595],[-106.273562,43.652226],[-106.268672,43.652266],[-106.268719,43.648683],[-106.273598,43.648595]]]}},{"type":"Feature","properties":{"q":"NWSW","ac":38.7},"geometry":{"type":"Polygon","coordinates":[[[-106.189266,43.668878],[-106.184265,43.669164],[-106.184459,43.665671],[-106.189484,43.665368],[-106.189266,43.668878]]]}},{"type":"Feature","properties":{"q":"SESW","ac":38.8},"geometry":{"type":"Polygon","coordinates":[[[-106.204417,43.664311],[-106.19947,43.664654],[-106.199701,43.661094],[-106.204638,43.660739],[-106.204417,43.664311]]]}},{"type":"Feature","properties":{"q":"SENW","ac":40.9},"geometry":{"type":"Polygon","coordinates":[[[-106.179653,43.658848],[-106.1797,43.655197],[-106.184773,43.654883],[-106.184713,43.65853],[-106.179653,43.658848]]]}},{"type":"Feature","properties":{"q":"NENE","ac":38.6},"geometry":{"type":"Polygon","coordinates":[[[-106.193806,43.675603],[-106.188831,43.675897],[-106.189049,43.672388],[-106.194029,43.672074],[-106.193806,43.675603]]]}},{"type":"Feature","properties":{"q":"NESE","ac":38.8},"geometry":{"type":"Polygon","coordinates":[[[-106.193645,43.682661],[-106.188659,43.682919],[-106.188745,43.679408],[-106.193725,43.679132],[-106.193645,43.682661]]]}},{"type":"Feature","properties":{"q":"NWSE","ac":40.5},"geometry":{"type":"Polygon","coordinates":[[[-106.199944,43.653891],[-106.194895,43.65423],[-106.194992,43.650601],[-106.200066,43.650278],[-106.199944,43.653891]]]}},{"type":"Feature","properties":{"q":"NWNE","ac":38.8},"geometry":{"type":"Polygon","coordinates":[[[-106.194029,43.672074],[-106.19901,43.671761],[-106.19878,43.675309],[-106.193806,43.675603],[-106.194029,43.672074]]]}},{"type":"Feature","properties":{"q":"SWSW","ac":38.4},"geometry":{"type":"Polygon","coordinates":[[[-106.188831,43.675897],[-106.188745,43.679408],[-106.183781,43.679642],[-106.183876,43.676149],[-106.188831,43.675897]]]}},{"type":"Feature","properties":{"q":"NESE","ac":39.9},"geometry":{"type":"Polygon","coordinates":[[[-106.207828,43.710562],[-106.207812,43.706978],[-106.212817,43.706861],[-106.212857,43.710464],[-106.207828,43.710562]]]}},{"type":"Feature","properties":{"q":"NWSE","ac":40.3},"geometry":{"type":"Polygon","coordinates":[[[-106.2783,43.691979],[-106.278308,43.695625],[-106.27332,43.69565],[-106.27329,43.692007],[-106.2783,43.691979]]]}},{"type":"Feature","properties":{"q":"SWSW","ac":40.0},"geometry":{"type":"Polygon","coordinates":[[[-106.268499,43.721217],[-106.263519,43.721211],[-106.263587,43.717582],[-106.268539,43.717573],[-106.268499,43.721217]]]}},{"type":"Feature","properties":{"q":"4","ac":41.3},"geometry":{"type":"Polygon","coordinates":[[[-106.263316,43.732161],[-106.263384,43.728466],[-106.268421,43.728478],[-106.268383,43.732172],[-106.263316,43.732161]]]}},{"type":"Feature","properties":{"q":"SESE","ac":39.7},"geometry":{"type":"Polygon","coordinates":[[[-106.212778,43.703258],[-106.212817,43.706861],[-106.207812,43.706978],[-106.207795,43.703394],[-106.212778,43.703258]]]}},{"type":"Feature","properties":{"q":"1","ac":34.6},"geometry":{"type":"Polygon","coordinates":[[[-106.283328,43.684649],[-106.287599,43.684624],[-106.287601,43.688275],[-106.283325,43.688302],[-106.283328,43.684649]]]}},{"type":"Feature","properties":{"q":"NENW","ac":40.2},"geometry":{"type":"Polygon","coordinates":[[[-106.237849,43.702841],[-106.237967,43.699247],[-106.243007,43.699241],[-106.24291,43.702836],[-106.237849,43.702841]]]}},{"type":"Feature","properties":{"q":"SWNE","ac":38.2},"geometry":{"type":"Polygon","coordinates":[[[-106.173738,43.683568],[-106.178712,43.683352],[-106.178607,43.686828],[-106.173625,43.687027],[-106.173738,43.683568]]]}},{"type":"Feature","properties":{"q":"NWSE","ac":38.8},"geometry":{"type":"Polygon","coordinates":[[[-106.177534,43.721586],[-106.177415,43.725063],[-106.172355,43.725072],[-106.172477,43.721613],[-106.177534,43.721586]]]}},{"type":"Feature","properties":{"q":"SWNE","ac":39.4},"geometry":{"type":"Polygon","coordinates":[[[-106.233828,43.666921],[-106.238769,43.6669],[-106.238613,43.670494],[-106.233652,43.670513],[-106.233828,43.666921]]]}},{"type":"Feature","properties":{"q":"NWNW","ac":39.3},"geometry":{"type":"Polygon","coordinates":[[[-106.26823,43.673758],[-106.263278,43.673832],[-106.263372,43.670246],[-106.268317,43.670177],[-106.26823,43.673758]]]}},{"type":"Feature","properties":{"q":"SWSW","ac":38.9},"geometry":{"type":"Polygon","coordinates":[[[-106.230344,43.645396],[-106.230078,43.648987],[-106.225212,43.64908],[-106.225501,43.645424],[-106.230344,43.645396]]]}},{"type":"Feature","properties":{"q":"NWSE","ac":38.7},"geometry":{"type":"Polygon","coordinates":[[[-106.234683,43.65255],[-106.234933,43.648957],[-106.239789,43.648927],[-106.239553,43.652522],[-106.234683,43.65255]]]}},{"type":"Feature","properties":{"q":"NESW","ac":40.7},"geometry":{"type":"Polygon","coordinates":[[[-106.278295,43.681023],[-106.278297,43.677369],[-106.283332,43.677344],[-106.28333,43.680996],[-106.278295,43.681023]]]}},{"type":"Feature","properties":{"q":"4","ac":33.2},"geometry":{"type":"Polygon","coordinates":[[[-106.28339,43.644945],[-106.287594,43.645048],[-106.287568,43.64858],[-106.283358,43.648546],[-106.28339,43.644945]]]}},{"type":"Feature","properties":{"q":"SWNE","ac":39.1},"geometry":{"type":"Polygon","coordinates":[[[-106.214086,43.6674],[-106.21902,43.667247],[-106.218815,43.670835],[-106.213878,43.670986],[-106.214086,43.6674]]]}},{"type":"Feature","properties":{"q":"NWNE","ac":40.0},"geometry":{"type":"Polygon","coordinates":[[[-106.278299,43.673716],[-106.273264,43.673737],[-106.273321,43.670146],[-106.278325,43.670116],[-106.278299,43.673716]]]}},{"type":"Feature","properties":{"q":"SWSE","ac":39.5},"geometry":{"type":"Polygon","coordinates":[[[-106.273635,43.644964],[-106.278504,43.644826],[-106.278478,43.648506],[-106.273598,43.648595],[-106.273635,43.644964]]]}},{"type":"Feature","properties":{"q":"NWSW","ac":39.9},"geometry":{"type":"Polygon","coordinates":[[[-106.210183,43.649633],[-106.20998,43.653217],[-106.204962,43.653554],[-106.205125,43.649956],[-106.210183,43.649633]]]}},{"type":"Feature","properties":{"q":"NWNW","ac":38.4},"geometry":{"type":"Polygon","coordinates":[[[-106.18407,43.672656],[-106.189049,43.672388],[-106.188831,43.675897],[-106.183876,43.676149],[-106.18407,43.672656]]]}},{"type":"Feature","properties":{"q":"NENE","ac":40.9},"geometry":{"type":"Polygon","coordinates":[[[-106.174557,43.662818],[-106.169509,43.663139],[-106.169532,43.659482],[-106.174592,43.659165],[-106.174557,43.662818]]]}},{"type":"Feature","properties":{"q":"NESE","ac":40.7},"geometry":{"type":"Polygon","coordinates":[[[-106.194992,43.650601],[-106.194895,43.65423],[-106.189846,43.654568],[-106.189918,43.650924],[-106.194992,43.650601]]]}},{"type":"Feature","properties":{"q":"SWSE","ac":40.7},"geometry":{"type":"Polygon","coordinates":[[[-106.200188,43.646664],[-106.200066,43.650278],[-106.194992,43.650601],[-106.195089,43.646972],[-106.200188,43.646664]]]}},{"type":"Feature","properties":{"q":"NWNE","ac":40.0},"geometry":{"type":"Polygon","coordinates":[[[-106.199822,43.657492],[-106.199701,43.661094],[-106.194701,43.661476],[-106.194798,43.657853],[-106.199822,43.657492]]]}},{"type":"Feature","properties":{"q":"SESE","ac":41.2},"geometry":{"type":"Polygon","coordinates":[[[-106.174697,43.648203],[-106.174662,43.651857],[-106.169577,43.652168],[-106.169599,43.648511],[-106.174697,43.648203]]]}},{"type":"Feature","properties":{"q":"SENE","ac":39.7},"geometry":{"type":"Polygon","coordinates":[[[-106.25329,43.684817],[-106.24831,43.684845],[-106.248347,43.681247],[-106.253318,43.681205],[-106.25329,43.684817]]]}},{"type":"Feature","properties":{"q":"NESW","ac":40.0},"geometry":{"type":"Polygon","coordinates":[[[-106.263451,43.72484],[-106.258443,43.724818],[-106.258539,43.721204],[-106.263519,43.721211],[-106.263451,43.72484]]]}},{"type":"Feature","properties":{"q":"SWSW","ac":39.7},"geometry":{"type":"Polygon","coordinates":[[[-106.248273,43.688442],[-106.248198,43.692039],[-106.2432,43.692049],[-106.243297,43.688453],[-106.248273,43.688442]]]}},{"type":"Feature","properties":{"q":"NESW","ac":41.1},"geometry":{"type":"Polygon","coordinates":[[[-106.238156,43.724788],[-106.238244,43.72113],[-106.243325,43.721123],[-106.243231,43.724781],[-106.238156,43.724788]]]}},{"type":"Feature","properties":{"q":"SWNW","ac":41.1},"geometry":{"type":"Polygon","coordinates":[[[-106.243231,43.724781],[-106.248307,43.724774],[-106.248212,43.728431],[-106.24314,43.728439],[-106.243231,43.724781]]]}},{"type":"Feature","properties":{"q":"SENW","ac":40.4},"geometry":{"type":"Polygon","coordinates":[[[-106.258443,43.724818],[-106.263451,43.72484],[-106.263384,43.728466],[-106.258347,43.728455],[-106.258443,43.724818]]]}},{"type":"Feature","properties":{"q":"3","ac":33.7},"geometry":{"type":"Polygon","coordinates":[[[-106.283409,43.706567],[-106.287581,43.706551],[-106.287567,43.710223],[-106.283428,43.710234],[-106.283409,43.706567]]]}},{"type":"Feature","properties":{"q":"SWNE","ac":38.5},"geometry":{"type":"Polygon","coordinates":[[[-106.177825,43.711159],[-106.177739,43.714634],[-106.172704,43.714695],[-106.172808,43.711237],[-106.177825,43.711159]]]}},{"type":"Feature","properties":{"q":"SENW","ac":39.7},"geometry":{"type":"Polygon","coordinates":[[[-106.197542,43.728519],[-106.197631,43.724971],[-106.202677,43.724934],[-106.202599,43.7285],[-106.197542,43.728519]]]}},{"type":"Feature","properties":{"q":"NENE","ac":38.5},"geometry":{"type":"Polygon","coordinates":[[[-106.172599,43.718154],[-106.167545,43.718197],[-106.167668,43.714756],[-106.172704,43.714695],[-106.172599,43.718154]]]}},{"type":"Feature","properties":{"q":"2","ac":33.3},"geometry":{"type":"Polygon","coordinates":[[[-106.283326,43.652146],[-106.287542,43.652111],[-106.287564,43.655661],[-106.283319,43.655703],[-106.283326,43.652146]]]}},{"type":"Feature","properties":{"q":"NESE","ac":39.3},"geometry":{"type":"Polygon","coordinates":[[[-106.213615,43.678157],[-106.213559,43.681743],[-106.208603,43.681889],[-106.208666,43.678305],[-106.213615,43.678157]]]}},{"type":"Feature","properties":{"q":"SWSW","ac":39.0},"geometry":{"type":"Polygon","coordinates":[[[-106.209575,43.660384],[-106.209363,43.663968],[-106.204417,43.664311],[-106.204638,43.660739],[-106.209575,43.660384]]]}},{"type":"Feature","properties":{"q":"NWSW","ac":40.1},"geometry":{"type":"Polygon","coordinates":[[[-106.268229,43.677417],[-106.268229,43.681075],[-106.263259,43.681119],[-106.263268,43.677475],[-106.268229,43.677417]]]}},{"type":"Feature","properties":{"q":"SWSW","ac":39.1},"geometry":{"type":"Polygon","coordinates":[[[-106.268578,43.659431],[-106.268491,43.663013],[-106.26356,43.663075],[-106.263653,43.659489],[-106.268578,43.659431]]]}},{"type":"Feature","properties":{"q":"NESW","ac":38.7},"geometry":{"type":"Polygon","coordinates":[[[-106.239553,43.652522],[-106.239789,43.648927],[-106.244644,43.648896],[-106.244423,43.652493],[-106.239553,43.652522]]]}},{"type":"Feature","properties":{"q":"NWSE","ac":39.2},"geometry":{"type":"Polygon","coordinates":[[[-106.234005,43.663328],[-106.238925,43.663305],[-106.238769,43.6669],[-106.233828,43.666921],[-106.234005,43.663328]]]}},{"type":"Feature","properties":{"q":"NESE","ac":39.4},"geometry":{"type":"Polygon","coordinates":[[[-106.268491,43.663013],[-106.273434,43.662965],[-106.273377,43.666555],[-106.268404,43.666595],[-106.268491,43.663013]]]}},{"type":"Feature","properties":{"q":"SWSW","ac":39.3},"geometry":{"type":"Polygon","coordinates":[[[-106.228493,43.674123],[-106.228461,43.677714],[-106.223512,43.677862],[-106.223552,43.674272],[-106.228493,43.674123]]]}},{"type":"Feature","properties":{"q":"NWSE","ac":39.5},"geometry":{"type":"Polygon","coordinates":[[[-106.278376,43.662917],[-106.278351,43.666515],[-106.273377,43.666555],[-106.273434,43.662965],[-106.278376,43.662917]]]}},{"type":"Feature","properties":{"q":"NWSW","ac":39.4},"geometry":{"type":"Polygon","coordinates":[[[-106.208666,43.678305],[-106.208603,43.681889],[-106.203617,43.682147],[-106.203685,43.678581],[-106.208666,43.678305]]]}},{"type":"Feature","properties":{"q":"NWNE","ac":39.3},"geometry":{"type":"Polygon","coordinates":[[[-106.253374,43.673979],[-106.253481,43.670385],[-106.258426,43.670316],[-106.258326,43.673906],[-106.253374,43.673979]]]}},{"type":"Feature","properties":{"q":"SENW","ac":39.2},"geometry":{"type":"Polygon","coordinates":[[[-106.263372,43.670246],[-106.258426,43.670316],[-106.258527,43.666726],[-106.263466,43.666661],[-106.263372,43.670246]]]}},{"type":"Feature","properties":{"q":"NWNE","ac":39.0},"geometry":{"type":"Polygon","coordinates":[[[-106.258729,43.659546],[-106.253804,43.659603],[-106.253964,43.656009],[-106.258841,43.655956],[-106.258729,43.659546]]]}},{"type":"Feature","properties":{"q":"3","ac":34.5},"geometry":{"type":"Polygon","coordinates":[[[-106.283332,43.677344],[-106.287595,43.677322],[-106.287597,43.680973],[-106.28333,43.680996],[-106.283332,43.677344]]]}},{"type":"Feature","properties":{"q":"NESW","ac":39.1},"geometry":{"type":"Polygon","coordinates":[[[-106.219224,43.66366],[-106.224155,43.663506],[-106.223954,43.667095],[-106.21902,43.667247],[-106.219224,43.66366]]]}},{"type":"Feature","properties":{"q":"NENW","ac":39.0},"geometry":{"type":"Polygon","coordinates":[[[-106.263733,43.655902],[-106.263653,43.659489],[-106.258729,43.659546],[-106.258841,43.655956],[-106.263733,43.655902]]]}},{"type":"Feature","properties":{"q":"SESE","ac":38.9},"geometry":{"type":"Polygon","coordinates":[[[-106.273635,43.644964],[-106.273598,43.648595],[-106.268719,43.648683],[-106.268766,43.645101],[-106.273635,43.644964]]]}},{"type":"Feature","properties":{"q":"NESW","ac":39.3},"geometry":{"type":"Polygon","coordinates":[[[-106.278478,43.648506],[-106.283358,43.648546],[-106.283326,43.652146],[-106.278452,43.652186],[-106.278478,43.648506]]]}},{"type":"Feature","properties":{"q":"NWNW","ac":39.2},"geometry":{"type":"Polygon","coordinates":[[[-106.2048,43.657146],[-106.209777,43.6568],[-106.209575,43.660384],[-106.204638,43.660739],[-106.2048,43.657146]]]}},{"type":"Feature","properties":{"q":"SESE","ac":39.1},"geometry":{"type":"Polygon","coordinates":[[[-106.273434,43.662965],[-106.268491,43.663013],[-106.268578,43.659431],[-106.27349,43.659374],[-106.273434,43.662965]]]}},{"type":"Feature","properties":{"q":"NWSE","ac":39.8},"geometry":{"type":"Polygon","coordinates":[[[-106.258288,43.681162],[-106.253318,43.681205],[-106.253346,43.677592],[-106.258307,43.677534],[-106.258288,43.681162]]]}},{"type":"Feature","properties":{"q":"SESE","ac":40.8},"geometry":{"type":"Polygon","coordinates":[[[-106.210183,43.649633],[-106.210386,43.64605],[-106.215522,43.645751],[-106.215264,43.649403],[-106.210183,43.649633]]]}},{"type":"Feature","properties":{"q":"NWSW","ac":38.4},"geometry":{"type":"Polygon","coordinates":[[[-106.268719,43.648683],[-106.268672,43.652266],[-106.263813,43.652316],[-106.263892,43.648733],[-106.268719,43.648683]]]}},{"type":"Feature","properties":{"q":"SWSW","ac":38.2},"geometry":{"type":"Polygon","coordinates":[[[-106.268719,43.648683],[-106.263892,43.648733],[-106.263972,43.645151],[-106.268766,43.645101],[-106.268719,43.648683]]]}},{"type":"Feature","properties":{"q":"NWSW","ac":39.1},"geometry":{"type":"Polygon","coordinates":[[[-106.230078,43.648987],[-106.229813,43.652578],[-106.224923,43.652736],[-106.225212,43.64908],[-106.230078,43.648987]]]}},{"type":"Feature","properties":{"q":"2","ac":34.2},"geometry":{"type":"Polygon","coordinates":[[[-106.283335,43.670084],[-106.283336,43.666475],[-106.287613,43.666441],[-106.287603,43.670056],[-106.283335,43.670084]]]}},{"type":"Feature","properties":{"q":"NWSW","ac":39.1},"geometry":{"type":"Polygon","coordinates":[[[-106.209363,43.663968],[-106.209152,43.667552],[-106.204196,43.667883],[-106.204417,43.664311],[-106.209363,43.663968]]]}},{"type":"Feature","properties":{"q":"SENE","ac":38.8},"geometry":{"type":"Polygon","coordinates":[[[-106.229813,43.652578],[-106.234683,43.65255],[-106.234432,43.656143],[-106.229548,43.656169],[-106.229813,43.652578]]]}},{"type":"Feature","properties":{"q":"SENW","ac":38.7},"geometry":{"type":"Polygon","coordinates":[[[-106.258841,43.655956],[-106.258954,43.652366],[-106.263813,43.652316],[-106.263733,43.655902],[-106.258841,43.655956]]]}},{"type":"Feature","properties":{"q":"SESW","ac":39.1},"geometry":{"type":"Polygon","coordinates":[[[-106.219429,43.660072],[-106.224356,43.659917],[-106.224155,43.663506],[-106.219224,43.66366],[-106.219429,43.660072]]]}},{"type":"Feature","properties":{"q":"NWSE","ac":39.2},"geometry":{"type":"Polygon","coordinates":[[[-106.253589,43.666792],[-106.253697,43.663198],[-106.258628,43.663136],[-106.258527,43.666726],[-106.253589,43.666792]]]}},{"type":"Feature","properties":{"q":"SWSE","ac":39.2},"geometry":{"type":"Polygon","coordinates":[[[-106.253697,43.663198],[-106.253804,43.659603],[-106.258729,43.659546],[-106.258628,43.663136],[-106.253697,43.663198]]]}},{"type":"Feature","properties":{"q":"SESE","ac":39.2},"geometry":{"type":"Polygon","coordinates":[[[-106.21367,43.674571],[-106.213615,43.678157],[-106.208666,43.678305],[-106.208729,43.67472],[-106.21367,43.674571]]]}},{"type":"Feature","properties":{"q":"SWSW","ac":39.4},"geometry":{"type":"Polygon","coordinates":[[[-106.203754,43.675015],[-106.208729,43.67472],[-106.208666,43.678305],[-106.203685,43.678581],[-106.203754,43.675015]]]}},{"type":"Feature","properties":{"q":"SENE","ac":39.6},"geometry":{"type":"Polygon","coordinates":[[[-106.215007,43.653055],[-106.214754,43.656642],[-106.209777,43.6568],[-106.20998,43.653217],[-106.215007,43.653055]]]}},{"type":"Feature","properties":{"q":"SESE","ac":39.2},"geometry":{"type":"Polygon","coordinates":[[[-106.248765,43.663259],[-106.24888,43.659661],[-106.253804,43.659603],[-106.253697,43.663198],[-106.248765,43.663259]]]}},{"type":"Feature","properties":{"q":"NESE","ac":38.3},"geometry":{"type":"Polygon","coordinates":[[[-106.249292,43.652464],[-106.249499,43.648866],[-106.254282,43.648825],[-106.254123,43.652415],[-106.249292,43.652464]]]}},{"type":"Feature","properties":{"q":"SWSE","ac":41.5},"geometry":{"type":"Polygon","coordinates":[[[-106.220659,43.645453],[-106.220346,43.649173],[-106.215264,43.649403],[-106.215522,43.645751],[-106.220659,43.645453]]]}},{"type":"Feature","properties":{"q":"NWNE","ac":38.9},"geometry":{"type":"Polygon","coordinates":[[[-106.234432,43.656143],[-106.239317,43.656116],[-106.239081,43.659711],[-106.234182,43.659736],[-106.234432,43.656143]]]}},{"type":"Feature","properties":{"q":"SWSW","ac":38.6},"geometry":{"type":"Polygon","coordinates":[[[-106.244644,43.648896],[-106.244865,43.6453],[-106.249705,43.645268],[-106.249499,43.648866],[-106.244644,43.648896]]]}},{"type":"Feature","properties":{"q":"NESE","ac":39.3},"geometry":{"type":"Polygon","coordinates":[[[-106.248765,43.663259],[-106.253697,43.663198],[-106.253589,43.666792],[-106.248651,43.666857],[-106.248765,43.663259]]]}},{"type":"Feature","properties":{"q":"NENE","ac":39.2},"geometry":{"type":"Polygon","coordinates":[[[-106.209575,43.660384],[-106.209777,43.6568],[-106.214754,43.656642],[-106.214502,43.660228],[-106.209575,43.660384]]]}},{"type":"Feature","properties":{"q":"SWSE","ac":37.8},"geometry":{"type":"Polygon","coordinates":[[[-106.259066,43.648783],[-106.254282,43.648825],[-106.254442,43.645234],[-106.259178,43.645201],[-106.259066,43.648783]]]}},{"type":"Feature","properties":{"q":"SWSE","ac":38.6},"geometry":{"type":"Polygon","coordinates":[[[-106.234933,43.648957],[-106.235184,43.645364],[-106.240024,43.645332],[-106.239789,43.648927],[-106.234933,43.648957]]]}},{"type":"Feature","properties":{"q":"NENW","ac":40.1},"geometry":{"type":"Polygon","coordinates":[[[-106.278299,43.673716],[-106.278325,43.670116],[-106.283335,43.670084],[-106.283334,43.673692],[-106.278299,43.673716]]]}},{"type":"Feature","properties":{"q":"SESE","ac":38.6},"geometry":{"type":"Polygon","coordinates":[[[-106.234933,43.648957],[-106.230078,43.648987],[-106.230344,43.645396],[-106.235184,43.645364],[-106.234933,43.648957]]]}},{"type":"Feature","properties":{"q":"NESE","ac":38.7},"geometry":{"type":"Polygon","coordinates":[[[-106.230078,43.648987],[-106.234933,43.648957],[-106.234683,43.65255],[-106.229813,43.652578],[-106.230078,43.648987]]]}},{"type":"Feature","properties":{"q":"NESE","ac":39.6},"geometry":{"type":"Polygon","coordinates":[[[-106.248384,43.67765],[-106.253346,43.677592],[-106.253318,43.681205],[-106.248347,43.681247],[-106.248384,43.67765]]]}},{"type":"Feature","properties":{"q":"SWNW","ac":39.2},"geometry":{"type":"Polygon","coordinates":[[[-106.268317,43.670177],[-106.263372,43.670246],[-106.263466,43.666661],[-106.268404,43.666595],[-106.268317,43.670177]]]}},{"type":"Feature","properties":{"q":"SWNW","ac":39.1},"geometry":{"type":"Polygon","coordinates":[[[-106.204196,43.667883],[-106.209152,43.667552],[-106.20894,43.671136],[-106.203975,43.671449],[-106.204196,43.667883]]]}},{"type":"Feature","properties":{"q":"SWSE","ac":39.7},"geometry":{"type":"Polygon","coordinates":[[[-106.258326,43.673906],[-106.258307,43.677534],[-106.253346,43.677592],[-106.253374,43.673979],[-106.258326,43.673906]]]}},{"type":"Feature","properties":{"q":"NWSW","ac":39.7},"geometry":{"type":"Polygon","coordinates":[[[-106.243368,43.681262],[-106.243404,43.677666],[-106.248384,43.67765],[-106.248347,43.681247],[-106.243368,43.681262]]]}},{"type":"Feature","properties":{"q":"NESW","ac":39.3},"geometry":{"type":"Polygon","coordinates":[[[-106.223512,43.677862],[-106.223473,43.681451],[-106.218516,43.681597],[-106.218563,43.678009],[-106.223512,43.677862]]]}},{"type":"Feature","properties":{"q":"NWSE","ac":39.5},"geometry":{"type":"Polygon","coordinates":[[[-106.273598,43.648595],[-106.278478,43.648506],[-106.278452,43.652186],[-106.273562,43.652226],[-106.273598,43.648595]]]}},{"type":"Feature","properties":{"q":"SWNE","ac":38.6},"geometry":{"type":"Polygon","coordinates":[[[-106.253964,43.656009],[-106.254123,43.652415],[-106.258954,43.652366],[-106.258841,43.655956],[-106.253964,43.656009]]]}},{"type":"Feature","properties":{"q":"4","ac":34.2},"geometry":{"type":"Polygon","coordinates":[[[-106.283324,43.662868],[-106.283313,43.659261],[-106.287586,43.659212],[-106.287599,43.662826],[-106.283324,43.662868]]]}},{"type":"Feature","properties":{"q":"NENW","ac":39.3},"geometry":{"type":"Polygon","coordinates":[[[-106.258326,43.673906],[-106.258426,43.670316],[-106.263372,43.670246],[-106.263278,43.673832],[-106.258326,43.673906]]]}},{"type":"Feature","properties":{"q":"NESE","ac":39.6},"geometry":{"type":"Polygon","coordinates":[[[-106.233409,43.68129],[-106.22843,43.681304],[-106.228461,43.677714],[-106.233442,43.677698],[-106.233409,43.68129]]]}},{"type":"Feature","properties":{"q":"NWNW","ac":39.0},"geometry":{"type":"Polygon","coordinates":[[[-106.229548,43.656169],[-106.229283,43.659761],[-106.224356,43.659917],[-106.224639,43.656326],[-106.229548,43.656169]]]}},{"type":"Feature","properties":{"q":"NWSE","ac":39.0},"geometry":{"type":"Polygon","coordinates":[[[-106.198705,43.678857],[-106.198631,43.682404],[-106.193645,43.682661],[-106.193725,43.679132],[-106.198705,43.678857]]]}},{"type":"Feature","properties":{"q":"SESW","ac":38.7},"geometry":{"type":"Polygon","coordinates":[[[-106.179434,43.665974],[-106.179606,43.662498],[-106.184654,43.662178],[-106.184459,43.665671],[-106.179434,43.665974]]]}},{"type":"Feature","properties":{"q":"SENE","ac":40.5},"geometry":{"type":"Polygon","coordinates":[[[-106.194895,43.65423],[-106.194798,43.657853],[-106.189774,43.658213],[-106.189846,43.654568],[-106.194895,43.65423]]]}},{"type":"Feature","properties":{"q":"NENE","ac":37.9},"geometry":{"type":"Polygon","coordinates":[[[-106.174114,43.673193],[-106.173966,43.676651],[-106.16901,43.676903],[-106.169135,43.673462],[-106.174114,43.673193]]]}},{"type":"Feature","properties":{"q":"SWNE","ac":40.2},"geometry":{"type":"Polygon","coordinates":[[[-106.194798,43.657853],[-106.194895,43.65423],[-106.199944,43.653891],[-106.199822,43.657492],[-106.194798,43.657853]]]}},{"type":"Feature","properties":{"q":"SWNE","ac":38.9},"geometry":{"type":"Polygon","coordinates":[[[-106.19924,43.668213],[-106.19901,43.671761],[-106.194029,43.672074],[-106.194253,43.668546],[-106.19924,43.668213]]]}},{"type":"Feature","properties":{"q":"NWSE","ac":38.1},"geometry":{"type":"Polygon","coordinates":[[[-106.173852,43.68011],[-106.178816,43.679876],[-106.178712,43.683352],[-106.173738,43.683568],[-106.173852,43.68011]]]}},{"type":"Feature","properties":{"q":"NWSE","ac":41.1},"geometry":{"type":"Polygon","coordinates":[[[-106.174662,43.651857],[-106.179747,43.651546],[-106.1797,43.655197],[-106.174627,43.655511],[-106.174662,43.651857]]]}},{"type":"Feature","properties":{"q":"SESE","ac":38.7},"geometry":{"type":"Polygon","coordinates":[[[-106.188745,43.679408],[-106.188831,43.675897],[-106.193806,43.675603],[-106.193725,43.679132],[-106.188745,43.679408]]]}},{"type":"Feature","properties":{"q":"NESW","ac":38.9},"geometry":{"type":"Polygon","coordinates":[[[-106.204196,43.667883],[-106.19924,43.668213],[-106.19947,43.664654],[-106.204417,43.664311],[-106.204196,43.667883]]]}},{"type":"Feature","properties":{"q":"SWNW","ac":39.3},"geometry":{"type":"Polygon","coordinates":[[[-106.208136,43.696226],[-106.207965,43.69981],[-106.202997,43.699975],[-106.203158,43.69641],[-106.208136,43.696226]]]}},{"type":"Feature","properties":{"q":"NENW","ac":40.9},"geometry":{"type":"Polygon","coordinates":[[[-106.278316,43.699274],[-106.283374,43.699249],[-106.28339,43.702899],[-106.278325,43.702924],[-106.278316,43.699274]]]}},{"type":"Feature","properties":{"q":"NESW","ac":40.8},"geometry":{"type":"Polygon","coordinates":[[[-106.222941,43.724791],[-106.217858,43.724822],[-106.217922,43.721206],[-106.223003,43.721156],[-106.222941,43.724791]]]}},{"type":"Feature","properties":{"q":"SWNW","ac":39.5},"geometry":{"type":"Polygon","coordinates":[[[-106.228047,43.695668],[-106.227887,43.69926],[-106.222907,43.699397],[-106.223069,43.695808],[-106.228047,43.695668]]]}},{"type":"Feature","properties":{"q":"SESW","ac":40.1},"geometry":{"type":"Polygon","coordinates":[[[-106.222744,43.702987],[-106.222829,43.706627],[-106.217823,43.706744],[-106.217761,43.703123],[-106.222744,43.702987]]]}},{"type":"Feature","properties":{"q":"SWSW","ac":40.7},"geometry":{"type":"Polygon","coordinates":[[[-106.263249,43.706591],[-106.263137,43.702939],[-106.268193,43.702975],[-106.26828,43.706624],[-106.263249,43.706591]]]}},{"type":"Feature","properties":{"q":"2","ac":33.5},"geometry":{"type":"Polygon","coordinates":[[[-106.287553,43.713895],[-106.283447,43.713901],[-106.283428,43.710234],[-106.287567,43.710223],[-106.287553,43.713895]]]}},{"type":"Feature","properties":{"q":"SWSE","ac":39.7},"geometry":{"type":"Polygon","coordinates":[[[-106.233205,43.692068],[-106.233344,43.688475],[-106.23832,43.688464],[-106.238202,43.692058],[-106.233205,43.692068]]]}},{"type":"Feature","properties":{"q":"SWSW","ac":41.1},"geometry":{"type":"Polygon","coordinates":[[[-106.248407,43.721116],[-106.243325,43.721123],[-106.243419,43.717465],[-106.248507,43.717459],[-106.248407,43.721116]]]}},{"type":"Feature","properties":{"q":"SENE","ac":39.4},"geometry":{"type":"Polygon","coordinates":[[[-106.213559,43.681743],[-106.213504,43.685329],[-106.20854,43.685473],[-106.208603,43.681889],[-106.213559,43.681743]]]}},{"type":"Feature","properties":{"q":"NENE","ac":40.1},"geometry":{"type":"Polygon","coordinates":[[[-106.212896,43.714066],[-106.212911,43.717654],[-106.207838,43.717718],[-106.207844,43.714146],[-106.212896,43.714066]]]}},{"type":"Feature","properties":{"q":"SWSE","ac":39.4},"geometry":{"type":"Polygon","coordinates":[[[-106.213281,43.692501],[-106.213449,43.688914],[-106.218422,43.688771],[-106.218257,43.692359],[-106.213281,43.692501]]]}},{"type":"Feature","properties":{"q":"SWNE","ac":39.6},"geometry":{"type":"Polygon","coordinates":[[[-106.238389,43.681276],[-106.238354,43.68487],[-106.233376,43.684883],[-106.233409,43.68129],[-106.238389,43.681276]]]}},{"type":"Feature","properties":{"q":"SESE","ac":41.0},"geometry":{"type":"Polygon","coordinates":[[[-106.227727,43.702851],[-106.232788,43.702846],[-106.232902,43.706504],[-106.227835,43.706509],[-106.227727,43.702851]]]}},{"type":"Feature","properties":{"q":"SENE","ac":38.3},"geometry":{"type":"Polygon","coordinates":[[[-106.172808,43.711237],[-106.172704,43.714695],[-106.167668,43.714756],[-106.167792,43.711315],[-106.172808,43.711237]]]}},{"type":"Feature","properties":{"q":"NESE","ac":39.2},"geometry":{"type":"Polygon","coordinates":[[[-106.228888,43.666942],[-106.229085,43.663351],[-106.234005,43.663328],[-106.233828,43.666921],[-106.228888,43.666942]]]}},{"type":"Feature","properties":{"q":"NESW","ac":39.6},"geometry":{"type":"Polygon","coordinates":[[[-106.278376,43.662917],[-106.283324,43.662868],[-106.283336,43.666475],[-106.278351,43.666515],[-106.278376,43.662917]]]}},{"type":"Feature","properties":{"q":"NWSW","ac":39.4},"geometry":{"type":"Polygon","coordinates":[[[-106.223512,43.677862],[-106.228461,43.677714],[-106.22843,43.681304],[-106.223473,43.681451],[-106.223512,43.677862]]]}},{"type":"Feature","properties":{"q":"SESW","ac":39.6},"geometry":{"type":"Polygon","coordinates":[[[-106.225501,43.645424],[-106.225212,43.64908],[-106.220346,43.649173],[-106.220659,43.645453],[-106.225501,43.645424]]]}},{"type":"Feature","properties":{"q":"NENE","ac":39.1},"geometry":{"type":"Polygon","coordinates":[[[-106.20894,43.671136],[-106.213878,43.670986],[-106.21367,43.674571],[-106.208729,43.67472],[-106.20894,43.671136]]]}},{"type":"Feature","properties":{"q":"NWNW","ac":39.2},"geometry":{"type":"Polygon","coordinates":[[[-106.203754,43.675015],[-106.203975,43.671449],[-106.20894,43.671136],[-106.208729,43.67472],[-106.203754,43.675015]]]}},{"type":"Feature","properties":{"q":"SWNW","ac":39.6},"geometry":{"type":"Polygon","coordinates":[[[-106.20998,43.653217],[-106.209777,43.6568],[-106.2048,43.657146],[-106.204962,43.653554],[-106.20998,43.653217]]]}},{"type":"Feature","properties":{"q":"SWNW","ac":39.4},"geometry":{"type":"Polygon","coordinates":[[[-106.243575,43.670474],[-106.24371,43.666878],[-106.248651,43.666857],[-106.248536,43.670455],[-106.243575,43.670474]]]}},{"type":"Feature","properties":{"q":"NENW","ac":39.6},"geometry":{"type":"Polygon","coordinates":[[[-106.238457,43.674088],[-106.238613,43.670494],[-106.243575,43.670474],[-106.243439,43.67407],[-106.238457,43.674088]]]}},{"type":"Feature","properties":{"q":"NWNE","ac":39.2},"geometry":{"type":"Polygon","coordinates":[[[-106.219429,43.660072],[-106.214502,43.660228],[-106.214754,43.656642],[-106.219731,43.656483],[-106.219429,43.660072]]]}},{"type":"Feature","properties":{"q":"3","ac":33.3},"geometry":{"type":"Polygon","coordinates":[[[-106.287542,43.652111],[-106.283326,43.652146],[-106.283358,43.648546],[-106.287568,43.64858],[-106.287542,43.652111]]]}},{"type":"Feature","properties":{"q":"SWNW","ac":39.2},"geometry":{"type":"Polygon","coordinates":[[[-106.22869,43.670532],[-106.223753,43.670684],[-106.223954,43.667095],[-106.228888,43.666942],[-106.22869,43.670532]]]}},{"type":"Feature","properties":{"q":"NESW","ac":39.6},"geometry":{"type":"Polygon","coordinates":[[[-106.238423,43.677682],[-106.243404,43.677666],[-106.243368,43.681262],[-106.238389,43.681276],[-106.238423,43.677682]]]}},{"type":"Feature","properties":{"q":"SENW","ac":38.8},"geometry":{"type":"Polygon","coordinates":[[[-106.239553,43.652522],[-106.244423,43.652493],[-106.244202,43.65609],[-106.239317,43.656116],[-106.239553,43.652522]]]}},{"type":"Feature","properties":{"q":"SENW","ac":38.9},"geometry":{"type":"Polygon","coordinates":[[[-106.224639,43.656326],[-106.219731,43.656483],[-106.220033,43.652894],[-106.224923,43.652736],[-106.224639,43.656326]]]}},{"type":"Feature","properties":{"q":"NESW","ac":38.4},"geometry":{"type":"Polygon","coordinates":[[[-106.259066,43.648783],[-106.263892,43.648733],[-106.263813,43.652316],[-106.258954,43.652366],[-106.259066,43.648783]]]}},{"type":"Feature","properties":{"q":"SWNW","ac":38.9},"geometry":{"type":"Polygon","coordinates":[[[-106.229813,43.652578],[-106.229548,43.656169],[-106.224639,43.656326],[-106.224923,43.652736],[-106.229813,43.652578]]]}},{"type":"Feature","properties":{"q":"NENW","ac":39.0},"geometry":{"type":"Polygon","coordinates":[[[-106.224356,43.659917],[-106.219429,43.660072],[-106.219731,43.656483],[-106.224639,43.656326],[-106.224356,43.659917]]]}},{"type":"Feature","properties":{"q":"NESE","ac":40.8},"geometry":{"type":"Polygon","coordinates":[[[-106.268229,43.677417],[-106.273263,43.677393],[-106.273262,43.681049],[-106.268229,43.681075],[-106.268229,43.677417]]]}},{"type":"Feature","properties":{"q":"SWSW","ac":39.7},"geometry":{"type":"Polygon","coordinates":[[[-106.248421,43.674053],[-106.248384,43.67765],[-106.243404,43.677666],[-106.243439,43.67407],[-106.248421,43.674053]]]}},{"type":"Feature","properties":{"q":"NWSE","ac":39.1},"geometry":{"type":"Polygon","coordinates":[[[-106.219224,43.66366],[-106.21902,43.667247],[-106.214086,43.6674],[-106.214294,43.663814],[-106.219224,43.66366]]]}},{"type":"Feature","properties":{"q":"SWNE","ac":39.6},"geometry":{"type":"Polygon","coordinates":[[[-106.215007,43.653055],[-106.220033,43.652894],[-106.219731,43.656483],[-106.214754,43.656642],[-106.215007,43.653055]]]}},{"type":"Feature","properties":{"q":"NWSE","ac":38.2},"geometry":{"type":"Polygon","coordinates":[[[-106.259066,43.648783],[-106.258954,43.652366],[-106.254123,43.652415],[-106.254282,43.648825],[-106.259066,43.648783]]]}},{"type":"Feature","properties":{"q":"SESW","ac":39.3},"geometry":{"type":"Polygon","coordinates":[[[-106.283313,43.659261],[-106.283324,43.662868],[-106.278376,43.662917],[-106.278402,43.659318],[-106.283313,43.659261]]]}},{"type":"Feature","properties":{"q":"1","ac":34.1},"geometry":{"type":"Polygon","coordinates":[[[-106.283334,43.673692],[-106.283335,43.670084],[-106.287603,43.670056],[-106.287593,43.673672],[-106.283334,43.673692]]]}},{"type":"Feature","properties":{"q":"SENE","ac":38.8},"geometry":{"type":"Polygon","coordinates":[[[-106.268625,43.655849],[-106.268672,43.652266],[-106.273562,43.652226],[-106.273526,43.6558],[-106.268625,43.655849]]]}},{"type":"Feature","properties":{"q":"SWSW","ac":40.3},"geometry":{"type":"Polygon","coordinates":[[[-106.205287,43.646357],[-106.210386,43.64605],[-106.210183,43.649633],[-106.205125,43.649956],[-106.205287,43.646357]]]}},{"type":"Feature","properties":{"q":"NWNW","ac":39.2},"geometry":{"type":"Polygon","coordinates":[[[-106.223552,43.674272],[-106.223753,43.670684],[-106.22869,43.670532],[-106.228493,43.674123],[-106.223552,43.674272]]]}},{"type":"Feature","properties":{"q":"NENE","ac":38.9},"geometry":{"type":"Polygon","coordinates":[[[-106.229548,43.656169],[-106.234432,43.656143],[-106.234182,43.659736],[-106.229283,43.659761],[-106.229548,43.656169]]]}},{"type":"Feature","properties":{"q":"SESW","ac":39.4},"geometry":{"type":"Polygon","coordinates":[[[-106.28339,43.644945],[-106.283358,43.648546],[-106.278478,43.648506],[-106.278504,43.644826],[-106.28339,43.644945]]]}},{"type":"Feature","properties":{"q":"SESW","ac":40.7},"geometry":{"type":"Polygon","coordinates":[[[-106.278299,43.673716],[-106.283334,43.673692],[-106.283332,43.677344],[-106.278297,43.677369],[-106.278299,43.673716]]]}},{"type":"Feature","properties":{"q":"SESW","ac":38.6},"geometry":{"type":"Polygon","coordinates":[[[-106.244644,43.648896],[-106.239789,43.648927],[-106.240024,43.645332],[-106.244865,43.6453],[-106.244644,43.648896]]]}},{"type":"Feature","properties":{"q":"SESE","ac":39.1},"geometry":{"type":"Polygon","coordinates":[[[-106.209575,43.660384],[-106.214502,43.660228],[-106.214294,43.663814],[-106.209363,43.663968],[-106.209575,43.660384]]]}},{"type":"Feature","properties":{"q":"SWSW","ac":39.1},"geometry":{"type":"Polygon","coordinates":[[[-106.224356,43.659917],[-106.229283,43.659761],[-106.229085,43.663351],[-106.224155,43.663506],[-106.224356,43.659917]]]}},{"type":"Feature","properties":{"q":"SESW","ac":39.3},"geometry":{"type":"Polygon","coordinates":[[[-106.218611,43.674422],[-106.223552,43.674272],[-106.223512,43.677862],[-106.218563,43.678009],[-106.218611,43.674422]]]}},{"type":"Feature","properties":{"q":"NWNW","ac":39.0},"geometry":{"type":"Polygon","coordinates":[[[-106.244202,43.65609],[-106.249086,43.656063],[-106.24888,43.659661],[-106.24398,43.659686],[-106.244202,43.65609]]]}},{"type":"Feature","properties":{"q":"SWSE","ac":39.1},"geometry":{"type":"Polygon","coordinates":[[[-106.234182,43.659736],[-106.239081,43.659711],[-106.238925,43.663305],[-106.234005,43.663328],[-106.234182,43.659736]]]}},{"type":"Feature","properties":{"q":"1","ac":33.5},"geometry":{"type":"Polygon","coordinates":[[[-106.283319,43.655703],[-106.287564,43.655661],[-106.287586,43.659212],[-106.283313,43.659261],[-106.283319,43.655703]]]}},{"type":"Feature","properties":{"q":"SWNE","ac":39.3},"geometry":{"type":"Polygon","coordinates":[[[-106.253589,43.666792],[-106.258527,43.666726],[-106.258426,43.670316],[-106.253481,43.670385],[-106.253589,43.666792]]]}},{"type":"Feature","properties":{"q":"NWSE","ac":39.3},"geometry":{"type":"Polygon","coordinates":[[[-106.218516,43.681597],[-106.213559,43.681743],[-106.213615,43.678157],[-106.218563,43.678009],[-106.218516,43.681597]]]}},{"type":"Feature","properties":{"q":"SENW","ac":38.5},"geometry":{"type":"Polygon","coordinates":[[[-106.283319,43.655703],[-106.278427,43.655752],[-106.278452,43.652186],[-106.283326,43.652146],[-106.283319,43.655703]]]}},{"type":"Feature","properties":{"q":"NWNE","ac":39.2},"geometry":{"type":"Polygon","coordinates":[[[-106.218611,43.674422],[-106.21367,43.674571],[-106.213878,43.670986],[-106.218815,43.670835],[-106.218611,43.674422]]]}},{"type":"Feature","properties":{"q":"NESE","ac":40.4},"geometry":{"type":"Polygon","coordinates":[[[-106.215264,43.649403],[-106.215007,43.653055],[-106.20998,43.653217],[-106.210183,43.649633],[-106.215264,43.649403]]]}},{"type":"Feature","properties":{"q":"4","ac":34.4},"geometry":{"type":"Polygon","coordinates":[[[-106.283334,43.673692],[-106.287593,43.673672],[-106.287595,43.677322],[-106.283332,43.677344],[-106.283334,43.673692]]]}},{"type":"Feature","properties":{"q":"NWSE","ac":38.4},"geometry":{"type":"Polygon","coordinates":[[[-106.179434,43.665974],[-106.179263,43.66945],[-106.174262,43.669735],[-106.17441,43.666277],[-106.179434,43.665974]]]}},{"type":"Feature","properties":{"q":"SWSE","ac":38.9},"geometry":{"type":"Polygon","coordinates":[[[-106.193725,43.679132],[-106.193806,43.675603],[-106.19878,43.675309],[-106.198705,43.678857],[-106.193725,43.679132]]]}},{"type":"Feature","properties":{"q":"NESE","ac":38.8},"geometry":{"type":"Polygon","coordinates":[[[-106.194477,43.665011],[-106.194253,43.668546],[-106.189266,43.668878],[-106.189484,43.665368],[-106.194477,43.665011]]]}},{"type":"Feature","properties":{"q":"SENE","ac":41.0},"geometry":{"type":"Polygon","coordinates":[[[-106.174592,43.659165],[-106.169532,43.659482],[-106.169554,43.655825],[-106.174627,43.655511],[-106.174592,43.659165]]]}},{"type":"Feature","properties":{"q":"NESW","ac":39.2},"geometry":{"type":"Polygon","coordinates":[[[-106.198631,43.682404],[-106.198705,43.678857],[-106.203685,43.678581],[-106.203617,43.682147],[-106.198631,43.682404]]]}},{"type":"Feature","properties":{"q":"NENW","ac":38.2},"geometry":{"type":"Polygon","coordinates":[[[-106.183876,43.676149],[-106.178921,43.6764],[-106.179092,43.672925],[-106.18407,43.672656],[-106.183876,43.676149]]]}},{"type":"Feature","properties":{"q":"SWSE","ac":39.1},"geometry":{"type":"Polygon","coordinates":[[[-106.194701,43.661476],[-106.199701,43.661094],[-106.19947,43.664654],[-106.194477,43.665011],[-106.194701,43.661476]]]}},{"type":"Feature","properties":{"q":"SESW","ac":39.1},"geometry":{"type":"Polygon","coordinates":[[[-106.203754,43.675015],[-106.203685,43.678581],[-106.198705,43.678857],[-106.19878,43.675309],[-106.203754,43.675015]]]}},{"type":"Feature","properties":{"q":"SESE","ac":37.8},"geometry":{"type":"Polygon","coordinates":[[[-106.173966,43.676651],[-106.173852,43.68011],[-106.168888,43.680344],[-106.16901,43.676903],[-106.173966,43.676651]]]}},{"type":"Feature","properties":{"q":"NENW","ac":39.0},"geometry":{"type":"Polygon","coordinates":[[[-106.203975,43.671449],[-106.203754,43.675015],[-106.19878,43.675309],[-106.19901,43.671761],[-106.203975,43.671449]]]}},{"type":"Feature","properties":{"q":"NESW","ac":38.6},"geometry":{"type":"Polygon","coordinates":[[[-106.184459,43.665671],[-106.184265,43.669164],[-106.179263,43.66945],[-106.179434,43.665974],[-106.184459,43.665671]]]}},{"type":"Feature","properties":{"q":"SESW","ac":41.1},"geometry":{"type":"Polygon","coordinates":[[[-106.179747,43.651546],[-106.179795,43.647895],[-106.184893,43.647587],[-106.184833,43.651235],[-106.179747,43.651546]]]}},{"type":"Feature","properties":{"q":"NESE","ac":41.1},"geometry":{"type":"Polygon","coordinates":[[[-106.174662,43.651857],[-106.174627,43.655511],[-106.169554,43.655825],[-106.169577,43.652168],[-106.174662,43.651857]]]}},{"type":"Feature","properties":{"q":"SWSE","ac":41.2},"geometry":{"type":"Polygon","coordinates":[[[-106.179795,43.647895],[-106.179747,43.651546],[-106.174662,43.651857],[-106.174697,43.648203],[-106.179795,43.647895]]]}},{"type":"Feature","properties":{"q":"NESW","ac":40.7},"geometry":{"type":"Polygon","coordinates":[[[-106.2783,43.691979],[-106.283342,43.691951],[-106.283358,43.695599],[-106.278308,43.695625],[-106.2783,43.691979]]]}},{"type":"Feature","properties":{"q":"SENW","ac":39.4},"geometry":{"type":"Polygon","coordinates":[[[-106.218516,43.681597],[-106.223473,43.681451],[-106.223434,43.68504],[-106.218469,43.685184],[-106.218516,43.681597]]]}},{"type":"Feature","properties":{"q":"NWNW","ac":39.5},"geometry":{"type":"Polygon","coordinates":[[[-106.203548,43.685712],[-106.20854,43.685473],[-106.208476,43.689057],[-106.203479,43.689278],[-106.203548,43.685712]]]}},{"type":"Feature","properties":{"q":"NWSW","ac":40.2},"geometry":{"type":"Polygon","coordinates":[[[-106.268459,43.724861],[-106.263451,43.72484],[-106.263519,43.721211],[-106.268499,43.721217],[-106.268459,43.724861]]]}},{"type":"Feature","properties":{"q":"3","ac":40.5},"geometry":{"type":"Polygon","coordinates":[[[-106.22279,43.732064],[-106.217731,43.732055],[-106.217794,43.728447],[-106.222865,43.72844],[-106.22279,43.732064]]]}},{"type":"Feature","properties":{"q":"SWNW","ac":40.4},"geometry":{"type":"Polygon","coordinates":[[[-106.263474,43.713912],[-106.263361,43.710242],[-106.268366,43.710274],[-106.268453,43.713924],[-106.263474,43.713912]]]}},{"type":"Feature","properties":{"q":"SENW","ac":41.1},"geometry":{"type":"Polygon","coordinates":[[[-106.243165,43.710151],[-106.243292,43.713808],[-106.238211,43.713814],[-106.23809,43.710157],[-106.243165,43.710151]]]}},{"type":"Feature","properties":{"q":"SWSE","ac":40.0},"geometry":{"type":"Polygon","coordinates":[[[-106.253262,43.68843],[-106.258251,43.688417],[-106.258208,43.692037],[-106.253203,43.692038],[-106.253262,43.68843]]]}},{"type":"Feature","properties":{"q":"SWNE","ac":38.9},"geometry":{"type":"Polygon","coordinates":[[[-106.198179,43.696594],[-106.198028,43.700141],[-106.19306,43.700306],[-106.193201,43.696777],[-106.198179,43.696594]]]}},{"type":"Feature","properties":{"q":"SESE","ac":39.2},"geometry":{"type":"Polygon","coordinates":[[[-106.192785,43.717949],[-106.192684,43.721479],[-106.187648,43.721534],[-106.187759,43.718022],[-106.192785,43.717949]]]}},{"type":"Feature","properties":{"q":"NESE","ac":37.9},"geometry":{"type":"Polygon","coordinates":[[[-106.173852,43.68011],[-106.173738,43.683568],[-106.168765,43.683785],[-106.168888,43.680344],[-106.173852,43.68011]]]}},{"type":"Feature","properties":{"q":"SWSW","ac":41.1},"geometry":{"type":"Polygon","coordinates":[[[-106.18999,43.647279],[-106.189918,43.650924],[-106.184833,43.651235],[-106.184893,43.647587],[-106.18999,43.647279]]]}},{"type":"Feature","properties":{"q":"SESE","ac":38.4},"geometry":{"type":"Polygon","coordinates":[[[-106.17441,43.666277],[-106.169385,43.66658],[-106.169509,43.663139],[-106.174557,43.662818],[-106.17441,43.666277]]]}},{"type":"Feature","properties":{"q":"SENW","ac":38.9},"geometry":{"type":"Polygon","coordinates":[[[-106.204196,43.667883],[-106.203975,43.671449],[-106.19901,43.671761],[-106.19924,43.668213],[-106.204196,43.667883]]]}},{"type":"Feature","properties":{"q":"SWNE","ac":41.0},"geometry":{"type":"Polygon","coordinates":[[[-106.174627,43.655511],[-106.1797,43.655197],[-106.179653,43.658848],[-106.174592,43.659165],[-106.174627,43.655511]]]}},{"type":"Feature","properties":{"q":"SWNW","ac":38.6},"geometry":{"type":"Polygon","coordinates":[[[-106.184265,43.669164],[-106.189266,43.668878],[-106.189049,43.672388],[-106.18407,43.672656],[-106.184265,43.669164]]]}},{"type":"Feature","properties":{"q":"NWNE","ac":38.0},"geometry":{"type":"Polygon","coordinates":[[[-106.174114,43.673193],[-106.179092,43.672925],[-106.178921,43.6764],[-106.173966,43.676651],[-106.174114,43.673193]]]}},{"type":"Feature","properties":{"q":"SWNW","ac":40.9},"geometry":{"type":"Polygon","coordinates":[[[-106.189774,43.658213],[-106.184713,43.65853],[-106.184773,43.654883],[-106.189846,43.654568],[-106.189774,43.658213]]]}},{"type":"Feature","properties":{"q":"NWSW","ac":41.0},"geometry":{"type":"Polygon","coordinates":[[[-106.189918,43.650924],[-106.189846,43.654568],[-106.184773,43.654883],[-106.184833,43.651235],[-106.189918,43.650924]]]}},{"type":"Feature","properties":{"q":"SWNE","ac":38.2},"geometry":{"type":"Polygon","coordinates":[[[-106.179263,43.66945],[-106.179092,43.672925],[-106.174114,43.673193],[-106.174262,43.669735],[-106.179263,43.66945]]]}},{"type":"Feature","properties":{"q":"NWNW","ac":40.8},"geometry":{"type":"Polygon","coordinates":[[[-106.184654,43.662178],[-106.184713,43.65853],[-106.189774,43.658213],[-106.189702,43.661858],[-106.184654,43.662178]]]}},{"type":"Feature","properties":{"q":"NESW","ac":40.1},"geometry":{"type":"Polygon","coordinates":[[[-106.200066,43.650278],[-106.205125,43.649956],[-106.204962,43.653554],[-106.199944,43.653891],[-106.200066,43.650278]]]}},{"type":"Feature","properties":{"q":"NESE","ac":38.2},"geometry":{"type":"Polygon","coordinates":[[[-106.16926,43.670021],[-106.169385,43.66658],[-106.17441,43.666277],[-106.174262,43.669735],[-106.16926,43.670021]]]}},{"type":"Feature","properties":{"q":"NENW","ac":39.4},"geometry":{"type":"Polygon","coordinates":[[[-106.2048,43.657146],[-106.204638,43.660739],[-106.199701,43.661094],[-106.199822,43.657492],[-106.2048,43.657146]]]}},{"type":"Feature","properties":{"q":"SENE","ac":38.7},"geometry":{"type":"Polygon","coordinates":[[[-106.194253,43.668546],[-106.194029,43.672074],[-106.189049,43.672388],[-106.189266,43.668878],[-106.194253,43.668546]]]}},{"type":"Feature","properties":{"q":"NENE","ac":40.3},"geometry":{"type":"Polygon","coordinates":[[[-106.194798,43.657853],[-106.194701,43.661476],[-106.189702,43.661858],[-106.189774,43.658213],[-106.194798,43.657853]]]}},{"type":"Feature","properties":{"q":"SENW","ac":39.7},"geometry":{"type":"Polygon","coordinates":[[[-106.2048,43.657146],[-106.199822,43.657492],[-106.199944,43.653891],[-106.204962,43.653554],[-106.2048,43.657146]]]}},{"type":"Feature","properties":{"q":"SESE","ac":38.8},"geometry":{"type":"Polygon","coordinates":[[[-106.189484,43.665368],[-106.189702,43.661858],[-106.194701,43.661476],[-106.194477,43.665011],[-106.189484,43.665368]]]}},{"type":"Feature","properties":{"q":"SESW","ac":40.5},"geometry":{"type":"Polygon","coordinates":[[[-106.200188,43.646664],[-106.205287,43.646357],[-106.205125,43.649956],[-106.200066,43.650278],[-106.200188,43.646664]]]}},{"type":"Feature","properties":{"q":"SWSE","ac":38.0},"geometry":{"type":"Polygon","coordinates":[[[-106.173966,43.676651],[-106.178921,43.6764],[-106.178816,43.679876],[-106.173852,43.68011],[-106.173966,43.676651]]]}},{"type":"Feature","properties":{"q":"NWSW","ac":38.5},"geometry":{"type":"Polygon","coordinates":[[[-106.188745,43.679408],[-106.188659,43.682919],[-106.183685,43.683135],[-106.183781,43.679642],[-106.188745,43.679408]]]}},{"type":"Feature","properties":{"q":"SESE","ac":40.9},"geometry":{"type":"Polygon","coordinates":[[[-106.18999,43.647279],[-106.195089,43.646972],[-106.194992,43.650601],[-106.189918,43.650924],[-106.18999,43.647279]]]}},{"type":"Feature","properties":{"q":"SENE","ac":40.1},"geometry":{"type":"Polygon","coordinates":[[[-106.212857,43.710464],[-106.212896,43.714066],[-106.207844,43.714146],[-106.207828,43.710562],[-106.212857,43.710464]]]}},{"type":"Feature","properties":{"q":"SWSE","ac":40.9},"geometry":{"type":"Polygon","coordinates":[[[-106.273323,43.706605],[-106.273259,43.702949],[-106.278325,43.702924],[-106.278366,43.706586],[-106.273323,43.706605]]]}},{"type":"Feature","properties":{"q":"SENW","ac":40.8},"geometry":{"type":"Polygon","coordinates":[[[-106.263249,43.695666],[-106.263193,43.699303],[-106.258124,43.69928],[-106.258166,43.695656],[-106.263249,43.695666]]]}},{"type":"Feature","properties":{"q":"NENW","ac":40.1},"geometry":{"type":"Polygon","coordinates":[[[-106.263249,43.684762],[-106.263239,43.688405],[-106.258251,43.688417],[-106.258269,43.68479],[-106.263249,43.684762]]]}},{"type":"Feature","properties":{"q":"NWNE","ac":40.8},"geometry":{"type":"Polygon","coordinates":[[[-106.278325,43.702924],[-106.273259,43.702949],[-106.273289,43.6993],[-106.278316,43.699274],[-106.278325,43.702924]]]}},{"type":"Feature","properties":{"q":"SESE","ac":40.9},"geometry":{"type":"Polygon","coordinates":[[[-106.273259,43.702949],[-106.273323,43.706605],[-106.26828,43.706624],[-106.268193,43.702975],[-106.273259,43.702949]]]}},{"type":"Feature","properties":{"q":"1","ac":40.2},"geometry":{"type":"Polygon","coordinates":[[[-106.207597,43.732047],[-106.207654,43.728467],[-106.212724,43.728457],[-106.212664,43.732051],[-106.207597,43.732047]]]}},{"type":"Feature","properties":{"q":"NESW","ac":38.4},"geometry":{"type":"Polygon","coordinates":[[[-106.183365,43.693615],[-106.183237,43.697108],[-106.178251,43.697255],[-106.178377,43.693779],[-106.183365,43.693615]]]}},{"type":"Feature","properties":{"q":"SENW","ac":38.7},"geometry":{"type":"Polygon","coordinates":[[[-106.177825,43.711159],[-106.182842,43.71108],[-106.182774,43.714573],[-106.177739,43.714634],[-106.177825,43.711159]]]}},{"type":"Feature","properties":{"q":"SENE","ac":38.0},"geometry":{"type":"Polygon","coordinates":[[[-106.173265,43.697403],[-106.173142,43.700861],[-106.168158,43.700991],[-106.168279,43.697549],[-106.173265,43.697403]]]}},{"type":"Feature","properties":{"q":"SENE","ac":40.5},"geometry":{"type":"Polygon","coordinates":[[[-106.268366,43.710274],[-106.273387,43.710261],[-106.273451,43.713916],[-106.268453,43.713924],[-106.268366,43.710274]]]}},{"type":"Feature","properties":{"q":"NWNW","ac":40.3},"geometry":{"type":"Polygon","coordinates":[[[-106.263249,43.684762],[-106.268228,43.684734],[-106.268228,43.688392],[-106.263239,43.688405],[-106.263249,43.684762]]]}},{"type":"Feature","properties":{"q":"SWSW","ac":39.4},"geometry":{"type":"Polygon","coordinates":[[[-106.208476,43.689057],[-106.208306,43.692641],[-106.203318,43.692844],[-106.203479,43.689278],[-106.208476,43.689057]]]}},{"type":"Feature","properties":{"q":"NWSW","ac":39.4},"geometry":{"type":"Polygon","coordinates":[[[-106.203318,43.692844],[-106.208306,43.692641],[-106.208136,43.696226],[-106.203158,43.69641],[-106.203318,43.692844]]]}},{"type":"Feature","properties":{"q":"SWNE","ac":40.0},"geometry":{"type":"Polygon","coordinates":[[[-106.232927,43.699254],[-106.233066,43.695661],[-106.238085,43.695653],[-106.237967,43.699247],[-106.232927,43.699254]]]}},{"type":"Feature","properties":{"q":"NWSE","ac":40.1},"geometry":{"type":"Polygon","coordinates":[[[-106.217823,43.706744],[-106.217885,43.710365],[-106.212857,43.710464],[-106.212817,43.706861],[-106.217823,43.706744]]]}},{"type":"Feature","properties":{"q":"NESE","ac":40.9},"geometry":{"type":"Polygon","coordinates":[[[-106.248105,43.706488],[-106.253162,43.706523],[-106.253298,43.710178],[-106.248239,43.710145],[-106.248105,43.706488]]]}},{"type":"Feature","properties":{"q":"NESE","ac":39.8},"geometry":{"type":"Polygon","coordinates":[[[-106.228207,43.692077],[-106.233205,43.692068],[-106.233066,43.695661],[-106.228047,43.695668],[-106.228207,43.692077]]]}},{"type":"Feature","properties":{"q":"SWNW","ac":40.7},"geometry":{"type":"Polygon","coordinates":[[[-106.227942,43.710168],[-106.22805,43.713826],[-106.222998,43.713906],[-106.222914,43.710267],[-106.227942,43.710168]]]}},{"type":"Feature","properties":{"q":"NENW","ac":40.5},"geometry":{"type":"Polygon","coordinates":[[[-106.217985,43.71759],[-106.217947,43.713986],[-106.222998,43.713906],[-106.223066,43.717521],[-106.217985,43.71759]]]}},{"type":"Feature","properties":{"q":"NWNW","ac":39.6},"geometry":{"type":"Polygon","coordinates":[[[-106.243332,43.684858],[-106.24831,43.684845],[-106.248273,43.688442],[-106.243297,43.688453],[-106.243332,43.684858]]]}},{"type":"Feature","properties":{"q":"NWSW","ac":40.5},"geometry":{"type":"Polygon","coordinates":[[[-106.268366,43.710274],[-106.263361,43.710242],[-106.263249,43.706591],[-106.26828,43.706624],[-106.268366,43.710274]]]}},{"type":"Feature","properties":{"q":"NWSW","ac":41.0},"geometry":{"type":"Polygon","coordinates":[[[-106.222941,43.724791],[-106.223003,43.721156],[-106.228085,43.721106],[-106.228023,43.72476],[-106.222941,43.724791]]]}},{"type":"Feature","properties":{"q":"2","ac":41.0},"geometry":{"type":"Polygon","coordinates":[[[-106.232912,43.732097],[-106.232993,43.728454],[-106.238068,43.728447],[-106.23798,43.732107],[-106.232912,43.732097]]]}},{"type":"Feature","properties":{"q":"NWNW","ac":40.2},"geometry":{"type":"Polygon","coordinates":[[[-106.263474,43.713912],[-106.268453,43.713924],[-106.268539,43.717573],[-106.263587,43.717582],[-106.263474,43.713912]]]}},{"type":"Feature","properties":{"q":"SWNE","ac":40.6},"geometry":{"type":"Polygon","coordinates":[[[-106.217858,43.724822],[-106.217794,43.728447],[-106.212724,43.728457],[-106.212784,43.724853],[-106.217858,43.724822]]]}},{"type":"Feature","properties":{"q":"NESE","ac":40.3},"geometry":{"type":"Polygon","coordinates":[[[-106.207774,43.721301],[-106.212848,43.721253],[-106.212784,43.724853],[-106.207711,43.724884],[-106.207774,43.721301]]]}},{"type":"Feature","properties":{"q":"SESW","ac":41.1},"geometry":{"type":"Polygon","coordinates":[[[-106.238332,43.717472],[-106.243419,43.717465],[-106.243325,43.721123],[-106.238244,43.72113],[-106.238332,43.717472]]]}},{"type":"Feature","properties":{"q":"SWSW","ac":39.5},"geometry":{"type":"Polygon","coordinates":[[[-106.228367,43.688486],[-106.228207,43.692077],[-106.223232,43.692218],[-106.223394,43.688629],[-106.228367,43.688486]]]}},{"type":"Feature","properties":{"q":"NWNE","ac":40.4},"geometry":{"type":"Polygon","coordinates":[[[-106.27845,43.713908],[-106.278492,43.717569],[-106.273516,43.717571],[-106.273451,43.713916],[-106.27845,43.713908]]]}},{"type":"Feature","properties":{"q":"SWNE","ac":41.2},"geometry":{"type":"Polygon","coordinates":[[[-106.253434,43.713851],[-106.253298,43.710178],[-106.258357,43.71021],[-106.258496,43.7139],[-106.253434,43.713851]]]}},{"type":"Feature","properties":{"q":"NENW","ac":40.7},"geometry":{"type":"Polygon","coordinates":[[[-106.278294,43.684678],[-106.283328,43.684649],[-106.283325,43.688302],[-106.278292,43.688334],[-106.278294,43.684678]]]}},{"type":"Feature","properties":{"q":"SWNE","ac":40.5},"geometry":{"type":"Polygon","coordinates":[[[-106.273387,43.710261],[-106.278408,43.710248],[-106.27845,43.713908],[-106.273451,43.713916],[-106.273387,43.710261]]]}},{"type":"Feature","properties":{"q":"SWNE","ac":39.5},"geometry":{"type":"Polygon","coordinates":[[[-106.218092,43.695947],[-106.217926,43.699535],[-106.212946,43.699673],[-106.213114,43.696087],[-106.218092,43.695947]]]}},{"type":"Feature","properties":{"q":"SWNE","ac":40.3},"geometry":{"type":"Polygon","coordinates":[[[-106.217947,43.713986],[-106.212896,43.714066],[-106.212857,43.710464],[-106.217885,43.710365],[-106.217947,43.713986]]]}},{"type":"Feature","properties":{"q":"SENE","ac":41.1},"geometry":{"type":"Polygon","coordinates":[[[-106.227942,43.710168],[-106.233016,43.710163],[-106.23313,43.71382],[-106.22805,43.713826],[-106.227942,43.710168]]]}},{"type":"Feature","properties":{"q":"NENW","ac":40.4},"geometry":{"type":"Polygon","coordinates":[[[-106.283466,43.717568],[-106.278492,43.717569],[-106.27845,43.713908],[-106.283447,43.713901],[-106.283466,43.717568]]]}},{"type":"Feature","properties":{"q":"SESW","ac":41.0},"geometry":{"type":"Polygon","coordinates":[[[-106.243037,43.706494],[-106.23797,43.706499],[-106.237849,43.702841],[-106.24291,43.702836],[-106.243037,43.706494]]]}},{"type":"Feature","properties":{"q":"SWSW","ac":41.0},"geometry":{"type":"Polygon","coordinates":[[[-106.228148,43.717453],[-106.228085,43.721106],[-106.223003,43.721156],[-106.223066,43.717521],[-106.228148,43.717453]]]}},{"type":"Feature","properties":{"q":"NWNW","ac":40.2},"geometry":{"type":"Polygon","coordinates":[[[-106.243007,43.699241],[-106.248046,43.699234],[-106.247971,43.702831],[-106.24291,43.702836],[-106.243007,43.699241]]]}},{"type":"Feature","properties":{"q":"SWNW","ac":40.0},"geometry":{"type":"Polygon","coordinates":[[[-106.248046,43.699234],[-106.243007,43.699241],[-106.243103,43.695645],[-106.248122,43.695637],[-106.248046,43.699234]]]}},{"type":"Feature","properties":{"q":"NWNE","ac":39.6},"geometry":{"type":"Polygon","coordinates":[[[-106.233376,43.684883],[-106.238354,43.68487],[-106.23832,43.688464],[-106.233344,43.688475],[-106.233376,43.684883]]]}},{"type":"Feature","properties":{"q":"NENE","ac":40.7},"geometry":{"type":"Polygon","coordinates":[[[-106.268228,43.684734],[-106.273261,43.684706],[-106.27326,43.688363],[-106.268228,43.688392],[-106.268228,43.684734]]]}},{"type":"Feature","properties":{"q":"NWNW","ac":41.1},"geometry":{"type":"Polygon","coordinates":[[[-106.243292,43.713808],[-106.248373,43.713802],[-106.248507,43.717459],[-106.243419,43.717465],[-106.243292,43.713808]]]}},{"type":"Feature","properties":{"q":"3","ac":41.1},"geometry":{"type":"Polygon","coordinates":[[[-106.23798,43.732107],[-106.238068,43.728447],[-106.24314,43.728439],[-106.243047,43.732117],[-106.23798,43.732107]]]}},{"type":"Feature","properties":{"q":"SESW","ac":39.5},"geometry":{"type":"Polygon","coordinates":[[[-106.218422,43.688771],[-106.223394,43.688629],[-106.223232,43.692218],[-106.218257,43.692359],[-106.218422,43.688771]]]}},{"type":"Feature","properties":{"q":"NENE","ac":39.4},"geometry":{"type":"Polygon","coordinates":[[[-106.208476,43.689057],[-106.20854,43.685473],[-106.213504,43.685329],[-106.213449,43.688914],[-106.208476,43.689057]]]}},{"type":"Feature","properties":{"q":"SENW","ac":39.5},"geometry":{"type":"Polygon","coordinates":[[[-106.217926,43.699535],[-106.218092,43.695947],[-106.223069,43.695808],[-106.222907,43.699397],[-106.217926,43.699535]]]}},{"type":"Feature","properties":{"q":"NENE","ac":40.1},"geometry":{"type":"Polygon","coordinates":[[[-106.227887,43.69926],[-106.232927,43.699254],[-106.232788,43.702846],[-106.227727,43.702851],[-106.227887,43.69926]]]}},{"type":"Feature","properties":{"q":"NWNE","ac":40.2},"geometry":{"type":"Polygon","coordinates":[[[-106.237967,43.699247],[-106.237849,43.702841],[-106.232788,43.702846],[-106.232927,43.699254],[-106.237967,43.699247]]]}},{"type":"Feature","properties":{"q":"NESW","ac":40.3},"geometry":{"type":"Polygon","coordinates":[[[-106.217885,43.710365],[-106.217823,43.706744],[-106.222829,43.706627],[-106.222914,43.710267],[-106.217885,43.710365]]]}},{"type":"Feature","properties":{"q":"SWNW","ac":41.1},"geometry":{"type":"Polygon","coordinates":[[[-106.243292,43.713808],[-106.243165,43.710151],[-106.248239,43.710145],[-106.248373,43.713802],[-106.243292,43.713808]]]}},{"type":"Feature","properties":{"q":"SENE","ac":40.9},"geometry":{"type":"Polygon","coordinates":[[[-106.248307,43.724774],[-106.253375,43.724796],[-106.253279,43.728443],[-106.248212,43.728431],[-106.248307,43.724774]]]}},{"type":"Feature","properties":{"q":"NWSE","ac":40.5},"geometry":{"type":"Polygon","coordinates":[[[-106.212848,43.721253],[-106.217922,43.721206],[-106.217858,43.724822],[-106.212784,43.724853],[-106.212848,43.721253]]]}},{"type":"Feature","properties":{"q":"SENW","ac":40.0},"geometry":{"type":"Polygon","coordinates":[[[-106.243007,43.699241],[-106.237967,43.699247],[-106.238085,43.695653],[-106.243103,43.695645],[-106.243007,43.699241]]]}},{"type":"Feature","properties":{"q":"SENE","ac":40.0},"geometry":{"type":"Polygon","coordinates":[[[-106.233066,43.695661],[-106.232927,43.699254],[-106.227887,43.69926],[-106.228047,43.695668],[-106.233066,43.695661]]]}},{"type":"Feature","properties":{"q":"4","ac":40.7},"geometry":{"type":"Polygon","coordinates":[[[-106.222865,43.72844],[-106.227935,43.728433],[-106.227847,43.732074],[-106.22279,43.732064],[-106.222865,43.72844]]]}},{"type":"Feature","properties":{"q":"6","ac":33.2},"geometry":{"type":"Polygon","coordinates":[[[-106.287648,43.724916],[-106.283551,43.724905],[-106.283509,43.721236],[-106.287594,43.721242],[-106.287648,43.724916]]]}},{"type":"Feature","properties":{"q":"SENE","ac":40.3},"geometry":{"type":"Polygon","coordinates":[[[-106.273482,43.724876],[-106.273466,43.728498],[-106.268421,43.728478],[-106.268459,43.724861],[-106.273482,43.724876]]]}},{"type":"Feature","properties":{"q":"4","ac":41.3},"geometry":{"type":"Polygon","coordinates":[[[-106.24314,43.728439],[-106.248212,43.728431],[-106.248115,43.732126],[-106.243047,43.732117],[-106.24314,43.728439]]]}},{"type":"Feature","properties":{"q":"SWSW","ac":41.0},"geometry":{"type":"Polygon","coordinates":[[[-106.247971,43.702831],[-106.248105,43.706488],[-106.243037,43.706494],[-106.24291,43.702836],[-106.247971,43.702831]]]}},{"type":"Feature","properties":{"q":"2","ac":41.4},"geometry":{"type":"Polygon","coordinates":[[[-106.253182,43.732138],[-106.253279,43.728443],[-106.258347,43.728455],[-106.258249,43.732149],[-106.253182,43.732138]]]}},{"type":"Feature","properties":{"q":"SENW","ac":40.7},"geometry":{"type":"Polygon","coordinates":[[[-106.278295,43.681023],[-106.28333,43.680996],[-106.283328,43.684649],[-106.278294,43.684678],[-106.278295,43.681023]]]}},{"type":"Feature","properties":{"q":"SESW","ac":39.8},"geometry":{"type":"Polygon","coordinates":[[[-106.258635,43.71759],[-106.263587,43.717582],[-106.263519,43.721211],[-106.258539,43.721204],[-106.258635,43.71759]]]}},{"type":"Feature","properties":{"q":"SESW","ac":40.5},"geometry":{"type":"Polygon","coordinates":[[[-106.278498,43.72123],[-106.278492,43.717569],[-106.283466,43.717568],[-106.283509,43.721236],[-106.278498,43.72123]]]}},{"type":"Feature","properties":{"q":"NWSE","ac":40.5},"geometry":{"type":"Polygon","coordinates":[[[-106.278498,43.72123],[-106.278505,43.72489],[-106.273482,43.724876],[-106.273499,43.721224],[-106.278498,43.72123]]]}},{"type":"Feature","properties":{"q":"SWSE","ac":40.5},"geometry":{"type":"Polygon","coordinates":[[[-106.2783,43.691979],[-106.27329,43.692007],[-106.27326,43.688363],[-106.278292,43.688334],[-106.2783,43.691979]]]}},{"type":"Feature","properties":{"q":"NWNE","ac":40.3},"geometry":{"type":"Polygon","coordinates":[[[-106.212911,43.717654],[-106.212896,43.714066],[-106.217947,43.713986],[-106.217985,43.71759],[-106.212911,43.717654]]]}},{"type":"Feature","properties":{"q":"SWNW","ac":40.2},"geometry":{"type":"Polygon","coordinates":[[[-106.268459,43.724861],[-106.268421,43.728478],[-106.263384,43.728466],[-106.263451,43.72484],[-106.268459,43.724861]]]}},{"type":"Feature","properties":{"q":"SWNW","ac":40.9},"geometry":{"type":"Polygon","coordinates":[[[-106.263249,43.695666],[-106.268332,43.695676],[-106.268262,43.699325],[-106.263193,43.699303],[-106.263249,43.695666]]]}},{"type":"Feature","properties":{"q":"SWSE","ac":40.6},"geometry":{"type":"Polygon","coordinates":[[[-106.258635,43.71759],[-106.258539,43.721204],[-106.253473,43.72116],[-106.253571,43.717525],[-106.258635,43.71759]]]}},{"type":"Feature","properties":{"q":"1","ac":33.2},"geometry":{"type":"Polygon","coordinates":[[[-106.283466,43.717568],[-106.283447,43.713901],[-106.287553,43.713895],[-106.28754,43.717567],[-106.283466,43.717568]]]}},{"type":"Feature","properties":{"q":"1","ac":40.8},"geometry":{"type":"Polygon","coordinates":[[[-106.232993,43.728454],[-106.232912,43.732097],[-106.227847,43.732074],[-106.227935,43.728433],[-106.232993,43.728454]]]}},{"type":"Feature","properties":{"q":"NWSE","ac":40.9},"geometry":{"type":"Polygon","coordinates":[[[-106.253162,43.706523],[-106.258219,43.706557],[-106.258357,43.71021],[-106.253298,43.710178],[-106.253162,43.706523]]]}},{"type":"Feature","properties":{"q":"NWNE","ac":41.2},"geometry":{"type":"Polygon","coordinates":[[[-106.253434,43.713851],[-106.258496,43.7139],[-106.258635,43.71759],[-106.253571,43.717525],[-106.253434,43.713851]]]}},{"type":"Feature","properties":{"q":"SENE","ac":39.6},"geometry":{"type":"Polygon","coordinates":[[[-106.233376,43.684883],[-106.228399,43.684895],[-106.22843,43.681304],[-106.233409,43.68129],[-106.233376,43.684883]]]}},{"type":"Feature","properties":{"q":"NENW","ac":41.1},"geometry":{"type":"Polygon","coordinates":[[[-106.238332,43.717472],[-106.238211,43.713814],[-106.243292,43.713808],[-106.243419,43.717465],[-106.238332,43.717472]]]}},{"type":"Feature","properties":{"q":"NWNE","ac":39.4},"geometry":{"type":"Polygon","coordinates":[[[-106.213449,43.688914],[-106.213504,43.685329],[-106.218469,43.685184],[-106.218422,43.688771],[-106.213449,43.688914]]]}},{"type":"Feature","properties":{"q":"SENE","ac":40.1},"geometry":{"type":"Polygon","coordinates":[[[-106.253085,43.699257],[-106.248046,43.699234],[-106.248122,43.695637],[-106.253144,43.695647],[-106.253085,43.699257]]]}},{"type":"Feature","properties":{"q":"SENW","ac":39.6},"geometry":{"type":"Polygon","coordinates":[[[-106.243332,43.684858],[-106.238354,43.68487],[-106.238389,43.681276],[-106.243368,43.681262],[-106.243332,43.684858]]]}},{"type":"Feature","properties":{"q":"SWNW","ac":41.1},"geometry":{"type":"Polygon","coordinates":[[[-106.222865,43.72844],[-106.222941,43.724791],[-106.228023,43.72476],[-106.227935,43.728433],[-106.222865,43.72844]]]}},{"type":"Feature","properties":{"q":"NESE","ac":41.0},"geometry":{"type":"Polygon","coordinates":[[[-106.228085,43.721106],[-106.23316,43.721137],[-106.233075,43.724795],[-106.228023,43.72476],[-106.228085,43.721106]]]}},{"type":"Feature","properties":{"q":"2","ac":34.5},"geometry":{"type":"Polygon","coordinates":[[[-106.287597,43.680973],[-106.287599,43.684624],[-106.283328,43.684649],[-106.28333,43.680996],[-106.287597,43.680973]]]}},{"type":"Feature","properties":{"q":"SESE","ac":39.7},"geometry":{"type":"Polygon","coordinates":[[[-106.228367,43.688486],[-106.233344,43.688475],[-106.233205,43.692068],[-106.228207,43.692077],[-106.228367,43.688486]]]}},{"type":"Feature","properties":{"q":"SENW","ac":40.0},"geometry":{"type":"Polygon","coordinates":[[[-106.258288,43.681162],[-106.263259,43.681119],[-106.263249,43.684762],[-106.258269,43.68479],[-106.258288,43.681162]]]}},{"type":"Feature","properties":{"q":"SENW","ac":41.1},"geometry":{"type":"Polygon","coordinates":[[[-106.238156,43.724788],[-106.243231,43.724781],[-106.24314,43.728439],[-106.238068,43.728447],[-106.238156,43.724788]]]}},{"type":"Feature","properties":{"q":"2","ac":34.2},"geometry":{"type":"Polygon","coordinates":[[[-106.287596,43.699228],[-106.283374,43.699249],[-106.283358,43.695599],[-106.287598,43.695577],[-106.287596,43.699228]]]}},{"type":"Feature","properties":{"q":"NWSW","ac":41.0},"geometry":{"type":"Polygon","coordinates":[[[-106.243037,43.706494],[-106.248105,43.706488],[-106.248239,43.710145],[-106.243165,43.710151],[-106.243037,43.706494]]]}},{"type":"Feature","properties":{"q":"SESW","ac":40.8},"geometry":{"type":"Polygon","coordinates":[[[-106.263137,43.702939],[-106.263249,43.706591],[-106.258219,43.706557],[-106.258082,43.702903],[-106.263137,43.702939]]]}},{"type":"Feature","properties":{"q":"SWSE","ac":40.5},"geometry":{"type":"Polygon","coordinates":[[[-106.217985,43.71759],[-106.217922,43.721206],[-106.212848,43.721253],[-106.212911,43.717654],[-106.217985,43.71759]]]}},{"type":"Feature","properties":{"q":"SESE","ac":40.9},"geometry":{"type":"Polygon","coordinates":[[[-106.253162,43.706523],[-106.248105,43.706488],[-106.247971,43.702831],[-106.253026,43.702867],[-106.253162,43.706523]]]}},{"type":"Feature","properties":{"q":"NESE","ac":40.9},"geometry":{"type":"Polygon","coordinates":[[[-106.248407,43.721116],[-106.253473,43.72116],[-106.253375,43.724796],[-106.248307,43.724774],[-106.248407,43.721116]]]}},{"type":"Feature","properties":{"q":"SWSE","ac":41.0},"geometry":{"type":"Polygon","coordinates":[[[-106.232902,43.706504],[-106.232788,43.702846],[-106.237849,43.702841],[-106.23797,43.706499],[-106.232902,43.706504]]]}},{"type":"Feature","properties":{"q":"SENW","ac":40.5},"geometry":{"type":"Polygon","coordinates":[[[-106.217947,43.713986],[-106.217885,43.710365],[-106.222914,43.710267],[-106.222998,43.713906],[-106.217947,43.713986]]]}},{"type":"Feature","properties":{"q":"NWSE","ac":41.0},"geometry":{"type":"Polygon","coordinates":[[[-106.233016,43.710163],[-106.232902,43.706504],[-106.23797,43.706499],[-106.23809,43.710157],[-106.233016,43.710163]]]}},{"type":"Feature","properties":{"q":"NESW","ac":39.5},"geometry":{"type":"Polygon","coordinates":[[[-106.218257,43.692359],[-106.223232,43.692218],[-106.223069,43.695808],[-106.218092,43.695947],[-106.218257,43.692359]]]}},{"type":"Feature","properties":{"q":"SESW","ac":39.7},"geometry":{"type":"Polygon","coordinates":[[[-106.2432,43.692049],[-106.238202,43.692058],[-106.23832,43.688464],[-106.243297,43.688453],[-106.2432,43.692049]]]}},{"type":"Feature","properties":{"q":"NESE","ac":40.0},"geometry":{"type":"Polygon","coordinates":[[[-106.248122,43.695637],[-106.248198,43.692039],[-106.253203,43.692038],[-106.253144,43.695647],[-106.248122,43.695637]]]}},{"type":"Feature","properties":{"q":"1","ac":34.0},"geometry":{"type":"Polygon","coordinates":[[[-106.287595,43.702879],[-106.28339,43.702899],[-106.283374,43.699249],[-106.287596,43.699228],[-106.287595,43.702879]]]}},{"type":"Feature","properties":{"q":"SENE","ac":40.8},"geometry":{"type":"Polygon","coordinates":[[[-106.273261,43.684706],[-106.268228,43.684734],[-106.268229,43.681075],[-106.273262,43.681049],[-106.273261,43.684706]]]}},{"type":"Feature","properties":{"q":"SENE","ac":41.0},"geometry":{"type":"Polygon","coordinates":[[[-106.253298,43.710178],[-106.253434,43.713851],[-106.248373,43.713802],[-106.248239,43.710145],[-106.253298,43.710178]]]}},{"type":"Feature","properties":{"q":"SWSE","ac":40.4},"geometry":{"type":"Polygon","coordinates":[[[-106.278492,43.717569],[-106.278498,43.72123],[-106.273499,43.721224],[-106.273516,43.717571],[-106.278492,43.717569]]]}},{"type":"Feature","properties":{"q":"NWSW","ac":39.9},"geometry":{"type":"Polygon","coordinates":[[[-106.248122,43.695637],[-106.243103,43.695645],[-106.2432,43.692049],[-106.248198,43.692039],[-106.248122,43.695637]]]}},{"type":"Feature","properties":{"q":"3","ac":41.3},"geometry":{"type":"Polygon","coordinates":[[[-106.263316,43.732161],[-106.258249,43.732149],[-106.258347,43.728455],[-106.263384,43.728466],[-106.263316,43.732161]]]}},{"type":"Feature","properties":{"q":"SWNE","ac":39.4},"geometry":{"type":"Polygon","coordinates":[[[-106.213559,43.681743],[-106.218516,43.681597],[-106.218469,43.685184],[-106.213504,43.685329],[-106.213559,43.681743]]]}},{"type":"Feature","properties":{"q":"SENW","ac":40.8},"geometry":{"type":"Polygon","coordinates":[[[-106.283374,43.699249],[-106.278316,43.699274],[-106.278308,43.695625],[-106.283358,43.695599],[-106.283374,43.699249]]]}},{"type":"Feature","properties":{"q":"SESW","ac":40.7},"geometry":{"type":"Polygon","coordinates":[[[-106.2783,43.691979],[-106.278292,43.688334],[-106.283325,43.688302],[-106.283342,43.691951],[-106.2783,43.691979]]]}},{"type":"Feature","properties":{"q":"SESE","ac":40.3},"geometry":{"type":"Polygon","coordinates":[[[-106.268539,43.717573],[-106.273516,43.717571],[-106.273499,43.721224],[-106.268499,43.721217],[-106.268539,43.717573]]]}},{"type":"Feature","properties":{"q":"SENW","ac":40.6},"geometry":{"type":"Polygon","coordinates":[[[-106.278505,43.72489],[-106.283551,43.724905],[-106.283569,43.728538],[-106.278512,43.728517],[-106.278505,43.72489]]]}},{"type":"Feature","properties":{"q":"NESW","ac":40.5},"geometry":{"type":"Polygon","coordinates":[[[-106.258219,43.706557],[-106.263249,43.706591],[-106.263361,43.710242],[-106.258357,43.71021],[-106.258219,43.706557]]]}},{"type":"Feature","properties":{"q":"SWNE","ac":41.1},"geometry":{"type":"Polygon","coordinates":[[[-106.23313,43.71382],[-106.233016,43.710163],[-106.23809,43.710157],[-106.238211,43.713814],[-106.23313,43.71382]]]}},{"type":"Feature","properties":{"q":"NENE","ac":41.0},"geometry":{"type":"Polygon","coordinates":[[[-106.23313,43.71382],[-106.233245,43.717478],[-106.228148,43.717453],[-106.22805,43.713826],[-106.23313,43.71382]]]}},{"type":"Feature","properties":{"q":"SENW","ac":40.8},"geometry":{"type":"Polygon","coordinates":[[[-106.217858,43.724822],[-106.222941,43.724791],[-106.222865,43.72844],[-106.217794,43.728447],[-106.217858,43.724822]]]}},{"type":"Feature","properties":{"q":"NENW","ac":40.7},"geometry":{"type":"Polygon","coordinates":[[[-106.258082,43.702903],[-106.258124,43.69928],[-106.263193,43.699303],[-106.263137,43.702939],[-106.258082,43.702903]]]}},{"type":"Feature","properties":{"q":"SESE","ac":41.1},"geometry":{"type":"Polygon","coordinates":[[[-106.228148,43.717453],[-106.233245,43.717478],[-106.23316,43.721137],[-106.228085,43.721106],[-106.228148,43.717453]]]}},{"type":"Feature","properties":{"q":"NENW","ac":39.5},"geometry":{"type":"Polygon","coordinates":[[[-106.222907,43.699397],[-106.222744,43.702987],[-106.217761,43.703123],[-106.217926,43.699535],[-106.222907,43.699397]]]}},{"type":"Feature","properties":{"q":"SWSE","ac":40.9},"geometry":{"type":"Polygon","coordinates":[[[-106.253026,43.702867],[-106.258082,43.702903],[-106.258219,43.706557],[-106.253162,43.706523],[-106.253026,43.702867]]]}},{"type":"Feature","properties":{"q":"NESE","ac":40.7},"geometry":{"type":"Polygon","coordinates":[[[-106.26828,43.706624],[-106.273323,43.706605],[-106.273387,43.710261],[-106.268366,43.710274],[-106.26828,43.706624]]]}},{"type":"Feature","properties":{"q":"SWNW","ac":40.2},"geometry":{"type":"Polygon","coordinates":[[[-106.263259,43.681119],[-106.268229,43.681075],[-106.268228,43.684734],[-106.263249,43.684762],[-106.263259,43.681119]]]}},{"type":"Feature","properties":{"q":"NENW","ac":40.4},"geometry":{"type":"Polygon","coordinates":[[[-106.263474,43.713912],[-106.263587,43.717582],[-106.258635,43.71759],[-106.258496,43.7139],[-106.263474,43.713912]]]}},{"type":"Feature","properties":{"q":"NENE","ac":39.5},"geometry":{"type":"Polygon","coordinates":[[[-106.207795,43.703394],[-106.207965,43.69981],[-106.212946,43.699673],[-106.212778,43.703258],[-106.207795,43.703394]]]}},{"type":"Feature","properties":{"q":"SWNE","ac":39.9},"geometry":{"type":"Polygon","coordinates":[[[-106.253318,43.681205],[-106.258288,43.681162],[-106.258269,43.68479],[-106.25329,43.684817],[-106.253318,43.681205]]]}},{"type":"Feature","properties":{"q":"1","ac":41.2},"geometry":{"type":"Polygon","coordinates":[[[-106.268383,43.732172],[-106.268421,43.728478],[-106.273466,43.728498],[-106.273451,43.732177],[-106.268383,43.732172]]]}},{"type":"Feature","properties":{"q":"SWNE","ac":40.3},"geometry":{"type":"Polygon","coordinates":[[[-106.258124,43.69928],[-106.253085,43.699257],[-106.253144,43.695647],[-106.258166,43.695656],[-106.258124,43.69928]]]}},{"type":"Feature","properties":{"q":"NESE","ac":40.3},"geometry":{"type":"Polygon","coordinates":[[[-106.27329,43.692007],[-106.27332,43.69565],[-106.268332,43.695676],[-106.26828,43.692034],[-106.27329,43.692007]]]}},{"type":"Feature","properties":{"q":"SWSW","ac":40.3},"geometry":{"type":"Polygon","coordinates":[[[-106.268228,43.688392],[-106.26828,43.692034],[-106.263244,43.692036],[-106.263239,43.688405],[-106.268228,43.688392]]]}},{"type":"Feature","properties":{"q":"SESE","ac":40.5},"geometry":{"type":"Polygon","coordinates":[[[-106.27326,43.688363],[-106.27329,43.692007],[-106.26828,43.692034],[-106.268228,43.688392],[-106.27326,43.688363]]]}},{"type":"Feature","properties":{"q":"4","ac":34.5},"geometry":{"type":"Polygon","coordinates":[[[-106.283325,43.688302],[-106.287601,43.688275],[-106.2876,43.691926],[-106.283342,43.691951],[-106.283325,43.688302]]]}},{"type":"Feature","properties":{"q":"SWNE","ac":40.7},"geometry":{"type":"Polygon","coordinates":[[[-106.273261,43.684706],[-106.273262,43.681049],[-106.278295,43.681023],[-106.278294,43.684678],[-106.273261,43.684706]]]}},{"type":"Feature","properties":{"q":"NWSE","ac":39.8},"geometry":{"type":"Polygon","coordinates":[[[-106.233205,43.692068],[-106.238202,43.692058],[-106.238085,43.695653],[-106.233066,43.695661],[-106.233205,43.692068]]]}},{"type":"Feature","properties":{"q":"NENE","ac":40.3},"geometry":{"type":"Polygon","coordinates":[[[-106.247971,43.702831],[-106.248046,43.699234],[-106.253085,43.699257],[-106.253026,43.702867],[-106.247971,43.702831]]]}},{"type":"Feature","properties":{"q":"SENE","ac":41.0},"geometry":{"type":"Polygon","coordinates":[[[-106.228023,43.72476],[-106.233075,43.724795],[-106.232993,43.728454],[-106.227935,43.728433],[-106.228023,43.72476]]]}},{"type":"Feature","properties":{"q":"SENE","ac":39.5},"geometry":{"type":"Polygon","coordinates":[[[-106.212946,43.699673],[-106.207965,43.69981],[-106.208136,43.696226],[-106.213114,43.696087],[-106.212946,43.699673]]]}},{"type":"Feature","properties":{"q":"SENW","ac":40.6},"geometry":{"type":"Polygon","coordinates":[[[-106.258357,43.71021],[-106.263361,43.710242],[-106.263474,43.713912],[-106.258496,43.7139],[-106.258357,43.71021]]]}},{"type":"Feature","properties":{"q":"SESE","ac":40.9},"geometry":{"type":"Polygon","coordinates":[[[-106.253571,43.717525],[-106.253473,43.72116],[-106.248407,43.721116],[-106.248507,43.717459],[-106.253571,43.717525]]]}},{"type":"Feature","properties":{"q":"NESW","ac":40.8},"geometry":{"type":"Polygon","coordinates":[[[-106.283409,43.706567],[-106.283428,43.710234],[-106.278408,43.710248],[-106.278366,43.706586],[-106.283409,43.706567]]]}},{"type":"Feature","properties":{"q":"5","ac":32.9},"geometry":{"type":"Polygon","coordinates":[[[-106.283551,43.724905],[-106.287648,43.724916],[-106.287657,43.728555],[-106.283569,43.728538],[-106.283551,43.724905]]]}},{"type":"Feature","properties":{"q":"NWSE","ac":40.7},"geometry":{"type":"Polygon","coordinates":[[[-106.278366,43.706586],[-106.278408,43.710248],[-106.273387,43.710261],[-106.273323,43.706605],[-106.278366,43.706586]]]}},{"type":"Feature","properties":{"q":"SWNW","ac":39.4},"geometry":{"type":"Polygon","coordinates":[[[-106.208603,43.681889],[-106.20854,43.685473],[-106.203548,43.685712],[-106.203617,43.682147],[-106.208603,43.681889]]]}},{"type":"Feature","properties":{"q":"SWNW","ac":39.6},"geometry":{"type":"Polygon","coordinates":[[[-106.243368,43.681262],[-106.248347,43.681247],[-106.24831,43.684845],[-106.243332,43.684858],[-106.243368,43.681262]]]}},{"type":"Feature","properties":{"q":"NWNE","ac":39.5},"geometry":{"type":"Polygon","coordinates":[[[-106.217926,43.699535],[-106.217761,43.703123],[-106.212778,43.703258],[-106.212946,43.699673],[-106.217926,43.699535]]]}},{"type":"Feature","properties":{"q":"NWNE","ac":40.7},"geometry":{"type":"Polygon","coordinates":[[[-106.27326,43.688363],[-106.273261,43.684706],[-106.278294,43.684678],[-106.278292,43.688334],[-106.27326,43.688363]]]}},{"type":"Feature","properties":{"q":"SWSE","ac":39.9},"geometry":{"type":"Polygon","coordinates":[[[-106.217761,43.703123],[-106.217823,43.706744],[-106.212817,43.706861],[-106.212778,43.703258],[-106.217761,43.703123]]]}},{"type":"Feature","properties":{"q":"NENE","ac":40.3},"geometry":{"type":"Polygon","coordinates":[[[-106.273451,43.713916],[-106.273516,43.717571],[-106.268539,43.717573],[-106.268453,43.713924],[-106.273451,43.713916]]]}},{"type":"Feature","properties":{"q":"SESW","ac":41.0},"geometry":{"type":"Polygon","coordinates":[[[-106.278366,43.706586],[-106.278325,43.702924],[-106.28339,43.702899],[-106.283409,43.706567],[-106.278366,43.706586]]]}},{"type":"Feature","properties":{"q":"NENE","ac":41.0},"geometry":{"type":"Polygon","coordinates":[[[-106.248373,43.713802],[-106.253434,43.713851],[-106.253571,43.717525],[-106.248507,43.717459],[-106.248373,43.713802]]]}},{"type":"Feature","properties":{"q":"SWNE","ac":40.4},"geometry":{"type":"Polygon","coordinates":[[[-106.278316,43.699274],[-106.273289,43.6993],[-106.27332,43.69565],[-106.278308,43.695625],[-106.278316,43.699274]]]}},{"type":"Feature","properties":{"q":"NWSE","ac":39.5},"geometry":{"type":"Polygon","coordinates":[[[-106.218257,43.692359],[-106.218092,43.695947],[-106.213114,43.696087],[-106.213281,43.692501],[-106.218257,43.692359]]]}},{"type":"Feature","properties":{"q":"NWNE","ac":39.9},"geometry":{"type":"Polygon","coordinates":[[[-106.25329,43.684817],[-106.258269,43.68479],[-106.258251,43.688417],[-106.253262,43.68843],[-106.25329,43.684817]]]}},{"type":"Feature","properties":{"q":"SWNE","ac":40.4},"geometry":{"type":"Polygon","coordinates":[[[-106.273482,43.724876],[-106.278505,43.72489],[-106.278512,43.728517],[-106.273466,43.728498],[-106.273482,43.724876]]]}},{"type":"Feature","properties":{"q":"NESE","ac":41.1},"geometry":{"type":"Polygon","coordinates":[[[-106.227942,43.710168],[-106.227835,43.706509],[-106.232902,43.706504],[-106.233016,43.710163],[-106.227942,43.710168]]]}},{"type":"Feature","properties":{"q":"NESE","ac":39.4},"geometry":{"type":"Polygon","coordinates":[[[-106.208136,43.696226],[-106.208306,43.692641],[-106.213281,43.692501],[-106.213114,43.696087],[-106.208136,43.696226]]]}},{"type":"Feature","properties":{"q":"NENE","ac":40.8},"geometry":{"type":"Polygon","coordinates":[[[-106.268262,43.699325],[-106.273289,43.6993],[-106.273259,43.702949],[-106.268193,43.702975],[-106.268262,43.699325]]]}},{"type":"Feature","properties":{"q":"NWSE","ac":41.1},"geometry":{"type":"Polygon","coordinates":[[[-106.238244,43.72113],[-106.238156,43.724788],[-106.233075,43.724795],[-106.23316,43.721137],[-106.238244,43.72113]]]}},{"type":"Feature","properties":{"q":"NWNW","ac":40.8},"geometry":{"type":"Polygon","coordinates":[[[-106.263193,43.699303],[-106.268262,43.699325],[-106.268193,43.702975],[-106.263137,43.702939],[-106.263193,43.699303]]]}},{"type":"Feature","properties":{"q":"NWNW","ac":39.5},"geometry":{"type":"Polygon","coordinates":[[[-106.227887,43.69926],[-106.227727,43.702851],[-106.222744,43.702987],[-106.222907,43.699397],[-106.227887,43.69926]]]}},{"type":"Feature","properties":{"q":"SESE","ac":39.9},"geometry":{"type":"Polygon","coordinates":[[[-106.248273,43.688442],[-106.253262,43.68843],[-106.253203,43.692038],[-106.248198,43.692039],[-106.248273,43.688442]]]}},{"type":"Feature","properties":{"q":"NESW","ac":39.0},"geometry":{"type":"Polygon","coordinates":[[[-106.177534,43.721586],[-106.182591,43.72156],[-106.182476,43.725054],[-106.177415,43.725063],[-106.177534,43.721586]]]}},{"type":"Feature","properties":{"q":"NWNW","ac":39.5},"geometry":{"type":"Polygon","coordinates":[[[-106.207844,43.714146],[-106.207838,43.717718],[-106.202835,43.717803],[-106.202836,43.714238],[-106.207844,43.714146]]]}},{"type":"Feature","properties":{"q":"SENE","ac":38.6},"geometry":{"type":"Polygon","coordinates":[[[-106.167294,43.72508],[-106.172355,43.725072],[-106.172233,43.728531],[-106.167168,43.728521],[-106.167294,43.72508]]]}},{"type":"Feature","properties":{"q":"NENW","ac":38.9},"geometry":{"type":"Polygon","coordinates":[[[-106.182774,43.714573],[-106.182706,43.718066],[-106.177652,43.71811],[-106.177739,43.714634],[-106.182774,43.714573]]]}},{"type":"Feature","properties":{"q":"SWSW","ac":38.6},"geometry":{"type":"Polygon","coordinates":[[[-106.188486,43.68994],[-106.188354,43.69345],[-106.183365,43.693615],[-106.183494,43.690121],[-106.188486,43.68994]]]}},{"type":"Feature","properties":{"q":"SESW","ac":39.1},"geometry":{"type":"Polygon","coordinates":[[[-106.202836,43.703541],[-106.202836,43.707107],[-106.19786,43.707235],[-106.197877,43.703688],[-106.202836,43.703541]]]}},{"type":"Feature","properties":{"q":"NENE","ac":38.6},"geometry":{"type":"Polygon","coordinates":[[[-106.19306,43.700306],[-106.192918,43.703835],[-106.187959,43.703981],[-106.188091,43.700471],[-106.19306,43.700306]]]}},{"type":"Feature","properties":{"q":"NWSW","ac":39.4},"geometry":{"type":"Polygon","coordinates":[[[-106.207812,43.706978],[-106.207828,43.710562],[-106.202836,43.710672],[-106.202836,43.707107],[-106.207812,43.706978]]]}},{"type":"Feature","properties":{"q":"NWNE","ac":38.2},"geometry":{"type":"Polygon","coordinates":[[[-106.178503,43.690303],[-106.173511,43.690485],[-106.173625,43.687027],[-106.178607,43.686828],[-106.178503,43.690303]]]}},{"type":"Feature","properties":{"q":"SWNW","ac":38.9},"geometry":{"type":"Polygon","coordinates":[[[-106.182842,43.71108],[-106.187859,43.711002],[-106.187809,43.714512],[-106.182774,43.714573],[-106.182842,43.71108]]]}},{"type":"Feature","properties":{"q":"SENE","ac":38.0},"geometry":{"type":"Polygon","coordinates":[[[-106.173738,43.683568],[-106.173625,43.687027],[-106.168642,43.687226],[-106.168765,43.683785],[-106.173738,43.683568]]]}},{"type":"Feature","properties":{"q":"SWNW","ac":38.6},"geometry":{"type":"Polygon","coordinates":[[[-106.188223,43.696961],[-106.188091,43.700471],[-106.183108,43.700601],[-106.183237,43.697108],[-106.188223,43.696961]]]}},{"type":"Feature","properties":{"q":"SWNW","ac":39.9},"geometry":{"type":"Polygon","coordinates":[[[-106.207654,43.728467],[-106.202599,43.7285],[-106.202677,43.724934],[-106.207711,43.724884],[-106.207654,43.728467]]]}},{"type":"Feature","properties":{"q":"NESE","ac":38.2},"geometry":{"type":"Polygon","coordinates":[[[-106.172913,43.707778],[-106.172808,43.711237],[-106.167792,43.711315],[-106.167915,43.707873],[-106.172913,43.707778]]]}},{"type":"Feature","properties":{"q":"NESW","ac":39.2},"geometry":{"type":"Polygon","coordinates":[[[-106.19833,43.693046],[-106.203318,43.692844],[-106.203158,43.69641],[-106.198179,43.696594],[-106.19833,43.693046]]]}},{"type":"Feature","properties":{"q":"SENW","ac":38.4},"geometry":{"type":"Polygon","coordinates":[[[-106.183237,43.697108],[-106.183108,43.700601],[-106.178125,43.700731],[-106.178251,43.697255],[-106.183237,43.697108]]]}},{"type":"Feature","properties":{"q":"NENW","ac":39.5},"geometry":{"type":"Polygon","coordinates":[[[-106.197827,43.714329],[-106.202836,43.714238],[-106.202835,43.717803],[-106.19781,43.717876],[-106.197827,43.714329]]]}},{"type":"Feature","properties":{"q":"3","ac":39.6},"geometry":{"type":"Polygon","coordinates":[[[-106.197542,43.728519],[-106.202599,43.7285],[-106.202522,43.732048],[-106.197453,43.732036],[-106.197542,43.728519]]]}},{"type":"Feature","properties":{"q":"NWSE","ac":39.0},"geometry":{"type":"Polygon","coordinates":[[[-106.19786,43.707235],[-106.197844,43.710782],[-106.192851,43.710892],[-106.192885,43.707364],[-106.19786,43.707235]]]}},{"type":"Feature","properties":{"q":"NENE","ac":38.9},"geometry":{"type":"Polygon","coordinates":[[[-106.193564,43.68619],[-106.193483,43.689719],[-106.188486,43.68994],[-106.188572,43.686429],[-106.193564,43.68619]]]}},{"type":"Feature","properties":{"q":"SWNW","ac":38.5},"geometry":{"type":"Polygon","coordinates":[[[-106.183685,43.683135],[-106.188659,43.682919],[-106.188572,43.686429],[-106.18359,43.686628],[-106.183685,43.683135]]]}},{"type":"Feature","properties":{"q":"SENW","ac":39.3},"geometry":{"type":"Polygon","coordinates":[[[-106.202836,43.710672],[-106.202836,43.714238],[-106.197827,43.714329],[-106.197844,43.710782],[-106.202836,43.710672]]]}},{"type":"Feature","properties":{"q":"NENW","ac":38.4},"geometry":{"type":"Polygon","coordinates":[[[-106.177999,43.704207],[-106.178125,43.700731],[-106.183108,43.700601],[-106.182979,43.704094],[-106.177999,43.704207]]]}},{"type":"Feature","properties":{"q":"NESW","ac":39.7},"geometry":{"type":"Polygon","coordinates":[[[-106.202756,43.721369],[-106.202677,43.724934],[-106.197631,43.724971],[-106.197721,43.721424],[-106.202756,43.721369]]]}},{"type":"Feature","properties":{"q":"SWSW","ac":39.3},"geometry":{"type":"Polygon","coordinates":[[[-106.202836,43.707107],[-106.202836,43.703541],[-106.207795,43.703394],[-106.207812,43.706978],[-106.202836,43.707107]]]}},{"type":"Feature","properties":{"q":"SESE","ac":38.8},"geometry":{"type":"Polygon","coordinates":[[[-106.193342,43.693248],[-106.188354,43.69345],[-106.188486,43.68994],[-106.193483,43.689719],[-106.193342,43.693248]]]}},{"type":"Feature","properties":{"q":"SWSW","ac":38.6},"geometry":{"type":"Polygon","coordinates":[[[-106.187959,43.703981],[-106.187909,43.707492],[-106.182911,43.707587],[-106.182979,43.704094],[-106.187959,43.703981]]]}},{"type":"Feature","properties":{"q":"SWNE","ac":38.8},"geometry":{"type":"Polygon","coordinates":[[[-106.172355,43.725072],[-106.177415,43.725063],[-106.177297,43.728539],[-106.172233,43.728531],[-106.172355,43.725072]]]}},{"type":"Feature","properties":{"q":"1","ac":38.9},"geometry":{"type":"Polygon","coordinates":[[[-106.187425,43.728557],[-106.192484,43.728538],[-106.192385,43.732024],[-106.187316,43.732012],[-106.187425,43.728557]]]}},{"type":"Feature","properties":{"q":"NWNW","ac":38.6},"geometry":{"type":"Polygon","coordinates":[[[-106.182979,43.704094],[-106.183108,43.700601],[-106.188091,43.700471],[-106.187959,43.703981],[-106.182979,43.704094]]]}},{"type":"Feature","properties":{"q":"NESW","ac":38.6},"geometry":{"type":"Polygon","coordinates":[[[-106.182911,43.707587],[-106.182842,43.71108],[-106.177825,43.711159],[-106.177912,43.707683],[-106.182911,43.707587]]]}},{"type":"Feature","properties":{"q":"NENE","ac":38.0},"geometry":{"type":"Polygon","coordinates":[[[-106.173625,43.687027],[-106.173511,43.690485],[-106.16852,43.690667],[-106.168642,43.687226],[-106.173625,43.687027]]]}},{"type":"Feature","properties":{"q":"SWSE","ac":38.9},"geometry":{"type":"Polygon","coordinates":[[[-106.192918,43.703835],[-106.197877,43.703688],[-106.19786,43.707235],[-106.192885,43.707364],[-106.192918,43.703835]]]}},{"type":"Feature","properties":{"q":"SENE","ac":38.7},"geometry":{"type":"Polygon","coordinates":[[[-106.188223,43.696961],[-106.193201,43.696777],[-106.19306,43.700306],[-106.188091,43.700471],[-106.188223,43.696961]]]}},{"type":"Feature","properties":{"q":"SWNE","ac":38.2},"geometry":{"type":"Polygon","coordinates":[[[-106.173265,43.697403],[-106.178251,43.697255],[-106.178125,43.700731],[-106.173142,43.700861],[-106.173265,43.697403]]]}},{"type":"Feature","properties":{"q":"SENW","ac":38.3},"geometry":{"type":"Polygon","coordinates":[[[-106.178712,43.683352],[-106.183685,43.683135],[-106.18359,43.686628],[-106.178607,43.686828],[-106.178712,43.683352]]]}},{"type":"Feature","properties":{"q":"NWSW","ac":38.8},"geometry":{"type":"Polygon","coordinates":[[[-106.187859,43.711002],[-106.182842,43.71108],[-106.182911,43.707587],[-106.187909,43.707492],[-106.187859,43.711002]]]}},{"type":"Feature","properties":{"q":"SESW","ac":39.2},"geometry":{"type":"Polygon","coordinates":[[[-106.198481,43.689498],[-106.203479,43.689278],[-106.203318,43.692844],[-106.19833,43.693046],[-106.198481,43.689498]]]}},{"type":"Feature","properties":{"q":"SWSE","ac":39.0},"geometry":{"type":"Polygon","coordinates":[[[-106.198481,43.689498],[-106.19833,43.693046],[-106.193342,43.693248],[-106.193483,43.689719],[-106.198481,43.689498]]]}},{"type":"Feature","properties":{"q":"NWNE","ac":38.2},"geometry":{"type":"Polygon","coordinates":[[[-106.177999,43.704207],[-106.173018,43.704319],[-106.173142,43.700861],[-106.178125,43.700731],[-106.177999,43.704207]]]}},{"type":"Feature","properties":{"q":"NWNW","ac":39.1},"geometry":{"type":"Polygon","coordinates":[[[-106.187809,43.714512],[-106.187759,43.718022],[-106.182706,43.718066],[-106.182774,43.714573],[-106.187809,43.714512]]]}},{"type":"Feature","properties":{"q":"SESW","ac":39.6},"geometry":{"type":"Polygon","coordinates":[[[-106.202835,43.717803],[-106.202756,43.721369],[-106.197721,43.721424],[-106.19781,43.717876],[-106.202835,43.717803]]]}},{"type":"Feature","properties":{"q":"NWSE","ac":38.2},"geometry":{"type":"Polygon","coordinates":[[[-106.173388,43.693944],[-106.178377,43.693779],[-106.178251,43.697255],[-106.173265,43.697403],[-106.173388,43.693944]]]}},{"type":"Feature","properties":{"q":"NWNE","ac":39.1},"geometry":{"type":"Polygon","coordinates":[[[-106.198556,43.685951],[-106.198481,43.689498],[-106.193483,43.689719],[-106.193564,43.68619],[-106.198556,43.685951]]]}},{"type":"Feature","properties":{"q":"SWSE","ac":38.3},"geometry":{"type":"Polygon","coordinates":[[[-106.177999,43.704207],[-106.177912,43.707683],[-106.172913,43.707778],[-106.173018,43.704319],[-106.177999,43.704207]]]}},{"type":"Feature","properties":{"q":"NWSE","ac":39.0},"geometry":{"type":"Polygon","coordinates":[[[-106.19833,43.693046],[-106.198179,43.696594],[-106.193201,43.696777],[-106.193342,43.693248],[-106.19833,43.693046]]]}},{"type":"Feature","properties":{"q":"NWSW","ac":39.2},"geometry":{"type":"Polygon","coordinates":[[[-106.182591,43.72156],[-106.187648,43.721534],[-106.187536,43.725045],[-106.182476,43.725054],[-106.182591,43.72156]]]}},{"type":"Feature","properties":{"q":"SENE","ac":39.4},"geometry":{"type":"Polygon","coordinates":[[[-106.187536,43.725045],[-106.192584,43.725008],[-106.192484,43.728538],[-106.187425,43.728557],[-106.187536,43.725045]]]}},{"type":"Feature","properties":{"q":"SENW","ac":39.1},"geometry":{"type":"Polygon","coordinates":[[[-106.203158,43.69641],[-106.202997,43.699975],[-106.198028,43.700141],[-106.198179,43.696594],[-106.203158,43.69641]]]}},{"type":"Feature","properties":{"q":"NESE","ac":38.0},"geometry":{"type":"Polygon","coordinates":[[[-106.173388,43.693944],[-106.173265,43.697403],[-106.168279,43.697549],[-106.168399,43.694108],[-106.173388,43.693944]]]}},{"type":"Feature","properties":{"q":"NENW","ac":39.3},"geometry":{"type":"Polygon","coordinates":[[[-106.198556,43.685951],[-106.203548,43.685712],[-106.203479,43.689278],[-106.198481,43.689498],[-106.198556,43.685951]]]}},{"type":"Feature","properties":{"q":"NWNW","ac":38.6},"geometry":{"type":"Polygon","coordinates":[[[-106.18359,43.686628],[-106.188572,43.686429],[-106.188486,43.68994],[-106.183494,43.690121],[-106.18359,43.686628]]]}},{"type":"Feature","properties":{"q":"NESE","ac":38.8},"geometry":{"type":"Polygon","coordinates":[[[-106.193342,43.693248],[-106.193201,43.696777],[-106.188223,43.696961],[-106.188354,43.69345],[-106.193342,43.693248]]]}},{"type":"Feature","properties":{"q":"SESE","ac":38.6},"geometry":{"type":"Polygon","coordinates":[[[-106.167545,43.718197],[-106.172599,43.718154],[-106.172477,43.721613],[-106.16742,43.721639],[-106.167545,43.718197]]]}},{"type":"Feature","properties":{"q":"SESE","ac":38.1},"geometry":{"type":"Polygon","coordinates":[[[-106.173511,43.690485],[-106.173388,43.693944],[-106.168399,43.694108],[-106.16852,43.690667],[-106.173511,43.690485]]]}},{"type":"Feature","properties":{"q":"SENE","ac":38.8},"geometry":{"type":"Polygon","coordinates":[[[-106.193645,43.682661],[-106.193564,43.68619],[-106.188572,43.686429],[-106.188659,43.682919],[-106.193645,43.682661]]]}},{"type":"Feature","properties":{"q":"NENW","ac":38.4},"geometry":{"type":"Polygon","coordinates":[[[-106.18359,43.686628],[-106.183494,43.690121],[-106.178503,43.690303],[-106.178607,43.686828],[-106.18359,43.686628]]]}},{"type":"Feature","properties":{"q":"NWNW","ac":39.2},"geometry":{"type":"Polygon","coordinates":[[[-106.207965,43.69981],[-106.207795,43.703394],[-106.202836,43.703541],[-106.202997,43.699975],[-106.207965,43.69981]]]}},{"type":"Feature","properties":{"q":"NWSW","ac":38.6},"geometry":{"type":"Polygon","coordinates":[[[-106.183365,43.693615],[-106.188354,43.69345],[-106.188223,43.696961],[-106.183237,43.697108],[-106.183365,43.693615]]]}},{"type":"Feature","properties":{"q":"NESE","ac":38.6},"geometry":{"type":"Polygon","coordinates":[[[-106.16742,43.721639],[-106.172477,43.721613],[-106.172355,43.725072],[-106.167294,43.72508],[-106.16742,43.721639]]]}},{"type":"Feature","properties":{"q":"SWNW","ac":39.6},"geometry":{"type":"Polygon","coordinates":[[[-106.207828,43.710562],[-106.207844,43.714146],[-106.202836,43.714238],[-106.202836,43.710672],[-106.207828,43.710562]]]}},{"type":"Feature","properties":{"q":"SESE","ac":38.7},"geometry":{"type":"Polygon","coordinates":[[[-106.192918,43.703835],[-106.192885,43.707364],[-106.187909,43.707492],[-106.187959,43.703981],[-106.192918,43.703835]]]}},{"type":"Feature","properties":{"q":"SWSE","ac":38.8},"geometry":{"type":"Polygon","coordinates":[[[-106.172599,43.718154],[-106.177652,43.71811],[-106.177534,43.721586],[-106.172477,43.721613],[-106.172599,43.718154]]]}},{"type":"Feature","properties":{"q":"SENW","ac":39.0},"geometry":{"type":"Polygon","coordinates":[[[-106.177415,43.725063],[-106.182476,43.725054],[-106.182361,43.728549],[-106.177297,43.728539],[-106.177415,43.725063]]]}},{"type":"Feature","properties":{"q":"NWSW","ac":39.7},"geometry":{"type":"Polygon","coordinates":[[[-106.207774,43.721301],[-106.207711,43.724884],[-106.202677,43.724934],[-106.202756,43.721369],[-106.207774,43.721301]]]}},{"type":"Feature","properties":{"q":"NESW","ac":39.2},"geometry":{"type":"Polygon","coordinates":[[[-106.202836,43.707107],[-106.202836,43.710672],[-106.197844,43.710782],[-106.19786,43.707235],[-106.202836,43.707107]]]}},{"type":"Feature","properties":{"q":"SWSE","ac":38.3},"geometry":{"type":"Polygon","coordinates":[[[-106.178503,43.690303],[-106.178377,43.693779],[-106.173388,43.693944],[-106.173511,43.690485],[-106.178503,43.690303]]]}},{"type":"Feature","properties":{"q":"NENE","ac":38.0},"geometry":{"type":"Polygon","coordinates":[[[-106.173142,43.700861],[-106.173018,43.704319],[-106.168038,43.704432],[-106.168158,43.700991],[-106.173142,43.700861]]]}},{"type":"Feature","properties":{"q":"SWNE","ac":39.6},"geometry":{"type":"Polygon","coordinates":[[[-106.192584,43.725008],[-106.197631,43.724971],[-106.197542,43.728519],[-106.192484,43.728538],[-106.192584,43.725008]]]}},{"type":"Feature","properties":{"q":"3","ac":38.7},"geometry":{"type":"Polygon","coordinates":[[[-106.182361,43.728549],[-106.182248,43.732],[-106.17718,43.731988],[-106.177297,43.728539],[-106.182361,43.728549]]]}},{"type":"Feature","properties":{"q":"2","ac":38.6},"geometry":{"type":"Polygon","coordinates":[[[-106.172233,43.728531],[-106.177297,43.728539],[-106.17718,43.731988],[-106.172111,43.731976],[-106.172233,43.728531]]]}},{"type":"Feature","properties":{"q":"NWNE","ac":39.3},"geometry":{"type":"Polygon","coordinates":[[[-106.197827,43.714329],[-106.19781,43.717876],[-106.192785,43.717949],[-106.192818,43.714421],[-106.197827,43.714329]]]}},{"type":"Feature","properties":{"q":"2","ac":39.2},"geometry":{"type":"Polygon","coordinates":[[[-106.192484,43.728538],[-106.197542,43.728519],[-106.197453,43.732036],[-106.192385,43.732024],[-106.192484,43.728538]]]}},{"type":"Feature","properties":{"q":"4","ac":39.9},"geometry":{"type":"Polygon","coordinates":[[[-106.202599,43.7285],[-106.207654,43.728467],[-106.207597,43.732047],[-106.202522,43.732048],[-106.202599,43.7285]]]}},{"type":"Feature","properties":{"q":"NESE","ac":38.8},"geometry":{"type":"Polygon","coordinates":[[[-106.192851,43.710892],[-106.187859,43.711002],[-106.187909,43.707492],[-106.192885,43.707364],[-106.192851,43.710892]]]}},{"type":"Feature","properties":{"q":"SESW","ac":39.0},"geometry":{"type":"Polygon","coordinates":[[[-106.177652,43.71811],[-106.182706,43.718066],[-106.182591,43.72156],[-106.177534,43.721586],[-106.177652,43.71811]]]}},{"type":"Feature","properties":{"q":"NWNE","ac":38.7},"geometry":{"type":"Polygon","coordinates":[[[-106.177739,43.714634],[-106.177652,43.71811],[-106.172599,43.718154],[-106.172704,43.714695],[-106.177739,43.714634]]]}},{"type":"Feature","properties":{"q":"SWSW","ac":39.2},"geometry":{"type":"Polygon","coordinates":[[[-106.182706,43.718066],[-106.187759,43.718022],[-106.187648,43.721534],[-106.182591,43.72156],[-106.182706,43.718066]]]}},{"type":"Feature","properties":{"q":"NWNE","ac":38.8},"geometry":{"type":"Polygon","coordinates":[[[-106.198028,43.700141],[-106.197877,43.703688],[-106.192918,43.703835],[-106.19306,43.700306],[-106.198028,43.700141]]]}},{"type":"Feature","properties":{"q":"SWSE","ac":39.4},"geometry":{"type":"Polygon","coordinates":[[[-106.192684,43.721479],[-106.192785,43.717949],[-106.19781,43.717876],[-106.197721,43.721424],[-106.192684,43.721479]]]}},{"type":"Feature","properties":{"q":"NWSE","ac":39.5},"geometry":{"type":"Polygon","coordinates":[[[-106.197721,43.721424],[-106.197631,43.724971],[-106.192584,43.725008],[-106.192684,43.721479],[-106.197721,43.721424]]]}},{"type":"Feature","properties":{"q":"SESW","ac":38.5},"geometry":{"type":"Polygon","coordinates":[[[-106.182979,43.704094],[-106.182911,43.707587],[-106.177912,43.707683],[-106.177999,43.704207],[-106.182979,43.704094]]]}},{"type":"Feature","properties":{"q":"SWNE","ac":39.1},"geometry":{"type":"Polygon","coordinates":[[[-106.192851,43.710892],[-106.197844,43.710782],[-106.197827,43.714329],[-106.192818,43.714421],[-106.192851,43.710892]]]}},{"type":"Feature","properties":{"q":"NESE","ac":39.3},"geometry":{"type":"Polygon","coordinates":[[[-106.192684,43.721479],[-106.192584,43.725008],[-106.187536,43.725045],[-106.187648,43.721534],[-106.192684,43.721479]]]}},{"type":"Feature","properties":{"q":"SENW","ac":39.2},"geometry":{"type":"Polygon","coordinates":[[[-106.198556,43.685951],[-106.198631,43.682404],[-106.203617,43.682147],[-106.203548,43.685712],[-106.198556,43.685951]]]}},{"type":"Feature","properties":{"q":"SESE","ac":38.1},"geometry":{"type":"Polygon","coordinates":[[[-106.173018,43.704319],[-106.172913,43.707778],[-106.167915,43.707873],[-106.168038,43.704432],[-106.173018,43.704319]]]}}]}