{"type":"FeatureCollection","note":"BLM Public Land Survey System. Provided by the Bureau of Land Management as is. These data are neither legal documents nor land surveys and must not be used as such.","features":[{"type":"Feature","properties":{"q":"8","ac":40.2},"geometry":{"type":"Polygon","coordinates":[[[-105.628364,43.933208],[-105.633468,43.933189],[-105.63346,43.936785],[-105.628371,43.93677],[-105.628364,43.933208]]]}},{"type":"Feature","properties":{"q":"8","ac":40.5},"geometry":{"type":"Polygon","coordinates":[[[-105.68967,43.922005],[-105.689714,43.925652],[-105.684664,43.925689],[-105.684664,43.922036],[-105.68967,43.922005]]]}},{"type":"Feature","properties":{"q":"5","ac":41.3},"geometry":{"type":"Polygon","coordinates":[[[-105.649227,43.918392],[-105.649061,43.922078],[-105.643951,43.922166],[-105.644144,43.918488],[-105.649227,43.918392]]]}},{"type":"Feature","properties":{"q":"3","ac":41.5},"geometry":{"type":"Polygon","coordinates":[[[-105.643951,43.922166],[-105.643758,43.925844],[-105.638622,43.925924],[-105.638841,43.922254],[-105.643951,43.922166]]]}},{"type":"Feature","properties":{"q":"19","ac":41.6},"geometry":{"type":"Polygon","coordinates":[[[-105.674527,43.944054],[-105.674493,43.940408],[-105.679673,43.940393],[-105.679709,43.944031],[-105.674527,43.944054]]]}},{"type":"Feature","properties":{"q":"13","ac":41.8},"geometry":{"type":"Polygon","coordinates":[[[-105.664121,43.940434],[-105.669312,43.940422],[-105.669344,43.944076],[-105.664158,43.944088],[-105.664121,43.940434]]]}},{"type":"Feature","properties":{"q":"7","ac":38.9},"geometry":{"type":"Polygon","coordinates":[[[-105.613647,43.933039],[-105.618553,43.933096],[-105.618472,43.936669],[-105.613523,43.936619],[-105.613647,43.933039]]]}},{"type":"Feature","properties":{"q":"16","ac":41.1},"geometry":{"type":"Polygon","coordinates":[[[-105.573888,43.943837],[-105.568769,43.943842],[-105.568824,43.940216],[-105.573998,43.94021],[-105.573888,43.943837]]]}},{"type":"Feature","properties":{"q":"11","ac":41.7},"geometry":{"type":"Polygon","coordinates":[[[-105.61923,43.914809],[-105.624204,43.914846],[-105.623974,43.918687],[-105.619055,43.918601],[-105.61923,43.914809]]]}},{"type":"Feature","properties":{"q":"6","ac":40.0},"geometry":{"type":"Polygon","coordinates":[[[-105.604311,43.918425],[-105.604246,43.922108],[-105.599325,43.922098],[-105.599366,43.91842],[-105.604311,43.918425]]]}},{"type":"Feature","properties":{"q":"NWSE","ac":41.4},"geometry":{"type":"Polygon","coordinates":[[[-105.574039,43.914772],[-105.579182,43.914762],[-105.579209,43.918418],[-105.574077,43.918422],[-105.574039,43.914772]]]}},{"type":"Feature","properties":{"q":"15","ac":40.8},"geometry":{"type":"Polygon","coordinates":[[[-105.633485,43.926005],[-105.638622,43.925924],[-105.638597,43.929547],[-105.633477,43.929597],[-105.633485,43.926005]]]}},{"type":"Feature","properties":{"q":"SESE","ac":40.8},"geometry":{"type":"Polygon","coordinates":[[[-105.654571,43.911021],[-105.65441,43.914715],[-105.649395,43.914702],[-105.649563,43.911011],[-105.654571,43.911021]]]}},{"type":"Feature","properties":{"q":"16","ac":40.3},"geometry":{"type":"Polygon","coordinates":[[[-105.608405,43.940158],[-105.613398,43.9402],[-105.613429,43.943852],[-105.608413,43.943805],[-105.608405,43.940158]]]}},{"type":"Feature","properties":{"q":"1","ac":39.3},"geometry":{"type":"Polygon","coordinates":[[[-105.609168,43.922118],[-105.614026,43.922196],[-105.613896,43.925877],[-105.609079,43.925807],[-105.609168,43.922118]]]}},{"type":"Feature","properties":{"q":"11","ac":40.6},"geometry":{"type":"Polygon","coordinates":[[[-105.65895,43.929492],[-105.664014,43.929476],[-105.663989,43.93312],[-105.658943,43.933124],[-105.65895,43.929492]]]}},{"type":"Feature","properties":{"q":"18","ac":41.2},"geometry":{"type":"Polygon","coordinates":[[[-105.679673,43.940393],[-105.684808,43.940336],[-105.684842,43.943987],[-105.679709,43.944031],[-105.679673,43.940393]]]}},{"type":"Feature","properties":{"q":"17","ac":40.9},"geometry":{"type":"Polygon","coordinates":[[[-105.679663,43.911039],[-105.684687,43.911041],[-105.684675,43.914712],[-105.679618,43.914723],[-105.679663,43.911039]]]}},{"type":"Feature","properties":{"q":"6","ac":42.0},"geometry":{"type":"Polygon","coordinates":[[[-105.679529,43.922067],[-105.679484,43.925727],[-105.674304,43.925765],[-105.674312,43.922099],[-105.679529,43.922067]]]}},{"type":"Feature","properties":{"q":"14","ac":40.8},"geometry":{"type":"Polygon","coordinates":[[[-105.579265,43.925729],[-105.584377,43.925738],[-105.58437,43.929353],[-105.579242,43.929348],[-105.579265,43.925729]]]}},{"type":"Feature","properties":{"q":"13","ac":40.4},"geometry":{"type":"Polygon","coordinates":[[[-105.588517,43.954714],[-105.588515,43.958383],[-105.583517,43.958415],[-105.583511,43.95475],[-105.588517,43.954714]]]}},{"type":"Feature","properties":{"q":"6","ac":40.7},"geometry":{"type":"Polygon","coordinates":[[[-105.638984,43.976951],[-105.644039,43.97696],[-105.644096,43.980615],[-105.639033,43.980607],[-105.638984,43.976951]]]}},{"type":"Feature","properties":{"q":"1","ac":40.3},"geometry":{"type":"Polygon","coordinates":[[[-105.608693,43.965688],[-105.613712,43.965756],[-105.613754,43.969405],[-105.608735,43.969335],[-105.608693,43.965688]]]}},{"type":"Feature","properties":{"q":"2","ac":40.8},"geometry":{"type":"Polygon","coordinates":[[[-105.639081,43.984263],[-105.634009,43.984256],[-105.633969,43.980599],[-105.639033,43.980607],[-105.639081,43.984263]]]}},{"type":"Feature","properties":{"q":"2","ac":38.9},"geometry":{"type":"Polygon","coordinates":[[[-105.578499,43.980067],[-105.57848,43.983535],[-105.573445,43.983748],[-105.573461,43.980198],[-105.578499,43.980067]]]}},{"type":"Feature","properties":{"q":"7","ac":40.6},"geometry":{"type":"Polygon","coordinates":[[[-105.5936,43.976561],[-105.598628,43.976622],[-105.598619,43.980301],[-105.593599,43.980228],[-105.5936,43.976561]]]}},{"type":"Feature","properties":{"q":"4","ac":39.6},"geometry":{"type":"Polygon","coordinates":[[[-105.588536,43.965645],[-105.588559,43.969238],[-105.583559,43.969277],[-105.583541,43.965679],[-105.588536,43.965645]]]}},{"type":"Feature","properties":{"q":"13","ac":41.1},"geometry":{"type":"Polygon","coordinates":[[[-105.608727,43.973039],[-105.603682,43.972997],[-105.603691,43.969311],[-105.608735,43.969335],[-105.608727,43.973039]]]}},{"type":"Feature","properties":{"q":"18","ac":42.2},"geometry":{"type":"Polygon","coordinates":[[[-105.679601,43.96954],[-105.684837,43.969525],[-105.68485,43.973206],[-105.679693,43.973224],[-105.679601,43.96954]]]}},{"type":"Feature","properties":{"q":"12","ac":40.7},"geometry":{"type":"Polygon","coordinates":[[[-105.623793,43.969546],[-105.623814,43.973216],[-105.618785,43.973157],[-105.618774,43.969476],[-105.623793,43.969546]]]}},{"type":"Feature","properties":{"q":"2","ac":40.5},"geometry":{"type":"Polygon","coordinates":[[[-105.638524,43.94043],[-105.633451,43.940381],[-105.63346,43.936785],[-105.638548,43.9368],[-105.638524,43.94043]]]}},{"type":"Feature","properties":{"q":"15","ac":40.9},"geometry":{"type":"Polygon","coordinates":[[[-105.579265,43.925729],[-105.579242,43.929348],[-105.574114,43.929343],[-105.574153,43.92572],[-105.579265,43.925729]]]}},{"type":"Feature","properties":{"q":"11","ac":42.1},"geometry":{"type":"Polygon","coordinates":[[[-105.63906,43.918583],[-105.639286,43.914784],[-105.644341,43.914743],[-105.644144,43.918488],[-105.63906,43.918583]]]}},{"type":"Feature","properties":{"q":"12","ac":40.7},"geometry":{"type":"Polygon","coordinates":[[[-105.669079,43.929459],[-105.669034,43.933116],[-105.663989,43.93312],[-105.664014,43.929476],[-105.669079,43.929459]]]}},{"type":"Feature","properties":{"q":"5","ac":38.7},"geometry":{"type":"Polygon","coordinates":[[[-105.628371,43.93677],[-105.623422,43.936719],[-105.623458,43.933152],[-105.628364,43.933208],[-105.628371,43.93677]]]}},{"type":"Feature","properties":{"q":"15","ac":38.7},"geometry":{"type":"Polygon","coordinates":[[[-105.594387,43.925762],[-105.599284,43.925777],[-105.599204,43.929377],[-105.594351,43.929367],[-105.594387,43.925762]]]}},{"type":"Feature","properties":{"q":"9","ac":40.3},"geometry":{"type":"Polygon","coordinates":[[[-105.614288,43.914775],[-105.614155,43.918515],[-105.609256,43.918429],[-105.609345,43.914741],[-105.614288,43.914775]]]}},{"type":"Feature","properties":{"q":"9","ac":41.3},"geometry":{"type":"Polygon","coordinates":[[[-105.64872,43.947775],[-105.648694,43.944139],[-105.653833,43.944119],[-105.653868,43.947764],[-105.64872,43.947775]]]}},{"type":"Feature","properties":{"q":"1","ac":41.3},"geometry":{"type":"Polygon","coordinates":[[[-105.633731,43.922341],[-105.633485,43.926005],[-105.628349,43.926085],[-105.628622,43.922429],[-105.633731,43.922341]]]}},{"type":"Feature","properties":{"q":"12","ac":41.7},"geometry":{"type":"Polygon","coordinates":[[[-105.664158,43.944088],[-105.669344,43.944076],[-105.669377,43.94773],[-105.664196,43.947741],[-105.664158,43.944088]]]}},{"type":"Feature","properties":{"q":"13","ac":38.2},"geometry":{"type":"Polygon","coordinates":[[[-105.603684,43.940166],[-105.608405,43.940158],[-105.608413,43.943805],[-105.603636,43.943809],[-105.603684,43.940166]]]}},{"type":"Feature","properties":{"q":"5","ac":42.1},"geometry":{"type":"Polygon","coordinates":[[[-105.674312,43.922099],[-105.674304,43.925765],[-105.669124,43.925803],[-105.669095,43.922131],[-105.674312,43.922099]]]}},{"type":"Feature","properties":{"q":"15","ac":41.2},"geometry":{"type":"Polygon","coordinates":[[[-105.61923,43.914809],[-105.614288,43.914775],[-105.61442,43.911034],[-105.619406,43.911017],[-105.61923,43.914809]]]}},{"type":"Feature","properties":{"q":"16","ac":40.7},"geometry":{"type":"Polygon","coordinates":[[[-105.689891,43.943943],[-105.689926,43.947607],[-105.684877,43.947637],[-105.684842,43.943987],[-105.689891,43.943943]]]}},{"type":"Feature","properties":{"q":"1","ac":39.7},"geometry":{"type":"Polygon","coordinates":[[[-105.589484,43.922078],[-105.594404,43.922088],[-105.594387,43.925762],[-105.589489,43.925747],[-105.589484,43.922078]]]}},{"type":"Feature","properties":{"q":"1","ac":41.3},"geometry":{"type":"Polygon","coordinates":[[[-105.568878,43.93659],[-105.574037,43.936587],[-105.573998,43.94021],[-105.568824,43.940216],[-105.568878,43.93659]]]}},{"type":"Feature","properties":{"q":"12","ac":42.4},"geometry":{"type":"Polygon","coordinates":[[[-105.669067,43.918459],[-105.67432,43.918433],[-105.674312,43.922099],[-105.669095,43.922131],[-105.669067,43.918459]]]}},{"type":"Feature","properties":{"q":"17","ac":40.7},"geometry":{"type":"Polygon","coordinates":[[[-105.689855,43.94028],[-105.689891,43.943943],[-105.684842,43.943987],[-105.684808,43.940336],[-105.689855,43.94028]]]}},{"type":"Feature","properties":{"q":"5","ac":41.3},"geometry":{"type":"Polygon","coordinates":[[[-105.643679,43.933151],[-105.648785,43.933131],[-105.648727,43.936818],[-105.643637,43.936809],[-105.643679,43.933151]]]}},{"type":"Feature","properties":{"q":"5","ac":39.5},"geometry":{"type":"Polygon","coordinates":[[[-105.623974,43.918687],[-105.628894,43.918772],[-105.628622,43.922429],[-105.623753,43.922351],[-105.623974,43.918687]]]}},{"type":"Feature","properties":{"q":"6","ac":41.1},"geometry":{"type":"Polygon","coordinates":[[[-105.579219,43.932966],[-105.584362,43.932968],[-105.584354,43.936582],[-105.579195,43.936585],[-105.579219,43.932966]]]}},{"type":"Feature","properties":{"q":"14","ac":42.1},"geometry":{"type":"Polygon","coordinates":[[[-105.619406,43.911017],[-105.624434,43.911005],[-105.624204,43.914846],[-105.61923,43.914809],[-105.619406,43.911017]]]}},{"type":"Feature","properties":{"q":"8","ac":41.1},"geometry":{"type":"Polygon","coordinates":[[[-105.633731,43.922341],[-105.628622,43.922429],[-105.628894,43.918772],[-105.633977,43.918678],[-105.633731,43.922341]]]}},{"type":"Feature","properties":{"q":"4","ac":39.1},"geometry":{"type":"Polygon","coordinates":[[[-105.623422,43.936719],[-105.628371,43.93677],[-105.628379,43.940331],[-105.623385,43.940286],[-105.623422,43.936719]]]}},{"type":"Feature","properties":{"q":"SESW","ac":41.5},"geometry":{"type":"Polygon","coordinates":[[[-105.584325,43.914751],[-105.579182,43.914762],[-105.579154,43.911106],[-105.584307,43.911088],[-105.584325,43.914751]]]}},{"type":"Feature","properties":{"q":"NESW","ac":40.2},"geometry":{"type":"Polygon","coordinates":[[[-105.664382,43.914738],[-105.664168,43.918443],[-105.659269,43.918427],[-105.659424,43.914728],[-105.664382,43.914738]]]}},{"type":"Feature","properties":{"q":"15","ac":40.3},"geometry":{"type":"Polygon","coordinates":[[[-105.594454,43.911076],[-105.599447,43.911081],[-105.599406,43.914751],[-105.594438,43.914745],[-105.594454,43.911076]]]}},{"type":"Feature","properties":{"q":"9","ac":40.6},"geometry":{"type":"Polygon","coordinates":[[[-105.573556,43.958445],[-105.573557,43.962136],[-105.568581,43.962163],[-105.568594,43.958442],[-105.573556,43.958445]]]}},{"type":"Feature","properties":{"q":"20","ac":41.3},"geometry":{"type":"Polygon","coordinates":[[[-105.573445,43.983748],[-105.573459,43.987542],[-105.568411,43.987604],[-105.56841,43.983961],[-105.573445,43.983748]]]}},{"type":"Feature","properties":{"q":"17","ac":41.8},"geometry":{"type":"Polygon","coordinates":[[[-105.684837,43.969525],[-105.690025,43.969511],[-105.689972,43.973188],[-105.68485,43.973206],[-105.684837,43.969525]]]}},{"type":"Feature","properties":{"q":"15","ac":41.4},"geometry":{"type":"Polygon","coordinates":[[[-105.674398,43.995278],[-105.669275,43.995287],[-105.669366,43.991635],[-105.674522,43.99162],[-105.674398,43.995278]]]}},{"type":"Feature","properties":{"q":"11","ac":40.7},"geometry":{"type":"Polygon","coordinates":[[[-105.638936,43.973294],[-105.643982,43.973304],[-105.644039,43.97696],[-105.638984,43.976951],[-105.638936,43.973294]]]}},{"type":"Feature","properties":{"q":"13","ac":40.1},"geometry":{"type":"Polygon","coordinates":[[[-105.588566,43.972869],[-105.583552,43.972913],[-105.583559,43.969277],[-105.588559,43.969238],[-105.588566,43.972869]]]}},{"type":"Feature","properties":{"q":"16","ac":41.4},"geometry":{"type":"Polygon","coordinates":[[[-105.653937,43.958679],[-105.648786,43.958697],[-105.648762,43.955044],[-105.653933,43.955049],[-105.653937,43.958679]]]}},{"type":"Feature","properties":{"q":"8","ac":40.5},"geometry":{"type":"Polygon","coordinates":[[[-105.588572,43.9765],[-105.5936,43.976561],[-105.593599,43.980228],[-105.58858,43.980154],[-105.588572,43.9765]]]}},{"type":"Feature","properties":{"q":"21","ac":38.7},"geometry":{"type":"Polygon","coordinates":[[[-105.684788,43.987992],[-105.679827,43.988086],[-105.679976,43.984567],[-105.684896,43.984393],[-105.684788,43.987992]]]}},{"type":"Feature","properties":{"q":"11","ac":43.4},"geometry":{"type":"Polygon","coordinates":[[[-105.679712,43.962173],[-105.679657,43.965857],[-105.67435,43.965868],[-105.674335,43.962181],[-105.679712,43.962173]]]}},{"type":"Feature","properties":{"q":"18","ac":42.0},"geometry":{"type":"Polygon","coordinates":[[[-105.603656,43.984066],[-105.603749,43.987818],[-105.598693,43.98778],[-105.598609,43.98398],[-105.603656,43.984066]]]}},{"type":"Feature","properties":{"q":"8","ac":41.1},"geometry":{"type":"Polygon","coordinates":[[[-105.608719,43.976743],[-105.613758,43.976791],[-105.61376,43.980484],[-105.608711,43.980448],[-105.608719,43.976743]]]}},{"type":"Feature","properties":{"q":"16","ac":40.7},"geometry":{"type":"Polygon","coordinates":[[[-105.644181,43.987929],[-105.649239,43.987933],[-105.649252,43.991588],[-105.644209,43.991587],[-105.644181,43.987929]]]}},{"type":"Feature","properties":{"q":"16","ac":41.2},"geometry":{"type":"Polygon","coordinates":[[[-105.648669,43.940504],[-105.653799,43.940475],[-105.653833,43.944119],[-105.648694,43.944139],[-105.648669,43.940504]]]}},{"type":"Feature","properties":{"q":"11","ac":40.3},"geometry":{"type":"Polygon","coordinates":[[[-105.623505,43.947607],[-105.618499,43.947556],[-105.618445,43.943899],[-105.623445,43.943947],[-105.623505,43.947607]]]}},{"type":"Feature","properties":{"q":"9","ac":38.7},"geometry":{"type":"Polygon","coordinates":[[[-105.58927,43.943821],[-105.594064,43.943817],[-105.593886,43.947452],[-105.589019,43.947452],[-105.58927,43.943821]]]}},{"type":"Feature","properties":{"q":"SENW","ac":41.4},"geometry":{"type":"Polygon","coordinates":[[[-105.579209,43.918418],[-105.584344,43.918414],[-105.58436,43.922076],[-105.579237,43.922073],[-105.579209,43.918418]]]}},{"type":"Feature","properties":{"q":"11","ac":42.0},"geometry":{"type":"Polygon","coordinates":[[[-105.674596,43.951369],[-105.674561,43.947699],[-105.679746,43.947668],[-105.679783,43.951341],[-105.674596,43.951369]]]}},{"type":"Feature","properties":{"q":"7","ac":41.6},"geometry":{"type":"Polygon","coordinates":[[[-105.684664,43.922036],[-105.684664,43.925689],[-105.679484,43.925727],[-105.679529,43.922067],[-105.684664,43.922036]]]}},{"type":"Feature","properties":{"q":"14","ac":41.1},"geometry":{"type":"Polygon","coordinates":[[[-105.643758,43.925844],[-105.643719,43.929497],[-105.638597,43.929547],[-105.638622,43.925924],[-105.643758,43.925844]]]}},{"type":"Feature","properties":{"q":"10","ac":40.9},"geometry":{"type":"Polygon","coordinates":[[[-105.614288,43.914775],[-105.61923,43.914809],[-105.619055,43.918601],[-105.614155,43.918515],[-105.614288,43.914775]]]}},{"type":"Feature","properties":{"q":"11","ac":38.3},"geometry":{"type":"Polygon","coordinates":[[[-105.599204,43.929377],[-105.604057,43.929386],[-105.603933,43.932979],[-105.599124,43.932976],[-105.599204,43.929377]]]}},{"type":"Feature","properties":{"q":"18","ac":41.7},"geometry":{"type":"Polygon","coordinates":[[[-105.679484,43.925727],[-105.684664,43.925689],[-105.684707,43.929341],[-105.679531,43.92938],[-105.679484,43.925727]]]}},{"type":"Feature","properties":{"q":"SWSE","ac":40.9},"geometry":{"type":"Polygon","coordinates":[[[-105.654571,43.911021],[-105.659579,43.91103],[-105.659424,43.914728],[-105.65441,43.914715],[-105.654571,43.911021]]]}},{"type":"Feature","properties":{"q":"13","ac":41.7},"geometry":{"type":"Polygon","coordinates":[[[-105.669344,43.944076],[-105.674527,43.944054],[-105.674561,43.947699],[-105.669377,43.94773],[-105.669344,43.944076]]]}},{"type":"Feature","properties":{"q":"15","ac":40.5},"geometry":{"type":"Polygon","coordinates":[[[-105.653926,43.925811],[-105.658957,43.925859],[-105.65895,43.929492],[-105.653895,43.92947],[-105.653926,43.925811]]]}},{"type":"Feature","properties":{"q":"16","ac":43.0},"geometry":{"type":"Polygon","coordinates":[[[-105.629462,43.910993],[-105.634487,43.910989],[-105.634232,43.914833],[-105.629178,43.914883],[-105.629462,43.910993]]]}},{"type":"Feature","properties":{"q":"3","ac":41.0},"geometry":{"type":"Polygon","coordinates":[[[-105.603656,43.984066],[-105.598609,43.98398],[-105.598619,43.980301],[-105.603665,43.980374],[-105.603656,43.984066]]]}},{"type":"Feature","properties":{"q":"7","ac":40.9},"geometry":{"type":"Polygon","coordinates":[[[-105.654155,43.976964],[-105.659216,43.976959],[-105.659301,43.980632],[-105.654231,43.980627],[-105.654155,43.976964]]]}},{"type":"Feature","properties":{"q":"14","ac":40.6},"geometry":{"type":"Polygon","coordinates":[[[-105.654294,43.987946],[-105.65935,43.987958],[-105.659313,43.991612],[-105.654282,43.9916],[-105.654294,43.987946]]]}},{"type":"Feature","properties":{"q":"16","ac":40.5},"geometry":{"type":"Polygon","coordinates":[[[-105.573555,43.954754],[-105.573556,43.958445],[-105.568594,43.958442],[-105.568606,43.954722],[-105.573555,43.954754]]]}},{"type":"Feature","properties":{"q":"8","ac":40.3},"geometry":{"type":"Polygon","coordinates":[[[-105.608652,43.962041],[-105.613671,43.962106],[-105.613712,43.965756],[-105.608693,43.965688],[-105.608652,43.962041]]]}},{"type":"Feature","properties":{"q":"4","ac":40.5},"geometry":{"type":"Polygon","coordinates":[[[-105.623565,43.951266],[-105.628578,43.951321],[-105.628644,43.954984],[-105.623625,43.954925],[-105.623565,43.951266]]]}},{"type":"Feature","properties":{"q":"20","ac":42.7},"geometry":{"type":"Polygon","coordinates":[[[-105.669128,43.96957],[-105.674365,43.969555],[-105.674424,43.973242],[-105.669156,43.97326],[-105.669128,43.96957]]]}},{"type":"Feature","properties":{"q":"13","ac":40.6},"geometry":{"type":"Polygon","coordinates":[[[-105.643982,43.973304],[-105.643925,43.969648],[-105.648963,43.969659],[-105.649028,43.973313],[-105.643982,43.973304]]]}},{"type":"Feature","properties":{"q":"5","ac":37.9},"geometry":{"type":"Polygon","coordinates":[[[-105.603933,43.932979],[-105.608742,43.932982],[-105.608573,43.93657],[-105.603808,43.936573],[-105.603933,43.932979]]]}},{"type":"Feature","properties":{"q":"15","ac":38.2},"geometry":{"type":"Polygon","coordinates":[[[-105.613896,43.925877],[-105.618714,43.925946],[-105.618633,43.929521],[-105.613772,43.929458],[-105.613896,43.925877]]]}},{"type":"Feature","properties":{"q":"1","ac":37.7},"geometry":{"type":"Polygon","coordinates":[[[-105.594278,43.936577],[-105.594242,43.940182],[-105.589521,43.94019],[-105.589513,43.936579],[-105.594278,43.936577]]]}},{"type":"Feature","properties":{"q":"8","ac":40.7},"geometry":{"type":"Polygon","coordinates":[[[-105.628511,43.947658],[-105.633562,43.947687],[-105.633618,43.951343],[-105.628578,43.951321],[-105.628511,43.947658]]]}},{"type":"Feature","properties":{"q":"10","ac":40.7},"geometry":{"type":"Polygon","coordinates":[[[-105.653895,43.92947],[-105.65895,43.929492],[-105.658943,43.933124],[-105.653864,43.933128],[-105.653895,43.92947]]]}},{"type":"Feature","properties":{"q":"SESE","ac":41.4},"geometry":{"type":"Polygon","coordinates":[[[-105.574001,43.911123],[-105.574039,43.914772],[-105.568896,43.914783],[-105.568848,43.91114],[-105.574001,43.911123]]]}},{"type":"Feature","properties":{"q":"16","ac":38.8},"geometry":{"type":"Polygon","coordinates":[[[-105.589489,43.925747],[-105.594387,43.925762],[-105.594351,43.929367],[-105.589497,43.929358],[-105.589489,43.925747]]]}},{"type":"Feature","properties":{"q":"16","ac":40.8},"geometry":{"type":"Polygon","coordinates":[[[-105.648895,43.925763],[-105.653926,43.925811],[-105.653895,43.92947],[-105.64884,43.929447],[-105.648895,43.925763]]]}},{"type":"Feature","properties":{"q":"9","ac":41.0},"geometry":{"type":"Polygon","coordinates":[[[-105.653895,43.92947],[-105.653864,43.933128],[-105.648785,43.933131],[-105.64884,43.929447],[-105.653895,43.92947]]]}},{"type":"Feature","properties":{"q":"10","ac":40.7},"geometry":{"type":"Polygon","coordinates":[[[-105.579006,43.943832],[-105.57884,43.947461],[-105.573778,43.947465],[-105.573888,43.943837],[-105.579006,43.943832]]]}},{"type":"Feature","properties":{"q":"5","ac":40.4},"geometry":{"type":"Polygon","coordinates":[[[-105.628511,43.947658],[-105.628578,43.951321],[-105.623565,43.951266],[-105.623505,43.947607],[-105.628511,43.947658]]]}},{"type":"Feature","properties":{"q":"16","ac":40.4},"geometry":{"type":"Polygon","coordinates":[[[-105.633485,43.926005],[-105.633477,43.929597],[-105.628356,43.929647],[-105.628349,43.926085],[-105.633485,43.926005]]]}},{"type":"Feature","properties":{"q":"2","ac":39.2},"geometry":{"type":"Polygon","coordinates":[[[-105.614026,43.922196],[-105.618884,43.922274],[-105.618714,43.925946],[-105.613896,43.925877],[-105.614026,43.922196]]]}},{"type":"Feature","properties":{"q":"5","ac":40.5},"geometry":{"type":"Polygon","coordinates":[[[-105.643666,43.947746],[-105.64872,43.947775],[-105.648741,43.951409],[-105.643699,43.951388],[-105.643666,43.947746]]]}},{"type":"Feature","properties":{"q":"8","ac":39.9},"geometry":{"type":"Polygon","coordinates":[[[-105.589478,43.918409],[-105.594422,43.918415],[-105.594404,43.922088],[-105.589484,43.922078],[-105.589478,43.918409]]]}},{"type":"Feature","properties":{"q":"16","ac":40.9},"geometry":{"type":"Polygon","coordinates":[[[-105.633507,43.944034],[-105.628445,43.943995],[-105.628379,43.940331],[-105.633451,43.940381],[-105.633507,43.944034]]]}},{"type":"Feature","properties":{"q":"NESW","ac":41.5},"geometry":{"type":"Polygon","coordinates":[[[-105.579182,43.914762],[-105.584325,43.914751],[-105.584344,43.918414],[-105.579209,43.918418],[-105.579182,43.914762]]]}},{"type":"Feature","properties":{"q":"9","ac":40.7},"geometry":{"type":"Polygon","coordinates":[[[-105.633889,43.973285],[-105.633929,43.976942],[-105.628874,43.976933],[-105.628843,43.973275],[-105.633889,43.973285]]]}},{"type":"Feature","properties":{"q":"15","ac":40.5},"geometry":{"type":"Polygon","coordinates":[[[-105.59353,43.954722],[-105.598543,43.95473],[-105.598569,43.958388],[-105.593542,43.958386],[-105.59353,43.954722]]]}},{"type":"Feature","properties":{"q":"SENE","ac":40.6},"geometry":{"type":"Polygon","coordinates":[[[-105.628728,43.962301],[-105.633761,43.962313],[-105.633806,43.96597],[-105.62877,43.965959],[-105.628728,43.962301]]]}},{"type":"Feature","properties":{"q":"16","ac":41.6},"geometry":{"type":"Polygon","coordinates":[[[-105.608908,43.991559],[-105.603842,43.99157],[-105.603749,43.987818],[-105.608806,43.987855],[-105.608908,43.991559]]]}},{"type":"Feature","properties":{"q":"NWNE","ac":40.6},"geometry":{"type":"Polygon","coordinates":[[[-105.638841,43.965982],[-105.638887,43.969638],[-105.63385,43.969627],[-105.633806,43.96597],[-105.638841,43.965982]]]}},{"type":"Feature","properties":{"q":"9","ac":39.5},"geometry":{"type":"Polygon","coordinates":[[[-105.58868,43.991601],[-105.58872,43.995116],[-105.58364,43.995059],[-105.583608,43.991513],[-105.58868,43.991601]]]}},{"type":"Feature","properties":{"q":"7","ac":40.1},"geometry":{"type":"Polygon","coordinates":[[[-105.593554,43.96205],[-105.598595,43.962047],[-105.598621,43.965667],[-105.593578,43.965656],[-105.593554,43.96205]]]}},{"type":"Feature","properties":{"q":"9","ac":42.0},"geometry":{"type":"Polygon","coordinates":[[[-105.684951,43.962165],[-105.690127,43.962156],[-105.690076,43.965834],[-105.684894,43.965845],[-105.684951,43.962165]]]}},{"type":"Feature","properties":{"q":"4","ac":40.4},"geometry":{"type":"Polygon","coordinates":[[[-105.623751,43.965891],[-105.62877,43.965959],[-105.628812,43.969617],[-105.623793,43.969546],[-105.623751,43.965891]]]}},{"type":"Feature","properties":{"q":"10","ac":41.8},"geometry":{"type":"Polygon","coordinates":[[[-105.68475,43.932992],[-105.684779,43.936664],[-105.679626,43.936713],[-105.679578,43.933033],[-105.68475,43.932992]]]}},{"type":"Feature","properties":{"q":"9","ac":40.9},"geometry":{"type":"Polygon","coordinates":[[[-105.65441,43.914715],[-105.654248,43.91841],[-105.649227,43.918392],[-105.649395,43.914702],[-105.65441,43.914715]]]}},{"type":"Feature","properties":{"q":"9","ac":40.9},"geometry":{"type":"Polygon","coordinates":[[[-105.689812,43.932952],[-105.689833,43.936616],[-105.684779,43.936664],[-105.68475,43.932992],[-105.689812,43.932952]]]}},{"type":"Feature","properties":{"q":"10","ac":40.1},"geometry":{"type":"Polygon","coordinates":[[[-105.594438,43.914745],[-105.599406,43.914751],[-105.599366,43.91842],[-105.594422,43.918415],[-105.594438,43.914745]]]}},{"type":"Feature","properties":{"q":"NENW","ac":41.3},"geometry":{"type":"Polygon","coordinates":[[[-105.579237,43.922073],[-105.58436,43.922076],[-105.584377,43.925738],[-105.579265,43.925729],[-105.579237,43.922073]]]}},{"type":"Feature","properties":{"q":"NWNE","ac":41.2},"geometry":{"type":"Polygon","coordinates":[[[-105.574115,43.922071],[-105.579237,43.922073],[-105.579265,43.925729],[-105.574153,43.92572],[-105.574115,43.922071]]]}},{"type":"Feature","properties":{"q":"13","ac":42.6},"geometry":{"type":"Polygon","coordinates":[[[-105.624434,43.911005],[-105.629462,43.910993],[-105.629178,43.914883],[-105.624204,43.914846],[-105.624434,43.911005]]]}},{"type":"Feature","properties":{"q":"15","ac":41.3},"geometry":{"type":"Polygon","coordinates":[[[-105.653833,43.944119],[-105.653799,43.940475],[-105.658929,43.940446],[-105.658972,43.944099],[-105.653833,43.944119]]]}},{"type":"Feature","properties":{"q":"9","ac":40.1},"geometry":{"type":"Polygon","coordinates":[[[-105.689626,43.918358],[-105.68967,43.922005],[-105.684664,43.922036],[-105.684663,43.918383],[-105.689626,43.918358]]]}},{"type":"Feature","properties":{"q":"11","ac":42.5},"geometry":{"type":"Polygon","coordinates":[[[-105.674306,43.933074],[-105.679578,43.933033],[-105.679626,43.936713],[-105.674399,43.936741],[-105.674306,43.933074]]]}},{"type":"Feature","properties":{"q":"16","ac":40.9},"geometry":{"type":"Polygon","coordinates":[[[-105.56904,43.925711],[-105.574153,43.92572],[-105.574114,43.929343],[-105.568986,43.929337],[-105.56904,43.925711]]]}},{"type":"Feature","properties":{"q":"7","ac":40.6},"geometry":{"type":"Polygon","coordinates":[[[-105.633562,43.947687],[-105.638613,43.947717],[-105.638658,43.951365],[-105.633618,43.951343],[-105.633562,43.947687]]]}},{"type":"Feature","properties":{"q":"12","ac":40.9},"geometry":{"type":"Polygon","coordinates":[[[-105.58437,43.929353],[-105.589497,43.929358],[-105.589505,43.932969],[-105.584362,43.932968],[-105.58437,43.929353]]]}},{"type":"Feature","properties":{"q":"3","ac":39.8},"geometry":{"type":"Polygon","coordinates":[[[-105.604246,43.922108],[-105.604181,43.925792],[-105.599284,43.925777],[-105.599325,43.922098],[-105.604246,43.922108]]]}},{"type":"Feature","properties":{"q":"14","ac":38.1},"geometry":{"type":"Polygon","coordinates":[[[-105.618714,43.925946],[-105.623531,43.926016],[-105.623495,43.929584],[-105.618633,43.929521],[-105.618714,43.925946]]]}},{"type":"Feature","properties":{"q":"15","ac":41.2},"geometry":{"type":"Polygon","coordinates":[[[-105.653933,43.955049],[-105.659103,43.955054],[-105.659089,43.958661],[-105.653937,43.958679],[-105.653933,43.955049]]]}},{"type":"Feature","properties":{"q":"2","ac":41.0},"geometry":{"type":"Polygon","coordinates":[[[-105.61376,43.980484],[-105.618808,43.98052],[-105.61882,43.984201],[-105.613762,43.984176],[-105.61376,43.980484]]]}},{"type":"Feature","properties":{"q":"20","ac":39.6},"geometry":{"type":"Polygon","coordinates":[[[-105.684896,43.984393],[-105.689816,43.98422],[-105.689763,43.987897],[-105.684788,43.987992],[-105.684896,43.984393]]]}},{"type":"Feature","properties":{"q":"4","ac":40.7},"geometry":{"type":"Polygon","coordinates":[[[-105.669043,43.96588],[-105.669128,43.96957],[-105.664087,43.969592],[-105.664051,43.965911],[-105.669043,43.96588]]]}},{"type":"Feature","properties":{"q":"9","ac":40.5},"geometry":{"type":"Polygon","coordinates":[[[-105.603842,43.99157],[-105.608908,43.991559],[-105.609009,43.995198],[-105.603932,43.995178],[-105.603842,43.99157]]]}},{"type":"Feature","properties":{"q":"3","ac":40.4},"geometry":{"type":"Polygon","coordinates":[[[-105.618732,43.965823],[-105.623751,43.965891],[-105.623793,43.969546],[-105.618774,43.969476],[-105.618732,43.965823]]]}},{"type":"Feature","properties":{"q":"6","ac":42.0},"geometry":{"type":"Polygon","coordinates":[[[-105.67982,43.955014],[-105.67463,43.955038],[-105.674596,43.951369],[-105.679783,43.951341],[-105.67982,43.955014]]]}},{"type":"Feature","properties":{"q":"11","ac":40.1},"geometry":{"type":"Polygon","coordinates":[[[-105.573473,43.991336],[-105.578535,43.991424],[-105.57856,43.995003],[-105.573486,43.994947],[-105.573473,43.991336]]]}},{"type":"Feature","properties":{"q":"NWNW","ac":40.5},"geometry":{"type":"Polygon","coordinates":[[[-105.643864,43.965993],[-105.648886,43.966004],[-105.648963,43.969659],[-105.643925,43.969648],[-105.643864,43.965993]]]}},{"type":"Feature","properties":{"q":"13","ac":40.3},"geometry":{"type":"Polygon","coordinates":[[[-105.664272,43.955058],[-105.669441,43.955062],[-105.669199,43.958626],[-105.664144,43.958644],[-105.664272,43.955058]]]}},{"type":"Feature","properties":{"q":"12","ac":39.3},"geometry":{"type":"Polygon","coordinates":[[[-105.593728,43.991591],[-105.593788,43.995137],[-105.58872,43.995116],[-105.58868,43.991601],[-105.593728,43.991591]]]}},{"type":"Feature","properties":{"q":"9","ac":41.0},"geometry":{"type":"Polygon","coordinates":[[[-105.608727,43.973039],[-105.613756,43.973098],[-105.613758,43.976791],[-105.608719,43.976743],[-105.608727,43.973039]]]}},{"type":"Feature","properties":{"q":"11","ac":40.3},"geometry":{"type":"Polygon","coordinates":[[[-105.583522,43.96208],[-105.578532,43.962108],[-105.578519,43.958447],[-105.583517,43.958415],[-105.583522,43.96208]]]}},{"type":"Feature","properties":{"q":"5","ac":40.0},"geometry":{"type":"Polygon","coordinates":[[[-105.588572,43.9765],[-105.58858,43.980154],[-105.58354,43.980111],[-105.583545,43.97655],[-105.588572,43.9765]]]}},{"type":"Feature","properties":{"q":"7","ac":41.1},"geometry":{"type":"Polygon","coordinates":[[[-105.579219,43.932966],[-105.579195,43.936585],[-105.574037,43.936587],[-105.574075,43.932965],[-105.579219,43.932966]]]}},{"type":"Feature","properties":{"q":"8","ac":38.1},"geometry":{"type":"Polygon","coordinates":[[[-105.594314,43.932972],[-105.594278,43.936577],[-105.589513,43.936579],[-105.589505,43.932969],[-105.594314,43.932972]]]}},{"type":"Feature","properties":{"q":"8","ac":39.3},"geometry":{"type":"Polygon","coordinates":[[[-105.588768,43.951083],[-105.589019,43.947452],[-105.593886,43.947452],[-105.593708,43.951087],[-105.588768,43.951083]]]}},{"type":"Feature","properties":{"q":"SENE","ac":41.2},"geometry":{"type":"Polygon","coordinates":[[[-105.568944,43.918425],[-105.574077,43.918422],[-105.574115,43.922071],[-105.568992,43.922068],[-105.568944,43.918425]]]}},{"type":"Feature","properties":{"q":"2","ac":39.2},"geometry":{"type":"Polygon","coordinates":[[[-105.613398,43.9402],[-105.613523,43.936619],[-105.618472,43.936669],[-105.618392,43.940241],[-105.613398,43.9402]]]}},{"type":"Feature","properties":{"q":"10","ac":38.7},"geometry":{"type":"Polygon","coordinates":[[[-105.594064,43.943817],[-105.598858,43.943813],[-105.598753,43.947453],[-105.593886,43.947452],[-105.594064,43.943817]]]}},{"type":"Feature","properties":{"q":"11","ac":38.5},"geometry":{"type":"Polygon","coordinates":[[[-105.623495,43.929584],[-105.623458,43.933152],[-105.618553,43.933096],[-105.618633,43.929521],[-105.623495,43.929584]]]}},{"type":"Feature","properties":{"q":"14","ac":40.4},"geometry":{"type":"Polygon","coordinates":[[[-105.599447,43.911081],[-105.60444,43.911067],[-105.604376,43.914746],[-105.599406,43.914751],[-105.599447,43.911081]]]}},{"type":"Feature","properties":{"q":"5","ac":40.1},"geometry":{"type":"Polygon","coordinates":[[[-105.604311,43.918425],[-105.609256,43.918429],[-105.609168,43.922118],[-105.604246,43.922108],[-105.604311,43.918425]]]}},{"type":"Feature","properties":{"q":"NWSW","ac":41.5},"geometry":{"type":"Polygon","coordinates":[[[-105.584325,43.914751],[-105.589469,43.91474],[-105.589478,43.918409],[-105.584344,43.918414],[-105.584325,43.914751]]]}},{"type":"Feature","properties":{"q":"9","ac":41.0},"geometry":{"type":"Polygon","coordinates":[[[-105.568986,43.929337],[-105.574114,43.929343],[-105.574075,43.932965],[-105.568932,43.932963],[-105.568986,43.929337]]]}},{"type":"Feature","properties":{"q":"6","ac":40.8},"geometry":{"type":"Polygon","coordinates":[[[-105.57884,43.947461],[-105.58393,43.947457],[-105.583721,43.951104],[-105.578673,43.951124],[-105.57884,43.947461]]]}},{"type":"Feature","properties":{"q":"6","ac":38.0},"geometry":{"type":"Polygon","coordinates":[[[-105.603933,43.932979],[-105.603808,43.936573],[-105.599043,43.936575],[-105.599124,43.932976],[-105.603933,43.932979]]]}},{"type":"Feature","properties":{"q":"13","ac":38.0},"geometry":{"type":"Polygon","coordinates":[[[-105.628349,43.926085],[-105.628356,43.929647],[-105.623495,43.929584],[-105.623531,43.926016],[-105.628349,43.926085]]]}},{"type":"Feature","properties":{"q":"12","ac":40.6},"geometry":{"type":"Polygon","coordinates":[[[-105.643631,43.944106],[-105.648694,43.944139],[-105.64872,43.947775],[-105.643666,43.947746],[-105.643631,43.944106]]]}},{"type":"Feature","properties":{"q":"13","ac":41.2},"geometry":{"type":"Polygon","coordinates":[[[-105.584347,43.940196],[-105.589521,43.94019],[-105.58927,43.943821],[-105.584138,43.943827],[-105.584347,43.940196]]]}},{"type":"Feature","properties":{"q":"5","ac":40.6},"geometry":{"type":"Polygon","coordinates":[[[-105.583721,43.951104],[-105.58393,43.947457],[-105.589019,43.947452],[-105.588768,43.951083],[-105.583721,43.951104]]]}},{"type":"Feature","properties":{"q":"10","ac":40.4},"geometry":{"type":"Polygon","coordinates":[[[-105.618997,43.99157],[-105.624036,43.991575],[-105.624115,43.995219],[-105.619085,43.995214],[-105.618997,43.99157]]]}},{"type":"Feature","properties":{"q":"20","ac":40.9},"geometry":{"type":"Polygon","coordinates":[[[-105.629006,43.987914],[-105.628937,43.984249],[-105.634009,43.984256],[-105.634065,43.987919],[-105.629006,43.987914]]]}},{"type":"Feature","properties":{"q":"3","ac":40.4},"geometry":{"type":"Polygon","coordinates":[[[-105.618552,43.951211],[-105.623565,43.951266],[-105.623625,43.954925],[-105.618606,43.954865],[-105.618552,43.951211]]]}},{"type":"Feature","properties":{"q":"14","ac":40.9},"geometry":{"type":"Polygon","coordinates":[[[-105.608735,43.969335],[-105.613754,43.969405],[-105.613756,43.973098],[-105.608727,43.973039],[-105.608735,43.969335]]]}},{"type":"Feature","properties":{"q":"10","ac":40.9},"geometry":{"type":"Polygon","coordinates":[[[-105.613756,43.973098],[-105.618785,43.973157],[-105.618797,43.976839],[-105.613758,43.976791],[-105.613756,43.973098]]]}},{"type":"Feature","properties":{"q":"11","ac":40.4},"geometry":{"type":"Polygon","coordinates":[[[-105.618648,43.958518],[-105.623667,43.958581],[-105.623709,43.962236],[-105.61869,43.962171],[-105.618648,43.958518]]]}},{"type":"Feature","properties":{"q":"14","ac":42.0},"geometry":{"type":"Polygon","coordinates":[[[-105.674483,43.95861],[-105.679766,43.958594],[-105.679712,43.962173],[-105.674335,43.962181],[-105.674483,43.95861]]]}},{"type":"Feature","properties":{"q":"5","ac":42.9},"geometry":{"type":"Polygon","coordinates":[[[-105.669366,43.98064],[-105.674623,43.980689],[-105.674762,43.984449],[-105.669548,43.984331],[-105.669366,43.98064]]]}},{"type":"Feature","properties":{"q":"16","ac":41.2},"geometry":{"type":"Polygon","coordinates":[[[-105.684864,43.976886],[-105.68485,43.973206],[-105.689972,43.973188],[-105.68992,43.976865],[-105.684864,43.976886]]]}},{"type":"Feature","properties":{"q":"9","ac":40.8},"geometry":{"type":"Polygon","coordinates":[[[-105.65408,43.9733],[-105.654155,43.976964],[-105.649094,43.976968],[-105.649028,43.973313],[-105.65408,43.9733]]]}},{"type":"Feature","properties":{"q":"3","ac":40.9},"geometry":{"type":"Polygon","coordinates":[[[-105.623878,43.984225],[-105.61882,43.984201],[-105.618808,43.98052],[-105.623857,43.980556],[-105.623878,43.984225]]]}},{"type":"Feature","properties":{"q":"16","ac":40.4},"geometry":{"type":"Polygon","coordinates":[[[-105.588559,43.969238],[-105.593603,43.969262],[-105.593602,43.972912],[-105.588566,43.972869],[-105.588559,43.969238]]]}},{"type":"Feature","properties":{"q":"19","ac":43.0},"geometry":{"type":"Polygon","coordinates":[[[-105.57848,43.983535],[-105.578508,43.98748],[-105.573459,43.987542],[-105.573445,43.983748],[-105.57848,43.983535]]]}},{"type":"Feature","properties":{"q":"3","ac":41.0},"geometry":{"type":"Polygon","coordinates":[[[-105.659301,43.980632],[-105.664334,43.980636],[-105.664467,43.984317],[-105.659387,43.984304],[-105.659301,43.980632]]]}},{"type":"Feature","properties":{"q":"13","ac":43.0},"geometry":{"type":"Polygon","coordinates":[[[-105.588634,43.987705],[-105.593664,43.987743],[-105.593728,43.991591],[-105.58868,43.991601],[-105.588634,43.987705]]]}},{"type":"Feature","properties":{"q":"5","ac":41.1},"geometry":{"type":"Polygon","coordinates":[[[-105.608719,43.976743],[-105.608711,43.980448],[-105.603665,43.980374],[-105.603674,43.976683],[-105.608719,43.976743]]]}},{"type":"Feature","properties":{"q":"1","ac":40.0},"geometry":{"type":"Polygon","coordinates":[[[-105.588536,43.965645],[-105.593578,43.965656],[-105.593603,43.969262],[-105.588559,43.969238],[-105.588536,43.965645]]]}},{"type":"Feature","properties":{"q":"11","ac":40.2},"geometry":{"type":"Polygon","coordinates":[[[-105.599406,43.914751],[-105.604376,43.914746],[-105.604311,43.918425],[-105.599366,43.91842],[-105.599406,43.914751]]]}},{"type":"Feature","properties":{"q":"9","ac":40.3},"geometry":{"type":"Polygon","coordinates":[[[-105.633477,43.929597],[-105.633468,43.933189],[-105.628364,43.933208],[-105.628356,43.929647],[-105.633477,43.929597]]]}},{"type":"Feature","properties":{"q":"10","ac":41.0},"geometry":{"type":"Polygon","coordinates":[[[-105.579242,43.929348],[-105.579219,43.932966],[-105.574075,43.932965],[-105.574114,43.929343],[-105.579242,43.929348]]]}},{"type":"Feature","properties":{"q":"6","ac":39.2},"geometry":{"type":"Polygon","coordinates":[[[-105.598648,43.951091],[-105.598753,43.947453],[-105.603587,43.947453],[-105.603571,43.951095],[-105.598648,43.951091]]]}},{"type":"Feature","properties":{"q":"5","ac":41.0},"geometry":{"type":"Polygon","coordinates":[[[-105.669034,43.933116],[-105.669173,43.936769],[-105.664055,43.936777],[-105.663989,43.93312],[-105.669034,43.933116]]]}},{"type":"Feature","properties":{"q":"6","ac":41.0},"geometry":{"type":"Polygon","coordinates":[[[-105.658943,43.933124],[-105.663989,43.93312],[-105.664055,43.936777],[-105.658936,43.936785],[-105.658943,43.933124]]]}},{"type":"Feature","properties":{"q":"11","ac":40.8},"geometry":{"type":"Polygon","coordinates":[[[-105.669615,43.911037],[-105.669341,43.914748],[-105.664382,43.914738],[-105.664597,43.911034],[-105.669615,43.911037]]]}},{"type":"Feature","properties":{"q":"15","ac":40.0},"geometry":{"type":"Polygon","coordinates":[[[-105.689606,43.9147],[-105.689626,43.918358],[-105.684663,43.918383],[-105.684675,43.914712],[-105.689606,43.9147]]]}},{"type":"Feature","properties":{"q":"6","ac":42.1},"geometry":{"type":"Polygon","coordinates":[[[-105.679626,43.936713],[-105.679673,43.940393],[-105.674493,43.940408],[-105.674399,43.936741],[-105.679626,43.936713]]]}},{"type":"Feature","properties":{"q":"6","ac":40.9},"geometry":{"type":"Polygon","coordinates":[[[-105.643637,43.936809],[-105.638548,43.9368],[-105.638573,43.93317],[-105.643679,43.933151],[-105.643637,43.936809]]]}},{"type":"Feature","properties":{"q":"16","ac":40.3},"geometry":{"type":"Polygon","coordinates":[[[-105.58946,43.911071],[-105.594454,43.911076],[-105.594438,43.914745],[-105.589469,43.91474],[-105.58946,43.911071]]]}},{"type":"Feature","properties":{"q":"13","ac":42.3},"geometry":{"type":"Polygon","coordinates":[[[-105.67432,43.918433],[-105.674479,43.914736],[-105.679618,43.914723],[-105.679573,43.918408],[-105.67432,43.918433]]]}},{"type":"Feature","properties":{"q":"13","ac":40.5},"geometry":{"type":"Polygon","coordinates":[[[-105.60444,43.911067],[-105.609434,43.911052],[-105.609345,43.914741],[-105.604376,43.914746],[-105.60444,43.911067]]]}},{"type":"Feature","properties":{"q":"10","ac":38.4},"geometry":{"type":"Polygon","coordinates":[[[-105.594351,43.929367],[-105.599204,43.929377],[-105.599124,43.932976],[-105.594314,43.932972],[-105.594351,43.929367]]]}},{"type":"Feature","properties":{"q":"15","ac":42.5},"geometry":{"type":"Polygon","coordinates":[[[-105.639513,43.910985],[-105.639286,43.914784],[-105.634232,43.914833],[-105.634487,43.910989],[-105.639513,43.910985]]]}},{"type":"Feature","properties":{"q":"7","ac":38.0},"geometry":{"type":"Polygon","coordinates":[[[-105.594314,43.932972],[-105.599124,43.932976],[-105.599043,43.936575],[-105.594278,43.936577],[-105.594314,43.932972]]]}},{"type":"Feature","properties":{"q":"17","ac":40.8},"geometry":{"type":"Polygon","coordinates":[[[-105.623878,43.984225],[-105.628937,43.984249],[-105.629006,43.987914],[-105.623957,43.9879],[-105.623878,43.984225]]]}},{"type":"Feature","properties":{"q":"11","ac":40.4},"geometry":{"type":"Polygon","coordinates":[[[-105.613953,43.991564],[-105.618997,43.99157],[-105.619085,43.995214],[-105.614047,43.995206],[-105.613953,43.991564]]]}},{"type":"Feature","properties":{"q":"20","ac":40.8},"geometry":{"type":"Polygon","coordinates":[[[-105.654294,43.987946],[-105.649239,43.987933],[-105.649226,43.984278],[-105.654306,43.984291],[-105.654294,43.987946]]]}},{"type":"Feature","properties":{"q":"14","ac":42.4},"geometry":{"type":"Polygon","coordinates":[[[-105.593728,43.991591],[-105.593664,43.987743],[-105.598693,43.98778],[-105.598777,43.99158],[-105.593728,43.991591]]]}},{"type":"Feature","properties":{"q":"2","ac":40.5},"geometry":{"type":"Polygon","coordinates":[[[-105.633618,43.951343],[-105.638658,43.951365],[-105.638703,43.955014],[-105.633673,43.954999],[-105.633618,43.951343]]]}},{"type":"Feature","properties":{"q":"6","ac":40.2},"geometry":{"type":"Polygon","coordinates":[[[-105.634177,43.995226],[-105.63921,43.995228],[-105.639253,43.998857],[-105.634233,43.998861],[-105.634177,43.995226]]]}},{"type":"Feature","properties":{"q":"15","ac":40.4},"geometry":{"type":"Polygon","coordinates":[[[-105.618606,43.954865],[-105.618648,43.958518],[-105.613629,43.958456],[-105.613587,43.954806],[-105.618606,43.954865]]]}},{"type":"Feature","properties":{"q":"19","ac":40.8},"geometry":{"type":"Polygon","coordinates":[[[-105.654306,43.984291],[-105.659387,43.984304],[-105.65935,43.987958],[-105.654294,43.987946],[-105.654306,43.984291]]]}},{"type":"Feature","properties":{"q":"7","ac":40.4},"geometry":{"type":"Polygon","coordinates":[[[-105.613671,43.962106],[-105.61869,43.962171],[-105.618732,43.965823],[-105.613712,43.965756],[-105.613671,43.962106]]]}},{"type":"Feature","properties":{"q":"NWSW","ac":40.3},"geometry":{"type":"Polygon","coordinates":[[[-105.664382,43.914738],[-105.669341,43.914748],[-105.669067,43.918459],[-105.664168,43.918443],[-105.664382,43.914738]]]}},{"type":"Feature","properties":{"q":"10","ac":38.5},"geometry":{"type":"Polygon","coordinates":[[[-105.613772,43.929458],[-105.618633,43.929521],[-105.618553,43.933096],[-105.613647,43.933039],[-105.613772,43.929458]]]}},{"type":"Feature","properties":{"q":"8","ac":41.3},"geometry":{"type":"Polygon","coordinates":[[[-105.64872,43.947775],[-105.653868,43.947764],[-105.6539,43.951407],[-105.648741,43.951409],[-105.64872,43.947775]]]}},{"type":"Feature","properties":{"q":"4","ac":39.9},"geometry":{"type":"Polygon","coordinates":[[[-105.609168,43.922118],[-105.609079,43.925807],[-105.604181,43.925792],[-105.604246,43.922108],[-105.609168,43.922118]]]}},{"type":"Feature","properties":{"q":"5","ac":41.8},"geometry":{"type":"Polygon","coordinates":[[[-105.669409,43.951396],[-105.664234,43.9514],[-105.664196,43.947741],[-105.669377,43.94773],[-105.669409,43.951396]]]}},{"type":"Feature","properties":{"q":"SWNW","ac":41.5},"geometry":{"type":"Polygon","coordinates":[[[-105.584344,43.918414],[-105.589478,43.918409],[-105.589484,43.922078],[-105.58436,43.922076],[-105.584344,43.918414]]]}},{"type":"Feature","properties":{"q":"15","ac":40.7},"geometry":{"type":"Polygon","coordinates":[[[-105.638524,43.94043],[-105.638568,43.944073],[-105.633507,43.944034],[-105.633451,43.940381],[-105.638524,43.94043]]]}},{"type":"Feature","properties":{"q":"13","ac":40.6},"geometry":{"type":"Polygon","coordinates":[[[-105.648669,43.940504],[-105.648694,43.944139],[-105.643631,43.944106],[-105.643596,43.940467],[-105.648669,43.940504]]]}},{"type":"Feature","properties":{"q":"5","ac":39.2},"geometry":{"type":"Polygon","coordinates":[[[-105.603587,43.947453],[-105.608422,43.947452],[-105.608495,43.951099],[-105.603571,43.951095],[-105.603587,43.947453]]]}},{"type":"Feature","properties":{"q":"12","ac":42.2},"geometry":{"type":"Polygon","coordinates":[[[-105.628894,43.918772],[-105.623974,43.918687],[-105.624204,43.914846],[-105.629178,43.914883],[-105.628894,43.918772]]]}},{"type":"Feature","properties":{"q":"10","ac":40.9},"geometry":{"type":"Polygon","coordinates":[[[-105.65441,43.914715],[-105.659424,43.914728],[-105.659269,43.918427],[-105.654248,43.91841],[-105.65441,43.914715]]]}},{"type":"Feature","properties":{"q":"16","ac":38.3},"geometry":{"type":"Polygon","coordinates":[[[-105.609079,43.925807],[-105.613896,43.925877],[-105.613772,43.929458],[-105.60891,43.929395],[-105.609079,43.925807]]]}},{"type":"Feature","properties":{"q":"6","ac":38.8},"geometry":{"type":"Polygon","coordinates":[[[-105.618553,43.933096],[-105.623458,43.933152],[-105.623422,43.936719],[-105.618472,43.936669],[-105.618553,43.933096]]]}},{"type":"Feature","properties":{"q":"11","ac":40.9},"geometry":{"type":"Polygon","coordinates":[[[-105.579219,43.932966],[-105.579242,43.929348],[-105.58437,43.929353],[-105.584362,43.932968],[-105.579219,43.932966]]]}},{"type":"Feature","properties":{"q":"20","ac":41.7},"geometry":{"type":"Polygon","coordinates":[[[-105.669312,43.940422],[-105.674493,43.940408],[-105.674527,43.944054],[-105.669344,43.944076],[-105.669312,43.940422]]]}},{"type":"Feature","properties":{"q":"12","ac":38.6},"geometry":{"type":"Polygon","coordinates":[[[-105.603636,43.943809],[-105.608413,43.943805],[-105.608422,43.947452],[-105.603587,43.947453],[-105.603636,43.943809]]]}},{"type":"Feature","properties":{"q":"2","ac":40.1},"geometry":{"type":"Polygon","coordinates":[[[-105.578673,43.951124],[-105.578505,43.954787],[-105.573555,43.954754],[-105.573667,43.95111],[-105.578673,43.951124]]]}},{"type":"Feature","properties":{"q":"18","ac":40.8},"geometry":{"type":"Polygon","coordinates":[[[-105.644154,43.984271],[-105.644181,43.987929],[-105.639124,43.987924],[-105.639081,43.984263],[-105.644154,43.984271]]]}},{"type":"Feature","properties":{"q":"14","ac":41.4},"geometry":{"type":"Polygon","coordinates":[[[-105.674522,43.99162],[-105.679677,43.991605],[-105.679522,43.995269],[-105.674398,43.995278],[-105.674522,43.99162]]]}},{"type":"Feature","properties":{"q":"8","ac":39.9},"geometry":{"type":"Polygon","coordinates":[[[-105.573476,43.976648],[-105.573461,43.980198],[-105.568422,43.980329],[-105.568434,43.976698],[-105.573476,43.976648]]]}},{"type":"Feature","properties":{"q":"15","ac":40.2},"geometry":{"type":"Polygon","coordinates":[[[-105.573558,43.969355],[-105.578559,43.969316],[-105.578538,43.972958],[-105.573517,43.973002],[-105.573558,43.969355]]]}},{"type":"Feature","properties":{"q":"1","ac":40.4},"geometry":{"type":"Polygon","coordinates":[[[-105.608495,43.951099],[-105.613524,43.951155],[-105.613587,43.954806],[-105.608568,43.954746],[-105.608495,43.951099]]]}},{"type":"Feature","properties":{"q":"15","ac":40.1},"geometry":{"type":"Polygon","coordinates":[[[-105.573555,43.954754],[-105.578505,43.954787],[-105.578519,43.958447],[-105.573556,43.958445],[-105.573555,43.954754]]]}},{"type":"Feature","properties":{"q":"18","ac":41.0},"geometry":{"type":"Polygon","coordinates":[[[-105.61882,43.984201],[-105.623878,43.984225],[-105.623957,43.9879],[-105.618909,43.987885],[-105.61882,43.984201]]]}},{"type":"Feature","properties":{"q":"7","ac":42.5},"geometry":{"type":"Polygon","coordinates":[[[-105.684837,43.969525],[-105.679601,43.96954],[-105.679657,43.965857],[-105.684894,43.965845],[-105.684837,43.969525]]]}},{"type":"Feature","properties":{"q":"3","ac":39.9},"geometry":{"type":"Polygon","coordinates":[[[-105.598648,43.951091],[-105.603571,43.951095],[-105.603555,43.954738],[-105.598543,43.95473],[-105.598648,43.951091]]]}},{"type":"Feature","properties":{"q":"NWNW","ac":41.4},"geometry":{"type":"Polygon","coordinates":[[[-105.58436,43.922076],[-105.589484,43.922078],[-105.589489,43.925747],[-105.584377,43.925738],[-105.58436,43.922076]]]}},{"type":"Feature","properties":{"q":"15","ac":41.2},"geometry":{"type":"Polygon","coordinates":[[[-105.684842,43.943987],[-105.684877,43.947637],[-105.679746,43.947668],[-105.679709,43.944031],[-105.684842,43.943987]]]}},{"type":"Feature","properties":{"q":"1","ac":39.3},"geometry":{"type":"Polygon","coordinates":[[[-105.608573,43.93657],[-105.613523,43.936619],[-105.613398,43.9402],[-105.608405,43.940158],[-105.608573,43.93657]]]}},{"type":"Feature","properties":{"q":"7","ac":41.1},"geometry":{"type":"Polygon","coordinates":[[[-105.654248,43.91841],[-105.659269,43.918427],[-105.659113,43.922143],[-105.654087,43.92211],[-105.654248,43.91841]]]}},{"type":"Feature","properties":{"q":"9","ac":43.2},"geometry":{"type":"Polygon","coordinates":[[[-105.634232,43.914833],[-105.633977,43.918678],[-105.628894,43.918772],[-105.629178,43.914883],[-105.634232,43.914833]]]}},{"type":"Feature","properties":{"q":"9","ac":38.4},"geometry":{"type":"Polygon","coordinates":[[[-105.589497,43.929358],[-105.594351,43.929367],[-105.594314,43.932972],[-105.589505,43.932969],[-105.589497,43.929358]]]}},{"type":"Feature","properties":{"q":"6","ac":41.3},"geometry":{"type":"Polygon","coordinates":[[[-105.638841,43.922254],[-105.63906,43.918583],[-105.644144,43.918488],[-105.643951,43.922166],[-105.638841,43.922254]]]}},{"type":"Feature","properties":{"q":"13","ac":40.3},"geometry":{"type":"Polygon","coordinates":[[[-105.623385,43.940286],[-105.628379,43.940331],[-105.628445,43.943995],[-105.623445,43.943947],[-105.623385,43.940286]]]}},{"type":"Feature","properties":{"q":"7","ac":40.5},"geometry":{"type":"Polygon","coordinates":[[[-105.578673,43.951124],[-105.573667,43.95111],[-105.573778,43.947465],[-105.57884,43.947461],[-105.578673,43.951124]]]}},{"type":"Feature","properties":{"q":"10","ac":41.6},"geometry":{"type":"Polygon","coordinates":[[[-105.684877,43.947637],[-105.684918,43.951324],[-105.679783,43.951341],[-105.679746,43.947668],[-105.684877,43.947637]]]}},{"type":"Feature","properties":{"q":"16","ac":40.7},"geometry":{"type":"Polygon","coordinates":[[[-105.609434,43.911052],[-105.61442,43.911034],[-105.614288,43.914775],[-105.609345,43.914741],[-105.609434,43.911052]]]}},{"type":"Feature","properties":{"q":"6","ac":39.6},"geometry":{"type":"Polygon","coordinates":[[[-105.619055,43.918601],[-105.623974,43.918687],[-105.623753,43.922351],[-105.618884,43.922274],[-105.619055,43.918601]]]}},{"type":"Feature","properties":{"q":"13","ac":40.8},"geometry":{"type":"Polygon","coordinates":[[[-105.669124,43.925803],[-105.669079,43.929459],[-105.664014,43.929476],[-105.66404,43.925831],[-105.669124,43.925803]]]}},{"type":"Feature","properties":{"q":"7","ac":39.3},"geometry":{"type":"Polygon","coordinates":[[[-105.593886,43.947452],[-105.598753,43.947453],[-105.598648,43.951091],[-105.593708,43.951087],[-105.593886,43.947452]]]}},{"type":"Feature","properties":{"q":"NESE","ac":42.4},"geometry":{"type":"Polygon","coordinates":[[[-105.669341,43.914748],[-105.674479,43.914736],[-105.67432,43.918433],[-105.669067,43.918459],[-105.669341,43.914748]]]}},{"type":"Feature","properties":{"q":"16","ac":39.7},"geometry":{"type":"Polygon","coordinates":[[[-105.684687,43.911041],[-105.689586,43.911042],[-105.689606,43.9147],[-105.684675,43.914712],[-105.684687,43.911041]]]}},{"type":"Feature","properties":{"q":"2","ac":41.1},"geometry":{"type":"Polygon","coordinates":[[[-105.659113,43.922143],[-105.658957,43.925859],[-105.653926,43.925811],[-105.654087,43.92211],[-105.659113,43.922143]]]}},{"type":"Feature","properties":{"q":"4","ac":41.1},"geometry":{"type":"Polygon","coordinates":[[[-105.643637,43.936809],[-105.648727,43.936818],[-105.648669,43.940504],[-105.643596,43.940467],[-105.643637,43.936809]]]}},{"type":"Feature","properties":{"q":"10","ac":40.7},"geometry":{"type":"Polygon","coordinates":[[[-105.633562,43.947687],[-105.633507,43.944034],[-105.638568,43.944073],[-105.638613,43.947717],[-105.633562,43.947687]]]}},{"type":"Feature","properties":{"q":"3","ac":39.2},"geometry":{"type":"Polygon","coordinates":[[[-105.623753,43.922351],[-105.623531,43.926016],[-105.618714,43.925946],[-105.618884,43.922274],[-105.623753,43.922351]]]}},{"type":"Feature","properties":{"q":"3","ac":41.2},"geometry":{"type":"Polygon","coordinates":[[[-105.659113,43.922143],[-105.664104,43.922137],[-105.66404,43.925831],[-105.658957,43.925859],[-105.659113,43.922143]]]}},{"type":"Feature","properties":{"q":"2","ac":37.7},"geometry":{"type":"Polygon","coordinates":[[[-105.594278,43.936577],[-105.599043,43.936575],[-105.598963,43.940174],[-105.594242,43.940182],[-105.594278,43.936577]]]}},{"type":"Feature","properties":{"q":"8","ac":40.9},"geometry":{"type":"Polygon","coordinates":[[[-105.654248,43.91841],[-105.654087,43.92211],[-105.649061,43.922078],[-105.649227,43.918392],[-105.654248,43.91841]]]}},{"type":"Feature","properties":{"q":"14","ac":40.3},"geometry":{"type":"Polygon","coordinates":[[[-105.618445,43.943899],[-105.618392,43.940241],[-105.623385,43.940286],[-105.623445,43.943947],[-105.618445,43.943899]]]}},{"type":"Feature","properties":{"q":"9","ac":40.4},"geometry":{"type":"Polygon","coordinates":[[[-105.61346,43.947504],[-105.608422,43.947452],[-105.608413,43.943805],[-105.613429,43.943852],[-105.61346,43.947504]]]}},{"type":"Feature","properties":{"q":"12","ac":42.4},"geometry":{"type":"Polygon","coordinates":[[[-105.674306,43.933074],[-105.674399,43.936741],[-105.669173,43.936769],[-105.669034,43.933116],[-105.674306,43.933074]]]}},{"type":"Feature","properties":{"q":"19","ac":41.5},"geometry":{"type":"Polygon","coordinates":[[[-105.669341,43.914748],[-105.669615,43.911037],[-105.674639,43.911038],[-105.674479,43.914736],[-105.669341,43.914748]]]}},{"type":"Feature","properties":{"q":"14","ac":41.2},"geometry":{"type":"Polygon","coordinates":[[[-105.584138,43.943827],[-105.579006,43.943832],[-105.579172,43.940203],[-105.584347,43.940196],[-105.584138,43.943827]]]}},{"type":"Feature","properties":{"q":"15","ac":38.1},"geometry":{"type":"Polygon","coordinates":[[[-105.598963,43.940174],[-105.598858,43.943813],[-105.594064,43.943817],[-105.594242,43.940182],[-105.598963,43.940174]]]}},{"type":"Feature","properties":{"q":"7","ac":41.4},"geometry":{"type":"Polygon","coordinates":[[[-105.653868,43.947764],[-105.659016,43.947753],[-105.659059,43.951404],[-105.6539,43.951407],[-105.653868,43.947764]]]}},{"type":"Feature","properties":{"q":"11","ac":41.7},"geometry":{"type":"Polygon","coordinates":[[[-105.658972,43.944099],[-105.664158,43.944088],[-105.664196,43.947741],[-105.659016,43.947753],[-105.658972,43.944099]]]}},{"type":"Feature","properties":{"q":"13","ac":41.5},"geometry":{"type":"Polygon","coordinates":[[[-105.648895,43.925763],[-105.64884,43.929447],[-105.643719,43.929497],[-105.643758,43.925844],[-105.648895,43.925763]]]}},{"type":"Feature","properties":{"q":"8","ac":40.8},"geometry":{"type":"Polygon","coordinates":[[[-105.689833,43.936616],[-105.689855,43.94028],[-105.684808,43.940336],[-105.684779,43.936664],[-105.689833,43.936616]]]}},{"type":"Feature","properties":{"q":"12","ac":40.4},"geometry":{"type":"Polygon","coordinates":[[[-105.623445,43.943947],[-105.628445,43.943995],[-105.628511,43.947658],[-105.623505,43.947607],[-105.623445,43.943947]]]}},{"type":"Feature","properties":{"q":"17","ac":40.7},"geometry":{"type":"Polygon","coordinates":[[[-105.689714,43.925652],[-105.689763,43.929302],[-105.684707,43.929341],[-105.684664,43.925689],[-105.689714,43.925652]]]}},{"type":"Feature","properties":{"q":"18","ac":41.4},"geometry":{"type":"Polygon","coordinates":[[[-105.674639,43.911038],[-105.679663,43.911039],[-105.679618,43.914723],[-105.674479,43.914736],[-105.674639,43.911038]]]}},{"type":"Feature","properties":{"q":"9","ac":41.1},"geometry":{"type":"Polygon","coordinates":[[[-105.689926,43.947607],[-105.689974,43.951308],[-105.684918,43.951324],[-105.684877,43.947637],[-105.689926,43.947607]]]}},{"type":"Feature","properties":{"q":"14","ac":40.7},"geometry":{"type":"Polygon","coordinates":[[[-105.65895,43.929492],[-105.658957,43.925859],[-105.66404,43.925831],[-105.664014,43.929476],[-105.65895,43.929492]]]}},{"type":"Feature","properties":{"q":"4","ac":39.1},"geometry":{"type":"Polygon","coordinates":[[[-105.623753,43.922351],[-105.628622,43.922429],[-105.628349,43.926085],[-105.623531,43.926016],[-105.623753,43.922351]]]}},{"type":"Feature","properties":{"q":"10","ac":41.2},"geometry":{"type":"Polygon","coordinates":[[[-105.679529,43.922067],[-105.679573,43.918408],[-105.684663,43.918383],[-105.684664,43.922036],[-105.679529,43.922067]]]}},{"type":"Feature","properties":{"q":"1","ac":41.5},"geometry":{"type":"Polygon","coordinates":[[[-105.648727,43.936818],[-105.653831,43.936801],[-105.653799,43.940475],[-105.648669,43.940504],[-105.648727,43.936818]]]}},{"type":"Feature","properties":{"q":"5","ac":42.0},"geometry":{"type":"Polygon","coordinates":[[[-105.669312,43.940422],[-105.669173,43.936769],[-105.674399,43.936741],[-105.674493,43.940408],[-105.669312,43.940422]]]}},{"type":"Feature","properties":{"q":"12","ac":40.7},"geometry":{"type":"Polygon","coordinates":[[[-105.659424,43.914728],[-105.659579,43.91103],[-105.664597,43.911034],[-105.664382,43.914738],[-105.659424,43.914728]]]}},{"type":"Feature","properties":{"q":"14","ac":38.1},"geometry":{"type":"Polygon","coordinates":[[[-105.598963,43.940174],[-105.603684,43.940166],[-105.603636,43.943809],[-105.598858,43.943813],[-105.598963,43.940174]]]}},{"type":"Feature","properties":{"q":"12","ac":38.2},"geometry":{"type":"Polygon","coordinates":[[[-105.604057,43.929386],[-105.60891,43.929395],[-105.608742,43.932982],[-105.603933,43.932979],[-105.604057,43.929386]]]}},{"type":"Feature","properties":{"q":"12","ac":40.3},"geometry":{"type":"Polygon","coordinates":[[[-105.609256,43.918429],[-105.604311,43.918425],[-105.604376,43.914746],[-105.609345,43.914741],[-105.609256,43.918429]]]}},{"type":"Feature","properties":{"q":"4","ac":40.9},"geometry":{"type":"Polygon","coordinates":[[[-105.664104,43.922137],[-105.669095,43.922131],[-105.669124,43.925803],[-105.66404,43.925831],[-105.664104,43.922137]]]}},{"type":"Feature","properties":{"q":"4","ac":41.1},"geometry":{"type":"Polygon","coordinates":[[[-105.589521,43.94019],[-105.584347,43.940196],[-105.584354,43.936582],[-105.589513,43.936579],[-105.589521,43.94019]]]}},{"type":"Feature","properties":{"q":"10","ac":42.7},"geometry":{"type":"Polygon","coordinates":[[[-105.634232,43.914833],[-105.639286,43.914784],[-105.63906,43.918583],[-105.633977,43.918678],[-105.634232,43.914833]]]}},{"type":"Feature","properties":{"q":"7","ac":40.5},"geometry":{"type":"Polygon","coordinates":[[[-105.61346,43.947504],[-105.618499,43.947556],[-105.618552,43.951211],[-105.613524,43.951155],[-105.61346,43.947504]]]}},{"type":"Feature","properties":{"q":"SWSW","ac":41.6},"geometry":{"type":"Polygon","coordinates":[[[-105.584307,43.911088],[-105.58946,43.911071],[-105.589469,43.91474],[-105.584325,43.914751],[-105.584307,43.911088]]]}},{"type":"Feature","properties":{"q":"3","ac":40.8},"geometry":{"type":"Polygon","coordinates":[[[-105.638548,43.9368],[-105.643637,43.936809],[-105.643596,43.940467],[-105.638524,43.94043],[-105.638548,43.9368]]]}},{"type":"Feature","properties":{"q":"15","ac":41.2},"geometry":{"type":"Polygon","coordinates":[[[-105.573998,43.94021],[-105.579172,43.940203],[-105.579006,43.943832],[-105.573888,43.943837],[-105.573998,43.94021]]]}},{"type":"Feature","properties":{"q":"12","ac":38.4},"geometry":{"type":"Polygon","coordinates":[[[-105.628356,43.929647],[-105.628364,43.933208],[-105.623458,43.933152],[-105.623495,43.929584],[-105.628356,43.929647]]]}},{"type":"Feature","properties":{"q":"6","ac":40.4},"geometry":{"type":"Polygon","coordinates":[[[-105.659269,43.918427],[-105.664168,43.918443],[-105.664104,43.922137],[-105.659113,43.922143],[-105.659269,43.918427]]]}},{"type":"Feature","properties":{"q":"2","ac":41.2},"geometry":{"type":"Polygon","coordinates":[[[-105.579172,43.940203],[-105.573998,43.94021],[-105.574037,43.936587],[-105.579195,43.936585],[-105.579172,43.940203]]]}},{"type":"Feature","properties":{"q":"6","ac":41.7},"geometry":{"type":"Polygon","coordinates":[[[-105.659016,43.947753],[-105.664196,43.947741],[-105.664234,43.9514],[-105.659059,43.951404],[-105.659016,43.947753]]]}},{"type":"Feature","properties":{"q":"4","ac":41.6},"geometry":{"type":"Polygon","coordinates":[[[-105.649061,43.922078],[-105.648895,43.925763],[-105.643758,43.925844],[-105.643951,43.922166],[-105.649061,43.922078]]]}},{"type":"Feature","properties":{"q":"10","ac":40.7},"geometry":{"type":"Polygon","coordinates":[[[-105.638597,43.929547],[-105.638573,43.93317],[-105.633468,43.933189],[-105.633477,43.929597],[-105.638597,43.929547]]]}},{"type":"Feature","properties":{"q":"9","ac":40.7},"geometry":{"type":"Polygon","coordinates":[[[-105.568769,43.943842],[-105.573888,43.943837],[-105.573778,43.947465],[-105.568715,43.947469],[-105.568769,43.943842]]]}},{"type":"Feature","properties":{"q":"12","ac":40.9},"geometry":{"type":"Polygon","coordinates":[[[-105.584138,43.943827],[-105.58927,43.943821],[-105.589019,43.947452],[-105.58393,43.947457],[-105.584138,43.943827]]]}},{"type":"Feature","properties":{"q":"14","ac":42.3},"geometry":{"type":"Polygon","coordinates":[[[-105.679531,43.92938],[-105.679578,43.933033],[-105.674306,43.933074],[-105.674305,43.92942],[-105.679531,43.92938]]]}},{"type":"Feature","properties":{"q":"11","ac":40.6},"geometry":{"type":"Polygon","coordinates":[[[-105.643666,43.947746],[-105.638613,43.947717],[-105.638568,43.944073],[-105.643631,43.944106],[-105.643666,43.947746]]]}},{"type":"Feature","properties":{"q":"3","ac":37.6},"geometry":{"type":"Polygon","coordinates":[[[-105.599043,43.936575],[-105.603808,43.936573],[-105.603684,43.940166],[-105.598963,43.940174],[-105.599043,43.936575]]]}},{"type":"Feature","properties":{"q":"8","ac":38.9},"geometry":{"type":"Polygon","coordinates":[[[-105.608742,43.932982],[-105.613647,43.933039],[-105.613523,43.936619],[-105.608573,43.93657],[-105.608742,43.932982]]]}},{"type":"Feature","properties":{"q":"14","ac":41.8},"geometry":{"type":"Polygon","coordinates":[[[-105.664121,43.940434],[-105.664158,43.944088],[-105.658972,43.944099],[-105.658929,43.940446],[-105.664121,43.940434]]]}},{"type":"Feature","properties":{"q":"14","ac":40.7},"geometry":{"type":"Polygon","coordinates":[[[-105.638524,43.94043],[-105.643596,43.940467],[-105.643631,43.944106],[-105.638568,43.944073],[-105.638524,43.94043]]]}},{"type":"Feature","properties":{"q":"11","ac":42.3},"geometry":{"type":"Polygon","coordinates":[[[-105.67432,43.918433],[-105.679573,43.918408],[-105.679529,43.922067],[-105.674312,43.922099],[-105.67432,43.918433]]]}},{"type":"Feature","properties":{"q":"7","ac":41.2},"geometry":{"type":"Polygon","coordinates":[[[-105.658943,43.933124],[-105.658936,43.936785],[-105.653831,43.936801],[-105.653864,43.933128],[-105.658943,43.933124]]]}},{"type":"Feature","properties":{"q":"7","ac":40.6},"geometry":{"type":"Polygon","coordinates":[[[-105.633468,43.933189],[-105.638573,43.93317],[-105.638548,43.9368],[-105.63346,43.936785],[-105.633468,43.933189]]]}},{"type":"Feature","properties":{"q":"16","ac":38.1},"geometry":{"type":"Polygon","coordinates":[[[-105.589521,43.94019],[-105.594242,43.940182],[-105.594064,43.943817],[-105.58927,43.943821],[-105.589521,43.94019]]]}},{"type":"Feature","properties":{"q":"9","ac":40.8},"geometry":{"type":"Polygon","coordinates":[[[-105.628445,43.943995],[-105.633507,43.944034],[-105.633562,43.947687],[-105.628511,43.947658],[-105.628445,43.943995]]]}},{"type":"Feature","properties":{"q":"4","ac":37.5},"geometry":{"type":"Polygon","coordinates":[[[-105.603684,43.940166],[-105.603808,43.936573],[-105.608573,43.93657],[-105.608405,43.940158],[-105.603684,43.940166]]]}},{"type":"Feature","properties":{"q":"12","ac":41.5},"geometry":{"type":"Polygon","coordinates":[[[-105.644341,43.914743],[-105.649395,43.914702],[-105.649227,43.918392],[-105.644144,43.918488],[-105.644341,43.914743]]]}},{"type":"Feature","properties":{"q":"13","ac":41.3},"geometry":{"type":"Polygon","coordinates":[[[-105.649563,43.911011],[-105.649395,43.914702],[-105.644341,43.914743],[-105.644538,43.910998],[-105.649563,43.911011]]]}},{"type":"Feature","properties":{"q":"2","ac":39.8},"geometry":{"type":"Polygon","coordinates":[[[-105.599284,43.925777],[-105.594387,43.925762],[-105.594404,43.922088],[-105.599325,43.922098],[-105.599284,43.925777]]]}},{"type":"Feature","properties":{"q":"5","ac":41.0},"geometry":{"type":"Polygon","coordinates":[[[-105.584362,43.932968],[-105.589505,43.932969],[-105.589513,43.936579],[-105.584354,43.936582],[-105.584362,43.932968]]]}},{"type":"Feature","properties":{"q":"3","ac":41.6},"geometry":{"type":"Polygon","coordinates":[[[-105.664055,43.936777],[-105.664121,43.940434],[-105.658929,43.940446],[-105.658936,43.936785],[-105.664055,43.936777]]]}},{"type":"Feature","properties":{"q":"10","ac":40.5},"geometry":{"type":"Polygon","coordinates":[[[-105.613429,43.943852],[-105.618445,43.943899],[-105.618499,43.947556],[-105.61346,43.947504],[-105.613429,43.943852]]]}},{"type":"Feature","properties":{"q":"7","ac":40.0},"geometry":{"type":"Polygon","coordinates":[[[-105.599366,43.91842],[-105.599325,43.922098],[-105.594404,43.922088],[-105.594422,43.918415],[-105.599366,43.91842]]]}},{"type":"Feature","properties":{"q":"12","ac":41.9},"geometry":{"type":"Polygon","coordinates":[[[-105.669377,43.94773],[-105.674561,43.947699],[-105.674596,43.951369],[-105.669409,43.951396],[-105.669377,43.94773]]]}},{"type":"Feature","properties":{"q":"2","ac":41.4},"geometry":{"type":"Polygon","coordinates":[[[-105.633731,43.922341],[-105.638841,43.922254],[-105.638622,43.925924],[-105.633485,43.926005],[-105.633731,43.922341]]]}},{"type":"Feature","properties":{"q":"9","ac":40.1},"geometry":{"type":"Polygon","coordinates":[[[-105.589469,43.91474],[-105.594438,43.914745],[-105.594422,43.918415],[-105.589478,43.918409],[-105.589469,43.91474]]]}},{"type":"Feature","properties":{"q":"10","ac":41.4},"geometry":{"type":"Polygon","coordinates":[[[-105.658972,43.944099],[-105.659016,43.947753],[-105.653868,43.947764],[-105.653833,43.944119],[-105.658972,43.944099]]]}},{"type":"Feature","properties":{"q":"NESE","ac":41.3},"geometry":{"type":"Polygon","coordinates":[[[-105.568896,43.914783],[-105.574039,43.914772],[-105.574077,43.918422],[-105.568944,43.918425],[-105.568896,43.914783]]]}},{"type":"Feature","properties":{"q":"14","ac":41.1},"geometry":{"type":"Polygon","coordinates":[[[-105.679618,43.914723],[-105.684675,43.914712],[-105.684663,43.918383],[-105.679573,43.918408],[-105.679618,43.914723]]]}},{"type":"Feature","properties":{"q":"11","ac":38.6},"geometry":{"type":"Polygon","coordinates":[[[-105.603587,43.947453],[-105.598753,43.947453],[-105.598858,43.943813],[-105.603636,43.943809],[-105.603587,43.947453]]]}},{"type":"Feature","properties":{"q":"14","ac":38.7},"geometry":{"type":"Polygon","coordinates":[[[-105.599284,43.925777],[-105.604181,43.925792],[-105.604057,43.929386],[-105.599204,43.929377],[-105.599284,43.925777]]]}},{"type":"Feature","properties":{"q":"11","ac":40.9},"geometry":{"type":"Polygon","coordinates":[[[-105.579006,43.943832],[-105.584138,43.943827],[-105.58393,43.947457],[-105.57884,43.947461],[-105.579006,43.943832]]]}},{"type":"Feature","properties":{"q":"6","ac":40.4},"geometry":{"type":"Polygon","coordinates":[[[-105.618499,43.947556],[-105.623505,43.947607],[-105.623565,43.951266],[-105.618552,43.951211],[-105.618499,43.947556]]]}},{"type":"Feature","properties":{"q":"2","ac":41.4},"geometry":{"type":"Polygon","coordinates":[[[-105.658929,43.940446],[-105.653799,43.940475],[-105.653831,43.936801],[-105.658936,43.936785],[-105.658929,43.940446]]]}},{"type":"Feature","properties":{"q":"19","ac":41.9},"geometry":{"type":"Polygon","coordinates":[[[-105.674304,43.925765],[-105.679484,43.925727],[-105.679531,43.92938],[-105.674305,43.92942],[-105.674304,43.925765]]]}},{"type":"Feature","properties":{"q":"NENE","ac":41.1},"geometry":{"type":"Polygon","coordinates":[[[-105.568992,43.922068],[-105.574115,43.922071],[-105.574153,43.92572],[-105.56904,43.925711],[-105.568992,43.922068]]]}},{"type":"Feature","properties":{"q":"8","ac":41.3},"geometry":{"type":"Polygon","coordinates":[[[-105.648727,43.936818],[-105.648785,43.933131],[-105.653864,43.933128],[-105.653831,43.936801],[-105.648727,43.936818]]]}},{"type":"Feature","properties":{"q":"3","ac":41.2},"geometry":{"type":"Polygon","coordinates":[[[-105.579172,43.940203],[-105.579195,43.936585],[-105.584354,43.936582],[-105.584347,43.940196],[-105.579172,43.940203]]]}},{"type":"Feature","properties":{"q":"8","ac":40.5},"geometry":{"type":"Polygon","coordinates":[[[-105.61346,43.947504],[-105.613524,43.951155],[-105.608495,43.951099],[-105.608422,43.947452],[-105.61346,43.947504]]]}},{"type":"Feature","properties":{"q":"SWNE","ac":41.3},"geometry":{"type":"Polygon","coordinates":[[[-105.574077,43.918422],[-105.579209,43.918418],[-105.579237,43.922073],[-105.574115,43.922071],[-105.574077,43.918422]]]}},{"type":"Feature","properties":{"q":"8","ac":41.2},"geometry":{"type":"Polygon","coordinates":[[[-105.568932,43.932963],[-105.574075,43.932965],[-105.574037,43.936587],[-105.568878,43.93659],[-105.568932,43.932963]]]}},{"type":"Feature","properties":{"q":"16","ac":40.7},"geometry":{"type":"Polygon","coordinates":[[[-105.689763,43.929302],[-105.689812,43.932952],[-105.68475,43.932992],[-105.684707,43.929341],[-105.689763,43.929302]]]}},{"type":"Feature","properties":{"q":"5","ac":40.2},"geometry":{"type":"Polygon","coordinates":[[[-105.664168,43.918443],[-105.669067,43.918459],[-105.669095,43.922131],[-105.664104,43.922137],[-105.664168,43.918443]]]}},{"type":"Feature","properties":{"q":"13","ac":38.6},"geometry":{"type":"Polygon","coordinates":[[[-105.604181,43.925792],[-105.609079,43.925807],[-105.60891,43.929395],[-105.604057,43.929386],[-105.604181,43.925792]]]}},{"type":"Feature","properties":{"q":"14","ac":41.6},"geometry":{"type":"Polygon","coordinates":[[[-105.679709,43.944031],[-105.679746,43.947668],[-105.674561,43.947699],[-105.674527,43.944054],[-105.679709,43.944031]]]}},{"type":"Feature","properties":{"q":"1","ac":40.1},"geometry":{"type":"Polygon","coordinates":[[[-105.63346,43.936785],[-105.633451,43.940381],[-105.628379,43.940331],[-105.628371,43.93677],[-105.63346,43.936785]]]}},{"type":"Feature","properties":{"q":"3","ac":39.1},"geometry":{"type":"Polygon","coordinates":[[[-105.618472,43.936669],[-105.623422,43.936719],[-105.623385,43.940286],[-105.618392,43.940241],[-105.618472,43.936669]]]}},{"type":"Feature","properties":{"q":"13","ac":40.8},"geometry":{"type":"Polygon","coordinates":[[[-105.589489,43.925747],[-105.589497,43.929358],[-105.58437,43.929353],[-105.584377,43.925738],[-105.589489,43.925747]]]}},{"type":"Feature","properties":{"q":"7","ac":39.6},"geometry":{"type":"Polygon","coordinates":[[[-105.619055,43.918601],[-105.618884,43.922274],[-105.614026,43.922196],[-105.614155,43.918515],[-105.619055,43.918601]]]}},{"type":"Feature","properties":{"q":"12","ac":41.4},"geometry":{"type":"Polygon","coordinates":[[[-105.648785,43.933131],[-105.643679,43.933151],[-105.643719,43.929497],[-105.64884,43.929447],[-105.648785,43.933131]]]}},{"type":"Feature","properties":{"q":"20","ac":41.9},"geometry":{"type":"Polygon","coordinates":[[[-105.674304,43.925765],[-105.674305,43.92942],[-105.669079,43.929459],[-105.669124,43.925803],[-105.674304,43.925765]]]}},{"type":"Feature","properties":{"q":"9","ac":38.6},"geometry":{"type":"Polygon","coordinates":[[[-105.608742,43.932982],[-105.60891,43.929395],[-105.613772,43.929458],[-105.613647,43.933039],[-105.608742,43.932982]]]}},{"type":"Feature","properties":{"q":"SWSE","ac":41.5},"geometry":{"type":"Polygon","coordinates":[[[-105.574001,43.911123],[-105.579154,43.911106],[-105.579182,43.914762],[-105.574039,43.914772],[-105.574001,43.911123]]]}},{"type":"Feature","properties":{"q":"15","ac":41.7},"geometry":{"type":"Polygon","coordinates":[[[-105.684707,43.929341],[-105.68475,43.932992],[-105.679578,43.933033],[-105.679531,43.92938],[-105.684707,43.929341]]]}},{"type":"Feature","properties":{"q":"7","ac":41.7},"geometry":{"type":"Polygon","coordinates":[[[-105.684779,43.936664],[-105.684808,43.940336],[-105.679673,43.940393],[-105.679626,43.936713],[-105.684779,43.936664]]]}},{"type":"Feature","properties":{"q":"7","ac":41.2},"geometry":{"type":"Polygon","coordinates":[[[-105.63906,43.918583],[-105.638841,43.922254],[-105.633731,43.922341],[-105.633977,43.918678],[-105.63906,43.918583]]]}},{"type":"Feature","properties":{"q":"11","ac":41.0},"geometry":{"type":"Polygon","coordinates":[[[-105.643719,43.929497],[-105.643679,43.933151],[-105.638573,43.93317],[-105.638597,43.929547],[-105.643719,43.929497]]]}},{"type":"Feature","properties":{"q":"8","ac":40.3},"geometry":{"type":"Polygon","coordinates":[[[-105.568715,43.947469],[-105.573778,43.947465],[-105.573667,43.95111],[-105.56866,43.951095],[-105.568715,43.947469]]]}},{"type":"Feature","properties":{"q":"4","ac":41.5},"geometry":{"type":"Polygon","coordinates":[[[-105.664055,43.936777],[-105.669173,43.936769],[-105.669312,43.940422],[-105.664121,43.940434],[-105.664055,43.936777]]]}},{"type":"Feature","properties":{"q":"8","ac":39.7},"geometry":{"type":"Polygon","coordinates":[[[-105.609168,43.922118],[-105.609256,43.918429],[-105.614155,43.918515],[-105.614026,43.922196],[-105.609168,43.922118]]]}},{"type":"Feature","properties":{"q":"1","ac":41.0},"geometry":{"type":"Polygon","coordinates":[[[-105.649061,43.922078],[-105.654087,43.92211],[-105.653926,43.925811],[-105.648895,43.925763],[-105.649061,43.922078]]]}},{"type":"Feature","properties":{"q":"15","ac":40.3},"geometry":{"type":"Polygon","coordinates":[[[-105.613429,43.943852],[-105.613398,43.9402],[-105.618392,43.940241],[-105.618445,43.943899],[-105.613429,43.943852]]]}},{"type":"Feature","properties":{"q":"6","ac":40.5},"geometry":{"type":"Polygon","coordinates":[[[-105.638613,43.947717],[-105.643666,43.947746],[-105.643699,43.951388],[-105.638658,43.951365],[-105.638613,43.947717]]]}},{"type":"Feature","properties":{"q":"14","ac":41.9},"geometry":{"type":"Polygon","coordinates":[[[-105.639513,43.910985],[-105.644538,43.910998],[-105.644341,43.914743],[-105.639286,43.914784],[-105.639513,43.910985]]]}},{"type":"Feature","properties":{"q":"13","ac":42.3},"geometry":{"type":"Polygon","coordinates":[[[-105.674305,43.92942],[-105.674306,43.933074],[-105.669034,43.933116],[-105.669079,43.929459],[-105.674305,43.92942]]]}},{"type":"Feature","properties":{"q":"12","ac":41.1},"geometry":{"type":"Polygon","coordinates":[[[-105.608727,43.973039],[-105.608719,43.976743],[-105.603674,43.976683],[-105.603682,43.972997],[-105.608727,43.973039]]]}},{"type":"Feature","properties":{"q":"1","ac":40.4},"geometry":{"type":"Polygon","coordinates":[[[-105.588588,43.983809],[-105.58858,43.980154],[-105.593599,43.980228],[-105.593599,43.983894],[-105.588588,43.983809]]]}},{"type":"Feature","properties":{"q":"6","ac":43.7},"geometry":{"type":"Polygon","coordinates":[[[-105.674623,43.980689],[-105.679881,43.980737],[-105.679976,43.984567],[-105.674762,43.984449],[-105.674623,43.980689]]]}},{"type":"Feature","properties":{"q":"16","ac":40.7},"geometry":{"type":"Polygon","coordinates":[[[-105.648963,43.969659],[-105.654004,43.969636],[-105.65408,43.9733],[-105.649028,43.973313],[-105.648963,43.969659]]]}},{"type":"Feature","properties":{"q":"11","ac":40.8},"geometry":{"type":"Polygon","coordinates":[[[-105.618785,43.973157],[-105.623814,43.973216],[-105.623836,43.976886],[-105.618797,43.976839],[-105.618785,43.973157]]]}},{"type":"Feature","properties":{"q":"SWNE","ac":40.6},"geometry":{"type":"Polygon","coordinates":[[[-105.633761,43.962313],[-105.638795,43.962326],[-105.638841,43.965982],[-105.633806,43.96597],[-105.633761,43.962313]]]}},{"type":"Feature","properties":{"q":"1","ac":40.9},"geometry":{"type":"Polygon","coordinates":[[[-105.654306,43.984291],[-105.649226,43.984278],[-105.64916,43.980623],[-105.654231,43.980627],[-105.654306,43.984291]]]}},{"type":"Feature","properties":{"q":"5","ac":40.7},"geometry":{"type":"Polygon","coordinates":[[[-105.628874,43.976933],[-105.628905,43.980591],[-105.623857,43.980556],[-105.623836,43.976886],[-105.628874,43.976933]]]}},{"type":"Feature","properties":{"q":"11","ac":39.6},"geometry":{"type":"Polygon","coordinates":[[[-105.659089,43.958661],[-105.664144,43.958644],[-105.664016,43.962229],[-105.659074,43.962268],[-105.659089,43.958661]]]}},{"type":"Feature","properties":{"q":"3","ac":39.1},"geometry":{"type":"Polygon","coordinates":[[[-105.578499,43.980067],[-105.58354,43.980111],[-105.583534,43.983672],[-105.57848,43.983535],[-105.578499,43.980067]]]}},{"type":"Feature","properties":{"q":"6","ac":39.6},"geometry":{"type":"Polygon","coordinates":[[[-105.583522,43.96208],[-105.583541,43.965679],[-105.578545,43.965712],[-105.578532,43.962108],[-105.583522,43.96208]]]}},{"type":"Feature","properties":{"q":"5","ac":40.7},"geometry":{"type":"Polygon","coordinates":[[[-105.568411,43.99489],[-105.573486,43.994947],[-105.573498,43.998575],[-105.568411,43.998533],[-105.568411,43.99489]]]}},{"type":"Feature","properties":{"q":"15","ac":41.1},"geometry":{"type":"Polygon","coordinates":[[[-105.679766,43.958594],[-105.684955,43.958588],[-105.684951,43.962165],[-105.679712,43.962173],[-105.679766,43.958594]]]}},{"type":"Feature","properties":{"q":"11","ac":39.7},"geometry":{"type":"Polygon","coordinates":[[[-105.593728,43.991591],[-105.598777,43.99158],[-105.598856,43.995157],[-105.593788,43.995137],[-105.593728,43.991591]]]}},{"type":"Feature","properties":{"q":"7","ac":41.3},"geometry":{"type":"Polygon","coordinates":[[[-105.653973,43.965973],[-105.653942,43.962309],[-105.659074,43.962268],[-105.65906,43.965941],[-105.653973,43.965973]]]}},{"type":"Feature","properties":{"q":"3","ac":41.7},"geometry":{"type":"Polygon","coordinates":[[[-105.659059,43.951404],[-105.664234,43.9514],[-105.664272,43.955058],[-105.659103,43.955054],[-105.659059,43.951404]]]}},{"type":"Feature","properties":{"q":"12","ac":40.4},"geometry":{"type":"Polygon","coordinates":[[[-105.60861,43.958393],[-105.608652,43.962041],[-105.603623,43.962044],[-105.603589,43.958391],[-105.60861,43.958393]]]}},{"type":"Feature","properties":{"q":"6","ac":40.4},"geometry":{"type":"Polygon","coordinates":[[[-105.593788,43.995137],[-105.598856,43.995157],[-105.598935,43.998781],[-105.593848,43.99874],[-105.593788,43.995137]]]}},{"type":"Feature","properties":{"q":"16","ac":40.6},"geometry":{"type":"Polygon","coordinates":[[[-105.628843,43.973275],[-105.628812,43.969617],[-105.63385,43.969627],[-105.633889,43.973285],[-105.628843,43.973275]]]}},{"type":"Feature","properties":{"q":"14","ac":40.9},"geometry":{"type":"Polygon","coordinates":[[[-105.598638,43.972954],[-105.598647,43.969286],[-105.603691,43.969311],[-105.603682,43.972997],[-105.598638,43.972954]]]}},{"type":"Feature","properties":{"q":"12","ac":40.4},"geometry":{"type":"Polygon","coordinates":[[[-105.623667,43.958581],[-105.628686,43.958643],[-105.628728,43.962301],[-105.623709,43.962236],[-105.623667,43.958581]]]}},{"type":"Feature","properties":{"q":"14","ac":40.7},"geometry":{"type":"Polygon","coordinates":[[[-105.664143,43.973274],[-105.659131,43.973287],[-105.659045,43.969614],[-105.664087,43.969592],[-105.664143,43.973274]]]}},{"type":"Feature","properties":{"q":"12","ac":40.5},"geometry":{"type":"Polygon","coordinates":[[[-105.568411,43.991247],[-105.573473,43.991336],[-105.573486,43.994947],[-105.568411,43.99489],[-105.568411,43.991247]]]}},{"type":"Feature","properties":{"q":"7","ac":41.4},"geometry":{"type":"Polygon","coordinates":[[[-105.68488,43.98064],[-105.684896,43.984393],[-105.679976,43.984567],[-105.679881,43.980737],[-105.68488,43.98064]]]}},{"type":"Feature","properties":{"q":"12","ac":40.4},"geometry":{"type":"Polygon","coordinates":[[[-105.654274,43.99526],[-105.649272,43.99525],[-105.649252,43.991588],[-105.654282,43.9916],[-105.654274,43.99526]]]}},{"type":"Feature","properties":{"q":"18","ac":43.8},"geometry":{"type":"Polygon","coordinates":[[[-105.57848,43.983535],[-105.583534,43.983672],[-105.583571,43.987592],[-105.578508,43.98748],[-105.57848,43.983535]]]}},{"type":"Feature","properties":{"q":"8","ac":40.0},"geometry":{"type":"Polygon","coordinates":[[[-105.588512,43.962052],[-105.593554,43.96205],[-105.593578,43.965656],[-105.588536,43.965645],[-105.588512,43.962052]]]}},{"type":"Feature","properties":{"q":"12","ac":40.9},"geometry":{"type":"Polygon","coordinates":[[[-105.684679,43.99159],[-105.68971,43.991574],[-105.689657,43.995251],[-105.684568,43.99526],[-105.684679,43.99159]]]}},{"type":"Feature","properties":{"q":"15","ac":40.6},"geometry":{"type":"Polygon","coordinates":[[[-105.593603,43.969262],[-105.598647,43.969286],[-105.598638,43.972954],[-105.593602,43.972912],[-105.593603,43.969262]]]}},{"type":"Feature","properties":{"q":"10","ac":40.4},"geometry":{"type":"Polygon","coordinates":[[[-105.578538,43.972958],[-105.578518,43.976599],[-105.573476,43.976648],[-105.573517,43.973002],[-105.578538,43.972958]]]}},{"type":"Feature","properties":{"q":"NENW","ac":40.5},"geometry":{"type":"Polygon","coordinates":[[[-105.638841,43.965982],[-105.643864,43.965993],[-105.643925,43.969648],[-105.638887,43.969638],[-105.638841,43.965982]]]}},{"type":"Feature","properties":{"q":"3","ac":40.5},"geometry":{"type":"Polygon","coordinates":[[[-105.578505,43.954787],[-105.578673,43.951124],[-105.583721,43.951104],[-105.583511,43.95475],[-105.578505,43.954787]]]}},{"type":"Feature","properties":{"q":"14","ac":42.9},"geometry":{"type":"Polygon","coordinates":[[[-105.674424,43.973242],[-105.679693,43.973224],[-105.679785,43.976907],[-105.674484,43.976929],[-105.674424,43.973242]]]}},{"type":"Feature","properties":{"q":"10","ac":40.4},"geometry":{"type":"Polygon","coordinates":[[[-105.618648,43.958518],[-105.61869,43.962171],[-105.613671,43.962106],[-105.613629,43.958456],[-105.618648,43.958518]]]}},{"type":"Feature","properties":{"q":"SESE","ac":40.5},"geometry":{"type":"Polygon","coordinates":[[[-105.628644,43.954984],[-105.633673,43.954999],[-105.633717,43.958656],[-105.628686,43.958643],[-105.628644,43.954984]]]}},{"type":"Feature","properties":{"q":"2","ac":40.4},"geometry":{"type":"Polygon","coordinates":[[[-105.613524,43.951155],[-105.618552,43.951211],[-105.618606,43.954865],[-105.613587,43.954806],[-105.613524,43.951155]]]}},{"type":"Feature","properties":{"q":"5","ac":40.6},"geometry":{"type":"Polygon","coordinates":[[[-105.609009,43.995198],[-105.614047,43.995206],[-105.614142,43.998865],[-105.609111,43.998863],[-105.609009,43.995198]]]}},{"type":"Feature","properties":{"q":"11","ac":40.5},"geometry":{"type":"Polygon","coordinates":[[[-105.664143,43.973274],[-105.6642,43.976955],[-105.659216,43.976959],[-105.659131,43.973287],[-105.664143,43.973274]]]}},{"type":"Feature","properties":{"q":"19","ac":40.1},"geometry":{"type":"Polygon","coordinates":[[[-105.689763,43.987897],[-105.68971,43.991574],[-105.684679,43.99159],[-105.684788,43.987992],[-105.689763,43.987897]]]}},{"type":"Feature","properties":{"q":"1","ac":41.4},"geometry":{"type":"Polygon","coordinates":[[[-105.6539,43.951407],[-105.653933,43.955049],[-105.648762,43.955044],[-105.648741,43.951409],[-105.6539,43.951407]]]}},{"type":"Feature","properties":{"q":"10","ac":42.5},"geometry":{"type":"Polygon","coordinates":[[[-105.684894,43.965845],[-105.679657,43.965857],[-105.679712,43.962173],[-105.684951,43.962165],[-105.684894,43.965845]]]}},{"type":"Feature","properties":{"q":"13","ac":41.4},"geometry":{"type":"Polygon","coordinates":[[[-105.573459,43.987542],[-105.573473,43.991336],[-105.568411,43.991247],[-105.568411,43.987604],[-105.573459,43.987542]]]}},{"type":"Feature","properties":{"q":"NWSW","ac":40.6},"geometry":{"type":"Polygon","coordinates":[[[-105.623814,43.973216],[-105.628843,43.973275],[-105.628874,43.976933],[-105.623836,43.976886],[-105.623814,43.973216]]]}},{"type":"Feature","properties":{"q":"9","ac":41.0},"geometry":{"type":"Polygon","coordinates":[[[-105.679522,43.995269],[-105.679367,43.998918],[-105.674276,43.998912],[-105.674398,43.995278],[-105.679522,43.995269]]]}},{"type":"Feature","properties":{"q":"12","ac":40.4},"geometry":{"type":"Polygon","coordinates":[[[-105.588515,43.958383],[-105.588512,43.962052],[-105.583522,43.96208],[-105.583517,43.958415],[-105.588515,43.958383]]]}},{"type":"Feature","properties":{"q":"5","ac":39.6},"geometry":{"type":"Polygon","coordinates":[[[-105.588512,43.962052],[-105.588536,43.965645],[-105.583541,43.965679],[-105.583522,43.96208],[-105.588512,43.962052]]]}},{"type":"Feature","properties":{"q":"7","ac":40.4},"geometry":{"type":"Polygon","coordinates":[[[-105.624193,43.998866],[-105.619173,43.998868],[-105.619085,43.995214],[-105.624115,43.995219],[-105.624193,43.998866]]]}},{"type":"Feature","properties":{"q":"15","ac":41.5},"geometry":{"type":"Polygon","coordinates":[[[-105.684864,43.976886],[-105.679785,43.976907],[-105.679693,43.973224],[-105.68485,43.973206],[-105.684864,43.976886]]]}},{"type":"Feature","properties":{"q":"4","ac":40.8},"geometry":{"type":"Polygon","coordinates":[[[-105.623857,43.980556],[-105.628905,43.980591],[-105.628937,43.984249],[-105.623878,43.984225],[-105.623857,43.980556]]]}},{"type":"Feature","properties":{"q":"7","ac":41.7},"geometry":{"type":"Polygon","coordinates":[[[-105.684918,43.951324],[-105.684959,43.955011],[-105.67982,43.955014],[-105.679783,43.951341],[-105.684918,43.951324]]]}},{"type":"Feature","properties":{"q":"6","ac":41.0},"geometry":{"type":"Polygon","coordinates":[[[-105.603665,43.980374],[-105.598619,43.980301],[-105.598628,43.976622],[-105.603674,43.976683],[-105.603665,43.980374]]]}},{"type":"Feature","properties":{"q":"10","ac":40.5},"geometry":{"type":"Polygon","coordinates":[[[-105.639167,43.991584],[-105.644209,43.991587],[-105.644241,43.995239],[-105.63921,43.995228],[-105.639167,43.991584]]]}},{"type":"Feature","properties":{"q":"17","ac":40.8},"geometry":{"type":"Polygon","coordinates":[[[-105.649239,43.987933],[-105.644181,43.987929],[-105.644154,43.984271],[-105.649226,43.984278],[-105.649239,43.987933]]]}},{"type":"Feature","properties":{"q":"14","ac":43.1},"geometry":{"type":"Polygon","coordinates":[[[-105.578508,43.98748],[-105.578535,43.991424],[-105.573473,43.991336],[-105.573459,43.987542],[-105.578508,43.98748]]]}},{"type":"Feature","properties":{"q":"14","ac":40.1},"geometry":{"type":"Polygon","coordinates":[[[-105.583559,43.969277],[-105.583552,43.972913],[-105.578538,43.972958],[-105.578559,43.969316],[-105.583559,43.969277]]]}},{"type":"Feature","properties":{"q":"7","ac":41.0},"geometry":{"type":"Polygon","coordinates":[[[-105.618797,43.976839],[-105.618808,43.98052],[-105.61376,43.980484],[-105.613758,43.976791],[-105.618797,43.976839]]]}},{"type":"Feature","properties":{"q":"17","ac":40.8},"geometry":{"type":"Polygon","coordinates":[[[-105.664467,43.984317],[-105.669548,43.984331],[-105.669457,43.987983],[-105.664403,43.987971],[-105.664467,43.984317]]]}},{"type":"Feature","properties":{"q":"7","ac":39.6},"geometry":{"type":"Polygon","coordinates":[[[-105.578532,43.962108],[-105.578545,43.965712],[-105.573557,43.965745],[-105.573557,43.962136],[-105.578532,43.962108]]]}},{"type":"Feature","properties":{"q":"10","ac":41.0},"geometry":{"type":"Polygon","coordinates":[[[-105.659089,43.958661],[-105.659074,43.962268],[-105.653942,43.962309],[-105.653937,43.958679],[-105.659089,43.958661]]]}},{"type":"Feature","properties":{"q":"12","ac":40.6},"geometry":{"type":"Polygon","coordinates":[[[-105.664143,43.973274],[-105.669156,43.97326],[-105.669183,43.97695],[-105.6642,43.976955],[-105.664143,43.973274]]]}},{"type":"Feature","properties":{"q":"10","ac":40.1},"geometry":{"type":"Polygon","coordinates":[[[-105.598777,43.99158],[-105.603842,43.99157],[-105.603932,43.995178],[-105.598856,43.995157],[-105.598777,43.99158]]]}},{"type":"Feature","properties":{"q":"5","ac":40.4},"geometry":{"type":"Polygon","coordinates":[[[-105.628728,43.962301],[-105.62877,43.965959],[-105.623751,43.965891],[-105.623709,43.962236],[-105.628728,43.962301]]]}},{"type":"Feature","properties":{"q":"13","ac":41.1},"geometry":{"type":"Polygon","coordinates":[[[-105.608806,43.987855],[-105.613857,43.98787],[-105.613953,43.991564],[-105.608908,43.991559],[-105.608806,43.987855]]]}},{"type":"Feature","properties":{"q":"8","ac":40.3},"geometry":{"type":"Polygon","coordinates":[[[-105.649292,43.99889],[-105.644273,43.998874],[-105.644241,43.995239],[-105.649272,43.99525],[-105.649292,43.99889]]]}},{"type":"Feature","properties":{"q":"4","ac":40.3},"geometry":{"type":"Polygon","coordinates":[[[-105.583721,43.951104],[-105.588768,43.951083],[-105.588517,43.954714],[-105.583511,43.95475],[-105.583721,43.951104]]]}},{"type":"Feature","properties":{"q":"14","ac":40.4},"geometry":{"type":"Polygon","coordinates":[[[-105.583511,43.95475],[-105.583517,43.958415],[-105.578519,43.958447],[-105.578505,43.954787],[-105.583511,43.95475]]]}},{"type":"Feature","properties":{"q":"NWSW","ac":40.4},"geometry":{"type":"Polygon","coordinates":[[[-105.643767,43.958683],[-105.648786,43.958697],[-105.648809,43.962349],[-105.643802,43.962338],[-105.643767,43.958683]]]}},{"type":"Feature","properties":{"q":"5","ac":40.3},"geometry":{"type":"Polygon","coordinates":[[[-105.634233,43.998861],[-105.629213,43.998864],[-105.629144,43.995225],[-105.634177,43.995226],[-105.634233,43.998861]]]}},{"type":"Feature","properties":{"q":"2","ac":40.4},"geometry":{"type":"Polygon","coordinates":[[[-105.613712,43.965756],[-105.618732,43.965823],[-105.618774,43.969476],[-105.613754,43.969405],[-105.613712,43.965756]]]}},{"type":"Feature","properties":{"q":"9","ac":41.3},"geometry":{"type":"Polygon","coordinates":[[[-105.653942,43.962309],[-105.648809,43.962349],[-105.648786,43.958697],[-105.653937,43.958679],[-105.653942,43.962309]]]}},{"type":"Feature","properties":{"q":"4","ac":41.1},"geometry":{"type":"Polygon","coordinates":[[[-105.603665,43.980374],[-105.608711,43.980448],[-105.608703,43.984152],[-105.603656,43.984066],[-105.603665,43.980374]]]}},{"type":"Feature","properties":{"q":"8","ac":40.2},"geometry":{"type":"Polygon","coordinates":[[[-105.58876,43.9987],[-105.583673,43.998658],[-105.58364,43.995059],[-105.58872,43.995116],[-105.58876,43.9987]]]}},{"type":"Feature","properties":{"q":"5","ac":40.4},"geometry":{"type":"Polygon","coordinates":[[[-105.608652,43.962041],[-105.608693,43.965688],[-105.603657,43.965677],[-105.603623,43.962044],[-105.608652,43.962041]]]}},{"type":"Feature","properties":{"q":"11","ac":40.5},"geometry":{"type":"Polygon","coordinates":[[[-105.598569,43.958388],[-105.603589,43.958391],[-105.603623,43.962044],[-105.598595,43.962047],[-105.598569,43.958388]]]}},{"type":"Feature","properties":{"q":"7","ac":40.2},"geometry":{"type":"Polygon","coordinates":[[[-105.63921,43.995228],[-105.644241,43.995239],[-105.644273,43.998874],[-105.639253,43.998857],[-105.63921,43.995228]]]}},{"type":"Feature","properties":{"q":"3","ac":40.5},"geometry":{"type":"Polygon","coordinates":[[[-105.638658,43.951365],[-105.643699,43.951388],[-105.643732,43.955029],[-105.638703,43.955014],[-105.638658,43.951365]]]}},{"type":"Feature","properties":{"q":"15","ac":40.7},"geometry":{"type":"Polygon","coordinates":[[[-105.644181,43.987929],[-105.644209,43.991587],[-105.639167,43.991584],[-105.639124,43.987924],[-105.644181,43.987929]]]}},{"type":"Feature","properties":{"q":"6","ac":40.2},"geometry":{"type":"Polygon","coordinates":[[[-105.664016,43.962229],[-105.664051,43.965911],[-105.65906,43.965941],[-105.659074,43.962268],[-105.664016,43.962229]]]}},{"type":"Feature","properties":{"q":"16","ac":43.6},"geometry":{"type":"Polygon","coordinates":[[[-105.583571,43.987592],[-105.588634,43.987705],[-105.58868,43.991601],[-105.583608,43.991513],[-105.583571,43.987592]]]}},{"type":"Feature","properties":{"q":"7","ac":40.4},"geometry":{"type":"Polygon","coordinates":[[[-105.578586,43.998616],[-105.57856,43.995003],[-105.58364,43.995059],[-105.583673,43.998658],[-105.578586,43.998616]]]}},{"type":"Feature","properties":{"q":"2","ac":41.5},"geometry":{"type":"Polygon","coordinates":[[[-105.6539,43.951407],[-105.659059,43.951404],[-105.659103,43.955054],[-105.653933,43.955049],[-105.6539,43.951407]]]}},{"type":"Feature","properties":{"q":"9","ac":40.4},"geometry":{"type":"Polygon","coordinates":[[[-105.568434,43.976698],[-105.568496,43.973046],[-105.573517,43.973002],[-105.573476,43.976648],[-105.568434,43.976698]]]}},{"type":"Feature","properties":{"q":"10","ac":42.1},"geometry":{"type":"Polygon","coordinates":[[[-105.679785,43.976907],[-105.684864,43.976886],[-105.68488,43.98064],[-105.679881,43.980737],[-105.679785,43.976907]]]}},{"type":"Feature","properties":{"q":"20","ac":41.2},"geometry":{"type":"Polygon","coordinates":[[[-105.669441,43.955062],[-105.67463,43.955038],[-105.674483,43.95861],[-105.669199,43.958626],[-105.669441,43.955062]]]}},{"type":"Feature","properties":{"q":"11","ac":40.9},"geometry":{"type":"Polygon","coordinates":[[[-105.603682,43.972997],[-105.603674,43.976683],[-105.598628,43.976622],[-105.598638,43.972954],[-105.603682,43.972997]]]}},{"type":"Feature","properties":{"q":"SWNW","ac":40.4},"geometry":{"type":"Polygon","coordinates":[[[-105.648809,43.962349],[-105.648886,43.966004],[-105.643864,43.965993],[-105.643802,43.962338],[-105.648809,43.962349]]]}},{"type":"Feature","properties":{"q":"NENE","ac":40.6},"geometry":{"type":"Polygon","coordinates":[[[-105.633806,43.96597],[-105.63385,43.969627],[-105.628812,43.969617],[-105.62877,43.965959],[-105.633806,43.96597]]]}},{"type":"Feature","properties":{"q":"2","ac":39.9},"geometry":{"type":"Polygon","coordinates":[[[-105.598648,43.951091],[-105.598543,43.95473],[-105.59353,43.954722],[-105.593708,43.951087],[-105.598648,43.951091]]]}},{"type":"Feature","properties":{"q":"12","ac":40.5},"geometry":{"type":"Polygon","coordinates":[[[-105.629075,43.99158],[-105.634121,43.991582],[-105.634177,43.995226],[-105.629144,43.995225],[-105.629075,43.99158]]]}},{"type":"Feature","properties":{"q":"8","ac":39.7},"geometry":{"type":"Polygon","coordinates":[[[-105.573557,43.962136],[-105.573557,43.965745],[-105.56857,43.965779],[-105.568581,43.962163],[-105.573557,43.962136]]]}},{"type":"Feature","properties":{"q":"1","ac":41.2},"geometry":{"type":"Polygon","coordinates":[[[-105.608711,43.980448],[-105.61376,43.980484],[-105.613762,43.984176],[-105.608703,43.984152],[-105.608711,43.980448]]]}},{"type":"Feature","properties":{"q":"10","ac":39.8},"geometry":{"type":"Polygon","coordinates":[[[-105.578535,43.991424],[-105.583608,43.991513],[-105.58364,43.995059],[-105.57856,43.995003],[-105.578535,43.991424]]]}},{"type":"Feature","properties":{"q":"14","ac":40.5},"geometry":{"type":"Polygon","coordinates":[[[-105.659103,43.955054],[-105.664272,43.955058],[-105.664144,43.958644],[-105.659089,43.958661],[-105.659103,43.955054]]]}},{"type":"Feature","properties":{"q":"11","ac":44.1},"geometry":{"type":"Polygon","coordinates":[[[-105.679785,43.976907],[-105.679881,43.980737],[-105.674623,43.980689],[-105.674484,43.976929],[-105.679785,43.976907]]]}},{"type":"Feature","properties":{"q":"14","ac":40.4},"geometry":{"type":"Polygon","coordinates":[[[-105.598543,43.95473],[-105.603555,43.954738],[-105.603589,43.958391],[-105.598569,43.958388],[-105.598543,43.95473]]]}},{"type":"Feature","properties":{"q":"12","ac":43.3},"geometry":{"type":"Polygon","coordinates":[[[-105.669183,43.97695],[-105.674484,43.976929],[-105.674623,43.980689],[-105.669366,43.98064],[-105.669183,43.97695]]]}},{"type":"Feature","properties":{"q":"12","ac":40.4},"geometry":{"type":"Polygon","coordinates":[[[-105.609009,43.995198],[-105.608908,43.991559],[-105.613953,43.991564],[-105.614047,43.995206],[-105.609009,43.995198]]]}},{"type":"Feature","properties":{"q":"NWSE","ac":40.5},"geometry":{"type":"Polygon","coordinates":[[[-105.633717,43.958656],[-105.638749,43.95867],[-105.638795,43.962326],[-105.633761,43.962313],[-105.633717,43.958656]]]}},{"type":"Feature","properties":{"q":"3","ac":40.3},"geometry":{"type":"Polygon","coordinates":[[[-105.598621,43.965667],[-105.603657,43.965677],[-105.603691,43.969311],[-105.598647,43.969286],[-105.598621,43.965667]]]}},{"type":"Feature","properties":{"q":"11","ac":40.4},"geometry":{"type":"Polygon","coordinates":[[[-105.654282,43.9916],[-105.659313,43.991612],[-105.659275,43.995269],[-105.654274,43.99526],[-105.654282,43.9916]]]}},{"type":"Feature","properties":{"q":"15","ac":40.6},"geometry":{"type":"Polygon","coordinates":[[[-105.65935,43.987958],[-105.664403,43.987971],[-105.664339,43.991624],[-105.659313,43.991612],[-105.65935,43.987958]]]}},{"type":"Feature","properties":{"q":"9","ac":40.3},"geometry":{"type":"Polygon","coordinates":[[[-105.60861,43.958393],[-105.613629,43.958456],[-105.613671,43.962106],[-105.608652,43.962041],[-105.60861,43.958393]]]}},{"type":"Feature","properties":{"q":"19","ac":41.1},"geometry":{"type":"Polygon","coordinates":[[[-105.61882,43.984201],[-105.618909,43.987885],[-105.613857,43.98787],[-105.613762,43.984176],[-105.61882,43.984201]]]}},{"type":"Feature","properties":{"q":"3","ac":40.6},"geometry":{"type":"Polygon","coordinates":[[[-105.664051,43.965911],[-105.664087,43.969592],[-105.659045,43.969614],[-105.65906,43.965941],[-105.664051,43.965911]]]}},{"type":"Feature","properties":{"q":"17","ac":40.5},"geometry":{"type":"Polygon","coordinates":[[[-105.674522,43.99162],[-105.674642,43.988034],[-105.679827,43.988086],[-105.679677,43.991605],[-105.674522,43.99162]]]}},{"type":"Feature","properties":{"q":"13","ac":42.9},"geometry":{"type":"Polygon","coordinates":[[[-105.669183,43.97695],[-105.669156,43.97326],[-105.674424,43.973242],[-105.674484,43.976929],[-105.669183,43.97695]]]}},{"type":"Feature","properties":{"q":"2","ac":40.9},"geometry":{"type":"Polygon","coordinates":[[[-105.65906,43.965941],[-105.659045,43.969614],[-105.654004,43.969636],[-105.653973,43.965973],[-105.65906,43.965941]]]}},{"type":"Feature","properties":{"q":"13","ac":40.4},"geometry":{"type":"Polygon","coordinates":[[[-105.623667,43.958581],[-105.623625,43.954925],[-105.628644,43.954984],[-105.628686,43.958643],[-105.623667,43.958581]]]}},{"type":"Feature","properties":{"q":"NESE","ac":40.6},"geometry":{"type":"Polygon","coordinates":[[[-105.628686,43.958643],[-105.633717,43.958656],[-105.633761,43.962313],[-105.628728,43.962301],[-105.628686,43.958643]]]}},{"type":"Feature","properties":{"q":"17","ac":41.5},"geometry":{"type":"Polygon","coordinates":[[[-105.603656,43.984066],[-105.608703,43.984152],[-105.608806,43.987855],[-105.603749,43.987818],[-105.603656,43.984066]]]}},{"type":"Feature","properties":{"q":"6","ac":39.9},"geometry":{"type":"Polygon","coordinates":[[[-105.659275,43.995269],[-105.659238,43.998899],[-105.654265,43.998894],[-105.654274,43.99526],[-105.659275,43.995269]]]}},{"type":"Feature","properties":{"q":"8","ac":40.8},"geometry":{"type":"Polygon","coordinates":[[[-105.674398,43.995278],[-105.674276,43.998912],[-105.669184,43.998907],[-105.669275,43.995287],[-105.674398,43.995278]]]}},{"type":"Feature","properties":{"q":"22","ac":40.7},"geometry":{"type":"Polygon","coordinates":[[[-105.679976,43.984567],[-105.679827,43.988086],[-105.674642,43.988034],[-105.674762,43.984449],[-105.679976,43.984567]]]}},{"type":"Feature","properties":{"q":"19","ac":42.3},"geometry":{"type":"Polygon","coordinates":[[[-105.593599,43.983894],[-105.598609,43.98398],[-105.598693,43.98778],[-105.593664,43.987743],[-105.593599,43.983894]]]}},{"type":"Feature","properties":{"q":"5","ac":40.2},"geometry":{"type":"Polygon","coordinates":[[[-105.58872,43.995116],[-105.593788,43.995137],[-105.593848,43.99874],[-105.58876,43.9987],[-105.58872,43.995116]]]}},{"type":"Feature","properties":{"q":"8","ac":40.5},"geometry":{"type":"Polygon","coordinates":[[[-105.68488,43.98064],[-105.689868,43.980543],[-105.689816,43.98422],[-105.684896,43.984393],[-105.68488,43.98064]]]}},{"type":"Feature","properties":{"q":"1","ac":40.6},"geometry":{"type":"Polygon","coordinates":[[[-105.628578,43.951321],[-105.633618,43.951343],[-105.633673,43.954999],[-105.628644,43.954984],[-105.628578,43.951321]]]}},{"type":"Feature","properties":{"q":"2","ac":40.1},"geometry":{"type":"Polygon","coordinates":[[[-105.598621,43.965667],[-105.598647,43.969286],[-105.593603,43.969262],[-105.593578,43.965656],[-105.598621,43.965667]]]}},{"type":"Feature","properties":{"q":"10","ac":40.2},"geometry":{"type":"Polygon","coordinates":[[[-105.573556,43.958445],[-105.578519,43.958447],[-105.578532,43.962108],[-105.573557,43.962136],[-105.573556,43.958445]]]}},{"type":"Feature","properties":{"q":"16","ac":40.8},"geometry":{"type":"Polygon","coordinates":[[[-105.629006,43.987914],[-105.629075,43.99158],[-105.624036,43.991575],[-105.623957,43.9879],[-105.629006,43.987914]]]}},{"type":"Feature","properties":{"q":"10","ac":40.8},"geometry":{"type":"Polygon","coordinates":[[[-105.684568,43.99526],[-105.684457,43.998923],[-105.679367,43.998918],[-105.679522,43.995269],[-105.684568,43.99526]]]}},{"type":"Feature","properties":{"q":"1","ac":39.9},"geometry":{"type":"Polygon","coordinates":[[[-105.56866,43.951095],[-105.573667,43.95111],[-105.573555,43.954754],[-105.568606,43.954722],[-105.56866,43.951095]]]}},{"type":"Feature","properties":{"q":"16","ac":40.3},"geometry":{"type":"Polygon","coordinates":[[[-105.568558,43.969394],[-105.573558,43.969355],[-105.573517,43.973002],[-105.568496,43.973046],[-105.568558,43.969394]]]}},{"type":"Feature","properties":{"q":"1","ac":39.8},"geometry":{"type":"Polygon","coordinates":[[[-105.568422,43.980329],[-105.573461,43.980198],[-105.573445,43.983748],[-105.56841,43.983961],[-105.568422,43.980329]]]}},{"type":"Feature","properties":{"q":"5","ac":40.7},"geometry":{"type":"Polygon","coordinates":[[[-105.644039,43.97696],[-105.649094,43.976968],[-105.64916,43.980623],[-105.644096,43.980615],[-105.644039,43.97696]]]}},{"type":"Feature","properties":{"q":"5","ac":40.0},"geometry":{"type":"Polygon","coordinates":[[[-105.649272,43.99525],[-105.654274,43.99526],[-105.654265,43.998894],[-105.649292,43.99889],[-105.649272,43.99525]]]}},{"type":"Feature","properties":{"q":"15","ac":43.9},"geometry":{"type":"Polygon","coordinates":[[[-105.578535,43.991424],[-105.578508,43.98748],[-105.583571,43.987592],[-105.583608,43.991513],[-105.578535,43.991424]]]}},{"type":"Feature","properties":{"q":"5","ac":40.3},"geometry":{"type":"Polygon","coordinates":[[[-105.668957,43.962189],[-105.669043,43.96588],[-105.664051,43.965911],[-105.664016,43.962229],[-105.668957,43.962189]]]}},{"type":"Feature","properties":{"q":"15","ac":40.9},"geometry":{"type":"Polygon","coordinates":[[[-105.623957,43.9879],[-105.624036,43.991575],[-105.618997,43.99157],[-105.618909,43.987885],[-105.623957,43.9879]]]}},{"type":"Feature","properties":{"q":"SWSE","ac":40.5},"geometry":{"type":"Polygon","coordinates":[[[-105.638749,43.95867],[-105.633717,43.958656],[-105.633673,43.954999],[-105.638703,43.955014],[-105.638749,43.95867]]]}},{"type":"Feature","properties":{"q":"7","ac":39.0},"geometry":{"type":"Polygon","coordinates":[[[-105.573476,43.976648],[-105.578518,43.976599],[-105.578499,43.980067],[-105.573461,43.980198],[-105.573476,43.976648]]]}},{"type":"Feature","properties":{"q":"15","ac":42.1},"geometry":{"type":"Polygon","coordinates":[[[-105.598693,43.98778],[-105.603749,43.987818],[-105.603842,43.99157],[-105.598777,43.99158],[-105.598693,43.98778]]]}},{"type":"Feature","properties":{"q":"17","ac":43.5},"geometry":{"type":"Polygon","coordinates":[[[-105.588588,43.983809],[-105.588634,43.987705],[-105.583571,43.987592],[-105.583534,43.983672],[-105.588588,43.983809]]]}},{"type":"Feature","properties":{"q":"10","ac":40.6},"geometry":{"type":"Polygon","coordinates":[[[-105.593602,43.972912],[-105.598638,43.972954],[-105.598628,43.976622],[-105.5936,43.976561],[-105.593602,43.972912]]]}},{"type":"Feature","properties":{"q":"11","ac":40.2},"geometry":{"type":"Polygon","coordinates":[[[-105.583552,43.972913],[-105.583545,43.97655],[-105.578518,43.976599],[-105.578538,43.972958],[-105.583552,43.972913]]]}},{"type":"Feature","properties":{"q":"2","ac":40.6},"geometry":{"type":"Polygon","coordinates":[[[-105.593599,43.980228],[-105.598619,43.980301],[-105.598609,43.98398],[-105.593599,43.983894],[-105.593599,43.980228]]]}},{"type":"Feature","properties":{"q":"20","ac":42.8},"geometry":{"type":"Polygon","coordinates":[[[-105.588588,43.983809],[-105.593599,43.983894],[-105.593664,43.987743],[-105.588634,43.987705],[-105.588588,43.983809]]]}},{"type":"Feature","properties":{"q":"3","ac":40.8},"geometry":{"type":"Polygon","coordinates":[[[-105.644154,43.984271],[-105.639081,43.984263],[-105.639033,43.980607],[-105.644096,43.980615],[-105.644154,43.984271]]]}},{"type":"Feature","properties":{"q":"13","ac":40.8},"geometry":{"type":"Polygon","coordinates":[[[-105.629006,43.987914],[-105.634065,43.987919],[-105.634121,43.991582],[-105.629075,43.99158],[-105.629006,43.987914]]]}},{"type":"Feature","properties":{"q":"18","ac":39.0},"geometry":{"type":"Polygon","coordinates":[[[-105.679677,43.991605],[-105.679827,43.988086],[-105.684788,43.987992],[-105.684679,43.99159],[-105.679677,43.991605]]]}},{"type":"Feature","properties":{"q":"2","ac":41.0},"geometry":{"type":"Polygon","coordinates":[[[-105.659301,43.980632],[-105.659387,43.984304],[-105.654306,43.984291],[-105.654231,43.980627],[-105.659301,43.980632]]]}},{"type":"Feature","properties":{"q":"19","ac":41.3},"geometry":{"type":"Polygon","coordinates":[[[-105.679766,43.958594],[-105.674483,43.95861],[-105.67463,43.955038],[-105.67982,43.955014],[-105.679766,43.958594]]]}},{"type":"Feature","properties":{"q":"13","ac":40.8},"geometry":{"type":"Polygon","coordinates":[[[-105.613754,43.969405],[-105.618774,43.969476],[-105.618785,43.973157],[-105.613756,43.973098],[-105.613754,43.969405]]]}},{"type":"Feature","properties":{"q":"12","ac":40.7},"geometry":{"type":"Polygon","coordinates":[[[-105.643982,43.973304],[-105.649028,43.973313],[-105.649094,43.976968],[-105.644039,43.97696],[-105.643982,43.973304]]]}},{"type":"Feature","properties":{"q":"8","ac":41.2},"geometry":{"type":"Polygon","coordinates":[[[-105.684918,43.951324],[-105.689974,43.951308],[-105.690022,43.955008],[-105.684959,43.955011],[-105.684918,43.951324]]]}},{"type":"Feature","properties":{"q":"SWSW","ac":40.6},"geometry":{"type":"Polygon","coordinates":[[[-105.623793,43.969546],[-105.628812,43.969617],[-105.628843,43.973275],[-105.623814,43.973216],[-105.623793,43.969546]]]}},{"type":"Feature","properties":{"q":"4","ac":41.0},"geometry":{"type":"Polygon","coordinates":[[[-105.669366,43.98064],[-105.669548,43.984331],[-105.664467,43.984317],[-105.664334,43.980636],[-105.669366,43.98064]]]}},{"type":"Feature","properties":{"q":"5","ac":42.8},"geometry":{"type":"Polygon","coordinates":[[[-105.669043,43.96588],[-105.67435,43.965868],[-105.674365,43.969555],[-105.669128,43.96957],[-105.669043,43.96588]]]}},{"type":"Feature","properties":{"q":"6","ac":40.8},"geometry":{"type":"Polygon","coordinates":[[[-105.618797,43.976839],[-105.623836,43.976886],[-105.623857,43.980556],[-105.618808,43.98052],[-105.618797,43.976839]]]}},{"type":"Feature","properties":{"q":"8","ac":40.8},"geometry":{"type":"Polygon","coordinates":[[[-105.628874,43.976933],[-105.633929,43.976942],[-105.633969,43.980599],[-105.628905,43.980591],[-105.628874,43.976933]]]}},{"type":"Feature","properties":{"q":"1","ac":40.8},"geometry":{"type":"Polygon","coordinates":[[[-105.628905,43.980591],[-105.633969,43.980599],[-105.634009,43.984256],[-105.628937,43.984249],[-105.628905,43.980591]]]}},{"type":"Feature","properties":{"q":"23","ac":41.5},"geometry":{"type":"Polygon","coordinates":[[[-105.669548,43.984331],[-105.674762,43.984449],[-105.674642,43.988034],[-105.669457,43.987983],[-105.669548,43.984331]]]}},{"type":"Feature","properties":{"q":"9","ac":40.7},"geometry":{"type":"Polygon","coordinates":[[[-105.593542,43.958386],[-105.593554,43.96205],[-105.588512,43.962052],[-105.588515,43.958383],[-105.593542,43.958386]]]}},{"type":"Feature","properties":{"q":"16","ac":40.6},"geometry":{"type":"Polygon","coordinates":[[[-105.664403,43.987971],[-105.669457,43.987983],[-105.669366,43.991635],[-105.664339,43.991624],[-105.664403,43.987971]]]}},{"type":"Feature","properties":{"q":"10","ac":40.7},"geometry":{"type":"Polygon","coordinates":[[[-105.633889,43.973285],[-105.638936,43.973294],[-105.638984,43.976951],[-105.633929,43.976942],[-105.633889,43.973285]]]}},{"type":"Feature","properties":{"q":"12","ac":39.4},"geometry":{"type":"Polygon","coordinates":[[[-105.668957,43.962189],[-105.664016,43.962229],[-105.664144,43.958644],[-105.669199,43.958626],[-105.668957,43.962189]]]}},{"type":"Feature","properties":{"q":"8","ac":40.8},"geometry":{"type":"Polygon","coordinates":[[[-105.649094,43.976968],[-105.654155,43.976964],[-105.654231,43.980627],[-105.64916,43.980623],[-105.649094,43.976968]]]}},{"type":"Feature","properties":{"q":"9","ac":40.4},"geometry":{"type":"Polygon","coordinates":[[[-105.588566,43.972869],[-105.593602,43.972912],[-105.5936,43.976561],[-105.588572,43.9765],[-105.588566,43.972869]]]}},{"type":"Feature","properties":{"q":"6","ac":40.4},"geometry":{"type":"Polygon","coordinates":[[[-105.61869,43.962171],[-105.623709,43.962236],[-105.623751,43.965891],[-105.618732,43.965823],[-105.61869,43.962171]]]}},{"type":"Feature","properties":{"q":"4","ac":39.9},"geometry":{"type":"Polygon","coordinates":[[[-105.603571,43.951095],[-105.608495,43.951099],[-105.608568,43.954746],[-105.603555,43.954738],[-105.603571,43.951095]]]}},{"type":"Feature","properties":{"q":"14","ac":41.0},"geometry":{"type":"Polygon","coordinates":[[[-105.618997,43.99157],[-105.613953,43.991564],[-105.613857,43.98787],[-105.618909,43.987885],[-105.618997,43.99157]]]}},{"type":"Feature","properties":{"q":"5","ac":41.9},"geometry":{"type":"Polygon","coordinates":[[[-105.669441,43.955062],[-105.669409,43.951396],[-105.674596,43.951369],[-105.67463,43.955038],[-105.669441,43.955062]]]}},{"type":"Feature","properties":{"q":"11","ac":41.4},"geometry":{"type":"Polygon","coordinates":[[[-105.684568,43.99526],[-105.689657,43.995251],[-105.689605,43.998928],[-105.684457,43.998923],[-105.684568,43.99526]]]}},{"type":"Feature","properties":{"q":"3","ac":39.7},"geometry":{"type":"Polygon","coordinates":[[[-105.583559,43.969277],[-105.578559,43.969316],[-105.578545,43.965712],[-105.583541,43.965679],[-105.583559,43.969277]]]}},{"type":"Feature","properties":{"q":"6","ac":40.2},"geometry":{"type":"Polygon","coordinates":[[[-105.603657,43.965677],[-105.598621,43.965667],[-105.598595,43.962047],[-105.603623,43.962044],[-105.603657,43.965677]]]}},{"type":"Feature","properties":{"q":"8","ac":41.2},"geometry":{"type":"Polygon","coordinates":[[[-105.653942,43.962309],[-105.653973,43.965973],[-105.648886,43.966004],[-105.648809,43.962349],[-105.653942,43.962309]]]}},{"type":"Feature","properties":{"q":"NESW","ac":40.4},"geometry":{"type":"Polygon","coordinates":[[[-105.643802,43.962338],[-105.638795,43.962326],[-105.638749,43.95867],[-105.643767,43.958683],[-105.643802,43.962338]]]}},{"type":"Feature","properties":{"q":"16","ac":40.3},"geometry":{"type":"Polygon","coordinates":[[[-105.613587,43.954806],[-105.613629,43.958456],[-105.60861,43.958393],[-105.608568,43.954746],[-105.613587,43.954806]]]}},{"type":"Feature","properties":{"q":"8","ac":40.9},"geometry":{"type":"Polygon","coordinates":[[[-105.609009,43.995198],[-105.609111,43.998863],[-105.604023,43.998822],[-105.603932,43.995178],[-105.609009,43.995198]]]}},{"type":"Feature","properties":{"q":"20","ac":41.2},"geometry":{"type":"Polygon","coordinates":[[[-105.613762,43.984176],[-105.613857,43.98787],[-105.608806,43.987855],[-105.608703,43.984152],[-105.613762,43.984176]]]}},{"type":"Feature","properties":{"q":"13","ac":40.4},"geometry":{"type":"Polygon","coordinates":[[[-105.608568,43.954746],[-105.60861,43.958393],[-105.603589,43.958391],[-105.603555,43.954738],[-105.608568,43.954746]]]}},{"type":"Feature","properties":{"q":"19","ac":40.9},"geometry":{"type":"Polygon","coordinates":[[[-105.634009,43.984256],[-105.639081,43.984263],[-105.639124,43.987924],[-105.634065,43.987919],[-105.634009,43.984256]]]}},{"type":"Feature","properties":{"q":"15","ac":40.8},"geometry":{"type":"Polygon","coordinates":[[[-105.654004,43.969636],[-105.659045,43.969614],[-105.659131,43.973287],[-105.65408,43.9733],[-105.654004,43.969636]]]}},{"type":"Feature","properties":{"q":"6","ac":42.8},"geometry":{"type":"Polygon","coordinates":[[[-105.679657,43.965857],[-105.679601,43.96954],[-105.674365,43.969555],[-105.67435,43.965868],[-105.679657,43.965857]]]}},{"type":"Feature","properties":{"q":"9","ac":40.6},"geometry":{"type":"Polygon","coordinates":[[[-105.644241,43.995239],[-105.644209,43.991587],[-105.649252,43.991588],[-105.649272,43.99525],[-105.644241,43.995239]]]}},{"type":"Feature","properties":{"q":"6","ac":40.5},"geometry":{"type":"Polygon","coordinates":[[[-105.573486,43.994947],[-105.57856,43.995003],[-105.578586,43.998616],[-105.573498,43.998575],[-105.573486,43.994947]]]}},{"type":"Feature","properties":{"q":"18","ac":40.8},"geometry":{"type":"Polygon","coordinates":[[[-105.659387,43.984304],[-105.664467,43.984317],[-105.664403,43.987971],[-105.65935,43.987958],[-105.659387,43.984304]]]}},{"type":"Feature","properties":{"q":"14","ac":40.7},"geometry":{"type":"Polygon","coordinates":[[[-105.634065,43.987919],[-105.639124,43.987924],[-105.639167,43.991584],[-105.634121,43.991582],[-105.634065,43.987919]]]}},{"type":"Feature","properties":{"q":"7","ac":39.8},"geometry":{"type":"Polygon","coordinates":[[[-105.659275,43.995269],[-105.664275,43.995278],[-105.664211,43.998903],[-105.659238,43.998899],[-105.659275,43.995269]]]}},{"type":"Feature","properties":{"q":"12","ac":40.2},"geometry":{"type":"Polygon","coordinates":[[[-105.588572,43.9765],[-105.583545,43.97655],[-105.583552,43.972913],[-105.588566,43.972869],[-105.588572,43.9765]]]}},{"type":"Feature","properties":{"q":"14","ac":40.6},"geometry":{"type":"Polygon","coordinates":[[[-105.643925,43.969648],[-105.643982,43.973304],[-105.638936,43.973294],[-105.638887,43.969638],[-105.643925,43.969648]]]}},{"type":"Feature","properties":{"q":"SESW","ac":40.5},"geometry":{"type":"Polygon","coordinates":[[[-105.638703,43.955014],[-105.643732,43.955029],[-105.643767,43.958683],[-105.638749,43.95867],[-105.638703,43.955014]]]}},{"type":"Feature","properties":{"q":"15","ac":40.6},"geometry":{"type":"Polygon","coordinates":[[[-105.63385,43.969627],[-105.638887,43.969638],[-105.638936,43.973294],[-105.633889,43.973285],[-105.63385,43.969627]]]}},{"type":"Feature","properties":{"q":"13","ac":40.6},"geometry":{"type":"Polygon","coordinates":[[[-105.649239,43.987933],[-105.654294,43.987946],[-105.654282,43.9916],[-105.649252,43.991588],[-105.649239,43.987933]]]}},{"type":"Feature","properties":{"q":"13","ac":41.9},"geometry":{"type":"Polygon","coordinates":[[[-105.674483,43.95861],[-105.674335,43.962181],[-105.668957,43.962189],[-105.669199,43.958626],[-105.674483,43.95861]]]}},{"type":"Feature","properties":{"q":"7","ac":40.7},"geometry":{"type":"Polygon","coordinates":[[[-105.598856,43.995157],[-105.603932,43.995178],[-105.604023,43.998822],[-105.598935,43.998781],[-105.598856,43.995157]]]}},{"type":"Feature","properties":{"q":"11","ac":40.4},"geometry":{"type":"Polygon","coordinates":[[[-105.634121,43.991582],[-105.639167,43.991584],[-105.63921,43.995228],[-105.634177,43.995226],[-105.634121,43.991582]]]}},{"type":"Feature","properties":{"q":"9","ac":40.3},"geometry":{"type":"Polygon","coordinates":[[[-105.669366,43.991635],[-105.669275,43.995287],[-105.664275,43.995278],[-105.664339,43.991624],[-105.669366,43.991635]]]}},{"type":"Feature","properties":{"q":"5","ac":40.7},"geometry":{"type":"Polygon","coordinates":[[[-105.669183,43.97695],[-105.669366,43.98064],[-105.664334,43.980636],[-105.6642,43.976955],[-105.669183,43.97695]]]}},{"type":"Feature","properties":{"q":"10","ac":40.4},"geometry":{"type":"Polygon","coordinates":[[[-105.659313,43.991612],[-105.664339,43.991624],[-105.664275,43.995278],[-105.659275,43.995269],[-105.659313,43.991612]]]}},{"type":"Feature","properties":{"q":"SWSW","ac":40.4},"geometry":{"type":"Polygon","coordinates":[[[-105.643732,43.955029],[-105.648762,43.955044],[-105.648786,43.958697],[-105.643767,43.958683],[-105.643732,43.955029]]]}},{"type":"Feature","properties":{"q":"16","ac":40.6},"geometry":{"type":"Polygon","coordinates":[[[-105.588515,43.958383],[-105.588517,43.954714],[-105.59353,43.954722],[-105.593542,43.958386],[-105.588515,43.958383]]]}},{"type":"Feature","properties":{"q":"7","ac":40.8},"geometry":{"type":"Polygon","coordinates":[[[-105.633929,43.976942],[-105.638984,43.976951],[-105.639033,43.980607],[-105.633969,43.980599],[-105.633929,43.976942]]]}},{"type":"Feature","properties":{"q":"13","ac":40.6},"geometry":{"type":"Polygon","coordinates":[[[-105.679522,43.995269],[-105.679677,43.991605],[-105.684679,43.99159],[-105.684568,43.99526],[-105.679522,43.995269]]]}},{"type":"Feature","properties":{"q":"4","ac":40.8},"geometry":{"type":"Polygon","coordinates":[[[-105.649226,43.984278],[-105.644154,43.984271],[-105.644096,43.980615],[-105.64916,43.980623],[-105.649226,43.984278]]]}},{"type":"Feature","properties":{"q":"6","ac":40.5},"geometry":{"type":"Polygon","coordinates":[[[-105.619173,43.998868],[-105.614142,43.998865],[-105.614047,43.995206],[-105.619085,43.995214],[-105.619173,43.998868]]]}},{"type":"Feature","properties":{"q":"6","ac":39.0},"geometry":{"type":"Polygon","coordinates":[[[-105.578499,43.980067],[-105.578518,43.976599],[-105.583545,43.97655],[-105.58354,43.980111],[-105.578499,43.980067]]]}},{"type":"Feature","properties":{"q":"8","ac":40.3},"geometry":{"type":"Polygon","coordinates":[[[-105.624115,43.995219],[-105.629144,43.995225],[-105.629213,43.998864],[-105.624193,43.998866],[-105.624115,43.995219]]]}},{"type":"Feature","properties":{"q":"8","ac":39.8},"geometry":{"type":"Polygon","coordinates":[[[-105.664275,43.995278],[-105.669275,43.995287],[-105.669184,43.998907],[-105.664211,43.998903],[-105.664275,43.995278]]]}},{"type":"Feature","properties":{"q":"4","ac":41.7},"geometry":{"type":"Polygon","coordinates":[[[-105.664234,43.9514],[-105.669409,43.951396],[-105.669441,43.955062],[-105.664272,43.955058],[-105.664234,43.9514]]]}},{"type":"Feature","properties":{"q":"17","ac":40.1},"geometry":{"type":"Polygon","coordinates":[[[-105.690022,43.955008],[-105.690075,43.958582],[-105.684955,43.958588],[-105.684959,43.955011],[-105.690022,43.955008]]]}},{"type":"Feature","properties":{"q":"8","ac":42.0},"geometry":{"type":"Polygon","coordinates":[[[-105.684894,43.965845],[-105.690076,43.965834],[-105.690025,43.969511],[-105.684837,43.969525],[-105.684894,43.965845]]]}},{"type":"Feature","properties":{"q":"13","ac":40.8},"geometry":{"type":"Polygon","coordinates":[[[-105.664087,43.969592],[-105.669128,43.96957],[-105.669156,43.97326],[-105.664143,43.973274],[-105.664087,43.969592]]]}},{"type":"Feature","properties":{"q":"4","ac":40.4},"geometry":{"type":"Polygon","coordinates":[[[-105.603657,43.965677],[-105.608693,43.965688],[-105.608735,43.969335],[-105.603691,43.969311],[-105.603657,43.965677]]]}},{"type":"Feature","properties":{"q":"18","ac":40.7},"geometry":{"type":"Polygon","coordinates":[[[-105.679766,43.958594],[-105.67982,43.955014],[-105.684959,43.955011],[-105.684955,43.958588],[-105.679766,43.958594]]]}},{"type":"Feature","properties":{"q":"4","ac":40.1},"geometry":{"type":"Polygon","coordinates":[[[-105.58354,43.980111],[-105.58858,43.980154],[-105.588588,43.983809],[-105.583534,43.983672],[-105.58354,43.980111]]]}},{"type":"Feature","properties":{"q":"10","ac":40.6},"geometry":{"type":"Polygon","coordinates":[[[-105.598595,43.962047],[-105.593554,43.96205],[-105.593542,43.958386],[-105.598569,43.958388],[-105.598595,43.962047]]]}},{"type":"Feature","properties":{"q":"SENW","ac":40.4},"geometry":{"type":"Polygon","coordinates":[[[-105.643864,43.965993],[-105.638841,43.965982],[-105.638795,43.962326],[-105.643802,43.962338],[-105.643864,43.965993]]]}},{"type":"Feature","properties":{"q":"10","ac":40.9},"geometry":{"type":"Polygon","coordinates":[[[-105.65408,43.9733],[-105.659131,43.973287],[-105.659216,43.976959],[-105.654155,43.976964],[-105.65408,43.9733]]]}},{"type":"Feature","properties":{"q":"1","ac":40.8},"geometry":{"type":"Polygon","coordinates":[[[-105.654004,43.969636],[-105.648963,43.969659],[-105.648886,43.966004],[-105.653973,43.965973],[-105.654004,43.969636]]]}},{"type":"Feature","properties":{"q":"1","ac":39.8},"geometry":{"type":"Polygon","coordinates":[[[-105.588768,43.951083],[-105.593708,43.951087],[-105.59353,43.954722],[-105.588517,43.954714],[-105.588768,43.951083]]]}},{"type":"Feature","properties":{"q":"19","ac":42.7},"geometry":{"type":"Polygon","coordinates":[[[-105.679693,43.973224],[-105.674424,43.973242],[-105.674365,43.969555],[-105.679601,43.96954],[-105.679693,43.973224]]]}},{"type":"Feature","properties":{"q":"16","ac":40.6},"geometry":{"type":"Polygon","coordinates":[[[-105.684955,43.958588],[-105.690075,43.958582],[-105.690127,43.962156],[-105.684951,43.962165],[-105.684955,43.958588]]]}},{"type":"Feature","properties":{"q":"16","ac":41.2},"geometry":{"type":"Polygon","coordinates":[[[-105.669457,43.987983],[-105.674642,43.988034],[-105.674522,43.99162],[-105.669366,43.991635],[-105.669457,43.987983]]]}},{"type":"Feature","properties":{"q":"12","ac":43.4},"geometry":{"type":"Polygon","coordinates":[[[-105.668957,43.962189],[-105.674335,43.962181],[-105.67435,43.965868],[-105.669043,43.96588],[-105.668957,43.962189]]]}},{"type":"Feature","properties":{"q":"14","ac":40.4},"geometry":{"type":"Polygon","coordinates":[[[-105.618606,43.954865],[-105.623625,43.954925],[-105.623667,43.958581],[-105.618648,43.958518],[-105.618606,43.954865]]]}},{"type":"Feature","properties":{"q":"9","ac":40.4},"geometry":{"type":"Polygon","coordinates":[[[-105.624036,43.991575],[-105.629075,43.99158],[-105.629144,43.995225],[-105.624115,43.995219],[-105.624036,43.991575]]]}},{"type":"Feature","properties":{"q":"4","ac":40.4},"geometry":{"type":"Polygon","coordinates":[[[-105.643699,43.951388],[-105.648741,43.951409],[-105.648762,43.955044],[-105.643732,43.955029],[-105.643699,43.951388]]]}},{"type":"Feature","properties":{"q":"9","ac":41.1},"geometry":{"type":"Polygon","coordinates":[[[-105.689868,43.980543],[-105.68488,43.98064],[-105.684864,43.976886],[-105.68992,43.976865],[-105.689868,43.980543]]]}},{"type":"Feature","properties":{"q":"2","ac":39.7},"geometry":{"type":"Polygon","coordinates":[[[-105.578545,43.965712],[-105.578559,43.969316],[-105.573558,43.969355],[-105.573557,43.965745],[-105.578545,43.965712]]]}},{"type":"Feature","properties":{"q":"1","ac":39.8},"geometry":{"type":"Polygon","coordinates":[[[-105.573557,43.965745],[-105.573558,43.969355],[-105.568558,43.969394],[-105.56857,43.965779],[-105.573557,43.965745]]]}},{"type":"Feature","properties":{"q":"6","ac":40.6},"geometry":{"type":"Polygon","coordinates":[[[-105.659216,43.976959],[-105.6642,43.976955],[-105.664334,43.980636],[-105.659301,43.980632],[-105.659216,43.976959]]]}},{"type":"Feature","properties":{"q":"NENE","ac":40.8},"geometry":{"type":"Polygon","coordinates":[[[-105.653973,43.965973],[-105.654004,43.969636],[-105.648963,43.969659],[-105.648886,43.966004],[-105.653973,43.965973]]]}}]}