{"type":"FeatureCollection","note":"BLM Public Land Survey System. Provided by the Bureau of Land Management as is. These data are neither legal documents nor land surveys and must not be used as such.","features":[{"type":"Feature","properties":{"q":"SENW","ac":40.1},"geometry":{"type":"Polygon","coordinates":[[[-107.056132,43.10562],[-107.061066,43.105614],[-107.061042,43.109246],[-107.056079,43.109247],[-107.056132,43.10562]]]}},{"type":"Feature","properties":{"q":"NWSE","ac":39.4},"geometry":{"type":"Polygon","coordinates":[[[-107.075632,43.076731],[-107.070764,43.076683],[-107.070775,43.07306],[-107.07566,43.073118],[-107.075632,43.076731]]]}},{"type":"Feature","properties":{"q":"NWNW","ac":40.2},"geometry":{"type":"Polygon","coordinates":[[[-107.041307,43.083965],[-107.041339,43.080309],[-107.046262,43.0803],[-107.046226,43.083945],[-107.041307,43.083965]]]}},{"type":"Feature","properties":{"q":"NWSW","ac":38.2},"geometry":{"type":"Polygon","coordinates":[[[-107.060905,43.044409],[-107.065769,43.044387],[-107.065791,43.047886],[-107.060922,43.047934],[-107.060905,43.044409]]]}},{"type":"Feature","properties":{"q":"NENW","ac":39.1},"geometry":{"type":"Polygon","coordinates":[[[-107.036558,43.055144],[-107.036535,43.051577],[-107.041428,43.051628],[-107.041442,43.055213],[-107.036558,43.055144]]]}},{"type":"Feature","properties":{"q":"5","ac":32.3},"geometry":{"type":"Polygon","coordinates":[[[-107.085129,43.1196],[-107.08516,43.122935],[-107.080782,43.122965],[-107.080714,43.11972],[-107.085129,43.1196]]]}},{"type":"Feature","properties":{"q":"SENW","ac":30.9},"geometry":{"type":"Polygon","coordinates":[[[-107.035992,43.120115],[-107.040995,43.120102],[-107.040989,43.122875],[-107.035975,43.122859],[-107.035992,43.120115]]]}},{"type":"Feature","properties":{"q":"NWNE","ac":38.9},"geometry":{"type":"Polygon","coordinates":[[[-107.0708,43.094751],[-107.07563,43.094784],[-107.075649,43.098392],[-107.070821,43.098361],[-107.0708,43.094751]]]}},{"type":"Feature","properties":{"q":"NWSE","ac":39.1},"geometry":{"type":"Polygon","coordinates":[[[-107.03156,43.04444],[-107.036489,43.04445],[-107.036512,43.04801],[-107.031576,43.047977],[-107.03156,43.04444]]]}},{"type":"Feature","properties":{"q":"NENE","ac":39.6},"geometry":{"type":"Polygon","coordinates":[[[-107.070787,43.069437],[-107.065885,43.069368],[-107.06586,43.065756],[-107.070766,43.06583],[-107.070787,43.069437]]]}},{"type":"Feature","properties":{"q":"SESW","ac":37.1},"geometry":{"type":"Polygon","coordinates":[[[-107.021249,43.116493],[-107.016273,43.116316],[-107.016299,43.11297],[-107.021164,43.113086],[-107.021249,43.116493]]]}},{"type":"Feature","properties":{"q":"SESE","ac":39.1},"geometry":{"type":"Polygon","coordinates":[[[-107.065898,43.083885],[-107.070737,43.083915],[-107.070758,43.087528],[-107.065922,43.087496],[-107.065898,43.083885]]]}},{"type":"Feature","properties":{"q":"SENE","ac":31.6},"geometry":{"type":"Polygon","coordinates":[[[-107.051022,43.122937],[-107.046002,43.12289],[-107.045997,43.12009],[-107.051017,43.120097],[-107.051022,43.122937]]]}},{"type":"Feature","properties":{"q":"NENW","ac":39.0},"geometry":{"type":"Polygon","coordinates":[[[-107.075603,43.080338],[-107.080457,43.080377],[-107.080413,43.083974],[-107.075575,43.083944],[-107.075603,43.080338]]]}},{"type":"Feature","properties":{"q":"SWSW","ac":38.2},"geometry":{"type":"Polygon","coordinates":[[[-107.060888,43.040883],[-107.065747,43.040889],[-107.065769,43.044387],[-107.060905,43.044409],[-107.060888,43.040883]]]}},{"type":"Feature","properties":{"q":"SENW","ac":38.9},"geometry":{"type":"Polygon","coordinates":[[[-107.036528,43.062225],[-107.041438,43.062274],[-107.041436,43.065808],[-107.036513,43.065773],[-107.036528,43.062225]]]}},{"type":"Feature","properties":{"q":"4","ac":20.3},"geometry":{"type":"Polygon","coordinates":[[[-107.046004,43.124726],[-107.045893,43.124725],[-107.040984,43.124658],[-107.040989,43.122875],[-107.046002,43.12289],[-107.046004,43.124726]]]}},{"type":"Feature","properties":{"q":"SWSW","ac":40.3},"geometry":{"type":"Polygon","coordinates":[[[-107.061017,43.112878],[-107.066008,43.112884],[-107.066012,43.1165],[-107.061022,43.116494],[-107.061017,43.112878]]]}},{"type":"Feature","properties":{"q":"SENE","ac":39.4},"geometry":{"type":"Polygon","coordinates":[[[-107.026644,43.062127],[-107.031586,43.062176],[-107.031574,43.065738],[-107.026635,43.065703],[-107.026644,43.062127]]]}},{"type":"Feature","properties":{"q":"NWNE","ac":40.4},"geometry":{"type":"Polygon","coordinates":[[[-107.031492,43.080327],[-107.036415,43.080318],[-107.036388,43.083984],[-107.031469,43.084003],[-107.031492,43.080327]]]}},{"type":"Feature","properties":{"q":"SWNW","ac":38.3},"geometry":{"type":"Polygon","coordinates":[[[-107.065791,43.047886],[-107.065812,43.051385],[-107.060939,43.051459],[-107.060922,43.047934],[-107.065791,43.047886]]]}},{"type":"Feature","properties":{"q":"1","ac":20.7},"geometry":{"type":"Polygon","coordinates":[[[-107.051022,43.122937],[-107.051024,43.124797],[-107.05087,43.124795],[-107.046004,43.124726],[-107.046002,43.12289],[-107.051022,43.122937]]]}},{"type":"Feature","properties":{"q":"NWSE","ac":39.9},"geometry":{"type":"Polygon","coordinates":[[[-107.031603,43.091273],[-107.031536,43.087638],[-107.036454,43.087612],[-107.03652,43.09124],[-107.031603,43.091273]]]}},{"type":"Feature","properties":{"q":"2","ac":35.8},"geometry":{"type":"Polygon","coordinates":[[[-107.080524,43.051575],[-107.080526,43.047982],[-107.084941,43.04801],[-107.084979,43.051633],[-107.080524,43.051575]]]}},{"type":"Feature","properties":{"q":"NWSW","ac":40.0},"geometry":{"type":"Polygon","coordinates":[[[-107.06109,43.101981],[-107.065996,43.101968],[-107.066,43.105607],[-107.061066,43.105614],[-107.06109,43.101981]]]}},{"type":"Feature","properties":{"q":"SWSE","ac":39.6},"geometry":{"type":"Polygon","coordinates":[[[-107.051359,43.098385],[-107.056237,43.098366],[-107.056184,43.101993],[-107.051278,43.102006],[-107.051359,43.098385]]]}},{"type":"Feature","properties":{"q":"NENW","ac":40.1},"geometry":{"type":"Polygon","coordinates":[[[-107.016681,43.08405],[-107.016679,43.080437],[-107.021624,43.080387],[-107.021615,43.084036],[-107.016681,43.08405]]]}},{"type":"Feature","properties":{"q":"NWNW","ac":40.4},"geometry":{"type":"Polygon","coordinates":[[[-107.066008,43.112884],[-107.061017,43.112878],[-107.061042,43.109246],[-107.066004,43.109245],[-107.066008,43.112884]]]}},{"type":"Feature","properties":{"q":"NENE","ac":39.4},"geometry":{"type":"Polygon","coordinates":[[[-107.046417,43.094789],[-107.051305,43.094771],[-107.051359,43.098385],[-107.046481,43.098403],[-107.046417,43.094789]]]}},{"type":"Feature","properties":{"q":"SWSW","ac":40.3},"geometry":{"type":"Polygon","coordinates":[[[-107.041434,43.069341],[-107.04637,43.069362],[-107.046334,43.073008],[-107.041402,43.072997],[-107.041434,43.069341]]]}},{"type":"Feature","properties":{"q":"NWNW","ac":40.0},"geometry":{"type":"Polygon","coordinates":[[[-107.060963,43.08027],[-107.065897,43.08026],[-107.065898,43.083885],[-107.06098,43.0839],[-107.060963,43.08027]]]}},{"type":"Feature","properties":{"q":"SWNW","ac":39.8},"geometry":{"type":"Polygon","coordinates":[[[-107.041437,43.091207],[-107.046354,43.091174],[-107.046417,43.094789],[-107.041502,43.094829],[-107.041437,43.091207]]]}},{"type":"Feature","properties":{"q":"NWNE","ac":40.6},"geometry":{"type":"Polygon","coordinates":[[[-107.031209,43.109473],[-107.036191,43.109398],[-107.036037,43.113032],[-107.031033,43.113117],[-107.031209,43.109473]]]}},{"type":"Feature","properties":{"q":"SWNE","ac":39.0},"geometry":{"type":"Polygon","coordinates":[[[-107.070853,43.109239],[-107.070842,43.105623],[-107.075685,43.105638],[-107.075702,43.109232],[-107.070853,43.109239]]]}},{"type":"Feature","properties":{"q":"SWSE","ac":39.7},"geometry":{"type":"Polygon","coordinates":[[[-107.011852,43.040931],[-107.016775,43.040925],[-107.016765,43.044512],[-107.011833,43.044553],[-107.011852,43.040931]]]}},{"type":"Feature","properties":{"q":"SWSE","ac":39.9},"geometry":{"type":"Polygon","coordinates":[[[-107.036454,43.087612],[-107.031536,43.087638],[-107.031469,43.084003],[-107.036388,43.083984],[-107.036454,43.087612]]]}},{"type":"Feature","properties":{"q":"NESE","ac":39.0},"geometry":{"type":"Polygon","coordinates":[[[-107.065922,43.087496],[-107.070758,43.087528],[-107.070779,43.091142],[-107.065945,43.091107],[-107.065922,43.087496]]]}},{"type":"Feature","properties":{"q":"SESE","ac":38.4},"geometry":{"type":"Polygon","coordinates":[[[-107.046325,43.055282],[-107.051202,43.055182],[-107.051188,43.05873],[-107.046336,43.058802],[-107.046325,43.055282]]]}},{"type":"Feature","properties":{"q":"SWNW","ac":31.2},"geometry":{"type":"Polygon","coordinates":[[[-107.021334,43.119901],[-107.026421,43.120138],[-107.026115,43.122844],[-107.021169,43.122742],[-107.021334,43.119901]]]}},{"type":"Feature","properties":{"q":"SWNE","ac":32.1},"geometry":{"type":"Polygon","coordinates":[[[-107.051017,43.120097],[-107.056037,43.120104],[-107.056042,43.122983],[-107.051022,43.122937],[-107.051017,43.120097]]]}},{"type":"Feature","properties":{"q":"SWSE","ac":40.5},"geometry":{"type":"Polygon","coordinates":[[[-107.031538,43.072976],[-107.031562,43.0693],[-107.036498,43.069321],[-107.03647,43.072987],[-107.031538,43.072976]]]}},{"type":"Feature","properties":{"q":"SENE","ac":39.0},"geometry":{"type":"Polygon","coordinates":[[[-107.026641,43.047944],[-107.031576,43.047977],[-107.031593,43.051518],[-107.026652,43.051459],[-107.026641,43.047944]]]}},{"type":"Feature","properties":{"q":"SENW","ac":34.9},"geometry":{"type":"Polygon","coordinates":[[[-107.080714,43.11972],[-107.080782,43.122965],[-107.075879,43.122998],[-107.07583,43.119852],[-107.080714,43.11972]]]}},{"type":"Feature","properties":{"q":"SWNW","ac":38.8},"geometry":{"type":"Polygon","coordinates":[[[-107.041438,43.062274],[-107.046348,43.062322],[-107.046359,43.065842],[-107.041436,43.065808],[-107.041438,43.062274]]]}},{"type":"Feature","properties":{"q":"NWNE","ac":39.4},"geometry":{"type":"Polygon","coordinates":[[[-107.051305,43.094771],[-107.056193,43.094754],[-107.056237,43.098366],[-107.051359,43.098385],[-107.051305,43.094771]]]}},{"type":"Feature","properties":{"q":"SWNE","ac":39.9},"geometry":{"type":"Polygon","coordinates":[[[-107.011813,43.048176],[-107.016756,43.048099],[-107.016746,43.051685],[-107.011794,43.051798],[-107.011813,43.048176]]]}},{"type":"Feature","properties":{"q":"SWNW","ac":39.6},"geometry":{"type":"Polygon","coordinates":[[[-107.026644,43.062127],[-107.026635,43.065703],[-107.021662,43.065864],[-107.021674,43.062306],[-107.026644,43.062127]]]}},{"type":"Feature","properties":{"q":"NWNW","ac":40.4},"geometry":{"type":"Polygon","coordinates":[[[-107.046045,43.112863],[-107.041041,43.112947],[-107.041172,43.109323],[-107.046154,43.109248],[-107.046045,43.112863]]]}},{"type":"Feature","properties":{"q":"SWNE","ac":39.6},"geometry":{"type":"Polygon","coordinates":[[[-107.055994,43.076645],[-107.056028,43.08028],[-107.051145,43.08029],[-107.051146,43.076649],[-107.055994,43.076645]]]}},{"type":"Feature","properties":{"q":"SWSE","ac":38.7},"geometry":{"type":"Polygon","coordinates":[[[-107.056079,43.055083],[-107.056041,43.058659],[-107.051188,43.05873],[-107.051202,43.055182],[-107.056079,43.055083]]]}},{"type":"Feature","properties":{"q":"NWSW","ac":40.5},"geometry":{"type":"Polygon","coordinates":[[[-107.026625,43.102241],[-107.026426,43.105895],[-107.021473,43.105818],[-107.021627,43.102184],[-107.026625,43.102241]]]}},{"type":"Feature","properties":{"q":"SESE","ac":39.7},"geometry":{"type":"Polygon","coordinates":[[[-107.046226,43.083945],[-107.051144,43.08393],[-107.051198,43.087544],[-107.04629,43.08756],[-107.046226,43.083945]]]}},{"type":"Feature","properties":{"q":"SESW","ac":40.7},"geometry":{"type":"Polygon","coordinates":[[[-107.01674,43.098511],[-107.021781,43.09855],[-107.021627,43.102184],[-107.01663,43.102126],[-107.01674,43.098511]]]}},{"type":"Feature","properties":{"q":"NENW","ac":38.9},"geometry":{"type":"Polygon","coordinates":[[[-107.080446,43.094818],[-107.080477,43.098425],[-107.075649,43.098392],[-107.07563,43.094784],[-107.080446,43.094818]]]}},{"type":"Feature","properties":{"q":"SWSW","ac":40.9},"geometry":{"type":"Polygon","coordinates":[[[-107.021781,43.09855],[-107.026823,43.098588],[-107.026625,43.102241],[-107.021627,43.102184],[-107.021781,43.09855]]]}},{"type":"Feature","properties":{"q":"NESE","ac":39.3},"geometry":{"type":"Polygon","coordinates":[[[-107.070893,43.116419],[-107.070923,43.119984],[-107.066015,43.120117],[-107.066012,43.1165],[-107.070893,43.116419]]]}},{"type":"Feature","properties":{"q":"SWNW","ac":40.6},"geometry":{"type":"Polygon","coordinates":[[[-107.021698,43.091293],[-107.026686,43.091305],[-107.026755,43.094947],[-107.02174,43.094921],[-107.021698,43.091293]]]}},{"type":"Feature","properties":{"q":"NESE","ac":38.9},"geometry":{"type":"Polygon","coordinates":[[[-107.026641,43.047944],[-107.026631,43.044429],[-107.03156,43.04444],[-107.031576,43.047977],[-107.026641,43.047944]]]}},{"type":"Feature","properties":{"q":"SESW","ac":39.8},"geometry":{"type":"Polygon","coordinates":[[[-107.036037,43.113032],[-107.041041,43.112947],[-107.041018,43.116525],[-107.036015,43.116574],[-107.036037,43.113032]]]}},{"type":"Feature","properties":{"q":"NWSE","ac":38.5},"geometry":{"type":"Polygon","coordinates":[[[-107.056002,43.062235],[-107.051175,43.062279],[-107.051188,43.05873],[-107.056041,43.058659],[-107.056002,43.062235]]]}},{"type":"Feature","properties":{"q":"SESE","ac":40.6},"geometry":{"type":"Polygon","coordinates":[[[-107.031562,43.0693],[-107.031538,43.072976],[-107.026606,43.072965],[-107.026626,43.069279],[-107.031562,43.0693]]]}},{"type":"Feature","properties":{"q":"NENW","ac":38.6},"geometry":{"type":"Polygon","coordinates":[[[-107.056067,43.051532],[-107.060939,43.051459],[-107.060957,43.054983],[-107.056079,43.055083],[-107.056067,43.051532]]]}},{"type":"Feature","properties":{"q":"SENW","ac":40.2},"geometry":{"type":"Polygon","coordinates":[[[-107.016678,43.076825],[-107.021633,43.076738],[-107.021624,43.080387],[-107.016679,43.080437],[-107.016678,43.076825]]]}},{"type":"Feature","properties":{"q":"NENE","ac":39.9},"geometry":{"type":"Polygon","coordinates":[[[-107.051145,43.08029],[-107.051144,43.08393],[-107.046226,43.083945],[-107.046262,43.0803],[-107.051145,43.08029]]]}},{"type":"Feature","properties":{"q":"NWSW","ac":40.3},"geometry":{"type":"Polygon","coordinates":[[[-107.065896,43.076634],[-107.060945,43.07664],[-107.060925,43.073004],[-107.065891,43.073001],[-107.065896,43.076634]]]}},{"type":"Feature","properties":{"q":"NENW","ac":39.2},"geometry":{"type":"Polygon","coordinates":[[[-107.075626,43.055073],[-107.075621,43.051512],[-107.080524,43.051575],[-107.080521,43.055168],[-107.075626,43.055073]]]}},{"type":"Feature","properties":{"q":"NESW","ac":40.3},"geometry":{"type":"Polygon","coordinates":[[[-107.05596,43.073006],[-107.060925,43.073004],[-107.060945,43.07664],[-107.055994,43.076645],[-107.05596,43.073006]]]}},{"type":"Feature","properties":{"q":"NWSW","ac":39.7},"geometry":{"type":"Polygon","coordinates":[[[-107.060938,43.058587],[-107.065835,43.058514],[-107.065835,43.062145],[-107.060919,43.06219],[-107.060938,43.058587]]]}},{"type":"Feature","properties":{"q":"SENW","ac":39.5},"geometry":{"type":"Polygon","coordinates":[[[-107.016756,43.048099],[-107.021699,43.048022],[-107.021699,43.051572],[-107.016746,43.051685],[-107.016756,43.048099]]]}},{"type":"Feature","properties":{"q":"NESW","ac":40.3},"geometry":{"type":"Polygon","coordinates":[[[-107.056032,43.116488],[-107.061022,43.116494],[-107.061026,43.12011],[-107.056037,43.120104],[-107.056032,43.116488]]]}},{"type":"Feature","properties":{"q":"NESW","ac":39.3},"geometry":{"type":"Polygon","coordinates":[[[-107.075613,43.044393],[-107.080533,43.044394],[-107.080526,43.047982],[-107.075617,43.04795],[-107.075613,43.044393]]]}},{"type":"Feature","properties":{"q":"NESW","ac":39.5},"geometry":{"type":"Polygon","coordinates":[[[-107.075641,43.058687],[-107.080539,43.058774],[-107.080556,43.06238],[-107.075657,43.062302],[-107.075641,43.058687]]]}},{"type":"Feature","properties":{"q":"SWSW","ac":39.7},"geometry":{"type":"Polygon","coordinates":[[[-107.061115,43.098348],[-107.065992,43.09833],[-107.065996,43.101968],[-107.06109,43.101981],[-107.061115,43.098348]]]}},{"type":"Feature","properties":{"q":"NWSW","ac":39.8},"geometry":{"type":"Polygon","coordinates":[[[-107.026653,43.058551],[-107.026644,43.062127],[-107.021674,43.062306],[-107.021687,43.058714],[-107.026653,43.058551]]]}},{"type":"Feature","properties":{"q":"SWNE","ac":38.8},"geometry":{"type":"Polygon","coordinates":[[[-107.051186,43.048028],[-107.056054,43.047981],[-107.056067,43.051532],[-107.051194,43.051605],[-107.051186,43.048028]]]}},{"type":"Feature","properties":{"q":"NWSE","ac":38.8},"geometry":{"type":"Polygon","coordinates":[[[-107.051178,43.04445],[-107.056041,43.044429],[-107.056054,43.047981],[-107.051186,43.048028],[-107.051178,43.04445]]]}},{"type":"Feature","properties":{"q":"NENW","ac":40.3},"geometry":{"type":"Polygon","coordinates":[[[-107.036415,43.080318],[-107.041339,43.080309],[-107.041307,43.083965],[-107.036388,43.083984],[-107.036415,43.080318]]]}},{"type":"Feature","properties":{"q":"NESW","ac":39.6},"geometry":{"type":"Polygon","coordinates":[[[-107.056106,43.087528],[-107.061014,43.087512],[-107.061047,43.091124],[-107.056149,43.091141],[-107.056106,43.087528]]]}},{"type":"Feature","properties":{"q":"NESW","ac":38.9},"geometry":{"type":"Polygon","coordinates":[[[-107.080415,43.091211],[-107.075612,43.091177],[-107.075593,43.08756],[-107.080414,43.087592],[-107.080415,43.091211]]]}},{"type":"Feature","properties":{"q":"4","ac":36.2},"geometry":{"type":"Polygon","coordinates":[[[-107.080521,43.055168],[-107.085017,43.055257],[-107.085021,43.058854],[-107.080539,43.058774],[-107.080521,43.055168]]]}},{"type":"Feature","properties":{"q":"SESE","ac":39.7},"geometry":{"type":"Polygon","coordinates":[[[-107.065834,43.054884],[-107.07073,43.054978],[-107.070738,43.058601],[-107.065835,43.058514],[-107.065834,43.054884]]]}},{"type":"Feature","properties":{"q":"SESE","ac":38.9},"geometry":{"type":"Polygon","coordinates":[[[-107.026621,43.040914],[-107.031543,43.040902],[-107.03156,43.04444],[-107.026631,43.044429],[-107.026621,43.040914]]]}},{"type":"Feature","properties":{"q":"NENW","ac":39.6},"geometry":{"type":"Polygon","coordinates":[[[-107.021699,43.051572],[-107.021699,43.055123],[-107.016737,43.055271],[-107.016746,43.051685],[-107.021699,43.051572]]]}},{"type":"Feature","properties":{"q":"SWSE","ac":40.0},"geometry":{"type":"Polygon","coordinates":[[[-107.031738,43.098542],[-107.036652,43.098496],[-107.036498,43.10213],[-107.031561,43.102186],[-107.031738,43.098542]]]}},{"type":"Feature","properties":{"q":"NESW","ac":39.8},"geometry":{"type":"Polygon","coordinates":[[[-107.041372,43.087586],[-107.041437,43.091207],[-107.03652,43.09124],[-107.036454,43.087612],[-107.041372,43.087586]]]}},{"type":"Feature","properties":{"q":"SESE","ac":38.6},"geometry":{"type":"Polygon","coordinates":[[[-107.031033,43.113117],[-107.03112,43.116622],[-107.026225,43.11667],[-107.026028,43.113201],[-107.031033,43.113117]]]}},{"type":"Feature","properties":{"q":"SWNE","ac":39.2},"geometry":{"type":"Polygon","coordinates":[[[-107.075632,43.076731],[-107.075603,43.080338],[-107.07075,43.080299],[-107.070764,43.076683],[-107.075632,43.076731]]]}},{"type":"Feature","properties":{"q":"SESW","ac":39.2},"geometry":{"type":"Polygon","coordinates":[[[-107.060957,43.054983],[-107.060938,43.058587],[-107.056041,43.058659],[-107.056079,43.055083],[-107.060957,43.054983]]]}},{"type":"Feature","properties":{"q":"NESE","ac":39.6},"geometry":{"type":"Polygon","coordinates":[[[-107.04629,43.08756],[-107.051198,43.087544],[-107.051252,43.091158],[-107.046354,43.091174],[-107.04629,43.08756]]]}},{"type":"Feature","properties":{"q":"NESW","ac":39.9},"geometry":{"type":"Polygon","coordinates":[[[-107.056184,43.101993],[-107.06109,43.101981],[-107.061066,43.105614],[-107.056132,43.10562],[-107.056184,43.101993]]]}},{"type":"Feature","properties":{"q":"SWSW","ac":39.5},"geometry":{"type":"Polygon","coordinates":[[[-107.060938,43.058587],[-107.060957,43.054983],[-107.065834,43.054884],[-107.065835,43.058514],[-107.060938,43.058587]]]}},{"type":"Feature","properties":{"q":"SESE","ac":40.1},"geometry":{"type":"Polygon","coordinates":[[[-107.026823,43.098588],[-107.031738,43.098542],[-107.031561,43.102186],[-107.026625,43.102241],[-107.026823,43.098588]]]}},{"type":"Feature","properties":{"q":"SWSE","ac":40.0},"geometry":{"type":"Polygon","coordinates":[[[-107.016737,43.055271],[-107.016721,43.058878],[-107.011779,43.059041],[-107.011774,43.05542],[-107.016737,43.055271]]]}},{"type":"Feature","properties":{"q":"NWSW","ac":38.6},"geometry":{"type":"Polygon","coordinates":[[[-107.021249,43.116493],[-107.026225,43.11667],[-107.026421,43.120138],[-107.021334,43.119901],[-107.021249,43.116493]]]}},{"type":"Feature","properties":{"q":"SENW","ac":39.5},"geometry":{"type":"Polygon","coordinates":[[[-107.056002,43.062235],[-107.060919,43.06219],[-107.060912,43.065779],[-107.055964,43.065801],[-107.056002,43.062235]]]}},{"type":"Feature","properties":{"q":"1","ac":19.1},"geometry":{"type":"Polygon","coordinates":[[[-107.026115,43.122844],[-107.031046,43.122852],[-107.030943,43.124583],[-107.025992,43.124546],[-107.025923,43.124546],[-107.025935,43.124434],[-107.026115,43.122844]]]}},{"type":"Feature","properties":{"q":"NESW","ac":40.3},"geometry":{"type":"Polygon","coordinates":[[[-107.016696,43.087665],[-107.021657,43.087665],[-107.021698,43.091293],[-107.01671,43.091281],[-107.016696,43.087665]]]}},{"type":"Feature","properties":{"q":"NWNW","ac":39.8},"geometry":{"type":"Polygon","coordinates":[[[-107.021318,43.109452],[-107.026227,43.109548],[-107.026028,43.113201],[-107.021164,43.113086],[-107.021318,43.109452]]]}},{"type":"Feature","properties":{"q":"NENE","ac":39.0},"geometry":{"type":"Polygon","coordinates":[[[-107.026652,43.051459],[-107.031593,43.051518],[-107.03161,43.055059],[-107.026662,43.054974],[-107.026652,43.051459]]]}},{"type":"Feature","properties":{"q":"SENE","ac":40.0},"geometry":{"type":"Polygon","coordinates":[[[-107.026686,43.091305],[-107.031603,43.091273],[-107.03167,43.094907],[-107.026755,43.094947],[-107.026686,43.091305]]]}},{"type":"Feature","properties":{"q":"SENE","ac":39.1},"geometry":{"type":"Polygon","coordinates":[[[-107.046317,43.048074],[-107.051186,43.048028],[-107.051194,43.051605],[-107.046321,43.051678],[-107.046317,43.048074]]]}},{"type":"Feature","properties":{"q":"SWNE","ac":40.4},"geometry":{"type":"Polygon","coordinates":[[[-107.036415,43.080318],[-107.031492,43.080327],[-107.031515,43.076652],[-107.036443,43.076653],[-107.036415,43.080318]]]}},{"type":"Feature","properties":{"q":"SENW","ac":39.5},"geometry":{"type":"Polygon","coordinates":[[[-107.061047,43.091124],[-107.061081,43.094736],[-107.056193,43.094754],[-107.056149,43.091141],[-107.061047,43.091124]]]}},{"type":"Feature","properties":{"q":"SWNW","ac":31.2},"geometry":{"type":"Polygon","coordinates":[[[-107.046002,43.12289],[-107.040989,43.122875],[-107.040995,43.120102],[-107.045997,43.12009],[-107.046002,43.12289]]]}},{"type":"Feature","properties":{"q":"NWNW","ac":39.2},"geometry":{"type":"Polygon","coordinates":[[[-107.021699,43.051572],[-107.026652,43.051459],[-107.026662,43.054974],[-107.021699,43.055123],[-107.021699,43.051572]]]}},{"type":"Feature","properties":{"q":"3","ac":35.4},"geometry":{"type":"Polygon","coordinates":[[[-107.080526,43.047982],[-107.080533,43.044394],[-107.084911,43.044395],[-107.084941,43.04801],[-107.080526,43.047982]]]}},{"type":"Feature","properties":{"q":"NWNE","ac":39.5},"geometry":{"type":"Polygon","coordinates":[[[-107.070766,43.06583],[-107.075673,43.065904],[-107.075688,43.069506],[-107.070787,43.069437],[-107.070766,43.06583]]]}},{"type":"Feature","properties":{"q":"NWNE","ac":38.9},"geometry":{"type":"Polygon","coordinates":[[[-107.075621,43.051512],[-107.075626,43.055073],[-107.07073,43.054978],[-107.070717,43.051448],[-107.075621,43.051512]]]}},{"type":"Feature","properties":{"q":"SWSW","ac":38.9},"geometry":{"type":"Polygon","coordinates":[[[-107.021698,43.04092],[-107.026621,43.040914],[-107.026631,43.044429],[-107.021698,43.044471],[-107.021698,43.04092]]]}},{"type":"Feature","properties":{"q":"NWSW","ac":40.0},"geometry":{"type":"Polygon","coordinates":[[[-107.041435,43.102074],[-107.046372,43.102018],[-107.046263,43.105633],[-107.041304,43.105699],[-107.041435,43.102074]]]}},{"type":"Feature","properties":{"q":"SWSE","ac":39.1},"geometry":{"type":"Polygon","coordinates":[[[-107.031543,43.040902],[-107.036465,43.040891],[-107.036489,43.04445],[-107.03156,43.04444],[-107.031543,43.040902]]]}},{"type":"Feature","properties":{"q":"SENE","ac":38.0},"geometry":{"type":"Polygon","coordinates":[[[-107.046348,43.062322],[-107.051175,43.062279],[-107.051161,43.065822],[-107.046359,43.065842],[-107.046348,43.062322]]]}},{"type":"Feature","properties":{"q":"SWSW","ac":39.8},"geometry":{"type":"Polygon","coordinates":[[[-107.046481,43.098403],[-107.046372,43.102018],[-107.041435,43.102074],[-107.041567,43.09845],[-107.046481,43.098403]]]}},{"type":"Feature","properties":{"q":"NWSW","ac":40.3},"geometry":{"type":"Polygon","coordinates":[[[-107.066015,43.120117],[-107.061026,43.12011],[-107.061022,43.116494],[-107.066012,43.1165],[-107.066015,43.120117]]]}},{"type":"Feature","properties":{"q":"NENW","ac":39.4},"geometry":{"type":"Polygon","coordinates":[[[-107.061115,43.098348],[-107.056237,43.098366],[-107.056193,43.094754],[-107.061081,43.094736],[-107.061115,43.098348]]]}},{"type":"Feature","properties":{"q":"NESE","ac":37.7},"geometry":{"type":"Polygon","coordinates":[[[-107.026225,43.11667],[-107.03112,43.116622],[-107.031207,43.120127],[-107.026421,43.120138],[-107.026225,43.11667]]]}},{"type":"Feature","properties":{"q":"1","ac":35.5},"geometry":{"type":"Polygon","coordinates":[[[-107.084824,43.084001],[-107.080413,43.083974],[-107.080457,43.080377],[-107.084876,43.080412],[-107.084824,43.084001]]]}},{"type":"Feature","properties":{"q":"NESE","ac":39.4},"geometry":{"type":"Polygon","coordinates":[[[-107.051147,43.073007],[-107.051146,43.076649],[-107.046298,43.076654],[-107.046334,43.073008],[-107.051147,43.073007]]]}},{"type":"Feature","properties":{"q":"SESW","ac":39.9},"geometry":{"type":"Polygon","coordinates":[[[-107.041372,43.087586],[-107.036454,43.087612],[-107.036388,43.083984],[-107.041307,43.083965],[-107.041372,43.087586]]]}},{"type":"Feature","properties":{"q":"SWSW","ac":37.7},"geometry":{"type":"Polygon","coordinates":[[[-107.021164,43.113086],[-107.026028,43.113201],[-107.026225,43.11667],[-107.021249,43.116493],[-107.021164,43.113086]]]}},{"type":"Feature","properties":{"q":"1","ac":35.8},"geometry":{"type":"Polygon","coordinates":[[[-107.085028,43.066048],[-107.085032,43.069645],[-107.08059,43.069578],[-107.080573,43.065979],[-107.085028,43.066048]]]}},{"type":"Feature","properties":{"q":"SENW","ac":39.4},"geometry":{"type":"Polygon","coordinates":[[[-107.021674,43.062306],[-107.021662,43.065864],[-107.016689,43.066024],[-107.016705,43.062485],[-107.021674,43.062306]]]}},{"type":"Feature","properties":{"q":"SENW","ac":40.3},"geometry":{"type":"Polygon","coordinates":[[[-107.041371,43.076653],[-107.041339,43.080309],[-107.036415,43.080318],[-107.036443,43.076653],[-107.041371,43.076653]]]}},{"type":"Feature","properties":{"q":"1","ac":35.5},"geometry":{"type":"Polygon","coordinates":[[[-107.084849,43.094848],[-107.084895,43.098455],[-107.080477,43.098425],[-107.080446,43.094818],[-107.084849,43.094848]]]}},{"type":"Feature","properties":{"q":"SWSW","ac":39.7},"geometry":{"type":"Polygon","coordinates":[[[-107.065898,43.083885],[-107.065922,43.087496],[-107.061014,43.087512],[-107.06098,43.0839],[-107.065898,43.083885]]]}},{"type":"Feature","properties":{"q":"NWNE","ac":38.1},"geometry":{"type":"Polygon","coordinates":[[[-107.055964,43.065801],[-107.055925,43.069368],[-107.051148,43.069365],[-107.051161,43.065822],[-107.055964,43.065801]]]}},{"type":"Feature","properties":{"q":"4","ac":35.1},"geometry":{"type":"Polygon","coordinates":[[[-107.08054,43.040806],[-107.084881,43.04078],[-107.084911,43.044395],[-107.080533,43.044394],[-107.08054,43.040806]]]}},{"type":"Feature","properties":{"q":"NESE","ac":38.6},"geometry":{"type":"Polygon","coordinates":[[[-107.070691,43.04439],[-107.070704,43.047918],[-107.065791,43.047886],[-107.065769,43.044387],[-107.070691,43.04439]]]}},{"type":"Feature","properties":{"q":"SENW","ac":39.3},"geometry":{"type":"Polygon","coordinates":[[[-107.075617,43.04795],[-107.080526,43.047982],[-107.080524,43.051575],[-107.075621,43.051512],[-107.075617,43.04795]]]}},{"type":"Feature","properties":{"q":"SWNW","ac":39.1},"geometry":{"type":"Polygon","coordinates":[[[-107.021699,43.048022],[-107.026641,43.047944],[-107.026652,43.051459],[-107.021699,43.051572],[-107.021699,43.048022]]]}},{"type":"Feature","properties":{"q":"7","ac":33.8},"geometry":{"type":"Polygon","coordinates":[[[-107.080648,43.1163],[-107.080582,43.112879],[-107.085079,43.11293],[-107.085104,43.116265],[-107.080648,43.1163]]]}},{"type":"Feature","properties":{"q":"SESE","ac":38.7},"geometry":{"type":"Polygon","coordinates":[[[-107.065747,43.040889],[-107.070678,43.040862],[-107.070691,43.04439],[-107.065769,43.044387],[-107.065747,43.040889]]]}},{"type":"Feature","properties":{"q":"SENE","ac":39.5},"geometry":{"type":"Polygon","coordinates":[[[-107.051252,43.091158],[-107.051305,43.094771],[-107.046417,43.094789],[-107.046354,43.091174],[-107.051252,43.091158]]]}},{"type":"Feature","properties":{"q":"4","ac":35.7},"geometry":{"type":"Polygon","coordinates":[[[-107.080477,43.098425],[-107.084895,43.098455],[-107.084939,43.102061],[-107.080502,43.102039],[-107.080477,43.098425]]]}},{"type":"Feature","properties":{"q":"NWSW","ac":39.8},"geometry":{"type":"Polygon","coordinates":[[[-107.041372,43.087586],[-107.04629,43.08756],[-107.046354,43.091174],[-107.041437,43.091207],[-107.041372,43.087586]]]}},{"type":"Feature","properties":{"q":"NWSW","ac":40.2},"geometry":{"type":"Polygon","coordinates":[[[-107.041018,43.116525],[-107.046021,43.116476],[-107.045997,43.12009],[-107.040995,43.120102],[-107.041018,43.116525]]]}},{"type":"Feature","properties":{"q":"3","ac":35.9},"geometry":{"type":"Polygon","coordinates":[[[-107.080502,43.102039],[-107.084939,43.102061],[-107.084982,43.105668],[-107.080527,43.105654],[-107.080502,43.102039]]]}},{"type":"Feature","properties":{"q":"NENE","ac":40.5},"geometry":{"type":"Polygon","coordinates":[[[-107.026568,43.080336],[-107.031492,43.080327],[-107.031469,43.084003],[-107.026549,43.084022],[-107.026568,43.080336]]]}},{"type":"Feature","properties":{"q":"SWNE","ac":40.4},"geometry":{"type":"Polygon","coordinates":[[[-107.031209,43.109473],[-107.031385,43.10583],[-107.036344,43.105764],[-107.036191,43.109398],[-107.031209,43.109473]]]}},{"type":"Feature","properties":{"q":"NESW","ac":38.8},"geometry":{"type":"Polygon","coordinates":[[[-107.036543,43.058684],[-107.04144,43.058743],[-107.041438,43.062274],[-107.036528,43.062225],[-107.036543,43.058684]]]}},{"type":"Feature","properties":{"q":"SESE","ac":39.5},"geometry":{"type":"Polygon","coordinates":[[[-107.051278,43.102006],[-107.046372,43.102018],[-107.046481,43.098403],[-107.051359,43.098385],[-107.051278,43.102006]]]}},{"type":"Feature","properties":{"q":"SESW","ac":38.5},"geometry":{"type":"Polygon","coordinates":[[[-107.056029,43.040878],[-107.060888,43.040883],[-107.060905,43.044409],[-107.056041,43.044429],[-107.056029,43.040878]]]}},{"type":"Feature","properties":{"q":"SWSW","ac":39.5},"geometry":{"type":"Polygon","coordinates":[[[-107.046314,43.044471],[-107.041401,43.044461],[-107.041388,43.040879],[-107.04631,43.040867],[-107.046314,43.044471]]]}},{"type":"Feature","properties":{"q":"NWNE","ac":39.1},"geometry":{"type":"Polygon","coordinates":[[[-107.070853,43.109239],[-107.075702,43.109232],[-107.07572,43.112825],[-107.070864,43.112854],[-107.070853,43.109239]]]}},{"type":"Feature","properties":{"q":"NWSE","ac":39.1},"geometry":{"type":"Polygon","coordinates":[[[-107.070758,43.087528],[-107.075593,43.08756],[-107.075612,43.091177],[-107.070779,43.091142],[-107.070758,43.087528]]]}},{"type":"Feature","properties":{"q":"NESE","ac":39.6},"geometry":{"type":"Polygon","coordinates":[[[-107.065891,43.073001],[-107.070775,43.07306],[-107.070764,43.076683],[-107.065896,43.076634],[-107.065891,43.073001]]]}},{"type":"Feature","properties":{"q":"NESE","ac":39.8},"geometry":{"type":"Polygon","coordinates":[[[-107.051197,43.105627],[-107.046263,43.105633],[-107.046372,43.102018],[-107.051278,43.102006],[-107.051197,43.105627]]]}},{"type":"Feature","properties":{"q":"SENW","ac":40.0},"geometry":{"type":"Polygon","coordinates":[[[-107.016409,43.109355],[-107.016519,43.105741],[-107.021473,43.105818],[-107.021318,43.109452],[-107.016409,43.109355]]]}},{"type":"Feature","properties":{"q":"3","ac":35.5},"geometry":{"type":"Polygon","coordinates":[[[-107.080414,43.087592],[-107.084813,43.087621],[-107.084802,43.091242],[-107.080415,43.091211],[-107.080414,43.087592]]]}},{"type":"Feature","properties":{"q":"SENE","ac":39.6},"geometry":{"type":"Polygon","coordinates":[[[-107.065835,43.062145],[-107.070746,43.062223],[-107.070766,43.06583],[-107.06586,43.065756],[-107.065835,43.062145]]]}},{"type":"Feature","properties":{"q":"SWSW","ac":40.8},"geometry":{"type":"Polygon","coordinates":[[[-107.02165,43.069421],[-107.026626,43.069279],[-107.026606,43.072965],[-107.021641,43.07308],[-107.02165,43.069421]]]}},{"type":"Feature","properties":{"q":"NENE","ac":39.0},"geometry":{"type":"Polygon","coordinates":[[[-107.065969,43.094718],[-107.0708,43.094751],[-107.070821,43.098361],[-107.065992,43.09833],[-107.065969,43.094718]]]}},{"type":"Feature","properties":{"q":"NWNW","ac":39.7},"geometry":{"type":"Polygon","coordinates":[[[-107.026635,43.065703],[-107.026626,43.069279],[-107.02165,43.069421],[-107.021662,43.065864],[-107.026635,43.065703]]]}},{"type":"Feature","properties":{"q":"SWNW","ac":32.7},"geometry":{"type":"Polygon","coordinates":[[[-107.061026,43.12011],[-107.066015,43.120117],[-107.066058,43.123066],[-107.06105,43.123025],[-107.061026,43.12011]]]}},{"type":"Feature","properties":{"q":"1","ac":36.1},"geometry":{"type":"Polygon","coordinates":[[[-107.080524,43.051575],[-107.084979,43.051633],[-107.085017,43.055257],[-107.080521,43.055168],[-107.080524,43.051575]]]}},{"type":"Feature","properties":{"q":"NESW","ac":39.4},"geometry":{"type":"Polygon","coordinates":[[[-107.016756,43.048099],[-107.016765,43.044512],[-107.021698,43.044471],[-107.021699,43.048022],[-107.016756,43.048099]]]}},{"type":"Feature","properties":{"q":"NESE","ac":39.8},"geometry":{"type":"Polygon","coordinates":[[[-107.065835,43.058514],[-107.070738,43.058601],[-107.070746,43.062223],[-107.065835,43.062145],[-107.065835,43.058514]]]}},{"type":"Feature","properties":{"q":"NWSE","ac":40.5},"geometry":{"type":"Polygon","coordinates":[[[-107.031538,43.072976],[-107.03647,43.072987],[-107.036443,43.076653],[-107.031515,43.076652],[-107.031538,43.072976]]]}},{"type":"Feature","properties":{"q":"SENW","ac":38.8},"geometry":{"type":"Polygon","coordinates":[[[-107.075612,43.091177],[-107.080415,43.091211],[-107.080446,43.094818],[-107.07563,43.094784],[-107.075612,43.091177]]]}},{"type":"Feature","properties":{"q":"SWNW","ac":39.7},"geometry":{"type":"Polygon","coordinates":[[[-107.060919,43.06219],[-107.065835,43.062145],[-107.06586,43.065756],[-107.060912,43.065779],[-107.060919,43.06219]]]}},{"type":"Feature","properties":{"q":"5","ac":19.0},"geometry":{"type":"Polygon","coordinates":[[[-107.021169,43.122742],[-107.026115,43.122844],[-107.025935,43.124434],[-107.025923,43.124546],[-107.021066,43.124512],[-107.021169,43.122742]]]}},{"type":"Feature","properties":{"q":"NENE","ac":39.2},"geometry":{"type":"Polygon","coordinates":[[[-107.065898,43.083885],[-107.065897,43.08026],[-107.07075,43.080299],[-107.070737,43.083915],[-107.065898,43.083885]]]}},{"type":"Feature","properties":{"q":"NWNW","ac":39.7},"geometry":{"type":"Polygon","coordinates":[[[-107.046417,43.094789],[-107.046481,43.098403],[-107.041567,43.09845],[-107.041502,43.094829],[-107.046417,43.094789]]]}},{"type":"Feature","properties":{"q":"NENW","ac":40.7},"geometry":{"type":"Polygon","coordinates":[[[-107.01674,43.098511],[-107.016725,43.094896],[-107.02174,43.094921],[-107.021781,43.09855],[-107.01674,43.098511]]]}},{"type":"Feature","properties":{"q":"NESE","ac":40.6},"geometry":{"type":"Polygon","coordinates":[[[-107.031538,43.072976],[-107.031515,43.076652],[-107.026587,43.07665],[-107.026606,43.072965],[-107.031538,43.072976]]]}},{"type":"Feature","properties":{"q":"NWNW","ac":38.3},"geometry":{"type":"Polygon","coordinates":[[[-107.060939,43.051459],[-107.065812,43.051385],[-107.065834,43.054884],[-107.060957,43.054983],[-107.060939,43.051459]]]}},{"type":"Feature","properties":{"q":"SESE","ac":39.1},"geometry":{"type":"Polygon","coordinates":[[[-107.046334,43.073008],[-107.04637,43.069362],[-107.051148,43.069365],[-107.051147,43.073007],[-107.046334,43.073008]]]}},{"type":"Feature","properties":{"q":"NWSW","ac":40.7},"geometry":{"type":"Polygon","coordinates":[[[-107.026606,43.072965],[-107.026587,43.07665],[-107.021633,43.076738],[-107.021641,43.07308],[-107.026606,43.072965]]]}},{"type":"Feature","properties":{"q":"2","ac":35.5},"geometry":{"type":"Polygon","coordinates":[[[-107.084928,43.076823],[-107.084876,43.080412],[-107.080457,43.080377],[-107.080502,43.076779],[-107.084928,43.076823]]]}},{"type":"Feature","properties":{"q":"SWSE","ac":39.0},"geometry":{"type":"Polygon","coordinates":[[[-107.051148,43.069365],[-107.055925,43.069368],[-107.05596,43.073006],[-107.051147,43.073007],[-107.051148,43.069365]]]}},{"type":"Feature","properties":{"q":"SENW","ac":39.2},"geometry":{"type":"Polygon","coordinates":[[[-107.075632,43.076731],[-107.080502,43.076779],[-107.080457,43.080377],[-107.075603,43.080338],[-107.075632,43.076731]]]}},{"type":"Feature","properties":{"q":"NESW","ac":39.8},"geometry":{"type":"Polygon","coordinates":[[[-107.041018,43.116525],[-107.040995,43.120102],[-107.035992,43.120115],[-107.036015,43.116574],[-107.041018,43.116525]]]}},{"type":"Feature","properties":{"q":"SENE","ac":40.0},"geometry":{"type":"Polygon","coordinates":[[[-107.051117,43.109247],[-107.046154,43.109248],[-107.046263,43.105633],[-107.051197,43.105627],[-107.051117,43.109247]]]}},{"type":"Feature","properties":{"q":"SENW","ac":40.5},"geometry":{"type":"Polygon","coordinates":[[[-107.01671,43.091281],[-107.021698,43.091293],[-107.02174,43.094921],[-107.016725,43.094896],[-107.01671,43.091281]]]}},{"type":"Feature","properties":{"q":"NWSE","ac":39.2},"geometry":{"type":"Polygon","coordinates":[[[-107.070831,43.101992],[-107.075667,43.102015],[-107.075685,43.105638],[-107.070842,43.105623],[-107.070831,43.101992]]]}},{"type":"Feature","properties":{"q":"1","ac":21.3},"geometry":{"type":"Polygon","coordinates":[[[-107.066084,43.124876],[-107.066058,43.123066],[-107.070968,43.123032],[-107.070997,43.125012],[-107.070748,43.125014],[-107.066085,43.124961],[-107.066084,43.124876]]]}},{"type":"Feature","properties":{"q":"SWSE","ac":39.0},"geometry":{"type":"Polygon","coordinates":[[[-107.031033,43.113117],[-107.036037,43.113032],[-107.036015,43.116574],[-107.03112,43.116622],[-107.031033,43.113117]]]}},{"type":"Feature","properties":{"q":"3","ac":36.0},"geometry":{"type":"Polygon","coordinates":[[[-107.085025,43.062451],[-107.080556,43.06238],[-107.080539,43.058774],[-107.085021,43.058854],[-107.085025,43.062451]]]}},{"type":"Feature","properties":{"q":"SWNW","ac":39.4},"geometry":{"type":"Polygon","coordinates":[[[-107.041415,43.048042],[-107.046317,43.048074],[-107.046321,43.051678],[-107.041428,43.051628],[-107.041415,43.048042]]]}},{"type":"Feature","properties":{"q":"3","ac":21.8},"geometry":{"type":"Polygon","coordinates":[[[-107.075879,43.122998],[-107.080782,43.122965],[-107.080823,43.124958],[-107.080708,43.124957],[-107.07591,43.124984],[-107.075879,43.122998]]]}},{"type":"Feature","properties":{"q":"SENE","ac":39.0},"geometry":{"type":"Polygon","coordinates":[[[-107.065945,43.091107],[-107.070779,43.091142],[-107.0708,43.094751],[-107.065969,43.094718],[-107.065945,43.091107]]]}},{"type":"Feature","properties":{"q":"NWSE","ac":39.0},"geometry":{"type":"Polygon","coordinates":[[[-107.070691,43.04439],[-107.075613,43.044393],[-107.075617,43.04795],[-107.070704,43.047918],[-107.070691,43.04439]]]}},{"type":"Feature","properties":{"q":"SWSW","ac":38.6},"geometry":{"type":"Polygon","coordinates":[[[-107.041442,43.055213],[-107.046325,43.055282],[-107.046336,43.058802],[-107.04144,43.058743],[-107.041442,43.055213]]]}},{"type":"Feature","properties":{"q":"2","ac":19.4},"geometry":{"type":"Polygon","coordinates":[[[-107.030943,43.124583],[-107.031046,43.122852],[-107.035975,43.122859],[-107.035964,43.12462],[-107.035942,43.12462],[-107.030967,43.124583],[-107.030943,43.124583]]]}},{"type":"Feature","properties":{"q":"NWSE","ac":38.1},"geometry":{"type":"Polygon","coordinates":[[[-107.035992,43.120115],[-107.031207,43.120127],[-107.03112,43.116622],[-107.036015,43.116574],[-107.035992,43.120115]]]}},{"type":"Feature","properties":{"q":"SESW","ac":40.4},"geometry":{"type":"Polygon","coordinates":[[[-107.036498,43.069321],[-107.041434,43.069341],[-107.041402,43.072997],[-107.03647,43.072987],[-107.036498,43.069321]]]}},{"type":"Feature","properties":{"q":"3","ac":19.9},"geometry":{"type":"Polygon","coordinates":[[[-107.040984,43.124658],[-107.040917,43.124657],[-107.035964,43.12462],[-107.035975,43.122859],[-107.040989,43.122875],[-107.040984,43.124658]]]}},{"type":"Feature","properties":{"q":"SWSE","ac":40.4},"geometry":{"type":"Polygon","coordinates":[[[-107.056027,43.112873],[-107.056032,43.116488],[-107.051027,43.116482],[-107.051036,43.112868],[-107.056027,43.112873]]]}},{"type":"Feature","properties":{"q":"SWNE","ac":38.9},"geometry":{"type":"Polygon","coordinates":[[[-107.075617,43.04795],[-107.075621,43.051512],[-107.070717,43.051448],[-107.070704,43.047918],[-107.075617,43.04795]]]}},{"type":"Feature","properties":{"q":"NWNW","ac":39.4},"geometry":{"type":"Polygon","coordinates":[[[-107.061081,43.094736],[-107.065969,43.094718],[-107.065992,43.09833],[-107.061115,43.098348],[-107.061081,43.094736]]]}},{"type":"Feature","properties":{"q":"SWNE","ac":39.0},"geometry":{"type":"Polygon","coordinates":[[[-107.016705,43.062485],[-107.016689,43.066024],[-107.011741,43.066184],[-107.011784,43.062662],[-107.016705,43.062485]]]}},{"type":"Feature","properties":{"q":"NWSE","ac":39.8},"geometry":{"type":"Polygon","coordinates":[[[-107.016721,43.058878],[-107.016705,43.062485],[-107.011784,43.062662],[-107.011779,43.059041],[-107.016721,43.058878]]]}},{"type":"Feature","properties":{"q":"NWNW","ac":39.3},"geometry":{"type":"Polygon","coordinates":[[[-107.041442,43.055213],[-107.041428,43.051628],[-107.046321,43.051678],[-107.046325,43.055282],[-107.041442,43.055213]]]}},{"type":"Feature","properties":{"q":"SESW","ac":39.5},"geometry":{"type":"Polygon","coordinates":[[[-107.08059,43.069578],[-107.080546,43.073179],[-107.07566,43.073118],[-107.075688,43.069506],[-107.08059,43.069578]]]}},{"type":"Feature","properties":{"q":"SWNE","ac":39.3},"geometry":{"type":"Polygon","coordinates":[[[-107.036512,43.04801],[-107.036535,43.051577],[-107.031593,43.051518],[-107.031576,43.047977],[-107.036512,43.04801]]]}},{"type":"Feature","properties":{"q":"SWSE","ac":39.6},"geometry":{"type":"Polygon","coordinates":[[[-107.075688,43.069506],[-107.07566,43.073118],[-107.070775,43.07306],[-107.070787,43.069437],[-107.075688,43.069506]]]}},{"type":"Feature","properties":{"q":"NESW","ac":39.2},"geometry":{"type":"Polygon","coordinates":[[[-107.036489,43.04445],[-107.041401,43.044461],[-107.041415,43.048042],[-107.036512,43.04801],[-107.036489,43.04445]]]}},{"type":"Feature","properties":{"q":"NENE","ac":40.0},"geometry":{"type":"Polygon","coordinates":[[[-107.026823,43.098588],[-107.026755,43.094947],[-107.03167,43.094907],[-107.031738,43.098542],[-107.026823,43.098588]]]}},{"type":"Feature","properties":{"q":"NESE","ac":39.4},"geometry":{"type":"Polygon","coordinates":[[[-107.026653,43.058551],[-107.031598,43.058618],[-107.031586,43.062176],[-107.026644,43.062127],[-107.026653,43.058551]]]}},{"type":"Feature","properties":{"q":"NENE","ac":39.1},"geometry":{"type":"Polygon","coordinates":[[[-107.046321,43.051678],[-107.051194,43.051605],[-107.051202,43.055182],[-107.046325,43.055282],[-107.046321,43.051678]]]}},{"type":"Feature","properties":{"q":"SESW","ac":37.7},"geometry":{"type":"Polygon","coordinates":[[[-107.07572,43.112825],[-107.080582,43.112879],[-107.080648,43.1163],[-107.075775,43.116338],[-107.07572,43.112825]]]}},{"type":"Feature","properties":{"q":"SENW","ac":40.3},"geometry":{"type":"Polygon","coordinates":[[[-107.036344,43.105764],[-107.041304,43.105699],[-107.041172,43.109323],[-107.036191,43.109398],[-107.036344,43.105764]]]}},{"type":"Feature","properties":{"q":"NENE","ac":39.4},"geometry":{"type":"Polygon","coordinates":[[[-107.026626,43.069279],[-107.026635,43.065703],[-107.031574,43.065738],[-107.031562,43.0693],[-107.026626,43.069279]]]}},{"type":"Feature","properties":{"q":"NWSW","ac":38.7},"geometry":{"type":"Polygon","coordinates":[[[-107.046336,43.058802],[-107.046348,43.062322],[-107.041438,43.062274],[-107.04144,43.058743],[-107.046336,43.058802]]]}},{"type":"Feature","properties":{"q":"SENW","ac":38.5},"geometry":{"type":"Polygon","coordinates":[[[-107.060922,43.047934],[-107.060939,43.051459],[-107.056067,43.051532],[-107.056054,43.047981],[-107.060922,43.047934]]]}},{"type":"Feature","properties":{"q":"NESE","ac":40.0},"geometry":{"type":"Polygon","coordinates":[[[-107.026686,43.091305],[-107.026618,43.087664],[-107.031536,43.087638],[-107.031603,43.091273],[-107.026686,43.091305]]]}},{"type":"Feature","properties":{"q":"SESE","ac":39.5},"geometry":{"type":"Polygon","coordinates":[[[-107.026662,43.054974],[-107.03161,43.055059],[-107.031598,43.058618],[-107.026653,43.058551],[-107.026662,43.054974]]]}},{"type":"Feature","properties":{"q":"SWNE","ac":39.3},"geometry":{"type":"Polygon","coordinates":[[[-107.031586,43.062176],[-107.036528,43.062225],[-107.036513,43.065773],[-107.031574,43.065738],[-107.031586,43.062176]]]}},{"type":"Feature","properties":{"q":"SWNE","ac":34.0},"geometry":{"type":"Polygon","coordinates":[[[-107.070923,43.119984],[-107.07583,43.119852],[-107.075879,43.122998],[-107.070968,43.123032],[-107.070923,43.119984]]]}},{"type":"Feature","properties":{"q":"SWNE","ac":40.1},"geometry":{"type":"Polygon","coordinates":[[[-107.056079,43.109247],[-107.051117,43.109247],[-107.051197,43.105627],[-107.056132,43.10562],[-107.056079,43.109247]]]}},{"type":"Feature","properties":{"q":"NWSE","ac":39.3},"geometry":{"type":"Polygon","coordinates":[[[-107.051147,43.073007],[-107.05596,43.073006],[-107.055994,43.076645],[-107.051146,43.076649],[-107.051147,43.073007]]]}},{"type":"Feature","properties":{"q":"SENE","ac":39.6},"geometry":{"type":"Polygon","coordinates":[[[-107.046298,43.076654],[-107.051146,43.076649],[-107.051145,43.08029],[-107.046262,43.0803],[-107.046298,43.076654]]]}},{"type":"Feature","properties":{"q":"NWSW","ac":39.4},"geometry":{"type":"Polygon","coordinates":[[[-107.046317,43.048074],[-107.041415,43.048042],[-107.041401,43.044461],[-107.046314,43.044471],[-107.046317,43.048074]]]}},{"type":"Feature","properties":{"q":"4","ac":35.6},"geometry":{"type":"Polygon","coordinates":[[[-107.084813,43.087621],[-107.080414,43.087592],[-107.080413,43.083974],[-107.084824,43.084001],[-107.084813,43.087621]]]}},{"type":"Feature","properties":{"q":"4","ac":21.2},"geometry":{"type":"Polygon","coordinates":[[[-107.06105,43.123025],[-107.066058,43.123066],[-107.066084,43.124876],[-107.066085,43.124961],[-107.065778,43.124957],[-107.061065,43.124908],[-107.06105,43.123025]]]}},{"type":"Feature","properties":{"q":"SESW","ac":40.0},"geometry":{"type":"Polygon","coordinates":[[[-107.021687,43.058714],[-107.016721,43.058878],[-107.016737,43.055271],[-107.021699,43.055123],[-107.021687,43.058714]]]}},{"type":"Feature","properties":{"q":"NWSE","ac":39.2},"geometry":{"type":"Polygon","coordinates":[[[-107.036543,43.058684],[-107.036528,43.062225],[-107.031586,43.062176],[-107.031598,43.058618],[-107.036543,43.058684]]]}},{"type":"Feature","properties":{"q":"NESW","ac":39.1},"geometry":{"type":"Polygon","coordinates":[[[-107.075685,43.105638],[-107.075667,43.102015],[-107.080502,43.102039],[-107.080527,43.105654],[-107.075685,43.105638]]]}},{"type":"Feature","properties":{"q":"SWNW","ac":40.6},"geometry":{"type":"Polygon","coordinates":[[[-107.026587,43.07665],[-107.026568,43.080336],[-107.021624,43.080387],[-107.021633,43.076738],[-107.026587,43.07665]]]}},{"type":"Feature","properties":{"q":"1","ac":36.3},"geometry":{"type":"Polygon","coordinates":[[[-107.080555,43.109267],[-107.08503,43.109299],[-107.085079,43.11293],[-107.080582,43.112879],[-107.080555,43.109267]]]}},{"type":"Feature","properties":{"q":"SWSE","ac":39.6},"geometry":{"type":"Polygon","coordinates":[[[-107.07073,43.054978],[-107.075626,43.055073],[-107.075641,43.058687],[-107.070738,43.058601],[-107.07073,43.054978]]]}},{"type":"Feature","properties":{"q":"NESW","ac":37.9},"geometry":{"type":"Polygon","coordinates":[[[-107.021249,43.116493],[-107.021334,43.119901],[-107.016247,43.119663],[-107.016273,43.116316],[-107.021249,43.116493]]]}},{"type":"Feature","properties":{"q":"NWSW","ac":40.4},"geometry":{"type":"Polygon","coordinates":[[[-107.021657,43.087665],[-107.026618,43.087664],[-107.026686,43.091305],[-107.021698,43.091293],[-107.021657,43.087665]]]}},{"type":"Feature","properties":{"q":"SESW","ac":39.9},"geometry":{"type":"Polygon","coordinates":[[[-107.036652,43.098496],[-107.041567,43.09845],[-107.041435,43.102074],[-107.036498,43.10213],[-107.036652,43.098496]]]}},{"type":"Feature","properties":{"q":"3","ac":35.6},"geometry":{"type":"Polygon","coordinates":[[[-107.08498,43.073234],[-107.084928,43.076823],[-107.080502,43.076779],[-107.080546,43.073179],[-107.08498,43.073234]]]}},{"type":"Feature","properties":{"q":"NESW","ac":39.4},"geometry":{"type":"Polygon","coordinates":[[[-107.056002,43.062235],[-107.056041,43.058659],[-107.060938,43.058587],[-107.060919,43.06219],[-107.056002,43.062235]]]}},{"type":"Feature","properties":{"q":"NENE","ac":37.8},"geometry":{"type":"Polygon","coordinates":[[[-107.046359,43.065842],[-107.051161,43.065822],[-107.051148,43.069365],[-107.04637,43.069362],[-107.046359,43.065842]]]}},{"type":"Feature","properties":{"q":"SENW","ac":32.4},"geometry":{"type":"Polygon","coordinates":[[[-107.061026,43.12011],[-107.06105,43.123025],[-107.056042,43.122983],[-107.056037,43.120104],[-107.061026,43.12011]]]}},{"type":"Feature","properties":{"q":"3","ac":21.0},"geometry":{"type":"Polygon","coordinates":[[[-107.06105,43.123025],[-107.061065,43.124908],[-107.060809,43.124906],[-107.056044,43.124853],[-107.056042,43.122983],[-107.06105,43.123025]]]}},{"type":"Feature","properties":{"q":"NWNE","ac":39.1},"geometry":{"type":"Polygon","coordinates":[[[-107.07075,43.080299],[-107.075603,43.080338],[-107.075575,43.083944],[-107.070737,43.083915],[-107.07075,43.080299]]]}},{"type":"Feature","properties":{"q":"NWSE","ac":39.6},"geometry":{"type":"Polygon","coordinates":[[[-107.051198,43.087544],[-107.056106,43.087528],[-107.056149,43.091141],[-107.051252,43.091158],[-107.051198,43.087544]]]}},{"type":"Feature","properties":{"q":"NESW","ac":37.8},"geometry":{"type":"Polygon","coordinates":[[[-107.075775,43.116338],[-107.080648,43.1163],[-107.080714,43.11972],[-107.07583,43.119852],[-107.075775,43.116338]]]}},{"type":"Feature","properties":{"q":"NWNW","ac":40.8},"geometry":{"type":"Polygon","coordinates":[[[-107.026755,43.094947],[-107.026823,43.098588],[-107.021781,43.09855],[-107.02174,43.094921],[-107.026755,43.094947]]]}},{"type":"Feature","properties":{"q":"SESE","ac":39.2},"geometry":{"type":"Polygon","coordinates":[[[-107.065992,43.09833],[-107.070821,43.098361],[-107.070831,43.101992],[-107.065996,43.101968],[-107.065992,43.09833]]]}},{"type":"Feature","properties":{"q":"3","ac":19.8},"geometry":{"type":"Polygon","coordinates":[[[-107.021017,43.124511],[-107.01621,43.124483],[-107.016224,43.122639],[-107.021169,43.122742],[-107.021066,43.124512],[-107.021017,43.124511]]]}},{"type":"Feature","properties":{"q":"SESW","ac":39.4},"geometry":{"type":"Polygon","coordinates":[[[-107.075613,43.044393],[-107.075609,43.040835],[-107.08054,43.040806],[-107.080533,43.044394],[-107.075613,43.044393]]]}},{"type":"Feature","properties":{"q":"SWSW","ac":39.8},"geometry":{"type":"Polygon","coordinates":[[[-107.026662,43.054974],[-107.026653,43.058551],[-107.021687,43.058714],[-107.021699,43.055123],[-107.026662,43.054974]]]}},{"type":"Feature","properties":{"q":"2","ac":20.9},"geometry":{"type":"Polygon","coordinates":[[[-107.051022,43.122937],[-107.056042,43.122983],[-107.056044,43.124853],[-107.055839,43.124851],[-107.051024,43.124797],[-107.051022,43.122937]]]}},{"type":"Feature","properties":{"q":"SENE","ac":39.3},"geometry":{"type":"Polygon","coordinates":[[[-107.070853,43.109239],[-107.066004,43.109245],[-107.066,43.105607],[-107.070842,43.105623],[-107.070853,43.109239]]]}},{"type":"Feature","properties":{"q":"SWSE","ac":39.0},"geometry":{"type":"Polygon","coordinates":[[[-107.075609,43.040835],[-107.075613,43.044393],[-107.070691,43.04439],[-107.070678,43.040862],[-107.075609,43.040835]]]}},{"type":"Feature","properties":{"q":"SWNW","ac":40.2},"geometry":{"type":"Polygon","coordinates":[[[-107.061066,43.105614],[-107.066,43.105607],[-107.066004,43.109245],[-107.061042,43.109246],[-107.061066,43.105614]]]}},{"type":"Feature","properties":{"q":"SENE","ac":32.9},"geometry":{"type":"Polygon","coordinates":[[[-107.070923,43.119984],[-107.070968,43.123032],[-107.066058,43.123066],[-107.066015,43.120117],[-107.070923,43.119984]]]}},{"type":"Feature","properties":{"q":"SWNW","ac":40.2},"geometry":{"type":"Polygon","coordinates":[[[-107.041339,43.080309],[-107.041371,43.076653],[-107.046298,43.076654],[-107.046262,43.0803],[-107.041339,43.080309]]]}},{"type":"Feature","properties":{"q":"NWSW","ac":39.6},"geometry":{"type":"Polygon","coordinates":[[[-107.065945,43.091107],[-107.061047,43.091124],[-107.061014,43.087512],[-107.065922,43.087496],[-107.065945,43.091107]]]}},{"type":"Feature","properties":{"q":"NWNE","ac":39.9},"geometry":{"type":"Polygon","coordinates":[[[-107.051145,43.08029],[-107.056028,43.08028],[-107.056062,43.083915],[-107.051144,43.08393],[-107.051145,43.08029]]]}},{"type":"Feature","properties":{"q":"SENW","ac":39.0},"geometry":{"type":"Polygon","coordinates":[[[-107.075685,43.105638],[-107.080527,43.105654],[-107.080555,43.109267],[-107.075702,43.109232],[-107.075685,43.105638]]]}},{"type":"Feature","properties":{"q":"NESE","ac":39.1},"geometry":{"type":"Polygon","coordinates":[[[-107.046314,43.044471],[-107.051178,43.04445],[-107.051186,43.048028],[-107.046317,43.048074],[-107.046314,43.044471]]]}},{"type":"Feature","properties":{"q":"NENW","ac":39.0},"geometry":{"type":"Polygon","coordinates":[[[-107.041436,43.065808],[-107.041434,43.069341],[-107.036498,43.069321],[-107.036513,43.065773],[-107.041436,43.065808]]]}},{"type":"Feature","properties":{"q":"NENW","ac":39.8},"geometry":{"type":"Polygon","coordinates":[[[-107.041567,43.09845],[-107.036652,43.098496],[-107.036586,43.094868],[-107.041502,43.094829],[-107.041567,43.09845]]]}},{"type":"Feature","properties":{"q":"SESE","ac":40.4},"geometry":{"type":"Polygon","coordinates":[[[-107.046045,43.112863],[-107.051036,43.112868],[-107.051027,43.116482],[-107.046021,43.116476],[-107.046045,43.112863]]]}},{"type":"Feature","properties":{"q":"SWSE","ac":39.3},"geometry":{"type":"Polygon","coordinates":[[[-107.036558,43.055144],[-107.036543,43.058684],[-107.031598,43.058618],[-107.03161,43.055059],[-107.036558,43.055144]]]}},{"type":"Feature","properties":{"q":"NWNE","ac":38.9},"geometry":{"type":"Polygon","coordinates":[[[-107.056067,43.051532],[-107.056079,43.055083],[-107.051202,43.055182],[-107.051194,43.051605],[-107.056067,43.051532]]]}},{"type":"Feature","properties":{"q":"SENW","ac":39.4},"geometry":{"type":"Polygon","coordinates":[[[-107.080556,43.06238],[-107.080573,43.065979],[-107.075673,43.065904],[-107.075657,43.062302],[-107.080556,43.06238]]]}},{"type":"Feature","properties":{"q":"NWNW","ac":40.0},"geometry":{"type":"Polygon","coordinates":[[[-107.06586,43.065756],[-107.065885,43.069368],[-107.060905,43.069368],[-107.060912,43.065779],[-107.06586,43.065756]]]}},{"type":"Feature","properties":{"q":"NESW","ac":40.4},"geometry":{"type":"Polygon","coordinates":[[[-107.016676,43.073195],[-107.021641,43.07308],[-107.021633,43.076738],[-107.016678,43.076825],[-107.016676,43.073195]]]}},{"type":"Feature","properties":{"q":"NENE","ac":38.5},"geometry":{"type":"Polygon","coordinates":[[[-107.07073,43.054978],[-107.065834,43.054884],[-107.065812,43.051385],[-107.070717,43.051448],[-107.07073,43.054978]]]}},{"type":"Feature","properties":{"q":"SWNE","ac":38.3},"geometry":{"type":"Polygon","coordinates":[[[-107.051175,43.062279],[-107.056002,43.062235],[-107.055964,43.065801],[-107.051161,43.065822],[-107.051175,43.062279]]]}},{"type":"Feature","properties":{"q":"SWNE","ac":39.6},"geometry":{"type":"Polygon","coordinates":[[[-107.075657,43.062302],[-107.075673,43.065904],[-107.070766,43.06583],[-107.070746,43.062223],[-107.075657,43.062302]]]}},{"type":"Feature","properties":{"q":"SENE","ac":40.5},"geometry":{"type":"Polygon","coordinates":[[[-107.026587,43.07665],[-107.031515,43.076652],[-107.031492,43.080327],[-107.026568,43.080336],[-107.026587,43.07665]]]}},{"type":"Feature","properties":{"q":"NWSE","ac":39.8},"geometry":{"type":"Polygon","coordinates":[[[-107.016765,43.044512],[-107.016756,43.048099],[-107.011813,43.048176],[-107.011833,43.044553],[-107.016765,43.044512]]]}},{"type":"Feature","properties":{"q":"NENW","ac":39.6},"geometry":{"type":"Polygon","coordinates":[[[-107.016409,43.109355],[-107.021318,43.109452],[-107.021164,43.113086],[-107.016299,43.11297],[-107.016409,43.109355]]]}},{"type":"Feature","properties":{"q":"NENW","ac":39.7},"geometry":{"type":"Polygon","coordinates":[[[-107.060912,43.065779],[-107.060905,43.069368],[-107.055925,43.069368],[-107.055964,43.065801],[-107.060912,43.065779]]]}},{"type":"Feature","properties":{"q":"SWNE","ac":39.5},"geometry":{"type":"Polygon","coordinates":[[[-107.051252,43.091158],[-107.056149,43.091141],[-107.056193,43.094754],[-107.051305,43.094771],[-107.051252,43.091158]]]}},{"type":"Feature","properties":{"q":"SESW","ac":39.3},"geometry":{"type":"Polygon","coordinates":[[[-107.036489,43.04445],[-107.036465,43.040891],[-107.041388,43.040879],[-107.041401,43.044461],[-107.036489,43.04445]]]}},{"type":"Feature","properties":{"q":"NESW","ac":40.1},"geometry":{"type":"Polygon","coordinates":[[[-107.041304,43.105699],[-107.036344,43.105764],[-107.036498,43.10213],[-107.041435,43.102074],[-107.041304,43.105699]]]}},{"type":"Feature","properties":{"q":"SENE","ac":40.5},"geometry":{"type":"Polygon","coordinates":[[[-107.031209,43.109473],[-107.026227,43.109548],[-107.026426,43.105895],[-107.031385,43.10583],[-107.031209,43.109473]]]}},{"type":"Feature","properties":{"q":"SESW","ac":39.5},"geometry":{"type":"Polygon","coordinates":[[[-107.080539,43.058774],[-107.075641,43.058687],[-107.075626,43.055073],[-107.080521,43.055168],[-107.080539,43.058774]]]}},{"type":"Feature","properties":{"q":"NWNW","ac":40.5},"geometry":{"type":"Polygon","coordinates":[[[-107.021624,43.080387],[-107.026568,43.080336],[-107.026549,43.084022],[-107.021615,43.084036],[-107.021624,43.080387]]]}},{"type":"Feature","properties":{"q":"SENW","ac":40.1},"geometry":{"type":"Polygon","coordinates":[[[-107.055994,43.076645],[-107.060945,43.07664],[-107.060963,43.08027],[-107.056028,43.08028],[-107.055994,43.076645]]]}},{"type":"Feature","properties":{"q":"SWSW","ac":39.8},"geometry":{"type":"Polygon","coordinates":[[[-107.041372,43.087586],[-107.041307,43.083965],[-107.046226,43.083945],[-107.04629,43.08756],[-107.041372,43.087586]]]}},{"type":"Feature","properties":{"q":"NESE","ac":39.3},"geometry":{"type":"Polygon","coordinates":[[[-107.066,43.105607],[-107.065996,43.101968],[-107.070831,43.101992],[-107.070842,43.105623],[-107.066,43.105607]]]}},{"type":"Feature","properties":{"q":"NENW","ac":39.5},"geometry":{"type":"Polygon","coordinates":[[[-107.021662,43.065864],[-107.02165,43.069421],[-107.016674,43.069564],[-107.016689,43.066024],[-107.021662,43.065864]]]}},{"type":"Feature","properties":{"q":"SWSE","ac":39.1},"geometry":{"type":"Polygon","coordinates":[[[-107.075593,43.08756],[-107.070758,43.087528],[-107.070737,43.083915],[-107.075575,43.083944],[-107.075593,43.08756]]]}},{"type":"Feature","properties":{"q":"NESW","ac":40.4},"geometry":{"type":"Polygon","coordinates":[[[-107.03647,43.072987],[-107.041402,43.072997],[-107.041371,43.076653],[-107.036443,43.076653],[-107.03647,43.072987]]]}},{"type":"Feature","properties":{"q":"SWSW","ac":40.4},"geometry":{"type":"Polygon","coordinates":[[[-107.065891,43.073001],[-107.060925,43.073004],[-107.060905,43.069368],[-107.065885,43.069368],[-107.065891,43.073001]]]}},{"type":"Feature","properties":{"q":"2","ac":35.4},"geometry":{"type":"Polygon","coordinates":[[[-107.080446,43.094818],[-107.080415,43.091211],[-107.084802,43.091242],[-107.084849,43.094848],[-107.080446,43.094818]]]}},{"type":"Feature","properties":{"q":"NWNE","ac":39.2},"geometry":{"type":"Polygon","coordinates":[[[-107.016674,43.069564],[-107.011698,43.069706],[-107.011741,43.066184],[-107.016689,43.066024],[-107.016674,43.069564]]]}},{"type":"Feature","properties":{"q":"SWNE","ac":29.7},"geometry":{"type":"Polygon","coordinates":[[[-107.035992,43.120115],[-107.035975,43.122859],[-107.031046,43.122852],[-107.031207,43.120127],[-107.035992,43.120115]]]}},{"type":"Feature","properties":{"q":"SESW","ac":40.1},"geometry":{"type":"Polygon","coordinates":[[[-107.016681,43.08405],[-107.021615,43.084036],[-107.021657,43.087665],[-107.016696,43.087665],[-107.016681,43.08405]]]}},{"type":"Feature","properties":{"q":"SWNE","ac":39.0},"geometry":{"type":"Polygon","coordinates":[[[-107.070779,43.091142],[-107.075612,43.091177],[-107.07563,43.094784],[-107.0708,43.094751],[-107.070779,43.091142]]]}},{"type":"Feature","properties":{"q":"SENW","ac":39.2},"geometry":{"type":"Polygon","coordinates":[[[-107.036512,43.04801],[-107.041415,43.048042],[-107.041428,43.051628],[-107.036535,43.051577],[-107.036512,43.04801]]]}},{"type":"Feature","properties":{"q":"2","ac":35.9},"geometry":{"type":"Polygon","coordinates":[[[-107.080556,43.06238],[-107.085025,43.062451],[-107.085028,43.066048],[-107.080573,43.065979],[-107.080556,43.06238]]]}},{"type":"Feature","properties":{"q":"SESW","ac":39.1},"geometry":{"type":"Polygon","coordinates":[[[-107.075575,43.083944],[-107.080413,43.083974],[-107.080414,43.087592],[-107.075593,43.08756],[-107.075575,43.083944]]]}},{"type":"Feature","properties":{"q":"6","ac":33.5},"geometry":{"type":"Polygon","coordinates":[[[-107.080648,43.1163],[-107.085104,43.116265],[-107.085129,43.1196],[-107.080714,43.11972],[-107.080648,43.1163]]]}},{"type":"Feature","properties":{"q":"SWSW","ac":40.2},"geometry":{"type":"Polygon","coordinates":[[[-107.041018,43.116525],[-107.041041,43.112947],[-107.046045,43.112863],[-107.046021,43.116476],[-107.041018,43.116525]]]}},{"type":"Feature","properties":{"q":"SWSE","ac":39.7},"geometry":{"type":"Polygon","coordinates":[[[-107.056106,43.087528],[-107.051198,43.087544],[-107.051144,43.08393],[-107.056062,43.083915],[-107.056106,43.087528]]]}},{"type":"Feature","properties":{"q":"NENE","ac":39.3},"geometry":{"type":"Polygon","coordinates":[[[-107.066004,43.109245],[-107.070853,43.109239],[-107.070864,43.112854],[-107.066008,43.112884],[-107.066004,43.109245]]]}},{"type":"Feature","properties":{"q":"4","ac":19.8},"geometry":{"type":"Polygon","coordinates":[[[-107.080782,43.122965],[-107.08516,43.122935],[-107.08518,43.124945],[-107.08518,43.125003],[-107.080823,43.124958],[-107.080782,43.122965]]]}},{"type":"Feature","properties":{"q":"SWSE","ac":39.2},"geometry":{"type":"Polygon","coordinates":[[[-107.070831,43.101992],[-107.070821,43.098361],[-107.075649,43.098392],[-107.075667,43.102015],[-107.070831,43.101992]]]}},{"type":"Feature","properties":{"q":"SENW","ac":32.6},"geometry":{"type":"Polygon","coordinates":[[[-107.016247,43.119663],[-107.021334,43.119901],[-107.021169,43.122742],[-107.016224,43.122639],[-107.016247,43.119663]]]}},{"type":"Feature","properties":{"q":"NWSW","ac":39.0},"geometry":{"type":"Polygon","coordinates":[[[-107.021698,43.044471],[-107.026631,43.044429],[-107.026641,43.047944],[-107.021699,43.048022],[-107.021698,43.044471]]]}},{"type":"Feature","properties":{"q":"SENE","ac":38.6},"geometry":{"type":"Polygon","coordinates":[[[-107.070704,43.047918],[-107.070717,43.051448],[-107.065812,43.051385],[-107.065791,43.047886],[-107.070704,43.047918]]]}},{"type":"Feature","properties":{"q":"NWSW","ac":40.2},"geometry":{"type":"Polygon","coordinates":[[[-107.041402,43.072997],[-107.046334,43.073008],[-107.046298,43.076654],[-107.041371,43.076653],[-107.041402,43.072997]]]}},{"type":"Feature","properties":{"q":"NESE","ac":40.3},"geometry":{"type":"Polygon","coordinates":[[[-107.026426,43.105895],[-107.026625,43.102241],[-107.031561,43.102186],[-107.031385,43.10583],[-107.026426,43.105895]]]}},{"type":"Feature","properties":{"q":"NENW","ac":40.0},"geometry":{"type":"Polygon","coordinates":[[[-107.060963,43.08027],[-107.06098,43.0839],[-107.056062,43.083915],[-107.056028,43.08028],[-107.060963,43.08027]]]}},{"type":"Feature","properties":{"q":"SESW","ac":39.1},"geometry":{"type":"Polygon","coordinates":[[[-107.075649,43.098392],[-107.080477,43.098425],[-107.080502,43.102039],[-107.075667,43.102015],[-107.075649,43.098392]]]}},{"type":"Feature","properties":{"q":"SESW","ac":39.7},"geometry":{"type":"Polygon","coordinates":[[[-107.056237,43.098366],[-107.061115,43.098348],[-107.06109,43.101981],[-107.056184,43.101993],[-107.056237,43.098366]]]}},{"type":"Feature","properties":{"q":"SESE","ac":39.7},"geometry":{"type":"Polygon","coordinates":[[[-107.065885,43.069368],[-107.070787,43.069437],[-107.070775,43.07306],[-107.065891,43.073001],[-107.065885,43.069368]]]}},{"type":"Feature","properties":{"q":"SWNW","ac":40.1},"geometry":{"type":"Polygon","coordinates":[[[-107.060945,43.07664],[-107.065896,43.076634],[-107.065897,43.08026],[-107.060963,43.08027],[-107.060945,43.07664]]]}},{"type":"Feature","properties":{"q":"NENW","ac":39.1},"geometry":{"type":"Polygon","coordinates":[[[-107.075702,43.109232],[-107.080555,43.109267],[-107.080582,43.112879],[-107.07572,43.112825],[-107.075702,43.109232]]]}},{"type":"Feature","properties":{"q":"NENE","ac":40.2},"geometry":{"type":"Polygon","coordinates":[[[-107.046154,43.109248],[-107.051117,43.109247],[-107.051036,43.112868],[-107.046045,43.112863],[-107.046154,43.109248]]]}},{"type":"Feature","properties":{"q":"SESW","ac":40.5},"geometry":{"type":"Polygon","coordinates":[[[-107.02165,43.069421],[-107.021641,43.07308],[-107.016676,43.073195],[-107.016674,43.069564],[-107.02165,43.069421]]]}},{"type":"Feature","properties":{"q":"SWNW","ac":39.5},"geometry":{"type":"Polygon","coordinates":[[[-107.061047,43.091124],[-107.065945,43.091107],[-107.065969,43.094718],[-107.061081,43.094736],[-107.061047,43.091124]]]}},{"type":"Feature","properties":{"q":"2","ac":21.8},"geometry":{"type":"Polygon","coordinates":[[[-107.070968,43.123032],[-107.075879,43.122998],[-107.07591,43.124984],[-107.075728,43.124985],[-107.070997,43.125012],[-107.070968,43.123032]]]}},{"type":"Feature","properties":{"q":"SWSE","ac":40.2},"geometry":{"type":"Polygon","coordinates":[[[-107.016674,43.069564],[-107.016676,43.073195],[-107.01171,43.073309],[-107.011698,43.069706],[-107.016674,43.069564]]]}},{"type":"Feature","properties":{"q":"NENE","ac":40.7},"geometry":{"type":"Polygon","coordinates":[[[-107.026227,43.109548],[-107.031209,43.109473],[-107.031033,43.113117],[-107.026028,43.113201],[-107.026227,43.109548]]]}},{"type":"Feature","properties":{"q":"NWNE","ac":40.3},"geometry":{"type":"Polygon","coordinates":[[[-107.056079,43.109247],[-107.056027,43.112873],[-107.051036,43.112868],[-107.051117,43.109247],[-107.056079,43.109247]]]}},{"type":"Feature","properties":{"q":"NWSE","ac":38.7},"geometry":{"type":"Polygon","coordinates":[[[-107.070893,43.116419],[-107.075775,43.116338],[-107.07583,43.119852],[-107.070923,43.119984],[-107.070893,43.116419]]]}},{"type":"Feature","properties":{"q":"SESW","ac":39.7},"geometry":{"type":"Polygon","coordinates":[[[-107.056106,43.087528],[-107.056062,43.083915],[-107.06098,43.0839],[-107.061014,43.087512],[-107.056106,43.087528]]]}},{"type":"Feature","properties":{"q":"SENE","ac":39.3},"geometry":{"type":"Polygon","coordinates":[[[-107.070764,43.076683],[-107.07075,43.080299],[-107.065897,43.08026],[-107.065896,43.076634],[-107.070764,43.076683]]]}},{"type":"Feature","properties":{"q":"SWNW","ac":40.2},"geometry":{"type":"Polygon","coordinates":[[[-107.021318,43.109452],[-107.021473,43.105818],[-107.026426,43.105895],[-107.026227,43.109548],[-107.021318,43.109452]]]}},{"type":"Feature","properties":{"q":"SESE","ac":40.0},"geometry":{"type":"Polygon","coordinates":[[[-107.026549,43.084022],[-107.031469,43.084003],[-107.031536,43.087638],[-107.026618,43.087664],[-107.026549,43.084022]]]}},{"type":"Feature","properties":{"q":"NWSE","ac":40.5},"geometry":{"type":"Polygon","coordinates":[[[-107.056037,43.120104],[-107.051017,43.120097],[-107.051027,43.116482],[-107.056032,43.116488],[-107.056037,43.120104]]]}},{"type":"Feature","properties":{"q":"NESW","ac":40.3},"geometry":{"type":"Polygon","coordinates":[[[-107.01663,43.102126],[-107.021627,43.102184],[-107.021473,43.105818],[-107.016519,43.105741],[-107.01663,43.102126]]]}},{"type":"Feature","properties":{"q":"SESE","ac":39.0},"geometry":{"type":"Polygon","coordinates":[[[-107.051178,43.04445],[-107.046314,43.044471],[-107.04631,43.040867],[-107.051169,43.040872],[-107.051178,43.04445]]]}},{"type":"Feature","properties":{"q":"SESW","ac":38.7},"geometry":{"type":"Polygon","coordinates":[[[-107.036558,43.055144],[-107.041442,43.055213],[-107.04144,43.058743],[-107.036543,43.058684],[-107.036558,43.055144]]]}},{"type":"Feature","properties":{"q":"NESW","ac":39.3},"geometry":{"type":"Polygon","coordinates":[[[-107.080546,43.073179],[-107.080502,43.076779],[-107.075632,43.076731],[-107.07566,43.073118],[-107.080546,43.073179]]]}},{"type":"Feature","properties":{"q":"NESW","ac":40.0},"geometry":{"type":"Polygon","coordinates":[[[-107.016705,43.062485],[-107.016721,43.058878],[-107.021687,43.058714],[-107.021674,43.062306],[-107.016705,43.062485]]]}},{"type":"Feature","properties":{"q":"NENW","ac":40.4},"geometry":{"type":"Polygon","coordinates":[[[-107.056079,43.109247],[-107.061042,43.109246],[-107.061017,43.112878],[-107.056027,43.112873],[-107.056079,43.109247]]]}},{"type":"Feature","properties":{"q":"SWNW","ac":40.2},"geometry":{"type":"Polygon","coordinates":[[[-107.041304,43.105699],[-107.046263,43.105633],[-107.046154,43.109248],[-107.041172,43.109323],[-107.041304,43.105699]]]}},{"type":"Feature","properties":{"q":"NWSE","ac":39.8},"geometry":{"type":"Polygon","coordinates":[[[-107.056184,43.101993],[-107.056132,43.10562],[-107.051197,43.105627],[-107.051278,43.102006],[-107.056184,43.101993]]]}},{"type":"Feature","properties":{"q":"SWNE","ac":39.9},"geometry":{"type":"Polygon","coordinates":[[[-107.036586,43.094868],[-107.03167,43.094907],[-107.031603,43.091273],[-107.03652,43.09124],[-107.036586,43.094868]]]}},{"type":"Feature","properties":{"q":"SENE","ac":29.5},"geometry":{"type":"Polygon","coordinates":[[[-107.031207,43.120127],[-107.031046,43.122852],[-107.026115,43.122844],[-107.026421,43.120138],[-107.031207,43.120127]]]}},{"type":"Feature","properties":{"q":"NESE","ac":40.5},"geometry":{"type":"Polygon","coordinates":[[[-107.046021,43.116476],[-107.051027,43.116482],[-107.051017,43.120097],[-107.045997,43.12009],[-107.046021,43.116476]]]}},{"type":"Feature","properties":{"q":"NWNW","ac":38.9},"geometry":{"type":"Polygon","coordinates":[[[-107.04637,43.069362],[-107.041434,43.069341],[-107.041436,43.065808],[-107.046359,43.065842],[-107.04637,43.069362]]]}},{"type":"Feature","properties":{"q":"NWNE","ac":40.0},"geometry":{"type":"Polygon","coordinates":[[[-107.016746,43.051685],[-107.016737,43.055271],[-107.011774,43.05542],[-107.011794,43.051798],[-107.016746,43.051685]]]}},{"type":"Feature","properties":{"q":"SWSE","ac":38.8},"geometry":{"type":"Polygon","coordinates":[[[-107.051169,43.040872],[-107.056029,43.040878],[-107.056041,43.044429],[-107.051178,43.04445],[-107.051169,43.040872]]]}},{"type":"Feature","properties":{"q":"SESW","ac":40.4},"geometry":{"type":"Polygon","coordinates":[[[-107.055925,43.069368],[-107.060905,43.069368],[-107.060925,43.073004],[-107.05596,43.073006],[-107.055925,43.069368]]]}},{"type":"Feature","properties":{"q":"NESE","ac":38.2},"geometry":{"type":"Polygon","coordinates":[[[-107.046336,43.058802],[-107.051188,43.05873],[-107.051175,43.062279],[-107.046348,43.062322],[-107.046336,43.058802]]]}},{"type":"Feature","properties":{"q":"NESW","ac":38.5},"geometry":{"type":"Polygon","coordinates":[[[-107.056041,43.044429],[-107.060905,43.044409],[-107.060922,43.047934],[-107.056054,43.047981],[-107.056041,43.044429]]]}},{"type":"Feature","properties":{"q":"SWSE","ac":38.5},"geometry":{"type":"Polygon","coordinates":[[[-107.075775,43.116338],[-107.070893,43.116419],[-107.070864,43.112854],[-107.07572,43.112825],[-107.075775,43.116338]]]}},{"type":"Feature","properties":{"q":"NWNE","ac":39.2},"geometry":{"type":"Polygon","coordinates":[[[-107.031574,43.065738],[-107.036513,43.065773],[-107.036498,43.069321],[-107.031562,43.0693],[-107.031574,43.065738]]]}},{"type":"Feature","properties":{"q":"NWNE","ac":39.3},"geometry":{"type":"Polygon","coordinates":[[[-107.031593,43.051518],[-107.036535,43.051577],[-107.036558,43.055144],[-107.03161,43.055059],[-107.031593,43.051518]]]}},{"type":"Feature","properties":{"q":"SESW","ac":40.3},"geometry":{"type":"Polygon","coordinates":[[[-107.056027,43.112873],[-107.061017,43.112878],[-107.061022,43.116494],[-107.056032,43.116488],[-107.056027,43.112873]]]}},{"type":"Feature","properties":{"q":"SESE","ac":39.1},"geometry":{"type":"Polygon","coordinates":[[[-107.066008,43.112884],[-107.070864,43.112854],[-107.070893,43.116419],[-107.066012,43.1165],[-107.066008,43.112884]]]}},{"type":"Feature","properties":{"q":"NWSE","ac":40.2},"geometry":{"type":"Polygon","coordinates":[[[-107.036498,43.10213],[-107.036344,43.105764],[-107.031385,43.10583],[-107.031561,43.102186],[-107.036498,43.10213]]]}},{"type":"Feature","properties":{"q":"NENW","ac":39.5},"geometry":{"type":"Polygon","coordinates":[[[-107.075688,43.069506],[-107.075673,43.065904],[-107.080573,43.065979],[-107.08059,43.069578],[-107.075688,43.069506]]]}},{"type":"Feature","properties":{"q":"NWSE","ac":39.7},"geometry":{"type":"Polygon","coordinates":[[[-107.075657,43.062302],[-107.070746,43.062223],[-107.070738,43.058601],[-107.075641,43.058687],[-107.075657,43.062302]]]}},{"type":"Feature","properties":{"q":"SWSW","ac":40.2},"geometry":{"type":"Polygon","coordinates":[[[-107.021615,43.084036],[-107.026549,43.084022],[-107.026618,43.087664],[-107.021657,43.087665],[-107.021615,43.084036]]]}},{"type":"Feature","properties":{"q":"NENW","ac":40.5},"geometry":{"type":"Polygon","coordinates":[[[-107.036191,43.109398],[-107.041172,43.109323],[-107.041041,43.112947],[-107.036037,43.113032],[-107.036191,43.109398]]]}},{"type":"Feature","properties":{"q":"NWNE","ac":39.9},"geometry":{"type":"Polygon","coordinates":[[[-107.036586,43.094868],[-107.036652,43.098496],[-107.031738,43.098542],[-107.03167,43.094907],[-107.036586,43.094868]]]}},{"type":"Feature","properties":{"q":"SESW","ac":39.3},"geometry":{"type":"Polygon","coordinates":[[[-107.016775,43.040925],[-107.021698,43.04092],[-107.021698,43.044471],[-107.016765,43.044512],[-107.016775,43.040925]]]}},{"type":"Feature","properties":{"q":"2","ac":36.1},"geometry":{"type":"Polygon","coordinates":[[[-107.080527,43.105654],[-107.084982,43.105668],[-107.08503,43.109299],[-107.080555,43.109267],[-107.080527,43.105654]]]}},{"type":"Feature","properties":{"q":"4","ac":35.7},"geometry":{"type":"Polygon","coordinates":[[[-107.08059,43.069578],[-107.085032,43.069645],[-107.08498,43.073234],[-107.080546,43.073179],[-107.08059,43.069578]]]}},{"type":"Feature","properties":{"q":"SENW","ac":39.8},"geometry":{"type":"Polygon","coordinates":[[[-107.041502,43.094829],[-107.036586,43.094868],[-107.03652,43.09124],[-107.041437,43.091207],[-107.041502,43.094829]]]}},{"type":"Feature","properties":{"q":"NESE","ac":39.2},"geometry":{"type":"Polygon","coordinates":[[[-106.991986,43.087672],[-106.991943,43.091216],[-106.986982,43.091203],[-106.987043,43.087672],[-106.991986,43.087672]]]}},{"type":"Feature","properties":{"q":"NWSE","ac":39.3},"geometry":{"type":"Polygon","coordinates":[[[-106.991986,43.087672],[-106.99693,43.087671],[-106.996904,43.09123],[-106.991943,43.091216],[-106.991986,43.087672]]]}},{"type":"Feature","properties":{"q":"SWNW","ac":39.0},"geometry":{"type":"Polygon","coordinates":[[[-107.001871,43.076956],[-107.006768,43.076999],[-107.006791,43.080538],[-107.001878,43.080525],[-107.001871,43.076956]]]}},{"type":"Feature","properties":{"q":"SWNW","ac":39.7},"geometry":{"type":"Polygon","coordinates":[[[-107.001658,43.10554],[-107.006613,43.105586],[-107.006591,43.109162],[-107.00161,43.109109],[-107.001658,43.10554]]]}},{"type":"Feature","properties":{"q":"NWSW","ac":38.9},"geometry":{"type":"Polygon","coordinates":[[[-107.006745,43.073424],[-107.006768,43.076999],[-107.001871,43.076956],[-107.001863,43.073417],[-107.006745,43.073424]]]}},{"type":"Feature","properties":{"q":"NESE","ac":39.8},"geometry":{"type":"Polygon","coordinates":[[[-106.987001,43.048074],[-106.987046,43.044481],[-106.991996,43.044509],[-106.99194,43.048118],[-106.987001,43.048074]]]}},{"type":"Feature","properties":{"q":"NWSE","ac":40.1},"geometry":{"type":"Polygon","coordinates":[[[-107.011723,43.091269],[-107.011735,43.087666],[-107.016696,43.087665],[-107.01671,43.091281],[-107.011723,43.091269]]]}},{"type":"Feature","properties":{"q":"NESE","ac":39.9},"geometry":{"type":"Polygon","coordinates":[[[-107.006634,43.10201],[-107.011632,43.102068],[-107.011566,43.105664],[-107.006613,43.105586],[-107.006634,43.10201]]]}},{"type":"Feature","properties":{"q":"SENE","ac":39.4},"geometry":{"type":"Polygon","coordinates":[[[-107.011735,43.080488],[-107.006791,43.080538],[-107.006768,43.076999],[-107.011723,43.076912],[-107.011735,43.080488]]]}},{"type":"Feature","properties":{"q":"SWSW","ac":35.2},"geometry":{"type":"Polygon","coordinates":[[[-106.986537,43.112498],[-106.986689,43.115763],[-106.981924,43.115982],[-106.981804,43.112626],[-106.986537,43.112498]]]}},{"type":"Feature","properties":{"q":"NWSW","ac":40.7},"geometry":{"type":"Polygon","coordinates":[[[-107.001923,43.044566],[-107.0069,43.044595],[-107.00687,43.048253],[-107.001875,43.048208],[-107.001923,43.044566]]]}},{"type":"Feature","properties":{"q":"NWSE","ac":37.3},"geometry":{"type":"Polygon","coordinates":[[[-106.977158,43.116201],[-106.977246,43.119648],[-106.97245,43.119958],[-106.972393,43.11642],[-106.977158,43.116201]]]}},{"type":"Feature","properties":{"q":"SESE","ac":40.2},"geometry":{"type":"Polygon","coordinates":[[[-107.011632,43.102068],[-107.006634,43.10201],[-107.006656,43.098435],[-107.011698,43.098473],[-107.011632,43.102068]]]}},{"type":"Feature","properties":{"q":"NWNW","ac":39.9},"geometry":{"type":"Polygon","coordinates":[[[-107.00161,43.109109],[-107.006591,43.109162],[-107.00657,43.112738],[-107.001562,43.112678],[-107.00161,43.109109]]]}},{"type":"Feature","properties":{"q":"SWNE","ac":40.4},"geometry":{"type":"Polygon","coordinates":[[[-106.972284,43.062542],[-106.977202,43.062511],[-106.977248,43.066195],[-106.972299,43.066191],[-106.972284,43.062542]]]}},{"type":"Feature","properties":{"q":"SENE","ac":34.4},"geometry":{"type":"Polygon","coordinates":[[[-107.006541,43.119209],[-107.011394,43.119436],[-107.011369,43.122542],[-107.006516,43.122445],[-107.006541,43.119209]]]}},{"type":"Feature","properties":{"q":"SESE","ac":39.4},"geometry":{"type":"Polygon","coordinates":[[[-106.967472,43.098528],[-106.972366,43.098471],[-106.972352,43.102076],[-106.967492,43.102151],[-106.967472,43.098528]]]}},{"type":"Feature","properties":{"q":"SWSW","ac":39.4},"geometry":{"type":"Polygon","coordinates":[[[-107.001885,43.084094],[-107.006813,43.084077],[-107.006774,43.087667],[-107.001852,43.087669],[-107.001885,43.084094]]]}},{"type":"Feature","properties":{"q":"NWNW","ac":39.1},"geometry":{"type":"Polygon","coordinates":[[[-107.001878,43.080525],[-107.006791,43.080538],[-107.006813,43.084077],[-107.001885,43.084094],[-107.001878,43.080525]]]}},{"type":"Feature","properties":{"q":"NWSW","ac":40.4},"geometry":{"type":"Polygon","coordinates":[[[-106.98227,43.062478],[-106.98214,43.058877],[-106.987124,43.058852],[-106.987339,43.062445],[-106.98227,43.062478]]]}},{"type":"Feature","properties":{"q":"NESE","ac":36.0},"geometry":{"type":"Polygon","coordinates":[[[-106.986842,43.119027],[-106.986689,43.115763],[-106.991654,43.115816],[-106.991762,43.119073],[-106.986842,43.119027]]]}},{"type":"Feature","properties":{"q":"SENW","ac":38.3},"geometry":{"type":"Polygon","coordinates":[[[-106.977165,43.105587],[-106.981978,43.105493],[-106.981891,43.10906],[-106.977118,43.109171],[-106.977165,43.105587]]]}},{"type":"Feature","properties":{"q":"NESE","ac":39.8},"geometry":{"type":"Polygon","coordinates":[[[-107.01171,43.073309],[-107.011723,43.076912],[-107.006768,43.076999],[-107.006745,43.073424],[-107.01171,43.073309]]]}},{"type":"Feature","properties":{"q":"NWSE","ac":39.3},"geometry":{"type":"Polygon","coordinates":[[[-106.996777,43.10193],[-106.996702,43.105493],[-106.991747,43.105446],[-106.991848,43.10189],[-106.996777,43.10193]]]}},{"type":"Feature","properties":{"q":"NWSE","ac":35.9},"geometry":{"type":"Polygon","coordinates":[[[-106.991654,43.115816],[-106.996618,43.115868],[-106.996683,43.119119],[-106.991762,43.119073],[-106.991654,43.115816]]]}},{"type":"Feature","properties":{"q":"NWSE","ac":40.0},"geometry":{"type":"Polygon","coordinates":[[[-106.9722,43.04447],[-106.977158,43.044473],[-106.977142,43.048075],[-106.972185,43.048075],[-106.9722,43.04447]]]}},{"type":"Feature","properties":{"q":"SWSW","ac":38.4},"geometry":{"type":"Polygon","coordinates":[[[-106.987223,43.073394],[-106.982255,43.073395],[-106.982276,43.06992],[-106.987257,43.069961],[-106.987223,43.073394]]]}},{"type":"Feature","properties":{"q":"NWNE","ac":39.2},"geometry":{"type":"Polygon","coordinates":[[[-106.991946,43.094775],[-106.996878,43.094799],[-106.996851,43.098368],[-106.991949,43.098334],[-106.991946,43.094775]]]}},{"type":"Feature","properties":{"q":"NENW","ac":40.7},"geometry":{"type":"Polygon","coordinates":[[[-106.996815,43.05177],[-107.001828,43.05184],[-107.001781,43.055473],[-106.99675,43.055377],[-106.996815,43.05177]]]}},{"type":"Feature","properties":{"q":"NWNW","ac":39.3},"geometry":{"type":"Polygon","coordinates":[[[-107.001786,43.094822],[-107.006695,43.094845],[-107.006656,43.098435],[-107.001754,43.098401],[-107.001786,43.094822]]]}},{"type":"Feature","properties":{"q":"SWSW","ac":38.8},"geometry":{"type":"Polygon","coordinates":[[[-106.982183,43.084155],[-106.987104,43.084142],[-106.987043,43.087672],[-106.982152,43.087709],[-106.982183,43.084155]]]}},{"type":"Feature","properties":{"q":"SENW","ac":39.3},"geometry":{"type":"Polygon","coordinates":[[[-106.996973,43.076913],[-107.001871,43.076956],[-107.001878,43.080525],[-106.996965,43.080512],[-106.996973,43.076913]]]}},{"type":"Feature","properties":{"q":"NWNE","ac":39.4},"geometry":{"type":"Polygon","coordinates":[[[-107.0115,43.109259],[-107.016409,43.109355],[-107.016299,43.11297],[-107.011435,43.112854],[-107.0115,43.109259]]]}},{"type":"Feature","properties":{"q":"NWSE","ac":38.9},"geometry":{"type":"Polygon","coordinates":[[[-106.972352,43.102076],[-106.977212,43.102001],[-106.977165,43.105587],[-106.972339,43.105681],[-106.972352,43.102076]]]}},{"type":"Feature","properties":{"q":"NENE","ac":40.3},"geometry":{"type":"Polygon","coordinates":[[[-106.96735,43.066186],[-106.972299,43.066191],[-106.972314,43.069839],[-106.967332,43.069799],[-106.96735,43.066186]]]}},{"type":"Feature","properties":{"q":"SWNW","ac":39.4},"geometry":{"type":"Polygon","coordinates":[[[-107.001819,43.091243],[-107.006735,43.091256],[-107.006695,43.094845],[-107.001786,43.094822],[-107.001819,43.091243]]]}},{"type":"Feature","properties":{"q":"1","ac":21.1},"geometry":{"type":"Polygon","coordinates":[[[-107.006498,43.124418],[-107.006516,43.122445],[-107.011369,43.122542],[-107.011354,43.124453],[-107.01106,43.124451],[-107.006498,43.124418]]]}},{"type":"Feature","properties":{"q":"SESE","ac":39.8},"geometry":{"type":"Polygon","coordinates":[[[-106.967332,43.069799],[-106.972314,43.069839],[-106.97232,43.073397],[-106.967354,43.073398],[-106.967332,43.069799]]]}},{"type":"Feature","properties":{"q":"NENE","ac":39.7},"geometry":{"type":"Polygon","coordinates":[[[-106.967419,43.084197],[-106.967397,43.080597],[-106.972334,43.080569],[-106.97234,43.084183],[-106.967419,43.084197]]]}},{"type":"Feature","properties":{"q":"NESE","ac":40.0},"geometry":{"type":"Polygon","coordinates":[[[-107.006774,43.087667],[-107.011735,43.087666],[-107.011723,43.091269],[-107.006735,43.091256],[-107.006774,43.087667]]]}},{"type":"Feature","properties":{"q":"SWNW","ac":38.6},"geometry":{"type":"Polygon","coordinates":[[[-106.982137,43.09481],[-106.982121,43.091262],[-106.986982,43.091203],[-106.987014,43.094752],[-106.982137,43.09481]]]}},{"type":"Feature","properties":{"q":"SWNE","ac":39.7},"geometry":{"type":"Polygon","coordinates":[[[-107.016519,43.105741],[-107.016409,43.109355],[-107.0115,43.109259],[-107.011566,43.105664],[-107.016519,43.105741]]]}},{"type":"Feature","properties":{"q":"SESE","ac":36.3},"geometry":{"type":"Polygon","coordinates":[[[-106.986537,43.112498],[-106.991545,43.112558],[-106.991654,43.115816],[-106.986689,43.115763],[-106.986537,43.112498]]]}},{"type":"Feature","properties":{"q":"SWSE","ac":39.4},"geometry":{"type":"Polygon","coordinates":[[[-106.977261,43.084169],[-106.977261,43.087746],[-106.972346,43.087783],[-106.97234,43.084183],[-106.977261,43.084169]]]}},{"type":"Feature","properties":{"q":"NESW","ac":39.7},"geometry":{"type":"Polygon","coordinates":[[[-106.977158,43.044473],[-106.982102,43.044477],[-106.982071,43.048074],[-106.977142,43.048075],[-106.977158,43.044473]]]}},{"type":"Feature","properties":{"q":"NESE","ac":39.7},"geometry":{"type":"Polygon","coordinates":[[[-106.967354,43.073398],[-106.97232,43.073397],[-106.972327,43.076955],[-106.967376,43.076998],[-106.967354,43.073398]]]}},{"type":"Feature","properties":{"q":"SWSE","ac":39.3},"geometry":{"type":"Polygon","coordinates":[[[-106.977295,43.06988],[-106.977287,43.073396],[-106.97232,43.073397],[-106.972314,43.069839],[-106.977295,43.06988]]]}},{"type":"Feature","properties":{"q":"NENW","ac":38.7},"geometry":{"type":"Polygon","coordinates":[[[-106.97726,43.094868],[-106.982137,43.09481],[-106.982153,43.098357],[-106.97726,43.098414],[-106.97726,43.094868]]]}},{"type":"Feature","properties":{"q":"SWSE","ac":39.2},"geometry":{"type":"Polygon","coordinates":[[[-106.972352,43.102076],[-106.972366,43.098471],[-106.97726,43.098414],[-106.977212,43.102001],[-106.972352,43.102076]]]}},{"type":"Feature","properties":{"q":"SESE","ac":40.2},"geometry":{"type":"Polygon","coordinates":[[[-107.006811,43.055568],[-107.011774,43.05542],[-107.011779,43.059041],[-107.006837,43.059203],[-107.006811,43.055568]]]}},{"type":"Feature","properties":{"q":"SWNE","ac":39.8},"geometry":{"type":"Polygon","coordinates":[[[-107.011723,43.076912],[-107.016678,43.076825],[-107.016679,43.080437],[-107.011735,43.080488],[-107.011723,43.076912]]]}},{"type":"Feature","properties":{"q":"NWNE","ac":39.7},"geometry":{"type":"Polygon","coordinates":[[[-106.991885,43.051719],[-106.996815,43.05177],[-106.99675,43.055377],[-106.99183,43.055319],[-106.991885,43.051719]]]}},{"type":"Feature","properties":{"q":"SWNE","ac":40.0},"geometry":{"type":"Polygon","coordinates":[[[-106.97727,43.080541],[-106.972334,43.080569],[-106.972327,43.076955],[-106.977278,43.076913],[-106.97727,43.080541]]]}},{"type":"Feature","properties":{"q":"NESE","ac":39.8},"geometry":{"type":"Polygon","coordinates":[[[-106.972248,43.058925],[-106.972284,43.062542],[-106.967367,43.062574],[-106.96734,43.058949],[-106.972248,43.058925]]]}},{"type":"Feature","properties":{"q":"SWSE","ac":36.1},"geometry":{"type":"Polygon","coordinates":[[[-107.016273,43.116316],[-107.011414,43.116145],[-107.011435,43.112854],[-107.016299,43.11297],[-107.016273,43.116316]]]}},{"type":"Feature","properties":{"q":"SENE","ac":38.7},"geometry":{"type":"Polygon","coordinates":[[[-106.972339,43.105681],[-106.972338,43.109282],[-106.967558,43.109393],[-106.967512,43.105774],[-106.972339,43.105681]]]}},{"type":"Feature","properties":{"q":"NENE","ac":40.4},"geometry":{"type":"Polygon","coordinates":[[[-107.011794,43.051798],[-107.011774,43.05542],[-107.006811,43.055568],[-107.006841,43.05191],[-107.011794,43.051798]]]}},{"type":"Feature","properties":{"q":"SWSE","ac":39.5},"geometry":{"type":"Polygon","coordinates":[[[-106.99183,43.055319],[-106.99675,43.055377],[-106.99681,43.059007],[-106.991967,43.05893],[-106.99183,43.055319]]]}},{"type":"Feature","properties":{"q":"SWNE","ac":39.8},"geometry":{"type":"Polygon","coordinates":[[[-106.99688,43.048163],[-106.996815,43.05177],[-106.991885,43.051719],[-106.99194,43.048118],[-106.99688,43.048163]]]}},{"type":"Feature","properties":{"q":"NESE","ac":38.5},"geometry":{"type":"Polygon","coordinates":[[[-106.972393,43.11642],[-106.97245,43.119958],[-106.967621,43.12027],[-106.967612,43.11664],[-106.972393,43.11642]]]}},{"type":"Feature","properties":{"q":"NESE","ac":40.2},"geometry":{"type":"Polygon","coordinates":[[[-107.011833,43.044553],[-107.011813,43.048176],[-107.00687,43.048253],[-107.0069,43.044595],[-107.011833,43.044553]]]}},{"type":"Feature","properties":{"q":"NWSE","ac":39.4},"geometry":{"type":"Polygon","coordinates":[[[-106.972346,43.087783],[-106.977261,43.087746],[-106.97726,43.091322],[-106.972352,43.091382],[-106.972346,43.087783]]]}},{"type":"Feature","properties":{"q":"SWSE","ac":40.1},"geometry":{"type":"Polygon","coordinates":[[[-106.997011,43.040912],[-106.996945,43.044538],[-106.991996,43.044509],[-106.992051,43.0409],[-106.997011,43.040912]]]}},{"type":"Feature","properties":{"q":"3","ac":18.9},"geometry":{"type":"Polygon","coordinates":[[[-106.977362,43.124188],[-106.97732,43.122513],[-106.982154,43.122402],[-106.98222,43.124216],[-106.980887,43.124211],[-106.977362,43.124188]]]}},{"type":"Feature","properties":{"q":"SENW","ac":35.6},"geometry":{"type":"Polygon","coordinates":[[[-106.996683,43.119119],[-107.001612,43.119164],[-107.001631,43.122407],[-106.996748,43.12237],[-106.996683,43.119119]]]}},{"type":"Feature","properties":{"q":"NWSW","ac":38.3},"geometry":{"type":"Polygon","coordinates":[[[-106.982255,43.073395],[-106.987223,43.073394],[-106.98719,43.076827],[-106.982234,43.07687],[-106.982255,43.073395]]]}},{"type":"Feature","properties":{"q":"NESE","ac":35.4},"geometry":{"type":"Polygon","coordinates":[[[-107.011414,43.116145],[-107.011394,43.119436],[-107.006541,43.119209],[-107.006555,43.115974],[-107.011414,43.116145]]]}},{"type":"Feature","properties":{"q":"SENE","ac":40.0},"geometry":{"type":"Polygon","coordinates":[[[-106.967228,43.048075],[-106.972185,43.048075],[-106.972198,43.051692],[-106.96727,43.0517],[-106.967228,43.048075]]]}},{"type":"Feature","properties":{"q":"SENE","ac":39.3},"geometry":{"type":"Polygon","coordinates":[[[-106.991943,43.091216],[-106.991946,43.094775],[-106.987014,43.094752],[-106.986982,43.091203],[-106.991943,43.091216]]]}},{"type":"Feature","properties":{"q":"NWNE","ac":39.7},"geometry":{"type":"Polygon","coordinates":[[[-106.992123,43.069933],[-106.992114,43.066237],[-106.99693,43.066271],[-106.99699,43.069905],[-106.992123,43.069933]]]}},{"type":"Feature","properties":{"q":"NWNW","ac":40.2},"geometry":{"type":"Polygon","coordinates":[[[-106.987104,43.084142],[-106.982183,43.084155],[-106.982208,43.080513],[-106.987147,43.080484],[-106.987104,43.084142]]]}},{"type":"Feature","properties":{"q":"SWSW","ac":39.8},"geometry":{"type":"Polygon","coordinates":[[[-106.98201,43.055276],[-106.986909,43.05526],[-106.987124,43.058852],[-106.98214,43.058877],[-106.98201,43.055276]]]}},{"type":"Feature","properties":{"q":"NWNE","ac":39.7},"geometry":{"type":"Polygon","coordinates":[[[-106.992056,43.080498],[-106.996965,43.080512],[-106.996956,43.084111],[-106.99203,43.084127],[-106.992056,43.080498]]]}},{"type":"Feature","properties":{"q":"SESE","ac":39.0},"geometry":{"type":"Polygon","coordinates":[[[-106.987047,43.0983],[-106.991949,43.098334],[-106.991848,43.10189],[-106.986919,43.10185],[-106.987047,43.0983]]]}},{"type":"Feature","properties":{"q":"NESE","ac":38.7},"geometry":{"type":"Polygon","coordinates":[[[-106.991967,43.05893],[-106.992104,43.062541],[-106.987339,43.062445],[-106.987124,43.058852],[-106.991967,43.05893]]]}},{"type":"Feature","properties":{"q":"SENE","ac":39.7},"geometry":{"type":"Polygon","coordinates":[[[-106.99194,43.048118],[-106.991885,43.051719],[-106.986955,43.051667],[-106.987001,43.048074],[-106.99194,43.048118]]]}},{"type":"Feature","properties":{"q":"SESW","ac":38.4},"geometry":{"type":"Polygon","coordinates":[[[-106.99699,43.069905],[-107.001856,43.069877],[-107.001863,43.073417],[-106.996981,43.073409],[-106.99699,43.069905]]]}},{"type":"Feature","properties":{"q":"SWNE","ac":39.3},"geometry":{"type":"Polygon","coordinates":[[[-106.992104,43.062541],[-106.99687,43.062637],[-106.99693,43.066271],[-106.992114,43.066237],[-106.992104,43.062541]]]}},{"type":"Feature","properties":{"q":"NENW","ac":39.6},"geometry":{"type":"Polygon","coordinates":[[[-106.98201,43.055276],[-106.977111,43.055292],[-106.977127,43.051683],[-106.982041,43.051675],[-106.98201,43.055276]]]}},{"type":"Feature","properties":{"q":"NWSW","ac":40.7},"geometry":{"type":"Polygon","coordinates":[[[-107.001824,43.059105],[-107.006837,43.059203],[-107.006863,43.062838],[-107.001866,43.062738],[-107.001824,43.059105]]]}},{"type":"Feature","properties":{"q":"SENE","ac":39.5},"geometry":{"type":"Polygon","coordinates":[[[-106.986792,43.105399],[-106.991747,43.105446],[-106.991646,43.109002],[-106.986664,43.108949],[-106.986792,43.105399]]]}},{"type":"Feature","properties":{"q":"NWNW","ac":37.8},"geometry":{"type":"Polygon","coordinates":[[[-106.986664,43.108949],[-106.986537,43.112498],[-106.981804,43.112626],[-106.981891,43.10906],[-106.986664,43.108949]]]}},{"type":"Feature","properties":{"q":"SENW","ac":40.2},"geometry":{"type":"Polygon","coordinates":[[[-106.977278,43.076913],[-106.982234,43.07687],[-106.982208,43.080513],[-106.97727,43.080541],[-106.977278,43.076913]]]}},{"type":"Feature","properties":{"q":"NWNW","ac":41.8},"geometry":{"type":"Polygon","coordinates":[[[-106.982273,43.066199],[-106.987298,43.066203],[-106.987257,43.069961],[-106.982276,43.06992],[-106.982273,43.066199]]]}},{"type":"Feature","properties":{"q":"SWSW","ac":40.8},"geometry":{"type":"Polygon","coordinates":[[[-107.006837,43.059203],[-107.001824,43.059105],[-107.001781,43.055473],[-107.006811,43.055568],[-107.006837,43.059203]]]}},{"type":"Feature","properties":{"q":"SESE","ac":39.3},"geometry":{"type":"Polygon","coordinates":[[[-106.99183,43.055319],[-106.991967,43.05893],[-106.987124,43.058852],[-106.986909,43.05526],[-106.99183,43.055319]]]}},{"type":"Feature","properties":{"q":"SWNW","ac":42.2},"geometry":{"type":"Polygon","coordinates":[[[-106.987339,43.062445],[-106.987298,43.066203],[-106.982273,43.066199],[-106.98227,43.062478],[-106.987339,43.062445]]]}},{"type":"Feature","properties":{"q":"NENE","ac":39.2},"geometry":{"type":"Polygon","coordinates":[[[-107.011435,43.112854],[-107.00657,43.112738],[-107.006591,43.109162],[-107.0115,43.109259],[-107.011435,43.112854]]]}},{"type":"Feature","properties":{"q":"SWNE","ac":35.6},"geometry":{"type":"Polygon","coordinates":[[[-106.996683,43.119119],[-106.996748,43.12237],[-106.991869,43.122331],[-106.991762,43.119073],[-106.996683,43.119119]]]}},{"type":"Feature","properties":{"q":"NESE","ac":39.6},"geometry":{"type":"Polygon","coordinates":[[[-106.967431,43.087819],[-106.972346,43.087783],[-106.972352,43.091382],[-106.967443,43.091441],[-106.967431,43.087819]]]}},{"type":"Feature","properties":{"q":"SENW","ac":40.5},"geometry":{"type":"Polygon","coordinates":[[[-107.001828,43.05184],[-106.996815,43.05177],[-106.99688,43.048163],[-107.001875,43.048208],[-107.001828,43.05184]]]}},{"type":"Feature","properties":{"q":"SESW","ac":39.3},"geometry":{"type":"Polygon","coordinates":[[[-106.996956,43.084111],[-107.001885,43.084094],[-107.001852,43.087669],[-106.99693,43.087671],[-106.996956,43.084111]]]}},{"type":"Feature","properties":{"q":"SWNW","ac":38.1},"geometry":{"type":"Polygon","coordinates":[[[-106.981978,43.105493],[-106.986792,43.105399],[-106.986664,43.108949],[-106.981891,43.10906],[-106.981978,43.105493]]]}},{"type":"Feature","properties":{"q":"3","ac":21.5},"geometry":{"type":"Polygon","coordinates":[[[-107.001642,43.124391],[-107.001101,43.124387],[-106.996787,43.124327],[-106.996748,43.12237],[-107.001631,43.122407],[-107.001642,43.124391]]]}},{"type":"Feature","properties":{"q":"SESE","ac":38.1},"geometry":{"type":"Polygon","coordinates":[[[-106.972337,43.112883],[-106.972393,43.11642],[-106.967612,43.11664],[-106.967604,43.113011],[-106.972337,43.112883]]]}},{"type":"Feature","properties":{"q":"5","ac":20.3},"geometry":{"type":"Polygon","coordinates":[[[-106.986085,43.124227],[-106.98222,43.124216],[-106.982154,43.122402],[-106.98699,43.122291],[-106.987077,43.124231],[-106.986085,43.124227]]]}},{"type":"Feature","properties":{"q":"SESE","ac":40.1},"geometry":{"type":"Polygon","coordinates":[[[-107.006929,43.040937],[-107.011852,43.040931],[-107.011833,43.044553],[-107.0069,43.044595],[-107.006929,43.040937]]]}},{"type":"Feature","properties":{"q":"SENE","ac":40.3},"geometry":{"type":"Polygon","coordinates":[[[-107.00687,43.048253],[-107.011813,43.048176],[-107.011794,43.051798],[-107.006841,43.05191],[-107.00687,43.048253]]]}},{"type":"Feature","properties":{"q":"SWNE","ac":38.9},"geometry":{"type":"Polygon","coordinates":[[[-106.97726,43.091322],[-106.97726,43.094868],[-106.972359,43.094927],[-106.972352,43.091382],[-106.97726,43.091322]]]}},{"type":"Feature","properties":{"q":"NWNW","ac":39.5},"geometry":{"type":"Polygon","coordinates":[[[-106.982041,43.051675],[-106.986955,43.051667],[-106.986909,43.05526],[-106.98201,43.055276],[-106.982041,43.051675]]]}},{"type":"Feature","properties":{"q":"NESW","ac":38.5},"geometry":{"type":"Polygon","coordinates":[[[-106.996981,43.073409],[-107.001863,43.073417],[-107.001871,43.076956],[-106.996973,43.076913],[-106.996981,43.073409]]]}},{"type":"Feature","properties":{"q":"SESW","ac":39.2},"geometry":{"type":"Polygon","coordinates":[[[-106.996851,43.098368],[-107.001754,43.098401],[-107.001706,43.101971],[-106.996777,43.10193],[-106.996851,43.098368]]]}},{"type":"Feature","properties":{"q":"2","ac":20.4},"geometry":{"type":"Polygon","coordinates":[[[-107.011369,43.122542],[-107.016224,43.122639],[-107.01621,43.124483],[-107.016038,43.124481],[-107.011354,43.124453],[-107.011369,43.122542]]]}},{"type":"Feature","properties":{"q":"SWNE","ac":38.6},"geometry":{"type":"Polygon","coordinates":[[[-106.977165,43.105587],[-106.977118,43.109171],[-106.972338,43.109282],[-106.972339,43.105681],[-106.977165,43.105587]]]}},{"type":"Feature","properties":{"q":"SWSE","ac":40.0},"geometry":{"type":"Polygon","coordinates":[[[-106.977173,43.040872],[-106.977158,43.044473],[-106.9722,43.04447],[-106.972214,43.040864],[-106.977173,43.040872]]]}},{"type":"Feature","properties":{"q":"SWSW","ac":38.7},"geometry":{"type":"Polygon","coordinates":[[[-106.986919,43.10185],[-106.982066,43.101925],[-106.982153,43.098357],[-106.987047,43.0983],[-106.986919,43.10185]]]}},{"type":"Feature","properties":{"q":"SESE","ac":39.7},"geometry":{"type":"Polygon","coordinates":[[[-106.972212,43.055309],[-106.972248,43.058925],[-106.96734,43.058949],[-106.967313,43.055325],[-106.972212,43.055309]]]}},{"type":"Feature","properties":{"q":"NESE","ac":39.2},"geometry":{"type":"Polygon","coordinates":[[[-106.991848,43.10189],[-106.991747,43.105446],[-106.986792,43.105399],[-106.986919,43.10185],[-106.991848,43.10189]]]}},{"type":"Feature","properties":{"q":"NESW","ac":35.9},"geometry":{"type":"Polygon","coordinates":[[[-106.996618,43.115868],[-107.001587,43.115921],[-107.001612,43.119164],[-106.996683,43.119119],[-106.996618,43.115868]]]}},{"type":"Feature","properties":{"q":"2","ac":21.1},"geometry":{"type":"Polygon","coordinates":[[[-106.991869,43.122331],[-106.996748,43.12237],[-106.996787,43.124327],[-106.996192,43.124319],[-106.991932,43.124259],[-106.991869,43.122331]]]}},{"type":"Feature","properties":{"q":"NWNE","ac":39.9},"geometry":{"type":"Polygon","coordinates":[[[-106.972334,43.080569],[-106.97727,43.080541],[-106.977261,43.084169],[-106.97234,43.084183],[-106.972334,43.080569]]]}},{"type":"Feature","properties":{"q":"SESW","ac":40.4},"geometry":{"type":"Polygon","coordinates":[[[-107.00197,43.040924],[-107.001923,43.044566],[-106.996945,43.044538],[-106.997011,43.040912],[-107.00197,43.040924]]]}},{"type":"Feature","properties":{"q":"SWSE","ac":39.6},"geometry":{"type":"Polygon","coordinates":[[[-106.972212,43.055309],[-106.977111,43.055292],[-106.977156,43.058901],[-106.972248,43.058925],[-106.972212,43.055309]]]}},{"type":"Feature","properties":{"q":"NWNE","ac":40.7},"geometry":{"type":"Polygon","coordinates":[[[-106.977295,43.06988],[-106.972314,43.069839],[-106.972299,43.066191],[-106.977248,43.066195],[-106.977295,43.06988]]]}},{"type":"Feature","properties":{"q":"2","ac":17.4},"geometry":{"type":"Polygon","coordinates":[[[-106.97732,43.122513],[-106.977362,43.124188],[-106.975997,43.12418],[-106.972505,43.124158],[-106.972485,43.122616],[-106.97732,43.122513]]]}},{"type":"Feature","properties":{"q":"SWNE","ac":40.3},"geometry":{"type":"Polygon","coordinates":[[[-107.011723,43.091269],[-107.01671,43.091281],[-107.016725,43.094896],[-107.01171,43.094871],[-107.011723,43.091269]]]}},{"type":"Feature","properties":{"q":"SESE","ac":39.9},"geometry":{"type":"Polygon","coordinates":[[[-107.006722,43.069849],[-107.011698,43.069706],[-107.01171,43.073309],[-107.006745,43.073424],[-107.006722,43.069849]]]}},{"type":"Feature","properties":{"q":"SESW","ac":39.8},"geometry":{"type":"Polygon","coordinates":[[[-106.977111,43.055292],[-106.98201,43.055276],[-106.98214,43.058877],[-106.977156,43.058901],[-106.977111,43.055292]]]}},{"type":"Feature","properties":{"q":"NWNE","ac":39.7},"geometry":{"type":"Polygon","coordinates":[[[-106.972198,43.051692],[-106.977127,43.051683],[-106.977111,43.055292],[-106.972212,43.055309],[-106.972198,43.051692]]]}},{"type":"Feature","properties":{"q":"SWNE","ac":39.4},"geometry":{"type":"Polygon","coordinates":[[[-106.996878,43.094799],[-106.991946,43.094775],[-106.991943,43.091216],[-106.996904,43.09123],[-106.996878,43.094799]]]}},{"type":"Feature","properties":{"q":"NESW","ac":38.6},"geometry":{"type":"Polygon","coordinates":[[[-106.977212,43.102001],[-106.982066,43.101925],[-106.981978,43.105493],[-106.977165,43.105587],[-106.977212,43.102001]]]}},{"type":"Feature","properties":{"q":"SWNW","ac":35.5},"geometry":{"type":"Polygon","coordinates":[[[-107.006516,43.122445],[-107.001631,43.122407],[-107.001612,43.119164],[-107.006541,43.119209],[-107.006516,43.122445]]]}},{"type":"Feature","properties":{"q":"SWSE","ac":39.1},"geometry":{"type":"Polygon","coordinates":[[[-106.991949,43.098334],[-106.996851,43.098368],[-106.996777,43.10193],[-106.991848,43.10189],[-106.991949,43.098334]]]}},{"type":"Feature","properties":{"q":"SWNW","ac":40.4},"geometry":{"type":"Polygon","coordinates":[[[-106.98719,43.076827],[-106.987147,43.080484],[-106.982208,43.080513],[-106.982234,43.07687],[-106.98719,43.076827]]]}},{"type":"Feature","properties":{"q":"SESE","ac":39.8},"geometry":{"type":"Polygon","coordinates":[[[-107.011747,43.084063],[-107.011735,43.087666],[-107.006774,43.087667],[-107.006813,43.084077],[-107.011747,43.084063]]]}},{"type":"Feature","properties":{"q":"NENW","ac":38.0},"geometry":{"type":"Polygon","coordinates":[[[-106.981891,43.10906],[-106.981804,43.112626],[-106.97707,43.112755],[-106.977118,43.109171],[-106.981891,43.10906]]]}},{"type":"Feature","properties":{"q":"SENW","ac":39.7},"geometry":{"type":"Polygon","coordinates":[[[-106.982071,43.048074],[-106.982041,43.051675],[-106.977127,43.051683],[-106.977142,43.048075],[-106.982071,43.048074]]]}},{"type":"Feature","properties":{"q":"SESE","ac":39.0},"geometry":{"type":"Polygon","coordinates":[[[-106.99203,43.084127],[-106.991986,43.087672],[-106.987043,43.087672],[-106.987104,43.084142],[-106.99203,43.084127]]]}},{"type":"Feature","properties":{"q":"NENE","ac":40.0},"geometry":{"type":"Polygon","coordinates":[[[-106.987147,43.080484],[-106.992056,43.080498],[-106.99203,43.084127],[-106.987104,43.084142],[-106.987147,43.080484]]]}},{"type":"Feature","properties":{"q":"SWNW","ac":34.1},"geometry":{"type":"Polygon","coordinates":[[[-106.986842,43.119027],[-106.98699,43.122291],[-106.982154,43.122402],[-106.982044,43.119338],[-106.986842,43.119027]]]}},{"type":"Feature","properties":{"q":"SWNW","ac":39.3},"geometry":{"type":"Polygon","coordinates":[[[-107.001866,43.062738],[-107.006863,43.062838],[-107.006792,43.066344],[-107.001861,43.066307],[-107.001866,43.062738]]]}},{"type":"Feature","properties":{"q":"NWNE","ac":38.8},"geometry":{"type":"Polygon","coordinates":[[[-106.97726,43.098414],[-106.972366,43.098471],[-106.972359,43.094927],[-106.97726,43.094868],[-106.97726,43.098414]]]}},{"type":"Feature","properties":{"q":"SENE","ac":39.9},"geometry":{"type":"Polygon","coordinates":[[[-106.98719,43.076827],[-106.992081,43.07687],[-106.992056,43.080498],[-106.987147,43.080484],[-106.98719,43.076827]]]}},{"type":"Feature","properties":{"q":"SESE","ac":39.7},"geometry":{"type":"Polygon","coordinates":[[[-106.967419,43.084197],[-106.97234,43.084183],[-106.972346,43.087783],[-106.967431,43.087819],[-106.967419,43.084197]]]}},{"type":"Feature","properties":{"q":"NWSE","ac":38.1},"geometry":{"type":"Polygon","coordinates":[[[-106.992102,43.073402],[-106.996981,43.073409],[-106.996973,43.076913],[-106.992081,43.07687],[-106.992102,43.073402]]]}},{"type":"Feature","properties":{"q":"SENW","ac":39.6},"geometry":{"type":"Polygon","coordinates":[[[-106.996628,43.109056],[-106.996702,43.105493],[-107.001658,43.10554],[-107.00161,43.109109],[-106.996628,43.109056]]]}},{"type":"Feature","properties":{"q":"SWSW","ac":36.1},"geometry":{"type":"Polygon","coordinates":[[[-107.001562,43.112678],[-107.00657,43.112738],[-107.006555,43.115974],[-107.001587,43.115921],[-107.001562,43.112678]]]}},{"type":"Feature","properties":{"q":"NENE","ac":39.1},"geometry":{"type":"Polygon","coordinates":[[[-106.991946,43.094775],[-106.991949,43.098334],[-106.987047,43.0983],[-106.987014,43.094752],[-106.991946,43.094775]]]}},{"type":"Feature","properties":{"q":"SWNE","ac":39.6},"geometry":{"type":"Polygon","coordinates":[[[-106.992081,43.07687],[-106.996973,43.076913],[-106.996965,43.080512],[-106.992056,43.080498],[-106.992081,43.07687]]]}},{"type":"Feature","properties":{"q":"NWSE","ac":39.7},"geometry":{"type":"Polygon","coordinates":[[[-106.972248,43.058925],[-106.977156,43.058901],[-106.977202,43.062511],[-106.972284,43.062542],[-106.972248,43.058925]]]}},{"type":"Feature","properties":{"q":"NWNE","ac":39.7},"geometry":{"type":"Polygon","coordinates":[[[-107.016681,43.08405],[-107.011747,43.084063],[-107.011735,43.080488],[-107.016679,43.080437],[-107.016681,43.08405]]]}},{"type":"Feature","properties":{"q":"SENE","ac":27.6},"geometry":{"type":"Polygon","coordinates":[[[-106.97245,43.119958],[-106.972485,43.122616],[-106.967638,43.122719],[-106.967621,43.12027],[-106.97245,43.119958]]]}},{"type":"Feature","properties":{"q":"SENW","ac":41.8},"geometry":{"type":"Polygon","coordinates":[[[-106.977202,43.062511],[-106.98227,43.062478],[-106.982273,43.066199],[-106.977248,43.066195],[-106.977202,43.062511]]]}},{"type":"Feature","properties":{"q":"SWSW","ac":39.8},"geometry":{"type":"Polygon","coordinates":[[[-106.982133,43.04088],[-106.987092,43.040888],[-106.987046,43.044481],[-106.982102,43.044477],[-106.982133,43.04088]]]}},{"type":"Feature","properties":{"q":"1","ac":16.0},"geometry":{"type":"Polygon","coordinates":[[[-106.971107,43.12415],[-106.967648,43.124128],[-106.967638,43.122719],[-106.972485,43.122616],[-106.972505,43.124158],[-106.971107,43.12415]]]}},{"type":"Feature","properties":{"q":"SWNW","ac":40.8},"geometry":{"type":"Polygon","coordinates":[[[-107.001875,43.048208],[-107.00687,43.048253],[-107.006841,43.05191],[-107.001828,43.05184],[-107.001875,43.048208]]]}},{"type":"Feature","properties":{"q":"NWSW","ac":38.6},"geometry":{"type":"Polygon","coordinates":[[[-106.982152,43.087709],[-106.987043,43.087672],[-106.986982,43.091203],[-106.982121,43.091262],[-106.982152,43.087709]]]}},{"type":"Feature","properties":{"q":"SENW","ac":38.6},"geometry":{"type":"Polygon","coordinates":[[[-106.97726,43.091322],[-106.982121,43.091262],[-106.982137,43.09481],[-106.97726,43.094868],[-106.97726,43.091322]]]}},{"type":"Feature","properties":{"q":"SWSE","ac":40.5},"geometry":{"type":"Polygon","coordinates":[[[-107.011698,43.098473],[-107.01674,43.098511],[-107.01663,43.102126],[-107.011632,43.102068],[-107.011698,43.098473]]]}},{"type":"Feature","properties":{"q":"SENE","ac":38.8},"geometry":{"type":"Polygon","coordinates":[[[-107.011784,43.062662],[-107.011741,43.066184],[-107.006792,43.066344],[-107.006863,43.062838],[-107.011784,43.062662]]]}},{"type":"Feature","properties":{"q":"NWSE","ac":40.0},"geometry":{"type":"Polygon","coordinates":[[[-106.991996,43.044509],[-106.996945,43.044538],[-106.99688,43.048163],[-106.99194,43.048118],[-106.991996,43.044509]]]}},{"type":"Feature","properties":{"q":"SWSW","ac":40.6},"geometry":{"type":"Polygon","coordinates":[[[-107.0069,43.044595],[-107.001923,43.044566],[-107.00197,43.040924],[-107.006929,43.040937],[-107.0069,43.044595]]]}},{"type":"Feature","properties":{"q":"SWNE","ac":29.7},"geometry":{"type":"Polygon","coordinates":[[[-106.972485,43.122616],[-106.97245,43.119958],[-106.977246,43.119648],[-106.97732,43.122513],[-106.972485,43.122616]]]}},{"type":"Feature","properties":{"q":"NENE","ac":39.6},"geometry":{"type":"Polygon","coordinates":[[[-106.986955,43.051667],[-106.991885,43.051719],[-106.99183,43.055319],[-106.986909,43.05526],[-106.986955,43.051667]]]}},{"type":"Feature","properties":{"q":"NESW","ac":39.4},"geometry":{"type":"Polygon","coordinates":[[[-106.996777,43.10193],[-107.001706,43.101971],[-107.001658,43.10554],[-106.996702,43.105493],[-106.996777,43.10193]]]}},{"type":"Feature","properties":{"q":"NENW","ac":39.2},"geometry":{"type":"Polygon","coordinates":[[[-107.001754,43.098401],[-106.996851,43.098368],[-106.996878,43.094799],[-107.001786,43.094822],[-107.001754,43.098401]]]}},{"type":"Feature","properties":{"q":"SESW","ac":39.1},"geometry":{"type":"Polygon","coordinates":[[[-106.977261,43.084169],[-106.982183,43.084155],[-106.982152,43.087709],[-106.977261,43.087746],[-106.977261,43.084169]]]}},{"type":"Feature","properties":{"q":"NWSE","ac":40.1},"geometry":{"type":"Polygon","coordinates":[[[-107.011566,43.105664],[-107.011632,43.102068],[-107.01663,43.102126],[-107.016519,43.105741],[-107.011566,43.105664]]]}},{"type":"Feature","properties":{"q":"NWSE","ac":36.0},"geometry":{"type":"Polygon","coordinates":[[[-107.011414,43.116145],[-107.016273,43.116316],[-107.016247,43.119663],[-107.011394,43.119436],[-107.011414,43.116145]]]}},{"type":"Feature","properties":{"q":"SESE","ac":40.0},"geometry":{"type":"Polygon","coordinates":[[[-106.9722,43.04447],[-106.967242,43.044466],[-106.967255,43.040857],[-106.972214,43.040864],[-106.9722,43.04447]]]}},{"type":"Feature","properties":{"q":"NESW","ac":38.8},"geometry":{"type":"Polygon","coordinates":[[[-106.977287,43.073396],[-106.982255,43.073395],[-106.982234,43.07687],[-106.977278,43.076913],[-106.977287,43.073396]]]}},{"type":"Feature","properties":{"q":"NWSW","ac":39.4},"geometry":{"type":"Polygon","coordinates":[[[-107.006774,43.087667],[-107.006735,43.091256],[-107.001819,43.091243],[-107.001852,43.087669],[-107.006774,43.087667]]]}},{"type":"Feature","properties":{"q":"SENW","ac":39.2},"geometry":{"type":"Polygon","coordinates":[[[-106.996904,43.09123],[-107.001819,43.091243],[-107.001786,43.094822],[-106.996878,43.094799],[-106.996904,43.09123]]]}},{"type":"Feature","properties":{"q":"SESE","ac":35.5},"geometry":{"type":"Polygon","coordinates":[[[-107.00657,43.112738],[-107.011435,43.112854],[-107.011414,43.116145],[-107.006555,43.115974],[-107.00657,43.112738]]]}},{"type":"Feature","properties":{"q":"4","ac":21.5},"geometry":{"type":"Polygon","coordinates":[[[-107.001631,43.122407],[-107.006516,43.122445],[-107.006498,43.124418],[-107.00608,43.124415],[-107.001642,43.124391],[-107.001631,43.122407]]]}},{"type":"Feature","properties":{"q":"NESW","ac":36.4},"geometry":{"type":"Polygon","coordinates":[[[-106.977246,43.119648],[-106.977158,43.116201],[-106.981924,43.115982],[-106.982044,43.119338],[-106.977246,43.119648]]]}},{"type":"Feature","properties":{"q":"SWSE","ac":39.2},"geometry":{"type":"Polygon","coordinates":[[[-106.99203,43.084127],[-106.996956,43.084111],[-106.99693,43.087671],[-106.991986,43.087672],[-106.99203,43.084127]]]}},{"type":"Feature","properties":{"q":"NESW","ac":40.5},"geometry":{"type":"Polygon","coordinates":[[[-106.977156,43.058901],[-106.98214,43.058877],[-106.98227,43.062478],[-106.977202,43.062511],[-106.977156,43.058901]]]}},{"type":"Feature","properties":{"q":"SENW","ac":31.9},"geometry":{"type":"Polygon","coordinates":[[[-106.982044,43.119338],[-106.982154,43.122402],[-106.97732,43.122513],[-106.977246,43.119648],[-106.982044,43.119338]]]}},{"type":"Feature","properties":{"q":"NENW","ac":40.1},"geometry":{"type":"Polygon","coordinates":[[[-106.982183,43.084155],[-106.977261,43.084169],[-106.97727,43.080541],[-106.982208,43.080513],[-106.982183,43.084155]]]}},{"type":"Feature","properties":{"q":"NESW","ac":40.6},"geometry":{"type":"Polygon","coordinates":[[[-106.99681,43.059007],[-107.001824,43.059105],[-107.001866,43.062738],[-106.99687,43.062637],[-106.99681,43.059007]]]}},{"type":"Feature","properties":{"q":"SWSE","ac":38.0},"geometry":{"type":"Polygon","coordinates":[[[-106.996981,43.073409],[-106.992102,43.073402],[-106.992123,43.069933],[-106.99699,43.069905],[-106.996981,43.073409]]]}},{"type":"Feature","properties":{"q":"NENE","ac":38.4},"geometry":{"type":"Polygon","coordinates":[[[-106.972337,43.112883],[-106.967604,43.113011],[-106.967558,43.109393],[-106.972338,43.109282],[-106.972337,43.112883]]]}},{"type":"Feature","properties":{"q":"NWNE","ac":38.2},"geometry":{"type":"Polygon","coordinates":[[[-106.972338,43.109282],[-106.977118,43.109171],[-106.97707,43.112755],[-106.972337,43.112883],[-106.972338,43.109282]]]}},{"type":"Feature","properties":{"q":"SESW","ac":39.9},"geometry":{"type":"Polygon","coordinates":[[[-106.982133,43.04088],[-106.982102,43.044477],[-106.977158,43.044473],[-106.977173,43.040872],[-106.982133,43.04088]]]}},{"type":"Feature","properties":{"q":"NWSW","ac":39.5},"geometry":{"type":"Polygon","coordinates":[[[-107.001706,43.101971],[-107.006634,43.10201],[-107.006613,43.105586],[-107.001658,43.10554],[-107.001706,43.101971]]]}},{"type":"Feature","properties":{"q":"SENE","ac":39.9},"geometry":{"type":"Polygon","coordinates":[[[-106.967376,43.076998],[-106.972327,43.076955],[-106.972334,43.080569],[-106.967397,43.080597],[-106.967376,43.076998]]]}},{"type":"Feature","properties":{"q":"NENW","ac":39.4},"geometry":{"type":"Polygon","coordinates":[[[-106.996965,43.080512],[-107.001878,43.080525],[-107.001885,43.084094],[-106.996956,43.084111],[-106.996965,43.080512]]]}},{"type":"Feature","properties":{"q":"5","ac":21.0},"geometry":{"type":"Polygon","coordinates":[[[-106.991869,43.122331],[-106.991932,43.124259],[-106.991283,43.12425],[-106.987077,43.124231],[-106.98699,43.122291],[-106.991869,43.122331]]]}},{"type":"Feature","properties":{"q":"NESE","ac":40.0},"geometry":{"type":"Polygon","coordinates":[[[-107.011784,43.062662],[-107.006863,43.062838],[-107.006837,43.059203],[-107.011779,43.059041],[-107.011784,43.062662]]]}},{"type":"Feature","properties":{"q":"NWSW","ac":35.8},"geometry":{"type":"Polygon","coordinates":[[[-107.006541,43.119209],[-107.001612,43.119164],[-107.001587,43.115921],[-107.006555,43.115974],[-107.006541,43.119209]]]}},{"type":"Feature","properties":{"q":"NWSE","ac":40.1},"geometry":{"type":"Polygon","coordinates":[[[-107.01171,43.073309],[-107.016676,43.073195],[-107.016678,43.076825],[-107.011723,43.076912],[-107.01171,43.073309]]]}},{"type":"Feature","properties":{"q":"NWNE","ac":39.7},"geometry":{"type":"Polygon","coordinates":[[[-106.991545,43.112558],[-106.991646,43.109002],[-106.996628,43.109056],[-106.996553,43.112618],[-106.991545,43.112558]]]}},{"type":"Feature","properties":{"q":"SWNE","ac":39.5},"geometry":{"type":"Polygon","coordinates":[[[-106.991747,43.105446],[-106.996702,43.105493],[-106.996628,43.109056],[-106.991646,43.109002],[-106.991747,43.105446]]]}},{"type":"Feature","properties":{"q":"NENE","ac":38.8},"geometry":{"type":"Polygon","coordinates":[[[-106.967458,43.094985],[-106.972359,43.094927],[-106.972366,43.098471],[-106.967472,43.098528],[-106.967458,43.094985]]]}},{"type":"Feature","properties":{"q":"NESE","ac":40.0},"geometry":{"type":"Polygon","coordinates":[[[-106.9722,43.04447],[-106.972185,43.048075],[-106.967228,43.048075],[-106.967242,43.044466],[-106.9722,43.04447]]]}},{"type":"Feature","properties":{"q":"NENE","ac":39.8},"geometry":{"type":"Polygon","coordinates":[[[-106.967313,43.055325],[-106.96727,43.0517],[-106.972198,43.051692],[-106.972212,43.055309],[-106.967313,43.055325]]]}},{"type":"Feature","properties":{"q":"SENE","ac":35.7},"geometry":{"type":"Polygon","coordinates":[[[-106.986842,43.119027],[-106.991762,43.119073],[-106.991869,43.122331],[-106.98699,43.122291],[-106.986842,43.119027]]]}},{"type":"Feature","properties":{"q":"SESW","ac":40.8},"geometry":{"type":"Polygon","coordinates":[[[-106.99675,43.055377],[-107.001781,43.055473],[-107.001824,43.059105],[-106.99681,43.059007],[-106.99675,43.055377]]]}},{"type":"Feature","properties":{"q":"SWSW","ac":38.8},"geometry":{"type":"Polygon","coordinates":[[[-107.006722,43.069849],[-107.006745,43.073424],[-107.001863,43.073417],[-107.001856,43.069877],[-107.006722,43.069849]]]}},{"type":"Feature","properties":{"q":"SWNE","ac":33.0},"geometry":{"type":"Polygon","coordinates":[[[-107.011394,43.119436],[-107.016247,43.119663],[-107.016224,43.122639],[-107.011369,43.122542],[-107.011394,43.119436]]]}},{"type":"Feature","properties":{"q":"NWSW","ac":39.7},"geometry":{"type":"Polygon","coordinates":[[[-106.987001,43.048074],[-106.982071,43.048074],[-106.982102,43.044477],[-106.987046,43.044481],[-106.987001,43.048074]]]}},{"type":"Feature","properties":{"q":"SWSE","ac":39.9},"geometry":{"type":"Polygon","coordinates":[[[-107.011747,43.084063],[-107.016681,43.08405],[-107.016696,43.087665],[-107.011735,43.087666],[-107.011747,43.084063]]]}},{"type":"Feature","properties":{"q":"SWSE","ac":37.1},"geometry":{"type":"Polygon","coordinates":[[[-106.97707,43.112755],[-106.977158,43.116201],[-106.972393,43.11642],[-106.972337,43.112883],[-106.97707,43.112755]]]}},{"type":"Feature","properties":{"q":"NWNE","ac":40.6},"geometry":{"type":"Polygon","coordinates":[[[-107.016725,43.094896],[-107.01674,43.098511],[-107.011698,43.098473],[-107.01171,43.094871],[-107.016725,43.094896]]]}},{"type":"Feature","properties":{"q":"SWSW","ac":39.2},"geometry":{"type":"Polygon","coordinates":[[[-107.006634,43.10201],[-107.001706,43.101971],[-107.001754,43.098401],[-107.006656,43.098435],[-107.006634,43.10201]]]}},{"type":"Feature","properties":{"q":"SESE","ac":37.6},"geometry":{"type":"Polygon","coordinates":[[[-106.987257,43.069961],[-106.992123,43.069933],[-106.992102,43.073402],[-106.987223,43.073394],[-106.987257,43.069961]]]}},{"type":"Feature","properties":{"q":"NESW","ac":39.2},"geometry":{"type":"Polygon","coordinates":[[[-106.996904,43.09123],[-106.99693,43.087671],[-107.001852,43.087669],[-107.001819,43.091243],[-106.996904,43.09123]]]}},{"type":"Feature","properties":{"q":"NENW","ac":39.8},"geometry":{"type":"Polygon","coordinates":[[[-106.996553,43.112618],[-106.996628,43.109056],[-107.00161,43.109109],[-107.001562,43.112678],[-106.996553,43.112618]]]}},{"type":"Feature","properties":{"q":"NWNW","ac":38.7},"geometry":{"type":"Polygon","coordinates":[[[-107.001856,43.069877],[-107.001861,43.066307],[-107.006792,43.066344],[-107.006722,43.069849],[-107.001856,43.069877]]]}},{"type":"Feature","properties":{"q":"SWNE","ac":39.9},"geometry":{"type":"Polygon","coordinates":[[[-106.972185,43.048075],[-106.977142,43.048075],[-106.977127,43.051683],[-106.972198,43.051692],[-106.972185,43.048075]]]}},{"type":"Feature","properties":{"q":"NESE","ac":37.7},"geometry":{"type":"Polygon","coordinates":[[[-106.98719,43.076827],[-106.987223,43.073394],[-106.992102,43.073402],[-106.992081,43.07687],[-106.98719,43.076827]]]}},{"type":"Feature","properties":{"q":"SWSE","ac":36.2},"geometry":{"type":"Polygon","coordinates":[[[-106.991654,43.115816],[-106.991545,43.112558],[-106.996553,43.112618],[-106.996618,43.115868],[-106.991654,43.115816]]]}},{"type":"Feature","properties":{"q":"SESW","ac":36.1},"geometry":{"type":"Polygon","coordinates":[[[-106.977158,43.116201],[-106.97707,43.112755],[-106.981804,43.112626],[-106.981924,43.115982],[-106.977158,43.116201]]]}},{"type":"Feature","properties":{"q":"NWSE","ac":38.9},"geometry":{"type":"Polygon","coordinates":[[[-106.99681,43.059007],[-106.99687,43.062637],[-106.992104,43.062541],[-106.991967,43.05893],[-106.99681,43.059007]]]}},{"type":"Feature","properties":{"q":"NENW","ac":41.4},"geometry":{"type":"Polygon","coordinates":[[[-106.982273,43.066199],[-106.982276,43.06992],[-106.977295,43.06988],[-106.977248,43.066195],[-106.982273,43.066199]]]}},{"type":"Feature","properties":{"q":"NESE","ac":39.1},"geometry":{"type":"Polygon","coordinates":[[[-106.967492,43.102151],[-106.972352,43.102076],[-106.972339,43.105681],[-106.967512,43.105774],[-106.967492,43.102151]]]}},{"type":"Feature","properties":{"q":"NWSW","ac":35.4},"geometry":{"type":"Polygon","coordinates":[[[-106.986689,43.115763],[-106.986842,43.119027],[-106.982044,43.119338],[-106.981924,43.115982],[-106.986689,43.115763]]]}},{"type":"Feature","properties":{"q":"NENE","ac":39.0},"geometry":{"type":"Polygon","coordinates":[[[-107.011741,43.066184],[-107.011698,43.069706],[-107.006722,43.069849],[-107.006792,43.066344],[-107.011741,43.066184]]]}},{"type":"Feature","properties":{"q":"NESW","ac":40.5},"geometry":{"type":"Polygon","coordinates":[[[-107.001875,43.048208],[-106.99688,43.048163],[-106.996945,43.044538],[-107.001923,43.044566],[-107.001875,43.048208]]]}},{"type":"Feature","properties":{"q":"SENE","ac":40.1},"geometry":{"type":"Polygon","coordinates":[[[-106.96735,43.066186],[-106.967367,43.062574],[-106.972284,43.062542],[-106.972299,43.066191],[-106.96735,43.066186]]]}},{"type":"Feature","properties":{"q":"SENW","ac":40.0},"geometry":{"type":"Polygon","coordinates":[[[-106.99693,43.066271],[-106.99687,43.062637],[-107.001866,43.062738],[-107.001861,43.066307],[-106.99693,43.066271]]]}},{"type":"Feature","properties":{"q":"NENE","ac":40.4},"geometry":{"type":"Polygon","coordinates":[[[-107.006695,43.094845],[-107.01171,43.094871],[-107.011698,43.098473],[-107.006656,43.098435],[-107.006695,43.094845]]]}},{"type":"Feature","properties":{"q":"NWNW","ac":40.9},"geometry":{"type":"Polygon","coordinates":[[[-107.001828,43.05184],[-107.006841,43.05191],[-107.006811,43.055568],[-107.001781,43.055473],[-107.001828,43.05184]]]}},{"type":"Feature","properties":{"q":"NENE","ac":39.7},"geometry":{"type":"Polygon","coordinates":[[[-106.986664,43.108949],[-106.991646,43.109002],[-106.991545,43.112558],[-106.986537,43.112498],[-106.986664,43.108949]]]}},{"type":"Feature","properties":{"q":"SESW","ac":39.0},"geometry":{"type":"Polygon","coordinates":[[[-106.97726,43.098414],[-106.982153,43.098357],[-106.982066,43.101925],[-106.977212,43.102001],[-106.97726,43.098414]]]}},{"type":"Feature","properties":{"q":"SESW","ac":38.9},"geometry":{"type":"Polygon","coordinates":[[[-106.977295,43.06988],[-106.982276,43.06992],[-106.982255,43.073395],[-106.977287,43.073396],[-106.977295,43.06988]]]}},{"type":"Feature","properties":{"q":"NENW","ac":39.4},"geometry":{"type":"Polygon","coordinates":[[[-106.99693,43.066271],[-107.001861,43.066307],[-107.001856,43.069877],[-106.99699,43.069905],[-106.99693,43.066271]]]}},{"type":"Feature","properties":{"q":"SENE","ac":38.9},"geometry":{"type":"Polygon","coordinates":[[[-106.972352,43.091382],[-106.972359,43.094927],[-106.967458,43.094985],[-106.967443,43.091441],[-106.972352,43.091382]]]}},{"type":"Feature","properties":{"q":"SENE","ac":39.9},"geometry":{"type":"Polygon","coordinates":[[[-106.987339,43.062445],[-106.992104,43.062541],[-106.992114,43.066237],[-106.987298,43.066203],[-106.987339,43.062445]]]}},{"type":"Feature","properties":{"q":"SENE","ac":40.2},"geometry":{"type":"Polygon","coordinates":[[[-107.006695,43.094845],[-107.006735,43.091256],[-107.011723,43.091269],[-107.01171,43.094871],[-107.006695,43.094845]]]}},{"type":"Feature","properties":{"q":"NWSW","ac":38.4},"geometry":{"type":"Polygon","coordinates":[[[-106.982066,43.101925],[-106.986919,43.10185],[-106.986792,43.105399],[-106.981978,43.105493],[-106.982066,43.101925]]]}},{"type":"Feature","properties":{"q":"NWSE","ac":39.2},"geometry":{"type":"Polygon","coordinates":[[[-106.97232,43.073397],[-106.977287,43.073396],[-106.977278,43.076913],[-106.972327,43.076955],[-106.97232,43.073397]]]}},{"type":"Feature","properties":{"q":"SESW","ac":36.2},"geometry":{"type":"Polygon","coordinates":[[[-106.996553,43.112618],[-107.001562,43.112678],[-107.001587,43.115921],[-106.996618,43.115868],[-106.996553,43.112618]]]}},{"type":"Feature","properties":{"q":"NENE","ac":39.3},"geometry":{"type":"Polygon","coordinates":[[[-107.006813,43.084077],[-107.006791,43.080538],[-107.011735,43.080488],[-107.011747,43.084063],[-107.006813,43.084077]]]}},{"type":"Feature","properties":{"q":"NESW","ac":38.8},"geometry":{"type":"Polygon","coordinates":[[[-106.982152,43.087709],[-106.982121,43.091262],[-106.97726,43.091322],[-106.977261,43.087746],[-106.982152,43.087709]]]}},{"type":"Feature","properties":{"q":"NENE","ac":40.3},"geometry":{"type":"Polygon","coordinates":[[[-106.987298,43.066203],[-106.992114,43.066237],[-106.992123,43.069933],[-106.987257,43.069961],[-106.987298,43.066203]]]}},{"type":"Feature","properties":{"q":"SESE","ac":39.9},"geometry":{"type":"Polygon","coordinates":[[[-106.987092,43.040888],[-106.992051,43.0409],[-106.991996,43.044509],[-106.987046,43.044481],[-106.987092,43.040888]]]}},{"type":"Feature","properties":{"q":"NWNW","ac":38.7},"geometry":{"type":"Polygon","coordinates":[[[-106.982137,43.09481],[-106.987014,43.094752],[-106.987047,43.0983],[-106.982153,43.098357],[-106.982137,43.09481]]]}},{"type":"Feature","properties":{"q":"SWNW","ac":39.6},"geometry":{"type":"Polygon","coordinates":[[[-106.982071,43.048074],[-106.987001,43.048074],[-106.986955,43.051667],[-106.982041,43.051675],[-106.982071,43.048074]]]}},{"type":"Feature","properties":{"q":"SENE","ac":39.5},"geometry":{"type":"Polygon","coordinates":[[[-107.011566,43.105664],[-107.0115,43.109259],[-107.006591,43.109162],[-107.006613,43.105586],[-107.011566,43.105664]]]}}]}