{"type":"FeatureCollection","note":"BLM Public Land Survey System. Provided by the Bureau of Land Management as is. These data are neither legal documents nor land surveys and must not be used as such.","features":[{"type":"Feature","properties":{"q":"3","ac":38.9},"geometry":{"type":"Polygon","coordinates":[[[-104.954064,43.236467],[-104.95895,43.236526],[-104.958826,43.240107],[-104.953963,43.240048],[-104.954064,43.236467]]]}},{"type":"Feature","properties":{"q":"SWSE","ac":41.9},"geometry":{"type":"Polygon","coordinates":[[[-104.923327,43.218346],[-104.928527,43.21832],[-104.928561,43.221928],[-104.923375,43.221965],[-104.923327,43.218346]]]}},{"type":"Feature","properties":{"q":"NWNE","ac":40.5},"geometry":{"type":"Polygon","coordinates":[[[-104.903178,43.243619],[-104.908243,43.24368],[-104.908268,43.247283],[-104.903217,43.247205],[-104.903178,43.243619]]]}},{"type":"Feature","properties":{"q":"SWNE","ac":41.6},"geometry":{"type":"Polygon","coordinates":[[[-104.928595,43.225535],[-104.928628,43.229143],[-104.923472,43.229201],[-104.923423,43.225583],[-104.928595,43.225535]]]}},{"type":"Feature","properties":{"q":"NWNE","ac":41.0},"geometry":{"type":"Polygon","coordinates":[[[-104.948644,43.286853],[-104.948716,43.290475],[-104.943636,43.290498],[-104.943574,43.286863],[-104.948644,43.286853]]]}},{"type":"Feature","properties":{"q":"NWNW","ac":40.7},"geometry":{"type":"Polygon","coordinates":[[[-104.93857,43.257938],[-104.93852,43.261545],[-104.933452,43.261608],[-104.933497,43.258006],[-104.93857,43.257938]]]}},{"type":"Feature","properties":{"q":"SENE","ac":40.4},"geometry":{"type":"Polygon","coordinates":[[[-104.943642,43.254363],[-104.943591,43.257967],[-104.93857,43.257938],[-104.938621,43.254332],[-104.943642,43.254363]]]}},{"type":"Feature","properties":{"q":"NESE","ac":40.7},"geometry":{"type":"Polygon","coordinates":[[[-104.918227,43.265406],[-104.923289,43.26534],[-104.923262,43.268947],[-104.918206,43.269016],[-104.918227,43.265406]]]}},{"type":"Feature","properties":{"q":"NESW","ac":41.2},"geometry":{"type":"Polygon","coordinates":[[[-104.913292,43.297992],[-104.90821,43.297983],[-104.9082,43.294345],[-104.913279,43.294358],[-104.913292,43.297992]]]}},{"type":"Feature","properties":{"q":"NWNW","ac":41.0},"geometry":{"type":"Polygon","coordinates":[[[-104.913234,43.28709],[-104.918299,43.287115],[-104.918344,43.290741],[-104.913266,43.290724],[-104.913234,43.28709]]]}},{"type":"Feature","properties":{"q":"NWNW","ac":41.3},"geometry":{"type":"Polygon","coordinates":[[[-104.918315,43.22926],[-104.918378,43.232889],[-104.913272,43.232879],[-104.913213,43.229248],[-104.918315,43.22926]]]}},{"type":"Feature","properties":{"q":"NWNW","ac":40.4},"geometry":{"type":"Polygon","coordinates":[[[-104.913225,43.258114],[-104.918279,43.258207],[-104.918248,43.261796],[-104.913193,43.261698],[-104.913225,43.258114]]]}},{"type":"Feature","properties":{"q":"NENW","ac":41.1},"geometry":{"type":"Polygon","coordinates":[[[-104.908169,43.287064],[-104.913234,43.28709],[-104.913266,43.290724],[-104.908189,43.290707],[-104.908169,43.287064]]]}},{"type":"Feature","properties":{"q":"NWSW","ac":41.2},"geometry":{"type":"Polygon","coordinates":[[[-104.918374,43.240164],[-104.913296,43.24012],[-104.913284,43.2365],[-104.918376,43.236527],[-104.918374,43.240164]]]}},{"type":"Feature","properties":{"q":"NWSW","ac":41.0},"geometry":{"type":"Polygon","coordinates":[[[-104.938449,43.283227],[-104.9334,43.283293],[-104.933348,43.279651],[-104.938394,43.27958],[-104.938449,43.283227]]]}},{"type":"Feature","properties":{"q":"SESW","ac":40.7},"geometry":{"type":"Polygon","coordinates":[[[-104.933452,43.261608],[-104.933413,43.265208],[-104.928351,43.265274],[-104.928384,43.261671],[-104.933452,43.261608]]]}},{"type":"Feature","properties":{"q":"SWNE","ac":40.4},"geometry":{"type":"Polygon","coordinates":[[[-104.943462,43.268763],[-104.948495,43.268787],[-104.948463,43.272391],[-104.943424,43.272364],[-104.943462,43.268763]]]}},{"type":"Feature","properties":{"q":"NWNW","ac":40.5},"geometry":{"type":"Polygon","coordinates":[[[-104.918164,43.276237],[-104.913136,43.276186],[-104.91315,43.272565],[-104.918185,43.272627],[-104.918164,43.276237]]]}},{"type":"Feature","properties":{"q":"NESE","ac":41.5},"geometry":{"type":"Polygon","coordinates":[[[-104.918376,43.236527],[-104.923505,43.236455],[-104.923489,43.24009],[-104.918374,43.240164],[-104.918376,43.236527]]]}},{"type":"Feature","properties":{"q":"2","ac":38.3},"geometry":{"type":"Polygon","coordinates":[[[-104.958269,43.268832],[-104.958235,43.272428],[-104.95346,43.27241],[-104.953487,43.26881],[-104.958269,43.268832]]]}},{"type":"Feature","properties":{"q":"1","ac":38.6},"geometry":{"type":"Polygon","coordinates":[[[-104.958578,43.247269],[-104.953759,43.247239],[-104.953861,43.243644],[-104.958702,43.243688],[-104.958578,43.247269]]]}},{"type":"Feature","properties":{"q":"NENW","ac":41.3},"geometry":{"type":"Polygon","coordinates":[[[-104.908111,43.229236],[-104.913213,43.229248],[-104.913272,43.232879],[-104.908166,43.232868],[-104.908111,43.229236]]]}},{"type":"Feature","properties":{"q":"SWNE","ac":40.9},"geometry":{"type":"Polygon","coordinates":[[[-104.928351,43.283358],[-104.928401,43.286995],[-104.92335,43.287055],[-104.923302,43.283424],[-104.928351,43.283358]]]}},{"type":"Feature","properties":{"q":"SWNE","ac":40.3},"geometry":{"type":"Polygon","coordinates":[[[-104.908203,43.254442],[-104.90817,43.258021],[-104.903116,43.257928],[-104.90315,43.254354],[-104.908203,43.254442]]]}},{"type":"Feature","properties":{"q":"NWSW","ac":40.8},"geometry":{"type":"Polygon","coordinates":[[[-104.913169,43.279821],[-104.918209,43.279863],[-104.918254,43.283489],[-104.913201,43.283456],[-104.913169,43.279821]]]}},{"type":"Feature","properties":{"q":"NENW","ac":40.1},"geometry":{"type":"Polygon","coordinates":[[[-104.948864,43.243598],[-104.953861,43.243644],[-104.953759,43.247239],[-104.948771,43.247208],[-104.948864,43.243598]]]}},{"type":"Feature","properties":{"q":"NESW","ac":41.0},"geometry":{"type":"Polygon","coordinates":[[[-104.913296,43.24012],[-104.908217,43.240076],[-104.908191,43.236472],[-104.913284,43.2365],[-104.913296,43.24012]]]}},{"type":"Feature","properties":{"q":"SENE","ac":41.4},"geometry":{"type":"Polygon","coordinates":[[[-104.918372,43.243802],[-104.918374,43.240164],[-104.923489,43.24009],[-104.923474,43.243725],[-104.918372,43.243802]]]}},{"type":"Feature","properties":{"q":"NWSW","ac":41.3},"geometry":{"type":"Polygon","coordinates":[[[-104.918252,43.225631],[-104.913154,43.225618],[-104.913094,43.221987],[-104.918189,43.222002],[-104.918252,43.225631]]]}},{"type":"Feature","properties":{"q":"SESW","ac":41.1},"geometry":{"type":"Polygon","coordinates":[[[-104.913272,43.232879],[-104.913284,43.2365],[-104.908191,43.236472],[-104.908166,43.232868],[-104.913272,43.232879]]]}},{"type":"Feature","properties":{"q":"NESE","ac":41.3},"geometry":{"type":"Polygon","coordinates":[[[-104.944118,43.221939],[-104.944094,43.225517],[-104.938937,43.225439],[-104.938933,43.221853],[-104.944118,43.221939]]]}},{"type":"Feature","properties":{"q":"SESW","ac":40.3},"geometry":{"type":"Polygon","coordinates":[[[-104.908268,43.247283],[-104.913319,43.247362],[-104.913288,43.250946],[-104.908236,43.250863],[-104.908268,43.247283]]]}},{"type":"Feature","properties":{"q":"SWSW","ac":41.2},"geometry":{"type":"Polygon","coordinates":[[[-104.913094,43.221987],[-104.913035,43.218356],[-104.918126,43.218373],[-104.918189,43.222002],[-104.913094,43.221987]]]}},{"type":"Feature","properties":{"q":"NESW","ac":40.9},"geometry":{"type":"Polygon","coordinates":[[[-104.933348,43.279651],[-104.9334,43.283293],[-104.928351,43.283358],[-104.928301,43.279722],[-104.933348,43.279651]]]}},{"type":"Feature","properties":{"q":"NESE","ac":40.8},"geometry":{"type":"Polygon","coordinates":[[[-104.923255,43.279792],[-104.923302,43.283424],[-104.918254,43.283489],[-104.918209,43.279863],[-104.923255,43.279792]]]}},{"type":"Feature","properties":{"q":"NENE","ac":40.7},"geometry":{"type":"Polygon","coordinates":[[[-104.943821,43.243545],[-104.943746,43.247164],[-104.938721,43.247119],[-104.938777,43.243492],[-104.943821,43.243545]]]}},{"type":"Feature","properties":{"q":"SWNW","ac":41.0},"geometry":{"type":"Polygon","coordinates":[[[-104.9334,43.283293],[-104.938449,43.283227],[-104.938503,43.286873],[-104.933452,43.286934],[-104.9334,43.283293]]]}},{"type":"Feature","properties":{"q":"SENW","ac":40.6},"geometry":{"type":"Polygon","coordinates":[[[-104.949251,43.225595],[-104.954303,43.22567],[-104.954234,43.229278],[-104.949196,43.22921],[-104.949251,43.225595]]]}},{"type":"Feature","properties":{"q":"NESW","ac":40.4},"geometry":{"type":"Polygon","coordinates":[[[-104.949304,43.222025],[-104.954372,43.222085],[-104.954303,43.22567],[-104.949251,43.225595],[-104.949304,43.222025]]]}},{"type":"Feature","properties":{"q":"NWSE","ac":41.7},"geometry":{"type":"Polygon","coordinates":[[[-104.923423,43.225583],[-104.923375,43.221965],[-104.928561,43.221928],[-104.928595,43.225535],[-104.923423,43.225583]]]}},{"type":"Feature","properties":{"q":"NESW","ac":41.1},"geometry":{"type":"Polygon","coordinates":[[[-104.933561,43.294205],[-104.933618,43.297834],[-104.92853,43.29789],[-104.92849,43.29426],[-104.933561,43.294205]]]}},{"type":"Feature","properties":{"q":"2","ac":38.8},"geometry":{"type":"Polygon","coordinates":[[[-104.958826,43.240107],[-104.958702,43.243688],[-104.953861,43.243644],[-104.953963,43.240048],[-104.958826,43.240107]]]}},{"type":"Feature","properties":{"q":"SESW","ac":40.8},"geometry":{"type":"Polygon","coordinates":[[[-104.933633,43.247199],[-104.933588,43.250802],[-104.928505,43.250877],[-104.928546,43.247279],[-104.933633,43.247199]]]}},{"type":"Feature","properties":{"q":"NWNE","ac":40.3},"geometry":{"type":"Polygon","coordinates":[[[-104.943591,43.257967],[-104.948611,43.257995],[-104.948558,43.261595],[-104.943539,43.26157],[-104.943591,43.257967]]]}},{"type":"Feature","properties":{"q":"SENW","ac":40.4},"geometry":{"type":"Polygon","coordinates":[[[-104.948861,43.301346],[-104.948813,43.297733],[-104.953833,43.29771],[-104.953873,43.301328],[-104.948861,43.301346]]]}},{"type":"Feature","properties":{"q":"6","ac":38.3},"geometry":{"type":"Polygon","coordinates":[[[-104.958529,43.294064],[-104.958573,43.297689],[-104.953833,43.29771],[-104.953783,43.294084],[-104.958529,43.294064]]]}},{"type":"Feature","properties":{"q":"SESE","ac":41.3},"geometry":{"type":"Polygon","coordinates":[[[-104.902853,43.218323],[-104.902905,43.221957],[-104.89781,43.221941],[-104.897763,43.218306],[-104.902853,43.218323]]]}},{"type":"Feature","properties":{"q":"2","ac":41.6},"geometry":{"type":"Polygon","coordinates":[[[-104.92857,43.301515],[-104.928611,43.305185],[-104.923508,43.305229],[-104.92348,43.301571],[-104.92857,43.301515]]]}},{"type":"Feature","properties":{"q":"SWSW","ac":40.6},"geometry":{"type":"Polygon","coordinates":[[[-104.93852,43.261545],[-104.938475,43.265142],[-104.933413,43.265208],[-104.933452,43.261608],[-104.93852,43.261545]]]}},{"type":"Feature","properties":{"q":"SWSE","ac":40.8},"geometry":{"type":"Polygon","coordinates":[[[-104.944044,43.232718],[-104.949141,43.232825],[-104.949049,43.236406],[-104.94397,43.236322],[-104.944044,43.232718]]]}},{"type":"Feature","properties":{"q":"SESW","ac":40.3},"geometry":{"type":"Polygon","coordinates":[[[-104.948431,43.275995],[-104.953432,43.27601],[-104.953507,43.27962],[-104.948502,43.279612],[-104.948431,43.275995]]]}},{"type":"Feature","properties":{"q":"4","ac":39.3},"geometry":{"type":"Polygon","coordinates":[[[-104.959275,43.222143],[-104.954372,43.222085],[-104.954442,43.218501],[-104.959342,43.218543],[-104.959275,43.222143]]]}},{"type":"Feature","properties":{"q":"SWSW","ac":40.7},"geometry":{"type":"Polygon","coordinates":[[[-104.913136,43.276186],[-104.918164,43.276237],[-104.918209,43.279863],[-104.913169,43.279821],[-104.913136,43.276186]]]}},{"type":"Feature","properties":{"q":"NWSE","ac":41.2},"geometry":{"type":"Polygon","coordinates":[[[-104.944094,43.225517],[-104.944118,43.221939],[-104.949304,43.222025],[-104.949251,43.225595],[-104.944094,43.225517]]]}},{"type":"Feature","properties":{"q":"SWNW","ac":41.0},"geometry":{"type":"Polygon","coordinates":[[[-104.913296,43.24012],[-104.918374,43.240164],[-104.918372,43.243802],[-104.913307,43.243741],[-104.913296,43.24012]]]}},{"type":"Feature","properties":{"q":"NENW","ac":40.0},"geometry":{"type":"Polygon","coordinates":[[[-104.948558,43.261595],[-104.948611,43.257995],[-104.953598,43.258022],[-104.953544,43.261619],[-104.948558,43.261595]]]}},{"type":"Feature","properties":{"q":"SENW","ac":41.0},"geometry":{"type":"Polygon","coordinates":[[[-104.908149,43.283422],[-104.913201,43.283456],[-104.913234,43.28709],[-104.908169,43.287064],[-104.908149,43.283422]]]}},{"type":"Feature","properties":{"q":"NWSW","ac":40.7},"geometry":{"type":"Polygon","coordinates":[[[-104.913179,43.26532],[-104.918227,43.265406],[-104.918206,43.269016],[-104.913165,43.268943],[-104.913179,43.26532]]]}},{"type":"Feature","properties":{"q":"NESW","ac":40.6},"geometry":{"type":"Polygon","coordinates":[[[-104.928318,43.268878],[-104.928351,43.265274],[-104.933413,43.265208],[-104.933374,43.268809],[-104.928318,43.268878]]]}},{"type":"Feature","properties":{"q":"SENE","ac":40.8},"geometry":{"type":"Polygon","coordinates":[[[-104.938706,43.297778],[-104.943759,43.297755],[-104.94381,43.301374],[-104.93876,43.301402],[-104.938706,43.297778]]]}},{"type":"Feature","properties":{"q":"SWSE","ac":40.8},"geometry":{"type":"Polygon","coordinates":[[[-104.948502,43.279612],[-104.943448,43.279596],[-104.943385,43.275964],[-104.948431,43.275995],[-104.948502,43.279612]]]}},{"type":"Feature","properties":{"q":"3","ac":38.3},"geometry":{"type":"Polygon","coordinates":[[[-104.958304,43.265237],[-104.958269,43.268832],[-104.953487,43.26881],[-104.953516,43.265214],[-104.958304,43.265237]]]}},{"type":"Feature","properties":{"q":"1","ac":40.9},"geometry":{"type":"Polygon","coordinates":[[[-104.898041,43.301596],[-104.903131,43.301604],[-104.903142,43.305217],[-104.898054,43.305198],[-104.898041,43.301596]]]}},{"type":"Feature","properties":{"q":"NESW","ac":41.3},"geometry":{"type":"Polygon","coordinates":[[[-104.913154,43.225618],[-104.908055,43.225604],[-104.908,43.221972],[-104.913094,43.221987],[-104.913154,43.225618]]]}},{"type":"Feature","properties":{"q":"NENE","ac":41.3},"geometry":{"type":"Polygon","coordinates":[[[-104.89804,43.287013],[-104.903105,43.287039],[-104.903112,43.290689],[-104.898035,43.290672],[-104.89804,43.287013]]]}},{"type":"Feature","properties":{"q":"SWNE","ac":41.1},"geometry":{"type":"Polygon","coordinates":[[[-104.908149,43.283422],[-104.908169,43.287064],[-104.903105,43.287039],[-104.903097,43.283388],[-104.908149,43.283422]]]}},{"type":"Feature","properties":{"q":"SENE","ac":41.1},"geometry":{"type":"Polygon","coordinates":[[[-104.943511,43.283228],[-104.943574,43.286863],[-104.938503,43.286873],[-104.938449,43.283227],[-104.943511,43.283228]]]}},{"type":"Feature","properties":{"q":"1","ac":41.5},"geometry":{"type":"Polygon","coordinates":[[[-104.92348,43.301571],[-104.923508,43.305229],[-104.918406,43.305274],[-104.91839,43.301627],[-104.92348,43.301571]]]}},{"type":"Feature","properties":{"q":"4","ac":38.3},"geometry":{"type":"Polygon","coordinates":[[[-104.953507,43.27962],[-104.953432,43.27601],[-104.958201,43.276024],[-104.958272,43.279628],[-104.953507,43.27962]]]}},{"type":"Feature","properties":{"q":"NWSW","ac":41.1},"geometry":{"type":"Polygon","coordinates":[[[-104.933561,43.294205],[-104.938632,43.294149],[-104.938706,43.297778],[-104.933618,43.297834],[-104.933561,43.294205]]]}},{"type":"Feature","properties":{"q":"NWNE","ac":41.2},"geometry":{"type":"Polygon","coordinates":[[[-104.903112,43.290689],[-104.903105,43.287039],[-104.908169,43.287064],[-104.908189,43.290707],[-104.903112,43.290689]]]}},{"type":"Feature","properties":{"q":"SWNW","ac":41.4},"geometry":{"type":"Polygon","coordinates":[[[-104.938942,43.229025],[-104.933785,43.229084],[-104.933766,43.225487],[-104.938937,43.225439],[-104.938942,43.229025]]]}},{"type":"Feature","properties":{"q":"SENE","ac":40.5},"geometry":{"type":"Polygon","coordinates":[[[-104.89806,43.239987],[-104.903138,43.240032],[-104.903178,43.243619],[-104.898113,43.243557],[-104.89806,43.239987]]]}},{"type":"Feature","properties":{"q":"SESE","ac":40.2},"geometry":{"type":"Polygon","coordinates":[[[-104.903217,43.247205],[-104.903183,43.25078],[-104.898131,43.250697],[-104.898166,43.247127],[-104.903217,43.247205]]]}},{"type":"Feature","properties":{"q":"NENW","ac":40.4},"geometry":{"type":"Polygon","coordinates":[[[-104.948716,43.290475],[-104.948644,43.286853],[-104.953657,43.286844],[-104.953733,43.290457],[-104.948716,43.290475]]]}},{"type":"Feature","properties":{"q":"SWSW","ac":40.7},"geometry":{"type":"Polygon","coordinates":[[[-104.913193,43.261698],[-104.918248,43.261796],[-104.918227,43.265406],[-104.913179,43.26532],[-104.913193,43.261698]]]}},{"type":"Feature","properties":{"q":"SWNW","ac":40.9},"geometry":{"type":"Polygon","coordinates":[[[-104.913201,43.283456],[-104.918254,43.283489],[-104.918299,43.287115],[-104.913234,43.28709],[-104.913201,43.283456]]]}},{"type":"Feature","properties":{"q":"NENE","ac":41.6},"geometry":{"type":"Polygon","coordinates":[[[-104.918378,43.232889],[-104.918315,43.22926],[-104.923472,43.229201],[-104.92352,43.23282],[-104.918378,43.232889]]]}},{"type":"Feature","properties":{"q":"NESW","ac":40.9},"geometry":{"type":"Polygon","coordinates":[[[-104.913201,43.283456],[-104.908149,43.283422],[-104.908129,43.279779],[-104.913169,43.279821],[-104.913201,43.283456]]]}},{"type":"Feature","properties":{"q":"SESW","ac":40.9},"geometry":{"type":"Polygon","coordinates":[[[-104.928301,43.279722],[-104.928252,43.276085],[-104.933296,43.276009],[-104.933348,43.279651],[-104.928301,43.279722]]]}},{"type":"Feature","properties":{"q":"NWSE","ac":41.5},"geometry":{"type":"Polygon","coordinates":[[[-104.928633,43.236383],[-104.928604,43.240015],[-104.923489,43.24009],[-104.923505,43.236455],[-104.928633,43.236383]]]}},{"type":"Feature","properties":{"q":"NENE","ac":40.2},"geometry":{"type":"Polygon","coordinates":[[[-104.898062,43.257835],[-104.903116,43.257928],[-104.903083,43.261502],[-104.898028,43.261404],[-104.898062,43.257835]]]}},{"type":"Feature","properties":{"q":"SESE","ac":41.2},"geometry":{"type":"Polygon","coordinates":[[[-104.903112,43.290689],[-104.903116,43.294331],[-104.898032,43.294317],[-104.898035,43.290672],[-104.903112,43.290689]]]}},{"type":"Feature","properties":{"q":"2","ac":41.1},"geometry":{"type":"Polygon","coordinates":[[[-104.94891,43.304992],[-104.943862,43.305044],[-104.94381,43.301374],[-104.948861,43.301346],[-104.94891,43.304992]]]}},{"type":"Feature","properties":{"q":"SENW","ac":41.1},"geometry":{"type":"Polygon","coordinates":[[[-104.933618,43.297834],[-104.933665,43.301459],[-104.92857,43.301515],[-104.92853,43.29789],[-104.933618,43.297834]]]}},{"type":"Feature","properties":{"q":"SWNW","ac":40.4},"geometry":{"type":"Polygon","coordinates":[[[-104.913256,43.25453],[-104.918309,43.254618],[-104.918279,43.258207],[-104.913225,43.258114],[-104.913256,43.25453]]]}},{"type":"Feature","properties":{"q":"NENW","ac":41.0},"geometry":{"type":"Polygon","coordinates":[[[-104.933452,43.286934],[-104.933504,43.290575],[-104.92845,43.290631],[-104.928401,43.286995],[-104.933452,43.286934]]]}},{"type":"Feature","properties":{"q":"SENE","ac":40.2},"geometry":{"type":"Polygon","coordinates":[[[-104.898097,43.254266],[-104.90315,43.254354],[-104.903116,43.257928],[-104.898062,43.257835],[-104.898097,43.254266]]]}},{"type":"Feature","properties":{"q":"NENE","ac":40.4},"geometry":{"type":"Polygon","coordinates":[[[-104.938385,43.272337],[-104.943424,43.272364],[-104.943385,43.275964],[-104.93834,43.275934],[-104.938385,43.272337]]]}},{"type":"Feature","properties":{"q":"SWNW","ac":40.8},"geometry":{"type":"Polygon","coordinates":[[[-104.938621,43.254332],[-104.93857,43.257938],[-104.933497,43.258006],[-104.933543,43.254404],[-104.938621,43.254332]]]}},{"type":"Feature","properties":{"q":"NWNW","ac":41.2},"geometry":{"type":"Polygon","coordinates":[[[-104.938942,43.229025],[-104.938947,43.232611],[-104.933804,43.232681],[-104.933785,43.229084],[-104.938942,43.229025]]]}},{"type":"Feature","properties":{"q":"NENE","ac":40.9},"geometry":{"type":"Polygon","coordinates":[[[-104.923397,43.290686],[-104.918344,43.290741],[-104.918299,43.287115],[-104.92335,43.287055],[-104.923397,43.290686]]]}},{"type":"Feature","properties":{"q":"SWNE","ac":41.3},"geometry":{"type":"Polygon","coordinates":[[[-104.902957,43.225591],[-104.908055,43.225604],[-104.908111,43.229236],[-104.903008,43.229224],[-104.902957,43.225591]]]}},{"type":"Feature","properties":{"q":"SENE","ac":40.6},"geometry":{"type":"Polygon","coordinates":[[[-104.923387,43.254547],[-104.923352,43.25814],[-104.918279,43.258207],[-104.918309,43.254618],[-104.923387,43.254547]]]}},{"type":"Feature","properties":{"q":"NWSE","ac":40.9},"geometry":{"type":"Polygon","coordinates":[[[-104.903082,43.268794],[-104.903082,43.265148],[-104.908131,43.265234],[-104.908123,43.268869],[-104.903082,43.268794]]]}},{"type":"Feature","properties":{"q":"NESE","ac":40.9},"geometry":{"type":"Polygon","coordinates":[[[-104.93889,43.236238],[-104.94397,43.236322],[-104.943895,43.239927],[-104.938834,43.239865],[-104.93889,43.236238]]]}},{"type":"Feature","properties":{"q":"SWNW","ac":40.5},"geometry":{"type":"Polygon","coordinates":[[[-104.93843,43.268739],[-104.938385,43.272337],[-104.933335,43.272409],[-104.933374,43.268809],[-104.93843,43.268739]]]}},{"type":"Feature","properties":{"q":"3","ac":38.3},"geometry":{"type":"Polygon","coordinates":[[[-104.953507,43.27962],[-104.958272,43.279628],[-104.958343,43.283232],[-104.953581,43.283231],[-104.953507,43.27962]]]}},{"type":"Feature","properties":{"q":"NENE","ac":41.0},"geometry":{"type":"Polygon","coordinates":[[[-104.938942,43.229025],[-104.944069,43.229118],[-104.944044,43.232718],[-104.938947,43.232611],[-104.938942,43.229025]]]}},{"type":"Feature","properties":{"q":"4","ac":39.1},"geometry":{"type":"Polygon","coordinates":[[[-104.959074,43.232945],[-104.95895,43.236526],[-104.954064,43.236467],[-104.954166,43.232886],[-104.959074,43.232945]]]}},{"type":"Feature","properties":{"q":"SWSW","ac":40.9},"geometry":{"type":"Polygon","coordinates":[[[-104.938721,43.247119],[-104.938671,43.250725],[-104.933588,43.250802],[-104.933633,43.247199],[-104.938721,43.247119]]]}},{"type":"Feature","properties":{"q":"NWSW","ac":40.4},"geometry":{"type":"Polygon","coordinates":[[[-104.913288,43.250946],[-104.91834,43.251029],[-104.918309,43.254618],[-104.913256,43.25453],[-104.913288,43.250946]]]}},{"type":"Feature","properties":{"q":"NWNW","ac":40.5},"geometry":{"type":"Polygon","coordinates":[[[-104.93834,43.275934],[-104.933296,43.276009],[-104.933335,43.272409],[-104.938385,43.272337],[-104.93834,43.275934]]]}},{"type":"Feature","properties":{"q":"SENE","ac":40.8},"geometry":{"type":"Polygon","coordinates":[[[-104.923302,43.283424],[-104.92335,43.287055],[-104.918299,43.287115],[-104.918254,43.283489],[-104.923302,43.283424]]]}},{"type":"Feature","properties":{"q":"SESW","ac":40.0},"geometry":{"type":"Polygon","coordinates":[[[-104.953759,43.247239],[-104.953705,43.250832],[-104.948717,43.250802],[-104.948771,43.247208],[-104.953759,43.247239]]]}},{"type":"Feature","properties":{"q":"NESE","ac":41.3},"geometry":{"type":"Polygon","coordinates":[[[-104.903116,43.294331],[-104.903119,43.297973],[-104.898029,43.297963],[-104.898032,43.294317],[-104.903116,43.294331]]]}},{"type":"Feature","properties":{"q":"NENW","ac":40.7},"geometry":{"type":"Polygon","coordinates":[[[-104.933452,43.261608],[-104.928384,43.261671],[-104.928425,43.258073],[-104.933497,43.258006],[-104.933452,43.261608]]]}},{"type":"Feature","properties":{"q":"SESW","ac":40.9},"geometry":{"type":"Polygon","coordinates":[[[-104.908138,43.2616],[-104.913193,43.261698],[-104.913179,43.26532],[-104.908131,43.265234],[-104.908138,43.2616]]]}},{"type":"Feature","properties":{"q":"SENW","ac":40.6},"geometry":{"type":"Polygon","coordinates":[[[-104.928318,43.268878],[-104.933374,43.268809],[-104.933335,43.272409],[-104.928285,43.272482],[-104.928318,43.268878]]]}},{"type":"Feature","properties":{"q":"SENE","ac":41.3},"geometry":{"type":"Polygon","coordinates":[[[-104.897858,43.225577],[-104.902957,43.225591],[-104.903008,43.229224],[-104.897906,43.229212],[-104.897858,43.225577]]]}},{"type":"Feature","properties":{"q":"NWNE","ac":40.6},"geometry":{"type":"Polygon","coordinates":[[[-104.928425,43.258073],[-104.928384,43.261671],[-104.923316,43.261733],[-104.923352,43.25814],[-104.928425,43.258073]]]}},{"type":"Feature","properties":{"q":"NWSE","ac":40.9},"geometry":{"type":"Polygon","coordinates":[[[-104.943759,43.297755],[-104.943698,43.294127],[-104.948764,43.294104],[-104.948813,43.297733],[-104.943759,43.297755]]]}},{"type":"Feature","properties":{"q":"SESE","ac":42.0},"geometry":{"type":"Polygon","coordinates":[[[-104.923327,43.218346],[-104.923375,43.221965],[-104.918189,43.222002],[-104.918126,43.218373],[-104.923327,43.218346]]]}},{"type":"Feature","properties":{"q":"3","ac":39.3},"geometry":{"type":"Polygon","coordinates":[[[-104.954372,43.222085],[-104.959275,43.222143],[-104.959208,43.225744],[-104.954303,43.22567],[-104.954372,43.222085]]]}},{"type":"Feature","properties":{"q":"NWSW","ac":40.8},"geometry":{"type":"Polygon","coordinates":[[[-104.938671,43.250725],[-104.938621,43.254332],[-104.933543,43.254404],[-104.933588,43.250802],[-104.938671,43.250725]]]}},{"type":"Feature","properties":{"q":"2","ac":38.3},"geometry":{"type":"Polygon","coordinates":[[[-104.958343,43.283232],[-104.958414,43.286836],[-104.953657,43.286844],[-104.953581,43.283231],[-104.958343,43.283232]]]}},{"type":"Feature","properties":{"q":"SENW","ac":40.2},"geometry":{"type":"Polygon","coordinates":[[[-104.948864,43.243598],[-104.948957,43.239988],[-104.953963,43.240048],[-104.953861,43.243644],[-104.948864,43.243598]]]}},{"type":"Feature","properties":{"q":"SESE","ac":41.0},"geometry":{"type":"Polygon","coordinates":[[[-104.93834,43.275934],[-104.943385,43.275964],[-104.943448,43.279596],[-104.938394,43.27958],[-104.93834,43.275934]]]}},{"type":"Feature","properties":{"q":"NESE","ac":40.3},"geometry":{"type":"Polygon","coordinates":[[[-104.943642,43.254363],[-104.938621,43.254332],[-104.938671,43.250725],[-104.943694,43.250764],[-104.943642,43.254363]]]}},{"type":"Feature","properties":{"q":"SENW","ac":41.0},"geometry":{"type":"Polygon","coordinates":[[[-104.928351,43.283358],[-104.9334,43.283293],[-104.933452,43.286934],[-104.928401,43.286995],[-104.928351,43.283358]]]}},{"type":"Feature","properties":{"q":"NWNW","ac":40.9},"geometry":{"type":"Polygon","coordinates":[[[-104.91837,43.24744],[-104.913319,43.247362],[-104.913307,43.243741],[-104.918372,43.243802],[-104.91837,43.24744]]]}},{"type":"Feature","properties":{"q":"SWNE","ac":40.7},"geometry":{"type":"Polygon","coordinates":[[[-104.903178,43.243619],[-104.903138,43.240032],[-104.908217,43.240076],[-104.908243,43.24368],[-104.903178,43.243619]]]}},{"type":"Feature","properties":{"q":"SWNW","ac":41.1},"geometry":{"type":"Polygon","coordinates":[[[-104.913292,43.297992],[-104.918374,43.298001],[-104.91839,43.301627],[-104.913305,43.301619],[-104.913292,43.297992]]]}},{"type":"Feature","properties":{"q":"SWSW","ac":41.6},"geometry":{"type":"Polygon","coordinates":[[[-104.938928,43.218267],[-104.938933,43.221853],[-104.933747,43.22189],[-104.933727,43.218293],[-104.938928,43.218267]]]}},{"type":"Feature","properties":{"q":"NESE","ac":41.1},"geometry":{"type":"Polygon","coordinates":[[[-104.898034,43.265062],[-104.903082,43.265148],[-104.903082,43.268794],[-104.898041,43.26872],[-104.898034,43.265062]]]}},{"type":"Feature","properties":{"q":"SWNE","ac":41.4},"geometry":{"type":"Polygon","coordinates":[[[-104.928604,43.240015],[-104.928575,43.243647],[-104.923474,43.243725],[-104.923489,43.24009],[-104.928604,43.240015]]]}},{"type":"Feature","properties":{"q":"NWSE","ac":40.9},"geometry":{"type":"Polygon","coordinates":[[[-104.928301,43.279722],[-104.928351,43.283358],[-104.923302,43.283424],[-104.923255,43.279792],[-104.928301,43.279722]]]}},{"type":"Feature","properties":{"q":"SWNE","ac":41.2},"geometry":{"type":"Polygon","coordinates":[[[-104.90821,43.297983],[-104.90822,43.301611],[-104.903131,43.301604],[-104.903119,43.297973],[-104.90821,43.297983]]]}},{"type":"Feature","properties":{"q":"NESW","ac":40.3},"geometry":{"type":"Polygon","coordinates":[[[-104.948502,43.279612],[-104.953507,43.27962],[-104.953581,43.283231],[-104.948573,43.28323],[-104.948502,43.279612]]]}},{"type":"Feature","properties":{"q":"SWNE","ac":40.7},"geometry":{"type":"Polygon","coordinates":[[[-104.943895,43.239927],[-104.948957,43.239988],[-104.948864,43.243598],[-104.943821,43.243545],[-104.943895,43.239927]]]}},{"type":"Feature","properties":{"q":"NESW","ac":41.6},"geometry":{"type":"Polygon","coordinates":[[[-104.933747,43.22189],[-104.933766,43.225487],[-104.928595,43.225535],[-104.928561,43.221928],[-104.933747,43.22189]]]}},{"type":"Feature","properties":{"q":"SENW","ac":40.4},"geometry":{"type":"Polygon","coordinates":[[[-104.90817,43.258021],[-104.908203,43.254442],[-104.913256,43.25453],[-104.913225,43.258114],[-104.90817,43.258021]]]}},{"type":"Feature","properties":{"q":"NWSE","ac":41.0},"geometry":{"type":"Polygon","coordinates":[[[-104.903089,43.279737],[-104.908129,43.279779],[-104.908149,43.283422],[-104.903097,43.283388],[-104.903089,43.279737]]]}},{"type":"Feature","properties":{"q":"1","ac":38.4},"geometry":{"type":"Polygon","coordinates":[[[-104.953598,43.258022],[-104.958398,43.258048],[-104.958338,43.261641],[-104.953544,43.261619],[-104.953598,43.258022]]]}},{"type":"Feature","properties":{"q":"SWNW","ac":41.3},"geometry":{"type":"Polygon","coordinates":[[[-104.918315,43.22926],[-104.913213,43.229248],[-104.913154,43.225618],[-104.918252,43.225631],[-104.918315,43.22926]]]}},{"type":"Feature","properties":{"q":"SWNE","ac":40.7},"geometry":{"type":"Polygon","coordinates":[[[-104.923387,43.254547],[-104.928465,43.254475],[-104.928425,43.258073],[-104.923352,43.25814],[-104.923387,43.254547]]]}},{"type":"Feature","properties":{"q":"NWSE","ac":41.2},"geometry":{"type":"Polygon","coordinates":[[[-104.903119,43.297973],[-104.903116,43.294331],[-104.9082,43.294345],[-104.90821,43.297983],[-104.903119,43.297973]]]}},{"type":"Feature","properties":{"q":"SWNE","ac":40.9},"geometry":{"type":"Polygon","coordinates":[[[-104.903082,43.268794],[-104.908123,43.268869],[-104.908116,43.272502],[-104.903082,43.27244],[-104.903082,43.268794]]]}},{"type":"Feature","properties":{"q":"SWSW","ac":41.0},"geometry":{"type":"Polygon","coordinates":[[[-104.933348,43.279651],[-104.933296,43.276009],[-104.93834,43.275934],[-104.938394,43.27958],[-104.933348,43.279651]]]}},{"type":"Feature","properties":{"q":"SWSE","ac":40.9},"geometry":{"type":"Polygon","coordinates":[[[-104.908129,43.279779],[-104.903089,43.279737],[-104.903081,43.276086],[-104.908109,43.276136],[-104.908129,43.279779]]]}},{"type":"Feature","properties":{"q":"NESE","ac":40.2},"geometry":{"type":"Polygon","coordinates":[[[-104.898131,43.250697],[-104.903183,43.25078],[-104.90315,43.254354],[-104.898097,43.254266],[-104.898131,43.250697]]]}},{"type":"Feature","properties":{"q":"NENE","ac":40.6},"geometry":{"type":"Polygon","coordinates":[[[-104.923352,43.25814],[-104.923316,43.261733],[-104.918248,43.261796],[-104.918279,43.258207],[-104.923352,43.25814]]]}},{"type":"Feature","properties":{"q":"SESW","ac":40.0},"geometry":{"type":"Polygon","coordinates":[[[-104.948526,43.265191],[-104.948558,43.261595],[-104.953544,43.261619],[-104.953516,43.265214],[-104.948526,43.265191]]]}},{"type":"Feature","properties":{"q":"SWNE","ac":40.6},"geometry":{"type":"Polygon","coordinates":[[[-104.928318,43.268878],[-104.928285,43.272482],[-104.923235,43.272554],[-104.923262,43.268947],[-104.928318,43.268878]]]}},{"type":"Feature","properties":{"q":"3","ac":40.6},"geometry":{"type":"Polygon","coordinates":[[[-104.953873,43.301328],[-104.953913,43.304961],[-104.94891,43.304992],[-104.948861,43.301346],[-104.953873,43.301328]]]}},{"type":"Feature","properties":{"q":"2","ac":41.0},"geometry":{"type":"Polygon","coordinates":[[[-104.903131,43.301604],[-104.90822,43.301611],[-104.90823,43.305236],[-104.903142,43.305217],[-104.903131,43.301604]]]}},{"type":"Feature","properties":{"q":"NESW","ac":40.0},"geometry":{"type":"Polygon","coordinates":[[[-104.953516,43.265214],[-104.953487,43.26881],[-104.948495,43.268787],[-104.948526,43.265191],[-104.953516,43.265214]]]}},{"type":"Feature","properties":{"q":"SENW","ac":41.3},"geometry":{"type":"Polygon","coordinates":[[[-104.908055,43.225604],[-104.913154,43.225618],[-104.913213,43.229248],[-104.908111,43.229236],[-104.908055,43.225604]]]}},{"type":"Feature","properties":{"q":"SWSE","ac":40.9},"geometry":{"type":"Polygon","coordinates":[[[-104.923397,43.290686],[-104.92845,43.290631],[-104.92849,43.29426],[-104.923425,43.294316],[-104.923397,43.290686]]]}},{"type":"Feature","properties":{"q":"SWSW","ac":41.5},"geometry":{"type":"Polygon","coordinates":[[[-104.938947,43.232611],[-104.93889,43.236238],[-104.933762,43.236311],[-104.933804,43.232681],[-104.938947,43.232611]]]}},{"type":"Feature","properties":{"q":"NENW","ac":40.5},"geometry":{"type":"Polygon","coordinates":[[[-104.949196,43.22921],[-104.954234,43.229278],[-104.954166,43.232886],[-104.949141,43.232825],[-104.949196,43.22921]]]}},{"type":"Feature","properties":{"q":"NWSE","ac":40.3},"geometry":{"type":"Polygon","coordinates":[[[-104.943501,43.265167],[-104.948526,43.265191],[-104.948495,43.268787],[-104.943462,43.268763],[-104.943501,43.265167]]]}},{"type":"Feature","properties":{"q":"SENE","ac":40.4},"geometry":{"type":"Polygon","coordinates":[[[-104.943462,43.268763],[-104.943424,43.272364],[-104.938385,43.272337],[-104.93843,43.268739],[-104.943462,43.268763]]]}},{"type":"Feature","properties":{"q":"SWNE","ac":40.3},"geometry":{"type":"Polygon","coordinates":[[[-104.943642,43.254363],[-104.948664,43.254395],[-104.948611,43.257995],[-104.943591,43.257967],[-104.943642,43.254363]]]}},{"type":"Feature","properties":{"q":"SESE","ac":40.7},"geometry":{"type":"Polygon","coordinates":[[[-104.91834,43.251029],[-104.91837,43.24744],[-104.923458,43.247359],[-104.923423,43.250953],[-104.91834,43.251029]]]}},{"type":"Feature","properties":{"q":"NESE","ac":40.3},"geometry":{"type":"Polygon","coordinates":[[[-104.93843,43.268739],[-104.938475,43.265142],[-104.943501,43.265167],[-104.943462,43.268763],[-104.93843,43.268739]]]}},{"type":"Feature","properties":{"q":"SENE","ac":40.6},"geometry":{"type":"Polygon","coordinates":[[[-104.918206,43.269016],[-104.923262,43.268947],[-104.923235,43.272554],[-104.918185,43.272627],[-104.918206,43.269016]]]}},{"type":"Feature","properties":{"q":"NWSE","ac":40.6},"geometry":{"type":"Polygon","coordinates":[[[-104.943895,43.239927],[-104.94397,43.236322],[-104.949049,43.236406],[-104.948957,43.239988],[-104.943895,43.239927]]]}},{"type":"Feature","properties":{"q":"SWSE","ac":41.0},"geometry":{"type":"Polygon","coordinates":[[[-104.908131,43.265234],[-104.903082,43.265148],[-104.903083,43.261502],[-104.908138,43.2616],[-104.908131,43.265234]]]}},{"type":"Feature","properties":{"q":"SENE","ac":41.7},"geometry":{"type":"Polygon","coordinates":[[[-104.918252,43.225631],[-104.923423,43.225583],[-104.923472,43.229201],[-104.918315,43.22926],[-104.918252,43.225631]]]}},{"type":"Feature","properties":{"q":"SESE","ac":41.6},"geometry":{"type":"Polygon","coordinates":[[[-104.918376,43.236527],[-104.918378,43.232889],[-104.92352,43.23282],[-104.923505,43.236455],[-104.918376,43.236527]]]}},{"type":"Feature","properties":{"q":"SENE","ac":41.1},"geometry":{"type":"Polygon","coordinates":[[[-104.923452,43.297946],[-104.92348,43.301571],[-104.91839,43.301627],[-104.918374,43.298001],[-104.923452,43.297946]]]}},{"type":"Feature","properties":{"q":"NWSW","ac":41.1},"geometry":{"type":"Polygon","coordinates":[[[-104.913279,43.294358],[-104.918359,43.294371],[-104.918374,43.298001],[-104.913292,43.297992],[-104.913279,43.294358]]]}},{"type":"Feature","properties":{"q":"SESE","ac":41.0},"geometry":{"type":"Polygon","coordinates":[[[-104.943636,43.290498],[-104.943698,43.294127],[-104.938632,43.294149],[-104.938557,43.29052],[-104.943636,43.290498]]]}},{"type":"Feature","properties":{"q":"NENW","ac":40.1},"geometry":{"type":"Polygon","coordinates":[[[-104.948463,43.272391],[-104.95346,43.27241],[-104.953432,43.27601],[-104.948431,43.275995],[-104.948463,43.272391]]]}},{"type":"Feature","properties":{"q":"SESW","ac":40.5},"geometry":{"type":"Polygon","coordinates":[[[-104.954372,43.222085],[-104.949304,43.222025],[-104.949358,43.218456],[-104.954442,43.218501],[-104.954372,43.222085]]]}},{"type":"Feature","properties":{"q":"SENE","ac":41.2},"geometry":{"type":"Polygon","coordinates":[[[-104.898045,43.283354],[-104.903097,43.283388],[-104.903105,43.287039],[-104.89804,43.287013],[-104.898045,43.283354]]]}},{"type":"Feature","properties":{"q":"NESW","ac":40.8},"geometry":{"type":"Polygon","coordinates":[[[-104.908131,43.265234],[-104.913179,43.26532],[-104.913165,43.268943],[-104.908123,43.268869],[-104.908131,43.265234]]]}},{"type":"Feature","properties":{"q":"NWNE","ac":41.1},"geometry":{"type":"Polygon","coordinates":[[[-104.944069,43.229118],[-104.949196,43.22921],[-104.949141,43.232825],[-104.944044,43.232718],[-104.944069,43.229118]]]}},{"type":"Feature","properties":{"q":"SWSE","ac":40.3},"geometry":{"type":"Polygon","coordinates":[[[-104.908268,43.247283],[-104.908236,43.250863],[-104.903183,43.25078],[-104.903217,43.247205],[-104.908268,43.247283]]]}},{"type":"Feature","properties":{"q":"SWSE","ac":41.5},"geometry":{"type":"Polygon","coordinates":[[[-104.949304,43.222025],[-104.944118,43.221939],[-104.944143,43.218361],[-104.949358,43.218456],[-104.949304,43.222025]]]}},{"type":"Feature","properties":{"q":"3","ac":41.1},"geometry":{"type":"Polygon","coordinates":[[[-104.90822,43.301611],[-104.913305,43.301619],[-104.913318,43.305255],[-104.90823,43.305236],[-104.90822,43.301611]]]}},{"type":"Feature","properties":{"q":"NWSE","ac":40.6},"geometry":{"type":"Polygon","coordinates":[[[-104.928351,43.265274],[-104.928318,43.268878],[-104.923262,43.268947],[-104.923289,43.26534],[-104.928351,43.265274]]]}},{"type":"Feature","properties":{"q":"SWSE","ac":40.8},"geometry":{"type":"Polygon","coordinates":[[[-104.923423,43.250953],[-104.923458,43.247359],[-104.928546,43.247279],[-104.928505,43.250877],[-104.923423,43.250953]]]}},{"type":"Feature","properties":{"q":"4","ac":38.6},"geometry":{"type":"Polygon","coordinates":[[[-104.953705,43.250832],[-104.953759,43.247239],[-104.958578,43.247269],[-104.958518,43.250862],[-104.953705,43.250832]]]}},{"type":"Feature","properties":{"q":"NESE","ac":41.9},"geometry":{"type":"Polygon","coordinates":[[[-104.923423,43.225583],[-104.918252,43.225631],[-104.918189,43.222002],[-104.923375,43.221965],[-104.923423,43.225583]]]}},{"type":"Feature","properties":{"q":"4","ac":38.1},"geometry":{"type":"Polygon","coordinates":[[[-104.958618,43.304933],[-104.953913,43.304961],[-104.953873,43.301328],[-104.958595,43.301311],[-104.958618,43.304933]]]}},{"type":"Feature","properties":{"q":"NWNE","ac":40.8},"geometry":{"type":"Polygon","coordinates":[[[-104.908116,43.272502],[-104.908109,43.276136],[-104.903081,43.276086],[-104.903082,43.27244],[-104.908116,43.272502]]]}},{"type":"Feature","properties":{"q":"SWNE","ac":41.0},"geometry":{"type":"Polygon","coordinates":[[[-104.948573,43.28323],[-104.948644,43.286853],[-104.943574,43.286863],[-104.943511,43.283228],[-104.948573,43.28323]]]}},{"type":"Feature","properties":{"q":"NWSE","ac":40.8},"geometry":{"type":"Polygon","coordinates":[[[-104.903138,43.240032],[-104.903099,43.236445],[-104.908191,43.236472],[-104.908217,43.240076],[-104.903138,43.240032]]]}},{"type":"Feature","properties":{"q":"SWSE","ac":41.2},"geometry":{"type":"Polygon","coordinates":[[[-104.903112,43.290689],[-104.908189,43.290707],[-104.9082,43.294345],[-104.903116,43.294331],[-104.903112,43.290689]]]}},{"type":"Feature","properties":{"q":"NENE","ac":41.4},"geometry":{"type":"Polygon","coordinates":[[[-104.897906,43.229212],[-104.903008,43.229224],[-104.90306,43.232858],[-104.897954,43.232847],[-104.897906,43.229212]]]}},{"type":"Feature","properties":{"q":"SWSW","ac":40.9},"geometry":{"type":"Polygon","coordinates":[[[-104.933504,43.290575],[-104.938557,43.29052],[-104.938632,43.294149],[-104.933561,43.294205],[-104.933504,43.290575]]]}},{"type":"Feature","properties":{"q":"1","ac":38.3},"geometry":{"type":"Polygon","coordinates":[[[-104.958235,43.272428],[-104.958201,43.276024],[-104.953432,43.27601],[-104.95346,43.27241],[-104.958235,43.272428]]]}},{"type":"Feature","properties":{"q":"NWSE","ac":40.9},"geometry":{"type":"Polygon","coordinates":[[[-104.943511,43.283228],[-104.943448,43.279596],[-104.948502,43.279612],[-104.948573,43.28323],[-104.943511,43.283228]]]}},{"type":"Feature","properties":{"q":"2","ac":39.4},"geometry":{"type":"Polygon","coordinates":[[[-104.954303,43.22567],[-104.959208,43.225744],[-104.959141,43.229344],[-104.954234,43.229278],[-104.954303,43.22567]]]}},{"type":"Feature","properties":{"q":"NENW","ac":41.4},"geometry":{"type":"Polygon","coordinates":[[[-104.933785,43.229084],[-104.933804,43.232681],[-104.928662,43.23275],[-104.928628,43.229143],[-104.933785,43.229084]]]}},{"type":"Feature","properties":{"q":"SENW","ac":41.5},"geometry":{"type":"Polygon","coordinates":[[[-104.933766,43.225487],[-104.933785,43.229084],[-104.928628,43.229143],[-104.928595,43.225535],[-104.933766,43.225487]]]}},{"type":"Feature","properties":{"q":"SWSE","ac":40.3},"geometry":{"type":"Polygon","coordinates":[[[-104.943746,43.247164],[-104.948771,43.247208],[-104.948717,43.250802],[-104.943694,43.250764],[-104.943746,43.247164]]]}},{"type":"Feature","properties":{"q":"SESW","ac":41.3},"geometry":{"type":"Polygon","coordinates":[[[-104.913035,43.218356],[-104.913094,43.221987],[-104.908,43.221972],[-104.907944,43.218339],[-104.913035,43.218356]]]}},{"type":"Feature","properties":{"q":"SESE","ac":41.0},"geometry":{"type":"Polygon","coordinates":[[[-104.903081,43.276086],[-104.903089,43.279737],[-104.898049,43.279695],[-104.898054,43.276036],[-104.903081,43.276086]]]}},{"type":"Feature","properties":{"q":"NWNE","ac":41.3},"geometry":{"type":"Polygon","coordinates":[[[-104.928575,43.243647],[-104.928546,43.247279],[-104.923458,43.247359],[-104.923474,43.243725],[-104.928575,43.243647]]]}},{"type":"Feature","properties":{"q":"SESW","ac":41.1},"geometry":{"type":"Polygon","coordinates":[[[-104.908189,43.290707],[-104.913266,43.290724],[-104.913279,43.294358],[-104.9082,43.294345],[-104.908189,43.290707]]]}},{"type":"Feature","properties":{"q":"NESW","ac":40.8},"geometry":{"type":"Polygon","coordinates":[[[-104.933588,43.250802],[-104.933543,43.254404],[-104.928465,43.254475],[-104.928505,43.250877],[-104.933588,43.250802]]]}},{"type":"Feature","properties":{"q":"SWSE","ac":40.9},"geometry":{"type":"Polygon","coordinates":[[[-104.903099,43.236445],[-104.90306,43.232858],[-104.908166,43.232868],[-104.908191,43.236472],[-104.903099,43.236445]]]}},{"type":"Feature","properties":{"q":"SWSE","ac":40.9},"geometry":{"type":"Polygon","coordinates":[[[-104.923208,43.276161],[-104.928252,43.276085],[-104.928301,43.279722],[-104.923255,43.279792],[-104.923208,43.276161]]]}},{"type":"Feature","properties":{"q":"NESE","ac":41.3},"geometry":{"type":"Polygon","coordinates":[[[-104.897858,43.225577],[-104.89781,43.221941],[-104.902905,43.221957],[-104.902957,43.225591],[-104.897858,43.225577]]]}},{"type":"Feature","properties":{"q":"SESW","ac":41.6},"geometry":{"type":"Polygon","coordinates":[[[-104.933804,43.232681],[-104.933762,43.236311],[-104.928633,43.236383],[-104.928662,43.23275],[-104.933804,43.232681]]]}},{"type":"Feature","properties":{"q":"NWSE","ac":40.7},"geometry":{"type":"Polygon","coordinates":[[[-104.928505,43.250877],[-104.928465,43.254475],[-104.923387,43.254547],[-104.923423,43.250953],[-104.928505,43.250877]]]}},{"type":"Feature","properties":{"q":"SWNE","ac":41.4},"geometry":{"type":"Polygon","coordinates":[[[-104.949251,43.225595],[-104.949196,43.22921],[-104.944069,43.229118],[-104.944094,43.225517],[-104.949251,43.225595]]]}},{"type":"Feature","properties":{"q":"SESW","ac":40.1},"geometry":{"type":"Polygon","coordinates":[[[-104.949141,43.232825],[-104.954166,43.232886],[-104.954064,43.236467],[-104.949049,43.236406],[-104.949141,43.232825]]]}},{"type":"Feature","properties":{"q":"NESE","ac":41.0},"geometry":{"type":"Polygon","coordinates":[[[-104.923452,43.297946],[-104.918374,43.298001],[-104.918359,43.294371],[-104.923425,43.294316],[-104.923452,43.297946]]]}},{"type":"Feature","properties":{"q":"SESE","ac":41.6},"geometry":{"type":"Polygon","coordinates":[[[-104.944118,43.221939],[-104.938933,43.221853],[-104.938928,43.218267],[-104.944143,43.218361],[-104.944118,43.221939]]]}},{"type":"Feature","properties":{"q":"NWSE","ac":41.3},"geometry":{"type":"Polygon","coordinates":[[[-104.908055,43.225604],[-104.902957,43.225591],[-104.902905,43.221957],[-104.908,43.221972],[-104.908055,43.225604]]]}},{"type":"Feature","properties":{"q":"1","ac":41.4},"geometry":{"type":"Polygon","coordinates":[[[-104.938815,43.305096],[-104.93876,43.301402],[-104.94381,43.301374],[-104.943862,43.305044],[-104.938815,43.305096]]]}},{"type":"Feature","properties":{"q":"NENW","ac":41.2},"geometry":{"type":"Polygon","coordinates":[[[-104.928546,43.247279],[-104.928575,43.243647],[-104.933676,43.24357],[-104.933633,43.247199],[-104.928546,43.247279]]]}},{"type":"Feature","properties":{"q":"NWNE","ac":40.5},"geometry":{"type":"Polygon","coordinates":[[[-104.943424,43.272364],[-104.948463,43.272391],[-104.948431,43.275995],[-104.943385,43.275964],[-104.943424,43.272364]]]}},{"type":"Feature","properties":{"q":"NENE","ac":40.9},"geometry":{"type":"Polygon","coordinates":[[[-104.898047,43.272378],[-104.903082,43.27244],[-104.903081,43.276086],[-104.898054,43.276036],[-104.898047,43.272378]]]}},{"type":"Feature","properties":{"q":"SWSW","ac":41.1},"geometry":{"type":"Polygon","coordinates":[[[-104.913266,43.290724],[-104.918344,43.290741],[-104.918359,43.294371],[-104.913279,43.294358],[-104.913266,43.290724]]]}},{"type":"Feature","properties":{"q":"SWSW","ac":40.4},"geometry":{"type":"Polygon","coordinates":[[[-104.913319,43.247362],[-104.91837,43.24744],[-104.91834,43.251029],[-104.913288,43.250946],[-104.913319,43.247362]]]}},{"type":"Feature","properties":{"q":"NENW","ac":40.7},"geometry":{"type":"Polygon","coordinates":[[[-104.908243,43.24368],[-104.913307,43.243741],[-104.913319,43.247362],[-104.908268,43.247283],[-104.908243,43.24368]]]}},{"type":"Feature","properties":{"q":"3","ac":41.8},"geometry":{"type":"Polygon","coordinates":[[[-104.933665,43.301459],[-104.933713,43.305141],[-104.928611,43.305185],[-104.92857,43.301515],[-104.933665,43.301459]]]}},{"type":"Feature","properties":{"q":"NWSW","ac":41.4},"geometry":{"type":"Polygon","coordinates":[[[-104.93889,43.236238],[-104.938834,43.239865],[-104.933719,43.23994],[-104.933762,43.236311],[-104.93889,43.236238]]]}},{"type":"Feature","properties":{"q":"7","ac":38.4},"geometry":{"type":"Polygon","coordinates":[[[-104.953783,43.294084],[-104.953733,43.290457],[-104.958485,43.29044],[-104.958529,43.294064],[-104.953783,43.294084]]]}},{"type":"Feature","properties":{"q":"NWNE","ac":41.5},"geometry":{"type":"Polygon","coordinates":[[[-104.928628,43.229143],[-104.928662,43.23275],[-104.92352,43.23282],[-104.923472,43.229201],[-104.928628,43.229143]]]}},{"type":"Feature","properties":{"q":"SESE","ac":40.7},"geometry":{"type":"Polygon","coordinates":[[[-104.897954,43.232847],[-104.90306,43.232858],[-104.903099,43.236445],[-104.898007,43.236417],[-104.897954,43.232847]]]}},{"type":"Feature","properties":{"q":"SWSE","ac":40.7},"geometry":{"type":"Polygon","coordinates":[[[-104.928384,43.261671],[-104.928351,43.265274],[-104.923289,43.26534],[-104.923316,43.261733],[-104.928384,43.261671]]]}},{"type":"Feature","properties":{"q":"SENE","ac":41.2},"geometry":{"type":"Polygon","coordinates":[[[-104.903119,43.297973],[-104.903131,43.301604],[-104.898041,43.301596],[-104.898029,43.297963],[-104.903119,43.297973]]]}},{"type":"Feature","properties":{"q":"1","ac":39.5},"geometry":{"type":"Polygon","coordinates":[[[-104.954234,43.229278],[-104.959141,43.229344],[-104.959074,43.232945],[-104.954166,43.232886],[-104.954234,43.229278]]]}},{"type":"Feature","properties":{"q":"SENW","ac":40.7},"geometry":{"type":"Polygon","coordinates":[[[-104.933543,43.254404],[-104.933497,43.258006],[-104.928425,43.258073],[-104.928465,43.254475],[-104.933543,43.254404]]]}},{"type":"Feature","properties":{"q":"NWNE","ac":40.3},"geometry":{"type":"Polygon","coordinates":[[[-104.903116,43.257928],[-104.90817,43.258021],[-104.908138,43.2616],[-104.903083,43.261502],[-104.903116,43.257928]]]}},{"type":"Feature","properties":{"q":"SENW","ac":40.0},"geometry":{"type":"Polygon","coordinates":[[[-104.948664,43.254395],[-104.953651,43.254425],[-104.953598,43.258022],[-104.948611,43.257995],[-104.948664,43.254395]]]}},{"type":"Feature","properties":{"q":"NWSE","ac":40.3},"geometry":{"type":"Polygon","coordinates":[[[-104.948664,43.254395],[-104.943642,43.254363],[-104.943694,43.250764],[-104.948717,43.250802],[-104.948664,43.254395]]]}},{"type":"Feature","properties":{"q":"NENW","ac":40.5},"geometry":{"type":"Polygon","coordinates":[[[-104.933335,43.272409],[-104.933296,43.276009],[-104.928252,43.276085],[-104.928285,43.272482],[-104.933335,43.272409]]]}},{"type":"Feature","properties":{"q":"4","ac":41.3},"geometry":{"type":"Polygon","coordinates":[[[-104.913305,43.301619],[-104.91839,43.301627],[-104.918406,43.305274],[-104.913318,43.305255],[-104.913305,43.301619]]]}},{"type":"Feature","properties":{"q":"NWNE","ac":40.6},"geometry":{"type":"Polygon","coordinates":[[[-104.948864,43.243598],[-104.948771,43.247208],[-104.943746,43.247164],[-104.943821,43.243545],[-104.948864,43.243598]]]}},{"type":"Feature","properties":{"q":"SWSW","ac":41.3},"geometry":{"type":"Polygon","coordinates":[[[-104.913272,43.232879],[-104.918378,43.232889],[-104.918376,43.236527],[-104.913284,43.2365],[-104.913272,43.232879]]]}},{"type":"Feature","properties":{"q":"NWNW","ac":41.0},"geometry":{"type":"Polygon","coordinates":[[[-104.933504,43.290575],[-104.933452,43.286934],[-104.938503,43.286873],[-104.938557,43.29052],[-104.933504,43.290575]]]}},{"type":"Feature","properties":{"q":"SESE","ac":40.4},"geometry":{"type":"Polygon","coordinates":[[[-104.943694,43.250764],[-104.938671,43.250725],[-104.938721,43.247119],[-104.943746,43.247164],[-104.943694,43.250764]]]}},{"type":"Feature","properties":{"q":"NENE","ac":40.6},"geometry":{"type":"Polygon","coordinates":[[[-104.923235,43.272554],[-104.923208,43.276161],[-104.918164,43.276237],[-104.918185,43.272627],[-104.923235,43.272554]]]}},{"type":"Feature","properties":{"q":"SENW","ac":40.8},"geometry":{"type":"Polygon","coordinates":[[[-104.913296,43.24012],[-104.913307,43.243741],[-104.908243,43.24368],[-104.908217,43.240076],[-104.913296,43.24012]]]}},{"type":"Feature","properties":{"q":"NESW","ac":40.0},"geometry":{"type":"Polygon","coordinates":[[[-104.953705,43.250832],[-104.953651,43.254425],[-104.948664,43.254395],[-104.948717,43.250802],[-104.953705,43.250832]]]}},{"type":"Feature","properties":{"q":"SESW","ac":40.9},"geometry":{"type":"Polygon","coordinates":[[[-104.933561,43.294205],[-104.92849,43.29426],[-104.92845,43.290631],[-104.933504,43.290575],[-104.933561,43.294205]]]}},{"type":"Feature","properties":{"q":"SWNW","ac":41.1},"geometry":{"type":"Polygon","coordinates":[[[-104.938706,43.297778],[-104.93876,43.301402],[-104.933665,43.301459],[-104.933618,43.297834],[-104.938706,43.297778]]]}},{"type":"Feature","properties":{"q":"SENW","ac":40.1},"geometry":{"type":"Polygon","coordinates":[[[-104.948463,43.272391],[-104.948495,43.268787],[-104.953487,43.26881],[-104.95346,43.27241],[-104.948463,43.272391]]]}},{"type":"Feature","properties":{"q":"NWNW","ac":41.2},"geometry":{"type":"Polygon","coordinates":[[[-104.938777,43.243492],[-104.938721,43.247119],[-104.933633,43.247199],[-104.933676,43.24357],[-104.938777,43.243492]]]}},{"type":"Feature","properties":{"q":"NENE","ac":41.2},"geometry":{"type":"Polygon","coordinates":[[[-104.943574,43.286863],[-104.943636,43.290498],[-104.938557,43.29052],[-104.938503,43.286873],[-104.943574,43.286863]]]}},{"type":"Feature","properties":{"q":"SESE","ac":40.8},"geometry":{"type":"Polygon","coordinates":[[[-104.923208,43.276161],[-104.923255,43.279792],[-104.918209,43.279863],[-104.918164,43.276237],[-104.923208,43.276161]]]}},{"type":"Feature","properties":{"q":"NENW","ac":40.4},"geometry":{"type":"Polygon","coordinates":[[[-104.90817,43.258021],[-104.913225,43.258114],[-104.913193,43.261698],[-104.908138,43.2616],[-104.90817,43.258021]]]}},{"type":"Feature","properties":{"q":"4","ac":38.4},"geometry":{"type":"Polygon","coordinates":[[[-104.953544,43.261619],[-104.958338,43.261641],[-104.958304,43.265237],[-104.953516,43.265214],[-104.953544,43.261619]]]}},{"type":"Feature","properties":{"q":"NENE","ac":40.3},"geometry":{"type":"Polygon","coordinates":[[[-104.93857,43.257938],[-104.943591,43.257967],[-104.943539,43.26157],[-104.93852,43.261545],[-104.93857,43.257938]]]}},{"type":"Feature","properties":{"q":"SWNE","ac":41.1},"geometry":{"type":"Polygon","coordinates":[[[-104.92857,43.301515],[-104.92348,43.301571],[-104.923452,43.297946],[-104.92853,43.29789],[-104.92857,43.301515]]]}},{"type":"Feature","properties":{"q":"NWNE","ac":41.3},"geometry":{"type":"Polygon","coordinates":[[[-104.903008,43.229224],[-104.908111,43.229236],[-104.908166,43.232868],[-104.90306,43.232858],[-104.903008,43.229224]]]}},{"type":"Feature","properties":{"q":"SENE","ac":41.0},"geometry":{"type":"Polygon","coordinates":[[[-104.898041,43.26872],[-104.903082,43.268794],[-104.903082,43.27244],[-104.898047,43.272378],[-104.898041,43.26872]]]}},{"type":"Feature","properties":{"q":"SENW","ac":41.3},"geometry":{"type":"Polygon","coordinates":[[[-104.933719,43.23994],[-104.933676,43.24357],[-104.928575,43.243647],[-104.928604,43.240015],[-104.933719,43.23994]]]}},{"type":"Feature","properties":{"q":"NESW","ac":41.5},"geometry":{"type":"Polygon","coordinates":[[[-104.928604,43.240015],[-104.928633,43.236383],[-104.933762,43.236311],[-104.933719,43.23994],[-104.928604,43.240015]]]}},{"type":"Feature","properties":{"q":"SWNW","ac":41.3},"geometry":{"type":"Polygon","coordinates":[[[-104.938834,43.239865],[-104.938777,43.243492],[-104.933676,43.24357],[-104.933719,43.23994],[-104.938834,43.239865]]]}},{"type":"Feature","properties":{"q":"NENE","ac":40.3},"geometry":{"type":"Polygon","coordinates":[[[-104.898113,43.243557],[-104.903178,43.243619],[-104.903217,43.247205],[-104.898166,43.247127],[-104.898113,43.243557]]]}},{"type":"Feature","properties":{"q":"NENE","ac":41.3},"geometry":{"type":"Polygon","coordinates":[[[-104.923458,43.247359],[-104.91837,43.24744],[-104.918372,43.243802],[-104.923474,43.243725],[-104.923458,43.247359]]]}},{"type":"Feature","properties":{"q":"SWSE","ac":41.0},"geometry":{"type":"Polygon","coordinates":[[[-104.948716,43.290475],[-104.948764,43.294104],[-104.943698,43.294127],[-104.943636,43.290498],[-104.948716,43.290475]]]}},{"type":"Feature","properties":{"q":"SENE","ac":40.8},"geometry":{"type":"Polygon","coordinates":[[[-104.943895,43.239927],[-104.943821,43.243545],[-104.938777,43.243492],[-104.938834,43.239865],[-104.943895,43.239927]]]}},{"type":"Feature","properties":{"q":"NESE","ac":41.1},"geometry":{"type":"Polygon","coordinates":[[[-104.898045,43.283354],[-104.898049,43.279695],[-104.903089,43.279737],[-104.903097,43.283388],[-104.898045,43.283354]]]}},{"type":"Feature","properties":{"q":"SENW","ac":40.4},"geometry":{"type":"Polygon","coordinates":[[[-104.948644,43.286853],[-104.948573,43.28323],[-104.953581,43.283231],[-104.953657,43.286844],[-104.948644,43.286853]]]}},{"type":"Feature","properties":{"q":"4","ac":41.9},"geometry":{"type":"Polygon","coordinates":[[[-104.933665,43.301459],[-104.93876,43.301402],[-104.938815,43.305096],[-104.933713,43.305141],[-104.933665,43.301459]]]}},{"type":"Feature","properties":{"q":"SESE","ac":41.1},"geometry":{"type":"Polygon","coordinates":[[[-104.898028,43.261404],[-104.903083,43.261502],[-104.903082,43.265148],[-104.898034,43.265062],[-104.898028,43.261404]]]}},{"type":"Feature","properties":{"q":"NWSW","ac":41.5},"geometry":{"type":"Polygon","coordinates":[[[-104.938933,43.221853],[-104.938937,43.225439],[-104.933766,43.225487],[-104.933747,43.22189],[-104.938933,43.221853]]]}},{"type":"Feature","properties":{"q":"SESE","ac":40.7},"geometry":{"type":"Polygon","coordinates":[[[-104.923316,43.261733],[-104.923289,43.26534],[-104.918227,43.265406],[-104.918248,43.261796],[-104.923316,43.261733]]]}},{"type":"Feature","properties":{"q":"NESW","ac":40.6},"geometry":{"type":"Polygon","coordinates":[[[-104.953833,43.29771],[-104.948813,43.297733],[-104.948764,43.294104],[-104.953783,43.294084],[-104.953833,43.29771]]]}},{"type":"Feature","properties":{"q":"SESW","ac":40.8},"geometry":{"type":"Polygon","coordinates":[[[-104.913169,43.279821],[-104.908129,43.279779],[-104.908109,43.276136],[-104.913136,43.276186],[-104.913169,43.279821]]]}},{"type":"Feature","properties":{"q":"NESE","ac":40.9},"geometry":{"type":"Polygon","coordinates":[[[-104.943698,43.294127],[-104.943759,43.297755],[-104.938706,43.297778],[-104.938632,43.294149],[-104.943698,43.294127]]]}},{"type":"Feature","properties":{"q":"NESE","ac":41.0},"geometry":{"type":"Polygon","coordinates":[[[-104.943448,43.279596],[-104.943511,43.283228],[-104.938449,43.283227],[-104.938394,43.27958],[-104.943448,43.279596]]]}},{"type":"Feature","properties":{"q":"NENW","ac":40.7},"geometry":{"type":"Polygon","coordinates":[[[-104.913136,43.276186],[-104.908109,43.276136],[-104.908116,43.272502],[-104.91315,43.272565],[-104.913136,43.276186]]]}},{"type":"Feature","properties":{"q":"SWSE","ac":40.3},"geometry":{"type":"Polygon","coordinates":[[[-104.943539,43.26157],[-104.948558,43.261595],[-104.948526,43.265191],[-104.943501,43.265167],[-104.943539,43.26157]]]}},{"type":"Feature","properties":{"q":"2","ac":38.5},"geometry":{"type":"Polygon","coordinates":[[[-104.958398,43.258048],[-104.953598,43.258022],[-104.953651,43.254425],[-104.958458,43.254455],[-104.958398,43.258048]]]}},{"type":"Feature","properties":{"q":"NESE","ac":40.7},"geometry":{"type":"Polygon","coordinates":[[[-104.923423,43.250953],[-104.923387,43.254547],[-104.918309,43.254618],[-104.91834,43.251029],[-104.923423,43.250953]]]}},{"type":"Feature","properties":{"q":"NWSE","ac":41.0},"geometry":{"type":"Polygon","coordinates":[[[-104.92849,43.29426],[-104.92853,43.29789],[-104.923452,43.297946],[-104.923425,43.294316],[-104.92849,43.29426]]]}},{"type":"Feature","properties":{"q":"SWNE","ac":40.7},"geometry":{"type":"Polygon","coordinates":[[[-104.943759,43.297755],[-104.948813,43.297733],[-104.948861,43.301346],[-104.94381,43.301374],[-104.943759,43.297755]]]}},{"type":"Feature","properties":{"q":"SWNW","ac":40.6},"geometry":{"type":"Polygon","coordinates":[[[-104.91315,43.272565],[-104.913165,43.268943],[-104.918206,43.269016],[-104.918185,43.272627],[-104.91315,43.272565]]]}},{"type":"Feature","properties":{"q":"SWSE","ac":41.6},"geometry":{"type":"Polygon","coordinates":[[[-104.92352,43.23282],[-104.928662,43.23275],[-104.928633,43.236383],[-104.923505,43.236455],[-104.92352,43.23282]]]}},{"type":"Feature","properties":{"q":"SWSE","ac":41.3},"geometry":{"type":"Polygon","coordinates":[[[-104.902853,43.218323],[-104.907944,43.218339],[-104.908,43.221972],[-104.902905,43.221957],[-104.902853,43.218323]]]}},{"type":"Feature","properties":{"q":"NESW","ac":40.0},"geometry":{"type":"Polygon","coordinates":[[[-104.953963,43.240048],[-104.948957,43.239988],[-104.949049,43.236406],[-104.954064,43.236467],[-104.953963,43.240048]]]}},{"type":"Feature","properties":{"q":"3","ac":38.5},"geometry":{"type":"Polygon","coordinates":[[[-104.953705,43.250832],[-104.958518,43.250862],[-104.958458,43.254455],[-104.953651,43.254425],[-104.953705,43.250832]]]}},{"type":"Feature","properties":{"q":"NWSW","ac":40.6},"geometry":{"type":"Polygon","coordinates":[[[-104.938475,43.265142],[-104.93843,43.268739],[-104.933374,43.268809],[-104.933413,43.265208],[-104.938475,43.265142]]]}},{"type":"Feature","properties":{"q":"SENW","ac":41.1},"geometry":{"type":"Polygon","coordinates":[[[-104.90821,43.297983],[-104.913292,43.297992],[-104.913305,43.301619],[-104.90822,43.301611],[-104.90821,43.297983]]]}},{"type":"Feature","properties":{"q":"SESE","ac":40.3},"geometry":{"type":"Polygon","coordinates":[[[-104.93852,43.261545],[-104.943539,43.26157],[-104.943501,43.265167],[-104.938475,43.265142],[-104.93852,43.261545]]]}},{"type":"Feature","properties":{"q":"NESW","ac":40.4},"geometry":{"type":"Polygon","coordinates":[[[-104.908236,43.250863],[-104.913288,43.250946],[-104.913256,43.25453],[-104.908203,43.254442],[-104.908236,43.250863]]]}},{"type":"Feature","properties":{"q":"SESE","ac":40.9},"geometry":{"type":"Polygon","coordinates":[[[-104.918359,43.294371],[-104.918344,43.290741],[-104.923397,43.290686],[-104.923425,43.294316],[-104.918359,43.294371]]]}},{"type":"Feature","properties":{"q":"NWSE","ac":40.3},"geometry":{"type":"Polygon","coordinates":[[[-104.90315,43.254354],[-104.903183,43.25078],[-104.908236,43.250863],[-104.908203,43.254442],[-104.90315,43.254354]]]}},{"type":"Feature","properties":{"q":"NWNE","ac":40.9},"geometry":{"type":"Polygon","coordinates":[[[-104.923397,43.290686],[-104.92335,43.287055],[-104.928401,43.286995],[-104.92845,43.290631],[-104.923397,43.290686]]]}},{"type":"Feature","properties":{"q":"SESE","ac":41.0},"geometry":{"type":"Polygon","coordinates":[[[-104.944044,43.232718],[-104.94397,43.236322],[-104.93889,43.236238],[-104.938947,43.232611],[-104.944044,43.232718]]]}},{"type":"Feature","properties":{"q":"NESE","ac":40.6},"geometry":{"type":"Polygon","coordinates":[[[-104.898007,43.236417],[-104.903099,43.236445],[-104.903138,43.240032],[-104.89806,43.239987],[-104.898007,43.236417]]]}},{"type":"Feature","properties":{"q":"SESW","ac":41.7},"geometry":{"type":"Polygon","coordinates":[[[-104.928561,43.221928],[-104.928527,43.21832],[-104.933727,43.218293],[-104.933747,43.22189],[-104.928561,43.221928]]]}},{"type":"Feature","properties":{"q":"SENE","ac":41.2},"geometry":{"type":"Polygon","coordinates":[[[-104.938937,43.225439],[-104.944094,43.225517],[-104.944069,43.229118],[-104.938942,43.229025],[-104.938937,43.225439]]]}},{"type":"Feature","properties":{"q":"SESW","ac":40.6},"geometry":{"type":"Polygon","coordinates":[[[-104.953733,43.290457],[-104.953783,43.294084],[-104.948764,43.294104],[-104.948716,43.290475],[-104.953733,43.290457]]]}},{"type":"Feature","properties":{"q":"5","ac":38.2},"geometry":{"type":"Polygon","coordinates":[[[-104.953833,43.29771],[-104.958573,43.297689],[-104.958595,43.301311],[-104.953873,43.301328],[-104.953833,43.29771]]]}},{"type":"Feature","properties":{"q":"SENW","ac":40.7},"geometry":{"type":"Polygon","coordinates":[[[-104.908123,43.268869],[-104.913165,43.268943],[-104.91315,43.272565],[-104.908116,43.272502],[-104.908123,43.268869]]]}},{"type":"Feature","properties":{"q":"NWNE","ac":40.5},"geometry":{"type":"Polygon","coordinates":[[[-104.923208,43.276161],[-104.923235,43.272554],[-104.928285,43.272482],[-104.928252,43.276085],[-104.923208,43.276161]]]}},{"type":"Feature","properties":{"q":"1","ac":38.2},"geometry":{"type":"Polygon","coordinates":[[[-104.953657,43.286844],[-104.958414,43.286836],[-104.958485,43.29044],[-104.953733,43.290457],[-104.953657,43.286844]]]}},{"type":"Feature","properties":{"q":"NWNE","ac":40.7},"geometry":{"type":"Polygon","coordinates":[[[-104.88292,43.28672],[-104.88796,43.286818],[-104.887945,43.29045],[-104.8829,43.290339],[-104.88292,43.28672]]]}},{"type":"Feature","properties":{"q":"NWNE","ac":40.3},"geometry":{"type":"Polygon","coordinates":[[[-104.882959,43.257775],[-104.887993,43.257795],[-104.887987,43.261383],[-104.882967,43.261372],[-104.882959,43.257775]]]}},{"type":"Feature","properties":{"q":"NESW","ac":40.3},"geometry":{"type":"Polygon","coordinates":[[[-104.852294,43.235834],[-104.852373,43.239428],[-104.847334,43.239499],[-104.847227,43.235937],[-104.852294,43.235834]]]}},{"type":"Feature","properties":{"q":"SWNE","ac":39.7},"geometry":{"type":"Polygon","coordinates":[[[-104.847334,43.239499],[-104.847442,43.24306],[-104.842433,43.243098],[-104.842296,43.239569],[-104.847334,43.239499]]]}},{"type":"Feature","properties":{"q":"NWSW","ac":40.2},"geometry":{"type":"Polygon","coordinates":[[[-104.851997,43.221718],[-104.857127,43.221543],[-104.857189,43.225063],[-104.85207,43.225225],[-104.851997,43.221718]]]}},{"type":"Feature","properties":{"q":"NWSW","ac":40.4},"geometry":{"type":"Polygon","coordinates":[[[-104.892939,43.236341],[-104.898007,43.236417],[-104.89806,43.239987],[-104.892989,43.23992],[-104.892939,43.236341]]]}},{"type":"Feature","properties":{"q":"SESE","ac":40.1},"geometry":{"type":"Polygon","coordinates":[[[-104.862224,43.221581],[-104.857127,43.221543],[-104.857066,43.218022],[-104.862163,43.218041],[-104.862224,43.221581]]]}},{"type":"Feature","properties":{"q":"SWSW","ac":41.0},"geometry":{"type":"Polygon","coordinates":[[[-104.8726,43.232404],[-104.877696,43.232504],[-104.877737,43.236111],[-104.872643,43.236016],[-104.8726,43.232404]]]}},{"type":"Feature","properties":{"q":"SWSE","ac":40.9},"geometry":{"type":"Polygon","coordinates":[[[-104.882532,43.218147],[-104.887609,43.2182],[-104.887663,43.221819],[-104.882589,43.221758],[-104.882532,43.218147]]]}},{"type":"Feature","properties":{"q":"NESW","ac":40.4},"geometry":{"type":"Polygon","coordinates":[[[-104.867923,43.264881],[-104.872936,43.264927],[-104.872935,43.268543],[-104.867921,43.268504],[-104.867923,43.264881]]]}},{"type":"Feature","properties":{"q":"NWSE","ac":40.2},"geometry":{"type":"Polygon","coordinates":[[[-104.842645,43.250236],[-104.847633,43.25024],[-104.847717,43.253858],[-104.842722,43.253845],[-104.842645,43.250236]]]}},{"type":"Feature","properties":{"q":"SENE","ac":40.8},"geometry":{"type":"Polygon","coordinates":[[[-104.877576,43.225299],[-104.882646,43.225369],[-104.882703,43.22898],[-104.877636,43.228902],[-104.877576,43.225299]]]}},{"type":"Feature","properties":{"q":"NWSE","ac":40.6},"geometry":{"type":"Polygon","coordinates":[[[-104.88297,43.264995],[-104.887991,43.265017],[-104.887995,43.268652],[-104.882973,43.268617],[-104.88297,43.264995]]]}},{"type":"Feature","properties":{"q":"NWNW","ac":40.4},"geometry":{"type":"Polygon","coordinates":[[[-104.893039,43.2435],[-104.898113,43.243557],[-104.898166,43.247127],[-104.893089,43.247078],[-104.893039,43.2435]]]}},{"type":"Feature","properties":{"q":"NWSE","ac":40.9},"geometry":{"type":"Polygon","coordinates":[[[-104.847777,43.279352],[-104.847753,43.282997],[-104.842731,43.283019],[-104.842748,43.279367],[-104.847777,43.279352]]]}},{"type":"Feature","properties":{"q":"NESW","ac":40.8},"geometry":{"type":"Polygon","coordinates":[[[-104.887989,43.279552],[-104.893019,43.279624],[-104.893009,43.28327],[-104.887974,43.283185],[-104.887989,43.279552]]]}},{"type":"Feature","properties":{"q":"SWNE","ac":40.4},"geometry":{"type":"Polygon","coordinates":[[[-104.882959,43.257775],[-104.882951,43.254177],[-104.888,43.254207],[-104.887993,43.257795],[-104.882959,43.257775]]]}},{"type":"Feature","properties":{"q":"SWNW","ac":40.5},"geometry":{"type":"Polygon","coordinates":[[[-104.857807,43.25752],[-104.852804,43.257498],[-104.852713,43.253871],[-104.857708,43.253884],[-104.857807,43.25752]]]}},{"type":"Feature","properties":{"q":"SWSW","ac":40.4},"geometry":{"type":"Polygon","coordinates":[[[-104.877946,43.261362],[-104.877948,43.264972],[-104.872936,43.264927],[-104.872936,43.26131],[-104.877946,43.261362]]]}},{"type":"Feature","properties":{"q":"NWSE","ac":39.9},"geometry":{"type":"Polygon","coordinates":[[[-104.846867,43.221892],[-104.846952,43.225387],[-104.841833,43.225549],[-104.841737,43.222067],[-104.846867,43.221892]]]}},{"type":"Feature","properties":{"q":"SENE","ac":41.1},"geometry":{"type":"Polygon","coordinates":[[[-104.857411,43.239357],[-104.862503,43.239448],[-104.86255,43.243069],[-104.85746,43.242984],[-104.857411,43.239357]]]}},{"type":"Feature","properties":{"q":"NENW","ac":40.9},"geometry":{"type":"Polygon","coordinates":[[[-104.852853,43.272057],[-104.852839,43.2757],[-104.847802,43.275708],[-104.847823,43.272054],[-104.852853,43.272057]]]}},{"type":"Feature","properties":{"q":"NESE","ac":41.0},"geometry":{"type":"Polygon","coordinates":[[[-104.83783,43.264705],[-104.842847,43.264727],[-104.84282,43.26839],[-104.837796,43.268378],[-104.83783,43.264705]]]}},{"type":"Feature","properties":{"q":"NWSE","ac":40.0},"geometry":{"type":"Polygon","coordinates":[[[-104.847227,43.235937],[-104.847334,43.239499],[-104.842296,43.239569],[-104.84216,43.236041],[-104.847227,43.235937]]]}},{"type":"Feature","properties":{"q":"NWSE","ac":40.7},"geometry":{"type":"Polygon","coordinates":[[[-104.882959,43.279481],[-104.887989,43.279552],[-104.887974,43.283185],[-104.882939,43.283101],[-104.882959,43.279481]]]}},{"type":"Feature","properties":{"q":"SWSW","ac":40.8},"geometry":{"type":"Polygon","coordinates":[[[-104.852839,43.2757],[-104.857876,43.275692],[-104.857836,43.279322],[-104.852807,43.279337],[-104.852839,43.2757]]]}},{"type":"Feature","properties":{"q":"SWNW","ac":41.0},"geometry":{"type":"Polygon","coordinates":[[[-104.892788,43.225508],[-104.897858,43.225577],[-104.897906,43.229212],[-104.892839,43.229135],[-104.892788,43.225508]]]}},{"type":"Feature","properties":{"q":"NENW","ac":41.0},"geometry":{"type":"Polygon","coordinates":[[[-104.867684,43.246771],[-104.867639,43.243155],[-104.872729,43.24324],[-104.872772,43.246852],[-104.867684,43.246771]]]}},{"type":"Feature","properties":{"q":"NWSW","ac":41.0},"geometry":{"type":"Polygon","coordinates":[[[-104.877737,43.236111],[-104.877778,43.239718],[-104.872686,43.239628],[-104.872643,43.236016],[-104.877737,43.236111]]]}},{"type":"Feature","properties":{"q":"NWSW","ac":40.8},"geometry":{"type":"Polygon","coordinates":[[[-104.872418,43.221659],[-104.877516,43.221697],[-104.877576,43.225299],[-104.872479,43.225241],[-104.872418,43.221659]]]}},{"type":"Feature","properties":{"q":"NENE","ac":40.6},"geometry":{"type":"Polygon","coordinates":[[[-104.862837,43.257579],[-104.862916,43.261208],[-104.857906,43.261156],[-104.857807,43.25752],[-104.862837,43.257579]]]}},{"type":"Feature","properties":{"q":"NESW","ac":40.4},"geometry":{"type":"Polygon","coordinates":[[[-104.893069,43.250657],[-104.893048,43.254236],[-104.888,43.254207],[-104.888006,43.250618],[-104.893069,43.250657]]]}},{"type":"Feature","properties":{"q":"SWNE","ac":40.3},"geometry":{"type":"Polygon","coordinates":[[[-104.842722,43.253845],[-104.847717,43.253858],[-104.847801,43.257476],[-104.842798,43.257454],[-104.842722,43.253845]]]}},{"type":"Feature","properties":{"q":"SWSW","ac":40.4},"geometry":{"type":"Polygon","coordinates":[[[-104.892939,43.236341],[-104.89289,43.232762],[-104.897954,43.232847],[-104.898007,43.236417],[-104.892939,43.236341]]]}},{"type":"Feature","properties":{"q":"SESW","ac":40.8},"geometry":{"type":"Polygon","coordinates":[[[-104.852839,43.2757],[-104.852807,43.279337],[-104.847777,43.279352],[-104.847802,43.275708],[-104.852839,43.2757]]]}},{"type":"Feature","properties":{"q":"NENE","ac":40.5},"geometry":{"type":"Polygon","coordinates":[[[-104.882979,43.275861],[-104.877954,43.275803],[-104.877952,43.272193],[-104.882976,43.272239],[-104.882979,43.275861]]]}},{"type":"Feature","properties":{"q":"NWNE","ac":40.7},"geometry":{"type":"Polygon","coordinates":[[[-104.888013,43.24703],[-104.882936,43.246981],[-104.882892,43.243383],[-104.887966,43.243441],[-104.888013,43.24703]]]}},{"type":"Feature","properties":{"q":"SWNE","ac":41.1},"geometry":{"type":"Polygon","coordinates":[[[-104.867639,43.243155],[-104.86255,43.243069],[-104.862503,43.239448],[-104.867594,43.239538],[-104.867639,43.243155]]]}},{"type":"Feature","properties":{"q":"NESE","ac":40.7},"geometry":{"type":"Polygon","coordinates":[[[-104.882804,43.236188],[-104.882848,43.239786],[-104.877778,43.239718],[-104.877737,43.236111],[-104.882804,43.236188]]]}},{"type":"Feature","properties":{"q":"NESW","ac":40.5},"geometry":{"type":"Polygon","coordinates":[[[-104.867883,43.279366],[-104.872906,43.279388],[-104.872877,43.283],[-104.86785,43.282984],[-104.867883,43.279366]]]}},{"type":"Feature","properties":{"q":"SESE","ac":41.0},"geometry":{"type":"Polygon","coordinates":[[[-104.837728,43.275723],[-104.842765,43.275715],[-104.842748,43.279367],[-104.837718,43.279382],[-104.837728,43.275723]]]}},{"type":"Feature","properties":{"q":"NESE","ac":40.8},"geometry":{"type":"Polygon","coordinates":[[[-104.877516,43.221697],[-104.882589,43.221758],[-104.882646,43.225369],[-104.877576,43.225299],[-104.877516,43.221697]]]}},{"type":"Feature","properties":{"q":"NESW","ac":40.0},"geometry":{"type":"Polygon","coordinates":[[[-104.85207,43.225225],[-104.846952,43.225387],[-104.846867,43.221892],[-104.851997,43.221718],[-104.85207,43.225225]]]}},{"type":"Feature","properties":{"q":"SENW","ac":40.8},"geometry":{"type":"Polygon","coordinates":[[[-104.887995,43.268652],[-104.893018,43.268686],[-104.893024,43.272332],[-104.888,43.272286],[-104.887995,43.268652]]]}},{"type":"Feature","properties":{"q":"NENW","ac":40.5},"geometry":{"type":"Polygon","coordinates":[[[-104.872935,43.272159],[-104.872934,43.275776],[-104.867915,43.275748],[-104.867918,43.272126],[-104.872935,43.272159]]]}},{"type":"Feature","properties":{"q":"NENE","ac":40.8},"geometry":{"type":"Polygon","coordinates":[[[-104.877818,43.243325],[-104.882892,43.243383],[-104.882936,43.246981],[-104.877859,43.246932],[-104.877818,43.243325]]]}},{"type":"Feature","properties":{"q":"SWNW","ac":41.0},"geometry":{"type":"Polygon","coordinates":[[[-104.877818,43.243325],[-104.872729,43.24324],[-104.872686,43.239628],[-104.877778,43.239718],[-104.877818,43.243325]]]}},{"type":"Feature","properties":{"q":"NENE","ac":40.1},"geometry":{"type":"Polygon","coordinates":[[[-104.85725,43.228583],[-104.862347,43.228663],[-104.862408,43.232203],[-104.857312,43.232103],[-104.85725,43.228583]]]}},{"type":"Feature","properties":{"q":"NWNE","ac":40.5},"geometry":{"type":"Polygon","coordinates":[[[-104.862896,43.27572],[-104.862901,43.272092],[-104.867918,43.272126],[-104.867915,43.275748],[-104.862896,43.27572]]]}},{"type":"Feature","properties":{"q":"NENW","ac":40.8},"geometry":{"type":"Polygon","coordinates":[[[-104.888,43.272286],[-104.893024,43.272332],[-104.893029,43.275978],[-104.888004,43.27592],[-104.888,43.272286]]]}},{"type":"Feature","properties":{"q":"NWSW","ac":40.4},"geometry":{"type":"Polygon","coordinates":[[[-104.857708,43.253884],[-104.852713,43.253871],[-104.852621,43.250244],[-104.857609,43.250247],[-104.857708,43.253884]]]}},{"type":"Feature","properties":{"q":"NWNW","ac":40.4},"geometry":{"type":"Polygon","coordinates":[[[-104.872935,43.272159],[-104.877952,43.272193],[-104.877954,43.275803],[-104.872934,43.275776],[-104.872935,43.272159]]]}},{"type":"Feature","properties":{"q":"NWSW","ac":40.4},"geometry":{"type":"Polygon","coordinates":[[[-104.872936,43.264927],[-104.877948,43.264972],[-104.87795,43.268582],[-104.872935,43.268543],[-104.872936,43.264927]]]}},{"type":"Feature","properties":{"q":"SWSE","ac":40.0},"geometry":{"type":"Polygon","coordinates":[[[-104.841642,43.218585],[-104.846783,43.218398],[-104.846867,43.221892],[-104.841737,43.222067],[-104.841642,43.218585]]]}},{"type":"Feature","properties":{"q":"NENE","ac":40.6},"geometry":{"type":"Polygon","coordinates":[[[-104.862896,43.27572],[-104.857876,43.275692],[-104.857884,43.272058],[-104.862901,43.272092],[-104.862896,43.27572]]]}},{"type":"Feature","properties":{"q":"NENW","ac":40.5},"geometry":{"type":"Polygon","coordinates":[[[-104.867818,43.286602],[-104.872849,43.286612],[-104.87282,43.290224],[-104.867786,43.290219],[-104.867818,43.286602]]]}},{"type":"Feature","properties":{"q":"NWNE","ac":40.6},"geometry":{"type":"Polygon","coordinates":[[[-104.862837,43.257579],[-104.867866,43.257637],[-104.867926,43.261259],[-104.862916,43.261208],[-104.862837,43.257579]]]}},{"type":"Feature","properties":{"q":"SESE","ac":39.9},"geometry":{"type":"Polygon","coordinates":[[[-104.841737,43.222067],[-104.836608,43.222242],[-104.836501,43.218773],[-104.841642,43.218585],[-104.841737,43.222067]]]}},{"type":"Feature","properties":{"q":"SENE","ac":40.6},"geometry":{"type":"Polygon","coordinates":[[[-104.857891,43.268424],[-104.862906,43.268464],[-104.862901,43.272092],[-104.857884,43.272058],[-104.857891,43.268424]]]}},{"type":"Feature","properties":{"q":"SENE","ac":39.7},"geometry":{"type":"Polygon","coordinates":[[[-104.836821,43.229179],[-104.836714,43.225711],[-104.841833,43.225549],[-104.841928,43.22903],[-104.836821,43.229179]]]}},{"type":"Feature","properties":{"q":"NENW","ac":40.9},"geometry":{"type":"Polygon","coordinates":[[[-104.88796,43.286818],[-104.893,43.286916],[-104.89299,43.290561],[-104.887945,43.29045],[-104.88796,43.286818]]]}},{"type":"Feature","properties":{"q":"SENW","ac":40.3},"geometry":{"type":"Polygon","coordinates":[[[-104.888,43.254207],[-104.893048,43.254236],[-104.893028,43.257815],[-104.887993,43.257795],[-104.888,43.254207]]]}},{"type":"Feature","properties":{"q":"NWSE","ac":40.5},"geometry":{"type":"Polygon","coordinates":[[[-104.882944,43.250579],[-104.888006,43.250618],[-104.888,43.254207],[-104.882951,43.254177],[-104.882944,43.250579]]]}},{"type":"Feature","properties":{"q":"SESE","ac":40.1},"geometry":{"type":"Polygon","coordinates":[[[-104.837589,43.246632],[-104.842569,43.246626],[-104.842645,43.250236],[-104.837657,43.250232],[-104.837589,43.246632]]]}},{"type":"Feature","properties":{"q":"NESE","ac":40.1},"geometry":{"type":"Polygon","coordinates":[[[-104.857127,43.221543],[-104.862224,43.221581],[-104.862286,43.225122],[-104.857189,43.225063],[-104.857127,43.221543]]]}},{"type":"Feature","properties":{"q":"SWSE","ac":40.5},"geometry":{"type":"Polygon","coordinates":[[[-104.862896,43.27572],[-104.867915,43.275748],[-104.867883,43.279366],[-104.86286,43.279344],[-104.862896,43.27572]]]}},{"type":"Feature","properties":{"q":"NWNE","ac":40.8},"geometry":{"type":"Polygon","coordinates":[[[-104.887771,43.229057],[-104.887825,43.232676],[-104.882761,43.23259],[-104.882703,43.22898],[-104.887771,43.229057]]]}},{"type":"Feature","properties":{"q":"NESW","ac":40.7},"geometry":{"type":"Polygon","coordinates":[[[-104.887995,43.268652],[-104.887991,43.265017],[-104.893013,43.26504],[-104.893018,43.268686],[-104.887995,43.268652]]]}},{"type":"Feature","properties":{"q":"NWNE","ac":40.6},"geometry":{"type":"Polygon","coordinates":[[[-104.867818,43.286602],[-104.867786,43.290219],[-104.862751,43.290215],[-104.862787,43.286591],[-104.867818,43.286602]]]}},{"type":"Feature","properties":{"q":"SWSE","ac":40.6},"geometry":{"type":"Polygon","coordinates":[[[-104.882804,43.236188],[-104.882761,43.23259],[-104.887825,43.232676],[-104.887872,43.236264],[-104.882804,43.236188]]]}},{"type":"Feature","properties":{"q":"SWSW","ac":40.9},"geometry":{"type":"Polygon","coordinates":[[[-104.852294,43.235834],[-104.852216,43.232239],[-104.857312,43.232103],[-104.857361,43.23573],[-104.852294,43.235834]]]}},{"type":"Feature","properties":{"q":"SWNW","ac":40.5},"geometry":{"type":"Polygon","coordinates":[[[-104.857411,43.239357],[-104.85746,43.242984],[-104.852451,43.243022],[-104.852373,43.239428],[-104.857411,43.239357]]]}},{"type":"Feature","properties":{"q":"SWSW","ac":41.1},"geometry":{"type":"Polygon","coordinates":[[[-104.892686,43.218253],[-104.897763,43.218306],[-104.89781,43.221941],[-104.892737,43.22188],[-104.892686,43.218253]]]}},{"type":"Feature","properties":{"q":"SWSE","ac":40.2},"geometry":{"type":"Polygon","coordinates":[[[-104.847549,43.246621],[-104.847633,43.25024],[-104.842645,43.250236],[-104.842569,43.246626],[-104.847549,43.246621]]]}},{"type":"Feature","properties":{"q":"NENW","ac":39.9},"geometry":{"type":"Polygon","coordinates":[[[-104.852143,43.228732],[-104.852216,43.232239],[-104.84712,43.232375],[-104.847036,43.228881],[-104.852143,43.228732]]]}},{"type":"Feature","properties":{"q":"SWNW","ac":40.2},"geometry":{"type":"Polygon","coordinates":[[[-104.893048,43.254236],[-104.898097,43.254266],[-104.898062,43.257835],[-104.893028,43.257815],[-104.893048,43.254236]]]}},{"type":"Feature","properties":{"q":"SWSE","ac":40.2},"geometry":{"type":"Polygon","coordinates":[[[-104.84712,43.232375],[-104.847227,43.235937],[-104.84216,43.236041],[-104.842024,43.232512],[-104.84712,43.232375]]]}},{"type":"Feature","properties":{"q":"SWNW","ac":40.6},"geometry":{"type":"Polygon","coordinates":[[[-104.872895,43.257696],[-104.872854,43.254081],[-104.877903,43.254147],[-104.877924,43.257754],[-104.872895,43.257696]]]}},{"type":"Feature","properties":{"q":"NESE","ac":40.6},"geometry":{"type":"Polygon","coordinates":[[[-104.877881,43.250539],[-104.882944,43.250579],[-104.882951,43.254177],[-104.877903,43.254147],[-104.877881,43.250539]]]}},{"type":"Feature","properties":{"q":"SWSE","ac":40.9},"geometry":{"type":"Polygon","coordinates":[[[-104.842847,43.264727],[-104.842874,43.261063],[-104.847885,43.261094],[-104.847864,43.264748],[-104.842847,43.264727]]]}},{"type":"Feature","properties":{"q":"SWSW","ac":40.7},"geometry":{"type":"Polygon","coordinates":[[[-104.852882,43.264769],[-104.852896,43.261125],[-104.857906,43.261156],[-104.857899,43.26479],[-104.852882,43.264769]]]}},{"type":"Feature","properties":{"q":"NWNW","ac":40.1},"geometry":{"type":"Polygon","coordinates":[[[-104.893007,43.261394],[-104.893028,43.257815],[-104.898062,43.257835],[-104.898028,43.261404],[-104.893007,43.261394]]]}},{"type":"Feature","properties":{"q":"NENE","ac":39.6},"geometry":{"type":"Polygon","coordinates":[[[-104.841928,43.22903],[-104.842024,43.232512],[-104.836928,43.232648],[-104.836821,43.229179],[-104.841928,43.22903]]]}},{"type":"Feature","properties":{"q":"SESE","ac":40.6},"geometry":{"type":"Polygon","coordinates":[[[-104.857906,43.261156],[-104.862916,43.261208],[-104.862911,43.264836],[-104.857899,43.26479],[-104.857906,43.261156]]]}},{"type":"Feature","properties":{"q":"SENE","ac":40.9},"geometry":{"type":"Polygon","coordinates":[[[-104.837709,43.283042],[-104.842731,43.283019],[-104.842714,43.286671],[-104.8377,43.286701],[-104.837709,43.283042]]]}},{"type":"Feature","properties":{"q":"NWNW","ac":40.5},"geometry":{"type":"Polygon","coordinates":[[[-104.852804,43.257498],[-104.857807,43.25752],[-104.857906,43.261156],[-104.852896,43.261125],[-104.852804,43.257498]]]}},{"type":"Feature","properties":{"q":"NWSW","ac":41.0},"geometry":{"type":"Polygon","coordinates":[[[-104.893019,43.279624],[-104.898049,43.279695],[-104.898045,43.283354],[-104.893009,43.28327],[-104.893019,43.279624]]]}},{"type":"Feature","properties":{"q":"NWNW","ac":41.0},"geometry":{"type":"Polygon","coordinates":[[[-104.892839,43.229135],[-104.897906,43.229212],[-104.897954,43.232847],[-104.89289,43.232762],[-104.892839,43.229135]]]}},{"type":"Feature","properties":{"q":"SENW","ac":40.6},"geometry":{"type":"Polygon","coordinates":[[[-104.867382,43.225181],[-104.872479,43.225241],[-104.87254,43.228822],[-104.867443,43.228742],[-104.867382,43.225181]]]}},{"type":"Feature","properties":{"q":"NWNW","ac":40.9},"geometry":{"type":"Polygon","coordinates":[[[-104.872729,43.24324],[-104.877818,43.243325],[-104.877859,43.246932],[-104.872772,43.246852],[-104.872729,43.24324]]]}},{"type":"Feature","properties":{"q":"SENW","ac":40.5},"geometry":{"type":"Polygon","coordinates":[[[-104.887919,43.239853],[-104.892989,43.23992],[-104.893039,43.2435],[-104.887966,43.243441],[-104.887919,43.239853]]]}},{"type":"Feature","properties":{"q":"SENE","ac":40.1},"geometry":{"type":"Polygon","coordinates":[[[-104.857189,43.225063],[-104.862286,43.225122],[-104.862347,43.228663],[-104.85725,43.228583],[-104.857189,43.225063]]]}},{"type":"Feature","properties":{"q":"SWSW","ac":40.3},"geometry":{"type":"Polygon","coordinates":[[[-104.857066,43.218022],[-104.857127,43.221543],[-104.851997,43.221718],[-104.851924,43.21821],[-104.857066,43.218022]]]}},{"type":"Feature","properties":{"q":"NENW","ac":40.2},"geometry":{"type":"Polygon","coordinates":[[[-104.887993,43.257795],[-104.893028,43.257815],[-104.893007,43.261394],[-104.887987,43.261383],[-104.887993,43.257795]]]}},{"type":"Feature","properties":{"q":"SENW","ac":40.4},"geometry":{"type":"Polygon","coordinates":[[[-104.847801,43.257476],[-104.847717,43.253858],[-104.852713,43.253871],[-104.852804,43.257498],[-104.847801,43.257476]]]}},{"type":"Feature","properties":{"q":"SWSW","ac":40.9},"geometry":{"type":"Polygon","coordinates":[[[-104.893029,43.275978],[-104.898054,43.276036],[-104.898049,43.279695],[-104.893019,43.279624],[-104.893029,43.275978]]]}},{"type":"Feature","properties":{"q":"SWSE","ac":40.4},"geometry":{"type":"Polygon","coordinates":[[[-104.862163,43.218041],[-104.86726,43.218059],[-104.867321,43.22162],[-104.862224,43.221581],[-104.862163,43.218041]]]}},{"type":"Feature","properties":{"q":"NENE","ac":40.7},"geometry":{"type":"Polygon","coordinates":[[[-104.877696,43.232504],[-104.877636,43.228902],[-104.882703,43.22898],[-104.882761,43.23259],[-104.877696,43.232504]]]}},{"type":"Feature","properties":{"q":"NESE","ac":39.8},"geometry":{"type":"Polygon","coordinates":[[[-104.841737,43.222067],[-104.841833,43.225549],[-104.836714,43.225711],[-104.836608,43.222242],[-104.841737,43.222067]]]}},{"type":"Feature","properties":{"q":"SWSW","ac":40.4},"geometry":{"type":"Polygon","coordinates":[[[-104.898166,43.247127],[-104.898131,43.250697],[-104.893069,43.250657],[-104.893089,43.247078],[-104.898166,43.247127]]]}},{"type":"Feature","properties":{"q":"NWSE","ac":40.4},"geometry":{"type":"Polygon","coordinates":[[[-104.862224,43.221581],[-104.867321,43.22162],[-104.867382,43.225181],[-104.862286,43.225122],[-104.862224,43.221581]]]}},{"type":"Feature","properties":{"q":"NESW","ac":40.3},"geometry":{"type":"Polygon","coordinates":[[[-104.847633,43.25024],[-104.852621,43.250244],[-104.852713,43.253871],[-104.847717,43.253858],[-104.847633,43.25024]]]}},{"type":"Feature","properties":{"q":"NWNW","ac":40.6},"geometry":{"type":"Polygon","coordinates":[[[-104.85271,43.290248],[-104.852742,43.286611],[-104.857756,43.286581],[-104.857716,43.29021],[-104.85271,43.290248]]]}},{"type":"Feature","properties":{"q":"SENE","ac":40.2},"geometry":{"type":"Polygon","coordinates":[[[-104.842722,43.253845],[-104.842798,43.257454],[-104.837795,43.257432],[-104.837726,43.253832],[-104.842722,43.253845]]]}},{"type":"Feature","properties":{"q":"SENW","ac":40.5},"geometry":{"type":"Polygon","coordinates":[[[-104.867921,43.268504],[-104.872935,43.268543],[-104.872935,43.272159],[-104.867918,43.272126],[-104.867921,43.268504]]]}},{"type":"Feature","properties":{"q":"SESW","ac":40.7},"geometry":{"type":"Polygon","coordinates":[[[-104.887987,43.261383],[-104.893007,43.261394],[-104.893013,43.26504],[-104.887991,43.265017],[-104.887987,43.261383]]]}},{"type":"Feature","properties":{"q":"SWSW","ac":40.4},"geometry":{"type":"Polygon","coordinates":[[[-104.877954,43.275803],[-104.877929,43.27941],[-104.872906,43.279388],[-104.872934,43.275776],[-104.877954,43.275803]]]}},{"type":"Feature","properties":{"q":"NESW","ac":41.0},"geometry":{"type":"Polygon","coordinates":[[[-104.887663,43.221819],[-104.892737,43.22188],[-104.892788,43.225508],[-104.887717,43.225438],[-104.887663,43.221819]]]}},{"type":"Feature","properties":{"q":"NESE","ac":39.6},"geometry":{"type":"Polygon","coordinates":[[[-104.842296,43.239569],[-104.837258,43.23964],[-104.837093,43.236144],[-104.84216,43.236041],[-104.842296,43.239569]]]}},{"type":"Feature","properties":{"q":"SWNW","ac":40.4},"geometry":{"type":"Polygon","coordinates":[[[-104.877904,43.283016],[-104.877879,43.286622],[-104.872849,43.286612],[-104.872877,43.283],[-104.877904,43.283016]]]}},{"type":"Feature","properties":{"q":"NENE","ac":40.8},"geometry":{"type":"Polygon","coordinates":[[[-104.842714,43.286671],[-104.842697,43.290323],[-104.83769,43.290361],[-104.8377,43.286701],[-104.842714,43.286671]]]}},{"type":"Feature","properties":{"q":"SWNW","ac":40.4},"geometry":{"type":"Polygon","coordinates":[[[-104.893039,43.2435],[-104.892989,43.23992],[-104.89806,43.239987],[-104.898113,43.243557],[-104.893039,43.2435]]]}},{"type":"Feature","properties":{"q":"SWSW","ac":40.9},"geometry":{"type":"Polygon","coordinates":[[[-104.877859,43.246932],[-104.877881,43.250539],[-104.872813,43.250467],[-104.872772,43.246852],[-104.877859,43.246932]]]}},{"type":"Feature","properties":{"q":"SENW","ac":40.5},"geometry":{"type":"Polygon","coordinates":[[[-104.86785,43.282984],[-104.872877,43.283],[-104.872849,43.286612],[-104.867818,43.286602],[-104.86785,43.282984]]]}},{"type":"Feature","properties":{"q":"SWNE","ac":40.8},"geometry":{"type":"Polygon","coordinates":[[[-104.847753,43.282997],[-104.847728,43.286641],[-104.842714,43.286671],[-104.842731,43.283019],[-104.847753,43.282997]]]}},{"type":"Feature","properties":{"q":"NWSE","ac":40.6},"geometry":{"type":"Polygon","coordinates":[[[-104.882848,43.239786],[-104.882804,43.236188],[-104.887872,43.236264],[-104.887919,43.239853],[-104.882848,43.239786]]]}},{"type":"Feature","properties":{"q":"NWSW","ac":40.7},"geometry":{"type":"Polygon","coordinates":[[[-104.852882,43.264769],[-104.857899,43.26479],[-104.857891,43.268424],[-104.852867,43.268413],[-104.852882,43.264769]]]}},{"type":"Feature","properties":{"q":"NENE","ac":39.1},"geometry":{"type":"Polygon","coordinates":[[[-104.842569,43.246626],[-104.837589,43.246632],[-104.837423,43.243136],[-104.842433,43.243098],[-104.842569,43.246626]]]}},{"type":"Feature","properties":{"q":"NWSW","ac":40.4},"geometry":{"type":"Polygon","coordinates":[[[-104.872877,43.283],[-104.872906,43.279388],[-104.877929,43.27941],[-104.877904,43.283016],[-104.872877,43.283]]]}},{"type":"Feature","properties":{"q":"SWNE","ac":40.7},"geometry":{"type":"Polygon","coordinates":[[[-104.882939,43.283101],[-104.887974,43.283185],[-104.88796,43.286818],[-104.88292,43.28672],[-104.882939,43.283101]]]}},{"type":"Feature","properties":{"q":"NESE","ac":40.6},"geometry":{"type":"Polygon","coordinates":[[[-104.857899,43.26479],[-104.862911,43.264836],[-104.862906,43.268464],[-104.857891,43.268424],[-104.857899,43.26479]]]}},{"type":"Feature","properties":{"q":"SENW","ac":40.9},"geometry":{"type":"Polygon","coordinates":[[[-104.847844,43.268401],[-104.852867,43.268413],[-104.852853,43.272057],[-104.847823,43.272054],[-104.847844,43.268401]]]}},{"type":"Feature","properties":{"q":"NWSW","ac":40.7},"geometry":{"type":"Polygon","coordinates":[[[-104.857836,43.279322],[-104.857796,43.282951],[-104.852775,43.282974],[-104.852807,43.279337],[-104.857836,43.279322]]]}},{"type":"Feature","properties":{"q":"SESE","ac":40.7},"geometry":{"type":"Polygon","coordinates":[[[-104.877859,43.246932],[-104.882936,43.246981],[-104.882944,43.250579],[-104.877881,43.250539],[-104.877859,43.246932]]]}},{"type":"Feature","properties":{"q":"SWSW","ac":40.8},"geometry":{"type":"Polygon","coordinates":[[[-104.872358,43.218077],[-104.877455,43.218095],[-104.877516,43.221697],[-104.872418,43.221659],[-104.872358,43.218077]]]}},{"type":"Feature","properties":{"q":"NWNE","ac":39.7},"geometry":{"type":"Polygon","coordinates":[[[-104.847036,43.228881],[-104.84712,43.232375],[-104.842024,43.232512],[-104.841928,43.22903],[-104.847036,43.228881]]]}},{"type":"Feature","properties":{"q":"NWNE","ac":40.3},"geometry":{"type":"Polygon","coordinates":[[[-104.842798,43.257454],[-104.847801,43.257476],[-104.847885,43.261094],[-104.842874,43.261063],[-104.842798,43.257454]]]}},{"type":"Feature","properties":{"q":"NWSE","ac":40.9},"geometry":{"type":"Polygon","coordinates":[[[-104.867805,43.254016],[-104.862757,43.25395],[-104.862677,43.25032],[-104.867745,43.250394],[-104.867805,43.254016]]]}},{"type":"Feature","properties":{"q":"SESW","ac":41.1},"geometry":{"type":"Polygon","coordinates":[[[-104.867504,43.232304],[-104.8726,43.232404],[-104.872643,43.236016],[-104.867549,43.235921],[-104.867504,43.232304]]]}},{"type":"Feature","properties":{"q":"NENE","ac":40.6},"geometry":{"type":"Polygon","coordinates":[[[-104.877879,43.286622],[-104.88292,43.28672],[-104.8829,43.290339],[-104.877855,43.290228],[-104.877879,43.286622]]]}},{"type":"Feature","properties":{"q":"SWNE","ac":40.9},"geometry":{"type":"Polygon","coordinates":[[[-104.882646,43.225369],[-104.887717,43.225438],[-104.887771,43.229057],[-104.882703,43.22898],[-104.882646,43.225369]]]}},{"type":"Feature","properties":{"q":"NWSW","ac":40.7},"geometry":{"type":"Polygon","coordinates":[[[-104.857361,43.23573],[-104.857411,43.239357],[-104.852373,43.239428],[-104.852294,43.235834],[-104.857361,43.23573]]]}},{"type":"Feature","properties":{"q":"SESE","ac":39.8},"geometry":{"type":"Polygon","coordinates":[[[-104.842024,43.232512],[-104.84216,43.236041],[-104.837093,43.236144],[-104.836928,43.232648],[-104.842024,43.232512]]]}},{"type":"Feature","properties":{"q":"SESE","ac":40.8},"geometry":{"type":"Polygon","coordinates":[[[-104.882532,43.218147],[-104.882589,43.221758],[-104.877516,43.221697],[-104.877455,43.218095],[-104.882532,43.218147]]]}},{"type":"Feature","properties":{"q":"SWNE","ac":40.5},"geometry":{"type":"Polygon","coordinates":[[[-104.862906,43.268464],[-104.867921,43.268504],[-104.867918,43.272126],[-104.862901,43.272092],[-104.862906,43.268464]]]}},{"type":"Feature","properties":{"q":"SESW","ac":40.6},"geometry":{"type":"Polygon","coordinates":[[[-104.86726,43.218059],[-104.872358,43.218077],[-104.872418,43.221659],[-104.867321,43.22162],[-104.86726,43.218059]]]}},{"type":"Feature","properties":{"q":"SENE","ac":40.7},"geometry":{"type":"Polygon","coordinates":[[[-104.877778,43.239718],[-104.882848,43.239786],[-104.882892,43.243383],[-104.877818,43.243325],[-104.877778,43.239718]]]}},{"type":"Feature","properties":{"q":"NWSE","ac":40.5},"geometry":{"type":"Polygon","coordinates":[[[-104.862911,43.264836],[-104.867923,43.264881],[-104.867921,43.268504],[-104.862906,43.268464],[-104.862911,43.264836]]]}},{"type":"Feature","properties":{"q":"SWSE","ac":40.6},"geometry":{"type":"Polygon","coordinates":[[[-104.882979,43.275861],[-104.888004,43.27592],[-104.887989,43.279552],[-104.882959,43.279481],[-104.882979,43.275861]]]}},{"type":"Feature","properties":{"q":"SWNW","ac":40.1},"geometry":{"type":"Polygon","coordinates":[[[-104.857189,43.225063],[-104.85725,43.228583],[-104.852143,43.228732],[-104.85207,43.225225],[-104.857189,43.225063]]]}},{"type":"Feature","properties":{"q":"SENW","ac":40.9},"geometry":{"type":"Polygon","coordinates":[[[-104.892839,43.229135],[-104.887771,43.229057],[-104.887717,43.225438],[-104.892788,43.225508],[-104.892839,43.229135]]]}},{"type":"Feature","properties":{"q":"NENW","ac":40.6},"geometry":{"type":"Polygon","coordinates":[[[-104.8726,43.232404],[-104.867504,43.232304],[-104.867443,43.228742],[-104.87254,43.228822],[-104.8726,43.232404]]]}},{"type":"Feature","properties":{"q":"NESE","ac":40.1},"geometry":{"type":"Polygon","coordinates":[[[-104.842722,43.253845],[-104.837726,43.253832],[-104.837657,43.250232],[-104.842645,43.250236],[-104.842722,43.253845]]]}},{"type":"Feature","properties":{"q":"SESW","ac":40.8},"geometry":{"type":"Polygon","coordinates":[[[-104.888004,43.27592],[-104.893029,43.275978],[-104.893019,43.279624],[-104.887989,43.279552],[-104.888004,43.27592]]]}},{"type":"Feature","properties":{"q":"SESE","ac":41.2},"geometry":{"type":"Polygon","coordinates":[[[-104.857312,43.232103],[-104.862408,43.232203],[-104.862455,43.235825],[-104.857361,43.23573],[-104.857312,43.232103]]]}},{"type":"Feature","properties":{"q":"NWNE","ac":41.0},"geometry":{"type":"Polygon","coordinates":[[[-104.847823,43.272054],[-104.847802,43.275708],[-104.842765,43.275715],[-104.842792,43.272052],[-104.847823,43.272054]]]}},{"type":"Feature","properties":{"q":"SWNE","ac":40.6},"geometry":{"type":"Polygon","coordinates":[[[-104.882848,43.239786],[-104.887919,43.239853],[-104.887966,43.243441],[-104.882892,43.243383],[-104.882848,43.239786]]]}},{"type":"Feature","properties":{"q":"SESW","ac":40.4},"geometry":{"type":"Polygon","coordinates":[[[-104.872936,43.26131],[-104.872936,43.264927],[-104.867923,43.264881],[-104.867926,43.261259],[-104.872936,43.26131]]]}},{"type":"Feature","properties":{"q":"SWSE","ac":40.9},"geometry":{"type":"Polygon","coordinates":[[[-104.847802,43.275708],[-104.847777,43.279352],[-104.842748,43.279367],[-104.842765,43.275715],[-104.847802,43.275708]]]}},{"type":"Feature","properties":{"q":"SENE","ac":40.5},"geometry":{"type":"Polygon","coordinates":[[[-104.877903,43.254147],[-104.882951,43.254177],[-104.882959,43.257775],[-104.877924,43.257754],[-104.877903,43.254147]]]}},{"type":"Feature","properties":{"q":"NESW","ac":40.8},"geometry":{"type":"Polygon","coordinates":[[[-104.847864,43.264748],[-104.852882,43.264769],[-104.852867,43.268413],[-104.847844,43.268401],[-104.847864,43.264748]]]}},{"type":"Feature","properties":{"q":"NESW","ac":40.5},"geometry":{"type":"Polygon","coordinates":[[[-104.887872,43.236264],[-104.892939,43.236341],[-104.892989,43.23992],[-104.887919,43.239853],[-104.887872,43.236264]]]}},{"type":"Feature","properties":{"q":"NWNW","ac":40.2},"geometry":{"type":"Polygon","coordinates":[[[-104.85751,43.246611],[-104.852529,43.246616],[-104.852451,43.243022],[-104.85746,43.242984],[-104.85751,43.246611]]]}},{"type":"Feature","properties":{"q":"NWNE","ac":40.7},"geometry":{"type":"Polygon","coordinates":[[[-104.847728,43.286641],[-104.847703,43.290285],[-104.842697,43.290323],[-104.842714,43.286671],[-104.847728,43.286641]]]}},{"type":"Feature","properties":{"q":"SENW","ac":40.9},"geometry":{"type":"Polygon","coordinates":[[[-104.887974,43.283185],[-104.893009,43.28327],[-104.893,43.286916],[-104.88796,43.286818],[-104.887974,43.283185]]]}},{"type":"Feature","properties":{"q":"SWNE","ac":40.6},"geometry":{"type":"Polygon","coordinates":[[[-104.882973,43.268617],[-104.887995,43.268652],[-104.888,43.272286],[-104.882976,43.272239],[-104.882973,43.268617]]]}},{"type":"Feature","properties":{"q":"NENW","ac":39.8},"geometry":{"type":"Polygon","coordinates":[[[-104.852451,43.243022],[-104.852529,43.246616],[-104.847549,43.246621],[-104.847442,43.24306],[-104.852451,43.243022]]]}},{"type":"Feature","properties":{"q":"NENE","ac":40.7},"geometry":{"type":"Polygon","coordinates":[[[-104.862787,43.286591],[-104.862751,43.290215],[-104.857716,43.29021],[-104.857756,43.286581],[-104.862787,43.286591]]]}},{"type":"Feature","properties":{"q":"SWNE","ac":40.4},"geometry":{"type":"Polygon","coordinates":[[[-104.862286,43.225122],[-104.867382,43.225181],[-104.867443,43.228742],[-104.862347,43.228663],[-104.862286,43.225122]]]}},{"type":"Feature","properties":{"q":"NWSE","ac":40.5},"geometry":{"type":"Polygon","coordinates":[[[-104.86286,43.279344],[-104.867883,43.279366],[-104.86785,43.282984],[-104.862823,43.282968],[-104.86286,43.279344]]]}},{"type":"Feature","properties":{"q":"SWSE","ac":40.5},"geometry":{"type":"Polygon","coordinates":[[[-104.862916,43.261208],[-104.867926,43.261259],[-104.867923,43.264881],[-104.862911,43.264836],[-104.862916,43.261208]]]}},{"type":"Feature","properties":{"q":"SWNW","ac":40.8},"geometry":{"type":"Polygon","coordinates":[[[-104.87254,43.228822],[-104.872479,43.225241],[-104.877576,43.225299],[-104.877636,43.228902],[-104.87254,43.228822]]]}},{"type":"Feature","properties":{"q":"NENE","ac":41.1},"geometry":{"type":"Polygon","coordinates":[[[-104.85751,43.246611],[-104.85746,43.242984],[-104.86255,43.243069],[-104.862597,43.246691],[-104.85751,43.246611]]]}},{"type":"Feature","properties":{"q":"SENE","ac":40.6},"geometry":{"type":"Polygon","coordinates":[[[-104.862787,43.286591],[-104.857756,43.286581],[-104.857796,43.282951],[-104.862823,43.282968],[-104.862787,43.286591]]]}},{"type":"Feature","properties":{"q":"SENW","ac":40.6},"geometry":{"type":"Polygon","coordinates":[[[-104.867805,43.254016],[-104.872854,43.254081],[-104.872895,43.257696],[-104.867866,43.257637],[-104.867805,43.254016]]]}},{"type":"Feature","properties":{"q":"SWNW","ac":40.6},"geometry":{"type":"Polygon","coordinates":[[[-104.852775,43.282974],[-104.857796,43.282951],[-104.857756,43.286581],[-104.852742,43.286611],[-104.852775,43.282974]]]}},{"type":"Feature","properties":{"q":"SWNE","ac":40.7},"geometry":{"type":"Polygon","coordinates":[[[-104.867805,43.254016],[-104.867866,43.257637],[-104.862837,43.257579],[-104.862757,43.25395],[-104.867805,43.254016]]]}},{"type":"Feature","properties":{"q":"SWNW","ac":40.9},"geometry":{"type":"Polygon","coordinates":[[[-104.893018,43.268686],[-104.898041,43.26872],[-104.898047,43.272378],[-104.893024,43.272332],[-104.893018,43.268686]]]}},{"type":"Feature","properties":{"q":"NESW","ac":40.6},"geometry":{"type":"Polygon","coordinates":[[[-104.867321,43.22162],[-104.872418,43.221659],[-104.872479,43.225241],[-104.867382,43.225181],[-104.867321,43.22162]]]}},{"type":"Feature","properties":{"q":"SESW","ac":40.6},"geometry":{"type":"Polygon","coordinates":[[[-104.84712,43.232375],[-104.852216,43.232239],[-104.852294,43.235834],[-104.847227,43.235937],[-104.84712,43.232375]]]}},{"type":"Feature","properties":{"q":"NWSE","ac":40.9},"geometry":{"type":"Polygon","coordinates":[[[-104.887663,43.221819],[-104.887717,43.225438],[-104.882646,43.225369],[-104.882589,43.221758],[-104.887663,43.221819]]]}},{"type":"Feature","properties":{"q":"SENE","ac":40.8},"geometry":{"type":"Polygon","coordinates":[[[-104.857708,43.253884],[-104.862757,43.25395],[-104.862837,43.257579],[-104.857807,43.25752],[-104.857708,43.253884]]]}},{"type":"Feature","properties":{"q":"NENW","ac":40.5},"geometry":{"type":"Polygon","coordinates":[[[-104.887966,43.243441],[-104.893039,43.2435],[-104.893089,43.247078],[-104.888013,43.24703],[-104.887966,43.243441]]]}},{"type":"Feature","properties":{"q":"SWNW","ac":40.8},"geometry":{"type":"Polygon","coordinates":[[[-104.857884,43.272058],[-104.852853,43.272057],[-104.852867,43.268413],[-104.857891,43.268424],[-104.857884,43.272058]]]}},{"type":"Feature","properties":{"q":"NWNE","ac":39.5},"geometry":{"type":"Polygon","coordinates":[[[-104.847442,43.24306],[-104.847549,43.246621],[-104.842569,43.246626],[-104.842433,43.243098],[-104.847442,43.24306]]]}},{"type":"Feature","properties":{"q":"SWSW","ac":40.9},"geometry":{"type":"Polygon","coordinates":[[[-104.898034,43.265062],[-104.893013,43.26504],[-104.893007,43.261394],[-104.898028,43.261404],[-104.898034,43.265062]]]}},{"type":"Feature","properties":{"q":"SENE","ac":40.5},"geometry":{"type":"Polygon","coordinates":[[[-104.882973,43.268617],[-104.882976,43.272239],[-104.877952,43.272193],[-104.87795,43.268582],[-104.882973,43.268617]]]}},{"type":"Feature","properties":{"q":"NWSE","ac":40.9},"geometry":{"type":"Polygon","coordinates":[[[-104.842847,43.264727],[-104.847864,43.264748],[-104.847844,43.268401],[-104.84282,43.26839],[-104.842847,43.264727]]]}},{"type":"Feature","properties":{"q":"NESW","ac":40.8},"geometry":{"type":"Polygon","coordinates":[[[-104.852807,43.279337],[-104.852775,43.282974],[-104.847753,43.282997],[-104.847777,43.279352],[-104.852807,43.279337]]]}},{"type":"Feature","properties":{"q":"NWNW","ac":40.5},"geometry":{"type":"Polygon","coordinates":[[[-104.872849,43.286612],[-104.877879,43.286622],[-104.877855,43.290228],[-104.87282,43.290224],[-104.872849,43.286612]]]}},{"type":"Feature","properties":{"q":"SESE","ac":40.5},"geometry":{"type":"Polygon","coordinates":[[[-104.877946,43.261362],[-104.882967,43.261372],[-104.88297,43.264995],[-104.877948,43.264972],[-104.877946,43.261362]]]}},{"type":"Feature","properties":{"q":"SWSE","ac":41.1},"geometry":{"type":"Polygon","coordinates":[[[-104.862408,43.232203],[-104.867504,43.232304],[-104.867549,43.235921],[-104.862455,43.235825],[-104.862408,43.232203]]]}},{"type":"Feature","properties":{"q":"SESW","ac":41.0},"geometry":{"type":"Polygon","coordinates":[[[-104.872772,43.246852],[-104.872813,43.250467],[-104.867745,43.250394],[-104.867684,43.246771],[-104.872772,43.246852]]]}},{"type":"Feature","properties":{"q":"SENW","ac":40.1},"geometry":{"type":"Polygon","coordinates":[[[-104.847334,43.239499],[-104.852373,43.239428],[-104.852451,43.243022],[-104.847442,43.24306],[-104.847334,43.239499]]]}},{"type":"Feature","properties":{"q":"NENW","ac":40.9},"geometry":{"type":"Polygon","coordinates":[[[-104.887771,43.229057],[-104.892839,43.229135],[-104.89289,43.232762],[-104.887825,43.232676],[-104.887771,43.229057]]]}},{"type":"Feature","properties":{"q":"SWSE","ac":41.0},"geometry":{"type":"Polygon","coordinates":[[[-104.867745,43.250394],[-104.862677,43.25032],[-104.862597,43.246691],[-104.867684,43.246771],[-104.867745,43.250394]]]}},{"type":"Feature","properties":{"q":"NWSW","ac":40.7},"geometry":{"type":"Polygon","coordinates":[[[-104.877881,43.250539],[-104.877903,43.254147],[-104.872854,43.254081],[-104.872813,43.250467],[-104.877881,43.250539]]]}},{"type":"Feature","properties":{"q":"NWNW","ac":40.9},"geometry":{"type":"Polygon","coordinates":[[[-104.893024,43.272332],[-104.898047,43.272378],[-104.898054,43.276036],[-104.893029,43.275978],[-104.893024,43.272332]]]}},{"type":"Feature","properties":{"q":"NWNE","ac":40.6},"geometry":{"type":"Polygon","coordinates":[[[-104.888,43.272286],[-104.888004,43.27592],[-104.882979,43.275861],[-104.882976,43.272239],[-104.888,43.272286]]]}},{"type":"Feature","properties":{"q":"SWNW","ac":40.4},"geometry":{"type":"Polygon","coordinates":[[[-104.877952,43.272193],[-104.872935,43.272159],[-104.872935,43.268543],[-104.87795,43.268582],[-104.877952,43.272193]]]}},{"type":"Feature","properties":{"q":"SESW","ac":40.5},"geometry":{"type":"Polygon","coordinates":[[[-104.867915,43.275748],[-104.872934,43.275776],[-104.872906,43.279388],[-104.867883,43.279366],[-104.867915,43.275748]]]}},{"type":"Feature","properties":{"q":"SESW","ac":40.5},"geometry":{"type":"Polygon","coordinates":[[[-104.887825,43.232676],[-104.89289,43.232762],[-104.892939,43.236341],[-104.887872,43.236264],[-104.887825,43.232676]]]}},{"type":"Feature","properties":{"q":"SESE","ac":40.6},"geometry":{"type":"Polygon","coordinates":[[[-104.857836,43.279322],[-104.857876,43.275692],[-104.862896,43.27572],[-104.86286,43.279344],[-104.857836,43.279322]]]}},{"type":"Feature","properties":{"q":"NWSE","ac":41.1},"geometry":{"type":"Polygon","coordinates":[[[-104.867549,43.235921],[-104.867594,43.239538],[-104.862503,43.239448],[-104.862455,43.235825],[-104.867549,43.235921]]]}},{"type":"Feature","properties":{"q":"SESE","ac":40.5},"geometry":{"type":"Polygon","coordinates":[[[-104.877954,43.275803],[-104.882979,43.275861],[-104.882959,43.279481],[-104.877929,43.27941],[-104.877954,43.275803]]]}},{"type":"Feature","properties":{"q":"SWNE","ac":39.8},"geometry":{"type":"Polygon","coordinates":[[[-104.841928,43.22903],[-104.841833,43.225549],[-104.846952,43.225387],[-104.847036,43.228881],[-104.841928,43.22903]]]}},{"type":"Feature","properties":{"q":"NWNE","ac":40.3},"geometry":{"type":"Polygon","coordinates":[[[-104.867443,43.228742],[-104.867504,43.232304],[-104.862408,43.232203],[-104.862347,43.228663],[-104.867443,43.228742]]]}},{"type":"Feature","properties":{"q":"NWSW","ac":40.9},"geometry":{"type":"Polygon","coordinates":[[[-104.898034,43.265062],[-104.898041,43.26872],[-104.893018,43.268686],[-104.893013,43.26504],[-104.898034,43.265062]]]}},{"type":"Feature","properties":{"q":"NESW","ac":41.0},"geometry":{"type":"Polygon","coordinates":[[[-104.867594,43.239538],[-104.867549,43.235921],[-104.872643,43.236016],[-104.872686,43.239628],[-104.867594,43.239538]]]}},{"type":"Feature","properties":{"q":"NESE","ac":41.0},"geometry":{"type":"Polygon","coordinates":[[[-104.862677,43.25032],[-104.862757,43.25395],[-104.857708,43.253884],[-104.857609,43.250247],[-104.862677,43.25032]]]}},{"type":"Feature","properties":{"q":"SWNW","ac":41.0},"geometry":{"type":"Polygon","coordinates":[[[-104.893009,43.28327],[-104.898045,43.283354],[-104.89804,43.287013],[-104.893,43.286916],[-104.893009,43.28327]]]}},{"type":"Feature","properties":{"q":"NWSW","ac":41.1},"geometry":{"type":"Polygon","coordinates":[[[-104.892737,43.22188],[-104.89781,43.221941],[-104.897858,43.225577],[-104.892788,43.225508],[-104.892737,43.22188]]]}},{"type":"Feature","properties":{"q":"SENE","ac":40.6},"geometry":{"type":"Polygon","coordinates":[[[-104.882939,43.283101],[-104.88292,43.28672],[-104.877879,43.286622],[-104.877904,43.283016],[-104.882939,43.283101]]]}},{"type":"Feature","properties":{"q":"NWNW","ac":41.0},"geometry":{"type":"Polygon","coordinates":[[[-104.89804,43.287013],[-104.898035,43.290672],[-104.89299,43.290561],[-104.893,43.286916],[-104.89804,43.287013]]]}},{"type":"Feature","properties":{"q":"SESW","ac":40.1},"geometry":{"type":"Polygon","coordinates":[[[-104.846783,43.218398],[-104.851924,43.21821],[-104.851997,43.221718],[-104.846867,43.221892],[-104.846783,43.218398]]]}},{"type":"Feature","properties":{"q":"SENE","ac":39.4},"geometry":{"type":"Polygon","coordinates":[[[-104.842296,43.239569],[-104.842433,43.243098],[-104.837423,43.243136],[-104.837258,43.23964],[-104.842296,43.239569]]]}},{"type":"Feature","properties":{"q":"SWNE","ac":40.6},"geometry":{"type":"Polygon","coordinates":[[[-104.867818,43.286602],[-104.862787,43.286591],[-104.862823,43.282968],[-104.86785,43.282984],[-104.867818,43.286602]]]}},{"type":"Feature","properties":{"q":"SENW","ac":39.9},"geometry":{"type":"Polygon","coordinates":[[[-104.846952,43.225387],[-104.85207,43.225225],[-104.852143,43.228732],[-104.847036,43.228881],[-104.846952,43.225387]]]}},{"type":"Feature","properties":{"q":"SENW","ac":40.7},"geometry":{"type":"Polygon","coordinates":[[[-104.847753,43.282997],[-104.852775,43.282974],[-104.852742,43.286611],[-104.847728,43.286641],[-104.847753,43.282997]]]}},{"type":"Feature","properties":{"q":"NENE","ac":41.1},"geometry":{"type":"Polygon","coordinates":[[[-104.837762,43.27205],[-104.842792,43.272052],[-104.842765,43.275715],[-104.837728,43.275723],[-104.837762,43.27205]]]}},{"type":"Feature","properties":{"q":"SWSW","ac":40.4},"geometry":{"type":"Polygon","coordinates":[[[-104.857609,43.250247],[-104.852621,43.250244],[-104.852529,43.246616],[-104.85751,43.246611],[-104.857609,43.250247]]]}},{"type":"Feature","properties":{"q":"SWNE","ac":41.0},"geometry":{"type":"Polygon","coordinates":[[[-104.847844,43.268401],[-104.847823,43.272054],[-104.842792,43.272052],[-104.84282,43.26839],[-104.847844,43.268401]]]}},{"type":"Feature","properties":{"q":"NESE","ac":40.5},"geometry":{"type":"Polygon","coordinates":[[[-104.87795,43.268582],[-104.877948,43.264972],[-104.88297,43.264995],[-104.882973,43.268617],[-104.87795,43.268582]]]}},{"type":"Feature","properties":{"q":"SESW","ac":41.0},"geometry":{"type":"Polygon","coordinates":[[[-104.887609,43.2182],[-104.892686,43.218253],[-104.892737,43.22188],[-104.887663,43.221819],[-104.887609,43.2182]]]}},{"type":"Feature","properties":{"q":"NESE","ac":40.5},"geometry":{"type":"Polygon","coordinates":[[[-104.882959,43.279481],[-104.882939,43.283101],[-104.877904,43.283016],[-104.877929,43.27941],[-104.882959,43.279481]]]}},{"type":"Feature","properties":{"q":"SENE","ac":41.1},"geometry":{"type":"Polygon","coordinates":[[[-104.837762,43.27205],[-104.837796,43.268378],[-104.84282,43.26839],[-104.842792,43.272052],[-104.837762,43.27205]]]}},{"type":"Feature","properties":{"q":"SWSE","ac":40.6},"geometry":{"type":"Polygon","coordinates":[[[-104.882967,43.261372],[-104.887987,43.261383],[-104.887991,43.265017],[-104.88297,43.264995],[-104.882967,43.261372]]]}},{"type":"Feature","properties":{"q":"NESE","ac":40.6},"geometry":{"type":"Polygon","coordinates":[[[-104.857836,43.279322],[-104.86286,43.279344],[-104.862823,43.282968],[-104.857796,43.282951],[-104.857836,43.279322]]]}},{"type":"Feature","properties":{"q":"NWNW","ac":40.4},"geometry":{"type":"Polygon","coordinates":[[[-104.877924,43.257754],[-104.877946,43.261362],[-104.872936,43.26131],[-104.872895,43.257696],[-104.877924,43.257754]]]}},{"type":"Feature","properties":{"q":"NESW","ac":40.8},"geometry":{"type":"Polygon","coordinates":[[[-104.867805,43.254016],[-104.867745,43.250394],[-104.872813,43.250467],[-104.872854,43.254081],[-104.867805,43.254016]]]}},{"type":"Feature","properties":{"q":"NENW","ac":40.5},"geometry":{"type":"Polygon","coordinates":[[[-104.867866,43.257637],[-104.872895,43.257696],[-104.872936,43.26131],[-104.867926,43.261259],[-104.867866,43.257637]]]}},{"type":"Feature","properties":{"q":"SWSE","ac":40.6},"geometry":{"type":"Polygon","coordinates":[[[-104.882936,43.246981],[-104.888013,43.24703],[-104.888006,43.250618],[-104.882944,43.250579],[-104.882936,43.246981]]]}},{"type":"Feature","properties":{"q":"NENW","ac":40.4},"geometry":{"type":"Polygon","coordinates":[[[-104.847801,43.257476],[-104.852804,43.257498],[-104.852896,43.261125],[-104.847885,43.261094],[-104.847801,43.257476]]]}},{"type":"Feature","properties":{"q":"SESE","ac":40.7},"geometry":{"type":"Polygon","coordinates":[[[-104.877737,43.236111],[-104.877696,43.232504],[-104.882761,43.23259],[-104.882804,43.236188],[-104.877737,43.236111]]]}},{"type":"Feature","properties":{"q":"NWSW","ac":40.3},"geometry":{"type":"Polygon","coordinates":[[[-104.893069,43.250657],[-104.898131,43.250697],[-104.898097,43.254266],[-104.893048,43.254236],[-104.893069,43.250657]]]}},{"type":"Feature","properties":{"q":"NWNW","ac":40.8},"geometry":{"type":"Polygon","coordinates":[[[-104.87254,43.228822],[-104.877636,43.228902],[-104.877696,43.232504],[-104.8726,43.232404],[-104.87254,43.228822]]]}},{"type":"Feature","properties":{"q":"SESE","ac":41.0},"geometry":{"type":"Polygon","coordinates":[[[-104.837864,43.261032],[-104.842874,43.261063],[-104.842847,43.264727],[-104.83783,43.264705],[-104.837864,43.261032]]]}},{"type":"Feature","properties":{"q":"NWNW","ac":40.0},"geometry":{"type":"Polygon","coordinates":[[[-104.85725,43.228583],[-104.857312,43.232103],[-104.852216,43.232239],[-104.852143,43.228732],[-104.85725,43.228583]]]}},{"type":"Feature","properties":{"q":"NENE","ac":40.2},"geometry":{"type":"Polygon","coordinates":[[[-104.842798,43.257454],[-104.842874,43.261063],[-104.837864,43.261032],[-104.837795,43.257432],[-104.842798,43.257454]]]}},{"type":"Feature","properties":{"q":"NENW","ac":40.6},"geometry":{"type":"Polygon","coordinates":[[[-104.852742,43.286611],[-104.85271,43.290248],[-104.847703,43.290285],[-104.847728,43.286641],[-104.852742,43.286611]]]}},{"type":"Feature","properties":{"q":"SESE","ac":41.1},"geometry":{"type":"Polygon","coordinates":[[[-104.85751,43.246611],[-104.862597,43.246691],[-104.862677,43.25032],[-104.857609,43.250247],[-104.85751,43.246611]]]}},{"type":"Feature","properties":{"q":"SESW","ac":40.5},"geometry":{"type":"Polygon","coordinates":[[[-104.888006,43.250618],[-104.888013,43.24703],[-104.893089,43.247078],[-104.893069,43.250657],[-104.888006,43.250618]]]}},{"type":"Feature","properties":{"q":"NWNW","ac":40.8},"geometry":{"type":"Polygon","coordinates":[[[-104.857884,43.272058],[-104.857876,43.275692],[-104.852839,43.2757],[-104.852853,43.272057],[-104.857884,43.272058]]]}},{"type":"Feature","properties":{"q":"SESW","ac":40.3},"geometry":{"type":"Polygon","coordinates":[[[-104.847549,43.246621],[-104.852529,43.246616],[-104.852621,43.250244],[-104.847633,43.25024],[-104.847549,43.246621]]]}},{"type":"Feature","properties":{"q":"NESE","ac":40.9},"geometry":{"type":"Polygon","coordinates":[[[-104.842748,43.279367],[-104.842731,43.283019],[-104.837709,43.283042],[-104.837718,43.279382],[-104.842748,43.279367]]]}},{"type":"Feature","properties":{"q":"NWNE","ac":41.1},"geometry":{"type":"Polygon","coordinates":[[[-104.86255,43.243069],[-104.867639,43.243155],[-104.867684,43.246771],[-104.862597,43.246691],[-104.86255,43.243069]]]}},{"type":"Feature","properties":{"q":"NESE","ac":41.2},"geometry":{"type":"Polygon","coordinates":[[[-104.857361,43.23573],[-104.862455,43.235825],[-104.862503,43.239448],[-104.857411,43.239357],[-104.857361,43.23573]]]}},{"type":"Feature","properties":{"q":"SESW","ac":40.8},"geometry":{"type":"Polygon","coordinates":[[[-104.847885,43.261094],[-104.852896,43.261125],[-104.852882,43.264769],[-104.847864,43.264748],[-104.847885,43.261094]]]}},{"type":"Feature","properties":{"q":"SENW","ac":41.0},"geometry":{"type":"Polygon","coordinates":[[[-104.872686,43.239628],[-104.872729,43.24324],[-104.867639,43.243155],[-104.867594,43.239538],[-104.872686,43.239628]]]}},{"type":"Feature","properties":{"q":"NENE","ac":40.4},"geometry":{"type":"Polygon","coordinates":[[[-104.882967,43.261372],[-104.877946,43.261362],[-104.877924,43.257754],[-104.882959,43.257775],[-104.882967,43.261372]]]}},{"type":"Feature","properties":{"q":"NWSW","ac":40.9},"geometry":{"type":"Polygon","coordinates":[[[-104.857719,43.293879],[-104.857722,43.297547],[-104.852718,43.297568],[-104.852714,43.293908],[-104.857719,43.293879]]]}},{"type":"Feature","properties":{"q":"SWSE","ac":40.7},"geometry":{"type":"Polygon","coordinates":[[[-104.847703,43.290285],[-104.847709,43.293937],[-104.842706,43.293966],[-104.842697,43.290323],[-104.847703,43.290285]]]}},{"type":"Feature","properties":{"q":"SENE","ac":41.0},"geometry":{"type":"Polygon","coordinates":[[[-104.877738,43.297443],[-104.882824,43.297573],[-104.882806,43.301192],[-104.877719,43.301057],[-104.877738,43.297443]]]}},{"type":"Feature","properties":{"q":"2","ac":41.3},"geometry":{"type":"Polygon","coordinates":[[[-104.882806,43.301192],[-104.887894,43.301327],[-104.887876,43.304958],[-104.882788,43.304839],[-104.882806,43.301192]]]}},{"type":"Feature","properties":{"q":"NESE","ac":40.9},"geometry":{"type":"Polygon","coordinates":[[[-104.882862,43.293956],[-104.882824,43.297573],[-104.877738,43.297443],[-104.877796,43.293835],[-104.882862,43.293956]]]}},{"type":"Feature","properties":{"q":"SESW","ac":40.6},"geometry":{"type":"Polygon","coordinates":[[[-104.87282,43.290224],[-104.872782,43.293846],[-104.867767,43.293857],[-104.867786,43.290219],[-104.87282,43.290224]]]}},{"type":"Feature","properties":{"q":"SWSW","ac":40.5},"geometry":{"type":"Polygon","coordinates":[[[-104.877855,43.290228],[-104.877796,43.293835],[-104.872782,43.293846],[-104.87282,43.290224],[-104.877855,43.290228]]]}},{"type":"Feature","properties":{"q":"SWNW","ac":40.3},"geometry":{"type":"Polygon","coordinates":[[[-104.872743,43.297469],[-104.877738,43.297443],[-104.877719,43.301057],[-104.872724,43.301091],[-104.872743,43.297469]]]}},{"type":"Feature","properties":{"q":"SENW","ac":40.3},"geometry":{"type":"Polygon","coordinates":[[[-104.86773,43.301124],[-104.867748,43.297495],[-104.872743,43.297469],[-104.872724,43.301091],[-104.86773,43.301124]]]}},{"type":"Feature","properties":{"q":"4","ac":40.9},"geometry":{"type":"Polygon","coordinates":[[[-104.892967,43.301461],[-104.898041,43.301596],[-104.898054,43.305198],[-104.892965,43.305078],[-104.892967,43.301461]]]}},{"type":"Feature","properties":{"q":"SESE","ac":40.7},"geometry":{"type":"Polygon","coordinates":[[[-104.877855,43.290228],[-104.8829,43.290339],[-104.882862,43.293956],[-104.877796,43.293835],[-104.877855,43.290228]]]}},{"type":"Feature","properties":{"q":"NWSE","ac":41.0},"geometry":{"type":"Polygon","coordinates":[[[-104.882862,43.293956],[-104.887928,43.294077],[-104.887911,43.297704],[-104.882824,43.297573],[-104.882862,43.293956]]]}},{"type":"Feature","properties":{"q":"SWNE","ac":40.5},"geometry":{"type":"Polygon","coordinates":[[[-104.867748,43.297495],[-104.86773,43.301124],[-104.862726,43.301158],[-104.862735,43.297521],[-104.867748,43.297495]]]}},{"type":"Feature","properties":{"q":"NESE","ac":40.9},"geometry":{"type":"Polygon","coordinates":[[[-104.862743,43.293868],[-104.862735,43.297521],[-104.857722,43.297547],[-104.857719,43.293879],[-104.862743,43.293868]]]}},{"type":"Feature","properties":{"q":"SESE","ac":40.6},"geometry":{"type":"Polygon","coordinates":[[[-104.837703,43.293995],[-104.83769,43.290361],[-104.842697,43.290323],[-104.842706,43.293966],[-104.837703,43.293995]]]}},{"type":"Feature","properties":{"q":"NESE","ac":40.5},"geometry":{"type":"Polygon","coordinates":[[[-104.842706,43.293966],[-104.842715,43.297608],[-104.837715,43.297628],[-104.837703,43.293995],[-104.842706,43.293966]]]}},{"type":"Feature","properties":{"q":"NWSW","ac":40.3},"geometry":{"type":"Polygon","coordinates":[[[-104.877796,43.293835],[-104.877738,43.297443],[-104.872743,43.297469],[-104.872782,43.293846],[-104.877796,43.293835]]]}},{"type":"Feature","properties":{"q":"1","ac":40.5},"geometry":{"type":"Polygon","coordinates":[[[-104.842727,43.30488],[-104.837728,43.304883],[-104.837721,43.301256],[-104.842721,43.30124],[-104.842727,43.30488]]]}},{"type":"Feature","properties":{"q":"NESW","ac":40.8},"geometry":{"type":"Polygon","coordinates":[[[-104.852714,43.293908],[-104.852718,43.297568],[-104.847714,43.297588],[-104.847709,43.293937],[-104.852714,43.293908]]]}},{"type":"Feature","properties":{"q":"SWNW","ac":41.0},"geometry":{"type":"Polygon","coordinates":[[[-104.89297,43.297833],[-104.898029,43.297963],[-104.898041,43.301596],[-104.892967,43.301461],[-104.89297,43.297833]]]}},{"type":"Feature","properties":{"q":"SWSE","ac":40.8},"geometry":{"type":"Polygon","coordinates":[[[-104.867786,43.290219],[-104.867767,43.293857],[-104.862743,43.293868],[-104.862751,43.290215],[-104.867786,43.290219]]]}},{"type":"Feature","properties":{"q":"3","ac":41.0},"geometry":{"type":"Polygon","coordinates":[[[-104.887894,43.301327],[-104.892967,43.301461],[-104.892965,43.305078],[-104.887876,43.304958],[-104.887894,43.301327]]]}},{"type":"Feature","properties":{"q":"3","ac":40.8},"geometry":{"type":"Polygon","coordinates":[[[-104.852724,43.304874],[-104.847725,43.304877],[-104.84772,43.301224],[-104.852721,43.301208],[-104.852724,43.304874]]]}},{"type":"Feature","properties":{"q":"SWSW","ac":40.9},"geometry":{"type":"Polygon","coordinates":[[[-104.857719,43.293879],[-104.852714,43.293908],[-104.85271,43.290248],[-104.857716,43.29021],[-104.857719,43.293879]]]}},{"type":"Feature","properties":{"q":"NWSE","ac":40.8},"geometry":{"type":"Polygon","coordinates":[[[-104.867767,43.293857],[-104.867748,43.297495],[-104.862735,43.297521],[-104.862743,43.293868],[-104.867767,43.293857]]]}},{"type":"Feature","properties":{"q":"SESE","ac":41.0},"geometry":{"type":"Polygon","coordinates":[[[-104.857719,43.293879],[-104.857716,43.29021],[-104.862751,43.290215],[-104.862743,43.293868],[-104.857719,43.293879]]]}},{"type":"Feature","properties":{"q":"3","ac":40.8},"geometry":{"type":"Polygon","coordinates":[[[-104.872724,43.301091],[-104.872705,43.304757],[-104.867711,43.304795],[-104.86773,43.301124],[-104.872724,43.301091]]]}},{"type":"Feature","properties":{"q":"SWSE","ac":40.8},"geometry":{"type":"Polygon","coordinates":[[[-104.887928,43.294077],[-104.882862,43.293956],[-104.8829,43.290339],[-104.887945,43.29045],[-104.887928,43.294077]]]}},{"type":"Feature","properties":{"q":"1","ac":41.4},"geometry":{"type":"Polygon","coordinates":[[[-104.882806,43.301192],[-104.882788,43.304839],[-104.877699,43.304719],[-104.877719,43.301057],[-104.882806,43.301192]]]}},{"type":"Feature","properties":{"q":"SESW","ac":40.9},"geometry":{"type":"Polygon","coordinates":[[[-104.89298,43.294197],[-104.887928,43.294077],[-104.887945,43.29045],[-104.89299,43.290561],[-104.89298,43.294197]]]}},{"type":"Feature","properties":{"q":"4","ac":40.8},"geometry":{"type":"Polygon","coordinates":[[[-104.877719,43.301057],[-104.877699,43.304719],[-104.872705,43.304757],[-104.872724,43.301091],[-104.877719,43.301057]]]}},{"type":"Feature","properties":{"q":"NWSE","ac":40.6},"geometry":{"type":"Polygon","coordinates":[[[-104.847709,43.293937],[-104.847714,43.297588],[-104.842715,43.297608],[-104.842706,43.293966],[-104.847709,43.293937]]]}},{"type":"Feature","properties":{"q":"SENE","ac":40.4},"geometry":{"type":"Polygon","coordinates":[[[-104.842715,43.297608],[-104.842721,43.30124],[-104.837721,43.301256],[-104.837715,43.297628],[-104.842715,43.297608]]]}},{"type":"Feature","properties":{"q":"NESW","ac":40.5},"geometry":{"type":"Polygon","coordinates":[[[-104.872743,43.297469],[-104.867748,43.297495],[-104.867767,43.293857],[-104.872782,43.293846],[-104.872743,43.297469]]]}},{"type":"Feature","properties":{"q":"SENW","ac":40.5},"geometry":{"type":"Polygon","coordinates":[[[-104.852718,43.297568],[-104.852721,43.301208],[-104.84772,43.301224],[-104.847714,43.297588],[-104.852718,43.297568]]]}},{"type":"Feature","properties":{"q":"SENE","ac":40.6},"geometry":{"type":"Polygon","coordinates":[[[-104.862735,43.297521],[-104.862726,43.301158],[-104.857723,43.301192],[-104.857722,43.297547],[-104.862735,43.297521]]]}},{"type":"Feature","properties":{"q":"2","ac":40.6},"geometry":{"type":"Polygon","coordinates":[[[-104.847725,43.304877],[-104.842727,43.30488],[-104.842721,43.30124],[-104.84772,43.301224],[-104.847725,43.304877]]]}},{"type":"Feature","properties":{"q":"SWNE","ac":40.5},"geometry":{"type":"Polygon","coordinates":[[[-104.842715,43.297608],[-104.847714,43.297588],[-104.84772,43.301224],[-104.842721,43.30124],[-104.842715,43.297608]]]}},{"type":"Feature","properties":{"q":"SESW","ac":40.8},"geometry":{"type":"Polygon","coordinates":[[[-104.852714,43.293908],[-104.847709,43.293937],[-104.847703,43.290285],[-104.85271,43.290248],[-104.852714,43.293908]]]}},{"type":"Feature","properties":{"q":"SWNE","ac":41.0},"geometry":{"type":"Polygon","coordinates":[[[-104.882806,43.301192],[-104.882824,43.297573],[-104.887911,43.297704],[-104.887894,43.301327],[-104.882806,43.301192]]]}},{"type":"Feature","properties":{"q":"NWSW","ac":41.0},"geometry":{"type":"Polygon","coordinates":[[[-104.898029,43.297963],[-104.89297,43.297833],[-104.89298,43.294197],[-104.898032,43.294317],[-104.898029,43.297963]]]}},{"type":"Feature","properties":{"q":"SWNW","ac":40.6},"geometry":{"type":"Polygon","coordinates":[[[-104.857722,43.297547],[-104.857723,43.301192],[-104.852721,43.301208],[-104.852718,43.297568],[-104.857722,43.297547]]]}},{"type":"Feature","properties":{"q":"2","ac":40.9},"geometry":{"type":"Polygon","coordinates":[[[-104.86773,43.301124],[-104.867711,43.304795],[-104.862717,43.304833],[-104.862726,43.301158],[-104.86773,43.301124]]]}},{"type":"Feature","properties":{"q":"SENW","ac":40.9},"geometry":{"type":"Polygon","coordinates":[[[-104.887911,43.297704],[-104.89297,43.297833],[-104.892967,43.301461],[-104.887894,43.301327],[-104.887911,43.297704]]]}},{"type":"Feature","properties":{"q":"1","ac":40.9},"geometry":{"type":"Polygon","coordinates":[[[-104.857723,43.304871],[-104.857723,43.301192],[-104.862726,43.301158],[-104.862717,43.304833],[-104.857723,43.304871]]]}},{"type":"Feature","properties":{"q":"NESW","ac":40.9},"geometry":{"type":"Polygon","coordinates":[[[-104.89298,43.294197],[-104.89297,43.297833],[-104.887911,43.297704],[-104.887928,43.294077],[-104.89298,43.294197]]]}},{"type":"Feature","properties":{"q":"SWSW","ac":41.0},"geometry":{"type":"Polygon","coordinates":[[[-104.89299,43.290561],[-104.898035,43.290672],[-104.898032,43.294317],[-104.89298,43.294197],[-104.89299,43.290561]]]}},{"type":"Feature","properties":{"q":"4","ac":40.9},"geometry":{"type":"Polygon","coordinates":[[[-104.857723,43.301192],[-104.857723,43.304871],[-104.852724,43.304874],[-104.852721,43.301208],[-104.857723,43.301192]]]}}]}