{"type":"FeatureCollection","note":"BLM Public Land Survey System. Provided by the Bureau of Land Management as is. These data are neither legal documents nor land surveys and must not be used as such.","features":[{"type":"Feature","properties":{"q":"SWSE","ac":40.1},"geometry":{"type":"Polygon","coordinates":[[[-106.696717,42.980038],[-106.701647,42.980097],[-106.701688,42.983728],[-106.696762,42.98367],[-106.696717,42.980038]]]}},{"type":"Feature","properties":{"q":"SENW","ac":40.2},"geometry":{"type":"Polygon","coordinates":[[[-106.662331,42.972824],[-106.667263,42.97283],[-106.667257,42.976468],[-106.66232,42.976459],[-106.662331,42.972824]]]}},{"type":"Feature","properties":{"q":"SESW","ac":40.5},"geometry":{"type":"Polygon","coordinates":[[[-106.721301,42.965698],[-106.726302,42.9657],[-106.72631,42.969323],[-106.721327,42.969324],[-106.721301,42.965698]]]}},{"type":"Feature","properties":{"q":"SESE","ac":39.5},"geometry":{"type":"Polygon","coordinates":[[[-106.691804,42.965509],[-106.696668,42.965556],[-106.69668,42.969177],[-106.6918,42.969127],[-106.691804,42.965509]]]}},{"type":"Feature","properties":{"q":"SENW","ac":39.1},"geometry":{"type":"Polygon","coordinates":[[[-106.701512,42.95849],[-106.706412,42.958486],[-106.706414,42.962069],[-106.701522,42.962046],[-106.701512,42.95849]]]}},{"type":"Feature","properties":{"q":"NWNE","ac":40.2},"geometry":{"type":"Polygon","coordinates":[[[-106.67716,42.990969],[-106.68209,42.990939],[-106.682124,42.99458],[-106.677194,42.994614],[-106.67716,42.990969]]]}},{"type":"Feature","properties":{"q":"NWNW","ac":40.4},"geometry":{"type":"Polygon","coordinates":[[[-106.64764,42.961853],[-106.652534,42.961888],[-106.652454,42.965556],[-106.647568,42.965553],[-106.64764,42.961853]]]}},{"type":"Feature","properties":{"q":"NESW","ac":39.6},"geometry":{"type":"Polygon","coordinates":[[[-106.701503,42.954897],[-106.706433,42.954889],[-106.706412,42.958486],[-106.701512,42.95849],[-106.701503,42.954897]]]}},{"type":"Feature","properties":{"q":"SWSW","ac":40.2},"geometry":{"type":"Polygon","coordinates":[[[-106.647854,42.950875],[-106.652772,42.950885],[-106.652693,42.954553],[-106.647783,42.954514],[-106.647854,42.950875]]]}},{"type":"Feature","properties":{"q":"SESE","ac":40.2},"geometry":{"type":"Polygon","coordinates":[[[-106.652454,42.965556],[-106.657403,42.96555],[-106.657394,42.969184],[-106.652447,42.969184],[-106.652454,42.965556]]]}},{"type":"Feature","properties":{"q":"NENE","ac":39.9},"geometry":{"type":"Polygon","coordinates":[[[-106.691791,42.976362],[-106.696705,42.976418],[-106.696717,42.980038],[-106.691786,42.97998],[-106.691791,42.976362]]]}},{"type":"Feature","properties":{"q":"2","ac":38.7},"geometry":{"type":"Polygon","coordinates":[[[-106.726447,43.001885],[-106.73123,43.001852],[-106.731247,43.00547],[-106.726469,43.005505],[-106.726447,43.001885]]]}},{"type":"Feature","properties":{"q":"SESE","ac":39.6},"geometry":{"type":"Polygon","coordinates":[[[-106.613408,42.979748],[-106.618289,42.97982],[-106.618247,42.983443],[-106.613364,42.983369],[-106.613408,42.979748]]]}},{"type":"Feature","properties":{"q":"NWSE","ac":40.1},"geometry":{"type":"Polygon","coordinates":[[[-106.716481,42.983826],[-106.721423,42.98381],[-106.721443,42.987434],[-106.716507,42.987452],[-106.716481,42.983826]]]}},{"type":"Feature","properties":{"q":"SESE","ac":39.7},"geometry":{"type":"Polygon","coordinates":[[[-106.637797,42.969171],[-106.632914,42.969167],[-106.632907,42.965543],[-106.637794,42.965546],[-106.637797,42.969171]]]}},{"type":"Feature","properties":{"q":"SENW","ac":40.8},"geometry":{"type":"Polygon","coordinates":[[[-106.64764,42.961853],[-106.642746,42.961817],[-106.642811,42.958085],[-106.647712,42.958153],[-106.64764,42.961853]]]}},{"type":"Feature","properties":{"q":"NENE","ac":39.9},"geometry":{"type":"Polygon","coordinates":[[[-106.618009,43.005181],[-106.617969,43.008805],[-106.61305,43.008726],[-106.613102,43.005102],[-106.618009,43.005181]]]}},{"type":"Feature","properties":{"q":"NESW","ac":40.0},"geometry":{"type":"Polygon","coordinates":[[[-106.701936,43.001882],[-106.701872,42.998251],[-106.706791,42.998303],[-106.706861,43.001933],[-106.701936,43.001882]]]}},{"type":"Feature","properties":{"q":"SWNW","ac":40.0},"geometry":{"type":"Polygon","coordinates":[[[-106.691885,42.987246],[-106.691934,42.990879],[-106.687012,42.990909],[-106.686971,42.987272],[-106.691885,42.987246]]]}},{"type":"Feature","properties":{"q":"NENW","ac":40.1},"geometry":{"type":"Polygon","coordinates":[[[-106.622805,43.019746],[-106.627753,43.019827],[-106.627735,43.023448],[-106.622778,43.023367],[-106.622805,43.019746]]]}},{"type":"Feature","properties":{"q":"SENW","ac":40.1},"geometry":{"type":"Polygon","coordinates":[[[-106.686971,42.987272],[-106.687012,42.990909],[-106.68209,42.990939],[-106.682057,42.987298],[-106.686971,42.987272]]]}},{"type":"Feature","properties":{"q":"SENE","ac":39.8},"geometry":{"type":"Polygon","coordinates":[[[-106.677291,43.001906],[-106.677334,43.005518],[-106.672402,43.005553],[-106.672362,43.001948],[-106.677291,43.001906]]]}},{"type":"Feature","properties":{"q":"SESE","ac":39.8},"geometry":{"type":"Polygon","coordinates":[[[-106.677378,43.00913],[-106.677385,43.012733],[-106.67244,43.01275],[-106.672443,43.009158],[-106.677378,43.00913]]]}},{"type":"Feature","properties":{"q":"NENE","ac":40.2},"geometry":{"type":"Polygon","coordinates":[[[-106.711509,42.980214],[-106.711457,42.976586],[-106.716417,42.976577],[-106.716456,42.9802],[-106.711509,42.980214]]]}},{"type":"Feature","properties":{"q":"NESW","ac":39.6},"geometry":{"type":"Polygon","coordinates":[[[-106.642681,42.969176],[-106.647564,42.96918],[-106.64756,42.972807],[-106.64268,42.972802],[-106.642681,42.969176]]]}},{"type":"Feature","properties":{"q":"NENW","ac":40.0},"geometry":{"type":"Polygon","coordinates":[[[-106.701618,42.976474],[-106.706538,42.97653],[-106.706578,42.980155],[-106.701647,42.980097],[-106.701618,42.976474]]]}},{"type":"Feature","properties":{"q":"NENW","ac":40.3},"geometry":{"type":"Polygon","coordinates":[[[-106.64265,43.023574],[-106.642634,43.019942],[-106.647569,43.019959],[-106.647628,43.023597],[-106.64265,43.023574]]]}},{"type":"Feature","properties":{"q":"SWSE","ac":40.2},"geometry":{"type":"Polygon","coordinates":[[[-106.657682,42.950926],[-106.662593,42.950967],[-106.662532,42.954612],[-106.657612,42.954582],[-106.657682,42.950926]]]}},{"type":"Feature","properties":{"q":"NWNE","ac":40.0},"geometry":{"type":"Polygon","coordinates":[[[-106.662397,42.99096],[-106.662426,42.994593],[-106.657507,42.994565],[-106.657472,42.99094],[-106.662397,42.99096]]]}},{"type":"Feature","properties":{"q":"SESE","ac":40.2},"geometry":{"type":"Polygon","coordinates":[[[-106.677164,42.965518],[-106.67714,42.969166],[-106.672221,42.969184],[-106.672247,42.965533],[-106.677164,42.965518]]]}},{"type":"Feature","properties":{"q":"NESE","ac":40.0},"geometry":{"type":"Polygon","coordinates":[[[-106.696762,42.98367],[-106.696806,42.987302],[-106.691885,42.987246],[-106.691835,42.983613],[-106.696762,42.98367]]]}},{"type":"Feature","properties":{"q":"SWSE","ac":39.9},"geometry":{"type":"Polygon","coordinates":[[[-106.61782,43.023285],[-106.622778,43.023367],[-106.622722,43.02695],[-106.617766,43.026886],[-106.61782,43.023285]]]}},{"type":"Feature","properties":{"q":"NWSE","ac":39.9},"geometry":{"type":"Polygon","coordinates":[[[-106.677109,42.983704],[-106.682023,42.983673],[-106.682057,42.987298],[-106.677127,42.987323],[-106.677109,42.983704]]]}},{"type":"Feature","properties":{"q":"SWNE","ac":38.7},"geometry":{"type":"Polygon","coordinates":[[[-106.701512,42.95849],[-106.701522,42.962046],[-106.696648,42.962025],[-106.696629,42.958495],[-106.701512,42.95849]]]}},{"type":"Feature","properties":{"q":"SWSW","ac":39.9},"geometry":{"type":"Polygon","coordinates":[[[-106.667252,42.980106],[-106.672194,42.980119],[-106.672196,42.983734],[-106.667267,42.983722],[-106.667252,42.980106]]]}},{"type":"Feature","properties":{"q":"SESE","ac":40.0},"geometry":{"type":"Polygon","coordinates":[[[-106.652426,42.980069],[-106.657368,42.980081],[-106.657403,42.983698],[-106.652467,42.983686],[-106.652426,42.980069]]]}},{"type":"Feature","properties":{"q":"NWNW","ac":39.6},"geometry":{"type":"Polygon","coordinates":[[[-106.628057,42.97634],[-106.632927,42.976414],[-106.632934,42.980038],[-106.628053,42.979966],[-106.628057,42.97634]]]}},{"type":"Feature","properties":{"q":"NWNE","ac":40.0},"geometry":{"type":"Polygon","coordinates":[[[-106.716532,42.991078],[-106.721462,42.991057],[-106.721482,42.99468],[-106.716558,42.994704],[-106.716532,42.991078]]]}},{"type":"Feature","properties":{"q":"SWSW","ac":39.1},"geometry":{"type":"Polygon","coordinates":[[[-106.686906,42.954835],[-106.686901,42.951223],[-106.69173,42.951282],[-106.691737,42.95489],[-106.686906,42.954835]]]}},{"type":"Feature","properties":{"q":"NENW","ac":40.1},"geometry":{"type":"Polygon","coordinates":[[[-106.662519,43.023574],[-106.662501,43.019956],[-106.667468,43.019946],[-106.667476,43.023551],[-106.662519,43.023574]]]}},{"type":"Feature","properties":{"q":"NESE","ac":39.6},"geometry":{"type":"Polygon","coordinates":[[[-106.632914,42.969167],[-106.637797,42.969171],[-106.6378,42.972796],[-106.632921,42.972791],[-106.632914,42.969167]]]}},{"type":"Feature","properties":{"q":"NWNE","ac":40.0},"geometry":{"type":"Polygon","coordinates":[[[-106.618411,42.961649],[-106.623259,42.961682],[-106.623233,42.965392],[-106.618396,42.965317],[-106.618411,42.961649]]]}},{"type":"Feature","properties":{"q":"SENW","ac":40.0},"geometry":{"type":"Polygon","coordinates":[[[-106.682219,43.001864],[-106.687152,43.001821],[-106.6872,43.005447],[-106.682266,43.005483],[-106.682219,43.001864]]]}},{"type":"Feature","properties":{"q":"NESE","ac":39.7},"geometry":{"type":"Polygon","coordinates":[[[-106.716261,42.954881],[-106.716258,42.958477],[-106.711311,42.958481],[-106.711364,42.95488],[-106.716261,42.954881]]]}},{"type":"Feature","properties":{"q":"SWNW","ac":39.8},"geometry":{"type":"Polygon","coordinates":[[[-106.632737,43.005417],[-106.627827,43.005339],[-106.627846,43.001715],[-106.632747,43.001793],[-106.632737,43.005417]]]}},{"type":"Feature","properties":{"q":"SENW","ac":40.1},"geometry":{"type":"Polygon","coordinates":[[[-106.687299,43.01632],[-106.687324,43.019943],[-106.682361,43.019941],[-106.682345,43.016328],[-106.687299,43.01632]]]}},{"type":"Feature","properties":{"q":"NENW","ac":40.1},"geometry":{"type":"Polygon","coordinates":[[[-106.642679,42.99092],[-106.647613,42.99092],[-106.647634,42.994541],[-106.642679,42.994545],[-106.642679,42.99092]]]}},{"type":"Feature","properties":{"q":"SESE","ac":39.2},"geometry":{"type":"Polygon","coordinates":[[[-106.633101,42.950846],[-106.638019,42.950856],[-106.637981,42.954436],[-106.633089,42.954397],[-106.633101,42.950846]]]}},{"type":"Feature","properties":{"q":"NENE","ac":40.3},"geometry":{"type":"Polygon","coordinates":[[[-106.67716,42.990969],[-106.677194,42.994614],[-106.672264,42.994649],[-106.67223,42.990999],[-106.67716,42.990969]]]}},{"type":"Feature","properties":{"q":"NESW","ac":39.7},"geometry":{"type":"Polygon","coordinates":[[[-106.647573,42.98368],[-106.647593,42.987299],[-106.64268,42.987295],[-106.64268,42.983674],[-106.647573,42.98368]]]}},{"type":"Feature","properties":{"q":"NWSE","ac":40.0},"geometry":{"type":"Polygon","coordinates":[[[-106.701688,42.983728],[-106.701728,42.987359],[-106.696806,42.987302],[-106.696762,42.98367],[-106.701688,42.983728]]]}},{"type":"Feature","properties":{"q":"SWNE","ac":40.2},"geometry":{"type":"Polygon","coordinates":[[[-106.637728,42.990919],[-106.63773,42.98729],[-106.64268,42.987295],[-106.642679,42.99092],[-106.637728,42.990919]]]}},{"type":"Feature","properties":{"q":"NESE","ac":40.1},"geometry":{"type":"Polygon","coordinates":[[[-106.637661,43.012673],[-106.637664,43.016297],[-106.63271,43.016285],[-106.632718,43.012663],[-106.637661,43.012673]]]}},{"type":"Feature","properties":{"q":"SWNE","ac":40.0},"geometry":{"type":"Polygon","coordinates":[[[-106.657437,42.987315],[-106.662368,42.987326],[-106.662397,42.99096],[-106.657472,42.99094],[-106.657437,42.987315]]]}},{"type":"Feature","properties":{"q":"NWNW","ac":40.3},"geometry":{"type":"Polygon","coordinates":[[[-106.667257,42.976468],[-106.672195,42.976477],[-106.672194,42.980119],[-106.667252,42.980106],[-106.667257,42.976468]]]}},{"type":"Feature","properties":{"q":"2","ac":38.7},"geometry":{"type":"Polygon","coordinates":[[[-106.726377,42.987415],[-106.731147,42.987397],[-106.731173,42.991018],[-106.726391,42.991038],[-106.726377,42.987415]]]}},{"type":"Feature","properties":{"q":"NWSE","ac":40.0},"geometry":{"type":"Polygon","coordinates":[[[-106.701872,42.998251],[-106.701936,43.001882],[-106.69701,43.00183],[-106.696953,42.998198],[-106.701872,42.998251]]]}},{"type":"Feature","properties":{"q":"SWSW","ac":39.3},"geometry":{"type":"Polygon","coordinates":[[[-106.62807,42.965468],[-106.632907,42.965543],[-106.632914,42.969167],[-106.628066,42.969091],[-106.62807,42.965468]]]}},{"type":"Feature","properties":{"q":"SWNE","ac":40.3},"geometry":{"type":"Polygon","coordinates":[[[-106.662472,42.958256],[-106.662411,42.9619],[-106.657473,42.961895],[-106.657543,42.958239],[-106.662472,42.958256]]]}},{"type":"Feature","properties":{"q":"NWNW","ac":40.1},"geometry":{"type":"Polygon","coordinates":[[[-106.687012,42.990909],[-106.691934,42.990879],[-106.691984,42.994512],[-106.687054,42.994546],[-106.687012,42.990909]]]}},{"type":"Feature","properties":{"q":"NENE","ac":39.2},"geometry":{"type":"Polygon","coordinates":[[[-106.711786,43.023602],[-106.711825,43.020012],[-106.716694,43.019993],[-106.716661,43.023589],[-106.711786,43.023602]]]}},{"type":"Feature","properties":{"q":"NESW","ac":40.3},"geometry":{"type":"Polygon","coordinates":[[[-106.662341,42.969184],[-106.667281,42.969184],[-106.667263,42.97283],[-106.662331,42.972824],[-106.662341,42.969184]]]}},{"type":"Feature","properties":{"q":"SENW","ac":40.0},"geometry":{"type":"Polygon","coordinates":[[[-106.721443,42.987434],[-106.726377,42.987415],[-106.726391,42.991038],[-106.721462,42.991057],[-106.721443,42.987434]]]}},{"type":"Feature","properties":{"q":"SESW","ac":39.9},"geometry":{"type":"Polygon","coordinates":[[[-106.647854,42.950875],[-106.647783,42.954514],[-106.642874,42.954475],[-106.642936,42.950866],[-106.647854,42.950875]]]}},{"type":"Feature","properties":{"q":"NWSW","ac":40.0},"geometry":{"type":"Polygon","coordinates":[[[-106.667452,42.954641],[-106.672372,42.95467],[-106.672331,42.958291],[-106.667401,42.958274],[-106.667452,42.954641]]]}},{"type":"Feature","properties":{"q":"SENE","ac":39.7},"geometry":{"type":"Polygon","coordinates":[[[-106.692252,43.016312],[-106.697155,43.01634],[-106.697172,43.019962],[-106.692287,43.019946],[-106.692252,43.016312]]]}},{"type":"Feature","properties":{"q":"NWNE","ac":39.4},"geometry":{"type":"Polygon","coordinates":[[[-106.721602,43.00554],[-106.721642,43.009162],[-106.716791,43.009201],[-106.716733,43.005576],[-106.721602,43.00554]]]}},{"type":"Feature","properties":{"q":"SWNE","ac":40.2},"geometry":{"type":"Polygon","coordinates":[[[-106.657385,42.972818],[-106.662331,42.972824],[-106.66232,42.976459],[-106.657377,42.97645],[-106.657385,42.972818]]]}},{"type":"Feature","properties":{"q":"SENE","ac":40.2},"geometry":{"type":"Polygon","coordinates":[[[-106.65244,42.972812],[-106.657385,42.972818],[-106.657377,42.97645],[-106.652433,42.97644],[-106.65244,42.972812]]]}},{"type":"Feature","properties":{"q":"NENW","ac":39.6},"geometry":{"type":"Polygon","coordinates":[[[-106.623187,42.976265],[-106.628057,42.97634],[-106.628053,42.979966],[-106.623171,42.979893],[-106.623187,42.976265]]]}},{"type":"Feature","properties":{"q":"NWSE","ac":39.3},"geometry":{"type":"Polygon","coordinates":[[[-106.69662,42.954894],[-106.701503,42.954897],[-106.701512,42.95849],[-106.696629,42.958495],[-106.69662,42.954894]]]}},{"type":"Feature","properties":{"q":"NENE","ac":39.5},"geometry":{"type":"Polygon","coordinates":[[[-106.711864,43.005612],[-106.716733,43.005576],[-106.716791,43.009201],[-106.711941,43.00924],[-106.711864,43.005612]]]}},{"type":"Feature","properties":{"q":"NESE","ac":39.0},"geometry":{"type":"Polygon","coordinates":[[[-106.633089,42.954397],[-106.637981,42.954436],[-106.637944,42.958017],[-106.633077,42.957949],[-106.633089,42.954397]]]}},{"type":"Feature","properties":{"q":"SWSW","ac":39.6},"geometry":{"type":"Polygon","coordinates":[[[-106.647553,42.980061],[-106.652426,42.980069],[-106.652467,42.983686],[-106.647573,42.98368],[-106.647553,42.980061]]]}},{"type":"Feature","properties":{"q":"SWSW","ac":39.6},"geometry":{"type":"Polygon","coordinates":[[[-106.627886,42.994473],[-106.632771,42.994552],[-106.632759,42.998172],[-106.627866,42.998094],[-106.627886,42.994473]]]}},{"type":"Feature","properties":{"q":"SENE","ac":40.3},"geometry":{"type":"Polygon","coordinates":[[[-106.672197,42.987349],[-106.677127,42.987323],[-106.67716,42.990969],[-106.67223,42.990999],[-106.672197,42.987349]]]}},{"type":"Feature","properties":{"q":"2","ac":38.4},"geometry":{"type":"Polygon","coordinates":[[[-106.726289,42.962083],[-106.726276,42.958467],[-106.731009,42.958462],[-106.731023,42.962082],[-106.726289,42.962083]]]}},{"type":"Feature","properties":{"q":"NWSW","ac":39.8},"geometry":{"type":"Polygon","coordinates":[[[-106.672197,42.987349],[-106.667282,42.987337],[-106.667267,42.983722],[-106.672196,42.983734],[-106.672197,42.987349]]]}},{"type":"Feature","properties":{"q":"NESE","ac":40.3},"geometry":{"type":"Polygon","coordinates":[[[-106.652553,42.998171],[-106.657492,42.998203],[-106.657477,43.00184],[-106.652519,43.001804],[-106.652553,42.998171]]]}},{"type":"Feature","properties":{"q":"NESE","ac":39.5},"geometry":{"type":"Polygon","coordinates":[[[-106.613426,42.972482],[-106.613493,42.968862],[-106.618355,42.968938],[-106.618314,42.972559],[-106.613426,42.972482]]]}},{"type":"Feature","properties":{"q":"SENW","ac":39.5},"geometry":{"type":"Polygon","coordinates":[[[-106.721562,43.001918],[-106.726447,43.001885],[-106.726469,43.005505],[-106.721602,43.00554],[-106.721562,43.001918]]]}},{"type":"Feature","properties":{"q":"NWNW","ac":40.1},"geometry":{"type":"Polygon","coordinates":[[[-106.6872,43.005447],[-106.692134,43.005412],[-106.692184,43.009045],[-106.687249,43.009073],[-106.6872,43.005447]]]}},{"type":"Feature","properties":{"q":"SENE","ac":40.3},"geometry":{"type":"Polygon","coordinates":[[[-106.711405,42.972958],[-106.716378,42.972954],[-106.716417,42.976577],[-106.711457,42.976586],[-106.711405,42.972958]]]}},{"type":"Feature","properties":{"q":"SENE","ac":39.6},"geometry":{"type":"Polygon","coordinates":[[[-106.716674,43.001951],[-106.716733,43.005576],[-106.711864,43.005612],[-106.711787,43.001984],[-106.716674,43.001951]]]}},{"type":"Feature","properties":{"q":"SWNW","ac":40.0},"geometry":{"type":"Polygon","coordinates":[[[-106.706861,43.001933],[-106.711787,43.001984],[-106.711864,43.005612],[-106.706931,43.005562],[-106.706861,43.001933]]]}},{"type":"Feature","properties":{"q":"NENE","ac":39.6},"geometry":{"type":"Polygon","coordinates":[[[-106.613277,42.990613],[-106.618161,42.99069],[-106.618118,42.994314],[-106.613233,42.994234],[-106.613277,42.990613]]]}},{"type":"Feature","properties":{"q":"SWNE","ac":39.9},"geometry":{"type":"Polygon","coordinates":[[[-106.677334,43.005518],[-106.677291,43.001906],[-106.682219,43.001864],[-106.682266,43.005483],[-106.677334,43.005518]]]}},{"type":"Feature","properties":{"q":"NESW","ac":39.8},"geometry":{"type":"Polygon","coordinates":[[[-106.667282,42.987337],[-106.662368,42.987326],[-106.662339,42.98371],[-106.667267,42.983722],[-106.667282,42.987337]]]}},{"type":"Feature","properties":{"q":"SESW","ac":39.2},"geometry":{"type":"Polygon","coordinates":[[[-106.721642,43.009162],[-106.726492,43.009124],[-106.726472,43.012736],[-106.721616,43.012767],[-106.721642,43.009162]]]}},{"type":"Feature","properties":{"q":"3","ac":39.9},"geometry":{"type":"Polygon","coordinates":[[[-106.662132,43.034227],[-106.667173,43.034267],[-106.667072,43.037814],[-106.662004,43.037726],[-106.662132,43.034227]]]}},{"type":"Feature","properties":{"q":"NENW","ac":39.3},"geometry":{"type":"Polygon","coordinates":[[[-106.721563,43.019974],[-106.726432,43.019956],[-106.726412,43.023565],[-106.721537,43.023577],[-106.721563,43.019974]]]}},{"type":"Feature","properties":{"q":"SENW","ac":40.9},"geometry":{"type":"Polygon","coordinates":[[[-106.721206,42.958472],[-106.726276,42.958467],[-106.726289,42.962083],[-106.721253,42.962085],[-106.721206,42.958472]]]}},{"type":"Feature","properties":{"q":"NENW","ac":38.5},"geometry":{"type":"Polygon","coordinates":[[[-106.682079,42.96195],[-106.686927,42.961977],[-106.686943,42.965506],[-106.682081,42.965503],[-106.682079,42.96195]]]}},{"type":"Feature","properties":{"q":"NESW","ac":39.6},"geometry":{"type":"Polygon","coordinates":[[[-106.726426,42.998272],[-106.726447,43.001885],[-106.721562,43.001918],[-106.721522,42.998299],[-106.726426,42.998272]]]}},{"type":"Feature","properties":{"q":"SESW","ac":40.0},"geometry":{"type":"Polygon","coordinates":[[[-106.682313,43.009101],[-106.687249,43.009073],[-106.687274,43.012697],[-106.682329,43.012715],[-106.682313,43.009101]]]}},{"type":"Feature","properties":{"q":"SENE","ac":39.8},"geometry":{"type":"Polygon","coordinates":[[[-106.691791,42.976362],[-106.691795,42.972745],[-106.696692,42.972798],[-106.696705,42.976418],[-106.691791,42.976362]]]}},{"type":"Feature","properties":{"q":"NENW","ac":40.1},"geometry":{"type":"Polygon","coordinates":[[[-106.642611,43.005427],[-106.647547,43.005433],[-106.647519,43.009063],[-106.642588,43.009056],[-106.642611,43.005427]]]}},{"type":"Feature","properties":{"q":"SESE","ac":39.9},"geometry":{"type":"Polygon","coordinates":[[[-106.711634,42.994728],[-106.716558,42.994704],[-106.716616,42.998328],[-106.71171,42.998356],[-106.711634,42.994728]]]}},{"type":"Feature","properties":{"q":"SWSW","ac":39.9},"geometry":{"type":"Polygon","coordinates":[[[-106.667503,42.951008],[-106.672414,42.951049],[-106.672372,42.95467],[-106.667452,42.954641],[-106.667503,42.951008]]]}},{"type":"Feature","properties":{"q":"SWSW","ac":40.1},"geometry":{"type":"Polygon","coordinates":[[[-106.687274,43.012697],[-106.687249,43.009073],[-106.692184,43.009045],[-106.692218,43.012679],[-106.687274,43.012697]]]}},{"type":"Feature","properties":{"q":"NWSE","ac":40.1},"geometry":{"type":"Polygon","coordinates":[[[-106.637708,42.998172],[-106.642656,42.998172],[-106.642634,43.001799],[-106.637691,43.001796],[-106.637708,42.998172]]]}},{"type":"Feature","properties":{"q":"NESE","ac":39.8},"geometry":{"type":"Polygon","coordinates":[[[-106.677385,43.012733],[-106.677392,43.016336],[-106.672438,43.016343],[-106.67244,43.01275],[-106.677385,43.012733]]]}},{"type":"Feature","properties":{"q":"SESW","ac":39.7},"geometry":{"type":"Polygon","coordinates":[[[-106.642681,42.96555],[-106.647568,42.965553],[-106.647564,42.96918],[-106.642681,42.969176],[-106.642681,42.96555]]]}},{"type":"Feature","properties":{"q":"NWSW","ac":39.7},"geometry":{"type":"Polygon","coordinates":[[[-106.647593,42.987299],[-106.647573,42.98368],[-106.652467,42.983686],[-106.652507,42.987303],[-106.647593,42.987299]]]}},{"type":"Feature","properties":{"q":"SWNW","ac":39.4},"geometry":{"type":"Polygon","coordinates":[[[-106.711863,43.016421],[-106.711825,43.020012],[-106.706941,43.019995],[-106.706961,43.016394],[-106.711863,43.016421]]]}},{"type":"Feature","properties":{"q":"SESE","ac":39.3},"geometry":{"type":"Polygon","coordinates":[[[-106.61356,42.965242],[-106.618396,42.965317],[-106.618355,42.968938],[-106.613493,42.968862],[-106.61356,42.965242]]]}},{"type":"Feature","properties":{"q":"SESW","ac":39.6},"geometry":{"type":"Polygon","coordinates":[[[-106.686943,42.965506],[-106.686929,42.969137],[-106.682058,42.969147],[-106.682081,42.965503],[-106.686943,42.965506]]]}},{"type":"Feature","properties":{"q":"SWSE","ac":40.5},"geometry":{"type":"Polygon","coordinates":[[[-106.657448,43.009093],[-106.662446,43.009114],[-106.662464,43.012726],[-106.657445,43.012714],[-106.657448,43.009093]]]}},{"type":"Feature","properties":{"q":"SWNW","ac":39.9},"geometry":{"type":"Polygon","coordinates":[[[-106.647613,42.99092],[-106.647593,42.987299],[-106.652507,42.987303],[-106.652547,42.99092],[-106.647613,42.99092]]]}},{"type":"Feature","properties":{"q":"SWNE","ac":39.6},"geometry":{"type":"Polygon","coordinates":[[[-106.697155,43.01634],[-106.702058,43.016367],[-106.702056,43.019979],[-106.697172,43.019962],[-106.697155,43.01634]]]}},{"type":"Feature","properties":{"q":"2","ac":39.3},"geometry":{"type":"Polygon","coordinates":[[[-106.726452,43.016347],[-106.731292,43.016322],[-106.731305,43.019938],[-106.726432,43.019956],[-106.726452,43.016347]]]}},{"type":"Feature","properties":{"q":"NWNE","ac":39.9},"geometry":{"type":"Polygon","coordinates":[[[-106.677104,42.976449],[-106.682013,42.97642],[-106.68199,42.980049],[-106.677092,42.980084],[-106.677104,42.976449]]]}},{"type":"Feature","properties":{"q":"NENW","ac":40.6},"geometry":{"type":"Polygon","coordinates":[[[-106.726289,42.962083],[-106.726302,42.9657],[-106.721301,42.965698],[-106.721253,42.962085],[-106.726289,42.962083]]]}},{"type":"Feature","properties":{"q":"NENE","ac":41.3},"geometry":{"type":"Polygon","coordinates":[[[-106.632992,42.961746],[-106.637869,42.961782],[-106.637794,42.965546],[-106.632907,42.965543],[-106.632992,42.961746]]]}},{"type":"Feature","properties":{"q":"NWNW","ac":40.1},"geometry":{"type":"Polygon","coordinates":[[[-106.647634,42.994541],[-106.647613,42.99092],[-106.652547,42.99092],[-106.652588,42.994537],[-106.647634,42.994541]]]}},{"type":"Feature","properties":{"q":"NESW","ac":39.9},"geometry":{"type":"Polygon","coordinates":[[[-106.682023,42.983673],[-106.686929,42.983643],[-106.686971,42.987272],[-106.682057,42.987298],[-106.682023,42.983673]]]}},{"type":"Feature","properties":{"q":"SWNE","ac":40.9},"geometry":{"type":"Polygon","coordinates":[[[-106.642811,42.958085],[-106.642746,42.961817],[-106.637869,42.961782],[-106.637944,42.958017],[-106.642811,42.958085]]]}},{"type":"Feature","properties":{"q":"SWNW","ac":39.5},"geometry":{"type":"Polygon","coordinates":[[[-106.632921,42.972791],[-106.632927,42.976414],[-106.628057,42.97634],[-106.628061,42.972714],[-106.632921,42.972791]]]}},{"type":"Feature","properties":{"q":"SWNW","ac":40.3},"geometry":{"type":"Polygon","coordinates":[[[-106.687299,43.01632],[-106.692252,43.016312],[-106.692287,43.019946],[-106.687324,43.019943],[-106.687299,43.01632]]]}},{"type":"Feature","properties":{"q":"NWSW","ac":39.8},"geometry":{"type":"Polygon","coordinates":[[[-106.706456,42.969279],[-106.711352,42.96933],[-106.711405,42.972958],[-106.706497,42.972905],[-106.706456,42.969279]]]}},{"type":"Feature","properties":{"q":"SESE","ac":40.1},"geometry":{"type":"Polygon","coordinates":[[[-106.672433,43.023528],[-106.677405,43.023541],[-106.67736,43.027142],[-106.672361,43.027121],[-106.672433,43.023528]]]}},{"type":"Feature","properties":{"q":"SENE","ac":38.4},"geometry":{"type":"Polygon","coordinates":[[[-106.696629,42.958495],[-106.696648,42.962025],[-106.691775,42.962004],[-106.691745,42.958499],[-106.696629,42.958495]]]}},{"type":"Feature","properties":{"q":"SENE","ac":40.1},"geometry":{"type":"Polygon","coordinates":[[[-106.711311,42.958481],[-106.716258,42.958477],[-106.71628,42.962088],[-106.711306,42.962092],[-106.711311,42.958481]]]}},{"type":"Feature","properties":{"q":"SWSE","ac":39.5},"geometry":{"type":"Polygon","coordinates":[[[-106.696668,42.965556],[-106.701531,42.965602],[-106.70156,42.969227],[-106.69668,42.969177],[-106.696668,42.965556]]]}},{"type":"Feature","properties":{"q":"SENE","ac":40.4},"geometry":{"type":"Polygon","coordinates":[[[-106.652519,43.001804],[-106.657477,43.00184],[-106.657462,43.005467],[-106.652484,43.005437],[-106.652519,43.001804]]]}},{"type":"Feature","properties":{"q":"NENW","ac":40.2},"geometry":{"type":"Polygon","coordinates":[[[-106.66232,42.976459],[-106.667257,42.976468],[-106.667252,42.980106],[-106.66231,42.980094],[-106.66232,42.976459]]]}},{"type":"Feature","properties":{"q":"SENE","ac":40.0},"geometry":{"type":"Polygon","coordinates":[[[-106.691885,42.987246],[-106.696806,42.987302],[-106.696851,42.990934],[-106.691934,42.990879],[-106.691885,42.987246]]]}},{"type":"Feature","properties":{"q":"NWSW","ac":39.5},"geometry":{"type":"Polygon","coordinates":[[[-106.706981,43.012793],[-106.711902,43.012831],[-106.711863,43.016421],[-106.706961,43.016394],[-106.706981,43.012793]]]}},{"type":"Feature","properties":{"q":"NENE","ac":39.7},"geometry":{"type":"Polygon","coordinates":[[[-106.613417,42.976115],[-106.618302,42.97619],[-106.618289,42.97982],[-106.613408,42.979748],[-106.613417,42.976115]]]}},{"type":"Feature","properties":{"q":"NENE","ac":39.6},"geometry":{"type":"Polygon","coordinates":[[[-106.672289,42.961912],[-106.677184,42.961931],[-106.677164,42.965518],[-106.672247,42.965533],[-106.672289,42.961912]]]}},{"type":"Feature","properties":{"q":"SWSW","ac":40.0},"geometry":{"type":"Polygon","coordinates":[[[-106.706578,42.980155],[-106.711509,42.980214],[-106.71154,42.983842],[-106.706614,42.983785],[-106.706578,42.980155]]]}},{"type":"Feature","properties":{"q":"3","ac":38.4},"geometry":{"type":"Polygon","coordinates":[[[-106.731052,42.972941],[-106.726318,42.972945],[-106.72631,42.969323],[-106.731044,42.969321],[-106.731052,42.972941]]]}},{"type":"Feature","properties":{"q":"SWSE","ac":40.3},"geometry":{"type":"Polygon","coordinates":[[[-106.657403,42.96555],[-106.662351,42.965545],[-106.662341,42.969184],[-106.657394,42.969184],[-106.657403,42.96555]]]}},{"type":"Feature","properties":{"q":"SENE","ac":39.6},"geometry":{"type":"Polygon","coordinates":[[[-106.632921,42.972791],[-106.6378,42.972796],[-106.637804,42.976421],[-106.632927,42.976414],[-106.632921,42.972791]]]}},{"type":"Feature","properties":{"q":"SESW","ac":40.1},"geometry":{"type":"Polygon","coordinates":[[[-106.726363,42.983797],[-106.721423,42.98381],[-106.721403,42.980186],[-106.726349,42.980177],[-106.726363,42.983797]]]}},{"type":"Feature","properties":{"q":"NENW","ac":40.7},"geometry":{"type":"Polygon","coordinates":[[[-106.642746,42.961817],[-106.64764,42.961853],[-106.647568,42.965553],[-106.642681,42.96555],[-106.642746,42.961817]]]}},{"type":"Feature","properties":{"q":"3","ac":38.0},"geometry":{"type":"Polygon","coordinates":[[[-106.726196,42.954866],[-106.730866,42.954852],[-106.731009,42.958462],[-106.726276,42.958467],[-106.726196,42.954866]]]}},{"type":"Feature","properties":{"q":"SWNE","ac":40.3},"geometry":{"type":"Polygon","coordinates":[[[-106.637664,43.016297],[-106.642619,43.016309],[-106.642634,43.019942],[-106.637668,43.019925],[-106.637664,43.016297]]]}},{"type":"Feature","properties":{"q":"NWNE","ac":39.9},"geometry":{"type":"Polygon","coordinates":[[[-106.696851,42.990934],[-106.701768,42.990989],[-106.701809,42.99462],[-106.696896,42.994566],[-106.696851,42.990934]]]}},{"type":"Feature","properties":{"q":"NWNE","ac":40.4},"geometry":{"type":"Polygon","coordinates":[[[-106.662501,43.019956],[-106.662519,43.023574],[-106.657563,43.023596],[-106.657502,43.019966],[-106.662501,43.019956]]]}},{"type":"Feature","properties":{"q":"NWNE","ac":40.4},"geometry":{"type":"Polygon","coordinates":[[[-106.662441,43.005495],[-106.662446,43.009114],[-106.657448,43.009093],[-106.657462,43.005467],[-106.662441,43.005495]]]}},{"type":"Feature","properties":{"q":"SWSW","ac":39.5},"geometry":{"type":"Polygon","coordinates":[[[-106.691804,42.965509],[-106.6918,42.969127],[-106.686929,42.969137],[-106.686943,42.965506],[-106.691804,42.965509]]]}},{"type":"Feature","properties":{"q":"NESW","ac":40.0},"geometry":{"type":"Polygon","coordinates":[[[-106.721423,42.98381],[-106.726363,42.983797],[-106.726377,42.987415],[-106.721443,42.987434],[-106.721423,42.98381]]]}},{"type":"Feature","properties":{"q":"SESE","ac":39.7},"geometry":{"type":"Polygon","coordinates":[[[-106.672194,42.980119],[-106.677092,42.980084],[-106.677109,42.983704],[-106.672196,42.983734],[-106.672194,42.980119]]]}},{"type":"Feature","properties":{"q":"NWNW","ac":40.1},"geometry":{"type":"Polygon","coordinates":[[[-106.67223,42.990999],[-106.672264,42.994649],[-106.667345,42.994621],[-106.667314,42.990979],[-106.67223,42.990999]]]}},{"type":"Feature","properties":{"q":"NWNE","ac":40.1},"geometry":{"type":"Polygon","coordinates":[[[-106.622778,43.023367],[-106.61782,43.023285],[-106.617859,43.019666],[-106.622805,43.019746],[-106.622778,43.023367]]]}},{"type":"Feature","properties":{"q":"SENW","ac":40.8},"geometry":{"type":"Polygon","coordinates":[[[-106.623285,42.957971],[-106.628181,42.95796],[-106.628126,42.961714],[-106.623259,42.961682],[-106.623285,42.957971]]]}},{"type":"Feature","properties":{"q":"SESW","ac":40.3},"geometry":{"type":"Polygon","coordinates":[[[-106.662351,42.965545],[-106.667299,42.965539],[-106.667281,42.969184],[-106.662341,42.969184],[-106.662351,42.965545]]]}},{"type":"Feature","properties":{"q":"NENW","ac":40.3},"geometry":{"type":"Polygon","coordinates":[[[-106.667299,42.965539],[-106.662351,42.965545],[-106.662411,42.9619],[-106.66735,42.961906],[-106.667299,42.965539]]]}},{"type":"Feature","properties":{"q":"NESE","ac":40.5},"geometry":{"type":"Polygon","coordinates":[[[-106.711405,42.972958],[-106.711352,42.96933],[-106.71634,42.969327],[-106.716378,42.972954],[-106.711405,42.972958]]]}},{"type":"Feature","properties":{"q":"4","ac":37.5},"geometry":{"type":"Polygon","coordinates":[[[-106.726116,42.951266],[-106.730723,42.951243],[-106.730866,42.954852],[-106.726196,42.954866],[-106.726116,42.951266]]]}},{"type":"Feature","properties":{"q":"1","ac":38.8},"geometry":{"type":"Polygon","coordinates":[[[-106.637431,43.034183],[-106.637351,43.037689],[-106.632419,43.037694],[-106.632488,43.034173],[-106.637431,43.034183]]]}},{"type":"Feature","properties":{"q":"SWSE","ac":39.4},"geometry":{"type":"Polygon","coordinates":[[[-106.662519,43.023574],[-106.66239,43.027138],[-106.657441,43.027146],[-106.657563,43.023596],[-106.662519,43.023574]]]}},{"type":"Feature","properties":{"q":"NESW","ac":39.7},"geometry":{"type":"Polygon","coordinates":[[[-106.622974,42.998015],[-106.627866,42.998094],[-106.627846,43.001715],[-106.622945,43.001636],[-106.622974,42.998015]]]}},{"type":"Feature","properties":{"q":"SENW","ac":39.8},"geometry":{"type":"Polygon","coordinates":[[[-106.627846,43.001715],[-106.627827,43.005339],[-106.622917,43.00526],[-106.622945,43.001636],[-106.627846,43.001715]]]}},{"type":"Feature","properties":{"q":"SWNE","ac":39.6},"geometry":{"type":"Polygon","coordinates":[[[-106.637804,42.976421],[-106.6378,42.972796],[-106.64268,42.972802],[-106.64268,42.976428],[-106.637804,42.976421]]]}},{"type":"Feature","properties":{"q":"SESW","ac":40.2},"geometry":{"type":"Polygon","coordinates":[[[-106.647634,42.994541],[-106.647605,42.998171],[-106.642656,42.998172],[-106.642679,42.994545],[-106.647634,42.994541]]]}},{"type":"Feature","properties":{"q":"NWNW","ac":39.9},"geometry":{"type":"Polygon","coordinates":[[[-106.711634,42.994728],[-106.706721,42.994674],[-106.706685,42.991044],[-106.711602,42.991099],[-106.711634,42.994728]]]}},{"type":"Feature","properties":{"q":"SWNE","ac":40.3},"geometry":{"type":"Polygon","coordinates":[[[-106.716378,42.972954],[-106.721352,42.97295],[-106.721378,42.976568],[-106.716417,42.976577],[-106.716378,42.972954]]]}},{"type":"Feature","properties":{"q":"NESW","ac":40.7},"geometry":{"type":"Polygon","coordinates":[[[-106.721158,42.954881],[-106.726196,42.954866],[-106.726276,42.958467],[-106.721206,42.958472],[-106.721158,42.954881]]]}},{"type":"Feature","properties":{"q":"SWNE","ac":39.6},"geometry":{"type":"Polygon","coordinates":[[[-106.716674,43.001951],[-106.721562,43.001918],[-106.721602,43.00554],[-106.716733,43.005576],[-106.716674,43.001951]]]}},{"type":"Feature","properties":{"q":"NWNW","ac":40.1},"geometry":{"type":"Polygon","coordinates":[[[-106.627753,43.019827],[-106.632701,43.019908],[-106.632693,43.02353],[-106.627735,43.023448],[-106.627753,43.019827]]]}},{"type":"Feature","properties":{"q":"NENE","ac":39.8},"geometry":{"type":"Polygon","coordinates":[[[-106.672402,43.005553],[-106.677334,43.005518],[-106.677378,43.00913],[-106.672443,43.009158],[-106.672402,43.005553]]]}},{"type":"Feature","properties":{"q":"NESW","ac":40.4},"geometry":{"type":"Polygon","coordinates":[[[-106.726318,42.972945],[-106.721352,42.97295],[-106.721327,42.969324],[-106.72631,42.969323],[-106.726318,42.972945]]]}},{"type":"Feature","properties":{"q":"SWSW","ac":39.7},"geometry":{"type":"Polygon","coordinates":[[[-106.706981,43.012793],[-106.707002,43.009192],[-106.711941,43.00924],[-106.711902,43.012831],[-106.706981,43.012793]]]}},{"type":"Feature","properties":{"q":"SWSE","ac":40.1},"geometry":{"type":"Polygon","coordinates":[[[-106.716456,42.9802],[-106.721403,42.980186],[-106.721423,42.98381],[-106.716481,42.983826],[-106.716456,42.9802]]]}},{"type":"Feature","properties":{"q":"1","ac":38.8},"geometry":{"type":"Polygon","coordinates":[[[-106.726391,42.991038],[-106.731173,42.991018],[-106.731199,42.994639],[-106.726404,42.99466],[-106.726391,42.991038]]]}},{"type":"Feature","properties":{"q":"NWSW","ac":40.2},"geometry":{"type":"Polygon","coordinates":[[[-106.652553,42.998171],[-106.652519,43.001804],[-106.647576,43.001802],[-106.647605,42.998171],[-106.652553,42.998171]]]}},{"type":"Feature","properties":{"q":"4","ac":38.7},"geometry":{"type":"Polygon","coordinates":[[[-106.726472,43.012736],[-106.726492,43.009124],[-106.731265,43.009087],[-106.731278,43.012704],[-106.726472,43.012736]]]}},{"type":"Feature","properties":{"q":"NENE","ac":40.5},"geometry":{"type":"Polygon","coordinates":[[[-106.657448,43.009093],[-106.652449,43.009071],[-106.652484,43.005437],[-106.657462,43.005467],[-106.657448,43.009093]]]}},{"type":"Feature","properties":{"q":"NWSE","ac":39.7},"geometry":{"type":"Polygon","coordinates":[[[-106.69668,42.969177],[-106.70156,42.969227],[-106.701589,42.972852],[-106.696692,42.972798],[-106.69668,42.969177]]]}},{"type":"Feature","properties":{"q":"SWSE","ac":40.2},"geometry":{"type":"Polygon","coordinates":[[[-106.682124,42.99458],[-106.682171,42.998222],[-106.677242,42.99826],[-106.677194,42.994614],[-106.682124,42.99458]]]}},{"type":"Feature","properties":{"q":"SWSE","ac":39.2},"geometry":{"type":"Polygon","coordinates":[[[-106.716264,42.951285],[-106.721111,42.951291],[-106.721158,42.954881],[-106.716261,42.954881],[-106.716264,42.951285]]]}},{"type":"Feature","properties":{"q":"SWSW","ac":39.9},"geometry":{"type":"Polygon","coordinates":[[[-106.711634,42.994728],[-106.71171,42.998356],[-106.706791,42.998303],[-106.706721,42.994674],[-106.711634,42.994728]]]}},{"type":"Feature","properties":{"q":"SWNE","ac":39.7},"geometry":{"type":"Polygon","coordinates":[[[-106.623202,42.972637],[-106.623187,42.976265],[-106.618302,42.97619],[-106.618314,42.972559],[-106.623202,42.972637]]]}},{"type":"Feature","properties":{"q":"NENE","ac":39.6},"geometry":{"type":"Polygon","coordinates":[[[-106.618411,42.961649],[-106.618396,42.965317],[-106.61356,42.965242],[-106.613562,42.961617],[-106.618411,42.961649]]]}},{"type":"Feature","properties":{"q":"SWNE","ac":40.1},"geometry":{"type":"Polygon","coordinates":[[[-106.618425,42.957981],[-106.623285,42.957971],[-106.623259,42.961682],[-106.618411,42.961649],[-106.618425,42.957981]]]}},{"type":"Feature","properties":{"q":"SESW","ac":39.1},"geometry":{"type":"Polygon","coordinates":[[[-106.682072,42.951165],[-106.686901,42.951223],[-106.686906,42.954835],[-106.682074,42.954781],[-106.682072,42.951165]]]}},{"type":"Feature","properties":{"q":"NWNE","ac":40.2},"geometry":{"type":"Polygon","coordinates":[[[-106.716417,42.976577],[-106.721378,42.976568],[-106.721403,42.980186],[-106.716456,42.9802],[-106.716417,42.976577]]]}},{"type":"Feature","properties":{"q":"NWSE","ac":40.3},"geometry":{"type":"Polygon","coordinates":[[[-106.662331,42.972824],[-106.657385,42.972818],[-106.657394,42.969184],[-106.662341,42.969184],[-106.662331,42.972824]]]}},{"type":"Feature","properties":{"q":"SENE","ac":40.9},"geometry":{"type":"Polygon","coordinates":[[[-106.652401,43.016332],[-106.657442,43.016335],[-106.657502,43.019966],[-106.652503,43.019975],[-106.652401,43.016332]]]}},{"type":"Feature","properties":{"q":"SENW","ac":39.5},"geometry":{"type":"Polygon","coordinates":[[[-106.702058,43.016367],[-106.706961,43.016394],[-106.706941,43.019995],[-106.702056,43.019979],[-106.702058,43.016367]]]}},{"type":"Feature","properties":{"q":"SESW","ac":39.6},"geometry":{"type":"Polygon","coordinates":[[[-106.647573,42.98368],[-106.64268,42.983674],[-106.64268,42.980053],[-106.647553,42.980061],[-106.647573,42.98368]]]}},{"type":"Feature","properties":{"q":"NESE","ac":39.9},"geometry":{"type":"Polygon","coordinates":[[[-106.692218,43.012679],[-106.697139,43.012717],[-106.697155,43.01634],[-106.692252,43.016312],[-106.692218,43.012679]]]}},{"type":"Feature","properties":{"q":"SESE","ac":40.2},"geometry":{"type":"Polygon","coordinates":[[[-106.711509,42.980214],[-106.716456,42.9802],[-106.716481,42.983826],[-106.71154,42.983842],[-106.711509,42.980214]]]}},{"type":"Feature","properties":{"q":"NWSE","ac":39.2},"geometry":{"type":"Polygon","coordinates":[[[-106.618425,42.957981],[-106.618439,42.954374],[-106.62331,42.954382],[-106.623285,42.957971],[-106.618425,42.957981]]]}},{"type":"Feature","properties":{"q":"NESW","ac":40.0},"geometry":{"type":"Polygon","coordinates":[[[-106.66239,43.027138],[-106.667375,43.02713],[-106.667274,43.030708],[-106.66226,43.030702],[-106.66239,43.027138]]]}},{"type":"Feature","properties":{"q":"NWSW","ac":39.3},"geometry":{"type":"Polygon","coordinates":[[[-106.647525,43.027135],[-106.652493,43.027154],[-106.65238,43.03069],[-106.647423,43.030674],[-106.647525,43.027135]]]}},{"type":"Feature","properties":{"q":"NWSE","ac":39.6},"geometry":{"type":"Polygon","coordinates":[[[-106.618247,42.983443],[-106.623129,42.983516],[-106.623087,42.987139],[-106.618204,42.987065],[-106.618247,42.983443]]]}},{"type":"Feature","properties":{"q":"NENE","ac":39.9},"geometry":{"type":"Polygon","coordinates":[[[-106.657472,42.99094],[-106.657507,42.994565],[-106.652588,42.994537],[-106.652547,42.99092],[-106.657472,42.99094]]]}},{"type":"Feature","properties":{"q":"NENW","ac":39.9},"geometry":{"type":"Polygon","coordinates":[[[-106.701768,42.990989],[-106.706685,42.991044],[-106.706721,42.994674],[-106.701809,42.99462],[-106.701768,42.990989]]]}},{"type":"Feature","properties":{"q":"NWSE","ac":40.1},"geometry":{"type":"Polygon","coordinates":[[[-106.642619,43.016309],[-106.637664,43.016297],[-106.637661,43.012673],[-106.642603,43.012683],[-106.642619,43.016309]]]}},{"type":"Feature","properties":{"q":"SWSW","ac":40.3},"geometry":{"type":"Polygon","coordinates":[[[-106.647605,42.998171],[-106.647634,42.994541],[-106.652588,42.994537],[-106.652553,42.998171],[-106.647605,42.998171]]]}},{"type":"Feature","properties":{"q":"NESE","ac":39.4},"geometry":{"type":"Polygon","coordinates":[[[-106.613568,42.954366],[-106.618439,42.954374],[-106.618425,42.957981],[-106.613565,42.957991],[-106.613568,42.954366]]]}},{"type":"Feature","properties":{"q":"NWSE","ac":39.9},"geometry":{"type":"Polygon","coordinates":[[[-106.657403,42.983698],[-106.662339,42.98371],[-106.662368,42.987326],[-106.657437,42.987315],[-106.657403,42.983698]]]}},{"type":"Feature","properties":{"q":"NENW","ac":39.4},"geometry":{"type":"Polygon","coordinates":[[[-106.721602,43.00554],[-106.726469,43.005505],[-106.726492,43.009124],[-106.721642,43.009162],[-106.721602,43.00554]]]}},{"type":"Feature","properties":{"q":"SESW","ac":40.1},"geometry":{"type":"Polygon","coordinates":[[[-106.706578,42.980155],[-106.706614,42.983785],[-106.701688,42.983728],[-106.701647,42.980097],[-106.706578,42.980155]]]}},{"type":"Feature","properties":{"q":"SESW","ac":39.6},"geometry":{"type":"Polygon","coordinates":[[[-106.627886,42.994473],[-106.627866,42.998094],[-106.622974,42.998015],[-106.623002,42.994393],[-106.627886,42.994473]]]}},{"type":"Feature","properties":{"q":"SWSE","ac":40.1},"geometry":{"type":"Polygon","coordinates":[[[-106.637658,43.009049],[-106.642588,43.009056],[-106.642603,43.012683],[-106.637661,43.012673],[-106.637658,43.009049]]]}},{"type":"Feature","properties":{"q":"NENE","ac":40.5},"geometry":{"type":"Polygon","coordinates":[[[-106.657473,42.961895],[-106.657403,42.96555],[-106.652454,42.965556],[-106.652534,42.961888],[-106.657473,42.961895]]]}},{"type":"Feature","properties":{"q":"NESW","ac":39.8},"geometry":{"type":"Polygon","coordinates":[[[-106.647783,42.954514],[-106.647712,42.958153],[-106.642811,42.958085],[-106.642874,42.954475],[-106.647783,42.954514]]]}},{"type":"Feature","properties":{"q":"NWSW","ac":39.7},"geometry":{"type":"Polygon","coordinates":[[[-106.632747,43.001793],[-106.627846,43.001715],[-106.627866,42.998094],[-106.632759,42.998172],[-106.632747,43.001793]]]}},{"type":"Feature","properties":{"q":"SWNW","ac":40.2},"geometry":{"type":"Polygon","coordinates":[[[-106.647576,43.001802],[-106.652519,43.001804],[-106.652484,43.005437],[-106.647547,43.005433],[-106.647576,43.001802]]]}},{"type":"Feature","properties":{"q":"1","ac":38.4},"geometry":{"type":"Polygon","coordinates":[[[-106.726289,42.962083],[-106.731023,42.962082],[-106.731037,42.965702],[-106.726302,42.9657],[-106.726289,42.962083]]]}},{"type":"Feature","properties":{"q":"NWSW","ac":39.1},"geometry":{"type":"Polygon","coordinates":[[[-106.686906,42.954835],[-106.691737,42.95489],[-106.691745,42.958499],[-106.686911,42.958447],[-106.686906,42.954835]]]}},{"type":"Feature","properties":{"q":"SWSE","ac":40.0},"geometry":{"type":"Polygon","coordinates":[[[-106.696896,42.994566],[-106.701809,42.99462],[-106.701872,42.998251],[-106.696953,42.998198],[-106.696896,42.994566]]]}},{"type":"Feature","properties":{"q":"NWSE","ac":39.6},"geometry":{"type":"Polygon","coordinates":[[[-106.637797,42.969171],[-106.642681,42.969176],[-106.64268,42.972802],[-106.6378,42.972796],[-106.637797,42.969171]]]}},{"type":"Feature","properties":{"q":"SENE","ac":39.7},"geometry":{"type":"Polygon","coordinates":[[[-106.613426,42.972482],[-106.618314,42.972559],[-106.618302,42.97619],[-106.613417,42.976115],[-106.613426,42.972482]]]}},{"type":"Feature","properties":{"q":"SWNE","ac":39.1},"geometry":{"type":"Polygon","coordinates":[[[-106.677204,42.958344],[-106.682077,42.958396],[-106.682079,42.96195],[-106.677184,42.961931],[-106.677204,42.958344]]]}},{"type":"Feature","properties":{"q":"SWSW","ac":40.3},"geometry":{"type":"Polygon","coordinates":[[[-106.667345,42.994621],[-106.672264,42.994649],[-106.672313,42.998298],[-106.667372,42.998267],[-106.667345,42.994621]]]}},{"type":"Feature","properties":{"q":"NWNE","ac":40.4},"geometry":{"type":"Polygon","coordinates":[[[-106.642634,43.019942],[-106.64265,43.023574],[-106.637671,43.023552],[-106.637668,43.019925],[-106.642634,43.019942]]]}},{"type":"Feature","properties":{"q":"NWNE","ac":40.1},"geometry":{"type":"Polygon","coordinates":[[[-106.701999,43.005512],[-106.702062,43.009143],[-106.697123,43.009094],[-106.697067,43.005462],[-106.701999,43.005512]]]}},{"type":"Feature","properties":{"q":"SWNE","ac":40.1},"geometry":{"type":"Polygon","coordinates":[[[-106.697067,43.005462],[-106.69701,43.00183],[-106.701936,43.001882],[-106.701999,43.005512],[-106.697067,43.005462]]]}},{"type":"Feature","properties":{"q":"NWNE","ac":39.9},"geometry":{"type":"Polygon","coordinates":[[[-106.618009,43.005181],[-106.622917,43.00526],[-106.622888,43.008884],[-106.617969,43.008805],[-106.618009,43.005181]]]}},{"type":"Feature","properties":{"q":"2","ac":38.3},"geometry":{"type":"Polygon","coordinates":[[[-106.731074,42.976555],[-106.726334,42.976562],[-106.726318,42.972945],[-106.731052,42.972941],[-106.731074,42.976555]]]}},{"type":"Feature","properties":{"q":"NWNE","ac":40.4},"geometry":{"type":"Polygon","coordinates":[[[-106.657473,42.961895],[-106.662411,42.9619],[-106.662351,42.965545],[-106.657403,42.96555],[-106.657473,42.961895]]]}},{"type":"Feature","properties":{"q":"NWSE","ac":40.0},"geometry":{"type":"Polygon","coordinates":[[[-106.617933,43.012426],[-106.622861,43.012505],[-106.622833,43.016126],[-106.617897,43.016047],[-106.617933,43.012426]]]}},{"type":"Feature","properties":{"q":"NENW","ac":40.0},"geometry":{"type":"Polygon","coordinates":[[[-106.662426,42.994593],[-106.662397,42.99096],[-106.667314,42.990979],[-106.667345,42.994621],[-106.662426,42.994593]]]}},{"type":"Feature","properties":{"q":"NWSW","ac":39.6},"geometry":{"type":"Polygon","coordinates":[[[-106.686929,42.969137],[-106.6918,42.969127],[-106.691795,42.972745],[-106.686916,42.972767],[-106.686929,42.969137]]]}},{"type":"Feature","properties":{"q":"NWNE","ac":39.9},"geometry":{"type":"Polygon","coordinates":[[[-106.677334,43.005518],[-106.682266,43.005483],[-106.682313,43.009101],[-106.677378,43.00913],[-106.677334,43.005518]]]}},{"type":"Feature","properties":{"q":"1","ac":38.4},"geometry":{"type":"Polygon","coordinates":[[[-106.731096,42.980169],[-106.726349,42.980177],[-106.726334,42.976562],[-106.731074,42.976555],[-106.731096,42.980169]]]}},{"type":"Feature","properties":{"q":"SESW","ac":39.8},"geometry":{"type":"Polygon","coordinates":[[[-106.701493,42.951304],[-106.706455,42.951292],[-106.706433,42.954889],[-106.701503,42.954897],[-106.701493,42.951304]]]}},{"type":"Feature","properties":{"q":"SWSE","ac":39.6},"geometry":{"type":"Polygon","coordinates":[[[-106.618118,42.994314],[-106.623002,42.994393],[-106.622974,42.998015],[-106.618084,42.997936],[-106.618118,42.994314]]]}},{"type":"Feature","properties":{"q":"SENE","ac":40.1},"geometry":{"type":"Polygon","coordinates":[[[-106.632747,43.001793],[-106.637691,43.001796],[-106.637674,43.005422],[-106.632737,43.005417],[-106.632747,43.001793]]]}},{"type":"Feature","properties":{"q":"SWSE","ac":39.9},"geometry":{"type":"Polygon","coordinates":[[[-106.617933,43.012426],[-106.617969,43.008805],[-106.622888,43.008884],[-106.622861,43.012505],[-106.617933,43.012426]]]}},{"type":"Feature","properties":{"q":"SESW","ac":39.8},"geometry":{"type":"Polygon","coordinates":[[[-106.721482,42.99468],[-106.726404,42.99466],[-106.726426,42.998272],[-106.721522,42.998299],[-106.721482,42.99468]]]}},{"type":"Feature","properties":{"q":"NENE","ac":40.2},"geometry":{"type":"Polygon","coordinates":[[[-106.652433,42.97644],[-106.657377,42.97645],[-106.657368,42.980081],[-106.652426,42.980069],[-106.652433,42.97644]]]}},{"type":"Feature","properties":{"q":"SESW","ac":39.9},"geometry":{"type":"Polygon","coordinates":[[[-106.627808,43.008962],[-106.627789,43.012584],[-106.622861,43.012505],[-106.622888,43.008884],[-106.627808,43.008962]]]}},{"type":"Feature","properties":{"q":"NWSW","ac":40.0},"geometry":{"type":"Polygon","coordinates":[[[-106.627789,43.012584],[-106.632718,43.012663],[-106.63271,43.016285],[-106.627771,43.016206],[-106.627789,43.012584]]]}},{"type":"Feature","properties":{"q":"NESE","ac":40.0},"geometry":{"type":"Polygon","coordinates":[[[-106.692084,43.001779],[-106.692034,42.998145],[-106.696953,42.998198],[-106.69701,43.00183],[-106.692084,43.001779]]]}},{"type":"Feature","properties":{"q":"NESE","ac":39.7},"geometry":{"type":"Polygon","coordinates":[[[-106.71171,42.998356],[-106.716616,42.998328],[-106.716674,43.001951],[-106.711787,43.001984],[-106.71171,42.998356]]]}},{"type":"Feature","properties":{"q":"NENW","ac":39.9},"geometry":{"type":"Polygon","coordinates":[[[-106.726404,42.99466],[-106.721482,42.99468],[-106.721462,42.991057],[-106.726391,42.991038],[-106.726404,42.99466]]]}},{"type":"Feature","properties":{"q":"3","ac":38.6},"geometry":{"type":"Polygon","coordinates":[[[-106.726363,42.983797],[-106.731121,42.983783],[-106.731147,42.987397],[-106.726377,42.987415],[-106.726363,42.983797]]]}},{"type":"Feature","properties":{"q":"SENE","ac":40.2},"geometry":{"type":"Polygon","coordinates":[[[-106.637668,43.019925],[-106.632701,43.019908],[-106.63271,43.016285],[-106.637664,43.016297],[-106.637668,43.019925]]]}},{"type":"Feature","properties":{"q":"SENW","ac":39.5},"geometry":{"type":"Polygon","coordinates":[[[-106.623087,42.987139],[-106.627934,42.987213],[-106.62791,42.990843],[-106.623044,42.990766],[-106.623087,42.987139]]]}},{"type":"Feature","properties":{"q":"SESW","ac":39.8},"geometry":{"type":"Polygon","coordinates":[[[-106.68199,42.980049],[-106.686888,42.980015],[-106.686929,42.983643],[-106.682023,42.983673],[-106.68199,42.980049]]]}},{"type":"Feature","properties":{"q":"NWNE","ac":39.6},"geometry":{"type":"Polygon","coordinates":[[[-106.64268,42.976428],[-106.64268,42.980053],[-106.637807,42.980046],[-106.637804,42.976421],[-106.64268,42.976428]]]}},{"type":"Feature","properties":{"q":"SESE","ac":39.4},"geometry":{"type":"Polygon","coordinates":[[[-106.696611,42.951293],[-106.69662,42.954894],[-106.691737,42.95489],[-106.69173,42.951282],[-106.696611,42.951293]]]}},{"type":"Feature","properties":{"q":"NWSE","ac":39.2},"geometry":{"type":"Polygon","coordinates":[[[-106.716759,43.012799],[-106.721616,43.012767],[-106.721589,43.016372],[-106.716726,43.016397],[-106.716759,43.012799]]]}},{"type":"Feature","properties":{"q":"SWSE","ac":39.9},"geometry":{"type":"Polygon","coordinates":[[[-106.682329,43.012715],[-106.677385,43.012733],[-106.677378,43.00913],[-106.682313,43.009101],[-106.682329,43.012715]]]}},{"type":"Feature","properties":{"q":"NWNW","ac":40.2},"geometry":{"type":"Polygon","coordinates":[[[-106.672289,42.961912],[-106.672247,42.965533],[-106.667299,42.965539],[-106.66735,42.961906],[-106.672289,42.961912]]]}},{"type":"Feature","properties":{"q":"NENW","ac":40.4},"geometry":{"type":"Polygon","coordinates":[[[-106.662446,43.009114],[-106.662441,43.005495],[-106.667422,43.005524],[-106.667444,43.009136],[-106.662446,43.009114]]]}},{"type":"Feature","properties":{"q":"NWSE","ac":39.6},"geometry":{"type":"Polygon","coordinates":[[[-106.716261,42.954881],[-106.721158,42.954881],[-106.721206,42.958472],[-106.716258,42.958477],[-106.716261,42.954881]]]}},{"type":"Feature","properties":{"q":"SENW","ac":39.5},"geometry":{"type":"Polygon","coordinates":[[[-106.623187,42.976265],[-106.623202,42.972637],[-106.628061,42.972714],[-106.628057,42.97634],[-106.623187,42.976265]]]}},{"type":"Feature","properties":{"q":"NESE","ac":40.0},"geometry":{"type":"Polygon","coordinates":[[[-106.637769,42.983668],[-106.63773,42.98729],[-106.632781,42.987286],[-106.632857,42.983662],[-106.637769,42.983668]]]}},{"type":"Feature","properties":{"q":"NESE","ac":40.2},"geometry":{"type":"Polygon","coordinates":[[[-106.652447,42.969184],[-106.657394,42.969184],[-106.657385,42.972818],[-106.65244,42.972812],[-106.652447,42.969184]]]}},{"type":"Feature","properties":{"q":"SWSE","ac":39.3},"geometry":{"type":"Polygon","coordinates":[[[-106.618396,42.965317],[-106.623233,42.965392],[-106.623218,42.969015],[-106.618355,42.968938],[-106.618396,42.965317]]]}},{"type":"Feature","properties":{"q":"SWSE","ac":40.6},"geometry":{"type":"Polygon","coordinates":[[[-106.716301,42.9657],[-106.721301,42.965698],[-106.721327,42.969324],[-106.71634,42.969327],[-106.716301,42.9657]]]}},{"type":"Feature","properties":{"q":"NESE","ac":39.9},"geometry":{"type":"Polygon","coordinates":[[[-106.672196,42.983734],[-106.677109,42.983704],[-106.677127,42.987323],[-106.672197,42.987349],[-106.672196,42.983734]]]}},{"type":"Feature","properties":{"q":"NWSE","ac":40.2},"geometry":{"type":"Polygon","coordinates":[[[-106.677242,42.99826],[-106.682171,42.998222],[-106.682219,43.001864],[-106.677291,43.001906],[-106.677242,42.99826]]]}},{"type":"Feature","properties":{"q":"NENW","ac":39.6},"geometry":{"type":"Polygon","coordinates":[[[-106.623002,42.994393],[-106.623044,42.990766],[-106.62791,42.990843],[-106.627886,42.994473],[-106.623002,42.994393]]]}},{"type":"Feature","properties":{"q":"NWSE","ac":40.2},"geometry":{"type":"Polygon","coordinates":[[[-106.67714,42.969166],[-106.682058,42.969147],[-106.682036,42.97279],[-106.677115,42.972813],[-106.67714,42.969166]]]}},{"type":"Feature","properties":{"q":"SWNW","ac":39.6},"geometry":{"type":"Polygon","coordinates":[[[-106.64756,42.972807],[-106.65244,42.972812],[-106.652433,42.97644],[-106.647557,42.976434],[-106.64756,42.972807]]]}},{"type":"Feature","properties":{"q":"SWNE","ac":40.1},"geometry":{"type":"Polygon","coordinates":[[[-106.637691,43.001796],[-106.642634,43.001799],[-106.642611,43.005427],[-106.637674,43.005422],[-106.637691,43.001796]]]}},{"type":"Feature","properties":{"q":"SENE","ac":39.9},"geometry":{"type":"Polygon","coordinates":[[[-106.652507,42.987303],[-106.657437,42.987315],[-106.657472,42.99094],[-106.652547,42.99092],[-106.652507,42.987303]]]}},{"type":"Feature","properties":{"q":"SWNE","ac":39.8},"geometry":{"type":"Polygon","coordinates":[[[-106.696692,42.972798],[-106.701589,42.972852],[-106.701618,42.976474],[-106.696705,42.976418],[-106.696692,42.972798]]]}},{"type":"Feature","properties":{"q":"SWNW","ac":39.5},"geometry":{"type":"Polygon","coordinates":[[[-106.627934,42.987213],[-106.632781,42.987286],[-106.632776,42.990919],[-106.62791,42.990843],[-106.627934,42.987213]]]}},{"type":"Feature","properties":{"q":"NENW","ac":40.0},"geometry":{"type":"Polygon","coordinates":[[[-106.682266,43.005483],[-106.6872,43.005447],[-106.687249,43.009073],[-106.682313,43.009101],[-106.682266,43.005483]]]}},{"type":"Feature","properties":{"q":"NWSW","ac":39.0},"geometry":{"type":"Polygon","coordinates":[[[-106.6282,42.95439],[-106.633089,42.954397],[-106.633077,42.957949],[-106.628181,42.95796],[-106.6282,42.95439]]]}},{"type":"Feature","properties":{"q":"NWNW","ac":39.6},"geometry":{"type":"Polygon","coordinates":[[[-106.647557,42.976434],[-106.652433,42.97644],[-106.652426,42.980069],[-106.647553,42.980061],[-106.647557,42.976434]]]}},{"type":"Feature","properties":{"q":"SWNE","ac":40.3},"geometry":{"type":"Polygon","coordinates":[[[-106.657477,43.00184],[-106.662436,43.001877],[-106.662441,43.005495],[-106.657462,43.005467],[-106.657477,43.00184]]]}},{"type":"Feature","properties":{"q":"SESW","ac":39.2},"geometry":{"type":"Polygon","coordinates":[[[-106.623336,42.950793],[-106.628218,42.95082],[-106.6282,42.95439],[-106.62331,42.954382],[-106.623336,42.950793]]]}},{"type":"Feature","properties":{"q":"NWSE","ac":39.4},"geometry":{"type":"Polygon","coordinates":[[[-106.677204,42.958344],[-106.677223,42.954725],[-106.682074,42.954781],[-106.682077,42.958396],[-106.677204,42.958344]]]}},{"type":"Feature","properties":{"q":"NWSE","ac":40.4},"geometry":{"type":"Polygon","coordinates":[[[-106.71634,42.969327],[-106.721327,42.969324],[-106.721352,42.97295],[-106.716378,42.972954],[-106.71634,42.969327]]]}},{"type":"Feature","properties":{"q":"SWNE","ac":40.0},"geometry":{"type":"Polygon","coordinates":[[[-106.622833,43.016126],[-106.622805,43.019746],[-106.617859,43.019666],[-106.617897,43.016047],[-106.622833,43.016126]]]}},{"type":"Feature","properties":{"q":"SWSE","ac":39.8},"geometry":{"type":"Polygon","coordinates":[[[-106.677092,42.980084],[-106.68199,42.980049],[-106.682023,42.983673],[-106.677109,42.983704],[-106.677092,42.980084]]]}},{"type":"Feature","properties":{"q":"SENW","ac":40.1},"geometry":{"type":"Polygon","coordinates":[[[-106.622805,43.019746],[-106.622833,43.016126],[-106.627771,43.016206],[-106.627753,43.019827],[-106.622805,43.019746]]]}},{"type":"Feature","properties":{"q":"SESE","ac":40.3},"geometry":{"type":"Polygon","coordinates":[[[-106.672313,42.998298],[-106.672264,42.994649],[-106.677194,42.994614],[-106.677242,42.99826],[-106.672313,42.998298]]]}},{"type":"Feature","properties":{"q":"NWSE","ac":40.7},"geometry":{"type":"Polygon","coordinates":[[[-106.657445,43.012714],[-106.662464,43.012726],[-106.662483,43.016338],[-106.657442,43.016335],[-106.657445,43.012714]]]}},{"type":"Feature","properties":{"q":"SWNE","ac":39.2},"geometry":{"type":"Polygon","coordinates":[[[-106.716726,43.016397],[-106.721589,43.016372],[-106.721563,43.019974],[-106.716694,43.019993],[-106.716726,43.016397]]]}},{"type":"Feature","properties":{"q":"SWNE","ac":40.0},"geometry":{"type":"Polygon","coordinates":[[[-106.716507,42.987452],[-106.721443,42.987434],[-106.721462,42.991057],[-106.716532,42.991078],[-106.716507,42.987452]]]}},{"type":"Feature","properties":{"q":"SWNW","ac":40.1},"geometry":{"type":"Polygon","coordinates":[[[-106.6872,43.005447],[-106.687152,43.001821],[-106.692084,43.001779],[-106.692134,43.005412],[-106.6872,43.005447]]]}},{"type":"Feature","properties":{"q":"SENE","ac":40.2},"geometry":{"type":"Polygon","coordinates":[[[-106.61273,43.034086],[-106.612758,43.03044],[-106.617712,43.030487],[-106.617671,43.034105],[-106.61273,43.034086]]]}},{"type":"Feature","properties":{"q":"6","ac":39.4},"geometry":{"type":"Polygon","coordinates":[[[-106.726442,43.027169],[-106.731337,43.027161],[-106.731355,43.030769],[-106.726472,43.030773],[-106.726442,43.027169]]]}},{"type":"Feature","properties":{"q":"SWNW","ac":39.3},"geometry":{"type":"Polygon","coordinates":[[[-106.627612,43.030579],[-106.632557,43.030625],[-106.632488,43.034173],[-106.62755,43.034148],[-106.627612,43.030579]]]}},{"type":"Feature","properties":{"q":"SENE","ac":39.5},"geometry":{"type":"Polygon","coordinates":[[[-106.711865,43.030784],[-106.716765,43.03078],[-106.716817,43.034378],[-106.711905,43.034375],[-106.711865,43.030784]]]}},{"type":"Feature","properties":{"q":"SENW","ac":40.2},"geometry":{"type":"Polygon","coordinates":[[[-106.662472,42.958256],[-106.667401,42.958274],[-106.66735,42.961906],[-106.662411,42.9619],[-106.662472,42.958256]]]}},{"type":"Feature","properties":{"q":"NENW","ac":40.1},"geometry":{"type":"Polygon","coordinates":[[[-106.687012,42.990909],[-106.687054,42.994546],[-106.682124,42.99458],[-106.68209,42.990939],[-106.687012,42.990909]]]}},{"type":"Feature","properties":{"q":"NWSW","ac":39.4},"geometry":{"type":"Polygon","coordinates":[[[-106.628061,42.972714],[-106.628066,42.969091],[-106.632914,42.969167],[-106.632921,42.972791],[-106.628061,42.972714]]]}},{"type":"Feature","properties":{"q":"NWSE","ac":40.0},"geometry":{"type":"Polygon","coordinates":[[[-106.637769,42.983668],[-106.64268,42.983674],[-106.64268,42.987295],[-106.63773,42.98729],[-106.637769,42.983668]]]}},{"type":"Feature","properties":{"q":"NENW","ac":39.7},"geometry":{"type":"Polygon","coordinates":[[[-106.686888,42.980015],[-106.68199,42.980049],[-106.682013,42.97642],[-106.686902,42.976391],[-106.686888,42.980015]]]}},{"type":"Feature","properties":{"q":"SESW","ac":40.1},"geometry":{"type":"Polygon","coordinates":[[[-106.662593,42.950967],[-106.667503,42.951008],[-106.667452,42.954641],[-106.662532,42.954612],[-106.662593,42.950967]]]}},{"type":"Feature","properties":{"q":"SWNE","ac":39.6},"geometry":{"type":"Polygon","coordinates":[[[-106.618161,42.99069],[-106.618204,42.987065],[-106.623087,42.987139],[-106.623044,42.990766],[-106.618161,42.99069]]]}},{"type":"Feature","properties":{"q":"NESE","ac":39.6},"geometry":{"type":"Polygon","coordinates":[[[-106.6918,42.969127],[-106.69668,42.969177],[-106.696692,42.972798],[-106.691795,42.972745],[-106.6918,42.969127]]]}},{"type":"Feature","properties":{"q":"SWSE","ac":39.6},"geometry":{"type":"Polygon","coordinates":[[[-106.623129,42.983516],[-106.618247,42.983443],[-106.618289,42.97982],[-106.623171,42.979893],[-106.623129,42.983516]]]}},{"type":"Feature","properties":{"q":"SESE","ac":40.6},"geometry":{"type":"Polygon","coordinates":[[[-106.652449,43.009071],[-106.657448,43.009093],[-106.657445,43.012714],[-106.652425,43.012701],[-106.652449,43.009071]]]}},{"type":"Feature","properties":{"q":"SWNW","ac":40.0},"geometry":{"type":"Polygon","coordinates":[[[-106.66746,43.016341],[-106.672438,43.016343],[-106.672435,43.019936],[-106.667468,43.019946],[-106.66746,43.016341]]]}},{"type":"Feature","properties":{"q":"SESE","ac":40.1},"geometry":{"type":"Polygon","coordinates":[[[-106.632771,42.994552],[-106.637725,42.994548],[-106.637708,42.998172],[-106.632759,42.998172],[-106.632771,42.994552]]]}},{"type":"Feature","properties":{"q":"SENE","ac":40.1},"geometry":{"type":"Polygon","coordinates":[[[-106.692084,43.001779],[-106.69701,43.00183],[-106.697067,43.005462],[-106.692134,43.005412],[-106.692084,43.001779]]]}},{"type":"Feature","properties":{"q":"NESE","ac":40.3},"geometry":{"type":"Polygon","coordinates":[[[-106.672313,42.998298],[-106.677242,42.99826],[-106.677291,43.001906],[-106.672362,43.001948],[-106.672313,42.998298]]]}},{"type":"Feature","properties":{"q":"SWSW","ac":40.1},"geometry":{"type":"Polygon","coordinates":[[[-106.687054,42.994546],[-106.691984,42.994512],[-106.692034,42.998145],[-106.687103,42.998184],[-106.687054,42.994546]]]}},{"type":"Feature","properties":{"q":"NWNW","ac":39.6},"geometry":{"type":"Polygon","coordinates":[[[-106.62791,42.990843],[-106.632776,42.990919],[-106.632771,42.994552],[-106.627886,42.994473],[-106.62791,42.990843]]]}},{"type":"Feature","properties":{"q":"NWNE","ac":39.9},"geometry":{"type":"Polygon","coordinates":[[[-106.696705,42.976418],[-106.701618,42.976474],[-106.701647,42.980097],[-106.696717,42.980038],[-106.696705,42.976418]]]}},{"type":"Feature","properties":{"q":"SWNW","ac":40.0},"geometry":{"type":"Polygon","coordinates":[[[-106.70665,42.987415],[-106.711571,42.987471],[-106.711602,42.991099],[-106.706685,42.991044],[-106.70665,42.987415]]]}},{"type":"Feature","properties":{"q":"SESE","ac":40.1},"geometry":{"type":"Polygon","coordinates":[[[-106.691786,42.97998],[-106.696717,42.980038],[-106.696762,42.98367],[-106.691835,42.983613],[-106.691786,42.97998]]]}},{"type":"Feature","properties":{"q":"SESE","ac":39.7},"geometry":{"type":"Polygon","coordinates":[[[-106.637769,42.983668],[-106.632857,42.983662],[-106.632934,42.980038],[-106.637807,42.980046],[-106.637769,42.983668]]]}},{"type":"Feature","properties":{"q":"NWSW","ac":39.7},"geometry":{"type":"Polygon","coordinates":[[[-106.647564,42.96918],[-106.652447,42.969184],[-106.65244,42.972812],[-106.64756,42.972807],[-106.647564,42.96918]]]}},{"type":"Feature","properties":{"q":"SWNW","ac":38.1},"geometry":{"type":"Polygon","coordinates":[[[-106.691775,42.962004],[-106.686927,42.961977],[-106.686911,42.958447],[-106.691745,42.958499],[-106.691775,42.962004]]]}},{"type":"Feature","properties":{"q":"NWNE","ac":41.0},"geometry":{"type":"Polygon","coordinates":[[[-106.637869,42.961782],[-106.642746,42.961817],[-106.642681,42.96555],[-106.637794,42.965546],[-106.637869,42.961782]]]}},{"type":"Feature","properties":{"q":"SESW","ac":39.7},"geometry":{"type":"Polygon","coordinates":[[[-106.701531,42.965602],[-106.706416,42.965652],[-106.706456,42.969279],[-106.70156,42.969227],[-106.701531,42.965602]]]}},{"type":"Feature","properties":{"q":"SESE","ac":40.0},"geometry":{"type":"Polygon","coordinates":[[[-106.692218,43.012679],[-106.692184,43.009045],[-106.697123,43.009094],[-106.697139,43.012717],[-106.692218,43.012679]]]}},{"type":"Feature","properties":{"q":"NWNE","ac":39.6},"geometry":{"type":"Polygon","coordinates":[[[-106.623044,42.990766],[-106.623002,42.994393],[-106.618118,42.994314],[-106.618161,42.99069],[-106.623044,42.990766]]]}},{"type":"Feature","properties":{"q":"SWSE","ac":39.1},"geometry":{"type":"Polygon","coordinates":[[[-106.721642,43.009162],[-106.721616,43.012767],[-106.716759,43.012799],[-106.716791,43.009201],[-106.721642,43.009162]]]}},{"type":"Feature","properties":{"q":"NESW","ac":39.1},"geometry":{"type":"Polygon","coordinates":[[[-106.682074,42.954781],[-106.686906,42.954835],[-106.686911,42.958447],[-106.682077,42.958396],[-106.682074,42.954781]]]}},{"type":"Feature","properties":{"q":"SENE","ac":40.0},"geometry":{"type":"Polygon","coordinates":[[[-106.672195,42.976477],[-106.672195,42.972835],[-106.677115,42.972813],[-106.677104,42.976449],[-106.672195,42.976477]]]}},{"type":"Feature","properties":{"q":"SESW","ac":39.9},"geometry":{"type":"Polygon","coordinates":[[[-106.701809,42.99462],[-106.706721,42.994674],[-106.706791,42.998303],[-106.701872,42.998251],[-106.701809,42.99462]]]}},{"type":"Feature","properties":{"q":"SWNW","ac":40.1},"geometry":{"type":"Polygon","coordinates":[[[-106.63271,43.016285],[-106.632701,43.019908],[-106.627753,43.019827],[-106.627771,43.016206],[-106.63271,43.016285]]]}},{"type":"Feature","properties":{"q":"SWNW","ac":41.3},"geometry":{"type":"Polygon","coordinates":[[[-106.628181,42.95796],[-106.633077,42.957949],[-106.632992,42.961746],[-106.628126,42.961714],[-106.628181,42.95796]]]}},{"type":"Feature","properties":{"q":"NWSE","ac":39.7},"geometry":{"type":"Polygon","coordinates":[[[-106.716616,42.998328],[-106.721522,42.998299],[-106.721562,43.001918],[-106.716674,43.001951],[-106.716616,42.998328]]]}},{"type":"Feature","properties":{"q":"NWNE","ac":40.2},"geometry":{"type":"Polygon","coordinates":[[[-106.66231,42.980094],[-106.657368,42.980081],[-106.657377,42.97645],[-106.66232,42.976459],[-106.66231,42.980094]]]}},{"type":"Feature","properties":{"q":"SWSE","ac":39.3},"geometry":{"type":"Polygon","coordinates":[[[-106.696611,42.951293],[-106.701493,42.951304],[-106.701503,42.954897],[-106.69662,42.954894],[-106.696611,42.951293]]]}},{"type":"Feature","properties":{"q":"SWNE","ac":40.7},"geometry":{"type":"Polygon","coordinates":[[[-106.657442,43.016335],[-106.662483,43.016338],[-106.662501,43.019956],[-106.657502,43.019966],[-106.657442,43.016335]]]}},{"type":"Feature","properties":{"q":"SENW","ac":39.3},"geometry":{"type":"Polygon","coordinates":[[[-106.721589,43.016372],[-106.726452,43.016347],[-106.726432,43.019956],[-106.721563,43.019974],[-106.721589,43.016372]]]}},{"type":"Feature","properties":{"q":"NESW","ac":40.0},"geometry":{"type":"Polygon","coordinates":[[[-106.622833,43.016126],[-106.622861,43.012505],[-106.627789,43.012584],[-106.627771,43.016206],[-106.622833,43.016126]]]}},{"type":"Feature","properties":{"q":"SWSE","ac":39.7},"geometry":{"type":"Polygon","coordinates":[[[-106.637797,42.969171],[-106.637794,42.965546],[-106.642681,42.96555],[-106.642681,42.969176],[-106.637797,42.969171]]]}},{"type":"Feature","properties":{"q":"SWSW","ac":40.2},"geometry":{"type":"Polygon","coordinates":[[[-106.667452,43.012738],[-106.667444,43.009136],[-106.672443,43.009158],[-106.67244,43.01275],[-106.667452,43.012738]]]}},{"type":"Feature","properties":{"q":"NENE","ac":40.0},"geometry":{"type":"Polygon","coordinates":[[[-106.711602,42.991099],[-106.716532,42.991078],[-106.716558,42.994704],[-106.711634,42.994728],[-106.711602,42.991099]]]}},{"type":"Feature","properties":{"q":"NWNW","ac":39.4},"geometry":{"type":"Polygon","coordinates":[[[-106.706414,42.962069],[-106.711306,42.962092],[-106.7113,42.965702],[-106.706416,42.965652],[-106.706414,42.962069]]]}},{"type":"Feature","properties":{"q":"SWSE","ac":39.3},"geometry":{"type":"Polygon","coordinates":[[[-106.618453,42.950767],[-106.623336,42.950793],[-106.62331,42.954382],[-106.618439,42.954374],[-106.618453,42.950767]]]}},{"type":"Feature","properties":{"q":"NESW","ac":39.6},"geometry":{"type":"Polygon","coordinates":[[[-106.70206,43.012755],[-106.706981,43.012793],[-106.706961,43.016394],[-106.702058,43.016367],[-106.70206,43.012755]]]}},{"type":"Feature","properties":{"q":"NESE","ac":39.4},"geometry":{"type":"Polygon","coordinates":[[[-106.672331,42.958291],[-106.672372,42.95467],[-106.677223,42.954725],[-106.677204,42.958344],[-106.672331,42.958291]]]}},{"type":"Feature","properties":{"q":"SENW","ac":39.7},"geometry":{"type":"Polygon","coordinates":[[[-106.686916,42.972767],[-106.686902,42.976391],[-106.682013,42.97642],[-106.682036,42.97279],[-106.686916,42.972767]]]}},{"type":"Feature","properties":{"q":"SENW","ac":40.1},"geometry":{"type":"Polygon","coordinates":[[[-106.642634,43.001799],[-106.647576,43.001802],[-106.647547,43.005433],[-106.642611,43.005427],[-106.642634,43.001799]]]}},{"type":"Feature","properties":{"q":"NESE","ac":40.8},"geometry":{"type":"Polygon","coordinates":[[[-106.657445,43.012714],[-106.657442,43.016335],[-106.652401,43.016332],[-106.652425,43.012701],[-106.657445,43.012714]]]}},{"type":"Feature","properties":{"q":"NENE","ac":40.3},"geometry":{"type":"Polygon","coordinates":[[[-106.637725,42.994548],[-106.632771,42.994552],[-106.632776,42.990919],[-106.637728,42.990919],[-106.637725,42.994548]]]}},{"type":"Feature","properties":{"q":"SESW","ac":40.2},"geometry":{"type":"Polygon","coordinates":[[[-106.682124,42.99458],[-106.687054,42.994546],[-106.687103,42.998184],[-106.682171,42.998222],[-106.682124,42.99458]]]}},{"type":"Feature","properties":{"q":"SWNE","ac":39.8},"geometry":{"type":"Polygon","coordinates":[[[-106.61805,43.001557],[-106.622945,43.001636],[-106.622917,43.00526],[-106.618009,43.005181],[-106.61805,43.001557]]]}},{"type":"Feature","properties":{"q":"NWSE","ac":40.3},"geometry":{"type":"Polygon","coordinates":[[[-106.657492,42.998203],[-106.662431,42.998235],[-106.662436,43.001877],[-106.657477,43.00184],[-106.657492,42.998203]]]}},{"type":"Feature","properties":{"q":"SENW","ac":40.0},"geometry":{"type":"Polygon","coordinates":[[[-106.642634,43.019942],[-106.642619,43.016309],[-106.64751,43.016321],[-106.647569,43.019959],[-106.642634,43.019942]]]}},{"type":"Feature","properties":{"q":"SENW","ac":40.0},"geometry":{"type":"Polygon","coordinates":[[[-106.701936,43.001882],[-106.706861,43.001933],[-106.706931,43.005562],[-106.701999,43.005512],[-106.701936,43.001882]]]}},{"type":"Feature","properties":{"q":"SESE","ac":39.0},"geometry":{"type":"Polygon","coordinates":[[[-106.711941,43.00924],[-106.716791,43.009201],[-106.716759,43.012799],[-106.711902,43.012831],[-106.711941,43.00924]]]}},{"type":"Feature","properties":{"q":"NWSW","ac":39.8},"geometry":{"type":"Polygon","coordinates":[[[-106.647514,43.012692],[-106.652425,43.012701],[-106.652401,43.016332],[-106.64751,43.016321],[-106.647514,43.012692]]]}},{"type":"Feature","properties":{"q":"SENW","ac":39.9},"geometry":{"type":"Polygon","coordinates":[[[-106.701589,42.972852],[-106.706497,42.972905],[-106.706538,42.97653],[-106.701618,42.976474],[-106.701589,42.972852]]]}},{"type":"Feature","properties":{"q":"NESE","ac":39.1},"geometry":{"type":"Polygon","coordinates":[[[-106.711902,43.012831],[-106.716759,43.012799],[-106.716726,43.016397],[-106.711863,43.016421],[-106.711902,43.012831]]]}},{"type":"Feature","properties":{"q":"NWNE","ac":40.2},"geometry":{"type":"Polygon","coordinates":[[[-106.637728,42.990919],[-106.642679,42.99092],[-106.642679,42.994545],[-106.637725,42.994548],[-106.637728,42.990919]]]}},{"type":"Feature","properties":{"q":"NWSW","ac":39.9},"geometry":{"type":"Polygon","coordinates":[[[-106.691885,42.987246],[-106.686971,42.987272],[-106.686929,42.983643],[-106.691835,42.983613],[-106.691885,42.987246]]]}},{"type":"Feature","properties":{"q":"SENW","ac":40.2},"geometry":{"type":"Polygon","coordinates":[[[-106.662483,43.016338],[-106.66746,43.016341],[-106.667468,43.019946],[-106.662501,43.019956],[-106.662483,43.016338]]]}},{"type":"Feature","properties":{"q":"NESE","ac":40.1},"geometry":{"type":"Polygon","coordinates":[[[-106.71154,42.983842],[-106.716481,42.983826],[-106.716507,42.987452],[-106.711571,42.987471],[-106.71154,42.983842]]]}},{"type":"Feature","properties":{"q":"SESW","ac":39.5},"geometry":{"type":"Polygon","coordinates":[[[-106.623171,42.979893],[-106.628053,42.979966],[-106.627993,42.983589],[-106.623129,42.983516],[-106.623171,42.979893]]]}},{"type":"Feature","properties":{"q":"SENE","ac":39.9},"geometry":{"type":"Polygon","coordinates":[[[-106.672438,43.016343],[-106.677392,43.016336],[-106.677398,43.019938],[-106.672435,43.019936],[-106.672438,43.016343]]]}},{"type":"Feature","properties":{"q":"NWNW","ac":38.2},"geometry":{"type":"Polygon","coordinates":[[[-106.691775,42.962004],[-106.691804,42.965509],[-106.686943,42.965506],[-106.686927,42.961977],[-106.691775,42.962004]]]}},{"type":"Feature","properties":{"q":"SWSE","ac":39.8},"geometry":{"type":"Polygon","coordinates":[[[-106.716558,42.994704],[-106.721482,42.99468],[-106.721522,42.998299],[-106.716616,42.998328],[-106.716558,42.994704]]]}},{"type":"Feature","properties":{"q":"NWNW","ac":41.0},"geometry":{"type":"Polygon","coordinates":[[[-106.632992,42.961746],[-106.632907,42.965543],[-106.62807,42.965468],[-106.628126,42.961714],[-106.632992,42.961746]]]}},{"type":"Feature","properties":{"q":"SWNE","ac":40.1},"geometry":{"type":"Polygon","coordinates":[[[-106.71628,42.962088],[-106.716258,42.958477],[-106.721206,42.958472],[-106.721253,42.962085],[-106.71628,42.962088]]]}},{"type":"Feature","properties":{"q":"SESE","ac":40.0},"geometry":{"type":"Polygon","coordinates":[[[-106.632727,43.009041],[-106.637658,43.009049],[-106.637661,43.012673],[-106.632718,43.012663],[-106.632727,43.009041]]]}},{"type":"Feature","properties":{"q":"SESE","ac":40.0},"geometry":{"type":"Polygon","coordinates":[[[-106.696896,42.994566],[-106.696953,42.998198],[-106.692034,42.998145],[-106.691984,42.994512],[-106.696896,42.994566]]]}},{"type":"Feature","properties":{"q":"NESW","ac":39.4},"geometry":{"type":"Polygon","coordinates":[[[-106.627993,42.983589],[-106.627934,42.987213],[-106.623087,42.987139],[-106.623129,42.983516],[-106.627993,42.983589]]]}},{"type":"Feature","properties":{"q":"SWSW","ac":39.9},"geometry":{"type":"Polygon","coordinates":[[[-106.627808,43.008962],[-106.632727,43.009041],[-106.632718,43.012663],[-106.627789,43.012584],[-106.627808,43.008962]]]}},{"type":"Feature","properties":{"q":"NESW","ac":40.2},"geometry":{"type":"Polygon","coordinates":[[[-106.662464,43.012726],[-106.667452,43.012738],[-106.66746,43.016341],[-106.662483,43.016338],[-106.662464,43.012726]]]}},{"type":"Feature","properties":{"q":"NESE","ac":39.9},"geometry":{"type":"Polygon","coordinates":[[[-106.652467,42.983686],[-106.657403,42.983698],[-106.657437,42.987315],[-106.652507,42.987303],[-106.652467,42.983686]]]}},{"type":"Feature","properties":{"q":"SENE","ac":39.6},"geometry":{"type":"Polygon","coordinates":[[[-106.618204,42.987065],[-106.618161,42.99069],[-106.613277,42.990613],[-106.613321,42.986991],[-106.618204,42.987065]]]}},{"type":"Feature","properties":{"q":"SWNE","ac":40.0},"geometry":{"type":"Polygon","coordinates":[[[-106.677392,43.016336],[-106.682345,43.016328],[-106.682361,43.019941],[-106.677398,43.019938],[-106.677392,43.016336]]]}},{"type":"Feature","properties":{"q":"NENE","ac":40.0},"geometry":{"type":"Polygon","coordinates":[[[-106.691934,42.990879],[-106.696851,42.990934],[-106.696896,42.994566],[-106.691984,42.994512],[-106.691934,42.990879]]]}},{"type":"Feature","properties":{"q":"NWSE","ac":39.5},"geometry":{"type":"Polygon","coordinates":[[[-106.618355,42.968938],[-106.623218,42.969015],[-106.623202,42.972637],[-106.618314,42.972559],[-106.618355,42.968938]]]}},{"type":"Feature","properties":{"q":"NENE","ac":40.3},"geometry":{"type":"Polygon","coordinates":[[[-106.632701,43.019908],[-106.637668,43.019925],[-106.637671,43.023552],[-106.632693,43.02353],[-106.632701,43.019908]]]}},{"type":"Feature","properties":{"q":"SWSW","ac":39.7},"geometry":{"type":"Polygon","coordinates":[[[-106.706416,42.965652],[-106.7113,42.965702],[-106.711352,42.96933],[-106.706456,42.969279],[-106.706416,42.965652]]]}},{"type":"Feature","properties":{"q":"SWSW","ac":39.5},"geometry":{"type":"Polygon","coordinates":[[[-106.628053,42.979966],[-106.632934,42.980038],[-106.632857,42.983662],[-106.627993,42.983589],[-106.628053,42.979966]]]}},{"type":"Feature","properties":{"q":"SENW","ac":40.2},"geometry":{"type":"Polygon","coordinates":[[[-106.667422,43.005524],[-106.662441,43.005495],[-106.662436,43.001877],[-106.667399,43.001913],[-106.667422,43.005524]]]}},{"type":"Feature","properties":{"q":"SENW","ac":39.6},"geometry":{"type":"Polygon","coordinates":[[[-106.64268,42.972802],[-106.64756,42.972807],[-106.647557,42.976434],[-106.64268,42.976428],[-106.64268,42.972802]]]}},{"type":"Feature","properties":{"q":"NWSW","ac":39.6},"geometry":{"type":"Polygon","coordinates":[[[-106.706433,42.954889],[-106.711364,42.95488],[-106.711311,42.958481],[-106.706412,42.958486],[-106.706433,42.954889]]]}},{"type":"Feature","properties":{"q":"4","ac":38.7},"geometry":{"type":"Polygon","coordinates":[[[-106.726404,42.99466],[-106.731199,42.994639],[-106.731215,42.998246],[-106.726426,42.998272],[-106.726404,42.99466]]]}},{"type":"Feature","properties":{"q":"SWSE","ac":39.5},"geometry":{"type":"Polygon","coordinates":[[[-106.642936,42.950866],[-106.642874,42.954475],[-106.637981,42.954436],[-106.638019,42.950856],[-106.642936,42.950866]]]}},{"type":"Feature","properties":{"q":"NESE","ac":40.1},"geometry":{"type":"Polygon","coordinates":[[[-106.637708,42.998172],[-106.637691,43.001796],[-106.632747,43.001793],[-106.632759,42.998172],[-106.637708,42.998172]]]}},{"type":"Feature","properties":{"q":"NESE","ac":40.4},"geometry":{"type":"Polygon","coordinates":[[[-106.652693,42.954553],[-106.657612,42.954582],[-106.657543,42.958239],[-106.652613,42.958221],[-106.652693,42.954553]]]}},{"type":"Feature","properties":{"q":"NENW","ac":39.9},"geometry":{"type":"Polygon","coordinates":[[[-106.622917,43.00526],[-106.627827,43.005339],[-106.627808,43.008962],[-106.622888,43.008884],[-106.622917,43.00526]]]}},{"type":"Feature","properties":{"q":"SWSE","ac":39.9},"geometry":{"type":"Polygon","coordinates":[[[-106.697123,43.009094],[-106.702062,43.009143],[-106.70206,43.012755],[-106.697139,43.012717],[-106.697123,43.009094]]]}},{"type":"Feature","properties":{"q":"NWSW","ac":39.4},"geometry":{"type":"Polygon","coordinates":[[[-106.632857,42.983662],[-106.632781,42.987286],[-106.627934,42.987213],[-106.627993,42.983589],[-106.632857,42.983662]]]}},{"type":"Feature","properties":{"q":"SESW","ac":40.5},"geometry":{"type":"Polygon","coordinates":[[[-106.721111,42.951291],[-106.726116,42.951266],[-106.726196,42.954866],[-106.721158,42.954881],[-106.721111,42.951291]]]}},{"type":"Feature","properties":{"q":"NESW","ac":39.2},"geometry":{"type":"Polygon","coordinates":[[[-106.721616,43.012767],[-106.726472,43.012736],[-106.726452,43.016347],[-106.721589,43.016372],[-106.721616,43.012767]]]}},{"type":"Feature","properties":{"q":"1","ac":38.7},"geometry":{"type":"Polygon","coordinates":[[[-106.726469,43.005505],[-106.731247,43.00547],[-106.731265,43.009087],[-106.726492,43.009124],[-106.726469,43.005505]]]}},{"type":"Feature","properties":{"q":"SESE","ac":39.5},"geometry":{"type":"Polygon","coordinates":[[[-106.613568,42.954366],[-106.61357,42.950741],[-106.618453,42.950767],[-106.618439,42.954374],[-106.613568,42.954366]]]}},{"type":"Feature","properties":{"q":"SWNE","ac":40.2},"geometry":{"type":"Polygon","coordinates":[[[-106.677127,42.987323],[-106.682057,42.987298],[-106.68209,42.990939],[-106.67716,42.990969],[-106.677127,42.987323]]]}},{"type":"Feature","properties":{"q":"SENW","ac":39.9},"geometry":{"type":"Polygon","coordinates":[[[-106.64268,42.987295],[-106.647593,42.987299],[-106.647613,42.99092],[-106.642679,42.99092],[-106.64268,42.987295]]]}},{"type":"Feature","properties":{"q":"NWNE","ac":39.2},"geometry":{"type":"Polygon","coordinates":[[[-106.682079,42.96195],[-106.682081,42.965503],[-106.677164,42.965518],[-106.677184,42.961931],[-106.682079,42.96195]]]}},{"type":"Feature","properties":{"q":"NWNW","ac":40.4},"geometry":{"type":"Polygon","coordinates":[[[-106.647569,43.019959],[-106.652503,43.019975],[-106.652606,43.023619],[-106.647628,43.023597],[-106.647569,43.019959]]]}},{"type":"Feature","properties":{"q":"SWSW","ac":39.7},"geometry":{"type":"Polygon","coordinates":[[[-106.652454,42.965556],[-106.652447,42.969184],[-106.647564,42.96918],[-106.647568,42.965553],[-106.652454,42.965556]]]}},{"type":"Feature","properties":{"q":"SENE","ac":39.1},"geometry":{"type":"Polygon","coordinates":[[[-106.711863,43.016421],[-106.716726,43.016397],[-106.716694,43.019993],[-106.711825,43.020012],[-106.711863,43.016421]]]}},{"type":"Feature","properties":{"q":"NESW","ac":39.2},"geometry":{"type":"Polygon","coordinates":[[[-106.62331,42.954382],[-106.6282,42.95439],[-106.628181,42.95796],[-106.623285,42.957971],[-106.62331,42.954382]]]}},{"type":"Feature","properties":{"q":"NWNW","ac":39.7},"geometry":{"type":"Polygon","coordinates":[[[-106.686902,42.976391],[-106.691791,42.976362],[-106.691786,42.97998],[-106.686888,42.980015],[-106.686902,42.976391]]]}},{"type":"Feature","properties":{"q":"SWNE","ac":40.0},"geometry":{"type":"Polygon","coordinates":[[[-106.696806,42.987302],[-106.701728,42.987359],[-106.701768,42.990989],[-106.696851,42.990934],[-106.696806,42.987302]]]}},{"type":"Feature","properties":{"q":"NWNW","ac":40.0},"geometry":{"type":"Polygon","coordinates":[[[-106.706538,42.97653],[-106.711457,42.976586],[-106.711509,42.980214],[-106.706578,42.980155],[-106.706538,42.97653]]]}},{"type":"Feature","properties":{"q":"SESW","ac":39.8},"geometry":{"type":"Polygon","coordinates":[[[-106.702062,43.009143],[-106.707002,43.009192],[-106.706981,43.012793],[-106.70206,43.012755],[-106.702062,43.009143]]]}},{"type":"Feature","properties":{"q":"NWSE","ac":39.8},"geometry":{"type":"Polygon","coordinates":[[[-106.70206,43.012755],[-106.702058,43.016367],[-106.697155,43.01634],[-106.697139,43.012717],[-106.70206,43.012755]]]}},{"type":"Feature","properties":{"q":"SWSE","ac":40.0},"geometry":{"type":"Polygon","coordinates":[[[-106.66231,42.980094],[-106.662339,42.98371],[-106.657403,42.983698],[-106.657368,42.980081],[-106.66231,42.980094]]]}},{"type":"Feature","properties":{"q":"NESW","ac":40.2},"geometry":{"type":"Polygon","coordinates":[[[-106.642656,42.998172],[-106.647605,42.998171],[-106.647576,43.001802],[-106.642634,43.001799],[-106.642656,42.998172]]]}},{"type":"Feature","properties":{"q":"NESE","ac":40.0},"geometry":{"type":"Polygon","coordinates":[[[-106.617933,43.012426],[-106.617897,43.016047],[-106.612962,43.015966],[-106.613006,43.012346],[-106.617933,43.012426]]]}},{"type":"Feature","properties":{"q":"NENE","ac":40.1},"geometry":{"type":"Polygon","coordinates":[[[-106.692134,43.005412],[-106.697067,43.005462],[-106.697123,43.009094],[-106.692184,43.009045],[-106.692134,43.005412]]]}},{"type":"Feature","properties":{"q":"NWSE","ac":40.0},"geometry":{"type":"Polygon","coordinates":[[[-106.677385,43.012733],[-106.682329,43.012715],[-106.682345,43.016328],[-106.677392,43.016336],[-106.677385,43.012733]]]}},{"type":"Feature","properties":{"q":"SWSE","ac":39.2},"geometry":{"type":"Polygon","coordinates":[[[-106.682072,42.951165],[-106.682074,42.954781],[-106.677223,42.954725],[-106.677243,42.951107],[-106.682072,42.951165]]]}},{"type":"Feature","properties":{"q":"NESE","ac":39.7},"geometry":{"type":"Polygon","coordinates":[[[-106.613194,42.997856],[-106.618084,42.997936],[-106.61805,43.001557],[-106.613154,43.001478],[-106.613194,42.997856]]]}},{"type":"Feature","properties":{"q":"NESW","ac":39.4},"geometry":{"type":"Polygon","coordinates":[[[-106.623202,42.972637],[-106.623218,42.969015],[-106.628066,42.969091],[-106.628061,42.972714],[-106.623202,42.972637]]]}},{"type":"Feature","properties":{"q":"NWSE","ac":39.3},"geometry":{"type":"Polygon","coordinates":[[[-106.642874,42.954475],[-106.642811,42.958085],[-106.637944,42.958017],[-106.637981,42.954436],[-106.642874,42.954475]]]}},{"type":"Feature","properties":{"q":"NWSW","ac":40.2},"geometry":{"type":"Polygon","coordinates":[[[-106.692218,43.012679],[-106.692252,43.016312],[-106.687299,43.01632],[-106.687274,43.012697],[-106.692218,43.012679]]]}},{"type":"Feature","properties":{"q":"SWNW","ac":39.9},"geometry":{"type":"Polygon","coordinates":[[[-106.706497,42.972905],[-106.711405,42.972958],[-106.711457,42.976586],[-106.706538,42.97653],[-106.706497,42.972905]]]}},{"type":"Feature","properties":{"q":"SWNW","ac":39.6},"geometry":{"type":"Polygon","coordinates":[[[-106.691795,42.972745],[-106.691791,42.976362],[-106.686902,42.976391],[-106.686916,42.972767],[-106.691795,42.972745]]]}},{"type":"Feature","properties":{"q":"SESE","ac":39.9},"geometry":{"type":"Polygon","coordinates":[[[-106.613006,43.012346],[-106.61305,43.008726],[-106.617969,43.008805],[-106.617933,43.012426],[-106.613006,43.012346]]]}},{"type":"Feature","properties":{"q":"SESE","ac":40.1},"geometry":{"type":"Polygon","coordinates":[[[-106.652588,42.994537],[-106.657507,42.994565],[-106.657492,42.998203],[-106.652553,42.998171],[-106.652588,42.994537]]]}},{"type":"Feature","properties":{"q":"SWSW","ac":40.0},"geometry":{"type":"Polygon","coordinates":[[[-106.652449,43.009071],[-106.652425,43.012701],[-106.647514,43.012692],[-106.647519,43.009063],[-106.652449,43.009071]]]}},{"type":"Feature","properties":{"q":"NESW","ac":39.7},"geometry":{"type":"Polygon","coordinates":[[[-106.682058,42.969147],[-106.686929,42.969137],[-106.686916,42.972767],[-106.682036,42.97279],[-106.682058,42.969147]]]}},{"type":"Feature","properties":{"q":"NESW","ac":40.1},"geometry":{"type":"Polygon","coordinates":[[[-106.667452,42.954641],[-106.667401,42.958274],[-106.662472,42.958256],[-106.662532,42.954612],[-106.667452,42.954641]]]}},{"type":"Feature","properties":{"q":"NENE","ac":40.3},"geometry":{"type":"Polygon","coordinates":[[[-106.711306,42.962092],[-106.71628,42.962088],[-106.716301,42.9657],[-106.7113,42.965702],[-106.711306,42.962092]]]}},{"type":"Feature","properties":{"q":"NWNE","ac":40.1},"geometry":{"type":"Polygon","coordinates":[[[-106.642588,43.009056],[-106.637658,43.009049],[-106.637674,43.005422],[-106.642611,43.005427],[-106.642588,43.009056]]]}},{"type":"Feature","properties":{"q":"NESW","ac":40.1},"geometry":{"type":"Polygon","coordinates":[[[-106.687299,43.01632],[-106.682345,43.016328],[-106.682329,43.012715],[-106.687274,43.012697],[-106.687299,43.01632]]]}},{"type":"Feature","properties":{"q":"SESE","ac":39.6},"geometry":{"type":"Polygon","coordinates":[[[-106.618118,42.994314],[-106.618084,42.997936],[-106.613194,42.997856],[-106.613233,42.994234],[-106.618118,42.994314]]]}},{"type":"Feature","properties":{"q":"SWNW","ac":40.0},"geometry":{"type":"Polygon","coordinates":[[[-106.652503,43.019975],[-106.647569,43.019959],[-106.64751,43.016321],[-106.652401,43.016332],[-106.652503,43.019975]]]}},{"type":"Feature","properties":{"q":"SWNW","ac":39.4},"geometry":{"type":"Polygon","coordinates":[[[-106.711306,42.962092],[-106.706414,42.962069],[-106.706412,42.958486],[-106.711311,42.958481],[-106.711306,42.962092]]]}},{"type":"Feature","properties":{"q":"NWNW","ac":40.0},"geometry":{"type":"Polygon","coordinates":[[[-106.672435,43.019936],[-106.672433,43.023528],[-106.667476,43.023551],[-106.667468,43.019946],[-106.672435,43.019936]]]}},{"type":"Feature","properties":{"q":"NENW","ac":40.6},"geometry":{"type":"Polygon","coordinates":[[[-106.623259,42.961682],[-106.628126,42.961714],[-106.62807,42.965468],[-106.623233,42.965392],[-106.623259,42.961682]]]}},{"type":"Feature","properties":{"q":"NENW","ac":39.6},"geometry":{"type":"Polygon","coordinates":[[[-106.64268,42.976428],[-106.647557,42.976434],[-106.647553,42.980061],[-106.64268,42.980053],[-106.64268,42.976428]]]}},{"type":"Feature","properties":{"q":"SWNW","ac":40.1},"geometry":{"type":"Polygon","coordinates":[[[-106.667401,42.958274],[-106.672331,42.958291],[-106.672289,42.961912],[-106.66735,42.961906],[-106.667401,42.958274]]]}},{"type":"Feature","properties":{"q":"NWNW","ac":40.1},"geometry":{"type":"Polygon","coordinates":[[[-106.652484,43.005437],[-106.652449,43.009071],[-106.647519,43.009063],[-106.647547,43.005433],[-106.652484,43.005437]]]}},{"type":"Feature","properties":{"q":"4","ac":38.4},"geometry":{"type":"Polygon","coordinates":[[[-106.72631,42.969323],[-106.726302,42.9657],[-106.731037,42.965702],[-106.731044,42.969321],[-106.72631,42.969323]]]}},{"type":"Feature","properties":{"q":"NESE","ac":39.6},"geometry":{"type":"Polygon","coordinates":[[[-106.613364,42.983369],[-106.618247,42.983443],[-106.618204,42.987065],[-106.613321,42.986991],[-106.613364,42.983369]]]}},{"type":"Feature","properties":{"q":"NENW","ac":40.1},"geometry":{"type":"Polygon","coordinates":[[[-106.701999,43.005512],[-106.706931,43.005562],[-106.707002,43.009192],[-106.702062,43.009143],[-106.701999,43.005512]]]}},{"type":"Feature","properties":{"q":"NWSW","ac":40.1},"geometry":{"type":"Polygon","coordinates":[[[-106.667452,43.012738],[-106.67244,43.01275],[-106.672438,43.016343],[-106.66746,43.016341],[-106.667452,43.012738]]]}},{"type":"Feature","properties":{"q":"SESW","ac":39.3},"geometry":{"type":"Polygon","coordinates":[[[-106.623233,42.965392],[-106.62807,42.965468],[-106.628066,42.969091],[-106.623218,42.969015],[-106.623233,42.965392]]]}},{"type":"Feature","properties":{"q":"SENE","ac":40.2},"geometry":{"type":"Polygon","coordinates":[[[-106.632781,42.987286],[-106.63773,42.98729],[-106.637728,42.990919],[-106.632776,42.990919],[-106.632781,42.987286]]]}},{"type":"Feature","properties":{"q":"NENE","ac":40.0},"geometry":{"type":"Polygon","coordinates":[[[-106.677104,42.976449],[-106.677092,42.980084],[-106.672194,42.980119],[-106.672195,42.976477],[-106.677104,42.976449]]]}},{"type":"Feature","properties":{"q":"NWSW","ac":40.0},"geometry":{"type":"Polygon","coordinates":[[[-106.706791,42.998303],[-106.71171,42.998356],[-106.711787,43.001984],[-106.706861,43.001933],[-106.706791,42.998303]]]}},{"type":"Feature","properties":{"q":"SWNW","ac":40.4},"geometry":{"type":"Polygon","coordinates":[[[-106.647712,42.958153],[-106.652613,42.958221],[-106.652534,42.961888],[-106.64764,42.961853],[-106.647712,42.958153]]]}},{"type":"Feature","properties":{"q":"3","ac":38.7},"geometry":{"type":"Polygon","coordinates":[[[-106.726426,42.998272],[-106.731215,42.998246],[-106.73123,43.001852],[-106.726447,43.001885],[-106.726426,42.998272]]]}},{"type":"Feature","properties":{"q":"SESE","ac":40.6},"geometry":{"type":"Polygon","coordinates":[[[-106.716301,42.9657],[-106.71634,42.969327],[-106.711352,42.96933],[-106.7113,42.965702],[-106.716301,42.9657]]]}},{"type":"Feature","properties":{"q":"NENE","ac":40.0},"geometry":{"type":"Polygon","coordinates":[[[-106.637674,43.005422],[-106.637658,43.009049],[-106.632727,43.009041],[-106.632737,43.005417],[-106.637674,43.005422]]]}},{"type":"Feature","properties":{"q":"SENE","ac":40.1},"geometry":{"type":"Polygon","coordinates":[[[-106.711602,42.991099],[-106.711571,42.987471],[-106.716507,42.987452],[-106.716532,42.991078],[-106.711602,42.991099]]]}},{"type":"Feature","properties":{"q":"NESW","ac":40.0},"geometry":{"type":"Polygon","coordinates":[[[-106.701688,42.983728],[-106.706614,42.983785],[-106.70665,42.987415],[-106.701728,42.987359],[-106.701688,42.983728]]]}},{"type":"Feature","properties":{"q":"SENW","ac":40.2},"geometry":{"type":"Polygon","coordinates":[[[-106.726334,42.976562],[-106.721378,42.976568],[-106.721352,42.97295],[-106.726318,42.972945],[-106.726334,42.976562]]]}},{"type":"Feature","properties":{"q":"SESW","ac":40.2},"geometry":{"type":"Polygon","coordinates":[[[-106.667345,42.994621],[-106.667372,42.998267],[-106.662431,42.998235],[-106.662426,42.994593],[-106.667345,42.994621]]]}},{"type":"Feature","properties":{"q":"NESW","ac":39.8},"geometry":{"type":"Polygon","coordinates":[[[-106.706456,42.969279],[-106.706497,42.972905],[-106.701589,42.972852],[-106.70156,42.969227],[-106.706456,42.969279]]]}},{"type":"Feature","properties":{"q":"SESE","ac":40.3},"geometry":{"type":"Polygon","coordinates":[[[-106.652772,42.950885],[-106.657682,42.950926],[-106.657612,42.954582],[-106.652693,42.954553],[-106.652772,42.950885]]]}},{"type":"Feature","properties":{"q":"NENE","ac":40.1},"geometry":{"type":"Polygon","coordinates":[[[-106.612912,43.019585],[-106.617859,43.019666],[-106.61782,43.023285],[-106.612862,43.023203],[-106.612912,43.019585]]]}},{"type":"Feature","properties":{"q":"NWNW","ac":40.3},"geometry":{"type":"Polygon","coordinates":[[[-106.667422,43.005524],[-106.672402,43.005553],[-106.672443,43.009158],[-106.667444,43.009136],[-106.667422,43.005524]]]}},{"type":"Feature","properties":{"q":"SWNE","ac":40.0},"geometry":{"type":"Polygon","coordinates":[[[-106.682036,42.97279],[-106.682013,42.97642],[-106.677104,42.976449],[-106.677115,42.972813],[-106.682036,42.97279]]]}},{"type":"Feature","properties":{"q":"NWSE","ac":40.3},"geometry":{"type":"Polygon","coordinates":[[[-106.657612,42.954582],[-106.662532,42.954612],[-106.662472,42.958256],[-106.657543,42.958239],[-106.657612,42.954582]]]}},{"type":"Feature","properties":{"q":"NENW","ac":40.1},"geometry":{"type":"Polygon","coordinates":[[[-106.721378,42.976568],[-106.726334,42.976562],[-106.726349,42.980177],[-106.721403,42.980186],[-106.721378,42.976568]]]}},{"type":"Feature","properties":{"q":"SENE","ac":40.0},"geometry":{"type":"Polygon","coordinates":[[[-106.612962,43.015966],[-106.617897,43.016047],[-106.617859,43.019666],[-106.612912,43.019585],[-106.612962,43.015966]]]}},{"type":"Feature","properties":{"q":"SENE","ac":41.3},"geometry":{"type":"Polygon","coordinates":[[[-106.633077,42.957949],[-106.637944,42.958017],[-106.637869,42.961782],[-106.632992,42.961746],[-106.633077,42.957949]]]}},{"type":"Feature","properties":{"q":"SESW","ac":40.0},"geometry":{"type":"Polygon","coordinates":[[[-106.667267,42.983722],[-106.662339,42.98371],[-106.66231,42.980094],[-106.667252,42.980106],[-106.667267,42.983722]]]}},{"type":"Feature","properties":{"q":"SENW","ac":40.0},"geometry":{"type":"Polygon","coordinates":[[[-106.701728,42.987359],[-106.70665,42.987415],[-106.706685,42.991044],[-106.701768,42.990989],[-106.701728,42.987359]]]}},{"type":"Feature","properties":{"q":"NESE","ac":39.4},"geometry":{"type":"Polygon","coordinates":[[[-106.691737,42.95489],[-106.69662,42.954894],[-106.696629,42.958495],[-106.691745,42.958499],[-106.691737,42.95489]]]}},{"type":"Feature","properties":{"q":"NENE","ac":40.5},"geometry":{"type":"Polygon","coordinates":[[[-106.657502,43.019966],[-106.657563,43.023596],[-106.652606,43.023619],[-106.652503,43.019975],[-106.657502,43.019966]]]}},{"type":"Feature","properties":{"q":"SENW","ac":38.7},"geometry":{"type":"Polygon","coordinates":[[[-106.721665,43.030776],[-106.726472,43.030773],[-106.726497,43.034385],[-106.721729,43.034381],[-106.721665,43.030776]]]}},{"type":"Feature","properties":{"q":"4","ac":38.5},"geometry":{"type":"Polygon","coordinates":[[[-106.731096,42.980169],[-106.731121,42.983783],[-106.726363,42.983797],[-106.726349,42.980177],[-106.731096,42.980169]]]}},{"type":"Feature","properties":{"q":"NWNW","ac":40.1},"geometry":{"type":"Polygon","coordinates":[[[-106.706931,43.005562],[-106.711864,43.005612],[-106.711941,43.00924],[-106.707002,43.009192],[-106.706931,43.005562]]]}},{"type":"Feature","properties":{"q":"SENW","ac":40.0},"geometry":{"type":"Polygon","coordinates":[[[-106.662368,42.987326],[-106.667282,42.987337],[-106.667314,42.990979],[-106.662397,42.99096],[-106.662368,42.987326]]]}},{"type":"Feature","properties":{"q":"NWSW","ac":40.1},"geometry":{"type":"Polygon","coordinates":[[[-106.692034,42.998145],[-106.692084,43.001779],[-106.687152,43.001821],[-106.687103,42.998184],[-106.692034,42.998145]]]}},{"type":"Feature","properties":{"q":"SENE","ac":39.4},"geometry":{"type":"Polygon","coordinates":[[[-106.677184,42.961931],[-106.672289,42.961912],[-106.672331,42.958291],[-106.677204,42.958344],[-106.677184,42.961931]]]}},{"type":"Feature","properties":{"q":"NWSW","ac":40.0},"geometry":{"type":"Polygon","coordinates":[[[-106.711571,42.987471],[-106.70665,42.987415],[-106.706614,42.983785],[-106.71154,42.983842],[-106.711571,42.987471]]]}},{"type":"Feature","properties":{"q":"NENE","ac":39.6},"geometry":{"type":"Polygon","coordinates":[[[-106.637804,42.976421],[-106.637807,42.980046],[-106.632934,42.980038],[-106.632927,42.976414],[-106.637804,42.976421]]]}},{"type":"Feature","properties":{"q":"SESW","ac":40.0},"geometry":{"type":"Polygon","coordinates":[[[-106.642588,43.009056],[-106.647519,43.009063],[-106.647514,43.012692],[-106.642603,43.012683],[-106.642588,43.009056]]]}},{"type":"Feature","properties":{"q":"SWSE","ac":40.2},"geometry":{"type":"Polygon","coordinates":[[[-106.637708,42.998172],[-106.637725,42.994548],[-106.642679,42.994545],[-106.642656,42.998172],[-106.637708,42.998172]]]}},{"type":"Feature","properties":{"q":"NWNE","ac":40.4},"geometry":{"type":"Polygon","coordinates":[[[-106.71628,42.962088],[-106.721253,42.962085],[-106.721301,42.965698],[-106.716301,42.9657],[-106.71628,42.962088]]]}},{"type":"Feature","properties":{"q":"SWNW","ac":40.2},"geometry":{"type":"Polygon","coordinates":[[[-106.667263,42.97283],[-106.672195,42.972835],[-106.672195,42.976477],[-106.667257,42.976468],[-106.667263,42.97283]]]}},{"type":"Feature","properties":{"q":"NWNW","ac":39.9},"geometry":{"type":"Polygon","coordinates":[[[-106.627827,43.005339],[-106.632737,43.005417],[-106.632727,43.009041],[-106.627808,43.008962],[-106.627827,43.005339]]]}},{"type":"Feature","properties":{"q":"NWSW","ac":40.1},"geometry":{"type":"Polygon","coordinates":[[[-106.647783,42.954514],[-106.652693,42.954553],[-106.652613,42.958221],[-106.647712,42.958153],[-106.647783,42.954514]]]}},{"type":"Feature","properties":{"q":"SENW","ac":38.4},"geometry":{"type":"Polygon","coordinates":[[[-106.682079,42.96195],[-106.682077,42.958396],[-106.686911,42.958447],[-106.686927,42.961977],[-106.682079,42.96195]]]}},{"type":"Feature","properties":{"q":"NENE","ac":38.4},"geometry":{"type":"Polygon","coordinates":[[[-106.691775,42.962004],[-106.696648,42.962025],[-106.696668,42.965556],[-106.691804,42.965509],[-106.691775,42.962004]]]}},{"type":"Feature","properties":{"q":"SESW","ac":40.3},"geometry":{"type":"Polygon","coordinates":[[[-106.662446,43.009114],[-106.667444,43.009136],[-106.667452,43.012738],[-106.662464,43.012726],[-106.662446,43.009114]]]}},{"type":"Feature","properties":{"q":"NESW","ac":40.2},"geometry":{"type":"Polygon","coordinates":[[[-106.682171,42.998222],[-106.687103,42.998184],[-106.687152,43.001821],[-106.682219,43.001864],[-106.682171,42.998222]]]}},{"type":"Feature","properties":{"q":"SENE","ac":39.8},"geometry":{"type":"Polygon","coordinates":[[[-106.61805,43.001557],[-106.618009,43.005181],[-106.613102,43.005102],[-106.613154,43.001478],[-106.61805,43.001557]]]}},{"type":"Feature","properties":{"q":"NWSW","ac":40.3},"geometry":{"type":"Polygon","coordinates":[[[-106.672221,42.969184],[-106.672195,42.972835],[-106.667263,42.97283],[-106.667281,42.969184],[-106.672221,42.969184]]]}},{"type":"Feature","properties":{"q":"SWSW","ac":39.9},"geometry":{"type":"Polygon","coordinates":[[[-106.706455,42.951292],[-106.711417,42.951279],[-106.711364,42.95488],[-106.706433,42.954889],[-106.706455,42.951292]]]}},{"type":"Feature","properties":{"q":"NESW","ac":39.8},"geometry":{"type":"Polygon","coordinates":[[[-106.642603,43.012683],[-106.647514,43.012692],[-106.64751,43.016321],[-106.642619,43.016309],[-106.642603,43.012683]]]}},{"type":"Feature","properties":{"q":"SWSE","ac":40.2},"geometry":{"type":"Polygon","coordinates":[[[-106.657507,42.994565],[-106.662426,42.994593],[-106.662431,42.998235],[-106.657492,42.998203],[-106.657507,42.994565]]]}},{"type":"Feature","properties":{"q":"SWNW","ac":40.1},"geometry":{"type":"Polygon","coordinates":[[[-106.667282,42.987337],[-106.672197,42.987349],[-106.67223,42.990999],[-106.667314,42.990979],[-106.667282,42.987337]]]}},{"type":"Feature","properties":{"q":"NESE","ac":40.2},"geometry":{"type":"Polygon","coordinates":[[[-106.672221,42.969184],[-106.67714,42.969166],[-106.677115,42.972813],[-106.672195,42.972835],[-106.672221,42.969184]]]}},{"type":"Feature","properties":{"q":"SESE","ac":39.2},"geometry":{"type":"Polygon","coordinates":[[[-106.672414,42.951049],[-106.677243,42.951107],[-106.677223,42.954725],[-106.672372,42.95467],[-106.672414,42.951049]]]}},{"type":"Feature","properties":{"q":"SENE","ac":40.5},"geometry":{"type":"Polygon","coordinates":[[[-106.652534,42.961888],[-106.652613,42.958221],[-106.657543,42.958239],[-106.657473,42.961895],[-106.652534,42.961888]]]}},{"type":"Feature","properties":{"q":"NWNE","ac":39.7},"geometry":{"type":"Polygon","coordinates":[[[-106.618302,42.97619],[-106.623187,42.976265],[-106.623171,42.979893],[-106.618289,42.97982],[-106.618302,42.97619]]]}},{"type":"Feature","properties":{"q":"SWNW","ac":40.2},"geometry":{"type":"Polygon","coordinates":[[[-106.667399,43.001913],[-106.672362,43.001948],[-106.672402,43.005553],[-106.667422,43.005524],[-106.667399,43.001913]]]}},{"type":"Feature","properties":{"q":"NENW","ac":39.1},"geometry":{"type":"Polygon","coordinates":[[[-106.701531,42.965602],[-106.701522,42.962046],[-106.706414,42.962069],[-106.706416,42.965652],[-106.701531,42.965602]]]}},{"type":"Feature","properties":{"q":"SESE","ac":39.3},"geometry":{"type":"Polygon","coordinates":[[[-106.711417,42.951279],[-106.716264,42.951285],[-106.716261,42.954881],[-106.711364,42.95488],[-106.711417,42.951279]]]}},{"type":"Feature","properties":{"q":"SWSW","ac":39.9},"geometry":{"type":"Polygon","coordinates":[[[-106.691786,42.97998],[-106.691835,42.983613],[-106.686929,42.983643],[-106.686888,42.980015],[-106.691786,42.97998]]]}},{"type":"Feature","properties":{"q":"SENE","ac":39.6},"geometry":{"type":"Polygon","coordinates":[[[-106.613565,42.957991],[-106.618425,42.957981],[-106.618411,42.961649],[-106.613562,42.961617],[-106.613565,42.957991]]]}},{"type":"Feature","properties":{"q":"NWSE","ac":39.7},"geometry":{"type":"Polygon","coordinates":[[[-106.622974,42.998015],[-106.622945,43.001636],[-106.61805,43.001557],[-106.618084,42.997936],[-106.622974,42.998015]]]}},{"type":"Feature","properties":{"q":"NWSW","ac":40.4},"geometry":{"type":"Polygon","coordinates":[[[-106.667372,42.998267],[-106.672313,42.998298],[-106.672362,43.001948],[-106.667399,43.001913],[-106.667372,42.998267]]]}},{"type":"Feature","properties":{"q":"NWNE","ac":38.6},"geometry":{"type":"Polygon","coordinates":[[[-106.696648,42.962025],[-106.701522,42.962046],[-106.701531,42.965602],[-106.696668,42.965556],[-106.696648,42.962025]]]}},{"type":"Feature","properties":{"q":"NESW","ac":40.4},"geometry":{"type":"Polygon","coordinates":[[[-106.667372,42.998267],[-106.667399,43.001913],[-106.662436,43.001877],[-106.662431,42.998235],[-106.667372,42.998267]]]}},{"type":"Feature","properties":{"q":"SWSE","ac":40.1},"geometry":{"type":"Polygon","coordinates":[[[-106.677164,42.965518],[-106.682081,42.965503],[-106.682058,42.969147],[-106.67714,42.969166],[-106.677164,42.965518]]]}},{"type":"Feature","properties":{"q":"3","ac":39.0},"geometry":{"type":"Polygon","coordinates":[[[-106.726472,43.012736],[-106.731278,43.012704],[-106.731292,43.016322],[-106.726452,43.016347],[-106.726472,43.012736]]]}},{"type":"Feature","properties":{"q":"SWSE","ac":39.7},"geometry":{"type":"Polygon","coordinates":[[[-106.637807,42.980046],[-106.64268,42.980053],[-106.64268,42.983674],[-106.637769,42.983668],[-106.637807,42.980046]]]}},{"type":"Feature","properties":{"q":"NENE","ac":40.0},"geometry":{"type":"Polygon","coordinates":[[[-106.677398,43.019938],[-106.677405,43.023541],[-106.672433,43.023528],[-106.672435,43.019936],[-106.677398,43.019938]]]}},{"type":"Feature","properties":{"q":"SWSW","ac":39.0},"geometry":{"type":"Polygon","coordinates":[[[-106.633089,42.954397],[-106.6282,42.95439],[-106.628218,42.95082],[-106.633101,42.950846],[-106.633089,42.954397]]]}},{"type":"Feature","properties":{"q":"SWSW","ac":40.4},"geometry":{"type":"Polygon","coordinates":[[[-106.672221,42.969184],[-106.667281,42.969184],[-106.667299,42.965539],[-106.672247,42.965533],[-106.672221,42.969184]]]}},{"type":"Feature","properties":{"q":"NWSE","ac":39.3},"geometry":{"type":"Polygon","coordinates":[[[-106.637591,43.027097],[-106.642558,43.027116],[-106.642466,43.030658],[-106.637511,43.030642],[-106.637591,43.027097]]]}},{"type":"Feature","properties":{"q":"SESE","ac":39.5},"geometry":{"type":"Polygon","coordinates":[[[-106.637671,43.023552],[-106.637591,43.027097],[-106.632625,43.027078],[-106.632693,43.02353],[-106.637671,43.023552]]]}},{"type":"Feature","properties":{"q":"SENW","ac":40.0},"geometry":{"type":"Polygon","coordinates":[[[-106.687287,43.034412],[-106.682326,43.03437],[-106.682343,43.030773],[-106.687308,43.030801],[-106.687287,43.034412]]]}},{"type":"Feature","properties":{"q":"NWSE","ac":40.4},"geometry":{"type":"Polygon","coordinates":[[[-106.682343,43.030773],[-106.677316,43.030743],[-106.67736,43.027142],[-106.68236,43.027163],[-106.682343,43.030773]]]}},{"type":"Feature","properties":{"q":"SWSW","ac":40.3},"geometry":{"type":"Polygon","coordinates":[[[-106.692297,43.027204],[-106.687329,43.027184],[-106.68735,43.023566],[-106.692322,43.023579],[-106.692297,43.027204]]]}},{"type":"Feature","properties":{"q":"SWNE","ac":39.0},"geometry":{"type":"Polygon","coordinates":[[[-106.662132,43.034227],[-106.657196,43.034226],[-106.65732,43.030696],[-106.66226,43.030702],[-106.662132,43.034227]]]}},{"type":"Feature","properties":{"q":"5","ac":39.4},"geometry":{"type":"Polygon","coordinates":[[[-106.731355,43.030769],[-106.731362,43.034389],[-106.726497,43.034385],[-106.726472,43.030773],[-106.731355,43.030769]]]}},{"type":"Feature","properties":{"q":"NWNE","ac":39.5},"geometry":{"type":"Polygon","coordinates":[[[-106.697172,43.019962],[-106.702056,43.019979],[-106.702054,43.023591],[-106.697188,43.023585],[-106.697172,43.019962]]]}},{"type":"Feature","properties":{"q":"NWSE","ac":39.3},"geometry":{"type":"Polygon","coordinates":[[[-106.657441,43.027146],[-106.66239,43.027138],[-106.66226,43.030702],[-106.65732,43.030696],[-106.657441,43.027146]]]}},{"type":"Feature","properties":{"q":"NESE","ac":40.0},"geometry":{"type":"Polygon","coordinates":[[[-106.61281,43.026822],[-106.617766,43.026886],[-106.617712,43.030487],[-106.612758,43.03044],[-106.61281,43.026822]]]}},{"type":"Feature","properties":{"q":"SWSW","ac":39.9},"geometry":{"type":"Polygon","coordinates":[[[-106.667375,43.02713],[-106.667476,43.023551],[-106.672433,43.023528],[-106.672361,43.027121],[-106.667375,43.02713]]]}},{"type":"Feature","properties":{"q":"SWNE","ac":39.5},"geometry":{"type":"Polygon","coordinates":[[[-106.716765,43.03078],[-106.721665,43.030776],[-106.721729,43.034381],[-106.716817,43.034378],[-106.716765,43.03078]]]}},{"type":"Feature","properties":{"q":"4","ac":39.0},"geometry":{"type":"Polygon","coordinates":[[[-106.62755,43.034148],[-106.632488,43.034173],[-106.632419,43.037694],[-106.627488,43.037696],[-106.62755,43.034148]]]}},{"type":"Feature","properties":{"q":"1","ac":38.4},"geometry":{"type":"Polygon","coordinates":[[[-106.652261,43.034224],[-106.657196,43.034226],[-106.657074,43.037714],[-106.652144,43.037703],[-106.652261,43.034224]]]}},{"type":"Feature","properties":{"q":"SENE","ac":39.0},"geometry":{"type":"Polygon","coordinates":[[[-106.65238,43.03069],[-106.65732,43.030696],[-106.657196,43.034226],[-106.652261,43.034224],[-106.65238,43.03069]]]}},{"type":"Feature","properties":{"q":"SWNW","ac":40.2},"geometry":{"type":"Polygon","coordinates":[[[-106.687308,43.030801],[-106.692273,43.03083],[-106.692247,43.034454],[-106.687287,43.034412],[-106.687308,43.030801]]]}},{"type":"Feature","properties":{"q":"NWSE","ac":39.8},"geometry":{"type":"Polygon","coordinates":[[[-106.622722,43.02695],[-106.622667,43.030533],[-106.617712,43.030487],[-106.617766,43.026886],[-106.622722,43.02695]]]}},{"type":"Feature","properties":{"q":"SENE","ac":40.5},"geometry":{"type":"Polygon","coordinates":[[[-106.672215,43.034307],[-106.672288,43.030714],[-106.677316,43.030743],[-106.677271,43.034338],[-106.672215,43.034307]]]}},{"type":"Feature","properties":{"q":"3","ac":39.3},"geometry":{"type":"Polygon","coordinates":[[[-106.622612,43.034123],[-106.62755,43.034148],[-106.627488,43.037696],[-106.622556,43.037699],[-106.622612,43.034123]]]}},{"type":"Feature","properties":{"q":"SWSW","ac":39.2},"geometry":{"type":"Polygon","coordinates":[[[-106.711826,43.027193],[-106.706945,43.027196],[-106.70692,43.023597],[-106.711786,43.023602],[-106.711826,43.027193]]]}},{"type":"Feature","properties":{"q":"NWSW","ac":40.1},"geometry":{"type":"Polygon","coordinates":[[[-106.667375,43.02713],[-106.672361,43.027121],[-106.672288,43.030714],[-106.667274,43.030708],[-106.667375,43.02713]]]}},{"type":"Feature","properties":{"q":"4","ac":38.5},"geometry":{"type":"Polygon","coordinates":[[[-106.647318,43.034208],[-106.652261,43.034224],[-106.652144,43.037703],[-106.647214,43.037694],[-106.647318,43.034208]]]}},{"type":"Feature","properties":{"q":"NWSW","ac":39.3},"geometry":{"type":"Polygon","coordinates":[[[-106.706969,43.030795],[-106.706945,43.027196],[-106.711826,43.027193],[-106.711865,43.030784],[-106.706969,43.030795]]]}},{"type":"Feature","properties":{"q":"NESW","ac":38.9},"geometry":{"type":"Polygon","coordinates":[[[-106.721601,43.027176],[-106.726442,43.027169],[-106.726472,43.030773],[-106.721665,43.030776],[-106.721601,43.027176]]]}},{"type":"Feature","properties":{"q":"1","ac":40.2},"geometry":{"type":"Polygon","coordinates":[[[-106.716817,43.034378],[-106.716869,43.038029],[-106.711945,43.038037],[-106.711905,43.034375],[-106.716817,43.034378]]]}},{"type":"Feature","properties":{"q":"NWSW","ac":40.2},"geometry":{"type":"Polygon","coordinates":[[[-106.692297,43.027204],[-106.692273,43.03083],[-106.687308,43.030801],[-106.687329,43.027184],[-106.692297,43.027204]]]}},{"type":"Feature","properties":{"q":"NWSW","ac":39.4},"geometry":{"type":"Polygon","coordinates":[[[-106.627674,43.027014],[-106.632625,43.027078],[-106.632557,43.030625],[-106.627612,43.030579],[-106.627674,43.027014]]]}},{"type":"Feature","properties":{"q":"SWNE","ac":39.6},"geometry":{"type":"Polygon","coordinates":[[[-106.697173,43.030819],[-106.702073,43.030807],[-106.702082,43.034405],[-106.697164,43.03443],[-106.697173,43.030819]]]}},{"type":"Feature","properties":{"q":"NESE","ac":39.3},"geometry":{"type":"Polygon","coordinates":[[[-106.716765,43.03078],[-106.711865,43.030784],[-106.711826,43.027193],[-106.716713,43.027185],[-106.716765,43.03078]]]}},{"type":"Feature","properties":{"q":"1","ac":40.3},"geometry":{"type":"Polygon","coordinates":[[[-106.692247,43.034454],[-106.697164,43.03443],[-106.697156,43.038083],[-106.692221,43.038111],[-106.692247,43.034454]]]}},{"type":"Feature","properties":{"q":"NESE","ac":39.6},"geometry":{"type":"Polygon","coordinates":[[[-106.692297,43.027204],[-106.69718,43.027202],[-106.697173,43.030819],[-106.692273,43.03083],[-106.692297,43.027204]]]}},{"type":"Feature","properties":{"q":"SESW","ac":39.7},"geometry":{"type":"Polygon","coordinates":[[[-106.662519,43.023574],[-106.667476,43.023551],[-106.667375,43.02713],[-106.66239,43.027138],[-106.662519,43.023574]]]}},{"type":"Feature","properties":{"q":"SWNE","ac":39.2},"geometry":{"type":"Polygon","coordinates":[[[-106.637511,43.030642],[-106.642466,43.030658],[-106.642374,43.034192],[-106.637431,43.034183],[-106.637511,43.030642]]]}},{"type":"Feature","properties":{"q":"2","ac":38.7},"geometry":{"type":"Polygon","coordinates":[[[-106.642374,43.034192],[-106.642284,43.037685],[-106.637351,43.037689],[-106.637431,43.034183],[-106.642374,43.034192]]]}},{"type":"Feature","properties":{"q":"NWSE","ac":39.4},"geometry":{"type":"Polygon","coordinates":[[[-106.716713,43.027185],[-106.721601,43.027176],[-106.721665,43.030776],[-106.716765,43.03078],[-106.716713,43.027185]]]}},{"type":"Feature","properties":{"q":"NWNE","ac":39.2},"geometry":{"type":"Polygon","coordinates":[[[-106.716694,43.019993],[-106.721563,43.019974],[-106.721537,43.023577],[-106.716661,43.023589],[-106.716694,43.019993]]]}},{"type":"Feature","properties":{"q":"NENE","ac":39.6},"geometry":{"type":"Polygon","coordinates":[[[-106.697188,43.023585],[-106.692322,43.023579],[-106.692287,43.019946],[-106.697172,43.019962],[-106.697188,43.023585]]]}},{"type":"Feature","properties":{"q":"2","ac":40.2},"geometry":{"type":"Polygon","coordinates":[[[-106.697164,43.03443],[-106.702082,43.034405],[-106.702091,43.038055],[-106.697156,43.038083],[-106.697164,43.03443]]]}},{"type":"Feature","properties":{"q":"SWNW","ac":40.2},"geometry":{"type":"Polygon","coordinates":[[[-106.672288,43.030714],[-106.672215,43.034307],[-106.667173,43.034267],[-106.667274,43.030708],[-106.672288,43.030714]]]}},{"type":"Feature","properties":{"q":"SESE","ac":40.0},"geometry":{"type":"Polygon","coordinates":[[[-106.612862,43.023203],[-106.61782,43.023285],[-106.617766,43.026886],[-106.61281,43.026822],[-106.612862,43.023203]]]}},{"type":"Feature","properties":{"q":"SESW","ac":39.3},"geometry":{"type":"Polygon","coordinates":[[[-106.702054,43.023591],[-106.70692,43.023597],[-106.706945,43.027196],[-106.702063,43.027199],[-106.702054,43.023591]]]}},{"type":"Feature","properties":{"q":"SENE","ac":39.2},"geometry":{"type":"Polygon","coordinates":[[[-106.632557,43.030625],[-106.637511,43.030642],[-106.637431,43.034183],[-106.632488,43.034173],[-106.632557,43.030625]]]}},{"type":"Feature","properties":{"q":"3","ac":38.6},"geometry":{"type":"Polygon","coordinates":[[[-106.726497,43.034385],[-106.726522,43.038015],[-106.721794,43.03802],[-106.721729,43.034381],[-106.726497,43.034385]]]}},{"type":"Feature","properties":{"q":"SWSE","ac":39.4},"geometry":{"type":"Polygon","coordinates":[[[-106.702054,43.023591],[-106.702063,43.027199],[-106.69718,43.027202],[-106.697188,43.023585],[-106.702054,43.023591]]]}},{"type":"Feature","properties":{"q":"SENW","ac":39.5},"geometry":{"type":"Polygon","coordinates":[[[-106.702073,43.030807],[-106.706969,43.030795],[-106.706993,43.03439],[-106.702082,43.034405],[-106.702073,43.030807]]]}},{"type":"Feature","properties":{"q":"7","ac":39.5},"geometry":{"type":"Polygon","coordinates":[[[-106.726412,43.023565],[-106.731319,43.023554],[-106.731337,43.027161],[-106.726442,43.027169],[-106.726412,43.023565]]]}},{"type":"Feature","properties":{"q":"NWSE","ac":39.5},"geometry":{"type":"Polygon","coordinates":[[[-106.69718,43.027202],[-106.702063,43.027199],[-106.702073,43.030807],[-106.697173,43.030819],[-106.69718,43.027202]]]}},{"type":"Feature","properties":{"q":"3","ac":38.5},"geometry":{"type":"Polygon","coordinates":[[[-106.642374,43.034192],[-106.647318,43.034208],[-106.647214,43.037694],[-106.642284,43.037685],[-106.642374,43.034192]]]}},{"type":"Feature","properties":{"q":"2","ac":40.1},"geometry":{"type":"Polygon","coordinates":[[[-106.716817,43.034378],[-106.721729,43.034381],[-106.721794,43.03802],[-106.716869,43.038029],[-106.716817,43.034378]]]}},{"type":"Feature","properties":{"q":"SENW","ac":39.1},"geometry":{"type":"Polygon","coordinates":[[[-106.642466,43.030658],[-106.647423,43.030674],[-106.647318,43.034208],[-106.642374,43.034192],[-106.642466,43.030658]]]}},{"type":"Feature","properties":{"q":"NENW","ac":39.3},"geometry":{"type":"Polygon","coordinates":[[[-106.702054,43.023591],[-106.702056,43.019979],[-106.706941,43.019995],[-106.70692,43.023597],[-106.702054,43.023591]]]}},{"type":"Feature","properties":{"q":"SWNE","ac":39.9},"geometry":{"type":"Polygon","coordinates":[[[-106.622612,43.034123],[-106.617671,43.034105],[-106.617712,43.030487],[-106.622667,43.030533],[-106.622612,43.034123]]]}},{"type":"Feature","properties":{"q":"SESW","ac":39.4},"geometry":{"type":"Polygon","coordinates":[[[-106.642558,43.027116],[-106.64265,43.023574],[-106.647628,43.023597],[-106.647525,43.027135],[-106.642558,43.027116]]]}},{"type":"Feature","properties":{"q":"NWNW","ac":39.2},"geometry":{"type":"Polygon","coordinates":[[[-106.711825,43.020012],[-106.711786,43.023602],[-106.70692,43.023597],[-106.706941,43.019995],[-106.711825,43.020012]]]}},{"type":"Feature","properties":{"q":"SWSW","ac":39.4},"geometry":{"type":"Polygon","coordinates":[[[-106.652493,43.027154],[-106.647525,43.027135],[-106.647628,43.023597],[-106.652606,43.023619],[-106.652493,43.027154]]]}},{"type":"Feature","properties":{"q":"2","ac":38.6},"geometry":{"type":"Polygon","coordinates":[[[-106.657196,43.034226],[-106.662132,43.034227],[-106.662004,43.037726],[-106.657074,43.037714],[-106.657196,43.034226]]]}},{"type":"Feature","properties":{"q":"1","ac":40.9},"geometry":{"type":"Polygon","coordinates":[[[-106.677225,43.037944],[-106.672141,43.037903],[-106.672215,43.034307],[-106.677271,43.034338],[-106.677225,43.037944]]]}},{"type":"Feature","properties":{"q":"NESW","ac":39.6},"geometry":{"type":"Polygon","coordinates":[[[-106.622722,43.02695],[-106.627674,43.027014],[-106.627612,43.030579],[-106.622667,43.030533],[-106.622722,43.02695]]]}},{"type":"Feature","properties":{"q":"3","ac":40.2},"geometry":{"type":"Polygon","coordinates":[[[-106.707018,43.038046],[-106.702091,43.038055],[-106.702082,43.034405],[-106.706993,43.03439],[-106.707018,43.038046]]]}},{"type":"Feature","properties":{"q":"SENE","ac":39.7},"geometry":{"type":"Polygon","coordinates":[[[-106.692273,43.03083],[-106.697173,43.030819],[-106.697164,43.03443],[-106.692247,43.034454],[-106.692273,43.03083]]]}},{"type":"Feature","properties":{"q":"2","ac":41.0},"geometry":{"type":"Polygon","coordinates":[[[-106.682326,43.03437],[-106.682309,43.037985],[-106.677225,43.037944],[-106.677271,43.034338],[-106.682326,43.03437]]]}},{"type":"Feature","properties":{"q":"SWSE","ac":39.4},"geometry":{"type":"Polygon","coordinates":[[[-106.637671,43.023552],[-106.64265,43.023574],[-106.642558,43.027116],[-106.637591,43.027097],[-106.637671,43.023552]]]}},{"type":"Feature","properties":{"q":"SWNE","ac":40.6},"geometry":{"type":"Polygon","coordinates":[[[-106.682326,43.03437],[-106.677271,43.034338],[-106.677316,43.030743],[-106.682343,43.030773],[-106.682326,43.03437]]]}},{"type":"Feature","properties":{"q":"SENW","ac":39.6},"geometry":{"type":"Polygon","coordinates":[[[-106.622667,43.030533],[-106.627612,43.030579],[-106.62755,43.034148],[-106.622612,43.034123],[-106.622667,43.030533]]]}},{"type":"Feature","properties":{"q":"NESW","ac":40.2},"geometry":{"type":"Polygon","coordinates":[[[-106.68236,43.027163],[-106.687329,43.027184],[-106.687308,43.030801],[-106.682343,43.030773],[-106.68236,43.027163]]]}},{"type":"Feature","properties":{"q":"4","ac":40.4},"geometry":{"type":"Polygon","coordinates":[[[-106.667173,43.034267],[-106.672215,43.034307],[-106.672141,43.037903],[-106.667072,43.037814],[-106.667173,43.034267]]]}},{"type":"Feature","properties":{"q":"1","ac":40.1},"geometry":{"type":"Polygon","coordinates":[[[-106.617671,43.034105],[-106.617629,43.037716],[-106.612701,43.037732],[-106.61273,43.034086],[-106.617671,43.034105]]]}},{"type":"Feature","properties":{"q":"NESE","ac":40.4},"geometry":{"type":"Polygon","coordinates":[[[-106.672361,43.027121],[-106.67736,43.027142],[-106.677316,43.030743],[-106.672288,43.030714],[-106.672361,43.027121]]]}},{"type":"Feature","properties":{"q":"SESW","ac":39.2},"geometry":{"type":"Polygon","coordinates":[[[-106.726412,43.023565],[-106.726442,43.027169],[-106.721601,43.027176],[-106.721537,43.023577],[-106.726412,43.023565]]]}},{"type":"Feature","properties":{"q":"SWNW","ac":39.1},"geometry":{"type":"Polygon","coordinates":[[[-106.647423,43.030674],[-106.65238,43.03069],[-106.652261,43.034224],[-106.647318,43.034208],[-106.647423,43.030674]]]}},{"type":"Feature","properties":{"q":"SWSE","ac":40.2},"geometry":{"type":"Polygon","coordinates":[[[-106.677405,43.023541],[-106.682377,43.023554],[-106.68236,43.027163],[-106.67736,43.027142],[-106.677405,43.023541]]]}},{"type":"Feature","properties":{"q":"SESW","ac":40.2},"geometry":{"type":"Polygon","coordinates":[[[-106.68735,43.023566],[-106.687329,43.027184],[-106.68236,43.027163],[-106.682377,43.023554],[-106.68735,43.023566]]]}},{"type":"Feature","properties":{"q":"4","ac":40.4},"geometry":{"type":"Polygon","coordinates":[[[-106.687265,43.038048],[-106.687287,43.034412],[-106.692247,43.034454],[-106.692221,43.038111],[-106.687265,43.038048]]]}},{"type":"Feature","properties":{"q":"3","ac":40.2},"geometry":{"type":"Polygon","coordinates":[[[-106.687265,43.038048],[-106.682309,43.037985],[-106.682326,43.03437],[-106.687287,43.034412],[-106.687265,43.038048]]]}},{"type":"Feature","properties":{"q":"SWSW","ac":39.4},"geometry":{"type":"Polygon","coordinates":[[[-106.632625,43.027078],[-106.627674,43.027014],[-106.627735,43.023448],[-106.632693,43.02353],[-106.632625,43.027078]]]}},{"type":"Feature","properties":{"q":"SESE","ac":39.5},"geometry":{"type":"Polygon","coordinates":[[[-106.692322,43.023579],[-106.697188,43.023585],[-106.69718,43.027202],[-106.692297,43.027204],[-106.692322,43.023579]]]}},{"type":"Feature","properties":{"q":"SESE","ac":39.2},"geometry":{"type":"Polygon","coordinates":[[[-106.711786,43.023602],[-106.716661,43.023589],[-106.716713,43.027185],[-106.711826,43.027193],[-106.711786,43.023602]]]}},{"type":"Feature","properties":{"q":"2","ac":39.7},"geometry":{"type":"Polygon","coordinates":[[[-106.622612,43.034123],[-106.622556,43.037699],[-106.617629,43.037716],[-106.617671,43.034105],[-106.622612,43.034123]]]}},{"type":"Feature","properties":{"q":"SESE","ac":39.3},"geometry":{"type":"Polygon","coordinates":[[[-106.652606,43.023619],[-106.657563,43.023596],[-106.657441,43.027146],[-106.652493,43.027154],[-106.652606,43.023619]]]}},{"type":"Feature","properties":{"q":"4","ac":39.4},"geometry":{"type":"Polygon","coordinates":[[[-106.726497,43.034385],[-106.731362,43.034389],[-106.731369,43.03801],[-106.726522,43.038015],[-106.726497,43.034385]]]}},{"type":"Feature","properties":{"q":"SWSE","ac":39.3},"geometry":{"type":"Polygon","coordinates":[[[-106.716661,43.023589],[-106.721537,43.023577],[-106.721601,43.027176],[-106.716713,43.027185],[-106.716661,43.023589]]]}},{"type":"Feature","properties":{"q":"NWNE","ac":40.1},"geometry":{"type":"Polygon","coordinates":[[[-106.682361,43.019941],[-106.682377,43.023554],[-106.677405,43.023541],[-106.677398,43.019938],[-106.682361,43.019941]]]}},{"type":"Feature","properties":{"q":"SESW","ac":39.6},"geometry":{"type":"Polygon","coordinates":[[[-106.627735,43.023448],[-106.627674,43.027014],[-106.622722,43.02695],[-106.622778,43.023367],[-106.627735,43.023448]]]}},{"type":"Feature","properties":{"q":"1","ac":39.5},"geometry":{"type":"Polygon","coordinates":[[[-106.726412,43.023565],[-106.726432,43.019956],[-106.731305,43.019938],[-106.731319,43.023554],[-106.726412,43.023565]]]}},{"type":"Feature","properties":{"q":"SENW","ac":39.8},"geometry":{"type":"Polygon","coordinates":[[[-106.662132,43.034227],[-106.66226,43.030702],[-106.667274,43.030708],[-106.667173,43.034267],[-106.662132,43.034227]]]}},{"type":"Feature","properties":{"q":"NESW","ac":39.3},"geometry":{"type":"Polygon","coordinates":[[[-106.642558,43.027116],[-106.647525,43.027135],[-106.647423,43.030674],[-106.642466,43.030658],[-106.642558,43.027116]]]}},{"type":"Feature","properties":{"q":"NWNW","ac":40.3},"geometry":{"type":"Polygon","coordinates":[[[-106.68735,43.023566],[-106.687324,43.019943],[-106.692287,43.019946],[-106.692322,43.023579],[-106.68735,43.023566]]]}},{"type":"Feature","properties":{"q":"NESE","ac":39.2},"geometry":{"type":"Polygon","coordinates":[[[-106.65732,43.030696],[-106.65238,43.03069],[-106.652493,43.027154],[-106.657441,43.027146],[-106.65732,43.030696]]]}},{"type":"Feature","properties":{"q":"NESE","ac":39.4},"geometry":{"type":"Polygon","coordinates":[[[-106.632625,43.027078],[-106.637591,43.027097],[-106.637511,43.030642],[-106.632557,43.030625],[-106.632625,43.027078]]]}},{"type":"Feature","properties":{"q":"NESW","ac":39.4},"geometry":{"type":"Polygon","coordinates":[[[-106.702063,43.027199],[-106.706945,43.027196],[-106.706969,43.030795],[-106.702073,43.030807],[-106.702063,43.027199]]]}},{"type":"Feature","properties":{"q":"SWNW","ac":39.4},"geometry":{"type":"Polygon","coordinates":[[[-106.706969,43.030795],[-106.711865,43.030784],[-106.711905,43.034375],[-106.706993,43.03439],[-106.706969,43.030795]]]}},{"type":"Feature","properties":{"q":"4","ac":40.3},"geometry":{"type":"Polygon","coordinates":[[[-106.706993,43.03439],[-106.711905,43.034375],[-106.711945,43.038037],[-106.707018,43.038046],[-106.706993,43.03439]]]}},{"type":"Feature","properties":{"q":"NENW","ac":40.2},"geometry":{"type":"Polygon","coordinates":[[[-106.682361,43.019941],[-106.687324,43.019943],[-106.68735,43.023566],[-106.682377,43.023554],[-106.682361,43.019941]]]}}]}