{"type":"FeatureCollection","note":"BLM Public Land Survey System. Provided by the Bureau of Land Management as is. These data are neither legal documents nor land surveys and must not be used as such.","features":[{"type":"Feature","properties":{"q":"17","ac":40.1},"geometry":{"type":"Polygon","coordinates":[[[-106.41771,44.166908],[-106.418817,44.166894],[-106.418784,44.17054],[-106.413767,44.170602],[-106.413819,44.166958],[-106.41771,44.166908]]]}},{"type":"Feature","properties":{"q":"3","ac":39.9},"geometry":{"type":"Polygon","coordinates":[[[-106.35381,44.178629],[-106.353792,44.182259],[-106.348781,44.182325],[-106.348803,44.178695],[-106.35381,44.178629]]]}},{"type":"Feature","properties":{"q":"13","ac":39.9},"geometry":{"type":"Polygon","coordinates":[[[-106.358804,44.182193],[-106.358801,44.185823],[-106.353794,44.18589],[-106.353792,44.182259],[-106.358804,44.182193]]]}},{"type":"Feature","properties":{"q":"15","ac":39.9},"geometry":{"type":"Polygon","coordinates":[[[-106.408573,44.19978],[-106.413557,44.199727],[-106.413601,44.203372],[-106.408615,44.203423],[-106.408573,44.19978]]]}},{"type":"Feature","properties":{"q":"5","ac":39.8},"geometry":{"type":"Polygon","coordinates":[[[-106.373818,44.174741],[-106.378814,44.174676],[-106.378798,44.178307],[-106.373803,44.178372],[-106.373818,44.174741]]]}},{"type":"Feature","properties":{"q":"20","ac":39.8},"geometry":{"type":"Polygon","coordinates":[[[-106.39862,44.181696],[-106.403606,44.181638],[-106.403592,44.185274],[-106.398607,44.185334],[-106.39862,44.181696]]]}},{"type":"Feature","properties":{"q":"8","ac":39.7},"geometry":{"type":"Polygon","coordinates":[[[-106.343829,44.20418],[-106.343833,44.207812],[-106.338855,44.207881],[-106.338846,44.204249],[-106.343829,44.20418]]]}},{"type":"Feature","properties":{"q":"3","ac":39.8},"geometry":{"type":"Polygon","coordinates":[[[-106.368808,44.178436],[-106.373803,44.178372],[-106.373787,44.182002],[-106.368793,44.182066],[-106.368808,44.178436]]]}},{"type":"Feature","properties":{"q":"14","ac":39.9},"geometry":{"type":"Polygon","coordinates":[[[-106.313976,44.197343],[-106.313971,44.200979],[-106.308972,44.201042],[-106.308972,44.197405],[-106.313976,44.197343]]]}},{"type":"Feature","properties":{"q":"9","ac":39.7},"geometry":{"type":"Polygon","coordinates":[[[-106.37883,44.171045],[-106.383816,44.170981],[-106.383791,44.174612],[-106.378814,44.174676],[-106.37883,44.171045]]]}},{"type":"Feature","properties":{"q":"1","ac":39.7},"geometry":{"type":"Polygon","coordinates":[[[-106.378689,44.192833],[-106.383662,44.192777],[-106.383635,44.19641],[-106.378658,44.196464],[-106.378689,44.192833]]]}},{"type":"Feature","properties":{"q":"6","ac":39.9},"geometry":{"type":"Polygon","coordinates":[[[-106.393655,44.203575],[-106.393688,44.207212],[-106.388686,44.20726],[-106.388662,44.203626],[-106.393655,44.203575]]]}},{"type":"Feature","properties":{"q":"8","ac":40.2},"geometry":{"type":"Polygon","coordinates":[[[-106.413647,44.177883],[-106.418682,44.177824],[-106.418613,44.181462],[-106.413577,44.181521],[-106.413647,44.177883]]]}},{"type":"Feature","properties":{"q":"7","ac":39.7},"geometry":{"type":"Polygon","coordinates":[[[-106.368759,44.189328],[-106.368742,44.192958],[-106.363768,44.193021],[-106.363778,44.189391],[-106.368759,44.189328]]]}},{"type":"Feature","properties":{"q":"15","ac":39.7},"geometry":{"type":"Polygon","coordinates":[[[-106.408561,44.188847],[-106.408577,44.185213],[-106.413561,44.185153],[-106.413544,44.188784],[-106.408561,44.188847]]]}},{"type":"Feature","properties":{"q":"15","ac":39.9},"geometry":{"type":"Polygon","coordinates":[[[-106.343769,44.182392],[-106.348781,44.182325],[-106.348788,44.185957],[-106.343781,44.186023],[-106.343769,44.182392]]]}},{"type":"Feature","properties":{"q":"13","ac":39.8},"geometry":{"type":"Polygon","coordinates":[[[-106.358856,44.167673],[-106.358843,44.171303],[-106.353846,44.171368],[-106.353864,44.167737],[-106.357827,44.167687],[-106.358856,44.167673]]]}},{"type":"Feature","properties":{"q":"8","ac":39.8},"geometry":{"type":"Polygon","coordinates":[[[-106.383668,44.203676],[-106.383685,44.207309],[-106.378683,44.207358],[-106.378675,44.203727],[-106.383668,44.203676]]]}},{"type":"Feature","properties":{"q":"10","ac":39.9},"geometry":{"type":"Polygon","coordinates":[[[-106.308972,44.201042],[-106.308971,44.204678],[-106.303976,44.20474],[-106.303972,44.201104],[-106.308972,44.201042]]]}},{"type":"Feature","properties":{"q":"1","ac":39.8},"geometry":{"type":"Polygon","coordinates":[[[-106.363812,44.1785],[-106.363798,44.18213],[-106.358804,44.182193],[-106.358817,44.178563],[-106.363812,44.1785]]]}},{"type":"Feature","properties":{"q":"15","ac":39.8},"geometry":{"type":"Polygon","coordinates":[[[-106.388836,44.167284],[-106.388802,44.170916],[-106.383816,44.170981],[-106.383841,44.167349],[-106.387928,44.167296],[-106.388836,44.167284]]]}},{"type":"Feature","properties":{"q":"8","ac":39.9},"geometry":{"type":"Polygon","coordinates":[[[-106.338793,44.189722],[-106.343794,44.189655],[-106.343807,44.193286],[-106.338811,44.193353],[-106.338793,44.189722]]]}},{"type":"Feature","properties":{"q":"5","ac":39.8},"geometry":{"type":"Polygon","coordinates":[[[-106.39858,44.19261],[-106.403563,44.192552],[-106.403549,44.196193],[-106.398567,44.196248],[-106.39858,44.19261]]]}},{"type":"Feature","properties":{"q":"12","ac":39.7},"geometry":{"type":"Polygon","coordinates":[[[-106.358784,44.200343],[-106.358776,44.203973],[-106.353794,44.204042],[-106.353797,44.200412],[-106.358784,44.200343]]]}},{"type":"Feature","properties":{"q":"11","ac":39.8},"geometry":{"type":"Polygon","coordinates":[[[-106.403632,44.203474],[-106.408615,44.203423],[-106.408657,44.207062],[-106.403673,44.207112],[-106.403632,44.203474]]]}},{"type":"Feature","properties":{"q":"17","ac":39.0},"geometry":{"type":"Polygon","coordinates":[[[-106.413513,44.196082],[-106.418402,44.196028],[-106.41842,44.199675],[-106.413557,44.199727],[-106.413513,44.196082]]]}},{"type":"Feature","properties":{"q":"13","ac":39.8},"geometry":{"type":"Polygon","coordinates":[[[-106.403577,44.18891],[-106.398594,44.188972],[-106.398607,44.185334],[-106.403592,44.185274],[-106.403577,44.18891]]]}},{"type":"Feature","properties":{"q":"18","ac":39.8},"geometry":{"type":"Polygon","coordinates":[[[-106.408592,44.181579],[-106.413577,44.181521],[-106.413561,44.185153],[-106.408577,44.185213],[-106.408592,44.181579]]]}},{"type":"Feature","properties":{"q":"2","ac":39.6},"geometry":{"type":"Polygon","coordinates":[[[-106.388735,44.178183],[-106.388701,44.181817],[-106.383741,44.181878],[-106.383766,44.178245],[-106.388735,44.178183]]]}},{"type":"Feature","properties":{"q":"15","ac":39.7},"geometry":{"type":"Polygon","coordinates":[[[-106.383635,44.19641],[-106.388612,44.196356],[-106.388637,44.199991],[-106.383652,44.200043],[-106.383635,44.19641]]]}},{"type":"Feature","properties":{"q":"7","ac":39.6},"geometry":{"type":"Polygon","coordinates":[[[-106.368726,44.20385],[-106.368726,44.207481],[-106.363748,44.207542],[-106.363751,44.203912],[-106.368726,44.20385]]]}},{"type":"Feature","properties":{"q":"13","ac":39.8},"geometry":{"type":"Polygon","coordinates":[[[-106.338891,44.167931],[-106.338857,44.171563],[-106.33387,44.171629],[-106.333899,44.167996],[-106.338284,44.167939],[-106.338891,44.167931]]]}},{"type":"Feature","properties":{"q":"16","ac":39.8},"geometry":{"type":"Polygon","coordinates":[[[-106.383841,44.167349],[-106.383816,44.170981],[-106.37883,44.171045],[-106.378847,44.167414],[-106.382897,44.167361],[-106.383841,44.167349]]]}},{"type":"Feature","properties":{"q":"16","ac":39.6},"geometry":{"type":"Polygon","coordinates":[[[-106.363758,44.196651],[-106.363755,44.200281],[-106.358784,44.200343],[-106.358791,44.196713],[-106.363758,44.196651]]]}},{"type":"Feature","properties":{"q":"7","ac":39.7},"geometry":{"type":"Polygon","coordinates":[[[-106.328905,44.204401],[-106.328905,44.208035],[-106.32393,44.208112],[-106.323934,44.204477],[-106.328905,44.204401]]]}},{"type":"Feature","properties":{"q":"16","ac":39.7},"geometry":{"type":"Polygon","coordinates":[[[-106.383652,44.200043],[-106.378666,44.200095],[-106.378658,44.196464],[-106.383635,44.19641],[-106.383652,44.200043]]]}},{"type":"Feature","properties":{"q":"SWNW","ac":39.7},"geometry":{"type":"Polygon","coordinates":[[[-106.318889,44.175952],[-106.318876,44.179099],[-106.313899,44.179162],[-106.313917,44.175526],[-106.318891,44.175463],[-106.318889,44.175952]]]}},{"type":"Feature","properties":{"q":"6","ac":39.7},"geometry":{"type":"Polygon","coordinates":[[[-106.328833,44.178963],[-106.328858,44.175329],[-106.333841,44.175262],[-106.333812,44.178895],[-106.328833,44.178963]]]}},{"type":"Feature","properties":{"q":"10","ac":39.9},"geometry":{"type":"Polygon","coordinates":[[[-106.348849,44.171433],[-106.348826,44.175064],[-106.343825,44.175129],[-106.343853,44.171498],[-106.348849,44.171433]]]}},{"type":"Feature","properties":{"q":"15","ac":39.8},"geometry":{"type":"Polygon","coordinates":[[[-106.308902,44.182861],[-106.30892,44.186497],[-106.303935,44.186559],[-106.303923,44.182923],[-106.308902,44.182861]]]}},{"type":"Feature","properties":{"q":"14","ac":39.8},"geometry":{"type":"Polygon","coordinates":[[[-106.39359,44.196302],[-106.393622,44.199939],[-106.388637,44.199991],[-106.388612,44.196356],[-106.39359,44.196302]]]}},{"type":"Feature","properties":{"q":"8","ac":39.7},"geometry":{"type":"Polygon","coordinates":[[[-106.358798,44.189453],[-106.363778,44.189391],[-106.363768,44.193021],[-106.358794,44.193083],[-106.358798,44.189453]]]}},{"type":"Feature","properties":{"q":"14","ac":39.9},"geometry":{"type":"Polygon","coordinates":[[[-106.393836,44.167214],[-106.393792,44.170849],[-106.388802,44.170916],[-106.388836,44.167284],[-106.392959,44.167226],[-106.393836,44.167214]]]}},{"type":"Feature","properties":{"q":"10","ac":39.6},"geometry":{"type":"Polygon","coordinates":[[[-106.383715,44.185511],[-106.388679,44.185452],[-106.388657,44.189087],[-106.383688,44.189144],[-106.383715,44.185511]]]}},{"type":"Feature","properties":{"q":"12","ac":39.9},"geometry":{"type":"Polygon","coordinates":[[[-106.318971,44.200917],[-106.318963,44.204553],[-106.313967,44.204616],[-106.313971,44.200979],[-106.318971,44.200917]]]}},{"type":"Feature","properties":{"q":"7","ac":39.9},"geometry":{"type":"Polygon","coordinates":[[[-106.408531,44.196138],[-106.408546,44.192492],[-106.413528,44.192433],[-106.413513,44.196082],[-106.408531,44.196138]]]}},{"type":"Feature","properties":{"q":"12","ac":39.8},"geometry":{"type":"Polygon","coordinates":[[[-106.393655,44.203575],[-106.393622,44.199939],[-106.398608,44.199886],[-106.398649,44.203524],[-106.393655,44.203575]]]}},{"type":"Feature","properties":{"q":"5","ac":39.7},"geometry":{"type":"Polygon","coordinates":[[[-106.398729,44.17442],[-106.398675,44.178058],[-106.393705,44.178121],[-106.393748,44.174484],[-106.398729,44.17442]]]}},{"type":"Feature","properties":{"q":"10","ac":39.7},"geometry":{"type":"Polygon","coordinates":[[[-106.348811,44.20048],[-106.348811,44.204111],[-106.343829,44.20418],[-106.343824,44.200549],[-106.348811,44.20048]]]}},{"type":"Feature","properties":{"q":"9","ac":39.9},"geometry":{"type":"Polygon","coordinates":[[[-106.298973,44.201166],[-106.303972,44.201104],[-106.303976,44.20474],[-106.29898,44.204802],[-106.298973,44.201166]]]}},{"type":"Feature","properties":{"q":"7","ac":39.8},"geometry":{"type":"Polygon","coordinates":[[[-106.368823,44.174805],[-106.368808,44.178436],[-106.363812,44.1785],[-106.363826,44.174869],[-106.368823,44.174805]]]}},{"type":"Feature","properties":{"q":"19","ac":39.9},"geometry":{"type":"Polygon","coordinates":[[[-106.403829,44.167084],[-106.408081,44.167032],[-106.408821,44.167023],[-106.408763,44.170664],[-106.403773,44.170723],[-106.403829,44.167084]]]}},{"type":"Feature","properties":{"q":"7","ac":39.6},"geometry":{"type":"Polygon","coordinates":[[[-106.383688,44.189144],[-106.388657,44.189087],[-106.388635,44.192722],[-106.383662,44.192777],[-106.383688,44.189144]]]}},{"type":"Feature","properties":{"q":"8","ac":39.7},"geometry":{"type":"Polygon","coordinates":[[[-106.318963,44.204553],[-106.323934,44.204477],[-106.32393,44.208112],[-106.318955,44.208189],[-106.318963,44.204553]]]}},{"type":"Feature","properties":{"q":"14","ac":39.6},"geometry":{"type":"Polygon","coordinates":[[[-106.333866,44.197059],[-106.333871,44.200692],[-106.328904,44.200767],[-106.328904,44.197133],[-106.333866,44.197059]]]}},{"type":"Feature","properties":{"q":"7","ac":39.9},"geometry":{"type":"Polygon","coordinates":[[[-106.303976,44.20474],[-106.308971,44.204678],[-106.308971,44.208314],[-106.303979,44.208377],[-106.303976,44.20474]]]}},{"type":"Feature","properties":{"q":"14","ac":39.8},"geometry":{"type":"Polygon","coordinates":[[[-106.403592,44.185274],[-106.408577,44.185213],[-106.408561,44.188847],[-106.403577,44.18891],[-106.403592,44.185274]]]}},{"type":"Feature","properties":{"q":"5","ac":39.8},"geometry":{"type":"Polygon","coordinates":[[[-106.403662,44.178],[-106.403606,44.181638],[-106.39862,44.181696],[-106.398675,44.178058],[-106.403662,44.178]]]}},{"type":"Feature","properties":{"q":"11","ac":39.9},"geometry":{"type":"Polygon","coordinates":[[[-106.313971,44.200979],[-106.313967,44.204616],[-106.308971,44.204678],[-106.308972,44.201042],[-106.313971,44.200979]]]}},{"type":"Feature","properties":{"q":"9","ac":39.8},"geometry":{"type":"Polygon","coordinates":[[[-106.36384,44.17124],[-106.363826,44.174869],[-106.35883,44.174933],[-106.358843,44.171303],[-106.36384,44.17124]]]}},{"type":"Feature","properties":{"q":"4","ac":39.8},"geometry":{"type":"Polygon","coordinates":[[[-106.373787,44.182002],[-106.373803,44.178372],[-106.378798,44.178307],[-106.378781,44.181939],[-106.373787,44.182002]]]}},{"type":"Feature","properties":{"q":"SWNE","ac":39.9},"geometry":{"type":"Polygon","coordinates":[[[-106.308943,44.175588],[-106.308923,44.179224],[-106.30393,44.179287],[-106.303938,44.175651],[-106.308943,44.175588]]]}},{"type":"Feature","properties":{"q":"10","ac":39.9},"geometry":{"type":"Polygon","coordinates":[[[-106.413528,44.192433],[-106.408546,44.192492],[-106.408561,44.188847],[-106.413544,44.188784],[-106.413528,44.192433]]]}},{"type":"Feature","properties":{"q":"6","ac":39.8},"geometry":{"type":"Polygon","coordinates":[[[-106.408546,44.192492],[-106.408531,44.196138],[-106.403549,44.196193],[-106.403563,44.192552],[-106.408546,44.192492]]]}},{"type":"Feature","properties":{"q":"9","ac":39.8},"geometry":{"type":"Polygon","coordinates":[[[-106.323874,44.175396],[-106.318891,44.175463],[-106.318906,44.171827],[-106.323894,44.171761],[-106.323874,44.175396]]]}},{"type":"Feature","properties":{"q":"9","ac":39.6},"geometry":{"type":"Polygon","coordinates":[[[-106.363755,44.200281],[-106.363751,44.203912],[-106.358776,44.203973],[-106.358784,44.200343],[-106.363755,44.200281]]]}},{"type":"Feature","properties":{"q":"10","ac":39.8},"geometry":{"type":"Polygon","coordinates":[[[-106.368838,44.171175],[-106.368823,44.174805],[-106.363826,44.174869],[-106.36384,44.17124],[-106.368838,44.171175]]]}},{"type":"Feature","properties":{"q":"8","ac":39.9},"geometry":{"type":"Polygon","coordinates":[[[-106.303946,44.190196],[-106.303958,44.193832],[-106.298961,44.193894],[-106.298955,44.190258],[-106.303946,44.190196]]]}},{"type":"Feature","properties":{"q":"5","ac":39.7},"geometry":{"type":"Polygon","coordinates":[[[-106.37872,44.189201],[-106.378689,44.192833],[-106.373715,44.192896],[-106.373739,44.189265],[-106.37872,44.189201]]]}},{"type":"Feature","properties":{"q":"2","ac":39.7},"geometry":{"type":"Polygon","coordinates":[[[-106.383662,44.192777],[-106.388635,44.192722],[-106.388612,44.196356],[-106.383635,44.19641],[-106.383662,44.192777]]]}},{"type":"Feature","properties":{"q":"10","ac":39.7},"geometry":{"type":"Polygon","coordinates":[[[-106.388802,44.170916],[-106.388768,44.174549],[-106.383791,44.174612],[-106.383816,44.170981],[-106.388802,44.170916]]]}},{"type":"Feature","properties":{"q":"8","ac":39.9},"geometry":{"type":"Polygon","coordinates":[[[-106.29898,44.204802],[-106.303976,44.20474],[-106.303979,44.208377],[-106.298986,44.208439],[-106.29898,44.204802]]]}},{"type":"Feature","properties":{"q":"15","ac":39.8},"geometry":{"type":"Polygon","coordinates":[[[-106.368793,44.182066],[-106.368776,44.185697],[-106.363788,44.18576],[-106.363798,44.18213],[-106.368793,44.182066]]]}},{"type":"Feature","properties":{"q":"10","ac":39.6},"geometry":{"type":"Polygon","coordinates":[[[-106.363751,44.203912],[-106.363755,44.200281],[-106.368725,44.20022],[-106.368726,44.20385],[-106.363751,44.203912]]]}},{"type":"Feature","properties":{"q":"15","ac":39.6},"geometry":{"type":"Polygon","coordinates":[[[-106.383715,44.185511],[-106.383741,44.181878],[-106.388701,44.181817],[-106.388679,44.185452],[-106.383715,44.185511]]]}},{"type":"Feature","properties":{"q":"NWSW","ac":39.7},"geometry":{"type":"Polygon","coordinates":[[[-106.313917,44.175526],[-106.313935,44.17189],[-106.318906,44.171827],[-106.318891,44.175463],[-106.313917,44.175526]]]}},{"type":"Feature","properties":{"q":"15","ac":39.6},"geometry":{"type":"Polygon","coordinates":[[[-106.323941,44.197207],[-106.328904,44.197133],[-106.328904,44.200767],[-106.323938,44.200842],[-106.323941,44.197207]]]}},{"type":"Feature","properties":{"q":"7","ac":39.9},"geometry":{"type":"Polygon","coordinates":[[[-106.348803,44.178695],[-106.343797,44.178761],[-106.343825,44.175129],[-106.348826,44.175064],[-106.348803,44.178695]]]}},{"type":"Feature","properties":{"q":"2","ac":39.6},"geometry":{"type":"Polygon","coordinates":[[[-106.368742,44.192958],[-106.368725,44.196589],[-106.363758,44.196651],[-106.363768,44.193021],[-106.368742,44.192958]]]}},{"type":"Feature","properties":{"q":"NENE","ac":39.6},"geometry":{"type":"Polygon","coordinates":[[[-106.383766,44.178245],[-106.383741,44.181878],[-106.378781,44.181939],[-106.378798,44.178307],[-106.383766,44.178245]]]}},{"type":"Feature","properties":{"q":"13","ac":39.7},"geometry":{"type":"Polygon","coordinates":[[[-106.338757,44.182458],[-106.338775,44.18609],[-106.333804,44.18616],[-106.333783,44.182527],[-106.338757,44.182458]]]}},{"type":"Feature","properties":{"q":"14","ac":39.6},"geometry":{"type":"Polygon","coordinates":[[[-106.393661,44.181757],[-106.393643,44.185393],[-106.388679,44.185452],[-106.388701,44.181817],[-106.393661,44.181757]]]}},{"type":"Feature","properties":{"q":"6","ac":39.7},"geometry":{"type":"Polygon","coordinates":[[[-106.3737,44.203789],[-106.373705,44.20742],[-106.368726,44.207481],[-106.368726,44.20385],[-106.3737,44.203789]]]}},{"type":"Feature","properties":{"q":"4","ac":39.7},"geometry":{"type":"Polygon","coordinates":[[[-106.39858,44.19261],[-106.398567,44.196248],[-106.39359,44.196302],[-106.393607,44.192666],[-106.39858,44.19261]]]}},{"type":"Feature","properties":{"q":"11","ac":39.9},"geometry":{"type":"Polygon","coordinates":[[[-106.353846,44.171368],[-106.353828,44.174999],[-106.348826,44.175064],[-106.348849,44.171433],[-106.353846,44.171368]]]}},{"type":"Feature","properties":{"q":"15","ac":39.8},"geometry":{"type":"Polygon","coordinates":[[[-106.34881,44.196849],[-106.348811,44.20048],[-106.343824,44.200549],[-106.34382,44.196917],[-106.34881,44.196849]]]}},{"type":"Feature","properties":{"q":"5","ac":39.6},"geometry":{"type":"Polygon","coordinates":[[[-106.338846,44.204249],[-106.338855,44.207881],[-106.33388,44.207958],[-106.333875,44.204325],[-106.338846,44.204249]]]}},{"type":"Feature","properties":{"q":"9","ac":38.5},"geometry":{"type":"Polygon","coordinates":[[[-106.413643,44.207011],[-106.413601,44.203372],[-106.418438,44.203322],[-106.41845,44.206962],[-106.413643,44.207011]]]}},{"type":"Feature","properties":{"q":"7","ac":39.6},"geometry":{"type":"Polygon","coordinates":[[[-106.323915,44.193572],[-106.323888,44.189937],[-106.328856,44.189865],[-106.32888,44.193499],[-106.323915,44.193572]]]}},{"type":"Feature","properties":{"q":"14","ac":39.8},"geometry":{"type":"Polygon","coordinates":[[[-106.353801,44.196781],[-106.353797,44.200412],[-106.348811,44.20048],[-106.34881,44.196849],[-106.353801,44.196781]]]}},{"type":"Feature","properties":{"q":"10","ac":39.7},"geometry":{"type":"Polygon","coordinates":[[[-106.368776,44.185697],[-106.368759,44.189328],[-106.363778,44.189391],[-106.363788,44.18576],[-106.368776,44.185697]]]}},{"type":"Feature","properties":{"q":"11","ac":39.6},"geometry":{"type":"Polygon","coordinates":[[[-106.333804,44.18616],[-106.333825,44.189794],[-106.328856,44.189865],[-106.328833,44.186231],[-106.333804,44.18616]]]}},{"type":"Feature","properties":{"q":"5","ac":39.8},"geometry":{"type":"Polygon","coordinates":[[[-106.358798,44.189453],[-106.358794,44.193083],[-106.353799,44.193151],[-106.353796,44.189521],[-106.358798,44.189453]]]}},{"type":"Feature","properties":{"q":"7","ac":39.9},"geometry":{"type":"Polygon","coordinates":[[[-106.388686,44.20726],[-106.383685,44.207309],[-106.383668,44.203676],[-106.388662,44.203626],[-106.388686,44.20726]]]}},{"type":"Feature","properties":{"q":"8","ac":39.6},"geometry":{"type":"Polygon","coordinates":[[[-106.383662,44.192777],[-106.378689,44.192833],[-106.37872,44.189201],[-106.383688,44.189144],[-106.383662,44.192777]]]}},{"type":"Feature","properties":{"q":"18","ac":40.0},"geometry":{"type":"Polygon","coordinates":[[[-106.413819,44.166958],[-106.413767,44.170602],[-106.408763,44.170664],[-106.408821,44.167023],[-106.412761,44.166972],[-106.413819,44.166958]]]}},{"type":"Feature","properties":{"q":"3","ac":39.6},"geometry":{"type":"Polygon","coordinates":[[[-106.373715,44.192896],[-106.373691,44.196526],[-106.368725,44.196589],[-106.368742,44.192958],[-106.373715,44.192896]]]}},{"type":"Feature","properties":{"q":"16","ac":39.7},"geometry":{"type":"Polygon","coordinates":[[[-106.31889,44.186372],[-106.318861,44.182736],[-106.323835,44.182666],[-106.323862,44.186302],[-106.31889,44.186372]]]}},{"type":"Feature","properties":{"q":"11","ac":39.6},"geometry":{"type":"Polygon","coordinates":[[[-106.373696,44.200158],[-106.3737,44.203789],[-106.368726,44.20385],[-106.368725,44.20022],[-106.373696,44.200158]]]}},{"type":"Feature","properties":{"q":"11","ac":39.8},"geometry":{"type":"Polygon","coordinates":[[[-106.313905,44.186435],[-106.313929,44.190071],[-106.308937,44.190133],[-106.30892,44.186497],[-106.313905,44.186435]]]}},{"type":"Feature","properties":{"q":"1","ac":39.9},"geometry":{"type":"Polygon","coordinates":[[[-106.343797,44.178761],[-106.343769,44.182392],[-106.338757,44.182458],[-106.33879,44.178826],[-106.343797,44.178761]]]}},{"type":"Feature","properties":{"q":"4","ac":39.6},"geometry":{"type":"Polygon","coordinates":[[[-106.378689,44.192833],[-106.378658,44.196464],[-106.373691,44.196526],[-106.373715,44.192896],[-106.378689,44.192833]]]}},{"type":"Feature","properties":{"q":"NENE","ac":39.7},"geometry":{"type":"Polygon","coordinates":[[[-106.383662,44.192777],[-106.383635,44.19641],[-106.378658,44.196464],[-106.378689,44.192833],[-106.383662,44.192777]]]}},{"type":"Feature","properties":{"q":"16","ac":39.9},"geometry":{"type":"Polygon","coordinates":[[[-106.303969,44.197467],[-106.303972,44.201104],[-106.298973,44.201166],[-106.298966,44.19753],[-106.303969,44.197467]]]}},{"type":"Feature","properties":{"q":"13","ac":39.6},"geometry":{"type":"Polygon","coordinates":[[[-106.393661,44.181757],[-106.39862,44.181696],[-106.398607,44.185334],[-106.393643,44.185393],[-106.393661,44.181757]]]}},{"type":"Feature","properties":{"q":"2","ac":39.8},"geometry":{"type":"Polygon","coordinates":[[[-106.348803,44.193219],[-106.34881,44.196849],[-106.34382,44.196917],[-106.343807,44.193286],[-106.348803,44.193219]]]}},{"type":"Feature","properties":{"q":"9","ac":39.8},"geometry":{"type":"Polygon","coordinates":[[[-106.383652,44.200043],[-106.383668,44.203676],[-106.378675,44.203727],[-106.378666,44.200095],[-106.383652,44.200043]]]}},{"type":"Feature","properties":{"q":"15","ac":39.9},"geometry":{"type":"Polygon","coordinates":[[[-106.308972,44.197405],[-106.308972,44.201042],[-106.303972,44.201104],[-106.303969,44.197467],[-106.308972,44.197405]]]}},{"type":"Feature","properties":{"q":"12","ac":39.9},"geometry":{"type":"Polygon","coordinates":[[[-106.358801,44.185823],[-106.358798,44.189453],[-106.353796,44.189521],[-106.353794,44.18589],[-106.358801,44.185823]]]}},{"type":"Feature","properties":{"q":"20","ac":39.8},"geometry":{"type":"Polygon","coordinates":[[[-106.403549,44.196193],[-106.40359,44.199834],[-106.398608,44.199886],[-106.398567,44.196248],[-106.403549,44.196193]]]}},{"type":"Feature","properties":{"q":"10","ac":39.8},"geometry":{"type":"Polygon","coordinates":[[[-106.328882,44.171695],[-106.328858,44.175329],[-106.323874,44.175396],[-106.323894,44.171761],[-106.328882,44.171695]]]}},{"type":"Feature","properties":{"q":"15","ac":39.8},"geometry":{"type":"Polygon","coordinates":[[[-106.328907,44.168061],[-106.328882,44.171695],[-106.323894,44.171761],[-106.323914,44.168126],[-106.328346,44.168068],[-106.328907,44.168061]]]}},{"type":"Feature","properties":{"q":"14","ac":39.8},"geometry":{"type":"Polygon","coordinates":[[[-106.333899,44.167996],[-106.33387,44.171629],[-106.328882,44.171695],[-106.328907,44.168061],[-106.333437,44.168002],[-106.333899,44.167996]]]}},{"type":"Feature","properties":{"q":"9","ac":39.7},"geometry":{"type":"Polygon","coordinates":[[[-106.323862,44.186302],[-106.323888,44.189937],[-106.31892,44.190008],[-106.31889,44.186372],[-106.323862,44.186302]]]}},{"type":"Feature","properties":{"q":"6","ac":39.7},"geometry":{"type":"Polygon","coordinates":[[[-106.373739,44.189265],[-106.373715,44.192896],[-106.368742,44.192958],[-106.368759,44.189328],[-106.373739,44.189265]]]}},{"type":"Feature","properties":{"q":"NWNW","ac":39.7},"geometry":{"type":"Polygon","coordinates":[[[-106.318861,44.182736],[-106.313882,44.182798],[-106.313899,44.179162],[-106.318876,44.179099],[-106.318875,44.179353],[-106.318861,44.182736]]]}},{"type":"Feature","properties":{"q":"SENE","ac":39.9},"geometry":{"type":"Polygon","coordinates":[[[-106.303938,44.175651],[-106.30393,44.179287],[-106.298938,44.179349],[-106.298932,44.175713],[-106.303938,44.175651]]]}},{"type":"Feature","properties":{"q":"4","ac":39.6},"geometry":{"type":"Polygon","coordinates":[[[-106.39862,44.181696],[-106.393661,44.181757],[-106.393705,44.178121],[-106.398675,44.178058],[-106.39862,44.181696]]]}},{"type":"Feature","properties":{"q":"SESE","ac":40.1},"geometry":{"type":"Polygon","coordinates":[[[-106.303767,44.168382],[-106.303952,44.16838],[-106.303945,44.172015],[-106.298926,44.172076],[-106.29892,44.16844],[-106.303063,44.168391],[-106.303767,44.168382]]]}},{"type":"Feature","properties":{"q":"1","ac":39.6},"geometry":{"type":"Polygon","coordinates":[[[-106.323941,44.197207],[-106.318979,44.197281],[-106.318949,44.193644],[-106.323915,44.193572],[-106.323941,44.197207]]]}},{"type":"Feature","properties":{"q":"2","ac":39.8},"geometry":{"type":"Polygon","coordinates":[[[-106.368808,44.178436],[-106.368793,44.182066],[-106.363798,44.18213],[-106.363812,44.1785],[-106.368808,44.178436]]]}},{"type":"Feature","properties":{"q":"3","ac":39.8},"geometry":{"type":"Polygon","coordinates":[[[-106.353801,44.196781],[-106.34881,44.196849],[-106.348803,44.193219],[-106.353799,44.193151],[-106.353801,44.196781]]]}},{"type":"Feature","properties":{"q":"15","ac":39.8},"geometry":{"type":"Polygon","coordinates":[[[-106.368853,44.167546],[-106.368838,44.171175],[-106.36384,44.17124],[-106.363854,44.16761],[-106.367833,44.167559],[-106.368853,44.167546]]]}},{"type":"Feature","properties":{"q":"9","ac":39.6},"geometry":{"type":"Polygon","coordinates":[[[-106.413544,44.188784],[-106.418505,44.188721],[-106.418453,44.192375],[-106.413528,44.192433],[-106.413544,44.188784]]]}},{"type":"Feature","properties":{"q":"13","ac":39.8},"geometry":{"type":"Polygon","coordinates":[[[-106.378847,44.167414],[-106.37883,44.171045],[-106.373834,44.17111],[-106.37385,44.167479],[-106.377866,44.167427],[-106.378847,44.167414]]]}},{"type":"Feature","properties":{"q":"5","ac":39.7},"geometry":{"type":"Polygon","coordinates":[[[-106.333812,44.178895],[-106.333841,44.175262],[-106.338824,44.175194],[-106.33879,44.178826],[-106.333812,44.178895]]]}},{"type":"Feature","properties":{"q":"10","ac":39.8},"geometry":{"type":"Polygon","coordinates":[[[-106.408657,44.207062],[-106.408615,44.203423],[-106.413601,44.203372],[-106.413643,44.207011],[-106.408657,44.207062]]]}},{"type":"Feature","properties":{"q":"14","ac":39.9},"geometry":{"type":"Polygon","coordinates":[[[-106.353792,44.182259],[-106.353794,44.18589],[-106.348788,44.185957],[-106.348781,44.182325],[-106.353792,44.182259]]]}},{"type":"Feature","properties":{"q":"9","ac":39.7},"geometry":{"type":"Polygon","coordinates":[[[-106.338838,44.200617],[-106.343824,44.200549],[-106.343829,44.20418],[-106.338846,44.204249],[-106.338838,44.200617]]]}},{"type":"Feature","properties":{"q":"7","ac":39.7},"geometry":{"type":"Polygon","coordinates":[[[-106.348812,44.207742],[-106.343833,44.207812],[-106.343829,44.20418],[-106.348811,44.204111],[-106.348812,44.207742]]]}},{"type":"Feature","properties":{"q":"4","ac":39.9},"geometry":{"type":"Polygon","coordinates":[[[-106.318949,44.193644],[-106.318979,44.197281],[-106.313976,44.197343],[-106.313952,44.193707],[-106.318949,44.193644]]]}},{"type":"Feature","properties":{"q":"10","ac":39.9},"geometry":{"type":"Polygon","coordinates":[[[-106.348795,44.189588],[-106.343794,44.189655],[-106.343781,44.186023],[-106.348788,44.185957],[-106.348795,44.189588]]]}},{"type":"Feature","properties":{"q":"11","ac":39.8},"geometry":{"type":"Polygon","coordinates":[[[-106.368823,44.174805],[-106.368838,44.171175],[-106.373834,44.17111],[-106.373818,44.174741],[-106.368823,44.174805]]]}},{"type":"Feature","properties":{"q":"9","ac":39.9},"geometry":{"type":"Polygon","coordinates":[[[-106.343781,44.186023],[-106.343794,44.189655],[-106.338793,44.189722],[-106.338775,44.18609],[-106.343781,44.186023]]]}},{"type":"Feature","properties":{"q":"13","ac":39.9},"geometry":{"type":"Polygon","coordinates":[[[-106.398783,44.170782],[-106.403773,44.170723],[-106.403717,44.174362],[-106.398729,44.17442],[-106.398783,44.170782]]]}},{"type":"Feature","properties":{"q":"14","ac":39.7},"geometry":{"type":"Polygon","coordinates":[[[-106.328809,44.182597],[-106.333783,44.182527],[-106.333804,44.18616],[-106.328833,44.186231],[-106.328809,44.182597]]]}},{"type":"Feature","properties":{"q":"6","ac":39.7},"geometry":{"type":"Polygon","coordinates":[[[-106.393748,44.174484],[-106.393705,44.178121],[-106.388735,44.178183],[-106.388768,44.174549],[-106.393748,44.174484]]]}},{"type":"Feature","properties":{"q":"NESW","ac":39.7},"geometry":{"type":"Polygon","coordinates":[[[-106.313935,44.17189],[-106.313917,44.175526],[-106.308943,44.175588],[-106.308964,44.171954],[-106.313935,44.17189]]]}},{"type":"Feature","properties":{"q":"6","ac":39.8},"geometry":{"type":"Polygon","coordinates":[[[-106.353796,44.189521],[-106.353799,44.193151],[-106.348803,44.193219],[-106.348795,44.189588],[-106.353796,44.189521]]]}},{"type":"Feature","properties":{"q":"16","ac":39.8},"geometry":{"type":"Polygon","coordinates":[[[-106.303923,44.182923],[-106.303935,44.186559],[-106.298949,44.186622],[-106.298944,44.182986],[-106.303923,44.182923]]]}},{"type":"Feature","properties":{"q":"12","ac":39.6},"geometry":{"type":"Polygon","coordinates":[[[-106.378675,44.203727],[-106.3737,44.203789],[-106.373696,44.200158],[-106.378666,44.200095],[-106.378675,44.203727]]]}},{"type":"Feature","properties":{"q":"17","ac":40.0},"geometry":{"type":"Polygon","coordinates":[[[-106.413577,44.181521],[-106.418613,44.181462],[-106.418559,44.185092],[-106.413561,44.185153],[-106.413577,44.181521]]]}},{"type":"Feature","properties":{"q":"12","ac":39.8},"geometry":{"type":"Polygon","coordinates":[[[-106.403717,44.174362],[-106.403662,44.178],[-106.398675,44.178058],[-106.398729,44.17442],[-106.403717,44.174362]]]}},{"type":"Feature","properties":{"q":"9","ac":39.7},"geometry":{"type":"Polygon","coordinates":[[[-106.358801,44.185823],[-106.363788,44.18576],[-106.363778,44.189391],[-106.358798,44.189453],[-106.358801,44.185823]]]}},{"type":"Feature","properties":{"q":"11","ac":39.8},"geometry":{"type":"Polygon","coordinates":[[[-106.393792,44.170849],[-106.393748,44.174484],[-106.388768,44.174549],[-106.388802,44.170916],[-106.393792,44.170849]]]}},{"type":"Feature","properties":{"q":"12","ac":39.6},"geometry":{"type":"Polygon","coordinates":[[[-106.338775,44.18609],[-106.338793,44.189722],[-106.333825,44.189794],[-106.333804,44.18616],[-106.338775,44.18609]]]}},{"type":"Feature","properties":{"q":"1","ac":39.8},"geometry":{"type":"Polygon","coordinates":[[[-106.338811,44.193353],[-106.343807,44.193286],[-106.34382,44.196917],[-106.338829,44.196985],[-106.338811,44.193353]]]}},{"type":"Feature","properties":{"q":"15","ac":39.6},"geometry":{"type":"Polygon","coordinates":[[[-106.363758,44.196651],[-106.368725,44.196589],[-106.368725,44.20022],[-106.363755,44.200281],[-106.363758,44.196651]]]}},{"type":"Feature","properties":{"q":"SESW","ac":39.7},"geometry":{"type":"Polygon","coordinates":[[[-106.308964,44.171954],[-106.308985,44.16832],[-106.31307,44.168267],[-106.313953,44.168255],[-106.313935,44.17189],[-106.308964,44.171954]]]}},{"type":"Feature","properties":{"q":"14","ac":39.9},"geometry":{"type":"Polygon","coordinates":[[[-106.403773,44.170723],[-106.408763,44.170664],[-106.408706,44.174304],[-106.403717,44.174362],[-106.403773,44.170723]]]}},{"type":"Feature","properties":{"q":"16","ac":38.8},"geometry":{"type":"Polygon","coordinates":[[[-106.413557,44.199727],[-106.41842,44.199675],[-106.418438,44.203322],[-106.413601,44.203372],[-106.413557,44.199727]]]}},{"type":"Feature","properties":{"q":"2","ac":39.9},"geometry":{"type":"Polygon","coordinates":[[[-106.343797,44.178761],[-106.348803,44.178695],[-106.348781,44.182325],[-106.343769,44.182392],[-106.343797,44.178761]]]}},{"type":"Feature","properties":{"q":"15","ac":40.0},"geometry":{"type":"Polygon","coordinates":[[[-106.408763,44.170664],[-106.413767,44.170602],[-106.413716,44.174245],[-106.408706,44.174304],[-106.408763,44.170664]]]}},{"type":"Feature","properties":{"q":"7","ac":39.9},"geometry":{"type":"Polygon","coordinates":[[[-106.408649,44.177942],[-106.413647,44.177883],[-106.413577,44.181521],[-106.408592,44.181579],[-106.408649,44.177942]]]}},{"type":"Feature","properties":{"q":"NENE","ac":39.8},"geometry":{"type":"Polygon","coordinates":[[[-106.303923,44.182923],[-106.298944,44.182986],[-106.298938,44.179349],[-106.30393,44.179287],[-106.303923,44.182923]]]}},{"type":"Feature","properties":{"q":"12","ac":39.6},"geometry":{"type":"Polygon","coordinates":[[[-106.338838,44.200617],[-106.338846,44.204249],[-106.333875,44.204325],[-106.333871,44.200692],[-106.338838,44.200617]]]}},{"type":"Feature","properties":{"q":"SWSE","ac":40.1},"geometry":{"type":"Polygon","coordinates":[[[-106.308985,44.16832],[-106.308964,44.171954],[-106.303945,44.172015],[-106.303952,44.16838],[-106.308067,44.168331],[-106.308985,44.16832]]]}},{"type":"Feature","properties":{"q":"6","ac":39.9},"geometry":{"type":"Polygon","coordinates":[[[-106.35381,44.178629],[-106.348803,44.178695],[-106.348826,44.175064],[-106.353828,44.174999],[-106.35381,44.178629]]]}},{"type":"Feature","properties":{"q":"6","ac":39.9},"geometry":{"type":"Polygon","coordinates":[[[-106.313967,44.204616],[-106.313963,44.208252],[-106.308971,44.208314],[-106.308971,44.204678],[-106.313967,44.204616]]]}},{"type":"Feature","properties":{"q":"13","ac":39.6},"geometry":{"type":"Polygon","coordinates":[[[-106.378658,44.196464],[-106.378666,44.200095],[-106.373696,44.200158],[-106.373691,44.196526],[-106.378658,44.196464]]]}},{"type":"Feature","properties":{"q":"5","ac":39.6},"geometry":{"type":"Polygon","coordinates":[[[-106.338811,44.193353],[-106.333846,44.193426],[-106.333825,44.189794],[-106.338793,44.189722],[-106.338811,44.193353]]]}},{"type":"Feature","properties":{"q":"16","ac":39.8},"geometry":{"type":"Polygon","coordinates":[[[-106.343853,44.171498],[-106.338857,44.171563],[-106.338891,44.167931],[-106.343131,44.167876],[-106.343881,44.167866],[-106.343853,44.171498]]]}},{"type":"Feature","properties":{"q":"13","ac":39.8},"geometry":{"type":"Polygon","coordinates":[[[-106.318861,44.182736],[-106.31889,44.186372],[-106.313905,44.186435],[-106.313882,44.182798],[-106.318861,44.182736]]]}},{"type":"Feature","properties":{"q":"9","ac":39.8},"geometry":{"type":"Polygon","coordinates":[[[-106.303935,44.186559],[-106.303946,44.190196],[-106.298955,44.190258],[-106.298949,44.186622],[-106.303935,44.186559]]]}},{"type":"Feature","properties":{"q":"9","ac":39.9},"geometry":{"type":"Polygon","coordinates":[[[-106.343853,44.171498],[-106.343825,44.175129],[-106.338824,44.175194],[-106.338857,44.171563],[-106.343853,44.171498]]]}},{"type":"Feature","properties":{"q":"11","ac":39.6},"geometry":{"type":"Polygon","coordinates":[[[-106.393643,44.185393],[-106.393625,44.18903],[-106.388657,44.189087],[-106.388679,44.185452],[-106.393643,44.185393]]]}},{"type":"Feature","properties":{"q":"4","ac":39.7},"geometry":{"type":"Polygon","coordinates":[[[-106.333812,44.178895],[-106.33879,44.178826],[-106.338757,44.182458],[-106.333783,44.182527],[-106.333812,44.178895]]]}},{"type":"Feature","properties":{"q":"3","ac":39.7},"geometry":{"type":"Polygon","coordinates":[[[-106.388635,44.192722],[-106.393607,44.192666],[-106.39359,44.196302],[-106.388612,44.196356],[-106.388635,44.192722]]]}},{"type":"Feature","properties":{"q":"11","ac":39.8},"geometry":{"type":"Polygon","coordinates":[[[-106.403662,44.178],[-106.403717,44.174362],[-106.408706,44.174304],[-106.408649,44.177942],[-106.403662,44.178]]]}},{"type":"Feature","properties":{"q":"12","ac":39.8},"geometry":{"type":"Polygon","coordinates":[[[-106.398783,44.170782],[-106.398729,44.17442],[-106.393748,44.174484],[-106.393792,44.170849],[-106.398783,44.170782]]]}},{"type":"Feature","properties":{"q":"12","ac":39.8},"geometry":{"type":"Polygon","coordinates":[[[-106.403577,44.18891],[-106.403563,44.192552],[-106.39858,44.19261],[-106.398594,44.188972],[-106.403577,44.18891]]]}},{"type":"Feature","properties":{"q":"6","ac":39.8},"geometry":{"type":"Polygon","coordinates":[[[-106.408649,44.177942],[-106.408592,44.181579],[-106.403606,44.181638],[-106.403662,44.178],[-106.408649,44.177942]]]}},{"type":"Feature","properties":{"q":"13","ac":39.6},"geometry":{"type":"Polygon","coordinates":[[[-106.338829,44.196985],[-106.338838,44.200617],[-106.333871,44.200692],[-106.333866,44.197059],[-106.338829,44.196985]]]}},{"type":"Feature","properties":{"q":"1","ac":39.6},"geometry":{"type":"Polygon","coordinates":[[[-106.358794,44.193083],[-106.363768,44.193021],[-106.363758,44.196651],[-106.358791,44.196713],[-106.358794,44.193083]]]}},{"type":"Feature","properties":{"q":"10","ac":39.8},"geometry":{"type":"Polygon","coordinates":[[[-106.303935,44.186559],[-106.30892,44.186497],[-106.308937,44.190133],[-106.303946,44.190196],[-106.303935,44.186559]]]}},{"type":"Feature","properties":{"q":"4","ac":39.6},"geometry":{"type":"Polygon","coordinates":[[[-106.338811,44.193353],[-106.338829,44.196985],[-106.333866,44.197059],[-106.333846,44.193426],[-106.338811,44.193353]]]}},{"type":"Feature","properties":{"q":"20","ac":39.9},"geometry":{"type":"Polygon","coordinates":[[[-106.398837,44.167144],[-106.403041,44.167093],[-106.403829,44.167084],[-106.403773,44.170723],[-106.398783,44.170782],[-106.398837,44.167144]]]}},{"type":"Feature","properties":{"q":"5","ac":39.9},"geometry":{"type":"Polygon","coordinates":[[[-106.31892,44.190008],[-106.318949,44.193644],[-106.313952,44.193707],[-106.313929,44.190071],[-106.31892,44.190008]]]}},{"type":"Feature","properties":{"q":"8","ac":39.6},"geometry":{"type":"Polygon","coordinates":[[[-106.31892,44.190008],[-106.323888,44.189937],[-106.323915,44.193572],[-106.318949,44.193644],[-106.31892,44.190008]]]}},{"type":"Feature","properties":{"q":"10","ac":39.7},"geometry":{"type":"Polygon","coordinates":[[[-106.323862,44.186302],[-106.328833,44.186231],[-106.328856,44.189865],[-106.323888,44.189937],[-106.323862,44.186302]]]}},{"type":"Feature","properties":{"q":"8","ac":39.7},"geometry":{"type":"Polygon","coordinates":[[[-106.383791,44.174612],[-106.383766,44.178245],[-106.378798,44.178307],[-106.378814,44.174676],[-106.383791,44.174612]]]}},{"type":"Feature","properties":{"q":"7","ac":39.7},"geometry":{"type":"Polygon","coordinates":[[[-106.388768,44.174549],[-106.388735,44.178183],[-106.383766,44.178245],[-106.383791,44.174612],[-106.388768,44.174549]]]}},{"type":"Feature","properties":{"q":"16","ac":40.2},"geometry":{"type":"Polygon","coordinates":[[[-106.418784,44.17054],[-106.418752,44.174186],[-106.413716,44.174245],[-106.413767,44.170602],[-106.418784,44.17054]]]}},{"type":"Feature","properties":{"q":"16","ac":39.6},"geometry":{"type":"Polygon","coordinates":[[[-106.383741,44.181878],[-106.383715,44.185511],[-106.378751,44.18557],[-106.378781,44.181939],[-106.383741,44.181878]]]}},{"type":"Feature","properties":{"q":"13","ac":39.9},"geometry":{"type":"Polygon","coordinates":[[[-106.318979,44.197281],[-106.318971,44.200917],[-106.313971,44.200979],[-106.313976,44.197343],[-106.318979,44.197281]]]}},{"type":"Feature","properties":{"q":"14","ac":39.8},"geometry":{"type":"Polygon","coordinates":[[[-106.308902,44.182861],[-106.313882,44.182798],[-106.313905,44.186435],[-106.30892,44.186497],[-106.308902,44.182861]]]}},{"type":"Feature","properties":{"q":"NESE","ac":40.0},"geometry":{"type":"Polygon","coordinates":[[[-106.303945,44.172015],[-106.303938,44.175651],[-106.298932,44.175713],[-106.298926,44.172076],[-106.303945,44.172015]]]}},{"type":"Feature","properties":{"q":"14","ac":39.8},"geometry":{"type":"Polygon","coordinates":[[[-106.372835,44.167493],[-106.37385,44.167479],[-106.373834,44.17111],[-106.368838,44.171175],[-106.368853,44.167546],[-106.372835,44.167493]]]}},{"type":"Feature","properties":{"q":"NWNE","ac":39.8},"geometry":{"type":"Polygon","coordinates":[[[-106.308923,44.179224],[-106.308902,44.182861],[-106.303923,44.182923],[-106.30393,44.179287],[-106.308923,44.179224]]]}},{"type":"Feature","properties":{"q":"12","ac":39.7},"geometry":{"type":"Polygon","coordinates":[[[-106.393625,44.18903],[-106.393643,44.185393],[-106.398607,44.185334],[-106.398594,44.188972],[-106.393625,44.18903]]]}},{"type":"Feature","properties":{"q":"2","ac":39.9},"geometry":{"type":"Polygon","coordinates":[[[-106.308955,44.193769],[-106.308972,44.197405],[-106.303969,44.197467],[-106.303958,44.193832],[-106.308955,44.193769]]]}},{"type":"Feature","properties":{"q":"11","ac":39.8},"geometry":{"type":"Polygon","coordinates":[[[-106.388637,44.199991],[-106.393622,44.199939],[-106.393655,44.203575],[-106.388662,44.203626],[-106.388637,44.199991]]]}},{"type":"Feature","properties":{"q":"11","ac":39.6},"geometry":{"type":"Polygon","coordinates":[[[-106.333871,44.200692],[-106.333875,44.204325],[-106.328905,44.204401],[-106.328904,44.200767],[-106.333871,44.200692]]]}},{"type":"Feature","properties":{"q":"16","ac":39.9},"geometry":{"type":"Polygon","coordinates":[[[-106.338757,44.182458],[-106.343769,44.182392],[-106.343781,44.186023],[-106.338775,44.18609],[-106.338757,44.182458]]]}},{"type":"Feature","properties":{"q":"15","ac":39.8},"geometry":{"type":"Polygon","coordinates":[[[-106.348849,44.171433],[-106.343853,44.171498],[-106.343881,44.167866],[-106.347977,44.167813],[-106.348872,44.167801],[-106.348849,44.171433]]]}},{"type":"Feature","properties":{"q":"10","ac":39.8},"geometry":{"type":"Polygon","coordinates":[[[-106.383652,44.200043],[-106.388637,44.199991],[-106.388662,44.203626],[-106.383668,44.203676],[-106.383652,44.200043]]]}},{"type":"Feature","properties":{"q":"9","ac":39.6},"geometry":{"type":"Polygon","coordinates":[[[-106.318963,44.204553],[-106.318971,44.200917],[-106.323938,44.200842],[-106.323934,44.204477],[-106.318963,44.204553]]]}},{"type":"Feature","properties":{"q":"1","ac":39.6},"geometry":{"type":"Polygon","coordinates":[[[-106.383766,44.178245],[-106.383741,44.181878],[-106.378781,44.181939],[-106.378798,44.178307],[-106.383766,44.178245]]]}},{"type":"Feature","properties":{"q":"16","ac":39.8},"geometry":{"type":"Polygon","coordinates":[[[-106.338829,44.196985],[-106.34382,44.196917],[-106.343824,44.200549],[-106.338838,44.200617],[-106.338829,44.196985]]]}},{"type":"Feature","properties":{"q":"6","ac":39.7},"geometry":{"type":"Polygon","coordinates":[[[-106.328905,44.204401],[-106.333875,44.204325],[-106.33388,44.207958],[-106.328905,44.208035],[-106.328905,44.204401]]]}},{"type":"Feature","properties":{"q":"3","ac":39.6},"geometry":{"type":"Polygon","coordinates":[[[-106.393705,44.178121],[-106.393661,44.181757],[-106.388701,44.181817],[-106.388735,44.178183],[-106.393705,44.178121]]]}},{"type":"Feature","properties":{"q":"13","ac":39.7},"geometry":{"type":"Polygon","coordinates":[[[-106.358791,44.196713],[-106.358784,44.200343],[-106.353797,44.200412],[-106.353801,44.196781],[-106.358791,44.196713]]]}},{"type":"Feature","properties":{"q":"8","ac":39.8},"geometry":{"type":"Polygon","coordinates":[[[-106.323874,44.175396],[-106.323855,44.179031],[-106.318876,44.179099],[-106.318889,44.175952],[-106.318891,44.175463],[-106.323874,44.175396]]]}},{"type":"Feature","properties":{"q":"9","ac":39.6},"geometry":{"type":"Polygon","coordinates":[[[-106.383715,44.185511],[-106.383688,44.189144],[-106.37872,44.189201],[-106.378751,44.18557],[-106.383715,44.185511]]]}},{"type":"Feature","properties":{"q":"10","ac":39.6},"geometry":{"type":"Polygon","coordinates":[[[-106.323938,44.200842],[-106.328904,44.200767],[-106.328905,44.204401],[-106.323934,44.204477],[-106.323938,44.200842]]]}},{"type":"Feature","properties":{"q":"12","ac":39.8},"geometry":{"type":"Polygon","coordinates":[[[-106.31889,44.186372],[-106.31892,44.190008],[-106.313929,44.190071],[-106.313905,44.186435],[-106.31889,44.186372]]]}},{"type":"Feature","properties":{"q":"NWSE","ac":40.0},"geometry":{"type":"Polygon","coordinates":[[[-106.308964,44.171954],[-106.308943,44.175588],[-106.303938,44.175651],[-106.303945,44.172015],[-106.308964,44.171954]]]}},{"type":"Feature","properties":{"q":"13","ac":39.8},"geometry":{"type":"Polygon","coordinates":[[[-106.378781,44.181939],[-106.378751,44.18557],[-106.373763,44.185634],[-106.373787,44.182002],[-106.378781,44.181939]]]}},{"type":"Feature","properties":{"q":"6","ac":39.7},"geometry":{"type":"Polygon","coordinates":[[[-106.393625,44.18903],[-106.393607,44.192666],[-106.388635,44.192722],[-106.388657,44.189087],[-106.393625,44.18903]]]}},{"type":"Feature","properties":{"q":"2","ac":39.6},"geometry":{"type":"Polygon","coordinates":[[[-106.323941,44.197207],[-106.323915,44.193572],[-106.32888,44.193499],[-106.328904,44.197133],[-106.323941,44.197207]]]}},{"type":"Feature","properties":{"q":"11","ac":39.8},"geometry":{"type":"Polygon","coordinates":[[[-106.33387,44.171629],[-106.333841,44.175262],[-106.328858,44.175329],[-106.328882,44.171695],[-106.33387,44.171629]]]}},{"type":"Feature","properties":{"q":"5","ac":39.7},"geometry":{"type":"Polygon","coordinates":[[[-106.358776,44.203973],[-106.358769,44.207603],[-106.35379,44.207673],[-106.353794,44.204042],[-106.358776,44.203973]]]}},{"type":"Feature","properties":{"q":"7","ac":39.8},"geometry":{"type":"Polygon","coordinates":[[[-106.348803,44.193219],[-106.343807,44.193286],[-106.343794,44.189655],[-106.348795,44.189588],[-106.348803,44.193219]]]}},{"type":"Feature","properties":{"q":"16","ac":39.8},"geometry":{"type":"Polygon","coordinates":[[[-106.363854,44.16761],[-106.36384,44.17124],[-106.358843,44.171303],[-106.358856,44.167673],[-106.36283,44.167623],[-106.363854,44.16761]]]}},{"type":"Feature","properties":{"q":"16","ac":39.8},"geometry":{"type":"Polygon","coordinates":[[[-106.323914,44.168126],[-106.323894,44.171761],[-106.318906,44.171827],[-106.31892,44.168191],[-106.323254,44.168134],[-106.323914,44.168126]]]}},{"type":"Feature","properties":{"q":"5","ac":39.9},"geometry":{"type":"Polygon","coordinates":[[[-106.35381,44.178629],[-106.353828,44.174999],[-106.35883,44.174933],[-106.358817,44.178563],[-106.35381,44.178629]]]}},{"type":"Feature","properties":{"q":"12","ac":39.8},"geometry":{"type":"Polygon","coordinates":[[[-106.398649,44.203524],[-106.403632,44.203474],[-106.403673,44.207112],[-106.39869,44.207162],[-106.398649,44.203524]]]}},{"type":"Feature","properties":{"q":"11","ac":39.9},"geometry":{"type":"Polygon","coordinates":[[[-106.408561,44.188847],[-106.408546,44.192492],[-106.403563,44.192552],[-106.403577,44.18891],[-106.408561,44.188847]]]}},{"type":"Feature","properties":{"q":"6","ac":39.7},"geometry":{"type":"Polygon","coordinates":[[[-106.348811,44.204111],[-106.353794,44.204042],[-106.35379,44.207673],[-106.348812,44.207742],[-106.348811,44.204111]]]}},{"type":"Feature","properties":{"q":"5","ac":39.9},"geometry":{"type":"Polygon","coordinates":[[[-106.393655,44.203575],[-106.398649,44.203524],[-106.39869,44.207162],[-106.393688,44.207212],[-106.393655,44.203575]]]}},{"type":"Feature","properties":{"q":"11","ac":39.7},"geometry":{"type":"Polygon","coordinates":[[[-106.373763,44.185634],[-106.373739,44.189265],[-106.368759,44.189328],[-106.368776,44.185697],[-106.373763,44.185634]]]}},{"type":"Feature","properties":{"q":"4","ac":39.9},"geometry":{"type":"Polygon","coordinates":[[[-106.358817,44.178563],[-106.358804,44.182193],[-106.353792,44.182259],[-106.35381,44.178629],[-106.358817,44.178563]]]}},{"type":"Feature","properties":{"q":"12","ac":39.8},"geometry":{"type":"Polygon","coordinates":[[[-106.338857,44.171563],[-106.338824,44.175194],[-106.333841,44.175262],[-106.33387,44.171629],[-106.338857,44.171563]]]}},{"type":"Feature","properties":{"q":"8","ac":39.6},"geometry":{"type":"Polygon","coordinates":[[[-106.363751,44.203912],[-106.363748,44.207542],[-106.358769,44.207603],[-106.358776,44.203973],[-106.363751,44.203912]]]}},{"type":"Feature","properties":{"q":"12","ac":39.9},"geometry":{"type":"Polygon","coordinates":[[[-106.353828,44.174999],[-106.353846,44.171368],[-106.358843,44.171303],[-106.35883,44.174933],[-106.353828,44.174999]]]}},{"type":"Feature","properties":{"q":"3","ac":39.9},"geometry":{"type":"Polygon","coordinates":[[[-106.308955,44.193769],[-106.313952,44.193707],[-106.313976,44.197343],[-106.308972,44.197405],[-106.308955,44.193769]]]}},{"type":"Feature","properties":{"q":"12","ac":39.8},"geometry":{"type":"Polygon","coordinates":[[[-106.37883,44.171045],[-106.378814,44.174676],[-106.373818,44.174741],[-106.373834,44.17111],[-106.37883,44.171045]]]}},{"type":"Feature","properties":{"q":"14","ac":39.8},"geometry":{"type":"Polygon","coordinates":[[[-106.373787,44.182002],[-106.373763,44.185634],[-106.368776,44.185697],[-106.368793,44.182066],[-106.373787,44.182002]]]}},{"type":"Feature","properties":{"q":"11","ac":39.9},"geometry":{"type":"Polygon","coordinates":[[[-106.353794,44.18589],[-106.353796,44.189521],[-106.348795,44.189588],[-106.348788,44.185957],[-106.353794,44.18589]]]}},{"type":"Feature","properties":{"q":"10","ac":40.0},"geometry":{"type":"Polygon","coordinates":[[[-106.413647,44.177883],[-106.408649,44.177942],[-106.408706,44.174304],[-106.413716,44.174245],[-106.413647,44.177883]]]}},{"type":"Feature","properties":{"q":"NENW","ac":39.7},"geometry":{"type":"Polygon","coordinates":[[[-106.308923,44.179224],[-106.313899,44.179162],[-106.313882,44.182798],[-106.308902,44.182861],[-106.308923,44.179224]]]}},{"type":"Feature","properties":{"q":"13","ac":39.8},"geometry":{"type":"Polygon","coordinates":[[[-106.39359,44.196302],[-106.398567,44.196248],[-106.398608,44.199886],[-106.393622,44.199939],[-106.39359,44.196302]]]}},{"type":"Feature","properties":{"q":"13","ac":39.8},"geometry":{"type":"Polygon","coordinates":[[[-106.398608,44.199886],[-106.40359,44.199834],[-106.403632,44.203474],[-106.398649,44.203524],[-106.398608,44.199886]]]}},{"type":"Feature","properties":{"q":"5","ac":39.7},"geometry":{"type":"Polygon","coordinates":[[[-106.378675,44.203727],[-106.378683,44.207358],[-106.373705,44.20742],[-106.3737,44.203789],[-106.378675,44.203727]]]}},{"type":"Feature","properties":{"q":"14","ac":39.6},"geometry":{"type":"Polygon","coordinates":[[[-106.368725,44.196589],[-106.373691,44.196526],[-106.373696,44.200158],[-106.368725,44.20022],[-106.368725,44.196589]]]}},{"type":"Feature","properties":{"q":"11","ac":39.7},"geometry":{"type":"Polygon","coordinates":[[[-106.353797,44.200412],[-106.353794,44.204042],[-106.348811,44.204111],[-106.348811,44.20048],[-106.353797,44.200412]]]}},{"type":"Feature","properties":{"q":"6","ac":39.9},"geometry":{"type":"Polygon","coordinates":[[[-106.308937,44.190133],[-106.313929,44.190071],[-106.313952,44.193707],[-106.308955,44.193769],[-106.308937,44.190133]]]}},{"type":"Feature","properties":{"q":"8","ac":39.8},"geometry":{"type":"Polygon","coordinates":[[[-106.358817,44.178563],[-106.35883,44.174933],[-106.363826,44.174869],[-106.363812,44.1785],[-106.358817,44.178563]]]}},{"type":"Feature","properties":{"q":"5","ac":39.9},"geometry":{"type":"Polygon","coordinates":[[[-106.318963,44.204553],[-106.318955,44.208189],[-106.313963,44.208252],[-106.313967,44.204616],[-106.318963,44.204553]]]}},{"type":"Feature","properties":{"q":"2","ac":39.7},"geometry":{"type":"Polygon","coordinates":[[[-106.328833,44.178963],[-106.328809,44.182597],[-106.323835,44.182666],[-106.323855,44.179031],[-106.328833,44.178963]]]}},{"type":"Feature","properties":{"q":"18","ac":39.9},"geometry":{"type":"Polygon","coordinates":[[[-106.408573,44.19978],[-106.408531,44.196138],[-106.413513,44.196082],[-106.413557,44.199727],[-106.408573,44.19978]]]}},{"type":"Feature","properties":{"q":"14","ac":39.8},"geometry":{"type":"Polygon","coordinates":[[[-106.353864,44.167737],[-106.353846,44.171368],[-106.348849,44.171433],[-106.348872,44.167801],[-106.352824,44.167751],[-106.353864,44.167737]]]}},{"type":"Feature","properties":{"q":"5","ac":39.7},"geometry":{"type":"Polygon","coordinates":[[[-106.39858,44.19261],[-106.393607,44.192666],[-106.393625,44.18903],[-106.398594,44.188972],[-106.39858,44.19261]]]}},{"type":"Feature","properties":{"q":"3","ac":39.6},"geometry":{"type":"Polygon","coordinates":[[[-106.32888,44.193499],[-106.333846,44.193426],[-106.333866,44.197059],[-106.328904,44.197133],[-106.32888,44.193499]]]}},{"type":"Feature","properties":{"q":"1","ac":39.7},"geometry":{"type":"Polygon","coordinates":[[[-106.323835,44.182666],[-106.318861,44.182736],[-106.318875,44.179353],[-106.318876,44.179099],[-106.323855,44.179031],[-106.323835,44.182666]]]}},{"type":"Feature","properties":{"q":"7","ac":39.9},"geometry":{"type":"Polygon","coordinates":[[[-106.308937,44.190133],[-106.308955,44.193769],[-106.303958,44.193832],[-106.303946,44.190196],[-106.308937,44.190133]]]}},{"type":"Feature","properties":{"q":"15","ac":39.7},"geometry":{"type":"Polygon","coordinates":[[[-106.328809,44.182597],[-106.328833,44.186231],[-106.323862,44.186302],[-106.323835,44.182666],[-106.328809,44.182597]]]}},{"type":"Feature","properties":{"q":"16","ac":39.8},"geometry":{"type":"Polygon","coordinates":[[[-106.358804,44.182193],[-106.363798,44.18213],[-106.363788,44.18576],[-106.358801,44.185823],[-106.358804,44.182193]]]}},{"type":"Feature","properties":{"q":"6","ac":39.8},"geometry":{"type":"Polygon","coordinates":[[[-106.368823,44.174805],[-106.373818,44.174741],[-106.373803,44.178372],[-106.368808,44.178436],[-106.368823,44.174805]]]}},{"type":"Feature","properties":{"q":"19","ac":39.8},"geometry":{"type":"Polygon","coordinates":[[[-106.403592,44.185274],[-106.403606,44.181638],[-106.408592,44.181579],[-106.408577,44.185213],[-106.403592,44.185274]]]}},{"type":"Feature","properties":{"q":"8","ac":39.9},"geometry":{"type":"Polygon","coordinates":[[[-106.343825,44.175129],[-106.343797,44.178761],[-106.33879,44.178826],[-106.338824,44.175194],[-106.343825,44.175129]]]}},{"type":"Feature","properties":{"q":"19","ac":39.8},"geometry":{"type":"Polygon","coordinates":[[[-106.403549,44.196193],[-106.408531,44.196138],[-106.408573,44.19978],[-106.40359,44.199834],[-106.403549,44.196193]]]}},{"type":"Feature","properties":{"q":"14","ac":39.8},"geometry":{"type":"Polygon","coordinates":[[[-106.40359,44.199834],[-106.408573,44.19978],[-106.408615,44.203423],[-106.403632,44.203474],[-106.40359,44.199834]]]}},{"type":"Feature","properties":{"q":"1","ac":39.9},"geometry":{"type":"Polygon","coordinates":[[[-106.303958,44.193832],[-106.303969,44.197467],[-106.298966,44.19753],[-106.298961,44.193894],[-106.303958,44.193832]]]}},{"type":"Feature","properties":{"q":"12","ac":39.7},"geometry":{"type":"Polygon","coordinates":[[[-106.378751,44.18557],[-106.37872,44.189201],[-106.373739,44.189265],[-106.373763,44.185634],[-106.378751,44.18557]]]}},{"type":"Feature","properties":{"q":"3","ac":39.7},"geometry":{"type":"Polygon","coordinates":[[[-106.333812,44.178895],[-106.333783,44.182527],[-106.328809,44.182597],[-106.328833,44.178963],[-106.333812,44.178895]]]}},{"type":"Feature","properties":{"q":"SENW","ac":39.7},"geometry":{"type":"Polygon","coordinates":[[[-106.313917,44.175526],[-106.313899,44.179162],[-106.308923,44.179224],[-106.308943,44.175588],[-106.313917,44.175526]]]}},{"type":"Feature","properties":{"q":"4","ac":39.8},"geometry":{"type":"Polygon","coordinates":[[[-106.358794,44.193083],[-106.358791,44.196713],[-106.353801,44.196781],[-106.353799,44.193151],[-106.358794,44.193083]]]}},{"type":"Feature","properties":{"q":"16","ac":39.6},"geometry":{"type":"Polygon","coordinates":[[[-106.323941,44.197207],[-106.323938,44.200842],[-106.318971,44.200917],[-106.318979,44.197281],[-106.323941,44.197207]]]}},{"type":"Feature","properties":{"q":"6","ac":39.6},"geometry":{"type":"Polygon","coordinates":[[[-106.32888,44.193499],[-106.328856,44.189865],[-106.333825,44.189794],[-106.333846,44.193426],[-106.32888,44.193499]]]}},{"type":"Feature","properties":{"q":"7","ac":39.7},"geometry":{"type":"Polygon","coordinates":[[[-106.328858,44.175329],[-106.328833,44.178963],[-106.323855,44.179031],[-106.323874,44.175396],[-106.328858,44.175329]]]}},{"type":"Feature","properties":{"q":"8","ac":39.3},"geometry":{"type":"Polygon","coordinates":[[[-106.413528,44.192433],[-106.418453,44.192375],[-106.418402,44.196028],[-106.413513,44.196082],[-106.413528,44.192433]]]}},{"type":"Feature","properties":{"q":"13","ac":39.9},"geometry":{"type":"Polygon","coordinates":[[[-106.398837,44.167144],[-106.398783,44.170782],[-106.393792,44.170849],[-106.393836,44.167214],[-106.398,44.167156],[-106.398837,44.167144]]]}},{"type":"Feature","properties":{"q":"SWSW","ac":39.7},"geometry":{"type":"Polygon","coordinates":[[[-106.318162,44.1682],[-106.31892,44.168191],[-106.318906,44.171827],[-106.313935,44.17189],[-106.313953,44.168255],[-106.318162,44.1682]]]}},{"type":"Feature","properties":{"q":"9","ac":40.2},"geometry":{"type":"Polygon","coordinates":[[[-106.413716,44.174245],[-106.418752,44.174186],[-106.418682,44.177824],[-106.413647,44.177883],[-106.413716,44.174245]]]}},{"type":"Feature","properties":{"q":"16","ac":39.7},"geometry":{"type":"Polygon","coordinates":[[[-106.413561,44.185153],[-106.418559,44.185092],[-106.418505,44.188721],[-106.413544,44.188784],[-106.413561,44.185153]]]}},{"type":"Feature","properties":{"q":"NENE","ac":39.8},"geometry":{"type":"Polygon","coordinates":[[[-106.363832,44.222063],[-106.363861,44.225693],[-106.358855,44.225752],[-106.358831,44.222122],[-106.363832,44.222063]]]}},{"type":"Feature","properties":{"q":"9","ac":36.8},"geometry":{"type":"Polygon","coordinates":[[[-106.413898,44.232496],[-106.418529,44.232454],[-106.418527,44.236088],[-106.413922,44.23613],[-106.413898,44.232496]]]}},{"type":"Feature","properties":{"q":"5","ac":39.6},"geometry":{"type":"Polygon","coordinates":[[[-106.324004,44.251734],[-106.324028,44.255355],[-106.319036,44.255426],[-106.319005,44.251824],[-106.324004,44.251734]]]}},{"type":"Feature","properties":{"q":"1","ac":39.8},"geometry":{"type":"Polygon","coordinates":[[[-106.378879,44.225514],[-106.378832,44.221883],[-106.383834,44.221841],[-106.383878,44.225473],[-106.378879,44.225514]]]}},{"type":"Feature","properties":{"q":"NWSW","ac":39.8},"geometry":{"type":"Polygon","coordinates":[[[-106.378785,44.218252],[-106.373791,44.218312],[-106.37375,44.214681],[-106.378739,44.21462],[-106.378785,44.218252]]]}},{"type":"Feature","properties":{"q":"5","ac":39.6},"geometry":{"type":"Polygon","coordinates":[[[-106.358884,44.233012],[-106.358898,44.236642],[-106.353919,44.236716],[-106.353908,44.233085],[-106.358884,44.233012]]]}},{"type":"Feature","properties":{"q":"2","ac":39.7},"geometry":{"type":"Polygon","coordinates":[[[-106.32393,44.208112],[-106.328905,44.208035],[-106.328905,44.211669],[-106.323927,44.211747],[-106.32393,44.208112]]]}},{"type":"Feature","properties":{"q":"14","ac":39.8},"geometry":{"type":"Polygon","coordinates":[[[-106.408739,44.21434],[-106.408778,44.21798],[-106.403791,44.218028],[-106.403753,44.214389],[-106.408739,44.21434]]]}},{"type":"Feature","properties":{"q":"5","ac":39.7},"geometry":{"type":"Polygon","coordinates":[[[-106.313961,44.233706],[-106.318938,44.233643],[-106.318926,44.23728],[-106.313954,44.237342],[-106.313961,44.233706]]]}},{"type":"Feature","properties":{"q":"12","ac":39.6},"geometry":{"type":"Polygon","coordinates":[[[-106.353896,44.229455],[-106.358869,44.229382],[-106.358884,44.233012],[-106.353908,44.233085],[-106.353896,44.229455]]]}},{"type":"Feature","properties":{"q":"16","ac":37.9},"geometry":{"type":"Polygon","coordinates":[[[-106.413726,44.214291],[-106.41848,44.214244],[-106.418498,44.217886],[-106.413768,44.217932],[-106.413726,44.214291]]]}},{"type":"Feature","properties":{"q":"6","ac":39.8},"geometry":{"type":"Polygon","coordinates":[[[-106.383951,44.254527],[-106.383937,44.250904],[-106.388949,44.250876],[-106.38896,44.254492],[-106.383951,44.254527]]]}},{"type":"Feature","properties":{"q":"10","ac":39.9},"geometry":{"type":"Polygon","coordinates":[[[-106.408778,44.21798],[-106.413768,44.217932],[-106.413808,44.221572],[-106.408817,44.221619],[-106.408778,44.21798]]]}},{"type":"Feature","properties":{"q":"SESE","ac":39.7},"geometry":{"type":"Polygon","coordinates":[[[-106.363744,44.211172],[-106.363773,44.214802],[-106.358785,44.214863],[-106.358762,44.211233],[-106.363744,44.211172]]]}},{"type":"Feature","properties":{"q":"4","ac":40.0},"geometry":{"type":"Polygon","coordinates":[[[-106.39869,44.207162],[-106.39873,44.2108],[-106.393721,44.210848],[-106.393688,44.207212],[-106.39869,44.207162]]]}},{"type":"Feature","properties":{"q":"SWSE","ac":39.7},"geometry":{"type":"Polygon","coordinates":[[[-106.368762,44.214742],[-106.363773,44.214802],[-106.363744,44.211172],[-106.368727,44.211111],[-106.368762,44.214742]]]}},{"type":"Feature","properties":{"q":"13","ac":39.6},"geometry":{"type":"Polygon","coordinates":[[[-106.353787,44.211303],[-106.358762,44.211233],[-106.358785,44.214863],[-106.353811,44.214933],[-106.353787,44.211303]]]}},{"type":"Feature","properties":{"q":"6","ac":40.0},"geometry":{"type":"Polygon","coordinates":[[[-106.323949,44.233559],[-106.328959,44.233474],[-106.328954,44.237108],[-106.32394,44.237194],[-106.323949,44.233559]]]}},{"type":"Feature","properties":{"q":"2","ac":39.6},"geometry":{"type":"Polygon","coordinates":[[[-106.308981,44.237404],[-106.308978,44.241041],[-106.30401,44.241103],[-106.304009,44.237467],[-106.308981,44.237404]]]}},{"type":"Feature","properties":{"q":"2","ac":39.8},"geometry":{"type":"Polygon","coordinates":[[[-106.308971,44.208314],[-106.30897,44.21195],[-106.303982,44.212013],[-106.303979,44.208377],[-106.308971,44.208314]]]}},{"type":"Feature","properties":{"q":"8","ac":39.7},"geometry":{"type":"Polygon","coordinates":[[[-106.404005,44.254387],[-106.398977,44.254422],[-106.398974,44.250819],[-106.403993,44.250775],[-106.404005,44.254387]]]}},{"type":"Feature","properties":{"q":"15","ac":39.9},"geometry":{"type":"Polygon","coordinates":[[[-106.323965,44.226288],[-106.323957,44.229923],[-106.31895,44.230007],[-106.318962,44.226371],[-106.323965,44.226288]]]}},{"type":"Feature","properties":{"q":"1","ac":39.8},"geometry":{"type":"Polygon","coordinates":[[[-106.303979,44.208377],[-106.303982,44.212013],[-106.298993,44.212075],[-106.298986,44.208439],[-106.303979,44.208377]]]}},{"type":"Feature","properties":{"q":"16","ac":37.1},"geometry":{"type":"Polygon","coordinates":[[[-106.418529,44.232454],[-106.413898,44.232496],[-106.413873,44.228853],[-106.418527,44.228811],[-106.418529,44.232454]]]}},{"type":"Feature","properties":{"q":"2","ac":39.9},"geometry":{"type":"Polygon","coordinates":[[[-106.323965,44.226288],[-106.323956,44.222653],[-106.328953,44.222571],[-106.328968,44.226205],[-106.323965,44.226288]]]}},{"type":"Feature","properties":{"q":"11","ac":39.7},"geometry":{"type":"Polygon","coordinates":[[[-106.313969,44.23007],[-106.313961,44.233706],[-106.308984,44.233768],[-106.308987,44.230132],[-106.313969,44.23007]]]}},{"type":"Feature","properties":{"q":"1","ac":39.7},"geometry":{"type":"Polygon","coordinates":[[[-106.32393,44.208112],[-106.323927,44.211747],[-106.318948,44.211826],[-106.318955,44.208189],[-106.32393,44.208112]]]}},{"type":"Feature","properties":{"q":"6","ac":39.8},"geometry":{"type":"Polygon","coordinates":[[[-106.329002,44.251644],[-106.32902,44.255284],[-106.324028,44.255355],[-106.324004,44.251734],[-106.329002,44.251644]]]}},{"type":"Feature","properties":{"q":"8","ac":39.8},"geometry":{"type":"Polygon","coordinates":[[[-106.318955,44.219098],[-106.323946,44.219018],[-106.323956,44.222653],[-106.318959,44.222734],[-106.318955,44.219098]]]}},{"type":"Feature","properties":{"q":"1","ac":39.6},"geometry":{"type":"Polygon","coordinates":[[[-106.299043,44.241165],[-106.299036,44.237529],[-106.304009,44.237467],[-106.30401,44.241103],[-106.299043,44.241165]]]}},{"type":"Feature","properties":{"q":"12","ac":39.9},"geometry":{"type":"Polygon","coordinates":[[[-106.319005,44.251824],[-106.318975,44.248188],[-106.32398,44.248099],[-106.324004,44.251734],[-106.319005,44.251824]]]}},{"type":"Feature","properties":{"q":"9","ac":39.8},"geometry":{"type":"Polygon","coordinates":[[[-106.303987,44.215649],[-106.303993,44.219286],[-106.299005,44.219348],[-106.298999,44.215711],[-106.303987,44.215649]]]}},{"type":"Feature","properties":{"q":"19","ac":40.0},"geometry":{"type":"Polygon","coordinates":[[[-106.323932,44.240829],[-106.32895,44.240742],[-106.328967,44.244376],[-106.323956,44.244464],[-106.323932,44.240829]]]}},{"type":"Feature","properties":{"q":"13","ac":39.7},"geometry":{"type":"Polygon","coordinates":[[[-106.299049,44.244801],[-106.304023,44.244739],[-106.304035,44.248376],[-106.299055,44.248438],[-106.299049,44.244801]]]}},{"type":"Feature","properties":{"q":"8","ac":39.9},"geometry":{"type":"Polygon","coordinates":[[[-106.323957,44.229923],[-106.323949,44.233559],[-106.318938,44.233643],[-106.31895,44.230007],[-106.323957,44.229923]]]}},{"type":"Feature","properties":{"q":"11","ac":39.8},"geometry":{"type":"Polygon","coordinates":[[[-106.403791,44.218028],[-106.408778,44.21798],[-106.408817,44.221619],[-106.403828,44.221667],[-106.403791,44.218028]]]}},{"type":"Feature","properties":{"q":"19","ac":39.8},"geometry":{"type":"Polygon","coordinates":[[[-106.408699,44.2107],[-106.408739,44.21434],[-106.403753,44.214389],[-106.403715,44.21075],[-106.408699,44.2107]]]}},{"type":"Feature","properties":{"q":"2","ac":39.7},"geometry":{"type":"Polygon","coordinates":[[[-106.348812,44.207742],[-106.348812,44.211373],[-106.343838,44.211443],[-106.343833,44.207812],[-106.348812,44.207742]]]}},{"type":"Feature","properties":{"q":"15","ac":39.7},"geometry":{"type":"Polygon","coordinates":[[[-106.368909,44.243786],[-106.373899,44.243728],[-106.373916,44.247359],[-106.368925,44.247417],[-106.368909,44.243786]]]}},{"type":"Feature","properties":{"q":"9","ac":39.8},"geometry":{"type":"Polygon","coordinates":[[[-106.358869,44.229382],[-106.363871,44.229323],[-106.363882,44.232954],[-106.358884,44.233012],[-106.358869,44.229382]]]}},{"type":"Feature","properties":{"q":"6","ac":39.8},"geometry":{"type":"Polygon","coordinates":[[[-106.403673,44.207112],[-106.408657,44.207062],[-106.408699,44.2107],[-106.403715,44.21075],[-106.403673,44.207112]]]}},{"type":"Feature","properties":{"q":"17","ac":40.0},"geometry":{"type":"Polygon","coordinates":[[[-106.393942,44.239938],[-106.393949,44.243575],[-106.388929,44.243607],[-106.388919,44.239972],[-106.393942,44.239938]]]}},{"type":"Feature","properties":{"q":"9","ac":37.7},"geometry":{"type":"Polygon","coordinates":[[[-106.418498,44.217886],[-106.418512,44.221526],[-106.413808,44.221572],[-106.413768,44.217932],[-106.418498,44.217886]]]}},{"type":"Feature","properties":{"q":"10","ac":39.6},"geometry":{"type":"Polygon","coordinates":[[[-106.34395,44.2296],[-106.348923,44.229527],[-106.348932,44.233158],[-106.343956,44.233231],[-106.34395,44.2296]]]}},{"type":"Feature","properties":{"q":"14","ac":39.6},"geometry":{"type":"Polygon","coordinates":[[[-106.353787,44.211303],[-106.353811,44.214933],[-106.348838,44.215004],[-106.348812,44.211373],[-106.353787,44.211303]]]}},{"type":"Feature","properties":{"q":"12","ac":39.7},"geometry":{"type":"Polygon","coordinates":[[[-106.343982,44.247757],[-106.343989,44.251388],[-106.338999,44.251463],[-106.338995,44.247831],[-106.343982,44.247757]]]}},{"type":"Feature","properties":{"q":"6","ac":40.2},"geometry":{"type":"Polygon","coordinates":[[[-106.363949,44.251104],[-106.368941,44.251047],[-106.368957,44.254708],[-106.363965,44.254781],[-106.363949,44.251104]]]}},{"type":"Feature","properties":{"q":"15","ac":39.6},"geometry":{"type":"Polygon","coordinates":[[[-106.343944,44.225968],[-106.348915,44.225896],[-106.348923,44.229527],[-106.34395,44.2296],[-106.343944,44.225968]]]}},{"type":"Feature","properties":{"q":"6","ac":39.6},"geometry":{"type":"Polygon","coordinates":[[[-106.353908,44.233085],[-106.353919,44.236716],[-106.34894,44.236789],[-106.348932,44.233158],[-106.353908,44.233085]]]}},{"type":"Feature","properties":{"q":"15","ac":40.0},"geometry":{"type":"Polygon","coordinates":[[[-106.398969,44.243543],[-106.40397,44.243497],[-106.403982,44.247137],[-106.398971,44.247181],[-106.398969,44.243543]]]}},{"type":"Feature","properties":{"q":"16","ac":39.8},"geometry":{"type":"Polygon","coordinates":[[[-106.303982,44.212013],[-106.303987,44.215649],[-106.298999,44.215711],[-106.298993,44.212075],[-106.303982,44.212013]]]}},{"type":"Feature","properties":{"q":"6","ac":39.8},"geometry":{"type":"Polygon","coordinates":[[[-106.30898,44.219223],[-106.313967,44.219161],[-106.313972,44.222797],[-106.308985,44.222859],[-106.30898,44.219223]]]}},{"type":"Feature","properties":{"q":"6","ac":39.8},"geometry":{"type":"Polygon","coordinates":[[[-106.373878,44.232836],[-106.37388,44.236466],[-106.368886,44.236525],[-106.36888,44.232895],[-106.373878,44.232836]]]}},{"type":"Feature","properties":{"q":"1","ac":40.0},"geometry":{"type":"Polygon","coordinates":[[[-106.318914,44.240916],[-106.318926,44.23728],[-106.32394,44.237194],[-106.323932,44.240829],[-106.318914,44.240916]]]}},{"type":"Feature","properties":{"q":"5","ac":39.8},"geometry":{"type":"Polygon","coordinates":[[[-106.378876,44.232776],[-106.378874,44.236408],[-106.37388,44.236466],[-106.373878,44.232836],[-106.378876,44.232776]]]}},{"type":"Feature","properties":{"q":"12","ac":39.6},"geometry":{"type":"Polygon","coordinates":[[[-106.353836,44.218564],[-106.353811,44.214933],[-106.358785,44.214863],[-106.358808,44.218493],[-106.353836,44.218564]]]}},{"type":"Feature","properties":{"q":"11","ac":39.9},"geometry":{"type":"Polygon","coordinates":[[[-106.39376,44.214484],[-106.393799,44.218121],[-106.388794,44.218164],[-106.388753,44.21453],[-106.39376,44.214484]]]}},{"type":"Feature","properties":{"q":"20","ac":39.7},"geometry":{"type":"Polygon","coordinates":[[[-106.338985,44.240568],[-106.343967,44.240494],[-106.343974,44.244125],[-106.33899,44.2442],[-106.338985,44.240568]]]}},{"type":"Feature","properties":{"q":"4","ac":39.8},"geometry":{"type":"Polygon","coordinates":[[[-106.338947,44.222408],[-106.338974,44.22604],[-106.333971,44.226122],[-106.33395,44.22249],[-106.338947,44.222408]]]}},{"type":"Feature","properties":{"q":"7","ac":39.5},"geometry":{"type":"Polygon","coordinates":[[[-106.309051,44.255568],[-106.309033,44.251949],[-106.314019,44.251887],[-106.314043,44.255497],[-106.309051,44.255568]]]}},{"type":"Feature","properties":{"q":"17","ac":40.0},"geometry":{"type":"Polygon","coordinates":[[[-106.408972,44.243452],[-106.413976,44.243406],[-106.414006,44.247048],[-106.408992,44.247093],[-106.408972,44.243452]]]}},{"type":"Feature","properties":{"q":"20","ac":39.9},"geometry":{"type":"Polygon","coordinates":[[[-106.408952,44.239811],[-106.413945,44.239764],[-106.413976,44.243406],[-106.408972,44.243452],[-106.408952,44.239811]]]}},{"type":"Feature","properties":{"q":"11","ac":39.9},"geometry":{"type":"Polygon","coordinates":[[[-106.328985,44.24801],[-106.329002,44.251644],[-106.324004,44.251734],[-106.32398,44.248099],[-106.328985,44.24801]]]}},{"type":"Feature","properties":{"q":"SENW","ac":40.0},"geometry":{"type":"Polygon","coordinates":[[[-106.408992,44.247093],[-106.414006,44.247048],[-106.414022,44.250684],[-106.409012,44.250731],[-106.408992,44.247093]]]}},{"type":"Feature","properties":{"q":"8","ac":40.2},"geometry":{"type":"Polygon","coordinates":[[[-106.338999,44.251463],[-106.339004,44.255142],[-106.334012,44.255213],[-106.334001,44.251554],[-106.338999,44.251463]]]}},{"type":"Feature","properties":{"q":"4","ac":39.9},"geometry":{"type":"Polygon","coordinates":[[[-106.393838,44.221757],[-106.398839,44.221714],[-106.398876,44.225352],[-106.393877,44.225393],[-106.393838,44.221757]]]}},{"type":"Feature","properties":{"q":"10","ac":39.7},"geometry":{"type":"Polygon","coordinates":[[[-106.353956,44.247607],[-106.353968,44.251237],[-106.348978,44.251313],[-106.348969,44.247682],[-106.353956,44.247607]]]}},{"type":"Feature","properties":{"q":"19","ac":39.7},"geometry":{"type":"Polygon","coordinates":[[[-106.363903,44.240214],[-106.368892,44.240155],[-106.368909,44.243786],[-106.363918,44.243844],[-106.363903,44.240214]]]}},{"type":"Feature","properties":{"q":"17","ac":40.0},"geometry":{"type":"Polygon","coordinates":[[[-106.338985,44.240568],[-106.33899,44.2442],[-106.333978,44.244288],[-106.333967,44.240655],[-106.338985,44.240568]]]}},{"type":"Feature","properties":{"q":"7","ac":39.6},"geometry":{"type":"Polygon","coordinates":[[[-106.348863,44.218635],[-106.348889,44.222265],[-106.343918,44.222337],[-106.343891,44.218706],[-106.348863,44.218635]]]}},{"type":"Feature","properties":{"q":"19","ac":39.6},"geometry":{"type":"Polygon","coordinates":[[[-106.308978,44.241041],[-106.308997,44.244677],[-106.304023,44.244739],[-106.30401,44.241103],[-106.308978,44.241041]]]}},{"type":"Feature","properties":{"q":"3","ac":39.7},"geometry":{"type":"Polygon","coordinates":[[[-106.348949,44.24042],[-106.34894,44.236789],[-106.353919,44.236716],[-106.353931,44.240346],[-106.349855,44.240406],[-106.348949,44.24042]]]}},{"type":"Feature","properties":{"q":"8","ac":39.6},"geometry":{"type":"Polygon","coordinates":[[[-106.343918,44.222337],[-106.338947,44.222408],[-106.338919,44.218776],[-106.343891,44.218706],[-106.343918,44.222337]]]}},{"type":"Feature","properties":{"q":"14","ac":39.8},"geometry":{"type":"Polygon","coordinates":[[[-106.313969,44.23007],[-106.308987,44.230132],[-106.30899,44.226495],[-106.313976,44.226433],[-106.313969,44.23007]]]}},{"type":"Feature","properties":{"q":"2","ac":39.7},"geometry":{"type":"Polygon","coordinates":[[[-106.363892,44.236584],[-106.368886,44.236525],[-106.368892,44.240155],[-106.363903,44.240214],[-106.363892,44.236584]]]}},{"type":"Feature","properties":{"q":"12","ac":39.8},"geometry":{"type":"Polygon","coordinates":[[[-106.398921,44.232629],[-106.403913,44.232584],[-106.403936,44.236221],[-106.398943,44.236267],[-106.398921,44.232629]]]}},{"type":"Feature","properties":{"q":"6","ac":40.3},"geometry":{"type":"Polygon","coordinates":[[[-106.348978,44.251313],[-106.348988,44.254998],[-106.343996,44.25507],[-106.343989,44.251388],[-106.348978,44.251313]]]}},{"type":"Feature","properties":{"q":"6","ac":39.7},"geometry":{"type":"Polygon","coordinates":[[[-106.308981,44.237404],[-106.308984,44.233768],[-106.313961,44.233706],[-106.313954,44.237342],[-106.308981,44.237404]]]}},{"type":"Feature","properties":{"q":"9","ac":39.7},"geometry":{"type":"Polygon","coordinates":[[[-106.373916,44.247359],[-106.378907,44.247302],[-106.378925,44.250933],[-106.373933,44.25099],[-106.373916,44.247359]]]}},{"type":"Feature","properties":{"q":"13","ac":39.7},"geometry":{"type":"Polygon","coordinates":[[[-106.363918,44.243844],[-106.363934,44.247474],[-106.358943,44.247532],[-106.358928,44.243902],[-106.363918,44.243844]]]}},{"type":"Feature","properties":{"q":"3","ac":39.9},"geometry":{"type":"Polygon","coordinates":[[[-106.33395,44.22249],[-106.333971,44.226122],[-106.328968,44.226205],[-106.328953,44.222571],[-106.33395,44.22249]]]}},{"type":"Feature","properties":{"q":"13","ac":39.8},"geometry":{"type":"Polygon","coordinates":[[[-106.398898,44.228991],[-106.403889,44.228945],[-106.403913,44.232584],[-106.398921,44.232629],[-106.398898,44.228991]]]}},{"type":"Feature","properties":{"q":"10","ac":39.8},"geometry":{"type":"Polygon","coordinates":[[[-106.409012,44.250731],[-106.414022,44.250684],[-106.414038,44.254313],[-106.409032,44.254352],[-106.409012,44.250731]]]}},{"type":"Feature","properties":{"q":"13","ac":39.6},"geometry":{"type":"Polygon","coordinates":[[[-106.353885,44.225824],[-106.358855,44.225752],[-106.358869,44.229382],[-106.353896,44.229455],[-106.353885,44.225824]]]}},{"type":"Feature","properties":{"q":"10","ac":39.9},"geometry":{"type":"Polygon","coordinates":[[[-106.383746,44.214575],[-106.388753,44.21453],[-106.388794,44.218164],[-106.38379,44.218208],[-106.383746,44.214575]]]}},{"type":"Feature","properties":{"q":"8","ac":39.8},"geometry":{"type":"Polygon","coordinates":[[[-106.303993,44.219286],[-106.303998,44.222922],[-106.299011,44.222984],[-106.299005,44.219348],[-106.303993,44.219286]]]}},{"type":"Feature","properties":{"q":"4","ac":39.8},"geometry":{"type":"Polygon","coordinates":[[[-106.37388,44.236466],[-106.378874,44.236408],[-106.378872,44.240039],[-106.373882,44.240097],[-106.37388,44.236466]]]}},{"type":"Feature","properties":{"q":"7","ac":39.7},"geometry":{"type":"Polygon","coordinates":[[[-106.308984,44.233768],[-106.308981,44.237404],[-106.304009,44.237467],[-106.304007,44.233831],[-106.308984,44.233768]]]}},{"type":"Feature","properties":{"q":"7","ac":40.0},"geometry":{"type":"Polygon","coordinates":[[[-106.323949,44.233559],[-106.32394,44.237194],[-106.318926,44.23728],[-106.318938,44.233643],[-106.323949,44.233559]]]}},{"type":"Feature","properties":{"q":"1","ac":40.0},"geometry":{"type":"Polygon","coordinates":[[[-106.378874,44.236408],[-106.383891,44.236373],[-106.383895,44.240005],[-106.378872,44.240039],[-106.378874,44.236408]]]}},{"type":"Feature","properties":{"q":"NWNE","ac":40.0},"geometry":{"type":"Polygon","coordinates":[[[-106.328954,44.237108],[-106.32895,44.240742],[-106.323932,44.240829],[-106.32394,44.237194],[-106.328954,44.237108]]]}},{"type":"Feature","properties":{"q":"5","ac":39.8},"geometry":{"type":"Polygon","coordinates":[[[-106.313967,44.219161],[-106.318955,44.219098],[-106.318959,44.222734],[-106.313972,44.222797],[-106.313967,44.219161]]]}},{"type":"Feature","properties":{"q":"8","ac":39.7},"geometry":{"type":"Polygon","coordinates":[[[-106.29903,44.233893],[-106.304007,44.233831],[-106.304009,44.237467],[-106.299036,44.237529],[-106.29903,44.233893]]]}},{"type":"Feature","properties":{"q":"20","ac":39.7},"geometry":{"type":"Polygon","coordinates":[[[-106.358913,44.240272],[-106.363903,44.240214],[-106.363918,44.243844],[-106.358928,44.243902],[-106.358913,44.240272]]]}},{"type":"Feature","properties":{"q":"18","ac":40.0},"geometry":{"type":"Polygon","coordinates":[[[-106.383895,44.240005],[-106.388919,44.239972],[-106.388929,44.243607],[-106.383909,44.243639],[-106.383895,44.240005]]]}},{"type":"Feature","properties":{"q":"15","ac":39.9},"geometry":{"type":"Polygon","coordinates":[[[-106.408881,44.228899],[-106.413873,44.228853],[-106.413898,44.232496],[-106.408905,44.23254],[-106.408881,44.228899]]]}},{"type":"Feature","properties":{"q":"14","ac":39.7},"geometry":{"type":"Polygon","coordinates":[[[-106.309015,44.248313],[-106.304035,44.248376],[-106.304023,44.244739],[-106.308997,44.244677],[-106.309015,44.248313]]]}},{"type":"Feature","properties":{"q":"12","ac":39.7},"geometry":{"type":"Polygon","coordinates":[[[-106.313969,44.23007],[-106.31895,44.230007],[-106.318938,44.233643],[-106.313961,44.233706],[-106.313969,44.23007]]]}},{"type":"Feature","properties":{"q":"12","ac":40.0},"geometry":{"type":"Polygon","coordinates":[[[-106.393909,44.232666],[-106.393893,44.229029],[-106.398898,44.228991],[-106.398921,44.232629],[-106.393909,44.232666]]]}},{"type":"Feature","properties":{"q":"9","ac":39.8},"geometry":{"type":"Polygon","coordinates":[[[-106.323936,44.215383],[-106.323946,44.219018],[-106.318955,44.219098],[-106.318951,44.215462],[-106.323936,44.215383]]]}},{"type":"Feature","properties":{"q":"9","ac":39.6},"geometry":{"type":"Polygon","coordinates":[[[-106.343864,44.215074],[-106.343891,44.218706],[-106.338919,44.218776],[-106.338891,44.215144],[-106.343864,44.215074]]]}},{"type":"Feature","properties":{"q":"16","ac":39.9},"geometry":{"type":"Polygon","coordinates":[[[-106.363861,44.225693],[-106.363871,44.229323],[-106.358869,44.229382],[-106.358855,44.225752],[-106.363861,44.225693]]]}},{"type":"Feature","properties":{"q":"16","ac":39.7},"geometry":{"type":"Polygon","coordinates":[[[-106.323927,44.211747],[-106.323936,44.215383],[-106.318951,44.215462],[-106.318948,44.211826],[-106.323927,44.211747]]]}},{"type":"Feature","properties":{"q":"11","ac":39.8},"geometry":{"type":"Polygon","coordinates":[[[-106.368873,44.229264],[-106.373875,44.229205],[-106.373878,44.232836],[-106.36888,44.232895],[-106.368873,44.229264]]]}},{"type":"Feature","properties":{"q":"16","ac":40.1},"geometry":{"type":"Polygon","coordinates":[[[-106.398966,44.239905],[-106.398969,44.243543],[-106.393949,44.243575],[-106.393942,44.239938],[-106.398966,44.239905]]]}},{"type":"Feature","properties":{"q":"10","ac":39.7},"geometry":{"type":"Polygon","coordinates":[[[-106.309015,44.248313],[-106.313995,44.248251],[-106.314019,44.251887],[-106.309033,44.251949],[-106.309015,44.248313]]]}},{"type":"Feature","properties":{"q":"3","ac":39.8},"geometry":{"type":"Polygon","coordinates":[[[-106.313959,44.211888],[-106.30897,44.21195],[-106.308971,44.208314],[-106.313963,44.208252],[-106.313959,44.211888]]]}},{"type":"Feature","properties":{"q":"11","ac":39.7},"geometry":{"type":"Polygon","coordinates":[[[-106.309015,44.248313],[-106.309033,44.251949],[-106.304047,44.252012],[-106.304035,44.248376],[-106.309015,44.248313]]]}},{"type":"Feature","properties":{"q":"7","ac":39.8},"geometry":{"type":"Polygon","coordinates":[[[-106.303993,44.219286],[-106.30898,44.219223],[-106.308985,44.222859],[-106.303998,44.222922],[-106.303993,44.219286]]]}},{"type":"Feature","properties":{"q":"16","ac":39.8},"geometry":{"type":"Polygon","coordinates":[[[-106.304005,44.230194],[-106.299024,44.230256],[-106.299017,44.22662],[-106.304004,44.226558],[-106.304005,44.230194]]]}},{"type":"Feature","properties":{"q":"1","ac":39.7},"geometry":{"type":"Polygon","coordinates":[[[-106.338855,44.207881],[-106.343833,44.207812],[-106.343838,44.211443],[-106.338863,44.211513],[-106.338855,44.207881]]]}},{"type":"Feature","properties":{"q":"1","ac":39.7},"geometry":{"type":"Polygon","coordinates":[[[-106.363748,44.207542],[-106.363744,44.211172],[-106.358762,44.211233],[-106.358769,44.207603],[-106.363748,44.207542]]]}},{"type":"Feature","properties":{"q":"1","ac":39.9},"geometry":{"type":"Polygon","coordinates":[[[-106.378683,44.207358],[-106.383685,44.207309],[-106.383701,44.210942],[-106.378692,44.210989],[-106.378683,44.207358]]]}},{"type":"Feature","properties":{"q":"5","ac":40.3},"geometry":{"type":"Polygon","coordinates":[[[-106.358958,44.251161],[-106.363949,44.251104],[-106.363965,44.254781],[-106.358973,44.254854],[-106.358958,44.251161]]]}},{"type":"Feature","properties":{"q":"12","ac":40.0},"geometry":{"type":"Polygon","coordinates":[[[-106.39376,44.214484],[-106.398767,44.214438],[-106.398803,44.218076],[-106.393799,44.218121],[-106.39376,44.214484]]]}},{"type":"Feature","properties":{"q":"5","ac":39.8},"geometry":{"type":"Polygon","coordinates":[[[-106.403828,44.221667],[-106.403866,44.225305],[-106.398876,44.225352],[-106.398839,44.221714],[-106.403828,44.221667]]]}},{"type":"Feature","properties":{"q":"16","ac":39.7},"geometry":{"type":"Polygon","coordinates":[[[-106.373899,44.243728],[-106.378889,44.24367],[-106.378907,44.247302],[-106.373916,44.247359],[-106.373899,44.243728]]]}},{"type":"Feature","properties":{"q":"11","ac":39.8},"geometry":{"type":"Polygon","coordinates":[[[-106.30898,44.219223],[-106.308975,44.215587],[-106.313963,44.215524],[-106.313967,44.219161],[-106.30898,44.219223]]]}},{"type":"Feature","properties":{"q":"7","ac":40.0},"geometry":{"type":"Polygon","coordinates":[[[-106.383887,44.23274],[-106.388898,44.232703],[-106.388908,44.236337],[-106.383891,44.236373],[-106.383887,44.23274]]]}},{"type":"Feature","properties":{"q":"SESW","ac":39.7},"geometry":{"type":"Polygon","coordinates":[[[-106.37375,44.214681],[-106.368762,44.214742],[-106.368727,44.211111],[-106.373709,44.21105],[-106.37375,44.214681]]]}},{"type":"Feature","properties":{"q":"SWNE","ac":39.8},"geometry":{"type":"Polygon","coordinates":[[[-106.368797,44.218372],[-106.368832,44.222003],[-106.363832,44.222063],[-106.363803,44.218433],[-106.368797,44.218372]]]}},{"type":"Feature","properties":{"q":"SENW","ac":39.8},"geometry":{"type":"Polygon","coordinates":[[[-106.373791,44.218312],[-106.373832,44.221943],[-106.368832,44.222003],[-106.368797,44.218372],[-106.373791,44.218312]]]}},{"type":"Feature","properties":{"q":"1","ac":39.9},"geometry":{"type":"Polygon","coordinates":[[[-106.323965,44.226288],[-106.318962,44.226371],[-106.318959,44.222734],[-106.323956,44.222653],[-106.323965,44.226288]]]}},{"type":"Feature","properties":{"q":"19","ac":40.0},"geometry":{"type":"Polygon","coordinates":[[[-106.378872,44.240039],[-106.383895,44.240005],[-106.383909,44.243639],[-106.378889,44.24367],[-106.378872,44.240039]]]}},{"type":"Feature","properties":{"q":"11","ac":39.8},"geometry":{"type":"Polygon","coordinates":[[[-106.333906,44.215224],[-106.333928,44.218857],[-106.328937,44.218938],[-106.328921,44.215303],[-106.333906,44.215224]]]}},{"type":"Feature","properties":{"q":"11","ac":39.9},"geometry":{"type":"Polygon","coordinates":[[[-106.33397,44.229756],[-106.338977,44.229672],[-106.33898,44.233304],[-106.333969,44.233389],[-106.33397,44.229756]]]}},{"type":"Feature","properties":{"q":"7","ac":39.8},"geometry":{"type":"Polygon","coordinates":[[[-106.363882,44.232954],[-106.36888,44.232895],[-106.368886,44.236525],[-106.363892,44.236584],[-106.363882,44.232954]]]}},{"type":"Feature","properties":{"q":"9","ac":39.7},"geometry":{"type":"Polygon","coordinates":[[[-106.318975,44.248188],[-106.319005,44.251824],[-106.314019,44.251887],[-106.313995,44.248251],[-106.318975,44.248188]]]}},{"type":"Feature","properties":{"q":"SENE","ac":39.8},"geometry":{"type":"Polygon","coordinates":[[[-106.358808,44.218493],[-106.363803,44.218433],[-106.363832,44.222063],[-106.358831,44.222122],[-106.358808,44.218493]]]}},{"type":"Feature","properties":{"q":"2","ac":39.7},"geometry":{"type":"Polygon","coordinates":[[[-106.368726,44.207481],[-106.368727,44.211111],[-106.363744,44.211172],[-106.363748,44.207542],[-106.368726,44.207481]]]}},{"type":"Feature","properties":{"q":"16","ac":40.0},"geometry":{"type":"Polygon","coordinates":[[[-106.40397,44.243497],[-106.408972,44.243452],[-106.408992,44.247093],[-106.403982,44.247137],[-106.40397,44.243497]]]}},{"type":"Feature","properties":{"q":"8","ac":40.4},"geometry":{"type":"Polygon","coordinates":[[[-106.358958,44.251161],[-106.358973,44.254854],[-106.358114,44.254867],[-106.353981,44.254926],[-106.353968,44.251237],[-106.358958,44.251161]]]}},{"type":"Feature","properties":{"q":"11","ac":39.8},"geometry":{"type":"Polygon","coordinates":[[[-106.403913,44.232584],[-106.408905,44.23254],[-106.408928,44.236176],[-106.403936,44.236221],[-106.403913,44.232584]]]}},{"type":"Feature","properties":{"q":"7","ac":39.9},"geometry":{"type":"Polygon","coordinates":[[[-106.408857,44.225258],[-106.408817,44.221619],[-106.413808,44.221572],[-106.413847,44.225211],[-106.408857,44.225258]]]}},{"type":"Feature","properties":{"q":"12","ac":39.8},"geometry":{"type":"Polygon","coordinates":[[[-106.398803,44.218076],[-106.403791,44.218028],[-106.403828,44.221667],[-106.398839,44.221714],[-106.398803,44.218076]]]}},{"type":"Feature","properties":{"q":"5","ac":39.9},"geometry":{"type":"Polygon","coordinates":[[[-106.393799,44.218121],[-106.398803,44.218076],[-106.398839,44.221714],[-106.393838,44.221757],[-106.393799,44.218121]]]}},{"type":"Feature","properties":{"q":"7","ac":39.8},"geometry":{"type":"Polygon","coordinates":[[[-106.408928,44.236176],[-106.413922,44.23613],[-106.413945,44.239764],[-106.408952,44.239811],[-106.408928,44.236176]]]}},{"type":"Feature","properties":{"q":"10","ac":39.9},"geometry":{"type":"Polygon","coordinates":[[[-106.388888,44.229068],[-106.388898,44.232703],[-106.383887,44.23274],[-106.383883,44.229107],[-106.388888,44.229068]]]}},{"type":"Feature","properties":{"q":"17","ac":39.7},"geometry":{"type":"Polygon","coordinates":[[[-106.353931,44.240346],[-106.358913,44.240272],[-106.358928,44.243902],[-106.353943,44.243976],[-106.353931,44.240346]]]}},{"type":"Feature","properties":{"q":"NWNE","ac":39.9},"geometry":{"type":"Polygon","coordinates":[[[-106.368832,44.222003],[-106.368867,44.225633],[-106.363861,44.225693],[-106.363832,44.222063],[-106.368832,44.222003]]]}},{"type":"Feature","properties":{"q":"8","ac":39.6},"geometry":{"type":"Polygon","coordinates":[[[-106.393962,44.250847],[-106.398974,44.250819],[-106.398977,44.254422],[-106.393968,44.254457],[-106.393962,44.250847]]]}},{"type":"Feature","properties":{"q":"2","ac":39.9},"geometry":{"type":"Polygon","coordinates":[[[-106.388711,44.210895],[-106.383701,44.210942],[-106.383685,44.207309],[-106.388686,44.20726],[-106.388711,44.210895]]]}},{"type":"Feature","properties":{"q":"1","ac":39.7},"geometry":{"type":"Polygon","coordinates":[[[-106.343961,44.236863],[-106.343967,44.240494],[-106.338985,44.240568],[-106.338982,44.236936],[-106.343961,44.236863]]]}},{"type":"Feature","properties":{"q":"15","ac":39.6},"geometry":{"type":"Polygon","coordinates":[[[-106.348812,44.211373],[-106.348838,44.215004],[-106.343864,44.215074],[-106.343838,44.211443],[-106.348812,44.211373]]]}},{"type":"Feature","properties":{"q":"15","ac":39.9},"geometry":{"type":"Polygon","coordinates":[[[-106.368867,44.225633],[-106.368873,44.229264],[-106.363871,44.229323],[-106.363861,44.225693],[-106.368867,44.225633]]]}},{"type":"Feature","properties":{"q":"11","ac":39.9},"geometry":{"type":"Polygon","coordinates":[[[-106.383923,44.247272],[-106.383937,44.250904],[-106.378925,44.250933],[-106.378907,44.247302],[-106.383923,44.247272]]]}},{"type":"Feature","properties":{"q":"4","ac":39.7},"geometry":{"type":"Polygon","coordinates":[[[-106.378683,44.207358],[-106.378692,44.210989],[-106.373709,44.21105],[-106.373705,44.20742],[-106.378683,44.207358]]]}},{"type":"Feature","properties":{"q":"8","ac":38.3},"geometry":{"type":"Polygon","coordinates":[[[-106.41845,44.206962],[-106.418462,44.210602],[-106.413684,44.21065],[-106.413643,44.207011],[-106.41845,44.206962]]]}},{"type":"Feature","properties":{"q":"3","ac":39.9},"geometry":{"type":"Polygon","coordinates":[[[-106.388836,44.221799],[-106.393838,44.221757],[-106.393877,44.225393],[-106.388877,44.225433],[-106.388836,44.221799]]]}},{"type":"Feature","properties":{"q":"6","ac":39.9},"geometry":{"type":"Polygon","coordinates":[[[-106.388794,44.218164],[-106.393799,44.218121],[-106.393838,44.221757],[-106.388836,44.221799],[-106.388794,44.218164]]]}},{"type":"Feature","properties":{"q":"6","ac":39.6},"geometry":{"type":"Polygon","coordinates":[[[-106.309033,44.251949],[-106.309051,44.255568],[-106.304059,44.255639],[-106.304047,44.252012],[-106.309033,44.251949]]]}},{"type":"Feature","properties":{"q":"18","ac":39.8},"geometry":{"type":"Polygon","coordinates":[[[-106.408699,44.2107],[-106.413684,44.21065],[-106.413726,44.214291],[-106.408739,44.21434],[-106.408699,44.2107]]]}},{"type":"Feature","properties":{"q":"NESW","ac":39.8},"geometry":{"type":"Polygon","coordinates":[[[-106.368762,44.214742],[-106.37375,44.214681],[-106.373791,44.218312],[-106.368797,44.218372],[-106.368762,44.214742]]]}},{"type":"Feature","properties":{"q":"15","ac":40.0},"geometry":{"type":"Polygon","coordinates":[[[-106.393949,44.243575],[-106.398969,44.243543],[-106.398971,44.247181],[-106.393955,44.247211],[-106.393949,44.243575]]]}},{"type":"Feature","properties":{"q":"8","ac":36.6},"geometry":{"type":"Polygon","coordinates":[[[-106.413922,44.23613],[-106.418527,44.236088],[-106.418526,44.239721],[-106.413945,44.239764],[-106.413922,44.23613]]]}},{"type":"Feature","properties":{"q":"18","ac":39.6},"geometry":{"type":"Polygon","coordinates":[[[-106.313946,44.240978],[-106.313971,44.244615],[-106.308997,44.244677],[-106.308978,44.241041],[-106.313946,44.240978]]]}},{"type":"Feature","properties":{"q":"10","ac":39.8},"geometry":{"type":"Polygon","coordinates":[[[-106.363871,44.229323],[-106.368873,44.229264],[-106.36888,44.232895],[-106.363882,44.232954],[-106.363871,44.229323]]]}},{"type":"Feature","properties":{"q":"16","ac":39.7},"geometry":{"type":"Polygon","coordinates":[[[-106.318975,44.248188],[-106.313995,44.248251],[-106.313971,44.244615],[-106.318944,44.244552],[-106.318975,44.248188]]]}},{"type":"Feature","properties":{"q":"NENW","ac":39.9},"geometry":{"type":"Polygon","coordinates":[[[-106.368832,44.222003],[-106.373832,44.221943],[-106.373873,44.225573],[-106.368867,44.225633],[-106.368832,44.222003]]]}},{"type":"Feature","properties":{"q":"20","ac":39.6},"geometry":{"type":"Polygon","coordinates":[[[-106.30401,44.241103],[-106.304023,44.244739],[-106.299049,44.244801],[-106.299043,44.241165],[-106.30401,44.241103]]]}},{"type":"Feature","properties":{"q":"4","ac":40.1},"geometry":{"type":"Polygon","coordinates":[[[-106.393926,44.236302],[-106.398943,44.236267],[-106.398966,44.239905],[-106.393942,44.239938],[-106.393926,44.236302]]]}},{"type":"Feature","properties":{"q":"12","ac":39.8},"geometry":{"type":"Polygon","coordinates":[[[-106.373875,44.229205],[-106.378877,44.229145],[-106.378876,44.232776],[-106.373878,44.232836],[-106.373875,44.229205]]]}},{"type":"Feature","properties":{"q":"21","ac":39.9},"geometry":{"type":"Polygon","coordinates":[[[-106.403959,44.239858],[-106.408952,44.239811],[-106.408972,44.243452],[-106.40397,44.243497],[-106.403959,44.239858]]]}},{"type":"Feature","properties":{"q":"11","ac":39.6},"geometry":{"type":"Polygon","coordinates":[[[-106.348923,44.229527],[-106.353896,44.229455],[-106.353908,44.233085],[-106.348932,44.233158],[-106.348923,44.229527]]]}},{"type":"Feature","properties":{"q":"15","ac":39.9},"geometry":{"type":"Polygon","coordinates":[[[-106.388877,44.225433],[-106.388888,44.229068],[-106.383883,44.229107],[-106.383878,44.225473],[-106.388877,44.225433]]]}},{"type":"Feature","properties":{"q":"10","ac":39.7},"geometry":{"type":"Polygon","coordinates":[[[-106.373916,44.247359],[-106.373933,44.25099],[-106.368941,44.251047],[-106.368925,44.247417],[-106.373916,44.247359]]]}},{"type":"Feature","properties":{"q":"16","ac":39.6},"geometry":{"type":"Polygon","coordinates":[[[-106.338977,44.229672],[-106.338974,44.22604],[-106.343944,44.225968],[-106.34395,44.2296],[-106.338977,44.229672]]]}},{"type":"Feature","properties":{"q":"11","ac":39.9},"geometry":{"type":"Polygon","coordinates":[[[-106.388888,44.229068],[-106.393893,44.229029],[-106.393909,44.232666],[-106.388898,44.232703],[-106.388888,44.229068]]]}},{"type":"Feature","properties":{"q":"5","ac":39.7},"geometry":{"type":"Polygon","coordinates":[[[-106.304047,44.252012],[-106.304059,44.255639],[-106.299066,44.25571],[-106.29906,44.252074],[-106.304047,44.252012]]]}},{"type":"Feature","properties":{"q":"16","ac":39.6},"geometry":{"type":"Polygon","coordinates":[[[-106.338863,44.211513],[-106.343838,44.211443],[-106.343864,44.215074],[-106.338891,44.215144],[-106.338863,44.211513]]]}},{"type":"Feature","properties":{"q":"13","ac":40.0},"geometry":{"type":"Polygon","coordinates":[[[-106.408992,44.247093],[-106.409012,44.250731],[-106.403993,44.250775],[-106.403982,44.247137],[-106.408992,44.247093]]]}},{"type":"Feature","properties":{"q":"7","ac":39.8},"geometry":{"type":"Polygon","coordinates":[[[-106.408657,44.207062],[-106.413643,44.207011],[-106.413684,44.21065],[-106.408699,44.2107],[-106.408657,44.207062]]]}},{"type":"Feature","properties":{"q":"1","ac":39.7},"geometry":{"type":"Polygon","coordinates":[[[-106.358898,44.236642],[-106.363892,44.236584],[-106.363903,44.240214],[-106.358913,44.240272],[-106.358898,44.236642]]]}},{"type":"Feature","properties":{"q":"5","ac":39.6},"geometry":{"type":"Polygon","coordinates":[[[-106.353836,44.218564],[-106.358808,44.218493],[-106.358831,44.222122],[-106.35386,44.222194],[-106.353836,44.218564]]]}},{"type":"Feature","properties":{"q":"15","ac":39.7},"geometry":{"type":"Polygon","coordinates":[[[-106.353943,44.243976],[-106.353956,44.247607],[-106.348969,44.247682],[-106.348959,44.244051],[-106.353943,44.243976]]]}},{"type":"Feature","properties":{"q":"7","ac":39.6},"geometry":{"type":"Polygon","coordinates":[[[-106.348932,44.233158],[-106.34894,44.236789],[-106.343961,44.236863],[-106.343956,44.233231],[-106.348932,44.233158]]]}},{"type":"Feature","properties":{"q":"20","ac":39.8},"geometry":{"type":"Polygon","coordinates":[[[-106.398876,44.225352],[-106.403866,44.225305],[-106.403889,44.228945],[-106.398898,44.228991],[-106.398876,44.225352]]]}},{"type":"Feature","properties":{"q":"11","ac":39.6},"geometry":{"type":"Polygon","coordinates":[[[-106.353811,44.214933],[-106.353836,44.218564],[-106.348863,44.218635],[-106.348838,44.215004],[-106.353811,44.214933]]]}},{"type":"Feature","properties":{"q":"11","ac":39.7},"geometry":{"type":"Polygon","coordinates":[[[-106.348969,44.247682],[-106.348978,44.251313],[-106.343989,44.251388],[-106.343982,44.247757],[-106.348969,44.247682]]]}},{"type":"Feature","properties":{"q":"4","ac":39.6},"geometry":{"type":"Polygon","coordinates":[[[-106.358831,44.222122],[-106.358855,44.225752],[-106.353885,44.225824],[-106.35386,44.222194],[-106.358831,44.222122]]]}},{"type":"Feature","properties":{"q":"14","ac":40.0},"geometry":{"type":"Polygon","coordinates":[[[-106.388711,44.210895],[-106.393721,44.210848],[-106.39376,44.214484],[-106.388753,44.21453],[-106.388711,44.210895]]]}},{"type":"Feature","properties":{"q":"12","ac":39.9},"geometry":{"type":"Polygon","coordinates":[[[-106.333971,44.226122],[-106.338974,44.22604],[-106.338977,44.229672],[-106.33397,44.229756],[-106.333971,44.226122]]]}},{"type":"Feature","properties":{"q":"SWSW","ac":39.7},"geometry":{"type":"Polygon","coordinates":[[[-106.378692,44.210989],[-106.378739,44.21462],[-106.37375,44.214681],[-106.373709,44.21105],[-106.378692,44.210989]]]}},{"type":"Feature","properties":{"q":"NWNW","ac":39.9},"geometry":{"type":"Polygon","coordinates":[[[-106.378832,44.221883],[-106.378879,44.225514],[-106.373873,44.225573],[-106.373832,44.221943],[-106.378832,44.221883]]]}},{"type":"Feature","properties":{"q":"4","ac":39.6},"geometry":{"type":"Polygon","coordinates":[[[-106.318926,44.23728],[-106.318914,44.240916],[-106.313946,44.240978],[-106.313954,44.237342],[-106.318926,44.23728]]]}},{"type":"Feature","properties":{"q":"14","ac":39.7},"geometry":{"type":"Polygon","coordinates":[[[-106.333884,44.211591],[-106.333906,44.215224],[-106.328921,44.215303],[-106.328905,44.211669],[-106.333884,44.211591]]]}},{"type":"Feature","properties":{"q":"2","ac":40.0},"geometry":{"type":"Polygon","coordinates":[[[-106.383891,44.236373],[-106.388908,44.236337],[-106.388919,44.239972],[-106.383895,44.240005],[-106.383891,44.236373]]]}},{"type":"Feature","properties":{"q":"1","ac":39.6},"geometry":{"type":"Polygon","coordinates":[[[-106.343918,44.222337],[-106.343944,44.225968],[-106.338974,44.22604],[-106.338947,44.222408],[-106.343918,44.222337]]]}},{"type":"Feature","properties":{"q":"2","ac":40.0},"geometry":{"type":"Polygon","coordinates":[[[-106.333968,44.237022],[-106.333967,44.240655],[-106.32895,44.240742],[-106.328954,44.237108],[-106.333968,44.237022]]]}},{"type":"Feature","properties":{"q":"19","ac":36.5},"geometry":{"type":"Polygon","coordinates":[[[-106.418535,44.243365],[-106.413976,44.243406],[-106.413945,44.239764],[-106.418526,44.239721],[-106.418535,44.243365]]]}},{"type":"Feature","properties":{"q":"6","ac":39.8},"geometry":{"type":"Polygon","coordinates":[[[-106.333928,44.218857],[-106.33395,44.22249],[-106.328953,44.222571],[-106.328937,44.218938],[-106.333928,44.218857]]]}},{"type":"Feature","properties":{"q":"10","ac":39.8},"geometry":{"type":"Polygon","coordinates":[[[-106.408905,44.23254],[-106.413898,44.232496],[-106.413922,44.23613],[-106.408928,44.236176],[-106.408905,44.23254]]]}},{"type":"Feature","properties":{"q":"10","ac":39.7},"geometry":{"type":"Polygon","coordinates":[[[-106.308984,44.233768],[-106.304007,44.233831],[-106.304005,44.230194],[-106.308987,44.230132],[-106.308984,44.233768]]]}},{"type":"Feature","properties":{"q":"16","ac":39.7},"geometry":{"type":"Polygon","coordinates":[[[-106.358928,44.243902],[-106.358943,44.247532],[-106.353956,44.247607],[-106.353943,44.243976],[-106.358928,44.243902]]]}},{"type":"Feature","properties":{"q":"19","ac":39.7},"geometry":{"type":"Polygon","coordinates":[[[-106.348949,44.24042],[-106.348959,44.244051],[-106.343974,44.244125],[-106.343967,44.240494],[-106.348949,44.24042]]]}},{"type":"Feature","properties":{"q":"14","ac":39.6},"geometry":{"type":"Polygon","coordinates":[[[-106.353885,44.225824],[-106.353896,44.229455],[-106.348923,44.229527],[-106.348915,44.225896],[-106.349216,44.225892],[-106.353885,44.225824]]]}},{"type":"Feature","properties":{"q":"9","ac":40.0},"geometry":{"type":"Polygon","coordinates":[[[-106.398971,44.247181],[-106.398974,44.250819],[-106.393962,44.250847],[-106.393955,44.247211],[-106.398971,44.247181]]]}},{"type":"Feature","properties":{"q":"5","ac":39.9},"geometry":{"type":"Polygon","coordinates":[[[-106.328959,44.233474],[-106.333969,44.233389],[-106.333968,44.237022],[-106.328954,44.237108],[-106.328959,44.233474]]]}},{"type":"Feature","properties":{"q":"4","ac":39.7},"geometry":{"type":"Polygon","coordinates":[[[-106.338855,44.207881],[-106.338863,44.211513],[-106.333884,44.211591],[-106.33388,44.207958],[-106.338855,44.207881]]]}},{"type":"Feature","properties":{"q":"14","ac":39.9},"geometry":{"type":"Polygon","coordinates":[[[-106.388877,44.225433],[-106.393877,44.225393],[-106.393893,44.229029],[-106.388888,44.229068],[-106.388877,44.225433]]]}},{"type":"Feature","properties":{"q":"22","ac":39.9},"geometry":{"type":"Polygon","coordinates":[[[-106.40397,44.243497],[-106.398969,44.243543],[-106.398966,44.239905],[-106.403959,44.239858],[-106.40397,44.243497]]]}},{"type":"Feature","properties":{"q":"12","ac":40.0},"geometry":{"type":"Polygon","coordinates":[[[-106.378889,44.24367],[-106.383909,44.243639],[-106.383923,44.247272],[-106.378907,44.247302],[-106.378889,44.24367]]]}},{"type":"Feature","properties":{"q":"10","ac":39.9},"geometry":{"type":"Polygon","coordinates":[[[-106.328959,44.233474],[-106.328964,44.22984],[-106.33397,44.229756],[-106.333969,44.233389],[-106.328959,44.233474]]]}},{"type":"Feature","properties":{"q":"18","ac":39.7},"geometry":{"type":"Polygon","coordinates":[[[-106.373882,44.240097],[-106.373899,44.243728],[-106.368909,44.243786],[-106.368892,44.240155],[-106.373882,44.240097]]]}},{"type":"Feature","properties":{"q":"7","ac":39.7},"geometry":{"type":"Polygon","coordinates":[[[-106.388949,44.250876],[-106.393962,44.250847],[-106.393968,44.254457],[-106.38896,44.254492],[-106.388949,44.250876]]]}},{"type":"Feature","properties":{"q":"16","ac":39.9},"geometry":{"type":"Polygon","coordinates":[[[-106.33399,44.247921],[-106.333978,44.244288],[-106.33899,44.2442],[-106.338995,44.247831],[-106.33399,44.247921]]]}},{"type":"Feature","properties":{"q":"3","ac":39.6},"geometry":{"type":"Polygon","coordinates":[[[-106.348889,44.222265],[-106.35386,44.222194],[-106.353885,44.225824],[-106.349216,44.225892],[-106.348915,44.225896],[-106.348889,44.222265]]]}},{"type":"Feature","properties":{"q":"NESE","ac":39.8},"geometry":{"type":"Polygon","coordinates":[[[-106.358808,44.218493],[-106.358785,44.214863],[-106.363773,44.214802],[-106.363803,44.218433],[-106.358808,44.218493]]]}},{"type":"Feature","properties":{"q":"7","ac":40.0},"geometry":{"type":"Polygon","coordinates":[[[-106.329002,44.251644],[-106.334001,44.251554],[-106.334012,44.255213],[-106.32902,44.255284],[-106.329002,44.251644]]]}},{"type":"Feature","properties":{"q":"18","ac":40.0},"geometry":{"type":"Polygon","coordinates":[[[-106.333967,44.240655],[-106.333978,44.244288],[-106.328967,44.244376],[-106.32895,44.240742],[-106.333967,44.240655]]]}},{"type":"Feature","properties":{"q":"9","ac":39.9},"geometry":{"type":"Polygon","coordinates":[[[-106.323957,44.229923],[-106.328964,44.22984],[-106.328959,44.233474],[-106.323949,44.233559],[-106.323957,44.229923]]]}},{"type":"Feature","properties":{"q":"13","ac":39.7},"geometry":{"type":"Polygon","coordinates":[[[-106.343974,44.244125],[-106.343982,44.247757],[-106.338995,44.247831],[-106.33899,44.2442],[-106.343974,44.244125]]]}},{"type":"Feature","properties":{"q":"10","ac":39.8},"geometry":{"type":"Polygon","coordinates":[[[-106.323936,44.215383],[-106.328921,44.215303],[-106.328937,44.218938],[-106.323946,44.219018],[-106.323936,44.215383]]]}},{"type":"Feature","properties":{"q":"19","ac":39.9},"geometry":{"type":"Polygon","coordinates":[[[-106.408881,44.228899],[-106.403889,44.228945],[-106.403866,44.225305],[-106.408857,44.225258],[-106.408881,44.228899]]]}},{"type":"Feature","properties":{"q":"15","ac":39.8},"geometry":{"type":"Polygon","coordinates":[[[-106.304004,44.226558],[-106.30899,44.226495],[-106.308987,44.230132],[-106.304005,44.230194],[-106.304004,44.226558]]]}},{"type":"Feature","properties":{"q":"17","ac":38.1},"geometry":{"type":"Polygon","coordinates":[[[-106.413684,44.21065],[-106.418462,44.210602],[-106.41848,44.214244],[-106.413726,44.214291],[-106.413684,44.21065]]]}},{"type":"Feature","properties":{"q":"8","ac":39.8},"geometry":{"type":"Polygon","coordinates":[[[-106.363882,44.232954],[-106.363892,44.236584],[-106.358898,44.236642],[-106.358884,44.233012],[-106.363882,44.232954]]]}},{"type":"Feature","properties":{"q":"10","ac":40.0},"geometry":{"type":"Polygon","coordinates":[[[-106.383923,44.247272],[-106.388939,44.247242],[-106.388949,44.250876],[-106.383937,44.250904],[-106.383923,44.247272]]]}},{"type":"Feature","properties":{"q":"3","ac":40.0},"geometry":{"type":"Polygon","coordinates":[[[-106.388908,44.236337],[-106.393926,44.236302],[-106.393942,44.239938],[-106.388919,44.239972],[-106.388908,44.236337]]]}},{"type":"Feature","properties":{"q":"9","ac":39.8},"geometry":{"type":"Polygon","coordinates":[[[-106.409012,44.250731],[-106.409032,44.254352],[-106.404005,44.254387],[-106.403993,44.250775],[-106.409012,44.250731]]]}},{"type":"Feature","properties":{"q":"14","ac":39.9},"geometry":{"type":"Polygon","coordinates":[[[-106.368867,44.225633],[-106.373873,44.225573],[-106.373875,44.229205],[-106.368873,44.229264],[-106.368867,44.225633]]]}},{"type":"Feature","properties":{"q":"14","ac":39.7},"geometry":{"type":"Polygon","coordinates":[[[-106.368909,44.243786],[-106.368925,44.247417],[-106.363934,44.247474],[-106.363918,44.243844],[-106.368909,44.243786]]]}},{"type":"Feature","properties":{"q":"12","ac":36.0},"geometry":{"type":"Polygon","coordinates":[[[-106.418543,44.247008],[-106.418525,44.250642],[-106.414022,44.250684],[-106.414006,44.247048],[-106.418543,44.247008]]]}},{"type":"Feature","properties":{"q":"15","ac":39.7},"geometry":{"type":"Polygon","coordinates":[[[-106.323927,44.211747],[-106.328905,44.211669],[-106.328921,44.215303],[-106.323936,44.215383],[-106.323927,44.211747]]]}},{"type":"Feature","properties":{"q":"4","ac":39.7},"geometry":{"type":"Polygon","coordinates":[[[-106.358898,44.236642],[-106.358913,44.240272],[-106.353931,44.240346],[-106.353919,44.236716],[-106.358898,44.236642]]]}},{"type":"Feature","properties":{"q":"12","ac":39.7},"geometry":{"type":"Polygon","coordinates":[[[-106.304035,44.248376],[-106.304047,44.252012],[-106.29906,44.252074],[-106.299055,44.248438],[-106.304035,44.248376]]]}},{"type":"Feature","properties":{"q":"18","ac":39.7},"geometry":{"type":"Polygon","coordinates":[[[-106.353931,44.240346],[-106.353943,44.243976],[-106.348959,44.244051],[-106.348949,44.24042],[-106.349855,44.240406],[-106.353931,44.240346]]]}},{"type":"Feature","properties":{"q":"2","ac":39.8},"geometry":{"type":"Polygon","coordinates":[[[-106.308985,44.222859],[-106.30899,44.226495],[-106.304004,44.226558],[-106.303998,44.222922],[-106.308985,44.222859]]]}},{"type":"Feature","properties":{"q":"11","ac":39.7},"geometry":{"type":"Polygon","coordinates":[[[-106.363949,44.251104],[-106.363934,44.247474],[-106.368925,44.247417],[-106.368941,44.251047],[-106.363949,44.251104]]]}},{"type":"Feature","properties":{"q":"13","ac":39.8},"geometry":{"type":"Polygon","coordinates":[[[-106.318962,44.226371],[-106.31895,44.230007],[-106.313969,44.23007],[-106.313976,44.226433],[-106.318962,44.226371]]]}},{"type":"Feature","properties":{"q":"8","ac":39.7},"geometry":{"type":"Polygon","coordinates":[[[-106.33898,44.233304],[-106.343956,44.233231],[-106.343961,44.236863],[-106.338982,44.236936],[-106.33898,44.233304]]]}},{"type":"Feature","properties":{"q":"8","ac":39.9},"geometry":{"type":"Polygon","coordinates":[[[-106.378785,44.218252],[-106.38379,44.218208],[-106.383834,44.221841],[-106.378832,44.221883],[-106.378785,44.218252]]]}},{"type":"Feature","properties":{"q":"10","ac":39.8},"geometry":{"type":"Polygon","coordinates":[[[-106.308975,44.215587],[-106.30898,44.219223],[-106.303993,44.219286],[-106.303987,44.215649],[-106.308975,44.215587]]]}},{"type":"Feature","properties":{"q":"10","ac":39.9},"geometry":{"type":"Polygon","coordinates":[[[-106.334001,44.251554],[-106.329002,44.251644],[-106.328985,44.24801],[-106.33399,44.247921],[-106.334001,44.251554]]]}},{"type":"Feature","properties":{"q":"15","ac":39.7},"geometry":{"type":"Polygon","coordinates":[[[-106.313971,44.244615],[-106.313995,44.248251],[-106.309015,44.248313],[-106.308997,44.244677],[-106.313971,44.244615]]]}},{"type":"Feature","properties":{"q":"2","ac":39.6},"geometry":{"type":"Polygon","coordinates":[[[-106.348889,44.222265],[-106.348915,44.225896],[-106.343944,44.225968],[-106.343918,44.222337],[-106.348889,44.222265]]]}},{"type":"Feature","properties":{"q":"13","ac":39.8},"geometry":{"type":"Polygon","coordinates":[[[-106.398767,44.214438],[-106.403753,44.214389],[-106.403791,44.218028],[-106.398803,44.218076],[-106.398767,44.214438]]]}},{"type":"Feature","properties":{"q":"17","ac":39.6},"geometry":{"type":"Polygon","coordinates":[[[-106.318914,44.240916],[-106.318944,44.244552],[-106.313971,44.244615],[-106.313946,44.240978],[-106.318914,44.240916]]]}},{"type":"Feature","properties":{"q":"4","ac":39.6},"geometry":{"type":"Polygon","coordinates":[[[-106.358762,44.211233],[-106.353787,44.211303],[-106.35379,44.207673],[-106.358769,44.207603],[-106.358762,44.211233]]]}},{"type":"Feature","properties":{"q":"3","ac":39.7},"geometry":{"type":"Polygon","coordinates":[[[-106.373705,44.20742],[-106.373709,44.21105],[-106.368727,44.211111],[-106.368726,44.207481],[-106.373705,44.20742]]]}},{"type":"Feature","properties":{"q":"17","ac":37.3},"geometry":{"type":"Polygon","coordinates":[[[-106.413847,44.225211],[-106.418526,44.225167],[-106.418527,44.228811],[-106.413873,44.228853],[-106.413847,44.225211]]]}},{"type":"Feature","properties":{"q":"14","ac":40.0},"geometry":{"type":"Polygon","coordinates":[[[-106.398971,44.247181],[-106.403982,44.247137],[-106.403993,44.250775],[-106.398974,44.250819],[-106.398971,44.247181]]]}},{"type":"Feature","properties":{"q":"14","ac":39.9},"geometry":{"type":"Polygon","coordinates":[[[-106.328968,44.226205],[-106.328964,44.22984],[-106.323957,44.229923],[-106.323965,44.226288],[-106.328968,44.226205]]]}},{"type":"Feature","properties":{"q":"13","ac":39.9},"geometry":{"type":"Polygon","coordinates":[[[-106.373873,44.225573],[-106.378879,44.225514],[-106.378877,44.229145],[-106.373875,44.229205],[-106.373873,44.225573]]]}},{"type":"Feature","properties":{"q":"14","ac":39.9},"geometry":{"type":"Polygon","coordinates":[[[-106.403913,44.232584],[-106.403889,44.228945],[-106.408881,44.228899],[-106.408905,44.23254],[-106.403913,44.232584]]]}},{"type":"Feature","properties":{"q":"15","ac":39.9},"geometry":{"type":"Polygon","coordinates":[[[-106.408739,44.21434],[-106.413726,44.214291],[-106.413768,44.217932],[-106.408778,44.21798],[-106.408739,44.21434]]]}},{"type":"Feature","properties":{"q":"6","ac":40.0},"geometry":{"type":"Polygon","coordinates":[[[-106.393909,44.232666],[-106.393926,44.236302],[-106.388908,44.236337],[-106.388898,44.232703],[-106.393909,44.232666]]]}},{"type":"Feature","properties":{"q":"5","ac":40.3},"geometry":{"type":"Polygon","coordinates":[[[-106.343989,44.251388],[-106.343996,44.25507],[-106.339004,44.255142],[-106.338999,44.251463],[-106.343989,44.251388]]]}},{"type":"Feature","properties":{"q":"12","ac":39.7},"geometry":{"type":"Polygon","coordinates":[[[-106.358958,44.251161],[-106.358943,44.247532],[-106.363934,44.247474],[-106.363949,44.251104],[-106.358958,44.251161]]]}},{"type":"Feature","properties":{"q":"5","ac":39.8},"geometry":{"type":"Polygon","coordinates":[[[-106.333928,44.218857],[-106.338919,44.218776],[-106.338947,44.222408],[-106.33395,44.22249],[-106.333928,44.218857]]]}},{"type":"Feature","properties":{"q":"3","ac":39.6},"geometry":{"type":"Polygon","coordinates":[[[-106.348812,44.207742],[-106.35379,44.207673],[-106.353787,44.211303],[-106.348812,44.211373],[-106.348812,44.207742]]]}},{"type":"Feature","properties":{"q":"3","ac":40.0},"geometry":{"type":"Polygon","coordinates":[[[-106.333967,44.240655],[-106.333968,44.237022],[-106.338982,44.236936],[-106.338985,44.240568],[-106.333967,44.240655]]]}},{"type":"Feature","properties":{"q":"14","ac":39.9},"geometry":{"type":"Polygon","coordinates":[[[-106.328967,44.244376],[-106.328985,44.24801],[-106.32398,44.248099],[-106.323956,44.244464],[-106.328967,44.244376]]]}},{"type":"Feature","properties":{"q":"15","ac":39.8},"geometry":{"type":"Polygon","coordinates":[[[-106.30897,44.21195],[-106.308975,44.215587],[-106.303987,44.215649],[-106.303982,44.212013],[-106.30897,44.21195]]]}},{"type":"Feature","properties":{"q":"9","ac":39.6},"geometry":{"type":"Polygon","coordinates":[[[-106.34395,44.2296],[-106.343956,44.233231],[-106.33898,44.233304],[-106.338977,44.229672],[-106.34395,44.2296]]]}},{"type":"Feature","properties":{"q":"8","ac":39.8},"geometry":{"type":"Polygon","coordinates":[[[-106.378925,44.250933],[-106.378942,44.254562],[-106.37395,44.254635],[-106.373933,44.25099],[-106.378925,44.250933]]]}},{"type":"Feature","properties":{"q":"18","ac":36.3},"geometry":{"type":"Polygon","coordinates":[[[-106.413976,44.243406],[-106.418535,44.243365],[-106.418543,44.247008],[-106.414006,44.247048],[-106.413976,44.243406]]]}},{"type":"Feature","properties":{"q":"15","ac":39.9},"geometry":{"type":"Polygon","coordinates":[[[-106.388711,44.210895],[-106.388753,44.21453],[-106.383746,44.214575],[-106.383701,44.210942],[-106.388711,44.210895]]]}},{"type":"Feature","properties":{"q":"3","ac":39.9},"geometry":{"type":"Polygon","coordinates":[[[-106.388686,44.20726],[-106.393688,44.207212],[-106.393721,44.210848],[-106.388711,44.210895],[-106.388686,44.20726]]]}},{"type":"Feature","properties":{"q":"8","ac":40.0},"geometry":{"type":"Polygon","coordinates":[[[-106.378876,44.232776],[-106.383887,44.23274],[-106.383891,44.236373],[-106.378874,44.236408],[-106.378876,44.232776]]]}},{"type":"Feature","properties":{"q":"13","ac":39.9},"geometry":{"type":"Polygon","coordinates":[[[-106.328968,44.226205],[-106.333971,44.226122],[-106.33397,44.229756],[-106.328964,44.22984],[-106.328968,44.226205]]]}},{"type":"Feature","properties":{"q":"15","ac":39.9},"geometry":{"type":"Polygon","coordinates":[[[-106.333978,44.244288],[-106.33399,44.247921],[-106.328985,44.24801],[-106.328967,44.244376],[-106.333978,44.244288]]]}},{"type":"Feature","properties":{"q":"16","ac":39.9},"geometry":{"type":"Polygon","coordinates":[[[-106.378692,44.210989],[-106.383701,44.210942],[-106.383746,44.214575],[-106.378739,44.21462],[-106.378692,44.210989]]]}},{"type":"Feature","properties":{"q":"2","ac":39.9},"geometry":{"type":"Polygon","coordinates":[[[-106.383834,44.221841],[-106.388836,44.221799],[-106.388877,44.225433],[-106.383878,44.225473],[-106.383834,44.221841]]]}},{"type":"Feature","properties":{"q":"9","ac":39.9},"geometry":{"type":"Polygon","coordinates":[[[-106.378739,44.21462],[-106.383746,44.214575],[-106.38379,44.218208],[-106.378785,44.218252],[-106.378739,44.21462]]]}},{"type":"Feature","properties":{"q":"3","ac":39.7},"geometry":{"type":"Polygon","coordinates":[[[-106.33388,44.207958],[-106.333884,44.211591],[-106.328905,44.211669],[-106.328905,44.208035],[-106.33388,44.207958]]]}},{"type":"Feature","properties":{"q":"13","ac":39.9},"geometry":{"type":"Polygon","coordinates":[[[-106.393877,44.225393],[-106.398876,44.225352],[-106.398898,44.228991],[-106.393893,44.229029],[-106.393877,44.225393]]]}},{"type":"Feature","properties":{"q":"14","ac":39.7},"geometry":{"type":"Polygon","coordinates":[[[-106.343974,44.244125],[-106.348959,44.244051],[-106.348969,44.247682],[-106.343982,44.247757],[-106.343974,44.244125]]]}},{"type":"Feature","properties":{"q":"11","ac":35.7},"geometry":{"type":"Polygon","coordinates":[[[-106.414038,44.254313],[-106.414022,44.250684],[-106.418525,44.250642],[-106.418508,44.254277],[-106.414038,44.254313]]]}},{"type":"Feature","properties":{"q":"9","ac":39.8},"geometry":{"type":"Polygon","coordinates":[[[-106.338999,44.251463],[-106.334001,44.251554],[-106.33399,44.247921],[-106.338995,44.247831],[-106.338999,44.251463]]]}},{"type":"Feature","properties":{"q":"9","ac":39.7},"geometry":{"type":"Polygon","coordinates":[[[-106.358943,44.247532],[-106.358958,44.251161],[-106.353968,44.251237],[-106.353956,44.247607],[-106.358943,44.247532]]]}},{"type":"Feature","properties":{"q":"7","ac":40.4},"geometry":{"type":"Polygon","coordinates":[[[-106.348978,44.251313],[-106.353968,44.251237],[-106.353981,44.254926],[-106.348988,44.254998],[-106.348978,44.251313]]]}},{"type":"Feature","properties":{"q":"7","ac":39.9},"geometry":{"type":"Polygon","coordinates":[[[-106.383834,44.221841],[-106.38379,44.218208],[-106.388794,44.218164],[-106.388836,44.221799],[-106.383834,44.221841]]]}},{"type":"Feature","properties":{"q":"2","ac":39.7},"geometry":{"type":"Polygon","coordinates":[[[-106.34894,44.236789],[-106.348949,44.24042],[-106.343967,44.240494],[-106.343961,44.236863],[-106.34894,44.236789]]]}},{"type":"Feature","properties":{"q":"14","ac":39.8},"geometry":{"type":"Polygon","coordinates":[[[-106.313963,44.215524],[-106.308975,44.215587],[-106.30897,44.21195],[-106.313959,44.211888],[-106.313963,44.215524]]]}},{"type":"Feature","properties":{"q":"9","ac":39.9},"geometry":{"type":"Polygon","coordinates":[[[-106.378877,44.229145],[-106.383883,44.229107],[-106.383887,44.23274],[-106.378876,44.232776],[-106.378877,44.229145]]]}},{"type":"Feature","properties":{"q":"13","ac":40.0},"geometry":{"type":"Polygon","coordinates":[[[-106.383909,44.243639],[-106.388929,44.243607],[-106.388939,44.247242],[-106.383923,44.247272],[-106.383909,44.243639]]]}},{"type":"Feature","properties":{"q":"3","ac":39.8},"geometry":{"type":"Polygon","coordinates":[[[-106.313972,44.222797],[-106.313976,44.226433],[-106.30899,44.226495],[-106.308985,44.222859],[-106.313972,44.222797]]]}},{"type":"Feature","properties":{"q":"12","ac":39.8},"geometry":{"type":"Polygon","coordinates":[[[-106.313963,44.215524],[-106.318951,44.215462],[-106.318955,44.219098],[-106.313967,44.219161],[-106.313963,44.215524]]]}},{"type":"Feature","properties":{"q":"3","ac":39.8},"geometry":{"type":"Polygon","coordinates":[[[-106.368886,44.236525],[-106.37388,44.236466],[-106.373882,44.240097],[-106.368892,44.240155],[-106.368886,44.236525]]]}},{"type":"Feature","properties":{"q":"14","ac":40.0},"geometry":{"type":"Polygon","coordinates":[[[-106.388929,44.243607],[-106.393949,44.243575],[-106.393955,44.247211],[-106.388939,44.247242],[-106.388929,44.243607]]]}},{"type":"Feature","properties":{"q":"5","ac":39.8},"geometry":{"type":"Polygon","coordinates":[[[-106.378925,44.250933],[-106.383937,44.250904],[-106.383951,44.254527],[-106.378942,44.254562],[-106.378925,44.250933]]]}},{"type":"Feature","properties":{"q":"20","ac":39.8},"geometry":{"type":"Polygon","coordinates":[[[-106.39873,44.2108],[-106.403715,44.21075],[-106.403753,44.214389],[-106.398767,44.214438],[-106.39873,44.2108]]]}},{"type":"Feature","properties":{"q":"8","ac":37.5},"geometry":{"type":"Polygon","coordinates":[[[-106.418526,44.225167],[-106.413847,44.225211],[-106.413808,44.221572],[-106.418512,44.221526],[-106.418526,44.225167]]]}},{"type":"Feature","properties":{"q":"10","ac":39.6},"geometry":{"type":"Polygon","coordinates":[[[-106.343864,44.215074],[-106.348838,44.215004],[-106.348863,44.218635],[-106.343891,44.218706],[-106.343864,44.215074]]]}},{"type":"Feature","properties":{"q":"5","ac":40.0},"geometry":{"type":"Polygon","coordinates":[[[-106.398943,44.236267],[-106.393926,44.236302],[-106.393909,44.232666],[-106.398921,44.232629],[-106.398943,44.236267]]]}},{"type":"Feature","properties":{"q":"18","ac":39.9},"geometry":{"type":"Polygon","coordinates":[[[-106.413873,44.228853],[-106.408881,44.228899],[-106.408857,44.225258],[-106.413847,44.225211],[-106.413873,44.228853]]]}},{"type":"Feature","properties":{"q":"13","ac":40.0},"geometry":{"type":"Polygon","coordinates":[[[-106.39376,44.214484],[-106.393721,44.210848],[-106.39873,44.2108],[-106.398767,44.214438],[-106.39376,44.214484]]]}},{"type":"Feature","properties":{"q":"13","ac":39.7},"geometry":{"type":"Polygon","coordinates":[[[-106.338891,44.215144],[-106.333906,44.215224],[-106.333884,44.211591],[-106.338863,44.211513],[-106.338891,44.215144]]]}},{"type":"Feature","properties":{"q":"NWSE","ac":39.8},"geometry":{"type":"Polygon","coordinates":[[[-106.368762,44.214742],[-106.368797,44.218372],[-106.363803,44.218433],[-106.363773,44.214802],[-106.368762,44.214742]]]}},{"type":"Feature","properties":{"q":"7","ac":39.8},"geometry":{"type":"Polygon","coordinates":[[[-106.328937,44.218938],[-106.328953,44.222571],[-106.323956,44.222653],[-106.323946,44.219018],[-106.328937,44.218938]]]}},{"type":"Feature","properties":{"q":"5","ac":39.8},"geometry":{"type":"Polygon","coordinates":[[[-106.39869,44.207162],[-106.403673,44.207112],[-106.403715,44.21075],[-106.39873,44.2108],[-106.39869,44.207162]]]}},{"type":"Feature","properties":{"q":"3","ac":39.6},"geometry":{"type":"Polygon","coordinates":[[[-106.313954,44.237342],[-106.313946,44.240978],[-106.308978,44.241041],[-106.308981,44.237404],[-106.313954,44.237342]]]}},{"type":"Feature","properties":{"q":"13","ac":39.8},"geometry":{"type":"Polygon","coordinates":[[[-106.313959,44.211888],[-106.318948,44.211826],[-106.318951,44.215462],[-106.313963,44.215524],[-106.313959,44.211888]]]}},{"type":"Feature","properties":{"q":"6","ac":39.8},"geometry":{"type":"Polygon","coordinates":[[[-106.403828,44.221667],[-106.408817,44.221619],[-106.408857,44.225258],[-106.403866,44.225305],[-106.403828,44.221667]]]}},{"type":"Feature","properties":{"q":"9","ac":39.7},"geometry":{"type":"Polygon","coordinates":[[[-106.304005,44.230194],[-106.304007,44.233831],[-106.29903,44.233893],[-106.299024,44.230256],[-106.304005,44.230194]]]}},{"type":"Feature","properties":{"q":"SENW","ac":40.0},"geometry":{"type":"Polygon","coordinates":[[[-106.388939,44.247242],[-106.393955,44.247211],[-106.393962,44.250847],[-106.388949,44.250876],[-106.388939,44.247242]]]}},{"type":"Feature","properties":{"q":"12","ac":39.8},"geometry":{"type":"Polygon","coordinates":[[[-106.338919,44.218776],[-106.333928,44.218857],[-106.333906,44.215224],[-106.338891,44.215144],[-106.338919,44.218776]]]}},{"type":"Feature","properties":{"q":"17","ac":39.7},"geometry":{"type":"Polygon","coordinates":[[[-106.373882,44.240097],[-106.378872,44.240039],[-106.378889,44.24367],[-106.373899,44.243728],[-106.373882,44.240097]]]}},{"type":"Feature","properties":{"q":"6","ac":39.8},"geometry":{"type":"Polygon","coordinates":[[[-106.408928,44.236176],[-106.408952,44.239811],[-106.403959,44.239858],[-106.403936,44.236221],[-106.408928,44.236176]]]}},{"type":"Feature","properties":{"q":"4","ac":39.9},"geometry":{"type":"Polygon","coordinates":[[[-106.33898,44.233304],[-106.338982,44.236936],[-106.333968,44.237022],[-106.333969,44.233389],[-106.33898,44.233304]]]}},{"type":"Feature","properties":{"q":"8","ac":39.5},"geometry":{"type":"Polygon","coordinates":[[[-106.319036,44.255426],[-106.314043,44.255497],[-106.314019,44.251887],[-106.319005,44.251824],[-106.319036,44.255426]]]}},{"type":"Feature","properties":{"q":"20","ac":40.0},"geometry":{"type":"Polygon","coordinates":[[[-106.318914,44.240916],[-106.323932,44.240829],[-106.323956,44.244464],[-106.318944,44.244552],[-106.318914,44.240916]]]}},{"type":"Feature","properties":{"q":"7","ac":40.0},"geometry":{"type":"Polygon","coordinates":[[[-106.368941,44.251047],[-106.373933,44.25099],[-106.37395,44.254635],[-106.368957,44.254708],[-106.368941,44.251047]]]}},{"type":"Feature","properties":{"q":"13","ac":39.9},"geometry":{"type":"Polygon","coordinates":[[[-106.323956,44.244464],[-106.32398,44.248099],[-106.318975,44.248188],[-106.318944,44.244552],[-106.323956,44.244464]]]}},{"type":"Feature","properties":{"q":"1","ac":39.8},"geometry":{"type":"Polygon","coordinates":[[[-106.303998,44.222922],[-106.304004,44.226558],[-106.299017,44.22662],[-106.299011,44.222984],[-106.303998,44.222922]]]}},{"type":"Feature","properties":{"q":"16","ac":39.9},"geometry":{"type":"Polygon","coordinates":[[[-106.378879,44.225514],[-106.383878,44.225473],[-106.383883,44.229107],[-106.378877,44.229145],[-106.378879,44.225514]]]}},{"type":"Feature","properties":{"q":"4","ac":39.8},"geometry":{"type":"Polygon","coordinates":[[[-106.313976,44.226433],[-106.313972,44.222797],[-106.318959,44.222734],[-106.318962,44.226371],[-106.313976,44.226433]]]}},{"type":"Feature","properties":{"q":"5","ac":39.8},"geometry":{"type":"Polygon","coordinates":[[[-106.398943,44.236267],[-106.403936,44.236221],[-106.403959,44.239858],[-106.398966,44.239905],[-106.398943,44.236267]]]}},{"type":"Feature","properties":{"q":"SWNW","ac":39.8},"geometry":{"type":"Polygon","coordinates":[[[-106.378785,44.218252],[-106.378832,44.221883],[-106.373832,44.221943],[-106.373791,44.218312],[-106.378785,44.218252]]]}},{"type":"Feature","properties":{"q":"6","ac":39.6},"geometry":{"type":"Polygon","coordinates":[[[-106.353836,44.218564],[-106.35386,44.222194],[-106.348889,44.222265],[-106.348863,44.218635],[-106.353836,44.218564]]]}},{"type":"Feature","properties":{"q":"4","ac":39.8},"geometry":{"type":"Polygon","coordinates":[[[-106.318955,44.208189],[-106.318948,44.211826],[-106.313959,44.211888],[-106.313963,44.208252],[-106.318955,44.208189]]]}}]}