{"type":"FeatureCollection","note":"BLM Public Land Survey System. Provided by the Bureau of Land Management as is. These data are neither legal documents nor land surveys and must not be used as such.","features":[{"type":"Feature","properties":{"q":"SESW","ac":40.7},"geometry":{"type":"Polygon","coordinates":[[[-106.819341,42.806599],[-106.824298,42.80656],[-106.824322,42.810227],[-106.819376,42.810253],[-106.819341,42.806599]]]}},{"type":"Feature","properties":{"q":"NWNW","ac":40.4},"geometry":{"type":"Polygon","coordinates":[[[-106.804773,42.832131],[-106.809724,42.832138],[-106.809746,42.835779],[-106.804796,42.835771],[-106.804773,42.832131]]]}},{"type":"Feature","properties":{"q":"NWSE","ac":39.8},"geometry":{"type":"Polygon","coordinates":[[[-106.814566,42.824861],[-106.819452,42.824865],[-106.819423,42.828503],[-106.814563,42.8285],[-106.814566,42.824861]]]}},{"type":"Feature","properties":{"q":"NENW","ac":38.6},"geometry":{"type":"Polygon","coordinates":[[[-106.838911,42.803682],[-106.843651,42.804076],[-106.843636,42.807681],[-106.838843,42.807293],[-106.838911,42.803682]]]}},{"type":"Feature","properties":{"q":"2","ac":37.2},"geometry":{"type":"Polygon","coordinates":[[[-106.848267,42.80446],[-106.843651,42.804076],[-106.843666,42.800472],[-106.848246,42.800864],[-106.848267,42.80446]]]}},{"type":"Feature","properties":{"q":"NESW","ac":40.3},"geometry":{"type":"Polygon","coordinates":[[[-106.779844,42.795762],[-106.784768,42.795708],[-106.784787,42.799354],[-106.779863,42.799408],[-106.779844,42.795762]]]}},{"type":"Feature","properties":{"q":"NWNW","ac":40.3},"geometry":{"type":"Polygon","coordinates":[[[-106.804499,42.80298],[-106.809397,42.803004],[-106.809426,42.806677],[-106.804525,42.806637],[-106.804499,42.80298]]]}},{"type":"Feature","properties":{"q":"NENE","ac":39.6},"geometry":{"type":"Polygon","coordinates":[[[-106.77485,42.788612],[-106.774902,42.79217],[-106.769978,42.792224],[-106.769975,42.78859],[-106.77485,42.788612]]]}},{"type":"Feature","properties":{"q":"SWNW","ac":40.5},"geometry":{"type":"Polygon","coordinates":[[[-106.824333,42.861537],[-106.824268,42.857836],[-106.829133,42.857864],[-106.829229,42.861564],[-106.824333,42.861537]]]}},{"type":"Feature","properties":{"q":"NWSE","ac":39.3},"geometry":{"type":"Polygon","coordinates":[[[-106.834078,42.814222],[-106.834063,42.810565],[-106.838859,42.810929],[-106.838876,42.814564],[-106.834078,42.814222]]]}},{"type":"Feature","properties":{"q":"NESE","ac":39.5},"geometry":{"type":"Polygon","coordinates":[[[-106.834078,42.814222],[-106.829279,42.81388],[-106.829267,42.8102],[-106.834063,42.810565],[-106.834078,42.814222]]]}},{"type":"Feature","properties":{"q":"2","ac":35.9},"geometry":{"type":"Polygon","coordinates":[[[-106.776792,42.778557],[-106.779449,42.778584],[-106.779528,42.781868],[-106.774665,42.781794],[-106.774549,42.778534],[-106.776792,42.778557]]]}},{"type":"Feature","properties":{"q":"SWSE","ac":40.3},"geometry":{"type":"Polygon","coordinates":[[[-106.794939,42.839385],[-106.794896,42.835755],[-106.799846,42.835763],[-106.799873,42.839396],[-106.794939,42.839385]]]}},{"type":"Feature","properties":{"q":"NESW","ac":40.3},"geometry":{"type":"Polygon","coordinates":[[[-106.76024,42.854089],[-106.765186,42.854087],[-106.765223,42.857723],[-106.76028,42.857714],[-106.76024,42.854089]]]}},{"type":"Feature","properties":{"q":"4","ac":36.2},"geometry":{"type":"Polygon","coordinates":[[[-106.809017,42.782195],[-106.804099,42.782154],[-106.804014,42.778874],[-106.806239,42.778899],[-106.808941,42.778929],[-106.809017,42.782195]]]}},{"type":"Feature","properties":{"q":"NWSW","ac":40.2},"geometry":{"type":"Polygon","coordinates":[[[-106.804574,42.810283],[-106.809492,42.810305],[-106.809558,42.813933],[-106.804622,42.81393],[-106.804574,42.810283]]]}},{"type":"Feature","properties":{"q":"NESW","ac":40.6},"geometry":{"type":"Polygon","coordinates":[[[-106.824322,42.810227],[-106.824345,42.813893],[-106.819411,42.813907],[-106.819376,42.810253],[-106.824322,42.810227]]]}},{"type":"Feature","properties":{"q":"NWSE","ac":40.3},"geometry":{"type":"Polygon","coordinates":[[[-106.774919,42.795816],[-106.779844,42.795762],[-106.779863,42.799408],[-106.774936,42.799462],[-106.774919,42.795816]]]}},{"type":"Feature","properties":{"q":"NWNE","ac":35.9},"geometry":{"type":"Polygon","coordinates":[[[-106.83417,42.791882],[-106.834079,42.788507],[-106.838928,42.788762],[-106.839134,42.791909],[-106.83417,42.791882]]]}},{"type":"Feature","properties":{"q":"SESW","ac":40.3},"geometry":{"type":"Polygon","coordinates":[[[-106.784749,42.792062],[-106.784768,42.795708],[-106.779844,42.795762],[-106.779825,42.792116],[-106.784749,42.792062]]]}},{"type":"Feature","properties":{"q":"SENW","ac":40.7},"geometry":{"type":"Polygon","coordinates":[[[-106.824307,42.799263],[-106.824303,42.802911],[-106.819339,42.802942],[-106.819338,42.799285],[-106.824307,42.799263]]]}},{"type":"Feature","properties":{"q":"SWSE","ac":40.3},"geometry":{"type":"Polygon","coordinates":[[[-106.755306,42.821248],[-106.760232,42.821286],[-106.76022,42.824928],[-106.755295,42.824901],[-106.755306,42.821248]]]}},{"type":"Feature","properties":{"q":"2","ac":38.1},"geometry":{"type":"Polygon","coordinates":[[[-106.814189,42.78861],[-106.819164,42.788499],[-106.819335,42.791935],[-106.814324,42.79196],[-106.814189,42.78861]]]}},{"type":"Feature","properties":{"q":"SWSE","ac":40.3},"geometry":{"type":"Polygon","coordinates":[[[-106.774902,42.79217],[-106.779825,42.792116],[-106.779844,42.795762],[-106.774919,42.795816],[-106.774902,42.79217]]]}},{"type":"Feature","properties":{"q":"NESE","ac":40.3},"geometry":{"type":"Polygon","coordinates":[[[-106.809492,42.810305],[-106.814434,42.810279],[-106.814484,42.81392],[-106.809558,42.813933],[-106.809492,42.810305]]]}},{"type":"Feature","properties":{"q":"NWNE","ac":40.4},"geometry":{"type":"Polygon","coordinates":[[[-106.755169,42.803135],[-106.760121,42.803133],[-106.760134,42.806759],[-106.755173,42.806769],[-106.755169,42.803135]]]}},{"type":"Feature","properties":{"q":"NESE","ac":40.3},"geometry":{"type":"Polygon","coordinates":[[[-106.809694,42.854044],[-106.814531,42.854074],[-106.814534,42.857779],[-106.809666,42.85775],[-106.809694,42.854044]]]}},{"type":"Feature","properties":{"q":"SESW","ac":39.4},"geometry":{"type":"Polygon","coordinates":[[[-106.83888,42.836315],[-106.843761,42.836549],[-106.843766,42.840133],[-106.838874,42.839923],[-106.83888,42.836315]]]}},{"type":"Feature","properties":{"q":"4","ac":36.9},"geometry":{"type":"Polygon","coordinates":[[[-106.814189,42.78861],[-106.809214,42.788721],[-106.809116,42.785458],[-106.814054,42.78526],[-106.814189,42.78861]]]}},{"type":"Feature","properties":{"q":"NWNE","ac":40.0},"geometry":{"type":"Polygon","coordinates":[[[-106.760208,42.817666],[-106.760232,42.821286],[-106.755306,42.821248],[-106.755263,42.81764],[-106.760208,42.817666]]]}},{"type":"Feature","properties":{"q":"SWSE","ac":41.3},"geometry":{"type":"Polygon","coordinates":[[[-106.814324,42.79196],[-106.819335,42.791935],[-106.819336,42.79561],[-106.814339,42.795634],[-106.814324,42.79196]]]}},{"type":"Feature","properties":{"q":"NWSE","ac":40.1},"geometry":{"type":"Polygon","coordinates":[[[-106.794939,42.839385],[-106.799873,42.839396],[-106.799899,42.84303],[-106.794982,42.843015],[-106.794939,42.839385]]]}},{"type":"Feature","properties":{"q":"NWNW","ac":39.9},"geometry":{"type":"Polygon","coordinates":[[[-106.829229,42.788253],[-106.829207,42.791856],[-106.824271,42.791895],[-106.824197,42.788376],[-106.829229,42.788253]]]}},{"type":"Feature","properties":{"q":"SESE","ac":39.8},"geometry":{"type":"Polygon","coordinates":[[[-106.750345,42.835862],[-106.755264,42.835884],[-106.755263,42.839484],[-106.75034,42.839472],[-106.750345,42.835862]]]}},{"type":"Feature","properties":{"q":"NESE","ac":40.4},"geometry":{"type":"Polygon","coordinates":[[[-106.730377,42.796234],[-106.735376,42.796105],[-106.735385,42.799736],[-106.730411,42.799817],[-106.730377,42.796234]]]}},{"type":"Feature","properties":{"q":"NWSW","ac":40.3},"geometry":{"type":"Polygon","coordinates":[[[-106.745284,42.795916],[-106.750192,42.795855],[-106.750223,42.799495],[-106.745291,42.799575],[-106.745284,42.795916]]]}},{"type":"Feature","properties":{"q":"SESW","ac":40.7},"geometry":{"type":"Polygon","coordinates":[[[-106.745271,42.80676],[-106.745298,42.81041],[-106.740361,42.810423],[-106.740329,42.806742],[-106.745271,42.80676]]]}},{"type":"Feature","properties":{"q":"NENE","ac":40.3},"geometry":{"type":"Polygon","coordinates":[[[-106.755121,42.792205],[-106.750162,42.792215],[-106.750173,42.788574],[-106.755093,42.788572],[-106.755121,42.792205]]]}},{"type":"Feature","properties":{"q":"NESE","ac":40.2},"geometry":{"type":"Polygon","coordinates":[[[-106.730496,42.810587],[-106.735428,42.810505],[-106.735453,42.814148],[-106.730514,42.814191],[-106.730496,42.810587]]]}},{"type":"Feature","properties":{"q":"SWSE","ac":40.0},"geometry":{"type":"Polygon","coordinates":[[[-106.735524,42.83583],[-106.740465,42.835841],[-106.740483,42.839448],[-106.735533,42.839436],[-106.735524,42.83583]]]}},{"type":"Feature","properties":{"q":"NWSW","ac":40.7},"geometry":{"type":"Polygon","coordinates":[[[-106.829279,42.81388],[-106.824345,42.813893],[-106.824322,42.810227],[-106.829267,42.8102],[-106.829279,42.81388]]]}},{"type":"Feature","properties":{"q":"SESE","ac":36.6},"geometry":{"type":"Polygon","coordinates":[[[-106.78936,42.782023],[-106.789274,42.778693],[-106.791491,42.778722],[-106.79418,42.778757],[-106.794271,42.782068],[-106.78936,42.782023]]]}},{"type":"Feature","properties":{"q":"NWSW","ac":40.7},"geometry":{"type":"Polygon","coordinates":[[[-106.804763,42.857729],[-106.8048,42.854023],[-106.809694,42.854044],[-106.809666,42.85775],[-106.804763,42.857729]]]}},{"type":"Feature","properties":{"q":"SWNW","ac":40.6},"geometry":{"type":"Polygon","coordinates":[[[-106.829251,42.78465],[-106.829229,42.788253],[-106.824197,42.788376],[-106.824122,42.784856],[-106.829251,42.78465]]]}},{"type":"Feature","properties":{"q":"SESE","ac":39.5},"geometry":{"type":"Polygon","coordinates":[[[-106.829256,42.806521],[-106.834049,42.806907],[-106.834063,42.810565],[-106.829267,42.8102],[-106.829256,42.806521]]]}},{"type":"Feature","properties":{"q":"SWSW","ac":40.4},"geometry":{"type":"Polygon","coordinates":[[[-106.765074,42.806775],[-106.770013,42.806791],[-106.770031,42.810433],[-106.765095,42.810418],[-106.765074,42.806775]]]}},{"type":"Feature","properties":{"q":"SWNE","ac":40.1},"geometry":{"type":"Polygon","coordinates":[[[-106.814563,42.8285],[-106.819423,42.828503],[-106.819393,42.8322],[-106.814558,42.832169],[-106.814563,42.8285]]]}},{"type":"Feature","properties":{"q":"SWSW","ac":40.2},"geometry":{"type":"Polygon","coordinates":[[[-106.784897,42.821242],[-106.789835,42.821203],[-106.789858,42.824835],[-106.784924,42.824872],[-106.784897,42.821242]]]}},{"type":"Feature","properties":{"q":"NWSW","ac":40.4},"geometry":{"type":"Polygon","coordinates":[[[-106.770031,42.810433],[-106.770049,42.814076],[-106.765116,42.814061],[-106.765095,42.810418],[-106.770031,42.810433]]]}},{"type":"Feature","properties":{"q":"SESW","ac":40.3},"geometry":{"type":"Polygon","coordinates":[[[-106.785012,42.835758],[-106.78505,42.83939],[-106.780095,42.839407],[-106.780077,42.83577],[-106.785012,42.835758]]]}},{"type":"Feature","properties":{"q":"SWNW","ac":40.1},"geometry":{"type":"Polygon","coordinates":[[[-106.809728,42.846699],[-106.804827,42.846681],[-106.804816,42.843044],[-106.809734,42.843059],[-106.809728,42.846699]]]}},{"type":"Feature","properties":{"q":"NWNW","ac":40.2},"geometry":{"type":"Polygon","coordinates":[[[-106.784981,42.83213],[-106.789914,42.832107],[-106.789946,42.835747],[-106.785012,42.835758],[-106.784981,42.83213]]]}},{"type":"Feature","properties":{"q":"SWSW","ac":40.4},"geometry":{"type":"Polygon","coordinates":[[[-106.765148,42.850451],[-106.770095,42.850438],[-106.770131,42.854085],[-106.765186,42.854087],[-106.765148,42.850451]]]}},{"type":"Feature","properties":{"q":"1","ac":37.1},"geometry":{"type":"Polygon","coordinates":[[[-106.814189,42.78861],[-106.814324,42.79196],[-106.809313,42.791984],[-106.809214,42.788721],[-106.814189,42.78861]]]}},{"type":"Feature","properties":{"q":"1","ac":36.4},"geometry":{"type":"Polygon","coordinates":[[[-106.84827,42.833182],[-106.848272,42.836766],[-106.843761,42.836549],[-106.843749,42.832944],[-106.84827,42.833182]]]}},{"type":"Feature","properties":{"q":"SWSE","ac":39.7},"geometry":{"type":"Polygon","coordinates":[[[-106.83888,42.836315],[-106.838874,42.839923],[-106.833974,42.839714],[-106.833999,42.836084],[-106.83888,42.836315]]]}},{"type":"Feature","properties":{"q":"9","ac":30.6},"geometry":{"type":"Polygon","coordinates":[[[-106.833987,42.785133],[-106.829251,42.78465],[-106.828859,42.781883],[-106.833687,42.782148],[-106.833987,42.785133]]]}},{"type":"Feature","properties":{"q":"NESW","ac":40.2},"geometry":{"type":"Polygon","coordinates":[[[-106.799873,42.839396],[-106.804806,42.839408],[-106.804816,42.843044],[-106.799899,42.84303],[-106.799873,42.839396]]]}},{"type":"Feature","properties":{"q":"SENE","ac":39.2},"geometry":{"type":"Polygon","coordinates":[[[-106.769975,42.78859],[-106.769971,42.784957],[-106.774797,42.785055],[-106.77485,42.788612],[-106.769975,42.78859]]]}},{"type":"Feature","properties":{"q":"NENE","ac":40.3},"geometry":{"type":"Polygon","coordinates":[[[-106.794675,42.802953],[-106.794706,42.806598],[-106.789787,42.806599],[-106.78975,42.802949],[-106.794675,42.802953]]]}},{"type":"Feature","properties":{"q":"SWNW","ac":41.1},"geometry":{"type":"Polygon","coordinates":[[[-106.785062,42.857682],[-106.790027,42.857665],[-106.789969,42.861374],[-106.78502,42.861371],[-106.785062,42.857682]]]}},{"type":"Feature","properties":{"q":"SWNE","ac":40.6},"geometry":{"type":"Polygon","coordinates":[[[-106.819402,42.857807],[-106.819436,42.86151],[-106.814538,42.861483],[-106.814534,42.857779],[-106.819402,42.857807]]]}},{"type":"Feature","properties":{"q":"4","ac":41.6},"geometry":{"type":"Polygon","coordinates":[[[-106.804727,42.861436],[-106.80964,42.861455],[-106.809614,42.865228],[-106.804691,42.865203],[-106.804727,42.861436]]]}},{"type":"Feature","properties":{"q":"SENE","ac":36.7},"geometry":{"type":"Polygon","coordinates":[[[-106.789464,42.785351],[-106.79438,42.785378],[-106.79449,42.788692],[-106.789568,42.78868],[-106.789464,42.785351]]]}},{"type":"Feature","properties":{"q":"SWSW","ac":39.8},"geometry":{"type":"Polygon","coordinates":[[[-106.82424,42.835875],[-106.829117,42.835853],[-106.829074,42.839505],[-106.824215,42.839504],[-106.82424,42.835875]]]}},{"type":"Feature","properties":{"q":"NWSE","ac":40.5},"geometry":{"type":"Polygon","coordinates":[[[-106.838999,42.858052],[-106.834066,42.857958],[-106.833983,42.854287],[-106.838927,42.85441],[-106.838999,42.858052]]]}},{"type":"Feature","properties":{"q":"NENE","ac":39.2},"geometry":{"type":"Polygon","coordinates":[[[-106.834088,42.803281],[-106.834049,42.806907],[-106.829256,42.806521],[-106.829266,42.80288],[-106.834088,42.803281]]]}},{"type":"Feature","properties":{"q":"NESW","ac":40.4},"geometry":{"type":"Polygon","coordinates":[[[-106.799656,42.810262],[-106.804574,42.810283],[-106.804622,42.81393],[-106.799686,42.813926],[-106.799656,42.810262]]]}},{"type":"Feature","properties":{"q":"SWSE","ac":40.9},"geometry":{"type":"Polygon","coordinates":[[[-106.775064,42.835808],[-106.780077,42.83577],[-106.780095,42.839407],[-106.775065,42.839437],[-106.775064,42.835808]]]}},{"type":"Feature","properties":{"q":"NWNW","ac":40.3},"geometry":{"type":"Polygon","coordinates":[[[-106.770012,42.803154],[-106.770013,42.806791],[-106.765074,42.806775],[-106.765066,42.803143],[-106.770012,42.803154]]]}},{"type":"Feature","properties":{"q":"SESE","ac":40.2},"geometry":{"type":"Polygon","coordinates":[[[-106.770085,42.821361],[-106.775023,42.821322],[-106.775033,42.824946],[-106.770077,42.824982],[-106.770085,42.821361]]]}},{"type":"Feature","properties":{"q":"SENE","ac":40.5},"geometry":{"type":"Polygon","coordinates":[[[-106.730583,42.843029],[-106.735542,42.843043],[-106.735551,42.846686],[-106.730584,42.846651],[-106.730583,42.843029]]]}},{"type":"Feature","properties":{"q":"NENE","ac":40.5},"geometry":{"type":"Polygon","coordinates":[[[-106.735551,42.846686],[-106.735561,42.850329],[-106.730585,42.850272],[-106.730584,42.846651],[-106.735551,42.846686]]]}},{"type":"Feature","properties":{"q":"NWNE","ac":39.4},"geometry":{"type":"Polygon","coordinates":[[[-106.735394,42.8033],[-106.740344,42.803199],[-106.740329,42.806742],[-106.735404,42.806863],[-106.735394,42.8033]]]}},{"type":"Feature","properties":{"q":"1","ac":41.5},"geometry":{"type":"Polygon","coordinates":[[[-106.789969,42.861374],[-106.794892,42.861395],[-106.794839,42.865152],[-106.78991,42.865125],[-106.789969,42.861374]]]}},{"type":"Feature","properties":{"q":"SESE","ac":40.5},"geometry":{"type":"Polygon","coordinates":[[[-106.770013,42.806791],[-106.774957,42.806743],[-106.774973,42.81039],[-106.770031,42.810433],[-106.770013,42.806791]]]}},{"type":"Feature","properties":{"q":"NESW","ac":41.5},"geometry":{"type":"Polygon","coordinates":[[[-106.843688,42.796635],[-106.843666,42.800472],[-106.838979,42.800071],[-106.839056,42.79599],[-106.843688,42.796635]]]}},{"type":"Feature","properties":{"q":"NWNE","ac":40.5},"geometry":{"type":"Polygon","coordinates":[[[-106.794762,42.817564],[-106.799717,42.817568],[-106.799747,42.82121],[-106.794791,42.821206],[-106.794762,42.817564]]]}},{"type":"Feature","properties":{"q":"NESW","ac":40.2},"geometry":{"type":"Polygon","coordinates":[[[-106.799552,42.79566],[-106.804447,42.795659],[-106.804473,42.799323],[-106.799577,42.799315],[-106.799552,42.79566]]]}},{"type":"Feature","properties":{"q":"SENE","ac":39.8},"geometry":{"type":"Polygon","coordinates":[[[-106.834071,42.828784],[-106.834035,42.832434],[-106.829182,42.83218],[-106.829248,42.828507],[-106.834071,42.828784]]]}},{"type":"Feature","properties":{"q":"SESE","ac":40.5},"geometry":{"type":"Polygon","coordinates":[[[-106.794706,42.806598],[-106.79472,42.81026],[-106.789784,42.810259],[-106.789787,42.806599],[-106.794706,42.806598]]]}},{"type":"Feature","properties":{"q":"SESW","ac":40.2},"geometry":{"type":"Polygon","coordinates":[[[-106.760232,42.821286],[-106.765159,42.821324],[-106.765148,42.824955],[-106.76022,42.824928],[-106.760232,42.821286]]]}},{"type":"Feature","properties":{"q":"SESE","ac":40.8},"geometry":{"type":"Polygon","coordinates":[[[-106.770051,42.835845],[-106.775064,42.835808],[-106.775065,42.839437],[-106.770036,42.839466],[-106.770051,42.835845]]]}},{"type":"Feature","properties":{"q":"SWNE","ac":40.5},"geometry":{"type":"Polygon","coordinates":[[[-106.760207,42.82857],[-106.760195,42.832238],[-106.755274,42.832219],[-106.755285,42.828553],[-106.760207,42.82857]]]}},{"type":"Feature","properties":{"q":"NWSE","ac":36.2},"geometry":{"type":"Polygon","coordinates":[[[-106.759885,42.781659],[-106.759946,42.784945],[-106.755065,42.784939],[-106.754993,42.781628],[-106.759885,42.781659]]]}},{"type":"Feature","properties":{"q":"SWSW","ac":40.1},"geometry":{"type":"Polygon","coordinates":[[[-106.765159,42.821324],[-106.770085,42.821361],[-106.770077,42.824982],[-106.765148,42.824955],[-106.765159,42.821324]]]}},{"type":"Feature","properties":{"q":"NWSE","ac":40.5},"geometry":{"type":"Polygon","coordinates":[[[-106.779915,42.810346],[-106.77993,42.813998],[-106.77499,42.814037],[-106.774973,42.81039],[-106.779915,42.810346]]]}},{"type":"Feature","properties":{"q":"SWNW","ac":40.8},"geometry":{"type":"Polygon","coordinates":[[[-106.80964,42.861455],[-106.804727,42.861436],[-106.804763,42.857729],[-106.809666,42.85775],[-106.80964,42.861455]]]}},{"type":"Feature","properties":{"q":"NWSE","ac":40.4},"geometry":{"type":"Polygon","coordinates":[[[-106.779989,42.824909],[-106.780019,42.828535],[-106.775043,42.828569],[-106.775033,42.824946],[-106.779989,42.824909]]]}},{"type":"Feature","properties":{"q":"SWNE","ac":39.9},"geometry":{"type":"Polygon","coordinates":[[[-106.759946,42.784945],[-106.760013,42.788571],[-106.755093,42.788572],[-106.755065,42.784939],[-106.759946,42.784945]]]}},{"type":"Feature","properties":{"q":"SWSW","ac":40.3},"geometry":{"type":"Polygon","coordinates":[[[-106.789672,42.792008],[-106.789692,42.795654],[-106.784768,42.795708],[-106.784749,42.792062],[-106.789672,42.792008]]]}},{"type":"Feature","properties":{"q":"SWSE","ac":40.4},"geometry":{"type":"Polygon","coordinates":[[[-106.794791,42.821206],[-106.799747,42.82121],[-106.799772,42.824846],[-106.794815,42.82484],[-106.794791,42.821206]]]}},{"type":"Feature","properties":{"q":"SENE","ac":40.0},"geometry":{"type":"Polygon","coordinates":[[[-106.790065,42.843],[-106.794982,42.843015],[-106.795025,42.846645],[-106.790124,42.846627],[-106.790065,42.843]]]}},{"type":"Feature","properties":{"q":"SESE","ac":40.2},"geometry":{"type":"Polygon","coordinates":[[[-106.794939,42.839385],[-106.790005,42.839373],[-106.789946,42.835747],[-106.794896,42.835755],[-106.794939,42.839385]]]}},{"type":"Feature","properties":{"q":"NENE","ac":40.2},"geometry":{"type":"Polygon","coordinates":[[[-106.814527,42.817571],[-106.81457,42.821222],[-106.809659,42.821217],[-106.809609,42.817575],[-106.814527,42.817571]]]}},{"type":"Feature","properties":{"q":"SWNE","ac":40.1},"geometry":{"type":"Polygon","coordinates":[[[-106.83395,42.843344],[-106.838867,42.843531],[-106.838861,42.847149],[-106.833925,42.84698],[-106.83395,42.843344]]]}},{"type":"Feature","properties":{"q":"SESW","ac":39.8},"geometry":{"type":"Polygon","coordinates":[[[-106.765116,42.835875],[-106.765111,42.839481],[-106.760187,42.839495],[-106.760182,42.835905],[-106.765116,42.835875]]]}},{"type":"Feature","properties":{"q":"NESW","ac":40.4},"geometry":{"type":"Polygon","coordinates":[[[-106.799772,42.824846],[-106.804726,42.824852],[-106.80475,42.82849],[-106.799796,42.828483],[-106.799772,42.824846]]]}},{"type":"Feature","properties":{"q":"NESE","ac":35.3},"geometry":{"type":"Polygon","coordinates":[[[-106.774797,42.785055],[-106.769971,42.784957],[-106.769802,42.78172],[-106.774665,42.781794],[-106.774797,42.785055]]]}},{"type":"Feature","properties":{"q":"SENW","ac":38.0},"geometry":{"type":"Polygon","coordinates":[[[-106.779623,42.785152],[-106.784543,42.785252],[-106.784646,42.788657],[-106.779724,42.788634],[-106.779623,42.785152]]]}},{"type":"Feature","properties":{"q":"NWSE","ac":41.1},"geometry":{"type":"Polygon","coordinates":[[[-106.775065,42.839437],[-106.780095,42.839407],[-106.780113,42.843044],[-106.775067,42.843066],[-106.775065,42.839437]]]}},{"type":"Feature","properties":{"q":"2","ac":41.5},"geometry":{"type":"Polygon","coordinates":[[[-106.794892,42.861395],[-106.799814,42.861416],[-106.799767,42.865178],[-106.794839,42.865152],[-106.794892,42.861395]]]}},{"type":"Feature","properties":{"q":"NWSE","ac":40.4},"geometry":{"type":"Polygon","coordinates":[[[-106.799552,42.79566],[-106.799577,42.799315],[-106.794644,42.799307],[-106.794622,42.795657],[-106.799552,42.79566]]]}},{"type":"Feature","properties":{"q":"NESW","ac":40.6},"geometry":{"type":"Polygon","coordinates":[[[-106.740361,42.810423],[-106.745298,42.81041],[-106.745325,42.81406],[-106.740392,42.814104],[-106.740361,42.810423]]]}},{"type":"Feature","properties":{"q":"SWSE","ac":40.1},"geometry":{"type":"Polygon","coordinates":[[[-106.814531,42.854074],[-106.814528,42.85037],[-106.819334,42.850401],[-106.819368,42.854104],[-106.814531,42.854074]]]}},{"type":"Feature","properties":{"q":"NWNE","ac":39.9},"geometry":{"type":"Polygon","coordinates":[[[-106.814558,42.832169],[-106.819393,42.8322],[-106.819363,42.835897],[-106.814554,42.835838],[-106.814558,42.832169]]]}},{"type":"Feature","properties":{"q":"SESW","ac":40.1},"geometry":{"type":"Polygon","coordinates":[[[-106.819481,42.821227],[-106.824392,42.821233],[-106.824364,42.824869],[-106.819452,42.824865],[-106.819481,42.821227]]]}},{"type":"Feature","properties":{"q":"SESW","ac":38.9},"geometry":{"type":"Polygon","coordinates":[[[-106.843636,42.807681],[-106.84364,42.811292],[-106.838859,42.810929],[-106.838843,42.807293],[-106.843636,42.807681]]]}},{"type":"Feature","properties":{"q":"NESW","ac":36.7},"geometry":{"type":"Polygon","coordinates":[[[-106.764844,42.78169],[-106.764959,42.784951],[-106.759946,42.784945],[-106.759885,42.781659],[-106.764844,42.78169]]]}},{"type":"Feature","properties":{"q":"SWSW","ac":40.8},"geometry":{"type":"Polygon","coordinates":[[[-106.829267,42.8102],[-106.824322,42.810227],[-106.824298,42.80656],[-106.829256,42.806521],[-106.829267,42.8102]]]}},{"type":"Feature","properties":{"q":"3","ac":36.1},"geometry":{"type":"Polygon","coordinates":[[[-106.804099,42.782154],[-106.809017,42.782195],[-106.809116,42.785458],[-106.804206,42.785431],[-106.804099,42.782154]]]}},{"type":"Feature","properties":{"q":"SESE","ac":40.0},"geometry":{"type":"Polygon","coordinates":[[[-106.809659,42.821217],[-106.81457,42.821222],[-106.814566,42.824861],[-106.809681,42.824857],[-106.809659,42.821217]]]}},{"type":"Feature","properties":{"q":"NESW","ac":40.2},"geometry":{"type":"Polygon","coordinates":[[[-106.843869,42.854533],[-106.84393,42.858146],[-106.838999,42.858052],[-106.838927,42.85441],[-106.843869,42.854533]]]}},{"type":"Feature","properties":{"q":"NWSE","ac":40.5},"geometry":{"type":"Polygon","coordinates":[[[-106.760159,42.810403],[-106.760183,42.814047],[-106.755221,42.814032],[-106.755197,42.8104],[-106.760159,42.810403]]]}},{"type":"Feature","properties":{"q":"NENE","ac":39.3},"geometry":{"type":"Polygon","coordinates":[[[-106.814535,42.846727],[-106.814528,42.85037],[-106.809722,42.850339],[-106.809728,42.846699],[-106.814535,42.846727]]]}},{"type":"Feature","properties":{"q":"SWNW","ac":40.4},"geometry":{"type":"Polygon","coordinates":[[[-106.804622,42.81393],[-106.809558,42.813933],[-106.809609,42.817575],[-106.804663,42.817571],[-106.804622,42.81393]]]}},{"type":"Feature","properties":{"q":"SWNE","ac":36.5},"geometry":{"type":"Polygon","coordinates":[[[-106.79438,42.785378],[-106.799297,42.785405],[-106.799412,42.788705],[-106.79449,42.788692],[-106.79438,42.785378]]]}},{"type":"Feature","properties":{"q":"3","ac":37.8},"geometry":{"type":"Polygon","coordinates":[[[-106.818993,42.785062],[-106.819164,42.788499],[-106.814189,42.78861],[-106.814054,42.78526],[-106.818993,42.785062]]]}},{"type":"Feature","properties":{"q":"NWSW","ac":36.6},"geometry":{"type":"Polygon","coordinates":[[[-106.784444,42.781946],[-106.78936,42.782023],[-106.789464,42.785351],[-106.784543,42.785252],[-106.784444,42.781946]]]}},{"type":"Feature","properties":{"q":"SWNE","ac":40.7},"geometry":{"type":"Polygon","coordinates":[[[-106.775127,42.861364],[-106.775132,42.857715],[-106.780097,42.857699],[-106.780071,42.861367],[-106.775127,42.861364]]]}},{"type":"Feature","properties":{"q":"SWSW","ac":40.4},"geometry":{"type":"Polygon","coordinates":[[[-106.809746,42.835779],[-106.80974,42.839419],[-106.804806,42.839408],[-106.804796,42.835771],[-106.809746,42.835779]]]}},{"type":"Feature","properties":{"q":"NWSE","ac":39.1},"geometry":{"type":"Polygon","coordinates":[[[-106.838895,42.82906],[-106.834071,42.828784],[-106.834089,42.825161],[-106.838902,42.825449],[-106.838895,42.82906]]]}},{"type":"Feature","properties":{"q":"SENW","ac":40.7},"geometry":{"type":"Polygon","coordinates":[[[-106.759946,42.784945],[-106.764959,42.784951],[-106.764994,42.788581],[-106.760013,42.788571],[-106.759946,42.784945]]]}},{"type":"Feature","properties":{"q":"2","ac":37.0},"geometry":{"type":"Polygon","coordinates":[[[-106.843679,42.818521],[-106.843644,42.814904],[-106.848216,42.815229],[-106.848238,42.818827],[-106.843679,42.818521]]]}},{"type":"Feature","properties":{"q":"SWNW","ac":40.4},"geometry":{"type":"Polygon","coordinates":[[[-106.784787,42.799354],[-106.789712,42.799299],[-106.78975,42.802949],[-106.784815,42.803],[-106.784787,42.799354]]]}},{"type":"Feature","properties":{"q":"1","ac":36.9},"geometry":{"type":"Polygon","coordinates":[[[-106.843713,42.822139],[-106.843679,42.818521],[-106.848238,42.818827],[-106.848261,42.822424],[-106.843713,42.822139]]]}},{"type":"Feature","properties":{"q":"NWSW","ac":41.3},"geometry":{"type":"Polygon","coordinates":[[[-106.790105,42.853959],[-106.790027,42.857665],[-106.785062,42.857682],[-106.785114,42.85399],[-106.790105,42.853959]]]}},{"type":"Feature","properties":{"q":"3","ac":35.6},"geometry":{"type":"Polygon","coordinates":[[[-106.769648,42.778484],[-106.771868,42.778506],[-106.774549,42.778534],[-106.774665,42.781794],[-106.769802,42.78172],[-106.769648,42.778484]]]}},{"type":"Feature","properties":{"q":"NESE","ac":36.6},"geometry":{"type":"Polygon","coordinates":[[[-106.789464,42.785351],[-106.78936,42.782023],[-106.794271,42.782068],[-106.79438,42.785378],[-106.789464,42.785351]]]}},{"type":"Feature","properties":{"q":"SENE","ac":40.5},"geometry":{"type":"Polygon","coordinates":[[[-106.770068,42.828603],[-106.775043,42.828569],[-106.775054,42.832189],[-106.770059,42.832224],[-106.770068,42.828603]]]}},{"type":"Feature","properties":{"q":"NWNW","ac":40.2},"geometry":{"type":"Polygon","coordinates":[[[-106.765138,42.817693],[-106.770067,42.817719],[-106.770085,42.821361],[-106.765159,42.821324],[-106.765138,42.817693]]]}},{"type":"Feature","properties":{"q":"SWNW","ac":40.3},"geometry":{"type":"Polygon","coordinates":[[[-106.789781,42.813919],[-106.789808,42.817561],[-106.784876,42.8176],[-106.784855,42.813958],[-106.789781,42.813919]]]}},{"type":"Feature","properties":{"q":"NESE","ac":40.4},"geometry":{"type":"Polygon","coordinates":[[[-106.794622,42.795657],[-106.794644,42.799307],[-106.789712,42.799299],[-106.789692,42.795654],[-106.794622,42.795657]]]}},{"type":"Feature","properties":{"q":"NESE","ac":40.6},"geometry":{"type":"Polygon","coordinates":[[[-106.789784,42.810259],[-106.79472,42.81026],[-106.794733,42.813923],[-106.789781,42.813919],[-106.789784,42.810259]]]}},{"type":"Feature","properties":{"q":"2","ac":40.8},"geometry":{"type":"Polygon","coordinates":[[[-106.775127,42.861364],[-106.780071,42.861367],[-106.780045,42.865066],[-106.775121,42.865036],[-106.775127,42.861364]]]}},{"type":"Feature","properties":{"q":"NESW","ac":40.2},"geometry":{"type":"Polygon","coordinates":[[[-106.760207,42.82857],[-106.76022,42.824928],[-106.765148,42.824955],[-106.765138,42.828587],[-106.760207,42.82857]]]}},{"type":"Feature","properties":{"q":"SENE","ac":39.3},"geometry":{"type":"Polygon","coordinates":[[[-106.809734,42.843059],[-106.814541,42.843084],[-106.814535,42.846727],[-106.809728,42.846699],[-106.809734,42.843059]]]}},{"type":"Feature","properties":{"q":"SWNW","ac":40.2},"geometry":{"type":"Polygon","coordinates":[[[-106.765138,42.828587],[-106.770068,42.828603],[-106.770059,42.832224],[-106.765127,42.832231],[-106.765138,42.828587]]]}},{"type":"Feature","properties":{"q":"SENW","ac":40.3},"geometry":{"type":"Polygon","coordinates":[[[-106.779863,42.799408],[-106.784787,42.799354],[-106.784815,42.803],[-106.779881,42.803051],[-106.779863,42.799408]]]}},{"type":"Feature","properties":{"q":"SESE","ac":40.9},"geometry":{"type":"Polygon","coordinates":[[[-106.833901,42.850615],[-106.833983,42.854287],[-106.82904,42.854163],[-106.828947,42.850462],[-106.833901,42.850615]]]}},{"type":"Feature","properties":{"q":"NWSW","ac":36.4},"geometry":{"type":"Polygon","coordinates":[[[-106.764844,42.78169],[-106.769802,42.78172],[-106.769971,42.784957],[-106.764959,42.784951],[-106.764844,42.78169]]]}},{"type":"Feature","properties":{"q":"NENW","ac":38.1},"geometry":{"type":"Polygon","coordinates":[[[-106.779825,42.792116],[-106.779724,42.788634],[-106.784646,42.788657],[-106.784749,42.792062],[-106.779825,42.792116]]]}},{"type":"Feature","properties":{"q":"NESE","ac":41.0},"geometry":{"type":"Polygon","coordinates":[[[-106.775065,42.839437],[-106.775067,42.843066],[-106.770021,42.843087],[-106.770036,42.839466],[-106.775065,42.839437]]]}},{"type":"Feature","properties":{"q":"SENW","ac":38.2},"geometry":{"type":"Polygon","coordinates":[[[-106.843666,42.800472],[-106.843651,42.804076],[-106.838911,42.803682],[-106.838979,42.800071],[-106.843666,42.800472]]]}},{"type":"Feature","properties":{"q":"SWNW","ac":39.6},"geometry":{"type":"Polygon","coordinates":[[[-106.824165,42.846782],[-106.82419,42.843133],[-106.829032,42.843158],[-106.828989,42.84681],[-106.824165,42.846782]]]}},{"type":"Feature","properties":{"q":"NESW","ac":40.5},"geometry":{"type":"Polygon","coordinates":[[[-106.780113,42.843044],[-106.780095,42.839407],[-106.78505,42.83939],[-106.785089,42.843022],[-106.780113,42.843044]]]}},{"type":"Feature","properties":{"q":"NENW","ac":40.5},"geometry":{"type":"Polygon","coordinates":[[[-106.819393,42.8322],[-106.824288,42.83219],[-106.82424,42.835875],[-106.819363,42.835897],[-106.819393,42.8322]]]}},{"type":"Feature","properties":{"q":"NWNW","ac":40.6},"geometry":{"type":"Polygon","coordinates":[[[-106.829256,42.806521],[-106.824298,42.80656],[-106.824303,42.802911],[-106.829266,42.80288],[-106.829256,42.806521]]]}},{"type":"Feature","properties":{"q":"16","ac":31.4},"geometry":{"type":"Polygon","coordinates":[[[-106.830793,42.779132],[-106.833412,42.779155],[-106.833687,42.782148],[-106.828859,42.781883],[-106.828492,42.779111],[-106.830793,42.779132]]]}},{"type":"Feature","properties":{"q":"SWSW","ac":40.1},"geometry":{"type":"Polygon","coordinates":[[[-106.824364,42.824869],[-106.824392,42.821233],[-106.829303,42.821238],[-106.829275,42.824873],[-106.824364,42.824869]]]}},{"type":"Feature","properties":{"q":"2","ac":36.4},"geometry":{"type":"Polygon","coordinates":[[[-106.843771,42.843717],[-106.848285,42.843888],[-106.848317,42.847474],[-106.84379,42.847318],[-106.843771,42.843717]]]}},{"type":"Feature","properties":{"q":"SENE","ac":39.5},"geometry":{"type":"Polygon","coordinates":[[[-106.834088,42.803281],[-106.829266,42.80288],[-106.829277,42.79924],[-106.834128,42.799655],[-106.834088,42.803281]]]}},{"type":"Feature","properties":{"q":"NENW","ac":40.1},"geometry":{"type":"Polygon","coordinates":[[[-106.804499,42.80298],[-106.804525,42.806637],[-106.799625,42.806597],[-106.799601,42.802956],[-106.804499,42.80298]]]}},{"type":"Feature","properties":{"q":"SENW","ac":40.1},"geometry":{"type":"Polygon","coordinates":[[[-106.784981,42.83213],[-106.780048,42.832153],[-106.780019,42.828535],[-106.78495,42.828501],[-106.784981,42.83213]]]}},{"type":"Feature","properties":{"q":"NESE","ac":41.2},"geometry":{"type":"Polygon","coordinates":[[[-106.814339,42.795634],[-106.814354,42.799308],[-106.809369,42.79933],[-106.809341,42.795657],[-106.814339,42.795634]]]}},{"type":"Feature","properties":{"q":"SWSW","ac":40.3},"geometry":{"type":"Polygon","coordinates":[[[-106.80442,42.791995],[-106.809313,42.791984],[-106.809341,42.795657],[-106.804447,42.795659],[-106.80442,42.791995]]]}},{"type":"Feature","properties":{"q":"10","ac":32.9},"geometry":{"type":"Polygon","coordinates":[[[-106.818716,42.77902],[-106.82099,42.779041],[-106.823604,42.779065],[-106.823851,42.781963],[-106.818843,42.782043],[-106.818716,42.77902]]]}},{"type":"Feature","properties":{"q":"NENW","ac":39.0},"geometry":{"type":"Polygon","coordinates":[[[-106.824271,42.791895],[-106.819335,42.791935],[-106.819164,42.788499],[-106.824197,42.788376],[-106.824271,42.791895]]]}},{"type":"Feature","properties":{"q":"SESW","ac":41.4},"geometry":{"type":"Polygon","coordinates":[[[-106.785166,42.850298],[-106.785114,42.85399],[-106.780123,42.854021],[-106.780149,42.850343],[-106.785166,42.850298]]]}},{"type":"Feature","properties":{"q":"SWSE","ac":40.4},"geometry":{"type":"Polygon","coordinates":[[[-106.794622,42.795657],[-106.7946,42.792007],[-106.799528,42.792005],[-106.799552,42.79566],[-106.794622,42.795657]]]}},{"type":"Feature","properties":{"q":"NESE","ac":39.8},"geometry":{"type":"Polygon","coordinates":[[[-106.814563,42.8285],[-106.809703,42.828498],[-106.809681,42.824857],[-106.814566,42.824861],[-106.814563,42.8285]]]}},{"type":"Feature","properties":{"q":"SWNE","ac":39.5},"geometry":{"type":"Polygon","coordinates":[[[-106.834071,42.828784],[-106.838895,42.82906],[-106.838887,42.832688],[-106.834035,42.832434],[-106.834071,42.828784]]]}},{"type":"Feature","properties":{"q":"SESW","ac":41.0},"geometry":{"type":"Polygon","coordinates":[[[-106.839134,42.791909],[-106.84371,42.792797],[-106.843688,42.796635],[-106.839056,42.79599],[-106.839134,42.791909]]]}},{"type":"Feature","properties":{"q":"SWSE","ac":36.4},"geometry":{"type":"Polygon","coordinates":[[[-106.799086,42.77882],[-106.799181,42.782113],[-106.794271,42.782068],[-106.79418,42.778757],[-106.79639,42.778785],[-106.799086,42.77882]]]}},{"type":"Feature","properties":{"q":"NWSW","ac":39.9},"geometry":{"type":"Polygon","coordinates":[[[-106.745418,42.843069],[-106.745411,42.83946],[-106.75034,42.839472],[-106.750336,42.843082],[-106.745418,42.843069]]]}},{"type":"Feature","properties":{"q":"NESE","ac":40.4},"geometry":{"type":"Polygon","coordinates":[[[-106.755295,42.824901],[-106.755285,42.828553],[-106.750362,42.828536],[-106.750371,42.824874],[-106.755295,42.824901]]]}},{"type":"Feature","properties":{"q":"NESE","ac":39.8},"geometry":{"type":"Polygon","coordinates":[[[-106.750336,42.843082],[-106.75034,42.839472],[-106.755263,42.839484],[-106.755263,42.843084],[-106.750336,42.843082]]]}},{"type":"Feature","properties":{"q":"SWNW","ac":40.2},"geometry":{"type":"Polygon","coordinates":[[[-106.750184,42.784933],[-106.750173,42.788574],[-106.745258,42.788643],[-106.74524,42.785029],[-106.750184,42.784933]]]}},{"type":"Feature","properties":{"q":"SWNE","ac":40.8},"geometry":{"type":"Polygon","coordinates":[[[-106.760196,42.846774],[-106.755251,42.84676],[-106.755263,42.843084],[-106.760191,42.843085],[-106.760196,42.846774]]]}},{"type":"Feature","properties":{"q":"14","ac":36.1},"geometry":{"type":"Polygon","coordinates":[[[-106.83833,42.779203],[-106.839945,42.779221],[-106.843242,42.779257],[-106.843312,42.782678],[-106.838514,42.782413],[-106.83833,42.779203]]]}},{"type":"Feature","properties":{"q":"SWSE","ac":39.0},"geometry":{"type":"Polygon","coordinates":[[[-106.814554,42.835838],[-106.819363,42.835897],[-106.819356,42.839503],[-106.814548,42.839461],[-106.814554,42.835838]]]}},{"type":"Feature","properties":{"q":"SESW","ac":40.7},"geometry":{"type":"Polygon","coordinates":[[[-106.8048,42.854023],[-106.799906,42.854002],[-106.799952,42.850296],[-106.804837,42.850317],[-106.8048,42.854023]]]}},{"type":"Feature","properties":{"q":"NENE","ac":40.4},"geometry":{"type":"Polygon","coordinates":[[[-106.828989,42.84681],[-106.833925,42.84698],[-106.833901,42.850615],[-106.828947,42.850462],[-106.828989,42.84681]]]}},{"type":"Feature","properties":{"q":"SESW","ac":40.5},"geometry":{"type":"Polygon","coordinates":[[[-106.799747,42.82121],[-106.804703,42.821213],[-106.804726,42.824852],[-106.799772,42.824846],[-106.799747,42.82121]]]}},{"type":"Feature","properties":{"q":"4","ac":36.6},"geometry":{"type":"Polygon","coordinates":[[[-106.848264,42.826011],[-106.843725,42.825738],[-106.843713,42.822139],[-106.848261,42.822424],[-106.848264,42.826011]]]}},{"type":"Feature","properties":{"q":"NWNE","ac":40.4},"geometry":{"type":"Polygon","coordinates":[[[-106.774947,42.803103],[-106.779881,42.803051],[-106.7799,42.806695],[-106.774957,42.806743],[-106.774947,42.803103]]]}},{"type":"Feature","properties":{"q":"SENW","ac":40.7},"geometry":{"type":"Polygon","coordinates":[[[-106.765127,42.846768],[-106.760196,42.846774],[-106.760191,42.843085],[-106.765106,42.843086],[-106.765127,42.846768]]]}},{"type":"Feature","properties":{"q":"SENE","ac":40.4},"geometry":{"type":"Polygon","coordinates":[[[-106.770167,42.857732],[-106.775132,42.857715],[-106.775127,42.861364],[-106.770182,42.86136],[-106.770167,42.857732]]]}},{"type":"Feature","properties":{"q":"4","ac":40.2},"geometry":{"type":"Polygon","coordinates":[[[-106.770182,42.86136],[-106.770197,42.865006],[-106.765278,42.864971],[-106.765251,42.861346],[-106.770182,42.86136]]]}},{"type":"Feature","properties":{"q":"NESE","ac":40.3},"geometry":{"type":"Polygon","coordinates":[[[-106.77001,42.799516],[-106.769994,42.79587],[-106.774919,42.795816],[-106.774936,42.799462],[-106.77001,42.799516]]]}},{"type":"Feature","properties":{"q":"SWSE","ac":40.5},"geometry":{"type":"Polygon","coordinates":[[[-106.760134,42.806759],[-106.760159,42.810403],[-106.755197,42.8104],[-106.755173,42.806769],[-106.760134,42.806759]]]}},{"type":"Feature","properties":{"q":"NENE","ac":40.0},"geometry":{"type":"Polygon","coordinates":[[[-106.829117,42.835853],[-106.829182,42.83218],[-106.834035,42.832434],[-106.833999,42.836084],[-106.829117,42.835853]]]}},{"type":"Feature","properties":{"q":"SENE","ac":40.5},"geometry":{"type":"Polygon","coordinates":[[[-106.789882,42.828467],[-106.794839,42.828475],[-106.794868,42.832115],[-106.789914,42.832107],[-106.789882,42.828467]]]}},{"type":"Feature","properties":{"q":"SWNE","ac":40.3},"geometry":{"type":"Polygon","coordinates":[[[-106.755165,42.7995],[-106.760107,42.799506],[-106.760121,42.803133],[-106.755169,42.803135],[-106.755165,42.7995]]]}},{"type":"Feature","properties":{"q":"NENW","ac":40.4},"geometry":{"type":"Polygon","coordinates":[[[-106.799821,42.832123],[-106.804773,42.832131],[-106.804796,42.835771],[-106.799846,42.835763],[-106.799821,42.832123]]]}},{"type":"Feature","properties":{"q":"SENW","ac":40.5},"geometry":{"type":"Polygon","coordinates":[[[-106.799796,42.828483],[-106.80475,42.82849],[-106.804773,42.832131],[-106.799821,42.832123],[-106.799796,42.828483]]]}},{"type":"Feature","properties":{"q":"NESW","ac":41.2},"geometry":{"type":"Polygon","coordinates":[[[-106.785062,42.857682],[-106.780097,42.857699],[-106.780123,42.854021],[-106.785114,42.85399],[-106.785062,42.857682]]]}},{"type":"Feature","properties":{"q":"NENE","ac":40.5},"geometry":{"type":"Polygon","coordinates":[[[-106.789914,42.832107],[-106.794868,42.832115],[-106.794896,42.835755],[-106.789946,42.835747],[-106.789914,42.832107]]]}},{"type":"Feature","properties":{"q":"SESW","ac":40.4},"geometry":{"type":"Polygon","coordinates":[[[-106.765095,42.810418],[-106.760159,42.810403],[-106.760134,42.806759],[-106.765074,42.806775],[-106.765095,42.810418]]]}},{"type":"Feature","properties":{"q":"NENW","ac":40.5},"geometry":{"type":"Polygon","coordinates":[[[-106.804703,42.821213],[-106.799747,42.82121],[-106.799717,42.817568],[-106.804663,42.817571],[-106.804703,42.821213]]]}},{"type":"Feature","properties":{"q":"NWSE","ac":36.4},"geometry":{"type":"Polygon","coordinates":[[[-106.794271,42.782068],[-106.799181,42.782113],[-106.799297,42.785405],[-106.79438,42.785378],[-106.794271,42.782068]]]}},{"type":"Feature","properties":{"q":"8","ac":37.5},"geometry":{"type":"Polygon","coordinates":[[[-106.829251,42.78465],[-106.833987,42.785133],[-106.834079,42.788507],[-106.829229,42.788253],[-106.829251,42.78465]]]}},{"type":"Feature","properties":{"q":"SWNE","ac":40.4},"geometry":{"type":"Polygon","coordinates":[[[-106.838999,42.858052],[-106.839071,42.861694],[-106.83415,42.861629],[-106.834066,42.857958],[-106.838999,42.858052]]]}},{"type":"Feature","properties":{"q":"SWNE","ac":40.3},"geometry":{"type":"Polygon","coordinates":[[[-106.794644,42.799307],[-106.799577,42.799315],[-106.799601,42.802956],[-106.794675,42.802953],[-106.794644,42.799307]]]}},{"type":"Feature","properties":{"q":"NESW","ac":40.2},"geometry":{"type":"Polygon","coordinates":[[[-106.780019,42.828535],[-106.779989,42.824909],[-106.784924,42.824872],[-106.78495,42.828501],[-106.780019,42.828535]]]}},{"type":"Feature","properties":{"q":"SESW","ac":40.3},"geometry":{"type":"Polygon","coordinates":[[[-106.804525,42.806637],[-106.804574,42.810283],[-106.799656,42.810262],[-106.799625,42.806597],[-106.804525,42.806637]]]}},{"type":"Feature","properties":{"q":"SESE","ac":40.0},"geometry":{"type":"Polygon","coordinates":[[[-106.829117,42.835853],[-106.833999,42.836084],[-106.833974,42.839714],[-106.829074,42.839505],[-106.829117,42.835853]]]}},{"type":"Feature","properties":{"q":"NESE","ac":39.2},"geometry":{"type":"Polygon","coordinates":[[[-106.814548,42.839461],[-106.814541,42.843084],[-106.809734,42.843059],[-106.80974,42.839419],[-106.814548,42.839461]]]}},{"type":"Feature","properties":{"q":"SWSW","ac":40.7},"geometry":{"type":"Polygon","coordinates":[[[-106.75038,42.821211],[-106.750371,42.824874],[-106.745414,42.824904],[-106.745416,42.821253],[-106.75038,42.821211]]]}},{"type":"Feature","properties":{"q":"NESE","ac":40.2},"geometry":{"type":"Polygon","coordinates":[[[-106.730544,42.824994],[-106.7355,42.824964],[-106.73551,42.828591],[-106.730561,42.828608],[-106.730544,42.824994]]]}},{"type":"Feature","properties":{"q":"SWSE","ac":40.1},"geometry":{"type":"Polygon","coordinates":[[[-106.735561,42.850329],[-106.740537,42.850386],[-106.740539,42.853978],[-106.735568,42.853918],[-106.735561,42.850329]]]}},{"type":"Feature","properties":{"q":"SESW","ac":40.4},"geometry":{"type":"Polygon","coordinates":[[[-106.745276,42.792256],[-106.745284,42.795916],[-106.740375,42.795976],[-106.740391,42.792297],[-106.745276,42.792256]]]}},{"type":"Feature","properties":{"q":"SESW","ac":40.0},"geometry":{"type":"Polygon","coordinates":[[[-106.745405,42.835851],[-106.745411,42.83946],[-106.740483,42.839448],[-106.740465,42.835841],[-106.745405,42.835851]]]}},{"type":"Feature","properties":{"q":"SWSW","ac":40.0},"geometry":{"type":"Polygon","coordinates":[[[-106.745405,42.835851],[-106.750345,42.835862],[-106.75034,42.839472],[-106.745411,42.83946],[-106.745405,42.835851]]]}},{"type":"Feature","properties":{"q":"2","ac":36.5},"geometry":{"type":"Polygon","coordinates":[[[-106.843738,42.829338],[-106.848268,42.829597],[-106.84827,42.833182],[-106.843749,42.832944],[-106.843738,42.829338]]]}},{"type":"Feature","properties":{"q":"SESE","ac":41.1},"geometry":{"type":"Polygon","coordinates":[[[-106.770095,42.850438],[-106.775122,42.85039],[-106.775127,42.854053],[-106.770131,42.854085],[-106.770095,42.850438]]]}},{"type":"Feature","properties":{"q":"SENW","ac":40.1},"geometry":{"type":"Polygon","coordinates":[[[-106.838999,42.858052],[-106.84393,42.858146],[-106.843991,42.861759],[-106.839071,42.861694],[-106.838999,42.858052]]]}},{"type":"Feature","properties":{"q":"NESW","ac":39.1},"geometry":{"type":"Polygon","coordinates":[[[-106.838902,42.825449],[-106.843725,42.825738],[-106.843738,42.829338],[-106.838895,42.82906],[-106.838902,42.825449]]]}},{"type":"Feature","properties":{"q":"1","ac":35.0},"geometry":{"type":"Polygon","coordinates":[[[-106.843558,42.789444],[-106.848134,42.790118],[-106.848214,42.793671],[-106.84371,42.792797],[-106.843558,42.789444]]]}},{"type":"Feature","properties":{"q":"NESW","ac":39.7},"geometry":{"type":"Polygon","coordinates":[[[-106.760187,42.839495],[-106.765111,42.839481],[-106.765106,42.843086],[-106.760191,42.843085],[-106.760187,42.839495]]]}},{"type":"Feature","properties":{"q":"SWSE","ac":40.3},"geometry":{"type":"Polygon","coordinates":[[[-106.775033,42.824946],[-106.775023,42.821322],[-106.77996,42.821282],[-106.779989,42.824909],[-106.775033,42.824946]]]}},{"type":"Feature","properties":{"q":"SWSE","ac":40.5},"geometry":{"type":"Polygon","coordinates":[[[-106.774957,42.806743],[-106.7799,42.806695],[-106.779915,42.810346],[-106.774973,42.81039],[-106.774957,42.806743]]]}},{"type":"Feature","properties":{"q":"NWSW","ac":40.1},"geometry":{"type":"Polygon","coordinates":[[[-106.829275,42.824873],[-106.829248,42.828507],[-106.824335,42.828505],[-106.824364,42.824869],[-106.829275,42.824873]]]}},{"type":"Feature","properties":{"q":"SENE","ac":39.5},"geometry":{"type":"Polygon","coordinates":[[[-106.834078,42.814222],[-106.834092,42.81788],[-106.829291,42.817559],[-106.829279,42.81388],[-106.834078,42.814222]]]}},{"type":"Feature","properties":{"q":"NWNE","ac":39.3},"geometry":{"type":"Polygon","coordinates":[[[-106.814535,42.846727],[-106.819342,42.846755],[-106.819334,42.850401],[-106.814528,42.85037],[-106.814535,42.846727]]]}},{"type":"Feature","properties":{"q":"SWNW","ac":40.5},"geometry":{"type":"Polygon","coordinates":[[[-106.829182,42.83218],[-106.824288,42.83219],[-106.824335,42.828505],[-106.829248,42.828507],[-106.829182,42.83218]]]}},{"type":"Feature","properties":{"q":"SWNE","ac":39.3},"geometry":{"type":"Polygon","coordinates":[[[-106.838876,42.814564],[-106.838893,42.818201],[-106.834092,42.81788],[-106.834078,42.814222],[-106.838876,42.814564]]]}},{"type":"Feature","properties":{"q":"4","ac":41.4},"geometry":{"type":"Polygon","coordinates":[[[-106.789969,42.861374],[-106.78991,42.865125],[-106.784978,42.865096],[-106.78502,42.861371],[-106.789969,42.861374]]]}},{"type":"Feature","properties":{"q":"4","ac":37.8},"geometry":{"type":"Polygon","coordinates":[[[-106.84371,42.792797],[-106.848214,42.793671],[-106.84823,42.797267],[-106.843688,42.796635],[-106.84371,42.792797]]]}},{"type":"Feature","properties":{"q":"NESW","ac":40.7},"geometry":{"type":"Polygon","coordinates":[[[-106.79986,42.857708],[-106.799906,42.854002],[-106.8048,42.854023],[-106.804763,42.857729],[-106.79986,42.857708]]]}},{"type":"Feature","properties":{"q":"NWNE","ac":39.3},"geometry":{"type":"Polygon","coordinates":[[[-106.834092,42.81788],[-106.838893,42.818201],[-106.83891,42.821837],[-106.834106,42.821538],[-106.834092,42.81788]]]}},{"type":"Feature","properties":{"q":"NWSW","ac":40.3},"geometry":{"type":"Polygon","coordinates":[[[-106.804447,42.795659],[-106.809341,42.795657],[-106.809369,42.79933],[-106.804473,42.799323],[-106.804447,42.795659]]]}},{"type":"Feature","properties":{"q":"SENE","ac":40.9},"geometry":{"type":"Polygon","coordinates":[[[-106.789969,42.861374],[-106.790027,42.857665],[-106.794944,42.857686],[-106.794892,42.861395],[-106.789969,42.861374]]]}},{"type":"Feature","properties":{"q":"NWNW","ac":39.9},"geometry":{"type":"Polygon","coordinates":[[[-106.809728,42.846699],[-106.809722,42.850339],[-106.804837,42.850317],[-106.804827,42.846681],[-106.809728,42.846699]]]}},{"type":"Feature","properties":{"q":"NWNE","ac":40.4},"geometry":{"type":"Polygon","coordinates":[[[-106.775023,42.821322],[-106.775006,42.817679],[-106.779945,42.81764],[-106.77996,42.821282],[-106.775023,42.821322]]]}},{"type":"Feature","properties":{"q":"NESW","ac":40.3},"geometry":{"type":"Polygon","coordinates":[[[-106.824268,42.857836],[-106.819402,42.857807],[-106.819368,42.854104],[-106.824204,42.854134],[-106.824268,42.857836]]]}},{"type":"Feature","properties":{"q":"NWNE","ac":39.1},"geometry":{"type":"Polygon","coordinates":[[[-106.834088,42.803281],[-106.838911,42.803682],[-106.838843,42.807293],[-106.834049,42.806907],[-106.834088,42.803281]]]}},{"type":"Feature","properties":{"q":"1","ac":35.6},"geometry":{"type":"Polygon","coordinates":[[[-106.774665,42.781794],[-106.779528,42.781868],[-106.779623,42.785152],[-106.774797,42.785055],[-106.774665,42.781794]]]}},{"type":"Feature","properties":{"q":"SENW","ac":39.4},"geometry":{"type":"Polygon","coordinates":[[[-106.843749,42.832944],[-106.838887,42.832688],[-106.838895,42.82906],[-106.843738,42.829338],[-106.843749,42.832944]]]}},{"type":"Feature","properties":{"q":"NENE","ac":41.4},"geometry":{"type":"Polygon","coordinates":[[[-106.770095,42.850438],[-106.770058,42.846762],[-106.775094,42.846728],[-106.775122,42.85039],[-106.770095,42.850438]]]}},{"type":"Feature","properties":{"q":"SESW","ac":40.5},"geometry":{"type":"Polygon","coordinates":[[[-106.779915,42.810346],[-106.7799,42.806695],[-106.784844,42.806647],[-106.784849,42.810303],[-106.779915,42.810346]]]}},{"type":"Feature","properties":{"q":"SWNW","ac":40.5},"geometry":{"type":"Polygon","coordinates":[[[-106.809703,42.828498],[-106.809724,42.832138],[-106.804773,42.832131],[-106.80475,42.82849],[-106.809703,42.828498]]]}},{"type":"Feature","properties":{"q":"6","ac":34.1},"geometry":{"type":"Polygon","coordinates":[[[-106.81393,42.782119],[-106.818843,42.782043],[-106.818993,42.785062],[-106.814054,42.78526],[-106.81393,42.782119]]]}},{"type":"Feature","properties":{"q":"NWSW","ac":40.3},"geometry":{"type":"Polygon","coordinates":[[[-106.789712,42.799299],[-106.784787,42.799354],[-106.784768,42.795708],[-106.789692,42.795654],[-106.789712,42.799299]]]}},{"type":"Feature","properties":{"q":"1","ac":37.5},"geometry":{"type":"Polygon","coordinates":[[[-106.848287,42.808057],[-106.843636,42.807681],[-106.843651,42.804076],[-106.848267,42.80446],[-106.848287,42.808057]]]}},{"type":"Feature","properties":{"q":"NWSE","ac":40.3},"geometry":{"type":"Polygon","coordinates":[[[-106.755287,42.854071],[-106.76024,42.854089],[-106.76028,42.857714],[-106.755336,42.857705],[-106.755287,42.854071]]]}},{"type":"Feature","properties":{"q":"NESW","ac":40.5},"geometry":{"type":"Polygon","coordinates":[[[-106.745411,42.828555],[-106.740459,42.828573],[-106.740456,42.824934],[-106.745414,42.824904],[-106.745411,42.828555]]]}},{"type":"Feature","properties":{"q":"SWNE","ac":40.0},"geometry":{"type":"Polygon","coordinates":[[[-106.794982,42.843015],[-106.799899,42.84303],[-106.799926,42.846663],[-106.795025,42.846645],[-106.794982,42.843015]]]}},{"type":"Feature","properties":{"q":"7","ac":36.5},"geometry":{"type":"Polygon","coordinates":[[[-106.843808,42.85092],[-106.848349,42.85106],[-106.848379,42.854645],[-106.843869,42.854533],[-106.843808,42.85092]]]}},{"type":"Feature","properties":{"q":"SESE","ac":40.4},"geometry":{"type":"Polygon","coordinates":[[[-106.809426,42.806677],[-106.814383,42.806638],[-106.814434,42.810279],[-106.809492,42.810305],[-106.809426,42.806677]]]}},{"type":"Feature","properties":{"q":"NENW","ac":40.5},"geometry":{"type":"Polygon","coordinates":[[[-106.760013,42.788571],[-106.764994,42.788581],[-106.765029,42.79221],[-106.76008,42.792196],[-106.760013,42.788571]]]}},{"type":"Feature","properties":{"q":"SENE","ac":40.3},"geometry":{"type":"Polygon","coordinates":[[[-106.809558,42.813933],[-106.814484,42.81392],[-106.814527,42.817571],[-106.809609,42.817575],[-106.809558,42.813933]]]}},{"type":"Feature","properties":{"q":"NWNW","ac":40.8},"geometry":{"type":"Polygon","coordinates":[[[-106.785166,42.850298],[-106.785127,42.84666],[-106.790124,42.846627],[-106.790183,42.850253],[-106.785166,42.850298]]]}},{"type":"Feature","properties":{"q":"NWSE","ac":40.8},"geometry":{"type":"Polygon","coordinates":[[[-106.794944,42.857686],[-106.795006,42.853981],[-106.799906,42.854002],[-106.79986,42.857708],[-106.794944,42.857686]]]}},{"type":"Feature","properties":{"q":"NESW","ac":38.8},"geometry":{"type":"Polygon","coordinates":[[[-106.84364,42.811292],[-106.843644,42.814904],[-106.838876,42.814564],[-106.838859,42.810929],[-106.84364,42.811292]]]}},{"type":"Feature","properties":{"q":"NENW","ac":40.3},"geometry":{"type":"Polygon","coordinates":[[[-106.760121,42.803133],[-106.765066,42.803143],[-106.765074,42.806775],[-106.760134,42.806759],[-106.760121,42.803133]]]}},{"type":"Feature","properties":{"q":"NWNE","ac":40.8},"geometry":{"type":"Polygon","coordinates":[[[-106.819339,42.802942],[-106.819341,42.806599],[-106.814383,42.806638],[-106.814368,42.802973],[-106.819339,42.802942]]]}},{"type":"Feature","properties":{"q":"SENW","ac":40.4},"geometry":{"type":"Polygon","coordinates":[[[-106.799686,42.813926],[-106.804622,42.81393],[-106.804663,42.817571],[-106.799717,42.817568],[-106.799686,42.813926]]]}},{"type":"Feature","properties":{"q":"SENW","ac":38.9},"geometry":{"type":"Polygon","coordinates":[[[-106.838876,42.814564],[-106.843644,42.814904],[-106.843679,42.818521],[-106.838893,42.818201],[-106.838876,42.814564]]]}},{"type":"Feature","properties":{"q":"SWSW","ac":40.0},"geometry":{"type":"Polygon","coordinates":[[[-106.824141,42.850432],[-106.828947,42.850462],[-106.82904,42.854163],[-106.824204,42.854134],[-106.824141,42.850432]]]}},{"type":"Feature","properties":{"q":"SESW","ac":40.6},"geometry":{"type":"Polygon","coordinates":[[[-106.760093,42.795851],[-106.76008,42.792196],[-106.765029,42.79221],[-106.765044,42.795861],[-106.760093,42.795851]]]}},{"type":"Feature","properties":{"q":"SWSW","ac":40.6},"geometry":{"type":"Polygon","coordinates":[[[-106.784844,42.806647],[-106.789787,42.806599],[-106.789784,42.810259],[-106.784849,42.810303],[-106.784844,42.806647]]]}},{"type":"Feature","properties":{"q":"1","ac":41.6},"geometry":{"type":"Polygon","coordinates":[[[-106.814538,42.861483],[-106.814542,42.865263],[-106.809614,42.865228],[-106.80964,42.861455],[-106.814538,42.861483]]]}},{"type":"Feature","properties":{"q":"NWNW","ac":40.2},"geometry":{"type":"Polygon","coordinates":[[[-106.765127,42.832231],[-106.770059,42.832224],[-106.770051,42.835845],[-106.765116,42.835875],[-106.765127,42.832231]]]}},{"type":"Feature","properties":{"q":"SWSW","ac":36.6},"geometry":{"type":"Polygon","coordinates":[[[-106.784362,42.778639],[-106.786591,42.778663],[-106.789274,42.778693],[-106.78936,42.782023],[-106.784444,42.781946],[-106.784362,42.778639]]]}},{"type":"Feature","properties":{"q":"SESW","ac":40.1},"geometry":{"type":"Polygon","coordinates":[[[-106.824141,42.850432],[-106.824204,42.854134],[-106.819368,42.854104],[-106.819334,42.850401],[-106.824141,42.850432]]]}},{"type":"Feature","properties":{"q":"SWNW","ac":40.3},"geometry":{"type":"Polygon","coordinates":[[[-106.804473,42.799323],[-106.809369,42.79933],[-106.809397,42.803004],[-106.804499,42.80298],[-106.804473,42.799323]]]}},{"type":"Feature","properties":{"q":"NWNW","ac":40.5},"geometry":{"type":"Polygon","coordinates":[[[-106.784815,42.803],[-106.78975,42.802949],[-106.789787,42.806599],[-106.784844,42.806647],[-106.784815,42.803]]]}},{"type":"Feature","properties":{"q":"NENW","ac":39.5},"geometry":{"type":"Polygon","coordinates":[[[-106.838887,42.832688],[-106.843749,42.832944],[-106.843761,42.836549],[-106.83888,42.836315],[-106.838887,42.832688]]]}},{"type":"Feature","properties":{"q":"NWSW","ac":39.9},"geometry":{"type":"Polygon","coordinates":[[[-106.765111,42.839481],[-106.770036,42.839466],[-106.770021,42.843087],[-106.765106,42.843086],[-106.765111,42.839481]]]}},{"type":"Feature","properties":{"q":"NESE","ac":40.4},"geometry":{"type":"Polygon","coordinates":[[[-106.77499,42.814037],[-106.770049,42.814076],[-106.770031,42.810433],[-106.774973,42.81039],[-106.77499,42.814037]]]}},{"type":"Feature","properties":{"q":"NESW","ac":36.4},"geometry":{"type":"Polygon","coordinates":[[[-106.779528,42.781868],[-106.784444,42.781946],[-106.784543,42.785252],[-106.779623,42.785152],[-106.779528,42.781868]]]}},{"type":"Feature","properties":{"q":"NESW","ac":40.6},"geometry":{"type":"Polygon","coordinates":[[[-106.760093,42.795851],[-106.765044,42.795861],[-106.765059,42.799511],[-106.760107,42.799506],[-106.760093,42.795851]]]}},{"type":"Feature","properties":{"q":"SENE","ac":40.3},"geometry":{"type":"Polygon","coordinates":[[[-106.829032,42.843158],[-106.83395,42.843344],[-106.833925,42.84698],[-106.828989,42.84681],[-106.829032,42.843158]]]}},{"type":"Feature","properties":{"q":"13","ac":38.4},"geometry":{"type":"Polygon","coordinates":[[[-106.848154,42.779311],[-106.848093,42.782941],[-106.843312,42.782678],[-106.843242,42.779257],[-106.84487,42.779275],[-106.848154,42.779311]]]}},{"type":"Feature","properties":{"q":"NESE","ac":41.5},"geometry":{"type":"Polygon","coordinates":[[[-106.834149,42.795769],[-106.834128,42.799655],[-106.829277,42.79924],[-106.829242,42.795548],[-106.834149,42.795769]]]}},{"type":"Feature","properties":{"q":"NWSE","ac":40.4},"geometry":{"type":"Polygon","coordinates":[[[-106.814434,42.810279],[-106.819376,42.810253],[-106.819411,42.813907],[-106.814484,42.81392],[-106.814434,42.810279]]]}},{"type":"Feature","properties":{"q":"SENW","ac":40.6},"geometry":{"type":"Polygon","coordinates":[[[-106.819423,42.828503],[-106.824335,42.828505],[-106.824288,42.83219],[-106.819393,42.8322],[-106.819423,42.828503]]]}},{"type":"Feature","properties":{"q":"SESE","ac":39.2},"geometry":{"type":"Polygon","coordinates":[[[-106.829303,42.821238],[-106.834106,42.821538],[-106.834089,42.825161],[-106.829275,42.824873],[-106.829303,42.821238]]]}},{"type":"Feature","properties":{"q":"NENE","ac":41.0},"geometry":{"type":"Polygon","coordinates":[[[-106.730343,42.792651],[-106.730385,42.788984],[-106.735364,42.788847],[-106.735367,42.792474],[-106.730343,42.792651]]]}},{"type":"Feature","properties":{"q":"SESE","ac":40.4},"geometry":{"type":"Polygon","coordinates":[[[-106.75038,42.821211],[-106.755306,42.821248],[-106.755295,42.824901],[-106.750371,42.824874],[-106.75038,42.821211]]]}},{"type":"Feature","properties":{"q":"1","ac":40.5},"geometry":{"type":"Polygon","coordinates":[[[-106.735579,42.861144],[-106.735584,42.864769],[-106.730621,42.864741],[-106.730615,42.861092],[-106.735579,42.861144]]]}},{"type":"Feature","properties":{"q":"SENE","ac":40.6},"geometry":{"type":"Polygon","coordinates":[[[-106.735364,42.788847],[-106.730385,42.788984],[-106.730427,42.785316],[-106.735362,42.785221],[-106.735364,42.788847]]]}},{"type":"Feature","properties":{"q":"10","ac":33.0},"geometry":{"type":"Polygon","coordinates":[[[-106.833687,42.782148],[-106.838514,42.782413],[-106.838723,42.785615],[-106.833987,42.785133],[-106.833687,42.782148]]]}},{"type":"Feature","properties":{"q":"SWNE","ac":40.9},"geometry":{"type":"Polygon","coordinates":[[[-106.814354,42.799308],[-106.819338,42.799285],[-106.819339,42.802942],[-106.814368,42.802973],[-106.814354,42.799308]]]}},{"type":"Feature","properties":{"q":"SWSW","ac":40.5},"geometry":{"type":"Polygon","coordinates":[[[-106.804703,42.821213],[-106.809659,42.821217],[-106.809681,42.824857],[-106.804726,42.824852],[-106.804703,42.821213]]]}},{"type":"Feature","properties":{"q":"SWNE","ac":41.4},"geometry":{"type":"Polygon","coordinates":[[[-106.780131,42.846693],[-106.775094,42.846728],[-106.775067,42.843066],[-106.780113,42.843044],[-106.780131,42.846693]]]}},{"type":"Feature","properties":{"q":"12","ac":37.2},"geometry":{"type":"Polygon","coordinates":[[[-106.843312,42.782678],[-106.848093,42.782941],[-106.848055,42.786566],[-106.843407,42.786092],[-106.843312,42.782678]]]}},{"type":"Feature","properties":{"q":"SENE","ac":40.6},"geometry":{"type":"Polygon","coordinates":[[[-106.814534,42.857779],[-106.814538,42.861483],[-106.80964,42.861455],[-106.809666,42.85775],[-106.814534,42.857779]]]}},{"type":"Feature","properties":{"q":"SENE","ac":41.0},"geometry":{"type":"Polygon","coordinates":[[[-106.809369,42.79933],[-106.814354,42.799308],[-106.814368,42.802973],[-106.809397,42.803004],[-106.809369,42.79933]]]}},{"type":"Feature","properties":{"q":"SESE","ac":41.3},"geometry":{"type":"Polygon","coordinates":[[[-106.809313,42.791984],[-106.814324,42.79196],[-106.814339,42.795634],[-106.809341,42.795657],[-106.809313,42.791984]]]}},{"type":"Feature","properties":{"q":"SESE","ac":42.0},"geometry":{"type":"Polygon","coordinates":[[[-106.829207,42.791856],[-106.83417,42.791882],[-106.834149,42.795769],[-106.829242,42.795548],[-106.829207,42.791856]]]}},{"type":"Feature","properties":{"q":"NESW","ac":41.0},"geometry":{"type":"Polygon","coordinates":[[[-106.819336,42.79561],[-106.824289,42.795579],[-106.824307,42.799263],[-106.819338,42.799285],[-106.819336,42.79561]]]}},{"type":"Feature","properties":{"q":"NWNW","ac":40.3},"geometry":{"type":"Polygon","coordinates":[[[-106.789808,42.817561],[-106.789835,42.821203],[-106.784897,42.821242],[-106.784876,42.8176],[-106.789808,42.817561]]]}},{"type":"Feature","properties":{"q":"SWNE","ac":38.3},"geometry":{"type":"Polygon","coordinates":[[[-106.77485,42.788612],[-106.774797,42.785055],[-106.779623,42.785152],[-106.779724,42.788634],[-106.77485,42.788612]]]}},{"type":"Feature","properties":{"q":"NWSE","ac":40.6},"geometry":{"type":"Polygon","coordinates":[[[-106.755143,42.795853],[-106.760093,42.795851],[-106.760107,42.799506],[-106.755165,42.7995],[-106.755143,42.795853]]]}},{"type":"Feature","properties":{"q":"SWSW","ac":40.0},"geometry":{"type":"Polygon","coordinates":[[[-106.765116,42.835875],[-106.770051,42.835845],[-106.770036,42.839466],[-106.765111,42.839481],[-106.765116,42.835875]]]}},{"type":"Feature","properties":{"q":"15","ac":33.9},"geometry":{"type":"Polygon","coordinates":[[[-106.833412,42.779155],[-106.83502,42.779171],[-106.83833,42.779203],[-106.838514,42.782413],[-106.833687,42.782148],[-106.833412,42.779155]]]}},{"type":"Feature","properties":{"q":"3","ac":39.9},"geometry":{"type":"Polygon","coordinates":[[[-106.760319,42.861332],[-106.765251,42.861346],[-106.765278,42.864971],[-106.760359,42.864937],[-106.760319,42.861332]]]}},{"type":"Feature","properties":{"q":"SENW","ac":40.0},"geometry":{"type":"Polygon","coordinates":[[[-106.799899,42.84303],[-106.804816,42.843044],[-106.804827,42.846681],[-106.799926,42.846663],[-106.799899,42.84303]]]}},{"type":"Feature","properties":{"q":"NWNE","ac":40.3},"geometry":{"type":"Polygon","coordinates":[[[-106.814527,42.817571],[-106.819446,42.817567],[-106.819481,42.821227],[-106.81457,42.821222],[-106.814527,42.817571]]]}},{"type":"Feature","properties":{"q":"SENE","ac":39.8},"geometry":{"type":"Polygon","coordinates":[[[-106.809703,42.828498],[-106.814563,42.8285],[-106.814558,42.832169],[-106.809724,42.832138],[-106.809703,42.828498]]]}},{"type":"Feature","properties":{"q":"SESE","ac":40.7},"geometry":{"type":"Polygon","coordinates":[[[-106.790183,42.850253],[-106.795067,42.850275],[-106.795006,42.853981],[-106.790105,42.853959],[-106.790183,42.850253]]]}},{"type":"Feature","properties":{"q":"NESE","ac":40.8},"geometry":{"type":"Polygon","coordinates":[[[-106.833983,42.854287],[-106.834066,42.857958],[-106.829133,42.857864],[-106.82904,42.854163],[-106.833983,42.854287]]]}},{"type":"Feature","properties":{"q":"SESW","ac":36.3},"geometry":{"type":"Polygon","coordinates":[[[-106.764743,42.778428],[-106.764844,42.78169],[-106.759885,42.781659],[-106.759837,42.778373],[-106.76202,42.778398],[-106.764743,42.778428]]]}},{"type":"Feature","properties":{"q":"SESW","ac":40.2},"geometry":{"type":"Polygon","coordinates":[[[-106.784924,42.824872],[-106.779989,42.824909],[-106.77996,42.821282],[-106.784897,42.821242],[-106.784924,42.824872]]]}},{"type":"Feature","properties":{"q":"NESE","ac":39.3},"geometry":{"type":"Polygon","coordinates":[[[-106.829248,42.828507],[-106.829275,42.824873],[-106.834089,42.825161],[-106.834071,42.828784],[-106.829248,42.828507]]]}},{"type":"Feature","properties":{"q":"SWNE","ac":40.5},"geometry":{"type":"Polygon","coordinates":[[[-106.775043,42.828569],[-106.780019,42.828535],[-106.780048,42.832153],[-106.775054,42.832189],[-106.775043,42.828569]]]}},{"type":"Feature","properties":{"q":"SESW","ac":36.3},"geometry":{"type":"Polygon","coordinates":[[[-106.799086,42.77882],[-106.801315,42.778845],[-106.804014,42.778874],[-106.804099,42.782154],[-106.799181,42.782113],[-106.799086,42.77882]]]}},{"type":"Feature","properties":{"q":"NENE","ac":36.7},"geometry":{"type":"Polygon","coordinates":[[[-106.789568,42.78868],[-106.79449,42.788692],[-106.7946,42.792007],[-106.789672,42.792008],[-106.789568,42.78868]]]}},{"type":"Feature","properties":{"q":"3","ac":36.6},"geometry":{"type":"Polygon","coordinates":[[[-106.843725,42.825738],[-106.848264,42.826011],[-106.848268,42.829597],[-106.843738,42.829338],[-106.843725,42.825738]]]}},{"type":"Feature","properties":{"q":"NWSE","ac":39.0},"geometry":{"type":"Polygon","coordinates":[[[-106.819356,42.839503],[-106.819349,42.843108],[-106.814541,42.843084],[-106.814548,42.839461],[-106.819356,42.839503]]]}},{"type":"Feature","properties":{"q":"SENW","ac":40.5},"geometry":{"type":"Polygon","coordinates":[[[-106.760207,42.82857],[-106.765138,42.828587],[-106.765127,42.832231],[-106.760195,42.832238],[-106.760207,42.82857]]]}},{"type":"Feature","properties":{"q":"NENW","ac":40.7},"geometry":{"type":"Polygon","coordinates":[[[-106.819339,42.802942],[-106.824303,42.802911],[-106.824298,42.80656],[-106.819341,42.806599],[-106.819339,42.802942]]]}},{"type":"Feature","properties":{"q":"SWSW","ac":36.0},"geometry":{"type":"Polygon","coordinates":[[[-106.764743,42.778428],[-106.766944,42.778453],[-106.769648,42.778484],[-106.769802,42.78172],[-106.764844,42.78169],[-106.764743,42.778428]]]}},{"type":"Feature","properties":{"q":"NENW","ac":40.1},"geometry":{"type":"Polygon","coordinates":[[[-106.760232,42.821286],[-106.760208,42.817666],[-106.765138,42.817693],[-106.765159,42.821324],[-106.760232,42.821286]]]}},{"type":"Feature","properties":{"q":"SWNE","ac":40.9},"geometry":{"type":"Polygon","coordinates":[[[-106.794944,42.857686],[-106.79986,42.857708],[-106.799814,42.861416],[-106.794892,42.861395],[-106.794944,42.857686]]]}},{"type":"Feature","properties":{"q":"NWNW","ac":37.2},"geometry":{"type":"Polygon","coordinates":[[[-106.784749,42.792062],[-106.784646,42.788657],[-106.789568,42.78868],[-106.789672,42.792008],[-106.784749,42.792062]]]}},{"type":"Feature","properties":{"q":"NENE","ac":38.4},"geometry":{"type":"Polygon","coordinates":[[[-106.83417,42.791882],[-106.829207,42.791856],[-106.829229,42.788253],[-106.834079,42.788507],[-106.83417,42.791882]]]}},{"type":"Feature","properties":{"q":"9","ac":31.5},"geometry":{"type":"Polygon","coordinates":[[[-106.823604,42.779065],[-106.825891,42.779086],[-106.828492,42.779111],[-106.828859,42.781883],[-106.823851,42.781963],[-106.823604,42.779065]]]}},{"type":"Feature","properties":{"q":"SWNW","ac":40.3},"geometry":{"type":"Polygon","coordinates":[[[-106.770049,42.814076],[-106.770067,42.817719],[-106.765138,42.817693],[-106.765116,42.814061],[-106.770049,42.814076]]]}},{"type":"Feature","properties":{"q":"NENW","ac":40.5},"geometry":{"type":"Polygon","coordinates":[[[-106.819481,42.821227],[-106.819446,42.817567],[-106.824368,42.817563],[-106.824392,42.821233],[-106.819481,42.821227]]]}},{"type":"Feature","properties":{"q":"NWNW","ac":40.3},"geometry":{"type":"Polygon","coordinates":[[[-106.824288,42.83219],[-106.829182,42.83218],[-106.829117,42.835853],[-106.82424,42.835875],[-106.824288,42.83219]]]}},{"type":"Feature","properties":{"q":"NWSW","ac":40.2},"geometry":{"type":"Polygon","coordinates":[[[-106.784924,42.824872],[-106.789858,42.824835],[-106.789882,42.828467],[-106.78495,42.828501],[-106.784924,42.824872]]]}},{"type":"Feature","properties":{"q":"SENE","ac":40.5},"geometry":{"type":"Polygon","coordinates":[[[-106.794733,42.813923],[-106.794762,42.817564],[-106.789808,42.817561],[-106.789781,42.813919],[-106.794733,42.813923]]]}},{"type":"Feature","properties":{"q":"SESE","ac":40.4},"geometry":{"type":"Polygon","coordinates":[[[-106.789672,42.792008],[-106.7946,42.792007],[-106.794622,42.795657],[-106.789692,42.795654],[-106.789672,42.792008]]]}},{"type":"Feature","properties":{"q":"SENW","ac":40.1},"geometry":{"type":"Polygon","coordinates":[[[-106.760183,42.814047],[-106.765116,42.814061],[-106.765138,42.817693],[-106.760208,42.817666],[-106.760183,42.814047]]]}},{"type":"Feature","properties":{"q":"NWNW","ac":40.6},"geometry":{"type":"Polygon","coordinates":[[[-106.824392,42.821233],[-106.824368,42.817563],[-106.829291,42.817559],[-106.829303,42.821238],[-106.824392,42.821233]]]}},{"type":"Feature","properties":{"q":"NENW","ac":40.1},"geometry":{"type":"Polygon","coordinates":[[[-106.785012,42.835758],[-106.780077,42.83577],[-106.780048,42.832153],[-106.784981,42.83213],[-106.785012,42.835758]]]}},{"type":"Feature","properties":{"q":"SWSW","ac":40.7},"geometry":{"type":"Polygon","coordinates":[[[-106.804837,42.850317],[-106.809722,42.850339],[-106.809694,42.854044],[-106.8048,42.854023],[-106.804837,42.850317]]]}},{"type":"Feature","properties":{"q":"SWSW","ac":41.5},"geometry":{"type":"Polygon","coordinates":[[[-106.785114,42.85399],[-106.785166,42.850298],[-106.790183,42.850253],[-106.790105,42.853959],[-106.785114,42.85399]]]}},{"type":"Feature","properties":{"q":"SESW","ac":39.0},"geometry":{"type":"Polygon","coordinates":[[[-106.83891,42.821837],[-106.843713,42.822139],[-106.843725,42.825738],[-106.838902,42.825449],[-106.83891,42.821837]]]}},{"type":"Feature","properties":{"q":"6","ac":36.3},"geometry":{"type":"Polygon","coordinates":[[[-106.848379,42.854645],[-106.848409,42.858231],[-106.84393,42.858146],[-106.843869,42.854533],[-106.848379,42.854645]]]}},{"type":"Feature","properties":{"q":"NWNW","ac":40.5},"geometry":{"type":"Polygon","coordinates":[[[-106.804663,42.817571],[-106.809609,42.817575],[-106.809659,42.821217],[-106.804703,42.821213],[-106.804663,42.817571]]]}},{"type":"Feature","properties":{"q":"NWNE","ac":40.2},"geometry":{"type":"Polygon","coordinates":[[[-106.833925,42.84698],[-106.838861,42.847149],[-106.838854,42.850767],[-106.833901,42.850615],[-106.833925,42.84698]]]}},{"type":"Feature","properties":{"q":"1","ac":36.0},"geometry":{"type":"Polygon","coordinates":[[[-106.809313,42.791984],[-106.80442,42.791995],[-106.804313,42.788713],[-106.809214,42.788721],[-106.809313,42.791984]]]}},{"type":"Feature","properties":{"q":"SWSE","ac":36.3},"geometry":{"type":"Polygon","coordinates":[[[-106.754931,42.778318],[-106.757096,42.778342],[-106.759837,42.778373],[-106.759885,42.781659],[-106.754993,42.781628],[-106.754931,42.778318]]]}},{"type":"Feature","properties":{"q":"3","ac":37.1},"geometry":{"type":"Polygon","coordinates":[[[-106.843644,42.814904],[-106.84364,42.811292],[-106.848252,42.811643],[-106.848216,42.815229],[-106.843644,42.814904]]]}},{"type":"Feature","properties":{"q":"NESW","ac":36.2},"geometry":{"type":"Polygon","coordinates":[[[-106.804099,42.782154],[-106.804206,42.785431],[-106.799297,42.785405],[-106.799181,42.782113],[-106.804099,42.782154]]]}},{"type":"Feature","properties":{"q":"6","ac":33.8},"geometry":{"type":"Polygon","coordinates":[[[-106.843558,42.789444],[-106.838928,42.788762],[-106.838723,42.785615],[-106.843407,42.786092],[-106.843558,42.789444]]]}},{"type":"Feature","properties":{"q":"NWNE","ac":41.3},"geometry":{"type":"Polygon","coordinates":[[[-106.780131,42.846693],[-106.780149,42.850343],[-106.775122,42.85039],[-106.775094,42.846728],[-106.780131,42.846693]]]}},{"type":"Feature","properties":{"q":"NESE","ac":40.8},"geometry":{"type":"Polygon","coordinates":[[[-106.795006,42.853981],[-106.794944,42.857686],[-106.790027,42.857665],[-106.790105,42.853959],[-106.795006,42.853981]]]}},{"type":"Feature","properties":{"q":"SENW","ac":40.8},"geometry":{"type":"Polygon","coordinates":[[[-106.804763,42.857729],[-106.804727,42.861436],[-106.799814,42.861416],[-106.79986,42.857708],[-106.804763,42.857729]]]}},{"type":"Feature","properties":{"q":"SWSE","ac":40.7},"geometry":{"type":"Polygon","coordinates":[[[-106.795067,42.850275],[-106.799952,42.850296],[-106.799906,42.854002],[-106.795006,42.853981],[-106.795067,42.850275]]]}},{"type":"Feature","properties":{"q":"SESE","ac":40.3},"geometry":{"type":"Polygon","coordinates":[[[-106.769994,42.79587],[-106.769978,42.792224],[-106.774902,42.79217],[-106.774919,42.795816],[-106.769994,42.79587]]]}},{"type":"Feature","properties":{"q":"NENW","ac":40.5},"geometry":{"type":"Polygon","coordinates":[[[-106.765127,42.832231],[-106.765116,42.835875],[-106.760182,42.835905],[-106.760195,42.832238],[-106.765127,42.832231]]]}},{"type":"Feature","properties":{"q":"3","ac":38.1},"geometry":{"type":"Polygon","coordinates":[[[-106.843688,42.796635],[-106.84823,42.797267],[-106.848246,42.800864],[-106.843666,42.800472],[-106.843688,42.796635]]]}},{"type":"Feature","properties":{"q":"NESW","ac":39.5},"geometry":{"type":"Polygon","coordinates":[[[-106.838874,42.839923],[-106.843766,42.840133],[-106.843771,42.843717],[-106.838867,42.843531],[-106.838874,42.839923]]]}},{"type":"Feature","properties":{"q":"SENW","ac":40.8},"geometry":{"type":"Polygon","coordinates":[[[-106.780113,42.843044],[-106.785089,42.843022],[-106.785127,42.84666],[-106.780131,42.846693],[-106.780113,42.843044]]]}},{"type":"Feature","properties":{"q":"NWSE","ac":41.0},"geometry":{"type":"Polygon","coordinates":[[[-106.775132,42.857715],[-106.775127,42.854053],[-106.780123,42.854021],[-106.780097,42.857699],[-106.775132,42.857715]]]}},{"type":"Feature","properties":{"q":"SWSE","ac":39.2},"geometry":{"type":"Polygon","coordinates":[[[-106.834049,42.806907],[-106.838843,42.807293],[-106.838859,42.810929],[-106.834063,42.810565],[-106.834049,42.806907]]]}},{"type":"Feature","properties":{"q":"NWSW","ac":40.6},"geometry":{"type":"Polygon","coordinates":[[[-106.765044,42.795861],[-106.769994,42.79587],[-106.77001,42.799516],[-106.765059,42.799511],[-106.765044,42.795861]]]}},{"type":"Feature","properties":{"q":"SESE","ac":40.4},"geometry":{"type":"Polygon","coordinates":[[[-106.789835,42.821203],[-106.794791,42.821206],[-106.794815,42.82484],[-106.789858,42.824835],[-106.789835,42.821203]]]}},{"type":"Feature","properties":{"q":"SESW","ac":39.5},"geometry":{"type":"Polygon","coordinates":[[[-106.819363,42.835897],[-106.82424,42.835875],[-106.824215,42.839504],[-106.819356,42.839503],[-106.819363,42.835897]]]}},{"type":"Feature","properties":{"q":"NENW","ac":40.3},"geometry":{"type":"Polygon","coordinates":[[[-106.784897,42.821242],[-106.77996,42.821282],[-106.779945,42.81764],[-106.784876,42.8176],[-106.784897,42.821242]]]}},{"type":"Feature","properties":{"q":"NENE","ac":40.4},"geometry":{"type":"Polygon","coordinates":[[[-106.775006,42.817679],[-106.775023,42.821322],[-106.770085,42.821361],[-106.770067,42.817719],[-106.775006,42.817679]]]}},{"type":"Feature","properties":{"q":"SWNW","ac":40.6},"geometry":{"type":"Polygon","coordinates":[[[-106.824307,42.799263],[-106.829277,42.79924],[-106.829266,42.80288],[-106.824303,42.802911],[-106.824307,42.799263]]]}},{"type":"Feature","properties":{"q":"NWNE","ac":36.6},"geometry":{"type":"Polygon","coordinates":[[[-106.799528,42.792005],[-106.7946,42.792007],[-106.79449,42.788692],[-106.799412,42.788705],[-106.799528,42.792005]]]}},{"type":"Feature","properties":{"q":"NENE","ac":39.5},"geometry":{"type":"Polygon","coordinates":[[[-106.834106,42.821538],[-106.829303,42.821238],[-106.829291,42.817559],[-106.834092,42.81788],[-106.834106,42.821538]]]}},{"type":"Feature","properties":{"q":"SESE","ac":40.1},"geometry":{"type":"Polygon","coordinates":[[[-106.809722,42.850339],[-106.814528,42.85037],[-106.814531,42.854074],[-106.809694,42.854044],[-106.809722,42.850339]]]}},{"type":"Feature","properties":{"q":"NWSE","ac":40.3},"geometry":{"type":"Polygon","coordinates":[[[-106.814531,42.854074],[-106.819368,42.854104],[-106.819402,42.857807],[-106.814534,42.857779],[-106.814531,42.854074]]]}},{"type":"Feature","properties":{"q":"NENW","ac":39.4},"geometry":{"type":"Polygon","coordinates":[[[-106.819334,42.850401],[-106.819342,42.846755],[-106.824165,42.846782],[-106.824141,42.850432],[-106.819334,42.850401]]]}},{"type":"Feature","properties":{"q":"NWSW","ac":40.2},"geometry":{"type":"Polygon","coordinates":[[[-106.804806,42.839408],[-106.80974,42.839419],[-106.809734,42.843059],[-106.804816,42.843044],[-106.804806,42.839408]]]}},{"type":"Feature","properties":{"q":"SENW","ac":40.1},"geometry":{"type":"Polygon","coordinates":[[[-106.804473,42.799323],[-106.804499,42.80298],[-106.799601,42.802956],[-106.799577,42.799315],[-106.804473,42.799323]]]}},{"type":"Feature","properties":{"q":"NENE","ac":39.5},"geometry":{"type":"Polygon","coordinates":[[[-106.809724,42.832138],[-106.814558,42.832169],[-106.814554,42.835838],[-106.809746,42.835779],[-106.809724,42.832138]]]}},{"type":"Feature","properties":{"q":"NENW","ac":33.3},"geometry":{"type":"Polygon","coordinates":[[[-106.843558,42.789444],[-106.84371,42.792797],[-106.839134,42.791909],[-106.838928,42.788762],[-106.843558,42.789444]]]}},{"type":"Feature","properties":{"q":"NENW","ac":39.0},"geometry":{"type":"Polygon","coordinates":[[[-106.838893,42.818201],[-106.843679,42.818521],[-106.843713,42.822139],[-106.83891,42.821837],[-106.838893,42.818201]]]}},{"type":"Feature","properties":{"q":"NWSW","ac":40.1},"geometry":{"type":"Polygon","coordinates":[[[-106.770068,42.828603],[-106.765138,42.828587],[-106.765148,42.824955],[-106.770077,42.824982],[-106.770068,42.828603]]]}},{"type":"Feature","properties":{"q":"NESE","ac":40.4},"geometry":{"type":"Polygon","coordinates":[[[-106.794839,42.828475],[-106.789882,42.828467],[-106.789858,42.824835],[-106.794815,42.82484],[-106.794839,42.828475]]]}},{"type":"Feature","properties":{"q":"5","ac":35.6},"geometry":{"type":"Polygon","coordinates":[[[-106.843407,42.786092],[-106.848055,42.786566],[-106.848134,42.790118],[-106.843558,42.789444],[-106.843407,42.786092]]]}},{"type":"Feature","properties":{"q":"NWSW","ac":40.4},"geometry":{"type":"Polygon","coordinates":[[[-106.78505,42.83939],[-106.790005,42.839373],[-106.790065,42.843],[-106.785089,42.843022],[-106.78505,42.83939]]]}},{"type":"Feature","properties":{"q":"1","ac":40.5},"geometry":{"type":"Polygon","coordinates":[[[-106.770182,42.86136],[-106.775127,42.861364],[-106.775121,42.865036],[-106.770197,42.865006],[-106.770182,42.86136]]]}},{"type":"Feature","properties":{"q":"SWNW","ac":40.2},"geometry":{"type":"Polygon","coordinates":[[[-106.789882,42.828467],[-106.789914,42.832107],[-106.784981,42.83213],[-106.78495,42.828501],[-106.789882,42.828467]]]}},{"type":"Feature","properties":{"q":"NWNE","ac":40.3},"geometry":{"type":"Polygon","coordinates":[[[-106.755093,42.788572],[-106.760013,42.788571],[-106.76008,42.792196],[-106.755121,42.792205],[-106.755093,42.788572]]]}},{"type":"Feature","properties":{"q":"7","ac":35.0},"geometry":{"type":"Polygon","coordinates":[[[-106.838723,42.785615],[-106.838928,42.788762],[-106.834079,42.788507],[-106.833987,42.785133],[-106.838723,42.785615]]]}},{"type":"Feature","properties":{"q":"NWSW","ac":40.5},"geometry":{"type":"Polygon","coordinates":[[[-106.789784,42.810259],[-106.789781,42.813919],[-106.784855,42.813958],[-106.784849,42.810303],[-106.789784,42.810259]]]}},{"type":"Feature","properties":{"q":"NESW","ac":40.1},"geometry":{"type":"Polygon","coordinates":[[[-106.819452,42.824865],[-106.824364,42.824869],[-106.824335,42.828505],[-106.819423,42.828503],[-106.819452,42.824865]]]}},{"type":"Feature","properties":{"q":"SESW","ac":40.3},"geometry":{"type":"Polygon","coordinates":[[[-106.765148,42.850451],[-106.765186,42.854087],[-106.76024,42.854089],[-106.7602,42.850464],[-106.765148,42.850451]]]}},{"type":"Feature","properties":{"q":"NENE","ac":40.5},"geometry":{"type":"Polygon","coordinates":[[[-106.794791,42.821206],[-106.789835,42.821203],[-106.789808,42.817561],[-106.794762,42.817564],[-106.794791,42.821206]]]}},{"type":"Feature","properties":{"q":"SENW","ac":39.8},"geometry":{"type":"Polygon","coordinates":[[[-106.843771,42.843717],[-106.84379,42.847318],[-106.838861,42.847149],[-106.838867,42.843531],[-106.843771,42.843717]]]}},{"type":"Feature","properties":{"q":"5","ac":35.5},"geometry":{"type":"Polygon","coordinates":[[[-106.814054,42.78526],[-106.809116,42.785458],[-106.809017,42.782195],[-106.81393,42.782119],[-106.814054,42.78526]]]}},{"type":"Feature","properties":{"q":"SWNW","ac":40.6},"geometry":{"type":"Polygon","coordinates":[[[-106.790065,42.843],[-106.790124,42.846627],[-106.785127,42.84666],[-106.785089,42.843022],[-106.790065,42.843]]]}},{"type":"Feature","properties":{"q":"SESW","ac":40.2},"geometry":{"type":"Polygon","coordinates":[[[-106.799528,42.792005],[-106.80442,42.791995],[-106.804447,42.795659],[-106.799552,42.79566],[-106.799528,42.792005]]]}},{"type":"Feature","properties":{"q":"NENW","ac":40.0},"geometry":{"type":"Polygon","coordinates":[[[-106.84379,42.847318],[-106.843808,42.85092],[-106.838854,42.850767],[-106.838861,42.847149],[-106.84379,42.847318]]]}},{"type":"Feature","properties":{"q":"SWNW","ac":37.2},"geometry":{"type":"Polygon","coordinates":[[[-106.784543,42.785252],[-106.789464,42.785351],[-106.789568,42.78868],[-106.784646,42.788657],[-106.784543,42.785252]]]}},{"type":"Feature","properties":{"q":"SWNW","ac":40.8},"geometry":{"type":"Polygon","coordinates":[[[-106.764959,42.784951],[-106.769971,42.784957],[-106.769975,42.78859],[-106.764994,42.788581],[-106.764959,42.784951]]]}},{"type":"Feature","properties":{"q":"NWSW","ac":40.3},"geometry":{"type":"Polygon","coordinates":[[[-106.824204,42.854134],[-106.82904,42.854163],[-106.829133,42.857864],[-106.824268,42.857836],[-106.824204,42.854134]]]}},{"type":"Feature","properties":{"q":"SENW","ac":39.6},"geometry":{"type":"Polygon","coordinates":[[[-106.819349,42.843108],[-106.82419,42.843133],[-106.824165,42.846782],[-106.819342,42.846755],[-106.819349,42.843108]]]}},{"type":"Feature","properties":{"q":"SWNW","ac":40.7},"geometry":{"type":"Polygon","coordinates":[[[-106.829279,42.81388],[-106.829291,42.817559],[-106.824368,42.817563],[-106.824345,42.813893],[-106.829279,42.81388]]]}},{"type":"Feature","properties":{"q":"SWNE","ac":40.4},"geometry":{"type":"Polygon","coordinates":[[[-106.77993,42.813998],[-106.779945,42.81764],[-106.775006,42.817679],[-106.77499,42.814037],[-106.77993,42.813998]]]}},{"type":"Feature","properties":{"q":"SWSE","ac":40.6},"geometry":{"type":"Polygon","coordinates":[[[-106.833901,42.850615],[-106.838854,42.850767],[-106.838927,42.85441],[-106.833983,42.854287],[-106.833901,42.850615]]]}},{"type":"Feature","properties":{"q":"3","ac":41.5},"geometry":{"type":"Polygon","coordinates":[[[-106.804727,42.861436],[-106.804691,42.865203],[-106.799767,42.865178],[-106.799814,42.861416],[-106.804727,42.861436]]]}},{"type":"Feature","properties":{"q":"SENW","ac":40.6},"geometry":{"type":"Polygon","coordinates":[[[-106.824368,42.817563],[-106.819446,42.817567],[-106.819411,42.813907],[-106.824345,42.813893],[-106.824368,42.817563]]]}},{"type":"Feature","properties":{"q":"NENE","ac":40.7},"geometry":{"type":"Polygon","coordinates":[[[-106.770059,42.832224],[-106.775054,42.832189],[-106.775064,42.835808],[-106.770051,42.835845],[-106.770059,42.832224]]]}},{"type":"Feature","properties":{"q":"4","ac":36.2},"geometry":{"type":"Polygon","coordinates":[[[-106.848272,42.836766],[-106.848278,42.840327],[-106.843766,42.840133],[-106.843761,42.836549],[-106.848272,42.836766]]]}},{"type":"Feature","properties":{"q":"NWSE","ac":41.2},"geometry":{"type":"Polygon","coordinates":[[[-106.814339,42.795634],[-106.819336,42.79561],[-106.819338,42.799285],[-106.814354,42.799308],[-106.814339,42.795634]]]}},{"type":"Feature","properties":{"q":"SENE","ac":40.4},"geometry":{"type":"Polygon","coordinates":[[[-106.789712,42.799299],[-106.794644,42.799307],[-106.794675,42.802953],[-106.78975,42.802949],[-106.789712,42.799299]]]}},{"type":"Feature","properties":{"q":"2","ac":36.0},"geometry":{"type":"Polygon","coordinates":[[[-106.809116,42.785458],[-106.809214,42.788721],[-106.804313,42.788713],[-106.804206,42.785431],[-106.809116,42.785458]]]}},{"type":"Feature","properties":{"q":"NWNE","ac":39.8},"geometry":{"type":"Polygon","coordinates":[[[-106.83888,42.836315],[-106.833999,42.836084],[-106.834035,42.832434],[-106.838887,42.832688],[-106.83888,42.836315]]]}},{"type":"Feature","properties":{"q":"NWNE","ac":39.9},"geometry":{"type":"Polygon","coordinates":[[[-106.799926,42.846663],[-106.799952,42.850296],[-106.795067,42.850275],[-106.795025,42.846645],[-106.799926,42.846663]]]}},{"type":"Feature","properties":{"q":"NWNW","ac":40.8},"geometry":{"type":"Polygon","coordinates":[[[-106.765127,42.846768],[-106.770058,42.846762],[-106.770095,42.850438],[-106.765148,42.850451],[-106.765127,42.846768]]]}},{"type":"Feature","properties":{"q":"SWSE","ac":40.0},"geometry":{"type":"Polygon","coordinates":[[[-106.81457,42.821222],[-106.819481,42.821227],[-106.819452,42.824865],[-106.814566,42.824861],[-106.81457,42.821222]]]}},{"type":"Feature","properties":{"q":"4","ac":37.4},"geometry":{"type":"Polygon","coordinates":[[[-106.843636,42.807681],[-106.848287,42.808057],[-106.848252,42.811643],[-106.84364,42.811292],[-106.843636,42.807681]]]}},{"type":"Feature","properties":{"q":"5","ac":36.0},"geometry":{"type":"Polygon","coordinates":[[[-106.848441,42.861817],[-106.843991,42.861759],[-106.84393,42.858146],[-106.848409,42.858231],[-106.848441,42.861817]]]}},{"type":"Feature","properties":{"q":"SWSE","ac":40.6},"geometry":{"type":"Polygon","coordinates":[[[-106.76008,42.792196],[-106.760093,42.795851],[-106.755143,42.795853],[-106.755121,42.792205],[-106.76008,42.792196]]]}},{"type":"Feature","properties":{"q":"SENE","ac":40.4},"geometry":{"type":"Polygon","coordinates":[[[-106.770049,42.814076],[-106.77499,42.814037],[-106.775006,42.817679],[-106.770067,42.817719],[-106.770049,42.814076]]]}},{"type":"Feature","properties":{"q":"NWSW","ac":40.4},"geometry":{"type":"Polygon","coordinates":[[[-106.765186,42.854087],[-106.770131,42.854085],[-106.770167,42.857732],[-106.765223,42.857723],[-106.765186,42.854087]]]}},{"type":"Feature","properties":{"q":"NWNE","ac":40.5},"geometry":{"type":"Polygon","coordinates":[[[-106.794868,42.832115],[-106.799821,42.832123],[-106.799846,42.835763],[-106.794896,42.835755],[-106.794868,42.832115]]]}},{"type":"Feature","properties":{"q":"SENE","ac":40.7},"geometry":{"type":"Polygon","coordinates":[[[-106.83415,42.861629],[-106.829229,42.861564],[-106.829133,42.857864],[-106.834066,42.857958],[-106.83415,42.861629]]]}},{"type":"Feature","properties":{"q":"11","ac":34.0},"geometry":{"type":"Polygon","coordinates":[[[-106.81393,42.782119],[-106.813829,42.778974],[-106.816089,42.778995],[-106.818716,42.77902],[-106.818843,42.782043],[-106.81393,42.782119]]]}},{"type":"Feature","properties":{"q":"8","ac":32.3},"geometry":{"type":"Polygon","coordinates":[[[-106.823851,42.781963],[-106.828859,42.781883],[-106.829251,42.78465],[-106.824122,42.784856],[-106.823851,42.781963]]]}},{"type":"Feature","properties":{"q":"11","ac":35.1},"geometry":{"type":"Polygon","coordinates":[[[-106.843312,42.782678],[-106.843407,42.786092],[-106.838723,42.785615],[-106.838514,42.782413],[-106.843312,42.782678]]]}},{"type":"Feature","properties":{"q":"SENW","ac":36.3},"geometry":{"type":"Polygon","coordinates":[[[-106.804206,42.785431],[-106.804313,42.788713],[-106.799412,42.788705],[-106.799297,42.785405],[-106.804206,42.785431]]]}},{"type":"Feature","properties":{"q":"NESE","ac":40.1},"geometry":{"type":"Polygon","coordinates":[[[-106.790005,42.839373],[-106.794939,42.839385],[-106.794982,42.843015],[-106.790065,42.843],[-106.790005,42.839373]]]}},{"type":"Feature","properties":{"q":"SESW","ac":40.9},"geometry":{"type":"Polygon","coordinates":[[[-106.824271,42.791895],[-106.824289,42.795579],[-106.819336,42.79561],[-106.819335,42.791935],[-106.824271,42.791895]]]}},{"type":"Feature","properties":{"q":"SWNE","ac":40.5},"geometry":{"type":"Polygon","coordinates":[[[-106.799796,42.828483],[-106.799821,42.832123],[-106.794868,42.832115],[-106.794839,42.828475],[-106.799796,42.828483]]]}},{"type":"Feature","properties":{"q":"SENW","ac":40.9},"geometry":{"type":"Polygon","coordinates":[[[-106.780097,42.857699],[-106.785062,42.857682],[-106.78502,42.861371],[-106.780071,42.861367],[-106.780097,42.857699]]]}},{"type":"Feature","properties":{"q":"NWSW","ac":39.6},"geometry":{"type":"Polygon","coordinates":[[[-106.829032,42.843158],[-106.82419,42.843133],[-106.824215,42.839504],[-106.829074,42.839505],[-106.829032,42.843158]]]}},{"type":"Feature","properties":{"q":"SENW","ac":39.7},"geometry":{"type":"Polygon","coordinates":[[[-106.818993,42.785062],[-106.824122,42.784856],[-106.824197,42.788376],[-106.819164,42.788499],[-106.818993,42.785062]]]}},{"type":"Feature","properties":{"q":"NESW","ac":39.4},"geometry":{"type":"Polygon","coordinates":[[[-106.819356,42.839503],[-106.824215,42.839504],[-106.82419,42.843133],[-106.819349,42.843108],[-106.819356,42.839503]]]}},{"type":"Feature","properties":{"q":"NWSE","ac":39.9},"geometry":{"type":"Polygon","coordinates":[[[-106.838867,42.843531],[-106.83395,42.843344],[-106.833974,42.839714],[-106.838874,42.839923],[-106.838867,42.843531]]]}},{"type":"Feature","properties":{"q":"NENE","ac":40.9},"geometry":{"type":"Polygon","coordinates":[[[-106.809397,42.803004],[-106.814368,42.802973],[-106.814383,42.806638],[-106.809426,42.806677],[-106.809397,42.803004]]]}},{"type":"Feature","properties":{"q":"SENW","ac":40.5},"geometry":{"type":"Polygon","coordinates":[[[-106.819402,42.857807],[-106.824268,42.857836],[-106.824333,42.861537],[-106.819436,42.86151],[-106.819402,42.857807]]]}},{"type":"Feature","properties":{"q":"1","ac":36.6},"geometry":{"type":"Polygon","coordinates":[[[-106.848349,42.85106],[-106.843808,42.85092],[-106.84379,42.847318],[-106.848317,42.847474],[-106.848349,42.85106]]]}},{"type":"Feature","properties":{"q":"SENW","ac":40.3},"geometry":{"type":"Polygon","coordinates":[[[-106.779945,42.81764],[-106.77993,42.813998],[-106.784855,42.813958],[-106.784876,42.8176],[-106.779945,42.81764]]]}},{"type":"Feature","properties":{"q":"NWSE","ac":40.4},"geometry":{"type":"Polygon","coordinates":[[[-106.799772,42.824846],[-106.799796,42.828483],[-106.794839,42.828475],[-106.794815,42.82484],[-106.799772,42.824846]]]}},{"type":"Feature","properties":{"q":"NESW","ac":40.4},"geometry":{"type":"Polygon","coordinates":[[[-106.779915,42.810346],[-106.784849,42.810303],[-106.784855,42.813958],[-106.77993,42.813998],[-106.779915,42.810346]]]}},{"type":"Feature","properties":{"q":"7","ac":33.7},"geometry":{"type":"Polygon","coordinates":[[[-106.818843,42.782043],[-106.823851,42.781963],[-106.824122,42.784856],[-106.818993,42.785062],[-106.818843,42.782043]]]}},{"type":"Feature","properties":{"q":"SENW","ac":40.1},"geometry":{"type":"Polygon","coordinates":[[[-106.76028,42.857714],[-106.765223,42.857723],[-106.765251,42.861346],[-106.760319,42.861332],[-106.76028,42.857714]]]}},{"type":"Feature","properties":{"q":"NENW","ac":40.4},"geometry":{"type":"Polygon","coordinates":[[[-106.779881,42.803051],[-106.784815,42.803],[-106.784844,42.806647],[-106.7799,42.806695],[-106.779881,42.803051]]]}},{"type":"Feature","properties":{"q":"3","ac":36.2},"geometry":{"type":"Polygon","coordinates":[[[-106.843766,42.840133],[-106.848278,42.840327],[-106.848285,42.843888],[-106.843771,42.843717],[-106.843766,42.840133]]]}},{"type":"Feature","properties":{"q":"SESW","ac":40.3},"geometry":{"type":"Polygon","coordinates":[[[-106.838854,42.850767],[-106.843808,42.85092],[-106.843869,42.854533],[-106.838927,42.85441],[-106.838854,42.850767]]]}},{"type":"Feature","properties":{"q":"SENW","ac":40.3},"geometry":{"type":"Polygon","coordinates":[[[-106.760107,42.799506],[-106.765059,42.799511],[-106.765066,42.803143],[-106.760121,42.803133],[-106.760107,42.799506]]]}},{"type":"Feature","properties":{"q":"SWSW","ac":40.3},"geometry":{"type":"Polygon","coordinates":[[[-106.78505,42.83939],[-106.785012,42.835758],[-106.789946,42.835747],[-106.790005,42.839373],[-106.78505,42.83939]]]}},{"type":"Feature","properties":{"q":"12","ac":35.3},"geometry":{"type":"Polygon","coordinates":[[[-106.808941,42.778929],[-106.811164,42.77895],[-106.813829,42.778974],[-106.81393,42.782119],[-106.809017,42.782195],[-106.808941,42.778929]]]}},{"type":"Feature","properties":{"q":"SWNE","ac":40.3},"geometry":{"type":"Polygon","coordinates":[[[-106.779881,42.803051],[-106.774947,42.803103],[-106.774936,42.799462],[-106.779863,42.799408],[-106.779881,42.803051]]]}},{"type":"Feature","properties":{"q":"NESE","ac":40.1},"geometry":{"type":"Polygon","coordinates":[[[-106.829074,42.839505],[-106.833974,42.839714],[-106.83395,42.843344],[-106.829032,42.843158],[-106.829074,42.839505]]]}},{"type":"Feature","properties":{"q":"SWNW","ac":40.2},"geometry":{"type":"Polygon","coordinates":[[[-106.765223,42.857723],[-106.770167,42.857732],[-106.770182,42.86136],[-106.765251,42.861346],[-106.765223,42.857723]]]}},{"type":"Feature","properties":{"q":"NENE","ac":39.8},"geometry":{"type":"Polygon","coordinates":[[[-106.790183,42.850253],[-106.790124,42.846627],[-106.795025,42.846645],[-106.795067,42.850275],[-106.790183,42.850253]]]}},{"type":"Feature","properties":{"q":"NWNE","ac":40.3},"geometry":{"type":"Polygon","coordinates":[[[-106.799625,42.806597],[-106.794706,42.806598],[-106.794675,42.802953],[-106.799601,42.802956],[-106.799625,42.806597]]]}},{"type":"Feature","properties":{"q":"SWNE","ac":40.4},"geometry":{"type":"Polygon","coordinates":[[[-106.814484,42.81392],[-106.819411,42.813907],[-106.819446,42.817567],[-106.814527,42.817571],[-106.814484,42.81392]]]}},{"type":"Feature","properties":{"q":"NWSW","ac":40.5},"geometry":{"type":"Polygon","coordinates":[[[-106.80475,42.82849],[-106.804726,42.824852],[-106.809681,42.824857],[-106.809703,42.828498],[-106.80475,42.82849]]]}},{"type":"Feature","properties":{"q":"SESE","ac":39.2},"geometry":{"type":"Polygon","coordinates":[[[-106.814548,42.839461],[-106.80974,42.839419],[-106.809746,42.835779],[-106.814554,42.835838],[-106.814548,42.839461]]]}},{"type":"Feature","properties":{"q":"NWNE","ac":40.6},"geometry":{"type":"Polygon","coordinates":[[[-106.775054,42.832189],[-106.780048,42.832153],[-106.780077,42.83577],[-106.775064,42.835808],[-106.775054,42.832189]]]}},{"type":"Feature","properties":{"q":"SESW","ac":36.4},"geometry":{"type":"Polygon","coordinates":[[[-106.779449,42.778584],[-106.781692,42.778609],[-106.784362,42.778639],[-106.784444,42.781946],[-106.779528,42.781868],[-106.779449,42.778584]]]}},{"type":"Feature","properties":{"q":"NESE","ac":40.4},"geometry":{"type":"Polygon","coordinates":[[[-106.770077,42.824982],[-106.775033,42.824946],[-106.775043,42.828569],[-106.770068,42.828603],[-106.770077,42.824982]]]}},{"type":"Feature","properties":{"q":"SWSE","ac":39.1},"geometry":{"type":"Polygon","coordinates":[[[-106.838902,42.825449],[-106.834089,42.825161],[-106.834106,42.821538],[-106.83891,42.821837],[-106.838902,42.825449]]]}},{"type":"Feature","properties":{"q":"SESW","ac":40.3},"geometry":{"type":"Polygon","coordinates":[[[-106.799846,42.835763],[-106.804796,42.835771],[-106.804806,42.839408],[-106.799873,42.839396],[-106.799846,42.835763]]]}},{"type":"Feature","properties":{"q":"NWSE","ac":40.7},"geometry":{"type":"Polygon","coordinates":[[[-106.79472,42.81026],[-106.799656,42.810262],[-106.799686,42.813926],[-106.794733,42.813923],[-106.79472,42.81026]]]}},{"type":"Feature","properties":{"q":"SENE","ac":40.3},"geometry":{"type":"Polygon","coordinates":[[[-106.774936,42.799462],[-106.774947,42.803103],[-106.770012,42.803154],[-106.77001,42.799516],[-106.774936,42.799462]]]}},{"type":"Feature","properties":{"q":"SWSE","ac":41.3},"geometry":{"type":"Polygon","coordinates":[[[-106.780149,42.850343],[-106.780123,42.854021],[-106.775127,42.854053],[-106.775122,42.85039],[-106.780149,42.850343]]]}},{"type":"Feature","properties":{"q":"NESW","ac":40.4},"geometry":{"type":"Polygon","coordinates":[[[-106.760159,42.810403],[-106.765095,42.810418],[-106.765116,42.814061],[-106.760183,42.814047],[-106.760159,42.810403]]]}},{"type":"Feature","properties":{"q":"NENW","ac":40.8},"geometry":{"type":"Polygon","coordinates":[[[-106.760196,42.846774],[-106.765127,42.846768],[-106.765148,42.850451],[-106.7602,42.850464],[-106.760196,42.846774]]]}},{"type":"Feature","properties":{"q":"SENE","ac":41.5},"geometry":{"type":"Polygon","coordinates":[[[-106.770021,42.843087],[-106.775067,42.843066],[-106.775094,42.846728],[-106.770058,42.846762],[-106.770021,42.843087]]]}},{"type":"Feature","properties":{"q":"NENE","ac":40.4},"geometry":{"type":"Polygon","coordinates":[[[-106.770012,42.803154],[-106.774947,42.803103],[-106.774957,42.806743],[-106.770013,42.806791],[-106.770012,42.803154]]]}},{"type":"Feature","properties":{"q":"NWSW","ac":41.1},"geometry":{"type":"Polygon","coordinates":[[[-106.824289,42.795579],[-106.829242,42.795548],[-106.829277,42.79924],[-106.824307,42.799263],[-106.824289,42.795579]]]}},{"type":"Feature","properties":{"q":"SWNW","ac":40.4},"geometry":{"type":"Polygon","coordinates":[[[-106.765059,42.799511],[-106.77001,42.799516],[-106.770012,42.803154],[-106.765066,42.803143],[-106.765059,42.799511]]]}},{"type":"Feature","properties":{"q":"SWSE","ac":44.2},"geometry":{"type":"Polygon","coordinates":[[[-106.83417,42.791882],[-106.839134,42.791909],[-106.839056,42.79599],[-106.834149,42.795769],[-106.83417,42.791882]]]}},{"type":"Feature","properties":{"q":"SWNE","ac":40.5},"geometry":{"type":"Polygon","coordinates":[[[-106.794733,42.813923],[-106.799686,42.813926],[-106.799717,42.817568],[-106.794762,42.817564],[-106.794733,42.813923]]]}},{"type":"Feature","properties":{"q":"NENW","ac":39.9},"geometry":{"type":"Polygon","coordinates":[[[-106.804837,42.850317],[-106.799952,42.850296],[-106.799926,42.846663],[-106.804827,42.846681],[-106.804837,42.850317]]]}},{"type":"Feature","properties":{"q":"SWSW","ac":40.1},"geometry":{"type":"Polygon","coordinates":[[[-106.809426,42.806677],[-106.809492,42.810305],[-106.804574,42.810283],[-106.804525,42.806637],[-106.809426,42.806677]]]}},{"type":"Feature","properties":{"q":"SWNE","ac":40.2},"geometry":{"type":"Polygon","coordinates":[[[-106.760183,42.814047],[-106.760208,42.817666],[-106.755263,42.81764],[-106.755221,42.814032],[-106.760183,42.814047]]]}},{"type":"Feature","properties":{"q":"NWNE","ac":38.7},"geometry":{"type":"Polygon","coordinates":[[[-106.77485,42.788612],[-106.779724,42.788634],[-106.779825,42.792116],[-106.774902,42.79217],[-106.77485,42.788612]]]}},{"type":"Feature","properties":{"q":"NWSE","ac":40.3},"geometry":{"type":"Polygon","coordinates":[[[-106.755295,42.824901],[-106.76022,42.824928],[-106.760207,42.82857],[-106.755285,42.828553],[-106.755295,42.824901]]]}},{"type":"Feature","properties":{"q":"SWNW","ac":40.6},"geometry":{"type":"Polygon","coordinates":[[[-106.765106,42.843086],[-106.770021,42.843087],[-106.770058,42.846762],[-106.765127,42.846768],[-106.765106,42.843086]]]}},{"type":"Feature","properties":{"q":"3","ac":41.1},"geometry":{"type":"Polygon","coordinates":[[[-106.780071,42.861367],[-106.78502,42.861371],[-106.784978,42.865096],[-106.780045,42.865066],[-106.780071,42.861367]]]}},{"type":"Feature","properties":{"q":"NESE","ac":40.8},"geometry":{"type":"Polygon","coordinates":[[[-106.770131,42.854085],[-106.775127,42.854053],[-106.775132,42.857715],[-106.770167,42.857732],[-106.770131,42.854085]]]}},{"type":"Feature","properties":{"q":"NENW","ac":36.2},"geometry":{"type":"Polygon","coordinates":[[[-106.799412,42.788705],[-106.804313,42.788713],[-106.80442,42.791995],[-106.799528,42.792005],[-106.799412,42.788705]]]}},{"type":"Feature","properties":{"q":"NENW","ac":40.9},"geometry":{"type":"Polygon","coordinates":[[[-106.780131,42.846693],[-106.785127,42.84666],[-106.785166,42.850298],[-106.780149,42.850343],[-106.780131,42.846693]]]}},{"type":"Feature","properties":{"q":"NWSE","ac":43.7},"geometry":{"type":"Polygon","coordinates":[[[-106.834128,42.799655],[-106.834149,42.795769],[-106.839056,42.79599],[-106.838979,42.800071],[-106.834128,42.799655]]]}},{"type":"Feature","properties":{"q":"SWSW","ac":40.6},"geometry":{"type":"Polygon","coordinates":[[[-106.769994,42.79587],[-106.765044,42.795861],[-106.765029,42.79221],[-106.769978,42.792224],[-106.769994,42.79587]]]}},{"type":"Feature","properties":{"q":"NWNW","ac":40.5},"geometry":{"type":"Polygon","coordinates":[[[-106.764994,42.788581],[-106.769975,42.78859],[-106.769978,42.792224],[-106.765029,42.79221],[-106.764994,42.788581]]]}},{"type":"Feature","properties":{"q":"SWSE","ac":40.5},"geometry":{"type":"Polygon","coordinates":[[[-106.814383,42.806638],[-106.819341,42.806599],[-106.819376,42.810253],[-106.814434,42.810279],[-106.814383,42.806638]]]}},{"type":"Feature","properties":{"q":"SWNE","ac":39.3},"geometry":{"type":"Polygon","coordinates":[[[-106.819349,42.843108],[-106.819342,42.846755],[-106.814535,42.846727],[-106.814541,42.843084],[-106.819349,42.843108]]]}},{"type":"Feature","properties":{"q":"SWNE","ac":39.4},"geometry":{"type":"Polygon","coordinates":[[[-106.834128,42.799655],[-106.838979,42.800071],[-106.838911,42.803682],[-106.834088,42.803281],[-106.834128,42.799655]]]}},{"type":"Feature","properties":{"q":"NWNW","ac":39.4},"geometry":{"type":"Polygon","coordinates":[[[-106.828947,42.850462],[-106.824141,42.850432],[-106.824165,42.846782],[-106.828989,42.84681],[-106.828947,42.850462]]]}},{"type":"Feature","properties":{"q":"SWSW","ac":41.0},"geometry":{"type":"Polygon","coordinates":[[[-106.829207,42.791856],[-106.829242,42.795548],[-106.824289,42.795579],[-106.824271,42.791895],[-106.829207,42.791856]]]}},{"type":"Feature","properties":{"q":"SWSE","ac":40.5},"geometry":{"type":"Polygon","coordinates":[[[-106.79472,42.81026],[-106.794706,42.806598],[-106.799625,42.806597],[-106.799656,42.810262],[-106.79472,42.81026]]]}},{"type":"Feature","properties":{"q":"NESE","ac":40.4},"geometry":{"type":"Polygon","coordinates":[[[-106.750335,42.854052],[-106.755287,42.854071],[-106.755336,42.857705],[-106.750393,42.857696],[-106.750335,42.854052]]]}},{"type":"Feature","properties":{"q":"SESE","ac":40.4},"geometry":{"type":"Polygon","coordinates":[[[-106.755197,42.8104],[-106.750236,42.810397],[-106.750213,42.806778],[-106.755173,42.806769],[-106.755197,42.8104]]]}},{"type":"Feature","properties":{"q":"SWNW","ac":40.6},"geometry":{"type":"Polygon","coordinates":[[[-106.750354,42.832199],[-106.745408,42.832203],[-106.745411,42.828555],[-106.750362,42.828536],[-106.750354,42.832199]]]}},{"type":"Feature","properties":{"q":"SENW","ac":39.9},"geometry":{"type":"Polygon","coordinates":[[[-106.74524,42.785029],[-106.745258,42.788643],[-106.740344,42.788711],[-106.740296,42.785125],[-106.74524,42.785029]]]}},{"type":"Feature","properties":{"q":"NENE","ac":40.0},"geometry":{"type":"Polygon","coordinates":[[[-106.730527,42.82138],[-106.73052,42.817786],[-106.735471,42.817743],[-106.73549,42.821337],[-106.730527,42.82138]]]}},{"type":"Feature","properties":{"q":"NESE","ac":36.5},"geometry":{"type":"Polygon","coordinates":[[[-106.754993,42.781628],[-106.755065,42.784939],[-106.750184,42.784933],[-106.7501,42.781598],[-106.754993,42.781628]]]}},{"type":"Feature","properties":{"q":"SWNW","ac":40.1},"geometry":{"type":"Polygon","coordinates":[[[-106.750218,42.803136],[-106.745281,42.803168],[-106.745291,42.799575],[-106.750223,42.799495],[-106.750218,42.803136]]]}},{"type":"Feature","properties":{"q":"SWNE","ac":40.7},"geometry":{"type":"Polygon","coordinates":[[[-106.735542,42.843043],[-106.740501,42.843056],[-106.740519,42.846721],[-106.735551,42.846686],[-106.735542,42.843043]]]}},{"type":"Feature","properties":{"q":"NENE","ac":39.6},"geometry":{"type":"Polygon","coordinates":[[[-106.730478,42.806983],[-106.730444,42.8034],[-106.735394,42.8033],[-106.735404,42.806863],[-106.730478,42.806983]]]}},{"type":"Feature","properties":{"q":"NWNW","ac":40.6},"geometry":{"type":"Polygon","coordinates":[[[-106.750354,42.832199],[-106.750345,42.835862],[-106.745405,42.835851],[-106.745408,42.832203],[-106.750354,42.832199]]]}},{"type":"Feature","properties":{"q":"SWNW","ac":39.9},"geometry":{"type":"Polygon","coordinates":[[[-106.745325,42.81406],[-106.750258,42.814016],[-106.750319,42.817614],[-106.745371,42.817657],[-106.745325,42.81406]]]}},{"type":"Feature","properties":{"q":"NWSE","ac":40.9},"geometry":{"type":"Polygon","coordinates":[[[-106.740375,42.795976],[-106.74036,42.799656],[-106.735385,42.799736],[-106.735376,42.796105],[-106.740375,42.795976]]]}},{"type":"Feature","properties":{"q":"SWNW","ac":40.3},"geometry":{"type":"Polygon","coordinates":[[[-106.745418,42.843069],[-106.750336,42.843082],[-106.750306,42.846745],[-106.745412,42.846733],[-106.745418,42.843069]]]}},{"type":"Feature","properties":{"q":"3","ac":39.9},"geometry":{"type":"Polygon","coordinates":[[[-106.745481,42.861252],[-106.745494,42.864839],[-106.740546,42.864798],[-106.740544,42.861195],[-106.745481,42.861252]]]}},{"type":"Feature","properties":{"q":"NWNE","ac":40.8},"geometry":{"type":"Polygon","coordinates":[[[-106.740519,42.846721],[-106.740537,42.850386],[-106.735561,42.850329],[-106.735551,42.846686],[-106.740519,42.846721]]]}},{"type":"Feature","properties":{"q":"SESE","ac":40.0},"geometry":{"type":"Polygon","coordinates":[[[-106.730585,42.850272],[-106.735561,42.850329],[-106.735568,42.853918],[-106.730597,42.853858],[-106.730585,42.850272]]]}},{"type":"Feature","properties":{"q":"NESW","ac":38.2},"geometry":{"type":"Polygon","coordinates":[[[-106.745175,42.78162],[-106.74524,42.785029],[-106.740296,42.785125],[-106.740251,42.781641],[-106.745175,42.78162]]]}},{"type":"Feature","properties":{"q":"NWNE","ac":40.2},"geometry":{"type":"Polygon","coordinates":[[[-106.735517,42.83221],[-106.740462,42.832207],[-106.740465,42.835841],[-106.735524,42.83583],[-106.735517,42.83221]]]}},{"type":"Feature","properties":{"q":"SWNW","ac":40.0},"geometry":{"type":"Polygon","coordinates":[[[-106.745467,42.857633],[-106.750393,42.857696],[-106.750417,42.861309],[-106.745481,42.861252],[-106.745467,42.857633]]]}},{"type":"Feature","properties":{"q":"SESE","ac":40.6},"geometry":{"type":"Polygon","coordinates":[[[-106.735367,42.792474],[-106.735376,42.796105],[-106.730377,42.796234],[-106.730343,42.792651],[-106.735367,42.792474]]]}},{"type":"Feature","properties":{"q":"NENE","ac":40.5},"geometry":{"type":"Polygon","coordinates":[[[-106.750218,42.803136],[-106.755169,42.803135],[-106.755173,42.806769],[-106.750213,42.806778],[-106.750218,42.803136]]]}},{"type":"Feature","properties":{"q":"NWSE","ac":40.6},"geometry":{"type":"Polygon","coordinates":[[[-106.735428,42.810505],[-106.740361,42.810423],[-106.740392,42.814104],[-106.735453,42.814148],[-106.735428,42.810505]]]}},{"type":"Feature","properties":{"q":"SWSE","ac":40.4},"geometry":{"type":"Polygon","coordinates":[[[-106.755239,42.850436],[-106.7602,42.850464],[-106.76024,42.854089],[-106.755287,42.854071],[-106.755239,42.850436]]]}},{"type":"Feature","properties":{"q":"NWSE","ac":40.4},"geometry":{"type":"Polygon","coordinates":[[[-106.7355,42.824964],[-106.740456,42.824934],[-106.740459,42.828573],[-106.73551,42.828591],[-106.7355,42.824964]]]}},{"type":"Feature","properties":{"q":"SENE","ac":40.4},"geometry":{"type":"Polygon","coordinates":[[[-106.755165,42.7995],[-106.755169,42.803135],[-106.750218,42.803136],[-106.750223,42.799495],[-106.755165,42.7995]]]}},{"type":"Feature","properties":{"q":"NESW","ac":39.7},"geometry":{"type":"Polygon","coordinates":[[[-106.740539,42.853978],[-106.745437,42.854015],[-106.745467,42.857633],[-106.740542,42.857571],[-106.740539,42.853978]]]}},{"type":"Feature","properties":{"q":"NWNE","ac":40.5},"geometry":{"type":"Polygon","coordinates":[[[-106.740344,42.788711],[-106.740391,42.792297],[-106.735367,42.792474],[-106.735364,42.788847],[-106.740344,42.788711]]]}},{"type":"Feature","properties":{"q":"NENW","ac":39.6},"geometry":{"type":"Polygon","coordinates":[[[-106.745281,42.803168],[-106.745271,42.80676],[-106.740329,42.806742],[-106.740344,42.803199],[-106.745281,42.803168]]]}},{"type":"Feature","properties":{"q":"NWSE","ac":40.0},"geometry":{"type":"Polygon","coordinates":[[[-106.735568,42.853918],[-106.740539,42.853978],[-106.740542,42.857571],[-106.735575,42.857507],[-106.735568,42.853918]]]}},{"type":"Feature","properties":{"q":"SENW","ac":39.9},"geometry":{"type":"Polygon","coordinates":[[[-106.745325,42.81406],[-106.745371,42.817657],[-106.740423,42.8177],[-106.740392,42.814104],[-106.745325,42.81406]]]}},{"type":"Feature","properties":{"q":"SWSW","ac":39.8},"geometry":{"type":"Polygon","coordinates":[[[-106.745407,42.850397],[-106.750277,42.850409],[-106.750335,42.854052],[-106.745437,42.854015],[-106.745407,42.850397]]]}},{"type":"Feature","properties":{"q":"NENW","ac":39.6},"geometry":{"type":"Polygon","coordinates":[[[-106.740344,42.788711],[-106.745258,42.788643],[-106.745276,42.792256],[-106.740391,42.792297],[-106.740344,42.788711]]]}},{"type":"Feature","properties":{"q":"NENW","ac":40.0},"geometry":{"type":"Polygon","coordinates":[[[-106.745371,42.817657],[-106.745416,42.821253],[-106.740453,42.821295],[-106.740423,42.8177],[-106.745371,42.817657]]]}},{"type":"Feature","properties":{"q":"SENW","ac":40.3},"geometry":{"type":"Polygon","coordinates":[[[-106.740501,42.843056],[-106.745418,42.843069],[-106.745412,42.846733],[-106.740519,42.846721],[-106.740501,42.843056]]]}},{"type":"Feature","properties":{"q":"SENE","ac":39.9},"geometry":{"type":"Polygon","coordinates":[[[-106.735453,42.814148],[-106.735471,42.817743],[-106.73052,42.817786],[-106.730514,42.814191],[-106.735453,42.814148]]]}},{"type":"Feature","properties":{"q":"SESW","ac":40.6},"geometry":{"type":"Polygon","coordinates":[[[-106.740456,42.824934],[-106.740453,42.821295],[-106.745416,42.821253],[-106.745414,42.824904],[-106.740456,42.824934]]]}},{"type":"Feature","properties":{"q":"SWNE","ac":40.1},"geometry":{"type":"Polygon","coordinates":[[[-106.755336,42.857705],[-106.76028,42.857714],[-106.760319,42.861332],[-106.755368,42.861321],[-106.755336,42.857705]]]}},{"type":"Feature","properties":{"q":"SENE","ac":40.5},"geometry":{"type":"Polygon","coordinates":[[[-106.755285,42.828553],[-106.755274,42.832219],[-106.750354,42.832199],[-106.750362,42.828536],[-106.755285,42.828553]]]}},{"type":"Feature","properties":{"q":"SENE","ac":40.6},"geometry":{"type":"Polygon","coordinates":[[[-106.730609,42.857444],[-106.735575,42.857507],[-106.735579,42.861144],[-106.730615,42.861092],[-106.730609,42.857444]]]}},{"type":"Feature","properties":{"q":"1","ac":36.6},"geometry":{"type":"Polygon","coordinates":[[[-106.750026,42.778263],[-106.752212,42.778287],[-106.754931,42.778318],[-106.754993,42.781628],[-106.7501,42.781598],[-106.750026,42.778263]]]}},{"type":"Feature","properties":{"q":"NESE","ac":40.4},"geometry":{"type":"Polygon","coordinates":[[[-106.755197,42.8104],[-106.755221,42.814032],[-106.750258,42.814016],[-106.750236,42.810397],[-106.755197,42.8104]]]}},{"type":"Feature","properties":{"q":"NWSW","ac":40.7},"geometry":{"type":"Polygon","coordinates":[[[-106.750371,42.824874],[-106.750362,42.828536],[-106.745411,42.828555],[-106.745414,42.824904],[-106.750371,42.824874]]]}},{"type":"Feature","properties":{"q":"NENW","ac":40.4},"geometry":{"type":"Polygon","coordinates":[[[-106.740462,42.832207],[-106.745408,42.832203],[-106.745405,42.835851],[-106.740465,42.835841],[-106.740462,42.832207]]]}},{"type":"Feature","properties":{"q":"NWNE","ac":40.5},"geometry":{"type":"Polygon","coordinates":[[[-106.760182,42.835905],[-106.755264,42.835884],[-106.755274,42.832219],[-106.760195,42.832238],[-106.760182,42.835905]]]}},{"type":"Feature","properties":{"q":"2","ac":40.0},"geometry":{"type":"Polygon","coordinates":[[[-106.7554,42.864908],[-106.755368,42.861321],[-106.760319,42.861332],[-106.760359,42.864937],[-106.7554,42.864908]]]}},{"type":"Feature","properties":{"q":"SWSW","ac":40.3},"geometry":{"type":"Polygon","coordinates":[[[-106.745271,42.80676],[-106.750213,42.806778],[-106.750236,42.810397],[-106.745298,42.81041],[-106.745271,42.80676]]]}},{"type":"Feature","properties":{"q":"SENE","ac":40.0},"geometry":{"type":"Polygon","coordinates":[[[-106.750184,42.784933],[-106.755065,42.784939],[-106.755093,42.788572],[-106.750173,42.788574],[-106.750184,42.784933]]]}},{"type":"Feature","properties":{"q":"NWSE","ac":40.1},"geometry":{"type":"Polygon","coordinates":[[[-106.740483,42.839448],[-106.740501,42.843056],[-106.735542,42.843043],[-106.735533,42.839436],[-106.740483,42.839448]]]}},{"type":"Feature","properties":{"q":"SWNE","ac":40.4},"geometry":{"type":"Polygon","coordinates":[[[-106.740542,42.857571],[-106.740544,42.861195],[-106.735579,42.861144],[-106.735575,42.857507],[-106.740542,42.857571]]]}},{"type":"Feature","properties":{"q":"SENE","ac":40.1},"geometry":{"type":"Polygon","coordinates":[[[-106.73551,42.828591],[-106.735517,42.83221],[-106.730573,42.832214],[-106.730561,42.828608],[-106.73551,42.828591]]]}},{"type":"Feature","properties":{"q":"SESE","ac":40.0},"geometry":{"type":"Polygon","coordinates":[[[-106.735524,42.83583],[-106.735533,42.839436],[-106.730584,42.839424],[-106.730584,42.835819],[-106.735524,42.83583]]]}},{"type":"Feature","properties":{"q":"NENE","ac":40.5},"geometry":{"type":"Polygon","coordinates":[[[-106.750354,42.832199],[-106.755274,42.832219],[-106.755264,42.835884],[-106.750345,42.835862],[-106.750354,42.832199]]]}},{"type":"Feature","properties":{"q":"SENW","ac":40.1},"geometry":{"type":"Polygon","coordinates":[[[-106.740542,42.857571],[-106.745467,42.857633],[-106.745481,42.861252],[-106.740544,42.861195],[-106.740542,42.857571]]]}},{"type":"Feature","properties":{"q":"NWNW","ac":40.1},"geometry":{"type":"Polygon","coordinates":[[[-106.745407,42.850397],[-106.745412,42.846733],[-106.750306,42.846745],[-106.750277,42.850409],[-106.745407,42.850397]]]}},{"type":"Feature","properties":{"q":"NWSW","ac":37.4},"geometry":{"type":"Polygon","coordinates":[[[-106.750184,42.784933],[-106.74524,42.785029],[-106.745175,42.78162],[-106.7501,42.781598],[-106.750184,42.784933]]]}},{"type":"Feature","properties":{"q":"SESE","ac":40.3},"geometry":{"type":"Polygon","coordinates":[[[-106.730527,42.82138],[-106.73549,42.821337],[-106.7355,42.824964],[-106.730544,42.824994],[-106.730527,42.82138]]]}},{"type":"Feature","properties":{"q":"SWSE","ac":40.5},"geometry":{"type":"Polygon","coordinates":[[[-106.735428,42.810505],[-106.735404,42.806863],[-106.740329,42.806742],[-106.740361,42.810423],[-106.735428,42.810505]]]}},{"type":"Feature","properties":{"q":"NENE","ac":40.8},"geometry":{"type":"Polygon","coordinates":[[[-106.750277,42.850409],[-106.750306,42.846745],[-106.755251,42.84676],[-106.755239,42.850436],[-106.750277,42.850409]]]}},{"type":"Feature","properties":{"q":"SWNE","ac":40.3},"geometry":{"type":"Polygon","coordinates":[[[-106.740459,42.828573],[-106.740462,42.832207],[-106.735517,42.83221],[-106.73551,42.828591],[-106.740459,42.828573]]]}},{"type":"Feature","properties":{"q":"2","ac":40.2},"geometry":{"type":"Polygon","coordinates":[[[-106.735579,42.861144],[-106.740544,42.861195],[-106.740546,42.864798],[-106.735584,42.864769],[-106.735579,42.861144]]]}},{"type":"Feature","properties":{"q":"4","ac":39.7},"geometry":{"type":"Polygon","coordinates":[[[-106.750417,42.861309],[-106.750442,42.864879],[-106.745494,42.864839],[-106.745481,42.861252],[-106.750417,42.861309]]]}},{"type":"Feature","properties":{"q":"NWNW","ac":40.1},"geometry":{"type":"Polygon","coordinates":[[[-106.745281,42.803168],[-106.750218,42.803136],[-106.750213,42.806778],[-106.745271,42.80676],[-106.745281,42.803168]]]}},{"type":"Feature","properties":{"q":"SESW","ac":39.5},"geometry":{"type":"Polygon","coordinates":[[[-106.740537,42.850386],[-106.745407,42.850397],[-106.745437,42.854015],[-106.740539,42.853978],[-106.740537,42.850386]]]}},{"type":"Feature","properties":{"q":"NESE","ac":39.7},"geometry":{"type":"Polygon","coordinates":[[[-106.730424,42.781695],[-106.735337,42.781668],[-106.735362,42.785221],[-106.730427,42.785316],[-106.730424,42.781695]]]}},{"type":"Feature","properties":{"q":"SWNE","ac":40.2},"geometry":{"type":"Polygon","coordinates":[[[-106.735364,42.788847],[-106.735362,42.785221],[-106.740296,42.785125],[-106.740344,42.788711],[-106.735364,42.788847]]]}},{"type":"Feature","properties":{"q":"NWSW","ac":40.3},"geometry":{"type":"Polygon","coordinates":[[[-106.750236,42.810397],[-106.750258,42.814016],[-106.745325,42.81406],[-106.745298,42.81041],[-106.750236,42.810397]]]}},{"type":"Feature","properties":{"q":"NESE","ac":40.1},"geometry":{"type":"Polygon","coordinates":[[[-106.735542,42.843043],[-106.730583,42.843029],[-106.730584,42.839424],[-106.735533,42.839436],[-106.735542,42.843043]]]}},{"type":"Feature","properties":{"q":"SENE","ac":40.7},"geometry":{"type":"Polygon","coordinates":[[[-106.750336,42.843082],[-106.755263,42.843084],[-106.755251,42.84676],[-106.750306,42.846745],[-106.750336,42.843082]]]}},{"type":"Feature","properties":{"q":"NWNE","ac":40.9},"geometry":{"type":"Polygon","coordinates":[[[-106.755239,42.850436],[-106.755251,42.84676],[-106.760196,42.846774],[-106.7602,42.850464],[-106.755239,42.850436]]]}},{"type":"Feature","properties":{"q":"NWNW","ac":39.9},"geometry":{"type":"Polygon","coordinates":[[[-106.745258,42.788643],[-106.750173,42.788574],[-106.750162,42.792215],[-106.745276,42.792256],[-106.745258,42.788643]]]}},{"type":"Feature","properties":{"q":"NWNW","ac":40.0},"geometry":{"type":"Polygon","coordinates":[[[-106.745371,42.817657],[-106.750319,42.817614],[-106.75038,42.821211],[-106.745416,42.821253],[-106.745371,42.817657]]]}},{"type":"Feature","properties":{"q":"NESE","ac":40.5},"geometry":{"type":"Polygon","coordinates":[[[-106.750192,42.795855],[-106.755143,42.795853],[-106.755165,42.7995],[-106.750223,42.799495],[-106.750192,42.795855]]]}},{"type":"Feature","properties":{"q":"SESE","ac":40.5},"geometry":{"type":"Polygon","coordinates":[[[-106.755121,42.792205],[-106.755143,42.795853],[-106.750192,42.795855],[-106.750162,42.792215],[-106.755121,42.792205]]]}},{"type":"Feature","properties":{"q":"SENE","ac":40.1},"geometry":{"type":"Polygon","coordinates":[[[-106.750258,42.814016],[-106.755221,42.814032],[-106.755263,42.81764],[-106.750319,42.817614],[-106.750258,42.814016]]]}},{"type":"Feature","properties":{"q":"1","ac":39.8},"geometry":{"type":"Polygon","coordinates":[[[-106.750417,42.861309],[-106.755368,42.861321],[-106.7554,42.864908],[-106.750442,42.864879],[-106.750417,42.861309]]]}},{"type":"Feature","properties":{"q":"NESW","ac":40.5},"geometry":{"type":"Polygon","coordinates":[[[-106.740375,42.795976],[-106.745284,42.795916],[-106.745291,42.799575],[-106.74036,42.799656],[-106.740375,42.795976]]]}},{"type":"Feature","properties":{"q":"NWSE","ac":39.7},"geometry":{"type":"Polygon","coordinates":[[[-106.755263,42.843084],[-106.755263,42.839484],[-106.760187,42.839495],[-106.760191,42.843085],[-106.755263,42.843084]]]}},{"type":"Feature","properties":{"q":"SWSE","ac":41.1},"geometry":{"type":"Polygon","coordinates":[[[-106.740391,42.792297],[-106.740375,42.795976],[-106.735376,42.796105],[-106.735367,42.792474],[-106.740391,42.792297]]]}},{"type":"Feature","properties":{"q":"SWSW","ac":40.1},"geometry":{"type":"Polygon","coordinates":[[[-106.745276,42.792256],[-106.750162,42.792215],[-106.750192,42.795855],[-106.745284,42.795916],[-106.745276,42.792256]]]}},{"type":"Feature","properties":{"q":"NWSW","ac":40.0},"geometry":{"type":"Polygon","coordinates":[[[-106.745437,42.854015],[-106.750335,42.854052],[-106.750393,42.857696],[-106.745467,42.857633],[-106.745437,42.854015]]]}},{"type":"Feature","properties":{"q":"NESW","ac":39.9},"geometry":{"type":"Polygon","coordinates":[[[-106.740483,42.839448],[-106.745411,42.83946],[-106.745418,42.843069],[-106.740501,42.843056],[-106.740483,42.839448]]]}},{"type":"Feature","properties":{"q":"NESE","ac":40.0},"geometry":{"type":"Polygon","coordinates":[[[-106.730597,42.853858],[-106.735568,42.853918],[-106.735575,42.857507],[-106.730609,42.857444],[-106.730597,42.853858]]]}},{"type":"Feature","properties":{"q":"SWNE","ac":39.6},"geometry":{"type":"Polygon","coordinates":[[[-106.74036,42.799656],[-106.740344,42.803199],[-106.735394,42.8033],[-106.735385,42.799736],[-106.74036,42.799656]]]}},{"type":"Feature","properties":{"q":"SENW","ac":40.4},"geometry":{"type":"Polygon","coordinates":[[[-106.740459,42.828573],[-106.745411,42.828555],[-106.745408,42.832203],[-106.740462,42.832207],[-106.740459,42.828573]]]}},{"type":"Feature","properties":{"q":"SENE","ac":39.8},"geometry":{"type":"Polygon","coordinates":[[[-106.735385,42.799736],[-106.735394,42.8033],[-106.730444,42.8034],[-106.730411,42.799817],[-106.735385,42.799736]]]}},{"type":"Feature","properties":{"q":"SENW","ac":39.5},"geometry":{"type":"Polygon","coordinates":[[[-106.745291,42.799575],[-106.745281,42.803168],[-106.740344,42.803199],[-106.74036,42.799656],[-106.745291,42.799575]]]}},{"type":"Feature","properties":{"q":"SWNE","ac":39.9},"geometry":{"type":"Polygon","coordinates":[[[-106.735453,42.814148],[-106.740392,42.814104],[-106.740423,42.8177],[-106.735471,42.817743],[-106.735453,42.814148]]]}},{"type":"Feature","properties":{"q":"NWNE","ac":40.0},"geometry":{"type":"Polygon","coordinates":[[[-106.735471,42.817743],[-106.740423,42.8177],[-106.740453,42.821295],[-106.73549,42.821337],[-106.735471,42.817743]]]}},{"type":"Feature","properties":{"q":"NENE","ac":40.1},"geometry":{"type":"Polygon","coordinates":[[[-106.730573,42.832214],[-106.735517,42.83221],[-106.735524,42.83583],[-106.730584,42.835819],[-106.730573,42.832214]]]}},{"type":"Feature","properties":{"q":"SWSE","ac":39.7},"geometry":{"type":"Polygon","coordinates":[[[-106.755263,42.839484],[-106.755264,42.835884],[-106.760182,42.835905],[-106.760187,42.839495],[-106.755263,42.839484]]]}},{"type":"Feature","properties":{"q":"NENW","ac":40.1},"geometry":{"type":"Polygon","coordinates":[[[-106.740519,42.846721],[-106.745412,42.846733],[-106.745407,42.850397],[-106.740537,42.850386],[-106.740519,42.846721]]]}},{"type":"Feature","properties":{"q":"SWSE","ac":40.4},"geometry":{"type":"Polygon","coordinates":[[[-106.7355,42.824964],[-106.73549,42.821337],[-106.740453,42.821295],[-106.740456,42.824934],[-106.7355,42.824964]]]}},{"type":"Feature","properties":{"q":"SESE","ac":40.5},"geometry":{"type":"Polygon","coordinates":[[[-106.755287,42.854071],[-106.750335,42.854052],[-106.750277,42.850409],[-106.755239,42.850436],[-106.755287,42.854071]]]}},{"type":"Feature","properties":{"q":"SESE","ac":40.1},"geometry":{"type":"Polygon","coordinates":[[[-106.735428,42.810505],[-106.730496,42.810587],[-106.730478,42.806983],[-106.735404,42.806863],[-106.735428,42.810505]]]}},{"type":"Feature","properties":{"q":"NWSE","ac":38.9},"geometry":{"type":"Polygon","coordinates":[[[-106.735362,42.785221],[-106.735337,42.781668],[-106.740251,42.781641],[-106.740296,42.785125],[-106.735362,42.785221]]]}},{"type":"Feature","properties":{"q":"NENE","ac":39.9},"geometry":{"type":"Polygon","coordinates":[[[-106.750319,42.817614],[-106.755263,42.81764],[-106.755306,42.821248],[-106.75038,42.821211],[-106.750319,42.817614]]]}},{"type":"Feature","properties":{"q":"SENE","ac":40.1},"geometry":{"type":"Polygon","coordinates":[[[-106.750393,42.857696],[-106.755336,42.857705],[-106.755368,42.861321],[-106.750417,42.861309],[-106.750393,42.857696]]]}},{"type":"Feature","properties":{"q":"1","ac":41.6},"geometry":{"type":"Polygon","coordinates":[[[-106.834236,42.865377],[-106.829327,42.865368],[-106.829229,42.861564],[-106.83415,42.861629],[-106.834236,42.865377]]]}},{"type":"Feature","properties":{"q":"4","ac":35.9},"geometry":{"type":"Polygon","coordinates":[[[-106.843991,42.861759],[-106.848441,42.861817],[-106.848472,42.865404],[-106.844053,42.865395],[-106.843991,42.861759]]]}},{"type":"Feature","properties":{"q":"2","ac":41.0},"geometry":{"type":"Polygon","coordinates":[[[-106.83415,42.861629],[-106.839071,42.861694],[-106.839144,42.865385],[-106.834236,42.865377],[-106.83415,42.861629]]]}},{"type":"Feature","properties":{"q":"4","ac":41.9},"geometry":{"type":"Polygon","coordinates":[[[-106.829229,42.861564],[-106.829327,42.865368],[-106.824399,42.865333],[-106.824333,42.861537],[-106.829229,42.861564]]]}},{"type":"Feature","properties":{"q":"3","ac":41.8},"geometry":{"type":"Polygon","coordinates":[[[-106.824333,42.861537],[-106.824399,42.865333],[-106.819471,42.865298],[-106.819436,42.86151],[-106.824333,42.861537]]]}},{"type":"Feature","properties":{"q":"2","ac":41.7},"geometry":{"type":"Polygon","coordinates":[[[-106.814538,42.861483],[-106.819436,42.86151],[-106.819471,42.865298],[-106.814542,42.865263],[-106.814538,42.861483]]]}},{"type":"Feature","properties":{"q":"3","ac":40.4},"geometry":{"type":"Polygon","coordinates":[[[-106.839071,42.861694],[-106.843991,42.861759],[-106.844053,42.865395],[-106.839144,42.865385],[-106.839071,42.861694]]]}}]}